canonical_observation_id,source_id,outer_fold,actual_seconds,predicted_seconds,absolute_error_seconds,target_used_for_features,selected_degree
mali_real_qpu|row0,mali_real_qpu,3,8.546002119,8.853964812624977,0.30796269362497597,False,3
mali_real_qpu|row103,mali_real_qpu,3,5.792282395333333,6.599951553724831,0.8076691583914979,False,3
mali_real_qpu|row108,mali_real_qpu,3,8.352589050666667,8.380346900211052,0.027757849544384428,False,3
mali_real_qpu|row126,mali_real_qpu,3,6.739594074999999,6.91936595384939,0.17977187884939028,False,3
mali_real_qpu|row129,mali_real_qpu,3,10.436884840666666,9.960937403779067,0.47594743688759955,False,3
mali_real_qpu|row133,mali_real_qpu,3,7.940607039333333,7.639081392592488,0.3015256467408447,False,3
mali_real_qpu|row134,mali_real_qpu,3,9.550661005333332,9.230752737945728,0.3199082673876035,False,3
mali_real_qpu|row135,mali_real_qpu,3,9.319189414,9.008628671629957,0.3105607423700434,False,3
mali_real_qpu|row136,mali_real_qpu,3,7.184249521000001,7.417760049998731,0.23351052899873004,False,3
mali_real_qpu|row137,mali_real_qpu,3,5.753302527333333,6.67698473120267,0.9236822038693369,False,3
mali_real_qpu|row138,mali_real_qpu,3,8.334330482666667,7.950271912636767,0.3840585700299002,False,3
mali_real_qpu|row144,mali_real_qpu,3,10.305834982,9.909256189184894,0.3965787928151059,False,3
mali_real_qpu|row146,mali_real_qpu,3,8.765439264666666,8.046122124219368,0.7193171404472984,False,3
mali_real_qpu|row147,mali_real_qpu,3,8.40298557,8.715778766642025,0.31279319664202454,False,3
mali_real_qpu|row148,mali_real_qpu,3,8.561718018666665,8.48756332281067,0.0741546958559951,False,3
mali_real_qpu|row153,mali_real_qpu,3,10.067446135666666,10.382840719734823,0.3153945840681569,False,3
mali_real_qpu|row155,mali_real_qpu,3,11.044638785333332,10.58889898565105,0.4557397996822825,False,3
mali_real_qpu|row158,mali_real_qpu,3,4.284129339333333,4.6534860701109775,0.3693567307776444,False,3
mali_real_qpu|row16,mali_real_qpu,3,8.061476373333335,7.950271912636767,0.11120446069656786,False,3
mali_real_qpu|row164,mali_real_qpu,3,6.627926535666666,7.360413425196535,0.7324868895298691,False,3
mali_real_qpu|row176,mali_real_qpu,3,10.441375048,10.17348901642583,0.2678860315741698,False,3
mali_real_qpu|row186,mali_real_qpu,3,4.202860153333334,4.2232012568949155,0.020341103561581697,False,3
mali_real_qpu|row191,mali_real_qpu,3,8.759366415666667,8.792595530696946,0.03322911503027903,False,3
mali_real_qpu|row193,mali_real_qpu,3,9.971929637666664,8.270046622774766,1.701883014891898,False,3
mali_real_qpu|row196,mali_real_qpu,3,11.181028272666666,9.98015954547774,1.2008687271889258,False,3
mali_real_qpu|row197,mali_real_qpu,3,11.516551934666666,10.205103000037662,1.311448934629004,False,3
mali_real_qpu|row2,mali_real_qpu,3,8.893606708666667,8.270046622774766,0.623560085891901,False,3
mali_real_qpu|row202,mali_real_qpu,3,8.322182765333332,7.950271912636767,0.37191085269656554,False,3
mali_real_qpu|row211,mali_real_qpu,3,6.844094074,7.090255868871579,0.24616179487157908,False,3
mali_real_qpu|row214,mali_real_qpu,3,8.780554115,9.354094056354384,0.5735399413543849,False,3
mali_real_qpu|row219,mali_real_qpu,3,6.548132050666666,7.003885963244025,0.4557539125773591,False,3
mali_real_qpu|row223,mali_real_qpu,3,7.818296871333332,7.7463106548934375,0.07198621643989433,False,3
mali_real_qpu|row233,mali_real_qpu,3,9.049002081333333,8.49251194919996,0.5564901321333728,False,3
mali_real_qpu|row234,mali_real_qpu,3,10.861695675,10.304289253353442,0.557406421646558,False,3
mali_real_qpu|row236,mali_real_qpu,3,8.519939900333332,8.380346900211052,0.1395930001222805,False,3
mali_real_qpu|row241,mali_real_qpu,3,9.006403038666667,9.874275465182702,0.8678724265160351,False,3
mali_real_qpu|row255,mali_real_qpu,3,6.2847671740000015,6.91936595384939,0.6345987798493882,False,3
mali_real_qpu|row263,mali_real_qpu,3,8.819408015999999,7.950271912636767,0.8691361033632319,False,3
mali_real_qpu|row264,mali_real_qpu,3,9.658107897666667,8.49251194919996,1.1655959484667076,False,3
mali_real_qpu|row265,mali_real_qpu,3,9.571055423,9.909256189184894,0.3382007661848938,False,3
mali_real_qpu|row275,mali_real_qpu,3,8.496730056666665,8.380346900211052,0.1163831564556137,False,3
mali_real_qpu|row28,mali_real_qpu,3,6.100346888000001,7.090255868871579,0.9899089808715784,False,3
mali_real_qpu|row290,mali_real_qpu,3,6.211742253333331,6.91936595384939,0.7076237005160584,False,3
mali_real_qpu|row293,mali_real_qpu,3,9.729737555,9.960937403779067,0.23119984877906674,False,3
mali_real_qpu|row295,mali_real_qpu,3,8.669235037333332,9.230752737945728,0.5615177006123968,False,3
mali_real_qpu|row296,mali_real_qpu,3,10.211631309333336,9.008628671629957,1.2030026377033796,False,3
mali_real_qpu|row297,mali_real_qpu,3,8.134439638666667,7.950271912636767,0.18416772602989973,False,3
mali_real_qpu|row302,mali_real_qpu,3,9.812500931,9.909256189184894,0.09675525818489383,False,3
mali_real_qpu|row304,mali_real_qpu,3,7.929360971333334,8.046122124219368,0.11676115288603395,False,3
mali_real_qpu|row305,mali_real_qpu,3,7.536459377999999,8.715778766642025,1.1793193886420257,False,3
mali_real_qpu|row306,mali_real_qpu,3,8.670131633666667,8.48756332281067,0.18256831085599678,False,3
mali_real_qpu|row310,mali_real_qpu,3,10.096937347666668,10.382840719734823,0.2859033720681552,False,3
mali_real_qpu|row311,mali_real_qpu,3,10.919072999999996,10.58889898565105,0.33017401434894644,False,3
mali_real_qpu|row314,mali_real_qpu,3,4.425150426666666,4.6534860701109775,0.22833564344431156,False,3
mali_real_qpu|row318,mali_real_qpu,3,7.040496177666668,7.360413425196535,0.31991724752986705,False,3
mali_real_qpu|row32,mali_real_qpu,3,8.564882520333335,9.354094056354384,0.7892115360210497,False,3
mali_real_qpu|row330,mali_real_qpu,3,9.160844985333334,10.17348901642583,1.0126440310924956,False,3
mali_real_qpu|row336,mali_real_qpu,3,4.193322130666666,4.2232012568949155,0.029879126228249397,False,3
mali_real_qpu|row37,mali_real_qpu,3,6.5476906066666665,7.003885963244025,0.4561953565773589,False,3
mali_real_qpu|row42,mali_real_qpu,3,7.954486152666665,7.7463106548934375,0.20817549777322775,False,3
mali_real_qpu|row5,mali_real_qpu,3,9.979778760666669,9.98015954547774,0.00038078481107106654,False,3
mali_real_qpu|row53,mali_real_qpu,3,9.159214288333333,8.49251194919996,0.6667023391333728,False,3
mali_real_qpu|row54,mali_real_qpu,3,10.402267699,10.304289253353442,0.09797844564655733,False,3
mali_real_qpu|row56,mali_real_qpu,3,7.948202496333333,8.380346900211052,0.4321444038777189,False,3
mali_real_qpu|row6,mali_real_qpu,3,10.662950817333334,10.205103000037662,0.45784781729567214,False,3
mali_real_qpu|row60,mali_real_qpu,3,5.659243445333334,6.599951553724831,0.9407081083914974,False,3
mali_real_qpu|row63,mali_real_qpu,3,9.372751825333332,9.247547316809776,0.1252045085235558,False,3
mali_real_qpu|row64,mali_real_qpu,3,8.357898019999999,8.561380126141795,0.20348210614179685,False,3
mali_real_qpu|row65,mali_real_qpu,3,10.592878188333332,9.874275465182702,0.7186027231506298,False,3
mali_real_qpu|row8,mali_real_qpu,3,5.9174102243333335,6.836703032230464,0.9192928078971301,False,3
mali_real_qpu|row82,mali_real_qpu,3,6.864774389,6.91936595384939,0.05459156484938976,False,3
mali_real_qpu|row92,mali_real_qpu,3,8.685094409,7.950271912636767,0.7348224963632326,False,3
mali_real_qpu|row93,mali_real_qpu,3,6.551042609,6.67698473120267,0.12594212220267043,False,3
mali_real_qpu|row94,mali_real_qpu,3,9.089070227666667,8.49251194919996,0.5965582784667074,False,3
mali_real_qpu|row95,mali_real_qpu,3,10.566310593333334,9.909256189184894,0.6570544041484396,False,3
mali_real_qpu|row99,mali_real_qpu,3,7.700580684999999,7.880139192206725,0.17955850720672561,False,3
qonductor_single_circuit_ibm|row0,qonductor_single_circuit_ibm,3,2.166862888,4.6297430006276326,2.4628801126276327,False,3
qonductor_single_circuit_ibm|row1,qonductor_single_circuit_ibm,3,2.025559482,4.6297430006276326,2.6041835186276328,False,3
qonductor_single_circuit_ibm|row1009,qonductor_single_circuit_ibm,3,2.102370143,2.5142211203710394,0.4118509773710395,False,3
qonductor_single_circuit_ibm|row1012,qonductor_single_circuit_ibm,3,2.085966757,2.5142211203710394,0.4282543633710394,False,3
qonductor_single_circuit_ibm|row1015,qonductor_single_circuit_ibm,3,2.06961584,2.5142211203710394,0.4446052803710394,False,3
qonductor_single_circuit_ibm|row1036,qonductor_single_circuit_ibm,3,3.280419103,4.311676276421476,1.0312571734214764,False,3
qonductor_single_circuit_ibm|row1037,qonductor_single_circuit_ibm,3,3.225167304,4.1950892367264805,0.9699219327264803,False,3
qonductor_single_circuit_ibm|row1042,qonductor_single_circuit_ibm,3,2.341505725,2.9291884203536265,0.5876826953536263,False,3
qonductor_single_circuit_ibm|row1047,qonductor_single_circuit_ibm,3,3.5654867820000002,5.123873780538258,1.5583869985382575,False,3
qonductor_single_circuit_ibm|row1049,qonductor_single_circuit_ibm,3,1.846948324,2.9291884203536265,1.0822400963536265,False,3
qonductor_single_circuit_ibm|row1050,qonductor_single_circuit_ibm,3,1.7987648669999998,2.9291884203536265,1.1304235533536267,False,3
qonductor_single_circuit_ibm|row1052,qonductor_single_circuit_ibm,3,3.325436235,5.090969607516433,1.7655333725164328,False,3
qonductor_single_circuit_ibm|row1055,qonductor_single_circuit_ibm,3,3.3941670779999997,5.123873780538258,1.729706702538258,False,3
qonductor_single_circuit_ibm|row1056,qonductor_single_circuit_ibm,3,3.070577592,2.908720573117369,0.16185701888263093,False,3
qonductor_single_circuit_ibm|row1063,qonductor_single_circuit_ibm,3,3.809616736,4.573313177217912,0.7636964412179119,False,3
qonductor_single_circuit_ibm|row1070,qonductor_single_circuit_ibm,3,2.69778711,4.612692893433017,1.9149057834330172,False,3
qonductor_single_circuit_ibm|row1071,qonductor_single_circuit_ibm,3,2.586466004,4.612692893433017,2.0262268894330173,False,3
qonductor_single_circuit_ibm|row1076,qonductor_single_circuit_ibm,3,1.147516996,2.733793632398993,1.586276636398993,False,3
qonductor_single_circuit_ibm|row1083,qonductor_single_circuit_ibm,3,3.050692436,4.519724802142109,1.4690323661421094,False,3
qonductor_single_circuit_ibm|row1092,qonductor_single_circuit_ibm,3,1.3914841039999997,2.7186673805235166,1.327183276523517,False,3
qonductor_single_circuit_ibm|row1095,qonductor_single_circuit_ibm,3,3.0065096940000005,4.699866611109339,1.6933569171093388,False,3
qonductor_single_circuit_ibm|row1096,qonductor_single_circuit_ibm,3,3.0370359909999998,4.699866611109339,1.6628306201093395,False,3
qonductor_single_circuit_ibm|row1102,qonductor_single_circuit_ibm,3,3.0419647800000003,2.295877381368902,0.7460873986310981,False,3
qonductor_single_circuit_ibm|row1103,qonductor_single_circuit_ibm,3,1.1066970959999998,2.7186673805235166,1.6119702845235169,False,3
qonductor_single_circuit_ibm|row1113,qonductor_single_circuit_ibm,3,1.9506089459999998,4.300087621012274,2.349478675012274,False,3
qonductor_single_circuit_ibm|row1115,qonductor_single_circuit_ibm,3,1.992983322,4.300087621012274,2.3071042990122743,False,3
qonductor_single_circuit_ibm|row1117,qonductor_single_circuit_ibm,3,1.9157135340000002,4.300087621012274,2.384374087012274,False,3
qonductor_single_circuit_ibm|row1126,qonductor_single_circuit_ibm,3,2.5080088039999997,3.8695693956457307,1.361560591645731,False,3
qonductor_single_circuit_ibm|row1128,qonductor_single_circuit_ibm,3,1.1460781539999998,2.6647639650777726,1.5186858110777728,False,3
qonductor_single_circuit_ibm|row1129,qonductor_single_circuit_ibm,3,2.065774961,5.483783393302925,3.4180084323029254,False,3
qonductor_single_circuit_ibm|row1136,qonductor_single_circuit_ibm,3,1.981723012,5.465255019912271,3.483532007912271,False,3
qonductor_single_circuit_ibm|row1141,qonductor_single_circuit_ibm,3,1.0392443260000002,2.6647639650777726,1.6255196390777724,False,3
qonductor_single_circuit_ibm|row1144,qonductor_single_circuit_ibm,3,2.32970446,5.483783393302925,3.1540789333029253,False,3
qonductor_single_circuit_ibm|row1145,qonductor_single_circuit_ibm,3,2.316546285,5.483783393302925,3.1672371083029254,False,3
qonductor_single_circuit_ibm|row115,qonductor_single_circuit_ibm,3,3.1510092769999996,1.401644619253613,1.7493646577463866,False,3
qonductor_single_circuit_ibm|row116,qonductor_single_circuit_ibm,3,8.284938261999999,1.401644619253613,6.883293642746386,False,3
qonductor_single_circuit_ibm|row117,qonductor_single_circuit_ibm,3,3.1403018890000003,1.401644619253613,1.7386572697463873,False,3
qonductor_single_circuit_ibm|row118,qonductor_single_circuit_ibm,3,3.3878343139999996,1.401644619253613,1.9861896947463866,False,3
qonductor_single_circuit_ibm|row1183,qonductor_single_circuit_ibm,3,1.990203825,5.296564583841233,3.306360758841233,False,3
qonductor_single_circuit_ibm|row119,qonductor_single_circuit_ibm,3,3.4806120810000003,1.401644619253613,2.0789674617463874,False,3
qonductor_single_circuit_ibm|row1190,qonductor_single_circuit_ibm,3,1.978533106,5.560556225097818,3.582023119097818,False,3
qonductor_single_circuit_ibm|row1191,qonductor_single_circuit_ibm,3,1.9656033849999999,5.560556225097818,3.594952840097818,False,3
qonductor_single_circuit_ibm|row1215,qonductor_single_circuit_ibm,3,2.089985456,5.214195092088427,3.124209636088427,False,3
qonductor_single_circuit_ibm|row1218,qonductor_single_circuit_ibm,3,2.12068632,5.206421600159507,3.085735280159507,False,3
qonductor_single_circuit_ibm|row1219,qonductor_single_circuit_ibm,3,2.3667000160000002,4.784365854585361,2.4176658385853607,False,3
qonductor_single_circuit_ibm|row1223,qonductor_single_circuit_ibm,3,2.257044804,4.784365854585361,2.527321050585361,False,3
qonductor_single_circuit_ibm|row1233,qonductor_single_circuit_ibm,3,1.918149549,4.933942718374649,3.015793169374649,False,3
qonductor_single_circuit_ibm|row1241,qonductor_single_circuit_ibm,3,1.906563609,4.253578069514679,2.3470144605146794,False,3
qonductor_single_circuit_ibm|row1243,qonductor_single_circuit_ibm,3,2.010605294,5.489990365022419,3.4793850710224192,False,3
qonductor_single_circuit_ibm|row1250,qonductor_single_circuit_ibm,3,1.125828641,2.627529736015237,1.5017010950152372,False,3
qonductor_single_circuit_ibm|row1251,qonductor_single_circuit_ibm,3,1.0599064000000002,2.627529736015237,1.567623336015237,False,3
qonductor_single_circuit_ibm|row1253,qonductor_single_circuit_ibm,3,1.155552679,2.627529736015237,1.4719770570152373,False,3
qonductor_single_circuit_ibm|row1261,qonductor_single_circuit_ibm,3,1.1134912579999998,2.9155248234172717,1.8020335654172719,False,3
qonductor_single_circuit_ibm|row1265,qonductor_single_circuit_ibm,3,1.0770521850000003,2.956819683634816,1.8797674986348158,False,3
qonductor_single_circuit_ibm|row1266,qonductor_single_circuit_ibm,3,1.210280112,2.956819683634816,1.7465395716348162,False,3
qonductor_single_circuit_ibm|row1268,qonductor_single_circuit_ibm,3,1.163573006,2.956819683634816,1.7932466776348162,False,3
qonductor_single_circuit_ibm|row1273,qonductor_single_circuit_ibm,3,1.0642078620000002,2.9155248234172717,1.8513169614172715,False,3
qonductor_single_circuit_ibm|row1295,qonductor_single_circuit_ibm,3,3.8788867039999997,5.489990365022419,1.6111036610224194,False,3
qonductor_single_circuit_ibm|row130,qonductor_single_circuit_ibm,3,4.531652911,5.9673775690420126,1.4357246580420124,False,3
qonductor_single_circuit_ibm|row1300,qonductor_single_circuit_ibm,3,3.760595315,5.294455646320086,1.5338603313200854,False,3
qonductor_single_circuit_ibm|row131,qonductor_single_circuit_ibm,3,4.362085698,5.9673775690420126,1.605291871042013,False,3
qonductor_single_circuit_ibm|row1311,qonductor_single_circuit_ibm,3,3.930346978,5.002820260424491,1.0724732824244905,False,3
qonductor_single_circuit_ibm|row1312,qonductor_single_circuit_ibm,3,3.841154036,5.002820260424491,1.1616662244244909,False,3
qonductor_single_circuit_ibm|row1313,qonductor_single_circuit_ibm,3,3.986964321,5.002820260424491,1.0158559394244908,False,3
qonductor_single_circuit_ibm|row1314,qonductor_single_circuit_ibm,3,3.746331653,5.002820260424491,1.2564886074244908,False,3
qonductor_single_circuit_ibm|row132,qonductor_single_circuit_ibm,3,4.486128723,5.9673775690420126,1.4812488460420123,False,3
qonductor_single_circuit_ibm|row1326,qonductor_single_circuit_ibm,3,2.2685260879999998,2.1550824908408686,0.11344359715913122,False,3
qonductor_single_circuit_ibm|row133,qonductor_single_circuit_ibm,3,4.82001238,5.9673775690420126,1.147365189042013,False,3
qonductor_single_circuit_ibm|row1332,qonductor_single_circuit_ibm,3,3.625100601,5.560556225097818,1.9354556240978176,False,3
qonductor_single_circuit_ibm|row1333,qonductor_single_circuit_ibm,3,9.284561942,5.392225430271573,3.892336511728427,False,3
qonductor_single_circuit_ibm|row134,qonductor_single_circuit_ibm,3,6.974855744,5.9673775690420126,1.0074781749579875,False,3
qonductor_single_circuit_ibm|row1340,qonductor_single_circuit_ibm,3,4.170955516,5.210501423278754,1.0395459072787538,False,3
qonductor_single_circuit_ibm|row1341,qonductor_single_circuit_ibm,3,3.8407365570000005,5.083465211678805,1.2427286546788041,False,3
qonductor_single_circuit_ibm|row1342,qonductor_single_circuit_ibm,3,3.7661446840000004,5.215765177373258,1.4496204933732573,False,3
qonductor_single_circuit_ibm|row1346,qonductor_single_circuit_ibm,3,4.064987506,5.262996334211991,1.1980088282119912,False,3
qonductor_single_circuit_ibm|row1352,qonductor_single_circuit_ibm,3,3.801900614,6.0794683626395845,2.2775677486395844,False,3
qonductor_single_circuit_ibm|row1354,qonductor_single_circuit_ibm,3,3.886840936,6.071244620022965,2.1844036840229646,False,3
qonductor_single_circuit_ibm|row1362,qonductor_single_circuit_ibm,3,3.5930739889999996,5.632274156535403,2.0392001675354035,False,3
qonductor_single_circuit_ibm|row1366,qonductor_single_circuit_ibm,3,3.5764817649999996,5.358778552611568,1.7822967876115685,False,3
qonductor_single_circuit_ibm|row1367,qonductor_single_circuit_ibm,3,3.779817684,5.358778552611568,1.578960868611568,False,3
qonductor_single_circuit_ibm|row1374,qonductor_single_circuit_ibm,3,3.824054158,4.782655725531913,0.9586015675319128,False,3
qonductor_single_circuit_ibm|row1376,qonductor_single_circuit_ibm,3,3.621923867,4.858751600295097,1.236827733295097,False,3
qonductor_single_circuit_ibm|row1377,qonductor_single_circuit_ibm,3,3.6397226500000004,5.179645844086452,1.5399231940864517,False,3
qonductor_single_circuit_ibm|row1387,qonductor_single_circuit_ibm,3,3.3058134569999997,5.304070261156123,1.998256804156123,False,3
qonductor_single_circuit_ibm|row1390,qonductor_single_circuit_ibm,3,4.292811638,5.901919874040049,1.6091082360400488,False,3
qonductor_single_circuit_ibm|row1393,qonductor_single_circuit_ibm,3,3.547464905,5.860411537159127,2.312946632159127,False,3
qonductor_single_circuit_ibm|row1396,qonductor_single_circuit_ibm,3,3.4829076830000005,4.9546043778030855,1.471696694803085,False,3
qonductor_single_circuit_ibm|row1397,qonductor_single_circuit_ibm,3,3.518190957,4.735392439322879,1.2172014823228787,False,3
qonductor_single_circuit_ibm|row1398,qonductor_single_circuit_ibm,3,3.557891122,4.946891891101661,1.3890007691016608,False,3
qonductor_single_circuit_ibm|row1406,qonductor_single_circuit_ibm,3,3.378786302,4.99120646276993,1.61242016076993,False,3
qonductor_single_circuit_ibm|row1410,qonductor_single_circuit_ibm,3,3.355692893,4.9762275905805735,1.6205346975805734,False,3
qonductor_single_circuit_ibm|row1412,qonductor_single_circuit_ibm,3,3.52085248,4.9762275905805735,1.4553751105805737,False,3
qonductor_single_circuit_ibm|row1414,qonductor_single_circuit_ibm,3,3.3409434289999997,4.9762275905805735,1.6352841615805738,False,3
qonductor_single_circuit_ibm|row1417,qonductor_single_circuit_ibm,3,3.371767384,5.134669514017553,1.7629021300175527,False,3
qonductor_single_circuit_ibm|row1430,qonductor_single_circuit_ibm,3,2.438787345,4.146623463172061,1.7078361181720605,False,3
qonductor_single_circuit_ibm|row1431,qonductor_single_circuit_ibm,3,2.4300053619999997,4.146623463172061,1.716618101172061,False,3
qonductor_single_circuit_ibm|row1432,qonductor_single_circuit_ibm,3,2.48610402,4.146623463172061,1.6605194431720607,False,3
qonductor_single_circuit_ibm|row1433,qonductor_single_circuit_ibm,3,2.36695499,4.146623463172061,1.7796684731720607,False,3
qonductor_single_circuit_ibm|row1434,qonductor_single_circuit_ibm,3,2.468718574,4.146623463172061,1.6779048891720607,False,3
qonductor_single_circuit_ibm|row1459,qonductor_single_circuit_ibm,3,4.402854576,2.4446202055116837,1.9582343704883165,False,3
qonductor_single_circuit_ibm|row1464,qonductor_single_circuit_ibm,3,1.7985487139999998,3.0287017944138888,1.230153080413889,False,3
qonductor_single_circuit_ibm|row1471,qonductor_single_circuit_ibm,3,1.773612503,2.6725110985236022,0.8988985955236022,False,3
qonductor_single_circuit_ibm|row1476,qonductor_single_circuit_ibm,3,3.873774451,4.621489102951412,0.7477146519514122,False,3
qonductor_single_circuit_ibm|row1477,qonductor_single_circuit_ibm,3,2.4857809659999996,4.146623463172061,1.660842497172061,False,3
qonductor_single_circuit_ibm|row1487,qonductor_single_circuit_ibm,3,1.846040688,2.816397900042499,0.970357212042499,False,3
qonductor_single_circuit_ibm|row150,qonductor_single_circuit_ibm,3,5.950924108,6.0846893257602925,0.13376521776029282,False,3
qonductor_single_circuit_ibm|row1501,qonductor_single_circuit_ibm,3,3.8877060689999996,4.621489102951412,0.7337830339514126,False,3
qonductor_single_circuit_ibm|row1507,qonductor_single_circuit_ibm,3,1.972178831,2.816397900042499,0.8442190690424991,False,3
qonductor_single_circuit_ibm|row151,qonductor_single_circuit_ibm,3,6.154241397000001,6.0846893257602925,0.06955207123970819,False,3
qonductor_single_circuit_ibm|row1513,qonductor_single_circuit_ibm,3,1.9145700940000001,2.9767090395496996,1.0621389455496995,False,3
qonductor_single_circuit_ibm|row1514,qonductor_single_circuit_ibm,3,1.9230186790000001,2.9767090395496996,1.0536903605496994,False,3
qonductor_single_circuit_ibm|row1515,qonductor_single_circuit_ibm,3,1.951873888,2.9767090395496996,1.0248351515496996,False,3
qonductor_single_circuit_ibm|row1517,qonductor_single_circuit_ibm,3,1.878640852,2.9767090395496996,1.0980681875496996,False,3
qonductor_single_circuit_ibm|row152,qonductor_single_circuit_ibm,3,6.211545071999999,6.0846893257602925,0.1268557462397064,False,3
qonductor_single_circuit_ibm|row1525,qonductor_single_circuit_ibm,3,3.425988512,3.027834796123792,0.39815371587620785,False,3
qonductor_single_circuit_ibm|row1527,qonductor_single_circuit_ibm,3,3.0640073699999997,3.027834796123792,0.03617257387620754,False,3
qonductor_single_circuit_ibm|row153,qonductor_single_circuit_ibm,3,5.531381104,6.0846893257602925,0.5533082217602923,False,3
qonductor_single_circuit_ibm|row154,qonductor_single_circuit_ibm,3,5.756215467,6.0846893257602925,0.3284738587602929,False,3
qonductor_single_circuit_ibm|row1545,qonductor_single_circuit_ibm,3,2.419533321,2.7868739509451177,0.36734062994511785,False,3
qonductor_single_circuit_ibm|row1548,qonductor_single_circuit_ibm,3,2.90861879,3.027834796123792,0.11921600612379235,False,3
qonductor_single_circuit_ibm|row1550,qonductor_single_circuit_ibm,3,2.6712737460000002,3.0006836744895162,0.329409928489516,False,3
qonductor_single_circuit_ibm|row1551,qonductor_single_circuit_ibm,3,2.928363907,3.010088168997497,0.08172426199749694,False,3
qonductor_single_circuit_ibm|row1553,qonductor_single_circuit_ibm,3,3.7735680529999995,5.214195092088427,1.4406270390884273,False,3
qonductor_single_circuit_ibm|row1555,qonductor_single_circuit_ibm,3,4.165234018999999,4.7711867164636415,0.6059526974636427,False,3
qonductor_single_circuit_ibm|row1556,qonductor_single_circuit_ibm,3,4.1814767580000005,4.7711867164636415,0.5897099584636409,False,3
qonductor_single_circuit_ibm|row1557,qonductor_single_circuit_ibm,3,4.480420808000001,4.728102546918552,0.24768173891855128,False,3
qonductor_single_circuit_ibm|row1558,qonductor_single_circuit_ibm,3,4.118301243,4.728102546918552,0.6098013039185517,False,3
qonductor_single_circuit_ibm|row1561,qonductor_single_circuit_ibm,3,3.912775471,4.300087621012274,0.38731215001227426,False,3
qonductor_single_circuit_ibm|row1565,qonductor_single_circuit_ibm,3,2.932073229,2.9900799126974387,0.05800668369743889,False,3
qonductor_single_circuit_ibm|row1570,qonductor_single_circuit_ibm,3,3.8759571659999996,4.933942718374649,1.057985552374649,False,3
qonductor_single_circuit_ibm|row1580,qonductor_single_circuit_ibm,3,3.555333689,5.640948605499784,2.0856149164997846,False,3
qonductor_single_circuit_ibm|row1581,qonductor_single_circuit_ibm,3,3.8043874360000003,4.388439892771394,0.5840524567713934,False,3
qonductor_single_circuit_ibm|row1587,qonductor_single_circuit_ibm,3,2.1367066279999998,4.389621595398877,2.252914967398877,False,3
qonductor_single_circuit_ibm|row1596,qonductor_single_circuit_ibm,3,3.241021338,4.434947512159674,1.193926174159674,False,3
qonductor_single_circuit_ibm|row1606,qonductor_single_circuit_ibm,3,3.5456277499999995,2.5893035622783738,0.9563241877216258,False,3
qonductor_single_circuit_ibm|row1608,qonductor_single_circuit_ibm,3,3.000821913,2.5893035622783738,0.411518350721626,False,3
qonductor_single_circuit_ibm|row1616,qonductor_single_circuit_ibm,3,3.0150513920000006,2.9241971911017894,0.09085420089821117,False,3
qonductor_single_circuit_ibm|row1618,qonductor_single_circuit_ibm,3,3.3216216050000003,2.9241971911017894,0.3974244138982108,False,3
qonductor_single_circuit_ibm|row1619,qonductor_single_circuit_ibm,3,3.2139487580000003,2.9241971911017894,0.2897515668982109,False,3
qonductor_single_circuit_ibm|row1626,qonductor_single_circuit_ibm,3,4.119201276,3.4264783913648262,0.6927228846351738,False,3
qonductor_single_circuit_ibm|row1638,qonductor_single_circuit_ibm,3,3.3278809939999996,3.1768615594146152,0.15101943458538436,False,3
qonductor_single_circuit_ibm|row1639,qonductor_single_circuit_ibm,3,3.5530492990000004,3.1768615594146152,0.3761877395853852,False,3
qonductor_single_circuit_ibm|row1658,qonductor_single_circuit_ibm,3,2.731377562,2.9900799126974387,0.25870235069743863,False,3
qonductor_single_circuit_ibm|row1660,qonductor_single_circuit_ibm,3,2.7583482490000004,2.969415442929738,0.2110671939297375,False,3
qonductor_single_circuit_ibm|row1662,qonductor_single_circuit_ibm,3,2.827549435,2.969415442929738,0.14186600792973802,False,3
qonductor_single_circuit_ibm|row1678,qonductor_single_circuit_ibm,3,3.3303877649999998,3.027036337959983,0.30335142704001683,False,3
qonductor_single_circuit_ibm|row1680,qonductor_single_circuit_ibm,3,3.4402542519999995,2.98260397287339,0.4576502791266095,False,3
qonductor_single_circuit_ibm|row1684,qonductor_single_circuit_ibm,3,2.7429675430000002,2.974549372561138,0.23158182956113782,False,3
qonductor_single_circuit_ibm|row1686,qonductor_single_circuit_ibm,3,3.0081966899999997,2.969415442929738,0.03878124707026176,False,3
qonductor_single_circuit_ibm|row1688,qonductor_single_circuit_ibm,3,2.8344562410000003,2.969415442929738,0.13495920192973765,False,3
qonductor_single_circuit_ibm|row1693,qonductor_single_circuit_ibm,3,3.993483168,4.146623463172061,0.15314029517206063,False,3
qonductor_single_circuit_ibm|row1694,qonductor_single_circuit_ibm,3,4.068861623999999,4.146623463172061,0.07776183917206136,False,3
qonductor_single_circuit_ibm|row1695,qonductor_single_circuit_ibm,3,4.08370735,4.146623463172061,0.06291611317206058,False,3
qonductor_single_circuit_ibm|row1696,qonductor_single_circuit_ibm,3,3.9744923360000004,4.146623463172061,0.17213112717206025,False,3
qonductor_single_circuit_ibm|row1702,qonductor_single_circuit_ibm,3,3.4068600869999996,5.792997144917265,2.386137057917265,False,3
qonductor_single_circuit_ibm|row1707,qonductor_single_circuit_ibm,3,3.5141789759999997,3.0325782781268877,0.481600697873112,False,3
qonductor_single_circuit_ibm|row1709,qonductor_single_circuit_ibm,3,2.6559341519999995,4.3296289031560065,1.673694751156007,False,3
qonductor_single_circuit_ibm|row1713,qonductor_single_circuit_ibm,3,2.61799489,2.969415442929738,0.35142055292973806,False,3
qonductor_single_circuit_ibm|row1740,qonductor_single_circuit_ibm,3,2.1178128470000006,2.5214349305464214,0.4036220835464208,False,3
qonductor_single_circuit_ibm|row1741,qonductor_single_circuit_ibm,3,7.013533874,7.836878014884588,0.8233441408845881,False,3
qonductor_single_circuit_ibm|row175,qonductor_single_circuit_ibm,3,3.9137977279999996,5.4377888098892395,1.52399108188924,False,3
qonductor_single_circuit_ibm|row1750,qonductor_single_circuit_ibm,3,4.418081773999999,4.895463165784168,0.47738139178416894,False,3
qonductor_single_circuit_ibm|row176,qonductor_single_circuit_ibm,3,3.8989510990000005,5.4377888098892395,1.538837710889239,False,3
qonductor_single_circuit_ibm|row1769,qonductor_single_circuit_ibm,3,3.8711319200000003,4.116048331522614,0.24491641152261368,False,3
qonductor_single_circuit_ibm|row177,qonductor_single_circuit_ibm,3,3.7811609949999996,5.4377888098892395,1.65662781488924,False,3
qonductor_single_circuit_ibm|row1772,qonductor_single_circuit_ibm,3,4.277175712,5.192795009839424,0.9156192978394238,False,3
qonductor_single_circuit_ibm|row1775,qonductor_single_circuit_ibm,3,3.914357994,3.949273403854573,0.0349154098545732,False,3
qonductor_single_circuit_ibm|row178,qonductor_single_circuit_ibm,3,3.728981167,5.4377888098892395,1.7088076428892394,False,3
qonductor_single_circuit_ibm|row1788,qonductor_single_circuit_ibm,3,3.6585522019999996,3.83096613381562,0.17241393181562037,False,3
qonductor_single_circuit_ibm|row1789,qonductor_single_circuit_ibm,3,3.51612254,3.83096613381562,0.31484359381562,False,3
qonductor_single_circuit_ibm|row179,qonductor_single_circuit_ibm,3,3.81861567,5.4377888098892395,1.6191731398892397,False,3
qonductor_single_circuit_ibm|row1805,qonductor_single_circuit_ibm,3,2.938089368,3.8663352622485454,0.9282458942485454,False,3
qonductor_single_circuit_ibm|row1806,qonductor_single_circuit_ibm,3,2.847391388,3.83096613381562,0.9835747458156199,False,3
qonductor_single_circuit_ibm|row1811,qonductor_single_circuit_ibm,3,2.795304766,3.7910224488057764,0.9957176828057763,False,3
qonductor_single_circuit_ibm|row1818,qonductor_single_circuit_ibm,3,3.642569205,3.891409808930736,0.24884060393073604,False,3
qonductor_single_circuit_ibm|row1822,qonductor_single_circuit_ibm,3,2.8882231580000006,4.694625937638083,1.8064027796380824,False,3
qonductor_single_circuit_ibm|row1826,qonductor_single_circuit_ibm,3,3.3553264320000005,4.036168804019574,0.6808423720195731,False,3
qonductor_single_circuit_ibm|row1842,qonductor_single_circuit_ibm,3,2.906544672,2.908720573117369,0.0021759011173689835,False,3
qonductor_single_circuit_ibm|row1851,qonductor_single_circuit_ibm,3,3.166947206,4.634262318821791,1.4673151128217907,False,3
qonductor_single_circuit_ibm|row1868,qonductor_single_circuit_ibm,3,5.835383984999999,3.9886532997669035,1.8467306852330956,False,3
qonductor_single_circuit_ibm|row1869,qonductor_single_circuit_ibm,3,4.195362837000001,6.177095293606968,1.9817324566069665,False,3
qonductor_single_circuit_ibm|row1870,qonductor_single_circuit_ibm,3,5.931571727,3.9886532997669035,1.9429184272330962,False,3
qonductor_single_circuit_ibm|row1872,qonductor_single_circuit_ibm,3,5.811429342,3.9886532997669035,1.8227760422330967,False,3
qonductor_single_circuit_ibm|row1877,qonductor_single_circuit_ibm,3,6.313599741,3.9886532997669035,2.3249464412330965,False,3
qonductor_single_circuit_ibm|row1883,qonductor_single_circuit_ibm,3,5.9286656859999995,4.448903358173673,1.479762327826326,False,3
qonductor_single_circuit_ibm|row1890,qonductor_single_circuit_ibm,3,5.641408533,4.410555782139127,1.2308527508608726,False,3
qonductor_single_circuit_ibm|row1893,qonductor_single_circuit_ibm,3,3.008857299,2.541651846971393,0.4672054520286073,False,3
qonductor_single_circuit_ibm|row1894,qonductor_single_circuit_ibm,3,3.785838357,2.6268423039644055,1.1589960530355943,False,3
qonductor_single_circuit_ibm|row1898,qonductor_single_circuit_ibm,3,5.9523519799999995,4.374320879857095,1.5780311001429048,False,3
qonductor_single_circuit_ibm|row1903,qonductor_single_circuit_ibm,3,1.931564467,2.6682642879489853,0.7366998209489852,False,3
qonductor_single_circuit_ibm|row1906,qonductor_single_circuit_ibm,3,2.909183706,2.784751673966799,0.12443203203320108,False,3
qonductor_single_circuit_ibm|row1908,qonductor_single_circuit_ibm,3,3.265072432,2.548741841489464,0.7163305905105362,False,3
qonductor_single_circuit_ibm|row1915,qonductor_single_circuit_ibm,3,2.5521158990000004,4.344643500900008,1.7925276019000078,False,3
qonductor_single_circuit_ibm|row1924,qonductor_single_circuit_ibm,3,5.668379025,4.148247805700121,1.5201312192998788,False,3
qonductor_single_circuit_ibm|row1939,qonductor_single_circuit_ibm,3,7.772934411,4.410555782139127,3.3623786288608724,False,3
qonductor_single_circuit_ibm|row1943,qonductor_single_circuit_ibm,3,2.6936032780000003,4.446443172615972,1.7528398946159713,False,3
qonductor_single_circuit_ibm|row1947,qonductor_single_circuit_ibm,3,2.7884215770000003,2.6401479140007593,0.14827366299924094,False,3
qonductor_single_circuit_ibm|row1948,qonductor_single_circuit_ibm,3,2.908867846,4.189591183801702,1.2807233378017018,False,3
qonductor_single_circuit_ibm|row195,qonductor_single_circuit_ibm,3,4.936924503,4.863308162255453,0.07361634074454759,False,3
qonductor_single_circuit_ibm|row1950,qonductor_single_circuit_ibm,3,2.920785923,4.214316133113878,1.2935302101138784,False,3
qonductor_single_circuit_ibm|row1954,qonductor_single_circuit_ibm,3,2.6971882759999994,3.4635568843964344,0.766368608396435,False,3
qonductor_single_circuit_ibm|row1958,qonductor_single_circuit_ibm,3,2.5649820160000005,3.4433114196571353,0.8783294036571347,False,3
qonductor_single_circuit_ibm|row196,qonductor_single_circuit_ibm,3,4.979657567,4.863308162255453,0.11634940474454769,False,3
qonductor_single_circuit_ibm|row1963,qonductor_single_circuit_ibm,3,2.969748219,3.453540073619156,0.48379185461915597,False,3
qonductor_single_circuit_ibm|row1965,qonductor_single_circuit_ibm,3,2.55768378,3.822152791129078,1.2644690111290777,False,3
qonductor_single_circuit_ibm|row1969,qonductor_single_circuit_ibm,3,3.3134880439999996,4.071186305387625,0.7576982613876257,False,3
qonductor_single_circuit_ibm|row197,qonductor_single_circuit_ibm,3,4.847107751,4.863308162255453,0.01620041125545235,False,3
qonductor_single_circuit_ibm|row1972,qonductor_single_circuit_ibm,3,3.323646151,4.349150521927344,1.0255043709273437,False,3
qonductor_single_circuit_ibm|row1975,qonductor_single_circuit_ibm,3,3.310738411,2.6268423039644055,0.6838961070355944,False,3
qonductor_single_circuit_ibm|row1979,qonductor_single_circuit_ibm,3,2.7320273829999997,2.8723437505034117,0.14031636750341203,False,3
qonductor_single_circuit_ibm|row198,qonductor_single_circuit_ibm,3,4.545321389,4.863308162255453,0.3179867732554529,False,3
qonductor_single_circuit_ibm|row1980,qonductor_single_circuit_ibm,3,2.7011420020000005,2.6647639650777726,0.03637803692222796,False,3
qonductor_single_circuit_ibm|row1981,qonductor_single_circuit_ibm,3,2.7325138190000002,2.6647639650777726,0.06774985392222765,False,3
qonductor_single_circuit_ibm|row1985,qonductor_single_circuit_ibm,3,4.720718881,2.495295017704237,2.225423863295763,False,3
qonductor_single_circuit_ibm|row199,qonductor_single_circuit_ibm,3,4.698604197,4.863308162255453,0.16470396525545272,False,3
qonductor_single_circuit_ibm|row1994,qonductor_single_circuit_ibm,3,5.484119128,4.343902035808876,1.1402170921911239,False,3
qonductor_single_circuit_ibm|row2,qonductor_single_circuit_ibm,3,2.030192784,4.6297430006276326,2.5995502166276325,False,3
qonductor_single_circuit_ibm|row200,qonductor_single_circuit_ibm,3,4.055770894,4.701394272980362,0.6456233789803623,False,3
qonductor_single_circuit_ibm|row201,qonductor_single_circuit_ibm,3,3.578244728,4.701394272980362,1.1231495449803623,False,3
qonductor_single_circuit_ibm|row2011,qonductor_single_circuit_ibm,3,2.7321473120000004,2.5704253129287897,0.16172199907121065,False,3
qonductor_single_circuit_ibm|row2013,qonductor_single_circuit_ibm,3,3.2862591630000004,4.349150521927344,1.0628913589273434,False,3
qonductor_single_circuit_ibm|row202,qonductor_single_circuit_ibm,3,3.464969322,4.701394272980362,1.2364249509803624,False,3
qonductor_single_circuit_ibm|row2029,qonductor_single_circuit_ibm,3,2.584297007,2.8723437505034117,0.28804674350341175,False,3
qonductor_single_circuit_ibm|row203,qonductor_single_circuit_ibm,3,3.5819881030000005,4.701394272980362,1.119406169980362,False,3
qonductor_single_circuit_ibm|row2036,qonductor_single_circuit_ibm,3,2.799652775,2.4446202055116837,0.3550325694883165,False,3
qonductor_single_circuit_ibm|row2039,qonductor_single_circuit_ibm,3,2.81413402,2.4446202055116837,0.36951381448831633,False,3
qonductor_single_circuit_ibm|row204,qonductor_single_circuit_ibm,3,3.464049342,4.701394272980362,1.2373449309803624,False,3
qonductor_single_circuit_ibm|row2041,qonductor_single_circuit_ibm,3,2.3757229780000007,4.161522018548937,1.7857990405489366,False,3
qonductor_single_circuit_ibm|row2043,qonductor_single_circuit_ibm,3,2.3512062570000003,4.023381728753763,1.6721754717537625,False,3
qonductor_single_circuit_ibm|row2046,qonductor_single_circuit_ibm,3,2.351656771,3.822152791129078,1.4704960201290778,False,3
qonductor_single_circuit_ibm|row2054,qonductor_single_circuit_ibm,3,2.896906793,4.336594573768178,1.4396877807681778,False,3
qonductor_single_circuit_ibm|row2067,qonductor_single_circuit_ibm,3,3.333817808,4.198658703222227,0.8648408952222271,False,3
qonductor_single_circuit_ibm|row2070,qonductor_single_circuit_ibm,3,3.324032019,4.1264839003667975,0.8024518813667973,False,3
qonductor_single_circuit_ibm|row2078,qonductor_single_circuit_ibm,3,2.4918571849999998,4.082877984267005,1.591020799267005,False,3
qonductor_single_circuit_ibm|row2079,qonductor_single_circuit_ibm,3,2.6124798129999998,4.082877984267005,1.470398171267005,False,3
qonductor_single_circuit_ibm|row2081,qonductor_single_circuit_ibm,3,2.456107779,4.082877984267005,1.6267702052670048,False,3
qonductor_single_circuit_ibm|row2082,qonductor_single_circuit_ibm,3,3.0460413670000004,2.6401479140007593,0.40589345299924107,False,3
qonductor_single_circuit_ibm|row2087,qonductor_single_circuit_ibm,3,2.494438011,4.3296289031560065,1.8351908921560063,False,3
qonductor_single_circuit_ibm|row2094,qonductor_single_circuit_ibm,3,3.980916907,4.360012871223277,0.37909596422327674,False,3
qonductor_single_circuit_ibm|row2096,qonductor_single_circuit_ibm,3,6.280080489,4.360012871223277,1.9200676177767235,False,3
qonductor_single_circuit_ibm|row2099,qonductor_single_circuit_ibm,3,2.723097968,2.6372185159820054,0.0858794520179944,False,3
qonductor_single_circuit_ibm|row2100,qonductor_single_circuit_ibm,3,2.6930110600000003,2.6372185159820054,0.05579254401799494,False,3
qonductor_single_circuit_ibm|row2102,qonductor_single_circuit_ibm,3,2.8059979,2.5378513724147647,0.2681465275852353,False,3
qonductor_single_circuit_ibm|row2103,qonductor_single_circuit_ibm,3,2.6406844300000003,2.5378513724147647,0.10283305758523564,False,3
qonductor_single_circuit_ibm|row2105,qonductor_single_circuit_ibm,3,2.566601179,2.5378513724147647,0.028749806585235405,False,3
qonductor_single_circuit_ibm|row2106,qonductor_single_circuit_ibm,3,2.619923706,2.5378513724147647,0.08207233358523514,False,3
qonductor_single_circuit_ibm|row2114,qonductor_single_circuit_ibm,3,2.762080719,4.492634801225875,1.7305540822258747,False,3
qonductor_single_circuit_ibm|row2119,qonductor_single_circuit_ibm,3,4.744896676000001,4.343902035808876,0.40099464019112485,False,3
qonductor_single_circuit_ibm|row2134,qonductor_single_circuit_ibm,3,2.889728956,2.448534704992462,0.44119425100753773,False,3
qonductor_single_circuit_ibm|row2147,qonductor_single_circuit_ibm,3,3.3497142610000004,4.342114826889964,0.9924005658899637,False,3
qonductor_single_circuit_ibm|row2158,qonductor_single_circuit_ibm,3,2.678998907,2.6372185159820054,0.04178039101799458,False,3
qonductor_single_circuit_ibm|row2166,qonductor_single_circuit_ibm,3,2.9233464559999995,2.5378513724147647,0.3854950835852349,False,3
qonductor_single_circuit_ibm|row2167,qonductor_single_circuit_ibm,3,3.2089848279999997,2.5378513724147647,0.6711334555852351,False,3
qonductor_single_circuit_ibm|row2168,qonductor_single_circuit_ibm,3,3.1482060339999998,2.5378513724147647,0.6103546615852351,False,3
qonductor_single_circuit_ibm|row2169,qonductor_single_circuit_ibm,3,2.966106817,2.5378513724147647,0.42825544458523535,False,3
qonductor_single_circuit_ibm|row2183,qonductor_single_circuit_ibm,3,4.115311557,4.933942718374649,0.8186311613746486,False,3
qonductor_single_circuit_ibm|row2187,qonductor_single_circuit_ibm,3,3.715152314,4.0629612206326655,0.3478089066326655,False,3
qonductor_single_circuit_ibm|row2188,qonductor_single_circuit_ibm,3,3.5038220320000004,4.388439892771394,0.8846178607713933,False,3
qonductor_single_circuit_ibm|row2192,qonductor_single_circuit_ibm,3,3.834959625,4.121504260845647,0.28654463584564693,False,3
qonductor_single_circuit_ibm|row2196,qonductor_single_circuit_ibm,3,3.574554816,3.081038021023658,0.49351679497634215,False,3
qonductor_single_circuit_ibm|row2200,qonductor_single_circuit_ibm,3,9.770913220999999,9.218534739579544,0.5523784814204546,False,3
qonductor_single_circuit_ibm|row2207,qonductor_single_circuit_ibm,3,5.2130489859999996,5.490122767202006,0.27707378120200676,False,3
qonductor_single_circuit_ibm|row2214,qonductor_single_circuit_ibm,3,3.8589918649999997,4.388439892771394,0.529448027771394,False,3
qonductor_single_circuit_ibm|row2218,qonductor_single_circuit_ibm,3,3.653806923,3.081038021023658,0.572768901976342,False,3
qonductor_single_circuit_ibm|row2222,qonductor_single_circuit_ibm,3,2.823330512,2.627529736015237,0.19580077598476286,False,3
qonductor_single_circuit_ibm|row2223,qonductor_single_circuit_ibm,3,1.9735282920000001,3.0715128595978873,1.0979845675978872,False,3
qonductor_single_circuit_ibm|row2226,qonductor_single_circuit_ibm,3,1.882167285,2.7868739509451177,0.9047066659451177,False,3
qonductor_single_circuit_ibm|row2234,qonductor_single_circuit_ibm,3,3.0733506699999995,2.627529736015237,0.4458209339847623,False,3
qonductor_single_circuit_ibm|row2237,qonductor_single_circuit_ibm,3,2.6200411630000002,2.5893035622783738,0.030737600721626457,False,3
qonductor_single_circuit_ibm|row2246,qonductor_single_circuit_ibm,3,2.767101092,2.5893035622783738,0.1777975297216261,False,3
qonductor_single_circuit_ibm|row2254,qonductor_single_circuit_ibm,3,2.934906944,2.9241971911017894,0.010709752898210745,False,3
qonductor_single_circuit_ibm|row2255,qonductor_single_circuit_ibm,3,2.839041961,2.9241971911017894,0.08515523010178949,False,3
qonductor_single_circuit_ibm|row2256,qonductor_single_circuit_ibm,3,3.239447276,2.9241971911017894,0.3152500848982105,False,3
qonductor_single_circuit_ibm|row2257,qonductor_single_circuit_ibm,3,3.518903785,2.9241971911017894,0.5947065938982106,False,3
qonductor_single_circuit_ibm|row2258,qonductor_single_circuit_ibm,3,3.077471517,2.9241971911017894,0.15327432589821077,False,3
qonductor_single_circuit_ibm|row2279,qonductor_single_circuit_ibm,3,3.6958920550000003,5.465255019912271,1.7693629649122706,False,3
qonductor_single_circuit_ibm|row2283,qonductor_single_circuit_ibm,3,3.4741867629999996,5.490122767202006,2.0159360042020067,False,3
qonductor_single_circuit_ibm|row2284,qonductor_single_circuit_ibm,3,4.551341797,5.210501423278754,0.659159626278754,False,3
qonductor_single_circuit_ibm|row2289,qonductor_single_circuit_ibm,3,2.8031315009999997,2.903181233818306,0.10004973281830631,False,3
qonductor_single_circuit_ibm|row2291,qonductor_single_circuit_ibm,3,3.077827653,2.903181233818306,0.17464641918169388,False,3
qonductor_single_circuit_ibm|row2294,qonductor_single_circuit_ibm,3,3.6377509370000003,3.1768615594146152,0.46088937758538506,False,3
qonductor_single_circuit_ibm|row2296,qonductor_single_circuit_ibm,3,3.3097581130000004,3.1768615594146152,0.1328965535853852,False,3
qonductor_single_circuit_ibm|row2304,qonductor_single_circuit_ibm,3,3.7380492490000004,3.1768615594146152,0.5611876895853851,False,3
qonductor_single_circuit_ibm|row2305,qonductor_single_circuit_ibm,3,3.437594971,3.1768615594146152,0.260733411585385,False,3
qonductor_single_circuit_ibm|row2306,qonductor_single_circuit_ibm,3,3.856743597,3.1768615594146152,0.6798820375853847,False,3
qonductor_single_circuit_ibm|row2307,qonductor_single_circuit_ibm,3,3.7289013390000005,3.1768615594146152,0.5520397795853853,False,3
qonductor_single_circuit_ibm|row2308,qonductor_single_circuit_ibm,3,3.544050743,3.1768615594146152,0.3671891835853849,False,3
qonductor_single_circuit_ibm|row2318,qonductor_single_circuit_ibm,3,2.707941644,3.027036337959983,0.319094693959983,False,3
qonductor_single_circuit_ibm|row2320,qonductor_single_circuit_ibm,3,2.907351479,2.974549372561138,0.06719789356113814,False,3
qonductor_single_circuit_ibm|row2321,qonductor_single_circuit_ibm,3,2.7331972209999997,2.98260397287339,0.24940675187339023,False,3
qonductor_single_circuit_ibm|row2324,qonductor_single_circuit_ibm,3,3.1675664750000005,2.969415442929738,0.19815103207026263,False,3
qonductor_single_circuit_ibm|row2325,qonductor_single_circuit_ibm,3,4.85519677,2.969415442929738,1.8857813270702621,False,3
qonductor_single_circuit_ibm|row2339,qonductor_single_circuit_ibm,3,4.764759391,5.490122767202006,0.7253633762020062,False,3
qonductor_single_circuit_ibm|row2348,qonductor_single_circuit_ibm,3,2.802743139,2.903181233818306,0.10043809481830612,False,3
qonductor_single_circuit_ibm|row2354,qonductor_single_circuit_ibm,3,2.681283285,3.004920461096655,0.32363717609665477,False,3
qonductor_single_circuit_ibm|row2361,qonductor_single_circuit_ibm,3,8.24105154,9.419726721471465,1.1786751814714638,False,3
qonductor_single_circuit_ibm|row2365,qonductor_single_circuit_ibm,3,5.340013205,5.465255019912271,0.12524181491227093,False,3
qonductor_single_circuit_ibm|row2379,qonductor_single_circuit_ibm,3,2.999988895,2.956819683634816,0.04316921136518381,False,3
qonductor_single_circuit_ibm|row2385,qonductor_single_circuit_ibm,3,2.0945124920000002,2.1806180511864475,0.08610555918644724,False,3
qonductor_single_circuit_ibm|row2386,qonductor_single_circuit_ibm,3,2.0227411650000002,2.2016543388347065,0.17891317383470628,False,3
qonductor_single_circuit_ibm|row2389,qonductor_single_circuit_ibm,3,2.1707073390000002,2.093823847762865,0.07688349123713545,False,3
qonductor_single_circuit_ibm|row2391,qonductor_single_circuit_ibm,3,4.744509605,5.465255019912271,0.7207454149122707,False,3
qonductor_single_circuit_ibm|row2392,qonductor_single_circuit_ibm,3,4.652553363999999,5.465255019912271,0.8127016559122717,False,3
qonductor_single_circuit_ibm|row2393,qonductor_single_circuit_ibm,3,4.593607124000001,5.465255019912271,0.87164789591227,False,3
qonductor_single_circuit_ibm|row240,qonductor_single_circuit_ibm,3,5.803705149,5.5439953093245755,0.25970983967542427,False,3
qonductor_single_circuit_ibm|row2403,qonductor_single_circuit_ibm,3,5.178250275999999,5.490122767202006,0.3118724912020072,False,3
qonductor_single_circuit_ibm|row241,qonductor_single_circuit_ibm,3,5.8519025860000005,5.5439953093245755,0.30790727667542495,False,3
qonductor_single_circuit_ibm|row2411,qonductor_single_circuit_ibm,3,8.466271748,9.145832703345826,0.679560955345826,False,3
qonductor_single_circuit_ibm|row2415,qonductor_single_circuit_ibm,3,10.908912974,9.730382916019582,1.1785300579804172,False,3
qonductor_single_circuit_ibm|row2418,qonductor_single_circuit_ibm,3,11.061930252,9.787128015775789,1.274802236224211,False,3
qonductor_single_circuit_ibm|row2419,qonductor_single_circuit_ibm,3,7.652630354000001,7.505365462767042,0.14726489123295927,False,3
qonductor_single_circuit_ibm|row242,qonductor_single_circuit_ibm,3,5.928733446,5.5439953093245755,0.38473813667542434,False,3
qonductor_single_circuit_ibm|row2420,qonductor_single_circuit_ibm,3,7.606206870000001,7.505365462767042,0.10084140723295931,False,3
qonductor_single_circuit_ibm|row2421,qonductor_single_circuit_ibm,3,7.61149865,7.505365462767042,0.10613318723295784,False,3
qonductor_single_circuit_ibm|row2423,qonductor_single_circuit_ibm,3,10.147274192999998,9.787128015775789,0.36014617722420894,False,3
qonductor_single_circuit_ibm|row2426,qonductor_single_circuit_ibm,3,27.299255480999996,26.245154351136755,1.0541011298632412,False,3
qonductor_single_circuit_ibm|row2427,qonductor_single_circuit_ibm,3,5.530993471,5.002563998704719,0.5284294722952811,False,3
qonductor_single_circuit_ibm|row243,qonductor_single_circuit_ibm,3,5.808561876,5.5439953093245755,0.2645665666754242,False,3
qonductor_single_circuit_ibm|row2430,qonductor_single_circuit_ibm,3,5.777267399,6.073854480954592,0.29658708195459127,False,3
qonductor_single_circuit_ibm|row244,qonductor_single_circuit_ibm,3,10.787359356,5.5439953093245755,5.243364046675424,False,3
qonductor_single_circuit_ibm|row2444,qonductor_single_circuit_ibm,3,2.082791221,2.1141602587953723,0.03136903779537237,False,3
qonductor_single_circuit_ibm|row2448,qonductor_single_circuit_ibm,3,3.114944944,3.004920461096655,0.11002448290334499,False,3
qonductor_single_circuit_ibm|row2450,qonductor_single_circuit_ibm,3,3.0446392799999997,2.908720573117369,0.13591870688263086,False,3
qonductor_single_circuit_ibm|row2451,qonductor_single_circuit_ibm,3,3.0031402419999997,2.8723437505034117,0.130796491496588,False,3
qonductor_single_circuit_ibm|row2452,qonductor_single_circuit_ibm,3,8.681966261,7.505365462767042,1.1766007982329576,False,3
qonductor_single_circuit_ibm|row2453,qonductor_single_circuit_ibm,3,8.608023282,7.505365462767042,1.1026578192329577,False,3
qonductor_single_circuit_ibm|row2454,qonductor_single_circuit_ibm,3,8.689515914000001,7.505365462767042,1.1841504512329593,False,3
qonductor_single_circuit_ibm|row2455,qonductor_single_circuit_ibm,3,8.292977776999999,7.505365462767042,0.7876123142329572,False,3
qonductor_single_circuit_ibm|row2457,qonductor_single_circuit_ibm,3,8.349384774999999,7.505365462767042,0.8440193122329571,False,3
qonductor_single_circuit_ibm|row2458,qonductor_single_circuit_ibm,3,8.300204304,7.198946602455657,1.101257701544342,False,3
qonductor_single_circuit_ibm|row2463,qonductor_single_circuit_ibm,3,9.249095521000001,9.485407110985173,0.23631158998517243,False,3
qonductor_single_circuit_ibm|row2470,qonductor_single_circuit_ibm,3,8.689389658999998,9.787128015775789,1.0977383567757908,False,3
qonductor_single_circuit_ibm|row2486,qonductor_single_circuit_ibm,3,7.120543873,5.1509498841243415,1.9695939888756584,False,3
qonductor_single_circuit_ibm|row2499,qonductor_single_circuit_ibm,3,12.149186427,9.702342791326577,2.4468436356734227,False,3
qonductor_single_circuit_ibm|row2512,qonductor_single_circuit_ibm,3,11.522506898000001,8.431567307440748,3.0909395905592536,False,3
qonductor_single_circuit_ibm|row2513,qonductor_single_circuit_ibm,3,11.578809137,8.431567307440748,3.1472418295592526,False,3
qonductor_single_circuit_ibm|row2516,qonductor_single_circuit_ibm,3,11.641780450999999,9.047932011537721,2.5938484394622776,False,3
qonductor_single_circuit_ibm|row2523,qonductor_single_circuit_ibm,3,9.458164494999998,10.501142167948114,1.0429776729481155,False,3
qonductor_single_circuit_ibm|row2525,qonductor_single_circuit_ibm,3,11.342073006,8.541474392957635,2.8005986130423643,False,3
qonductor_single_circuit_ibm|row2526,qonductor_single_circuit_ibm,3,11.077594484,8.541474392957635,2.536120091042365,False,3
qonductor_single_circuit_ibm|row2528,qonductor_single_circuit_ibm,3,9.613789534999999,10.457405023240156,0.8436154882401574,False,3
qonductor_single_circuit_ibm|row2537,qonductor_single_circuit_ibm,3,11.700650181,10.656038736299985,1.0446114447000152,False,3
qonductor_single_circuit_ibm|row2539,qonductor_single_circuit_ibm,3,26.284771970999998,25.151682959357736,1.1330890116422623,False,3
qonductor_single_circuit_ibm|row2546,qonductor_single_circuit_ibm,3,9.083906768999999,9.641909147194095,0.5580023781940966,False,3
qonductor_single_circuit_ibm|row2555,qonductor_single_circuit_ibm,3,9.499211042,8.867718191001073,0.6314928509989279,False,3
qonductor_single_circuit_ibm|row2556,qonductor_single_circuit_ibm,3,9.317236521,9.011643565561673,0.30559295543832654,False,3
qonductor_single_circuit_ibm|row2557,qonductor_single_circuit_ibm,3,9.072651053000001,9.047932011537721,0.02471904146227999,False,3
qonductor_single_circuit_ibm|row2558,qonductor_single_circuit_ibm,3,9.171260977,9.047932011537721,0.123328965462278,False,3
qonductor_single_circuit_ibm|row2579,qonductor_single_circuit_ibm,3,9.930164882,9.31547121276717,0.61469366923283,False,3
qonductor_single_circuit_ibm|row2582,qonductor_single_circuit_ibm,3,9.641350989000001,9.25128099663691,0.3900699923630917,False,3
qonductor_single_circuit_ibm|row2590,qonductor_single_circuit_ibm,3,8.378932799000001,7.614417354468291,0.7645154445317104,False,3
qonductor_single_circuit_ibm|row2599,qonductor_single_circuit_ibm,3,8.536273239,7.3281572589359225,1.2081159800640773,False,3
qonductor_single_circuit_ibm|row260,qonductor_single_circuit_ibm,3,2.1476110970000004,5.212261450635063,3.064650353635063,False,3
qonductor_single_circuit_ibm|row2600,qonductor_single_circuit_ibm,3,8.604296616000001,7.180316124129492,1.423980491870509,False,3
qonductor_single_circuit_ibm|row2604,qonductor_single_circuit_ibm,3,8.715992111999999,8.030044682499803,0.6859474295001959,False,3
qonductor_single_circuit_ibm|row2607,qonductor_single_circuit_ibm,3,8.619021545,7.915511815688154,0.7035097293118469,False,3
qonductor_single_circuit_ibm|row261,qonductor_single_circuit_ibm,3,2.085705977,5.212261450635063,3.1265554736350634,False,3
qonductor_single_circuit_ibm|row2618,qonductor_single_circuit_ibm,3,7.190365279,6.929544456427193,0.26082082257280703,False,3
qonductor_single_circuit_ibm|row262,qonductor_single_circuit_ibm,3,2.085699535,5.212261450635063,3.1265619156350635,False,3
qonductor_single_circuit_ibm|row263,qonductor_single_circuit_ibm,3,2.1658917979999996,5.212261450635063,3.0463696526350637,False,3
qonductor_single_circuit_ibm|row2636,qonductor_single_circuit_ibm,3,7.5723397,9.84369284511343,2.271353145113431,False,3
qonductor_single_circuit_ibm|row264,qonductor_single_circuit_ibm,3,2.13719827,5.212261450635063,3.0750631806350635,False,3
qonductor_single_circuit_ibm|row2644,qonductor_single_circuit_ibm,3,20.908274077999998,22.513191942402372,1.604917864402374,False,3
qonductor_single_circuit_ibm|row2651,qonductor_single_circuit_ibm,3,12.214799023,9.25128099663691,2.96351802636309,False,3
qonductor_single_circuit_ibm|row2652,qonductor_single_circuit_ibm,3,12.205087319999999,9.37650960899331,2.828577711006689,False,3
qonductor_single_circuit_ibm|row2655,qonductor_single_circuit_ibm,3,12.092941511000001,9.190193721149608,2.902747789850393,False,3
qonductor_single_circuit_ibm|row2657,qonductor_single_circuit_ibm,3,7.286766933,7.723733638963532,0.43696670596353204,False,3
qonductor_single_circuit_ibm|row2659,qonductor_single_circuit_ibm,3,26.828122310999998,18.843939029121273,7.984183281878725,False,3
qonductor_single_circuit_ibm|row2664,qonductor_single_circuit_ibm,3,27.064157619,18.815867398420693,8.248290220579307,False,3
qonductor_single_circuit_ibm|row2666,qonductor_single_circuit_ibm,3,7.491051841000001,8.335250880141567,0.8441990391415661,False,3
qonductor_single_circuit_ibm|row2668,qonductor_single_circuit_ibm,3,10.679205252,7.777526885468236,2.9016783665317636,False,3
qonductor_single_circuit_ibm|row2673,qonductor_single_circuit_ibm,3,7.585090245,8.335250880141567,0.7501606351415671,False,3
qonductor_single_circuit_ibm|row2675,qonductor_single_circuit_ibm,3,10.546961577,7.629196926443906,2.9177646505560935,False,3
qonductor_single_circuit_ibm|row2683,qonductor_single_circuit_ibm,3,10.631682795,7.512289907471316,3.119392887528684,False,3
qonductor_single_circuit_ibm|row2686,qonductor_single_circuit_ibm,3,10.572688271,7.512289907471316,3.0603983635286847,False,3
qonductor_single_circuit_ibm|row2688,qonductor_single_circuit_ibm,3,7.3845061979999995,8.171985655882484,0.7874794578824842,False,3
qonductor_single_circuit_ibm|row2691,qonductor_single_circuit_ibm,3,10.493206774,7.3281572589359225,3.1650495150640783,False,3
qonductor_single_circuit_ibm|row2706,qonductor_single_circuit_ibm,3,7.2300336650000006,9.891391255751618,2.661357590751617,False,3
qonductor_single_circuit_ibm|row2722,qonductor_single_circuit_ibm,3,6.791637223,7.410063539622903,0.6184263166229025,False,3
qonductor_single_circuit_ibm|row2730,qonductor_single_circuit_ibm,3,7.149025581,7.092450446891579,0.056575134108420855,False,3
qonductor_single_circuit_ibm|row2733,qonductor_single_circuit_ibm,3,6.577602492,7.042302567572513,0.46470007557251325,False,3
qonductor_single_circuit_ibm|row2734,qonductor_single_circuit_ibm,3,6.822113087000001,7.667725655365282,0.8456125683652811,False,3
qonductor_single_circuit_ibm|row2737,qonductor_single_circuit_ibm,3,6.69779545,7.564923992782236,0.8671285427822362,False,3
qonductor_single_circuit_ibm|row2750,qonductor_single_circuit_ibm,3,8.672007878,8.113645531262861,0.5583623467371392,False,3
qonductor_single_circuit_ibm|row2759,qonductor_single_circuit_ibm,3,7.846007412,8.106958195803964,0.2609507838039642,False,3
qonductor_single_circuit_ibm|row2761,qonductor_single_circuit_ibm,3,13.042005245,8.113645531262861,4.928359713737139,False,3
qonductor_single_circuit_ibm|row2766,qonductor_single_circuit_ibm,3,8.044851816000001,8.968679702868519,0.9238278868685175,False,3
qonductor_single_circuit_ibm|row2773,qonductor_single_circuit_ibm,3,18.328403087,20.416645725359473,2.088242638359471,False,3
qonductor_single_circuit_ibm|row2785,qonductor_single_circuit_ibm,3,9.414332852000001,7.201310586668315,2.213022265331686,False,3
qonductor_single_circuit_ibm|row2786,qonductor_single_circuit_ibm,3,9.417746137000002,7.201310586668315,2.2164355503316866,False,3
qonductor_single_circuit_ibm|row2787,qonductor_single_circuit_ibm,3,10.199402708,7.201310586668315,2.998092121331684,False,3
qonductor_single_circuit_ibm|row2788,qonductor_single_circuit_ibm,3,8.421666359,7.201310586668315,1.2203557723316845,False,3
qonductor_single_circuit_ibm|row2789,qonductor_single_circuit_ibm,3,8.540190714,7.201310586668315,1.3388801273316844,False,3
qonductor_single_circuit_ibm|row2793,qonductor_single_circuit_ibm,3,7.989333847000001,7.287275333122017,0.7020585138779838,False,3
qonductor_single_circuit_ibm|row2807,qonductor_single_circuit_ibm,3,8.866966485999999,9.102638043766543,0.23567155776654403,False,3
qonductor_single_circuit_ibm|row2810,qonductor_single_circuit_ibm,3,7.774192396999999,7.686289488289424,0.08790290871057493,False,3
qonductor_single_circuit_ibm|row2811,qonductor_single_circuit_ibm,3,8.873274775999999,8.818732766262897,0.05454200973710144,False,3
qonductor_single_circuit_ibm|row2814,qonductor_single_circuit_ibm,3,9.061313338,8.573494902848982,0.4878184351510182,False,3
qonductor_single_circuit_ibm|row2815,qonductor_single_circuit_ibm,3,8.987682196,8.573494902848982,0.4141872931510182,False,3
qonductor_single_circuit_ibm|row2817,qonductor_single_circuit_ibm,3,8.52235683,9.349972956136648,0.8276161261366486,False,3
qonductor_single_circuit_ibm|row2818,qonductor_single_circuit_ibm,3,8.725830527000001,9.349972956136648,0.6241424291366471,False,3
qonductor_single_circuit_ibm|row2819,qonductor_single_circuit_ibm,3,8.670997747000001,8.883582785987192,0.21258503898719106,False,3
qonductor_single_circuit_ibm|row2825,qonductor_single_circuit_ibm,3,8.717504734999999,9.885238745566033,1.1677340105660345,False,3
qonductor_single_circuit_ibm|row2826,qonductor_single_circuit_ibm,3,12.696318043,7.4429193243101235,5.253398718689876,False,3
qonductor_single_circuit_ibm|row2829,qonductor_single_circuit_ibm,3,7.492162545999999,7.4429193243101235,0.04924322168987594,False,3
qonductor_single_circuit_ibm|row2835,qonductor_single_circuit_ibm,3,7.0962917480000005,7.51973874938145,0.4234470013814491,False,3
qonductor_single_circuit_ibm|row2836,qonductor_single_circuit_ibm,3,7.529125173000001,8.957161596473812,1.4280364234738112,False,3
qonductor_single_circuit_ibm|row2838,qonductor_single_circuit_ibm,3,7.800578691,8.989946357771261,1.1893676667712612,False,3
qonductor_single_circuit_ibm|row2843,qonductor_single_circuit_ibm,3,7.412472846,8.153538536156097,0.7410656901560966,False,3
qonductor_single_circuit_ibm|row2850,qonductor_single_circuit_ibm,3,3.661761272,5.387353921623871,1.7255926496238705,False,3
qonductor_single_circuit_ibm|row2853,qonductor_single_circuit_ibm,3,3.3232795809999995,5.387353921623871,2.064074340623871,False,3
qonductor_single_circuit_ibm|row2866,qonductor_single_circuit_ibm,3,6.760610438,6.907068792001487,0.14645835400148766,False,3
qonductor_single_circuit_ibm|row2868,qonductor_single_circuit_ibm,3,6.642319366,6.928681174054319,0.2863618080543189,False,3
qonductor_single_circuit_ibm|row2873,qonductor_single_circuit_ibm,3,11.899965255,9.70403930162267,2.19592595337733,False,3
qonductor_single_circuit_ibm|row2878,qonductor_single_circuit_ibm,3,6.00016149,4.840628202039961,1.1595332879600386,False,3
qonductor_single_circuit_ibm|row2879,qonductor_single_circuit_ibm,3,6.101931368000001,4.840628202039961,1.2613031659600393,False,3
qonductor_single_circuit_ibm|row2880,qonductor_single_circuit_ibm,3,5.643964369,4.840628202039961,0.8033361669600385,False,3
qonductor_single_circuit_ibm|row2882,qonductor_single_circuit_ibm,3,5.412112195000001,4.840628202039961,0.5714839929600393,False,3
qonductor_single_circuit_ibm|row2884,qonductor_single_circuit_ibm,3,5.179974035,5.239222951243704,0.05924891624370421,False,3
qonductor_single_circuit_ibm|row2891,qonductor_single_circuit_ibm,3,2.9953296430000003,2.956819683634816,0.03850995936518409,False,3
qonductor_single_circuit_ibm|row2892,qonductor_single_circuit_ibm,3,4.897691741999999,5.239222951243704,0.34153120924370484,False,3
qonductor_single_circuit_ibm|row2902,qonductor_single_circuit_ibm,3,5.193035482,4.751927160180074,0.4411083218199261,False,3
qonductor_single_circuit_ibm|row2906,qonductor_single_circuit_ibm,3,4.704502775,4.808728554645713,0.10422577964571289,False,3
qonductor_single_circuit_ibm|row2910,qonductor_single_circuit_ibm,3,8.428584468,6.6260143756605565,1.8025700923394439,False,3
qonductor_single_circuit_ibm|row2911,qonductor_single_circuit_ibm,3,4.164631664,5.019199343870829,0.8545676798708293,False,3
qonductor_single_circuit_ibm|row2927,qonductor_single_circuit_ibm,3,4.461427155000001,5.940671338147976,1.4792441831479755,False,3
qonductor_single_circuit_ibm|row2929,qonductor_single_circuit_ibm,3,5.884198486999999,6.443962930087537,0.5597644430875377,False,3
qonductor_single_circuit_ibm|row2933,qonductor_single_circuit_ibm,3,6.226260821,7.058408906256873,0.8321480852568728,False,3
qonductor_single_circuit_ibm|row2937,qonductor_single_circuit_ibm,3,6.265190424,7.651602036061172,1.3864116120611722,False,3
qonductor_single_circuit_ibm|row2954,qonductor_single_circuit_ibm,3,4.814233991,5.888997173051655,1.0747631820516546,False,3
qonductor_single_circuit_ibm|row2960,qonductor_single_circuit_ibm,3,4.681691405,5.888997173051655,1.207305768051655,False,3
qonductor_single_circuit_ibm|row2961,qonductor_single_circuit_ibm,3,4.84247096,6.8033121762962185,1.9608412162962185,False,3
qonductor_single_circuit_ibm|row2964,qonductor_single_circuit_ibm,3,5.065789393999999,6.93340190282446,1.8676125088244602,False,3
qonductor_single_circuit_ibm|row2966,qonductor_single_circuit_ibm,3,4.632743100999999,5.0605173698489425,0.42777426884894343,False,3
qonductor_single_circuit_ibm|row2980,qonductor_single_circuit_ibm,3,4.722536698,6.8033121762962185,2.0807754782962187,False,3
qonductor_single_circuit_ibm|row2986,qonductor_single_circuit_ibm,3,3.8749289740000004,5.134669514017553,1.2597405400175523,False,3
qonductor_single_circuit_ibm|row2998,qonductor_single_circuit_ibm,3,5.470795623,7.775051699389745,2.304256076389745,False,3
qonductor_single_circuit_ibm|row2999,qonductor_single_circuit_ibm,3,11.734698697,15.92258428897414,4.187885591974139,False,3
qonductor_single_circuit_ibm|row30,qonductor_single_circuit_ibm,3,2.649929948,6.216339416632328,3.566409468632328,False,3
qonductor_single_circuit_ibm|row3016,qonductor_single_circuit_ibm,3,2.6779912890000004,4.116048331522614,1.4380570425226136,False,3
qonductor_single_circuit_ibm|row3019,qonductor_single_circuit_ibm,3,8.333973339,7.197137884728675,1.136835454271325,False,3
qonductor_single_circuit_ibm|row3031,qonductor_single_circuit_ibm,3,2.618545658,3.7764584801700187,1.1579128221700188,False,3
qonductor_single_circuit_ibm|row3037,qonductor_single_circuit_ibm,3,2.678645095,3.8715094212296086,1.1928643262296088,False,3
qonductor_single_circuit_ibm|row3040,qonductor_single_circuit_ibm,3,7.902314305,8.460395880014234,0.558081575014234,False,3
qonductor_single_circuit_ibm|row3042,qonductor_single_circuit_ibm,3,7.963955572,6.287057597868082,1.6768979741319177,False,3
qonductor_single_circuit_ibm|row3043,qonductor_single_circuit_ibm,3,6.379799781,3.8715094212296086,2.5082903597703914,False,3
qonductor_single_circuit_ibm|row3046,qonductor_single_circuit_ibm,3,7.7405668489999995,8.460395880014234,0.7198290310142346,False,3
qonductor_single_circuit_ibm|row3047,qonductor_single_circuit_ibm,3,7.573086576,6.129935929900177,1.4431506460998227,False,3
qonductor_single_circuit_ibm|row3054,qonductor_single_circuit_ibm,3,7.616761508999999,6.616420514349041,1.0003409946509576,False,3
qonductor_single_circuit_ibm|row3070,qonductor_single_circuit_ibm,3,7.531224828,6.454157897488942,1.0770669305110578,False,3
qonductor_single_circuit_ibm|row3072,qonductor_single_circuit_ibm,3,6.219768137,3.7764584801700187,2.4433096568299812,False,3
qonductor_single_circuit_ibm|row3073,qonductor_single_circuit_ibm,3,5.20189384,3.8715094212296086,1.3303844187703917,False,3
qonductor_single_circuit_ibm|row3075,qonductor_single_circuit_ibm,3,7.327834759999999,8.086674716721204,0.7588399567212045,False,3
qonductor_single_circuit_ibm|row3076,qonductor_single_circuit_ibm,3,7.202753835,8.086674716721204,0.8839208817212034,False,3
qonductor_single_circuit_ibm|row3077,qonductor_single_circuit_ibm,3,7.94715382,6.454157897488942,1.4929959225110574,False,3
qonductor_single_circuit_ibm|row3078,qonductor_single_circuit_ibm,3,7.5658638510000005,6.454157897488942,1.1117059535110583,False,3
qonductor_single_circuit_ibm|row3080,qonductor_single_circuit_ibm,3,5.988637322,4.623015288404995,1.3656220335950051,False,3
qonductor_single_circuit_ibm|row3081,qonductor_single_circuit_ibm,3,2.903650114,3.0325782781268877,0.1289281641268878,False,3
qonductor_single_circuit_ibm|row3086,qonductor_single_circuit_ibm,3,8.339239495,6.454157897488942,1.885081597511057,False,3
qonductor_single_circuit_ibm|row31,qonductor_single_circuit_ibm,3,2.732772053,6.216339416632328,3.483567363632328,False,3
qonductor_single_circuit_ibm|row3103,qonductor_single_circuit_ibm,3,8.125131579,8.28757463840138,0.16244305940138126,False,3
qonductor_single_circuit_ibm|row3105,qonductor_single_circuit_ibm,3,7.600171201,7.647052945953533,0.04688174495353259,False,3
qonductor_single_circuit_ibm|row3114,qonductor_single_circuit_ibm,3,5.168852052999999,3.7980063217311413,1.370845731268858,False,3
qonductor_single_circuit_ibm|row3118,qonductor_single_circuit_ibm,3,6.751608372,7.711233943418434,0.9596255714184343,False,3
qonductor_single_circuit_ibm|row3134,qonductor_single_circuit_ibm,3,7.692686240999999,6.7051875288840455,0.9874987121159533,False,3
qonductor_single_circuit_ibm|row3139,qonductor_single_circuit_ibm,3,6.403165745999999,4.145472158054667,2.257693587945332,False,3
qonductor_single_circuit_ibm|row3140,qonductor_single_circuit_ibm,3,7.179083747000001,7.1651450913944394,0.0139386556055614,False,3
qonductor_single_circuit_ibm|row3144,qonductor_single_circuit_ibm,3,3.583747686,5.296564583841233,1.712816897841233,False,3
qonductor_single_circuit_ibm|row3147,qonductor_single_circuit_ibm,3,7.091120168,7.2041505243466295,0.11303035634662972,False,3
qonductor_single_circuit_ibm|row315,qonductor_single_circuit_ibm,3,4.489140530999999,4.640682404949478,0.15154187394947893,False,3
qonductor_single_circuit_ibm|row3155,qonductor_single_circuit_ibm,3,7.120591999999999,7.2041505243466295,0.08355852434663014,False,3
qonductor_single_circuit_ibm|row3158,qonductor_single_circuit_ibm,3,3.314096409,5.126996447481247,1.812900038481247,False,3
qonductor_single_circuit_ibm|row3159,qonductor_single_circuit_ibm,3,3.2511721940000005,5.126996447481247,1.8758242534812464,False,3
qonductor_single_circuit_ibm|row316,qonductor_single_circuit_ibm,3,6.941300708000001,4.640682404949478,2.3006183030505225,False,3
qonductor_single_circuit_ibm|row3162,qonductor_single_circuit_ibm,3,7.136603744,7.2041505243466295,0.0675467803466292,False,3
qonductor_single_circuit_ibm|row317,qonductor_single_circuit_ibm,3,5.421071320999999,4.640682404949478,0.7803889160505211,False,3
qonductor_single_circuit_ibm|row3174,qonductor_single_circuit_ibm,3,7.283795013999999,7.691935757960588,0.40814074396058864,False,3
qonductor_single_circuit_ibm|row318,qonductor_single_circuit_ibm,3,4.791231744,4.640682404949478,0.1505493390505217,False,3
qonductor_single_circuit_ibm|row3180,qonductor_single_circuit_ibm,3,5.876777696,6.747796962860182,0.8710192668601815,False,3
qonductor_single_circuit_ibm|row3181,qonductor_single_circuit_ibm,3,5.864617219,6.747796962860182,0.8831797438601816,False,3
qonductor_single_circuit_ibm|row3182,qonductor_single_circuit_ibm,3,5.997298466,6.747796962860182,0.7504984968601818,False,3
qonductor_single_circuit_ibm|row3183,qonductor_single_circuit_ibm,3,5.984132679,6.747796962860182,0.7636642838601819,False,3
qonductor_single_circuit_ibm|row3184,qonductor_single_circuit_ibm,3,6.012445574,6.747796962860182,0.7353513888601819,False,3
qonductor_single_circuit_ibm|row3187,qonductor_single_circuit_ibm,3,5.781145618,6.518764370729841,0.7376187527298406,False,3
qonductor_single_circuit_ibm|row3189,qonductor_single_circuit_ibm,3,5.977431929,6.518764370729841,0.5413324417298409,False,3
qonductor_single_circuit_ibm|row319,qonductor_single_circuit_ibm,3,4.838320129,4.640682404949478,0.19763772405052205,False,3
qonductor_single_circuit_ibm|row3196,qonductor_single_circuit_ibm,3,3.688645411,5.2758179973516715,1.5871725863516715,False,3
qonductor_single_circuit_ibm|row3198,qonductor_single_circuit_ibm,3,6.331231072,8.015323417472812,1.6840923454728127,False,3
qonductor_single_circuit_ibm|row3199,qonductor_single_circuit_ibm,3,3.7932362060000004,5.2758179973516715,1.482581791351671,False,3
qonductor_single_circuit_ibm|row32,qonductor_single_circuit_ibm,3,2.772554633,6.216339416632328,3.4437847836323283,False,3
qonductor_single_circuit_ibm|row3207,qonductor_single_circuit_ibm,3,5.933458276,7.953742287406996,2.0202840114069964,False,3
qonductor_single_circuit_ibm|row3208,qonductor_single_circuit_ibm,3,5.960496720999999,8.157707726527514,2.1972110055275147,False,3
qonductor_single_circuit_ibm|row3215,qonductor_single_circuit_ibm,3,6.647445674999999,6.78429026521417,0.13684459021417084,False,3
qonductor_single_circuit_ibm|row3222,qonductor_single_circuit_ibm,3,5.9520994289999996,4.897849899290282,1.0542495297097174,False,3
qonductor_single_circuit_ibm|row3227,qonductor_single_circuit_ibm,3,6.797155266000001,5.215765177373258,1.5813900886267431,False,3
qonductor_single_circuit_ibm|row3228,qonductor_single_circuit_ibm,3,5.932310983,5.313373940604052,0.6189370423959479,False,3
qonductor_single_circuit_ibm|row3237,qonductor_single_circuit_ibm,3,6.050231086,8.213424628498702,2.1631935424987017,False,3
qonductor_single_circuit_ibm|row3279,qonductor_single_circuit_ibm,3,4.736337526,5.308594646124944,0.5722571201249442,False,3
qonductor_single_circuit_ibm|row3282,qonductor_single_circuit_ibm,3,5.532150325,4.621489102951412,0.9106612220485877,False,3
qonductor_single_circuit_ibm|row3284,qonductor_single_circuit_ibm,3,4.673827277,4.742647611191883,0.06882033419188271,False,3
qonductor_single_circuit_ibm|row3285,qonductor_single_circuit_ibm,3,4.711700389000001,4.777882106282336,0.06618171728233513,False,3
qonductor_single_circuit_ibm|row3289,qonductor_single_circuit_ibm,3,9.175907252,11.515137081062871,2.3392298290628712,False,3
qonductor_single_circuit_ibm|row3297,qonductor_single_circuit_ibm,3,3.2811333469999995,2.541651846971393,0.7394815000286066,False,3
qonductor_single_circuit_ibm|row3299,qonductor_single_circuit_ibm,3,3.5713129019999994,2.541651846971393,1.0296610550286065,False,3
qonductor_single_circuit_ibm|row33,qonductor_single_circuit_ibm,3,7.20386402,3.7211684858345326,3.4826955341654675,False,3
qonductor_single_circuit_ibm|row3301,qonductor_single_circuit_ibm,3,3.33776056,2.6268423039644055,0.7109182560355944,False,3
qonductor_single_circuit_ibm|row3302,qonductor_single_circuit_ibm,3,3.1129102459999998,2.541651846971393,0.5712583990286069,False,3
qonductor_single_circuit_ibm|row3303,qonductor_single_circuit_ibm,3,3.529103202,3.792833175782602,0.2637299737826022,False,3
qonductor_single_circuit_ibm|row3314,qonductor_single_circuit_ibm,3,2.728322026,2.627529736015237,0.10079228998476264,False,3
qonductor_single_circuit_ibm|row3327,qonductor_single_circuit_ibm,3,7.203173832,7.686289488289424,0.4831156562894243,False,3
qonductor_single_circuit_ibm|row335,qonductor_single_circuit_ibm,3,1.249010554,3.0290981178374214,1.7800875638374214,False,3
qonductor_single_circuit_ibm|row3350,qonductor_single_circuit_ibm,3,7.2539027659999995,8.917450601044868,1.6635478350448683,False,3
qonductor_single_circuit_ibm|row3351,qonductor_single_circuit_ibm,3,7.272700304000001,8.892345054095445,1.6196447500954445,False,3
qonductor_single_circuit_ibm|row3357,qonductor_single_circuit_ibm,3,7.367174752,7.668842835059713,0.30166808305971227,False,3
qonductor_single_circuit_ibm|row3358,qonductor_single_circuit_ibm,3,2.597903437,2.956819683634816,0.35891624663481636,False,3
qonductor_single_circuit_ibm|row336,qonductor_single_circuit_ibm,3,1.356295823,3.0290981178374214,1.6728022948374215,False,3
qonductor_single_circuit_ibm|row3368,qonductor_single_circuit_ibm,3,16.464140129,14.985903845365005,1.4782362836349954,False,3
qonductor_single_circuit_ibm|row337,qonductor_single_circuit_ibm,3,1.240100468,3.0290981178374214,1.7889976498374214,False,3
qonductor_single_circuit_ibm|row3371,qonductor_single_circuit_ibm,3,17.036648025999998,6.907068792001487,10.129579233998511,False,3
qonductor_single_circuit_ibm|row3379,qonductor_single_circuit_ibm,3,6.470104762,6.744849322913443,0.2747445609134429,False,3
qonductor_single_circuit_ibm|row338,qonductor_single_circuit_ibm,3,1.2466873799999998,3.0290981178374214,1.7824107378374217,False,3
qonductor_single_circuit_ibm|row3383,qonductor_single_circuit_ibm,3,3.575820951,4.933942718374649,1.3581217673746488,False,3
qonductor_single_circuit_ibm|row3387,qonductor_single_circuit_ibm,3,6.470652254000001,6.714695589600668,0.24404333560066682,False,3
qonductor_single_circuit_ibm|row339,qonductor_single_circuit_ibm,3,1.197142101,3.0290981178374214,1.8319560168374214,False,3
qonductor_single_circuit_ibm|row3397,qonductor_single_circuit_ibm,3,3.273684624,4.253578069514679,0.9798934455146795,False,3
qonductor_single_circuit_ibm|row3399,qonductor_single_circuit_ibm,3,3.225996172,4.121504260845647,0.8955080888456473,False,3
qonductor_single_circuit_ibm|row34,qonductor_single_circuit_ibm,3,7.257976870999999,3.7211684858345326,3.536808385165467,False,3
qonductor_single_circuit_ibm|row3401,qonductor_single_circuit_ibm,3,5.112393095,6.064264306844881,0.9518712118448809,False,3
qonductor_single_circuit_ibm|row3402,qonductor_single_circuit_ibm,3,5.523091988,6.064264306844881,0.5411723188448807,False,3
qonductor_single_circuit_ibm|row3403,qonductor_single_circuit_ibm,3,5.299971150999999,6.064264306844881,0.7642931558448813,False,3
qonductor_single_circuit_ibm|row3404,qonductor_single_circuit_ibm,3,5.339913252,6.064264306844881,0.724351054844881,False,3
qonductor_single_circuit_ibm|row3405,qonductor_single_circuit_ibm,3,6.104135813,6.064264306844881,0.03987150615511936,False,3
qonductor_single_circuit_ibm|row3415,qonductor_single_circuit_ibm,3,5.285269865000001,7.0292291191996386,1.7439592541996376,False,3
qonductor_single_circuit_ibm|row3418,qonductor_single_circuit_ibm,3,5.612834960999999,7.054274441196515,1.4414394801965162,False,3
qonductor_single_circuit_ibm|row3420,qonductor_single_circuit_ibm,3,5.181997902999999,7.054274441196515,1.872276538196516,False,3
qonductor_single_circuit_ibm|row3423,qonductor_single_circuit_ibm,3,3.363582602,3.081038021023658,0.2825445809763423,False,3
qonductor_single_circuit_ibm|row3424,qonductor_single_circuit_ibm,3,3.580314594,3.081038021023658,0.499276572976342,False,3
qonductor_single_circuit_ibm|row3426,qonductor_single_circuit_ibm,3,5.283519490000001,6.8773678517807175,1.5938483617807169,False,3
qonductor_single_circuit_ibm|row3439,qonductor_single_circuit_ibm,3,2.7356690400000003,2.627529736015237,0.10813930398476312,False,3
qonductor_single_circuit_ibm|row3442,qonductor_single_circuit_ibm,3,2.712140239,2.627529736015237,0.0846105029847628,False,3
qonductor_single_circuit_ibm|row3446,qonductor_single_circuit_ibm,3,2.9058451250000004,2.6647639650777726,0.24108115992222778,False,3
qonductor_single_circuit_ibm|row3453,qonductor_single_circuit_ibm,3,3.073382884,2.5893035622783738,0.48407932172162615,False,3
qonductor_single_circuit_ibm|row3454,qonductor_single_circuit_ibm,3,4.92447989,5.693418364777793,0.7689384747777934,False,3
qonductor_single_circuit_ibm|row3468,qonductor_single_circuit_ibm,3,4.755587855000001,6.87305697187742,2.1174691168774196,False,3
qonductor_single_circuit_ibm|row3471,qonductor_single_circuit_ibm,3,4.493327278000001,5.693418364777793,1.2000910867777925,False,3
qonductor_single_circuit_ibm|row3476,qonductor_single_circuit_ibm,3,8.738326446999999,5.226608683874677,3.511717763125322,False,3
qonductor_single_circuit_ibm|row3480,qonductor_single_circuit_ibm,3,8.791961471999999,4.672878129394151,4.1190833426058475,False,3
qonductor_single_circuit_ibm|row3484,qonductor_single_circuit_ibm,3,2.081716824,2.2204402605383975,0.13872343653839758,False,3
qonductor_single_circuit_ibm|row3485,qonductor_single_circuit_ibm,3,1.988505324,2.2204402605383975,0.23193493653839758,False,3
qonductor_single_circuit_ibm|row3488,qonductor_single_circuit_ibm,3,9.058172516,4.704614355150433,4.353558160849568,False,3
qonductor_single_circuit_ibm|row3490,qonductor_single_circuit_ibm,3,8.804027541,5.179645844086452,3.624381696913548,False,3
qonductor_single_circuit_ibm|row35,qonductor_single_circuit_ibm,3,7.109459452,3.7211684858345326,3.3882909661654677,False,3
qonductor_single_circuit_ibm|row3506,qonductor_single_circuit_ibm,3,11.147844128999997,5.336241889003681,5.811602239996317,False,3
qonductor_single_circuit_ibm|row3511,qonductor_single_circuit_ibm,3,8.811712664000002,6.176592453708679,2.6351202102913227,False,3
qonductor_single_circuit_ibm|row3516,qonductor_single_circuit_ibm,3,8.328047849999999,6.207776683889574,2.1202711661104248,False,3
qonductor_single_circuit_ibm|row3526,qonductor_single_circuit_ibm,3,2.779861662,2.903181233818306,0.123319571818306,False,3
qonductor_single_circuit_ibm|row3533,qonductor_single_circuit_ibm,3,2.584909063,3.96139563888113,1.3764865758811302,False,3
qonductor_single_circuit_ibm|row3542,qonductor_single_circuit_ibm,3,2.8111188840000003,2.448534704992462,0.36258417900753814,False,3
qonductor_single_circuit_ibm|row3543,qonductor_single_circuit_ibm,3,2.6578592899999998,2.2717581831650855,0.3861011068349143,False,3
qonductor_single_circuit_ibm|row3548,qonductor_single_circuit_ibm,3,2.732880713,2.903181233818306,0.17030052081830593,False,3
qonductor_single_circuit_ibm|row355,qonductor_single_circuit_ibm,3,1.179160182,2.1012394183858745,0.9220792363858745,False,3
qonductor_single_circuit_ibm|row3551,qonductor_single_circuit_ibm,3,3.085883183,2.903181233818306,0.1827019491816939,False,3
qonductor_single_circuit_ibm|row3559,qonductor_single_circuit_ibm,3,7.270688187999999,6.641333279014344,0.6293549089856558,False,3
qonductor_single_circuit_ibm|row356,qonductor_single_circuit_ibm,3,0.9698415880000001,2.1012394183858745,1.1313978303858745,False,3
qonductor_single_circuit_ibm|row3564,qonductor_single_circuit_ibm,3,3.693882431,3.96139563888113,0.2675132078811302,False,3
qonductor_single_circuit_ibm|row3569,qonductor_single_circuit_ibm,3,3.447495601,4.344643500900008,0.8971478999000082,False,3
qonductor_single_circuit_ibm|row357,qonductor_single_circuit_ibm,3,1.164619271,2.1012394183858745,0.9366201473858744,False,3
qonductor_single_circuit_ibm|row3576,qonductor_single_circuit_ibm,3,8.050835645,7.647052945953533,0.4037826990464666,False,3
qonductor_single_circuit_ibm|row358,qonductor_single_circuit_ibm,3,1.1610001939999999,2.1012394183858745,0.9402392243858746,False,3
qonductor_single_circuit_ibm|row359,qonductor_single_circuit_ibm,3,1.007683339,2.1012394183858745,1.0935560793858745,False,3
qonductor_single_circuit_ibm|row3594,qonductor_single_circuit_ibm,3,2.668141121,2.4548514222640656,0.2132896987359345,False,3
qonductor_single_circuit_ibm|row3595,qonductor_single_circuit_ibm,3,2.8279551729999994,2.4548514222640656,0.3731037507359338,False,3
qonductor_single_circuit_ibm|row3598,qonductor_single_circuit_ibm,3,8.092952085999999,5.336241889003681,2.756710196996318,False,3
qonductor_single_circuit_ibm|row3600,qonductor_single_circuit_ibm,3,8.097179531,5.792997144917265,2.3041823860827355,False,3
qonductor_single_circuit_ibm|row3603,qonductor_single_circuit_ibm,3,7.426750867000001,6.058517268002878,1.368233598997123,False,3
qonductor_single_circuit_ibm|row3614,qonductor_single_circuit_ibm,3,6.6835652329999995,4.946891891101661,1.7366733418983387,False,3
qonductor_single_circuit_ibm|row3617,qonductor_single_circuit_ibm,3,6.436608907999999,4.771357520455305,1.6652513875446946,False,3
qonductor_single_circuit_ibm|row3642,qonductor_single_circuit_ibm,3,2.676926009,3.027834796123792,0.3509087871237919,False,3
qonductor_single_circuit_ibm|row3651,qonductor_single_circuit_ibm,3,6.1181365990000005,5.218579920953303,0.8995566780466975,False,3
qonductor_single_circuit_ibm|row3655,qonductor_single_circuit_ibm,3,2.529803356,3.0006836744895162,0.4708803184895163,False,3
qonductor_single_circuit_ibm|row3661,qonductor_single_circuit_ibm,3,3.2827830070000004,3.010088168997497,0.2726948380025034,False,3
qonductor_single_circuit_ibm|row3662,qonductor_single_circuit_ibm,3,2.927686046,3.0006836744895162,0.07299762848951641,False,3
qonductor_single_circuit_ibm|row3663,qonductor_single_circuit_ibm,3,2.551433957,3.0223703400978534,0.47093638309785346,False,3
qonductor_single_circuit_ibm|row3673,qonductor_single_circuit_ibm,3,5.485835271999999,4.131356626172938,1.3544786458270615,False,3
qonductor_single_circuit_ibm|row3682,qonductor_single_circuit_ibm,3,5.5428972739999995,3.9870872879277193,1.5558099860722803,False,3
qonductor_single_circuit_ibm|row3685,qonductor_single_circuit_ibm,3,5.514799795,4.668673194973611,0.8461266000263894,False,3
qonductor_single_circuit_ibm|row3692,qonductor_single_circuit_ibm,3,6.257761741,6.0354344074981245,0.22232733350187583,False,3
qonductor_single_circuit_ibm|row3702,qonductor_single_circuit_ibm,3,10.304807282,4.352304307495804,5.952502974504196,False,3
qonductor_single_circuit_ibm|row3706,qonductor_single_circuit_ibm,3,5.203226095000001,4.129599745585734,1.0736263494142664,False,3
qonductor_single_circuit_ibm|row3712,qonductor_single_circuit_ibm,3,4.71453819,3.4264783913648262,1.2880597986351736,False,3
qonductor_single_circuit_ibm|row3717,qonductor_single_circuit_ibm,3,5.062767974,4.016812895321445,1.0459550786785545,False,3
qonductor_single_circuit_ibm|row3723,qonductor_single_circuit_ibm,3,5.298057405,3.9886532997669035,1.3094041052330962,False,3
qonductor_single_circuit_ibm|row3724,qonductor_single_circuit_ibm,3,5.107076002,4.336594573768178,0.7704814282318226,False,3
qonductor_single_circuit_ibm|row3727,qonductor_single_circuit_ibm,3,5.046535104,4.344643500900008,0.701891603099992,False,3
qonductor_single_circuit_ibm|row3739,qonductor_single_circuit_ibm,3,5.475917202,4.177112144114089,1.298805057885911,False,3
qonductor_single_circuit_ibm|row3744,qonductor_single_circuit_ibm,3,7.702820288,7.647052945953533,0.05576734204646705,False,3
qonductor_single_circuit_ibm|row3769,qonductor_single_circuit_ibm,3,4.366959887,4.233578709597245,0.13338117740275557,False,3
qonductor_single_circuit_ibm|row3773,qonductor_single_circuit_ibm,3,4.126180108,4.121086769011045,0.005093338988954699,False,3
qonductor_single_circuit_ibm|row3780,qonductor_single_circuit_ibm,3,10.692225980999998,4.66251931246523,6.029706668534768,False,3
qonductor_single_circuit_ibm|row3789,qonductor_single_circuit_ibm,3,13.328758842,11.78582510190438,1.54293374009562,False,3
qonductor_single_circuit_ibm|row3806,qonductor_single_circuit_ibm,3,6.787535546,6.05267580738466,0.7348597386153397,False,3
qonductor_single_circuit_ibm|row3808,qonductor_single_circuit_ibm,3,7.093592117999999,6.05267580738466,1.040916310615339,False,3
qonductor_single_circuit_ibm|row3817,qonductor_single_circuit_ibm,3,7.634655993,5.994791093106239,1.6398648998937606,False,3
qonductor_single_circuit_ibm|row3824,qonductor_single_circuit_ibm,3,6.071006315,5.002820260424491,1.0681860545755093,False,3
qonductor_single_circuit_ibm|row3826,qonductor_single_circuit_ibm,3,5.987707707,5.002820260424491,0.9848874465755095,False,3
qonductor_single_circuit_ibm|row3827,qonductor_single_circuit_ibm,3,6.4838487559999995,5.002820260424491,1.4810284955755089,False,3
qonductor_single_circuit_ibm|row3829,qonductor_single_circuit_ibm,3,5.936809963,5.002820260424491,0.9339897025755093,False,3
qonductor_single_circuit_ibm|row3830,qonductor_single_circuit_ibm,3,5.952628961,5.002820260424491,0.9498087005755096,False,3
qonductor_single_circuit_ibm|row3834,qonductor_single_circuit_ibm,3,5.867648602,4.954784603055382,0.9128639989446183,False,3
qonductor_single_circuit_ibm|row385,qonductor_single_circuit_ibm,3,8.762008377000003,2.6401479140007593,6.121860462999243,False,3
qonductor_single_circuit_ibm|row3856,qonductor_single_circuit_ibm,3,3.473872943,3.027834796123792,0.4460381468762078,False,3
qonductor_single_circuit_ibm|row386,qonductor_single_circuit_ibm,3,9.207999604000003,2.6401479140007593,6.567851689999244,False,3
qonductor_single_circuit_ibm|row3861,qonductor_single_circuit_ibm,3,2.949557891,3.0325782781268877,0.08302038712688775,False,3
qonductor_single_circuit_ibm|row387,qonductor_single_circuit_ibm,3,8.659467466,2.6401479140007593,6.019319551999241,False,3
qonductor_single_circuit_ibm|row3870,qonductor_single_circuit_ibm,3,2.811628786,3.0223703400978534,0.21074155409785345,False,3
qonductor_single_circuit_ibm|row3872,qonductor_single_circuit_ibm,3,2.8170914729999996,2.703199999195221,0.11389147380477871,False,3
qonductor_single_circuit_ibm|row3874,qonductor_single_circuit_ibm,3,5.933066866,4.897849899290282,1.0352169667097177,False,3
qonductor_single_circuit_ibm|row3876,qonductor_single_circuit_ibm,3,3.4837507660000004,4.199783554714793,0.7160327887147928,False,3
qonductor_single_circuit_ibm|row388,qonductor_single_circuit_ibm,3,9.299895538000001,2.6401479140007593,6.659747623999242,False,3
qonductor_single_circuit_ibm|row3884,qonductor_single_circuit_ibm,3,2.884312164,3.0223703400978534,0.13805817609785365,False,3
qonductor_single_circuit_ibm|row3886,qonductor_single_circuit_ibm,3,7.153542792999999,4.015028017368911,3.138514775631088,False,3
qonductor_single_circuit_ibm|row3889,qonductor_single_circuit_ibm,3,5.894669437,5.392225430271573,0.5024440067284273,False,3
qonductor_single_circuit_ibm|row389,qonductor_single_circuit_ibm,3,8.266028517,2.6401479140007593,5.625880602999241,False,3
qonductor_single_circuit_ibm|row3890,qonductor_single_circuit_ibm,3,5.9656725370000006,5.392225430271573,0.5734471067284277,False,3
qonductor_single_circuit_ibm|row3891,qonductor_single_circuit_ibm,3,5.627651674,5.262996334211991,0.36465533978800924,False,3
qonductor_single_circuit_ibm|row3894,qonductor_single_circuit_ibm,3,5.678538359000001,5.348047879104914,0.3304904798950865,False,3
qonductor_single_circuit_ibm|row3895,qonductor_single_circuit_ibm,3,5.644736062,5.215765177373258,0.42897088462674215,False,3
qonductor_single_circuit_ibm|row3896,qonductor_single_circuit_ibm,3,5.621183940999999,5.300340310059366,0.32084363094063306,False,3
qonductor_single_circuit_ibm|row3898,qonductor_single_circuit_ibm,3,5.700387804,5.300340310059366,0.400047493940634,False,3
qonductor_single_circuit_ibm|row3900,qonductor_single_circuit_ibm,3,5.7211618500000005,5.392225430271573,0.3289364197284277,False,3
qonductor_single_circuit_ibm|row3901,qonductor_single_circuit_ibm,3,5.667456178000001,5.392225430271573,0.27523074772842815,False,3
qonductor_single_circuit_ibm|row3905,qonductor_single_circuit_ibm,3,5.806638744,5.392225430271573,0.41441331372842694,False,3
qonductor_single_circuit_ibm|row3907,qonductor_single_circuit_ibm,3,5.744906437999999,5.392225430271573,0.35268100772842637,False,3
qonductor_single_circuit_ibm|row3915,qonductor_single_circuit_ibm,3,5.585031435,6.071244620022965,0.4862131850229643,False,3
qonductor_single_circuit_ibm|row3918,qonductor_single_circuit_ibm,3,9.710075844,10.971589258735756,1.2615134147357558,False,3
qonductor_single_circuit_ibm|row3921,qonductor_single_circuit_ibm,3,5.7735525050000005,5.403792208087477,0.3697602969125233,False,3
qonductor_single_circuit_ibm|row3922,qonductor_single_circuit_ibm,3,5.744750780000001,5.3671607835120385,0.37758999648796276,False,3
qonductor_single_circuit_ibm|row3926,qonductor_single_circuit_ibm,3,2.9556384179999995,2.969415442929738,0.013777024929738424,False,3
qonductor_single_circuit_ibm|row3932,qonductor_single_circuit_ibm,3,3.07157579,2.969415442929738,0.10216034707026189,False,3
qonductor_single_circuit_ibm|row3938,qonductor_single_circuit_ibm,3,5.979753038999999,4.672878129394151,1.306874909605848,False,3
qonductor_single_circuit_ibm|row3940,qonductor_single_circuit_ibm,3,5.836855483999999,4.782655725531913,1.0541997584680862,False,3
qonductor_single_circuit_ibm|row3944,qonductor_single_circuit_ibm,3,5.9326096370000005,5.179645844086452,0.7529637929135484,False,3
qonductor_single_circuit_ibm|row3945,qonductor_single_circuit_ibm,3,5.735826865,5.179645844086452,0.5561810209135478,False,3
qonductor_single_circuit_ibm|row3953,qonductor_single_circuit_ibm,3,5.299435215,5.304070261156123,0.004635046156122868,False,3
qonductor_single_circuit_ibm|row3963,qonductor_single_circuit_ibm,3,5.85095861,5.816153749969184,0.03480486003081573,False,3
qonductor_single_circuit_ibm|row3964,qonductor_single_circuit_ibm,3,5.586178063999999,5.860411537159127,0.2742334731591276,False,3
qonductor_single_circuit_ibm|row3978,qonductor_single_circuit_ibm,3,2.769458573,3.004920461096655,0.2354618880966548,False,3
qonductor_single_circuit_ibm|row3996,qonductor_single_circuit_ibm,3,5.5952485009999995,5.02761383589512,0.5676346651048796,False,3
qonductor_single_circuit_ibm|row3997,qonductor_single_circuit_ibm,3,5.661323524,4.78079924295627,0.8805242810437299,False,3
qonductor_single_circuit_ibm|row4017,qonductor_single_circuit_ibm,3,4.58904007,4.146623463172061,0.4424166068279396,False,3
qonductor_single_circuit_ibm|row4018,qonductor_single_circuit_ibm,3,4.735799033,4.146623463172061,0.5891755698279395,False,3
qonductor_single_circuit_ibm|row4021,qonductor_single_circuit_ibm,3,4.671805183,4.146623463172061,0.5251817198279394,False,3
qonductor_single_circuit_ibm|row4022,qonductor_single_circuit_ibm,3,4.323827329999999,4.146623463172061,0.17720386682793876,False,3
qonductor_single_circuit_ibm|row4023,qonductor_single_circuit_ibm,3,4.568186134,4.146623463172061,0.42156267082793963,False,3
qonductor_single_circuit_ibm|row4024,qonductor_single_circuit_ibm,3,4.874563502000001,4.116048331522614,0.7585151704773869,False,3
qonductor_single_circuit_ibm|row4027,qonductor_single_circuit_ibm,3,4.836231075,4.116048331522614,0.7201827434773858,False,3
qonductor_single_circuit_ibm|row4030,qonductor_single_circuit_ibm,3,4.829467392000001,3.9746370937385893,0.8548302982614113,False,3
qonductor_single_circuit_ibm|row4033,qonductor_single_circuit_ibm,3,2.894581712,2.7186673805235166,0.17591433147648328,False,3
qonductor_single_circuit_ibm|row4035,qonductor_single_circuit_ibm,3,4.813036209,3.942736288769214,0.870299920230786,False,3
qonductor_single_circuit_ibm|row4036,qonductor_single_circuit_ibm,3,3.132491307,2.784751673966799,0.3477396330332012,False,3
qonductor_single_circuit_ibm|row4038,qonductor_single_circuit_ibm,3,4.814796471,3.83096613381562,0.9838303371843802,False,3
qonductor_single_circuit_ibm|row4039,qonductor_single_circuit_ibm,3,2.873751734,2.784751673966799,0.08900006003320104,False,3
qonductor_single_circuit_ibm|row4044,qonductor_single_circuit_ibm,3,4.413337004000001,3.9994866588347846,0.413850345165216,False,3
qonductor_single_circuit_ibm|row4049,qonductor_single_circuit_ibm,3,1.767201006,2.627180670826428,0.8599796648264277,False,3
qonductor_single_circuit_ibm|row4064,qonductor_single_circuit_ibm,3,5.444669435,7.0446164890127285,1.5999470540127287,False,3
qonductor_single_circuit_ibm|row4065,qonductor_single_circuit_ibm,3,6.050490517999999,5.965045257111483,0.08544526088851612,False,3
qonductor_single_circuit_ibm|row4066,qonductor_single_circuit_ibm,3,3.7000181079999996,2.548741841489464,1.1512762665105356,False,3
qonductor_single_circuit_ibm|row4073,qonductor_single_circuit_ibm,3,3.126528838,2.655703519058484,0.4708253189415159,False,3
qonductor_single_circuit_ibm|row4074,qonductor_single_circuit_ibm,3,3.8044714239999995,2.548741841489464,1.2557295825105355,False,3
qonductor_single_circuit_ibm|row4079,qonductor_single_circuit_ibm,3,4.952527851999999,4.214316133113878,0.738211718886121,False,3
qonductor_single_circuit_ibm|row4086,qonductor_single_circuit_ibm,3,4.769942428,3.453540073619156,1.3164023543808443,False,3
qonductor_single_circuit_ibm|row4088,qonductor_single_circuit_ibm,3,4.95465831,3.5071962004794326,1.4474621095205675,False,3
qonductor_single_circuit_ibm|row4092,qonductor_single_circuit_ibm,3,2.8326327160000004,2.8723437505034117,0.03971103450341129,False,3
qonductor_single_circuit_ibm|row4097,qonductor_single_circuit_ibm,3,5.3557892140000005,4.015028017368911,1.3407611966310897,False,3
qonductor_single_circuit_ibm|row4098,qonductor_single_circuit_ibm,3,4.520694894999999,4.016812895321445,0.503881999678554,False,3
qonductor_single_circuit_ibm|row410,qonductor_single_circuit_ibm,3,1.1455863150000003,1.6944847166518815,0.5488984016518812,False,3
qonductor_single_circuit_ibm|row411,qonductor_single_circuit_ibm,3,1.130041188,1.6944847166518815,0.5644435286518814,False,3
qonductor_single_circuit_ibm|row412,qonductor_single_circuit_ibm,3,1.1755629699999999,1.6944847166518815,0.5189217466518816,False,3
qonductor_single_circuit_ibm|row4128,qonductor_single_circuit_ibm,3,2.8520629879999997,2.6647639650777726,0.1872990229222271,False,3
qonductor_single_circuit_ibm|row413,qonductor_single_circuit_ibm,3,1.1504446230000003,1.6944847166518815,0.5440400936518812,False,3
qonductor_single_circuit_ibm|row4132,qonductor_single_circuit_ibm,3,4.133815491999999,4.3926132568858485,0.25879776488584927,False,3
qonductor_single_circuit_ibm|row414,qonductor_single_circuit_ibm,3,1.0887761550000001,1.6944847166518815,0.6057085616518814,False,3
qonductor_single_circuit_ibm|row4154,qonductor_single_circuit_ibm,3,4.276575192,4.082877984267005,0.19369720773299548,False,3
qonductor_single_circuit_ibm|row4158,qonductor_single_circuit_ibm,3,4.2424366529999995,4.082877984267005,0.15955866873299485,False,3
qonductor_single_circuit_ibm|row4170,qonductor_single_circuit_ibm,3,4.895594549999999,4.343902035808876,0.5516925141911235,False,3
qonductor_single_circuit_ibm|row4171,qonductor_single_circuit_ibm,3,5.1017133459999995,4.343902035808876,0.7578113101911237,False,3
qonductor_single_circuit_ibm|row4173,qonductor_single_circuit_ibm,3,5.072669966,4.358186113809797,0.7144838521902033,False,3
qonductor_single_circuit_ibm|row4174,qonductor_single_circuit_ibm,3,2.040394588,2.5378513724147647,0.4974567844147648,False,3
qonductor_single_circuit_ibm|row4177,qonductor_single_circuit_ibm,3,2.071806151,2.5378513724147647,0.46604522141476457,False,3
qonductor_single_circuit_ibm|row4178,qonductor_single_circuit_ibm,3,2.1014833040000003,2.5378513724147647,0.4363680684147644,False,3
qonductor_single_circuit_ibm|row4180,qonductor_single_circuit_ibm,3,4.585809927,2.495295017704237,2.090514909295763,False,3
qonductor_single_circuit_ibm|row4234,qonductor_single_circuit_ibm,3,5.0405133730000005,8.121779331915878,3.0812659589158775,False,3
qonductor_single_circuit_ibm|row4235,qonductor_single_circuit_ibm,3,4.687422642,8.121779331915878,3.4343566899158784,False,3
qonductor_single_circuit_ibm|row4236,qonductor_single_circuit_ibm,3,4.654404216,8.121779331915878,3.4673751159158783,False,3
qonductor_single_circuit_ibm|row4237,qonductor_single_circuit_ibm,3,4.742710934,8.121779331915878,3.379068397915878,False,3
qonductor_single_circuit_ibm|row4238,qonductor_single_circuit_ibm,3,4.542724567,8.121779331915878,3.5790547649158784,False,3
qonductor_single_circuit_ibm|row4239,qonductor_single_circuit_ibm,3,4.038086323,7.636889024344277,3.598802701344277,False,3
qonductor_single_circuit_ibm|row4240,qonductor_single_circuit_ibm,3,3.919041349,7.636889024344277,3.717847675344277,False,3
qonductor_single_circuit_ibm|row4241,qonductor_single_circuit_ibm,3,4.359246133999999,7.636889024344277,3.2776428903442776,False,3
qonductor_single_circuit_ibm|row4242,qonductor_single_circuit_ibm,3,4.2189476280000004,7.636889024344277,3.4179413963442764,False,3
qonductor_single_circuit_ibm|row4243,qonductor_single_circuit_ibm,3,4.160940054,7.636889024344277,3.4759489703442767,False,3
qonductor_single_circuit_ibm|row4244,qonductor_single_circuit_ibm,3,3.6138642659999998,7.142852140617104,3.5289878746171044,False,3
qonductor_single_circuit_ibm|row4245,qonductor_single_circuit_ibm,3,3.724691603,7.142852140617104,3.418160537617104,False,3
qonductor_single_circuit_ibm|row4246,qonductor_single_circuit_ibm,3,3.5821326379999996,7.142852140617104,3.5607195026171046,False,3
qonductor_single_circuit_ibm|row4247,qonductor_single_circuit_ibm,3,3.646979752,7.142852140617104,3.495872388617104,False,3
qonductor_single_circuit_ibm|row4248,qonductor_single_circuit_ibm,3,4.038546914,7.142852140617104,3.104305226617104,False,3
qonductor_single_circuit_ibm|row4269,qonductor_single_circuit_ibm,3,6.308105358000001,4.208152570622624,2.0999527873773767,False,3
qonductor_single_circuit_ibm|row4270,qonductor_single_circuit_ibm,3,6.471625418,4.208152570622624,2.2634728473773764,False,3
qonductor_single_circuit_ibm|row4271,qonductor_single_circuit_ibm,3,6.309545226999999,4.208152570622624,2.1013926563773753,False,3
qonductor_single_circuit_ibm|row4272,qonductor_single_circuit_ibm,3,6.286132678999999,4.208152570622624,2.077980108377375,False,3
qonductor_single_circuit_ibm|row4273,qonductor_single_circuit_ibm,3,6.466007564,4.208152570622624,2.257854993377376,False,3
qonductor_single_circuit_ibm|row4289,qonductor_single_circuit_ibm,3,5.5680085759999995,5.599602339287818,0.03159376328781871,False,3
qonductor_single_circuit_ibm|row4290,qonductor_single_circuit_ibm,3,5.665842844000001,5.599602339287818,0.06624050471218279,False,3
qonductor_single_circuit_ibm|row4291,qonductor_single_circuit_ibm,3,10.815721955,5.599602339287818,5.2161196157121825,False,3
qonductor_single_circuit_ibm|row4292,qonductor_single_circuit_ibm,3,5.879225985,5.599602339287818,0.27962364571218146,False,3
qonductor_single_circuit_ibm|row4293,qonductor_single_circuit_ibm,3,6.956779179,5.599602339287818,1.3571768397121815,False,3
qonductor_single_circuit_ibm|row4311,qonductor_single_circuit_ibm,3,17.07515402,17.179267940584932,0.10411392058493263,False,3
qonductor_single_circuit_ibm|row4312,qonductor_single_circuit_ibm,3,7.156564678,6.7772636979133365,0.37930098008666313,False,3
qonductor_single_circuit_ibm|row4316,qonductor_single_circuit_ibm,3,14.633305305,15.08783740321149,0.4545320982114891,False,3
qonductor_single_circuit_ibm|row4317,qonductor_single_circuit_ibm,3,6.108059053,6.182881108106191,0.07482205510619089,False,3
qonductor_single_circuit_ibm|row4321,qonductor_single_circuit_ibm,3,11.841839711,12.771437232771238,0.9295975217712371,False,3
qonductor_single_circuit_ibm|row4322,qonductor_single_circuit_ibm,3,5.9374144189999996,5.489286993318947,0.44812742568105257,False,3
qonductor_single_circuit_ibm|row4326,qonductor_single_circuit_ibm,3,9.32206468,10.18244435821967,0.8603796782196689,False,3
qonductor_single_circuit_ibm|row4327,qonductor_single_circuit_ibm,3,4.959346248,4.672878129394151,0.28646811860584886,False,3
qonductor_single_circuit_ibm|row4331,qonductor_single_circuit_ibm,3,6.409023688,7.29664363332599,0.8876199453259899,False,3
qonductor_single_circuit_ibm|row4332,qonductor_single_circuit_ibm,3,4.263399032000001,3.7464327058670777,0.5169663261329229,False,3
qonductor_single_circuit_ibm|row4336,qonductor_single_circuit_ibm,3,4.980071710000001,5.9285780495628195,0.9485063395628188,False,3
qonductor_single_circuit_ibm|row4337,qonductor_single_circuit_ibm,3,4.169753455,3.4364226694093842,0.7333307855906162,False,3
qonductor_single_circuit_ibm|row4377,qonductor_single_circuit_ibm,3,3.2779248369999996,2.6268423039644055,0.651082533035594,False,3
qonductor_single_circuit_ibm|row4378,qonductor_single_circuit_ibm,3,3.1488362989999996,2.6268423039644055,0.5219939950355941,False,3
qonductor_single_circuit_ibm|row4379,qonductor_single_circuit_ibm,3,3.225708384,2.6268423039644055,0.5988660800355943,False,3
qonductor_single_circuit_ibm|row4380,qonductor_single_circuit_ibm,3,3.531550452,2.6268423039644055,0.9047081480355943,False,3
qonductor_single_circuit_ibm|row4381,qonductor_single_circuit_ibm,3,3.210181228,2.6268423039644055,0.5833389240355946,False,3
qonductor_single_circuit_ibm|row4412,qonductor_single_circuit_ibm,3,3.7325507140000003,3.3343529485183088,0.3981977654816915,False,3
qonductor_single_circuit_ibm|row4413,qonductor_single_circuit_ibm,3,3.6422991519999997,3.3343529485183088,0.3079462034816909,False,3
qonductor_single_circuit_ibm|row4414,qonductor_single_circuit_ibm,3,3.9150172659999996,3.3343529485183088,0.5806643174816908,False,3
qonductor_single_circuit_ibm|row4415,qonductor_single_circuit_ibm,3,3.8038133260000007,3.3343529485183088,0.4694603774816919,False,3
qonductor_single_circuit_ibm|row4416,qonductor_single_circuit_ibm,3,4.162100906,3.3343529485183088,0.8277479574816913,False,3
qonductor_single_circuit_ibm|row4474,qonductor_single_circuit_ibm,3,2.7425635440000002,2.5893035622783738,0.15325998172162647,False,3
qonductor_single_circuit_ibm|row4478,qonductor_single_circuit_ibm,3,17.421061515808105,34.42567433559277,17.00461281978466,False,3
qonductor_single_circuit_ibm|row468,qonductor_single_circuit_ibm,3,4.055079111,3.0176050697110957,1.0374740412889047,False,3
qonductor_single_circuit_ibm|row480,qonductor_single_circuit_ibm,3,2.615764286,5.34867961708087,2.7329153310808696,False,3
qonductor_single_circuit_ibm|row481,qonductor_single_circuit_ibm,3,2.7946628069999995,5.34867961708087,2.5540168100808702,False,3
qonductor_single_circuit_ibm|row484,qonductor_single_circuit_ibm,3,4.205138677999999,2.6439860172205307,1.5611526607794683,False,3
qonductor_single_circuit_ibm|row489,qonductor_single_circuit_ibm,3,3.180529994,5.227666511742995,2.0471365177429948,False,3
qonductor_single_circuit_ibm|row499,qonductor_single_circuit_ibm,3,3.0066188549999997,4.7478974434911345,1.7412785884911348,False,3
qonductor_single_circuit_ibm|row500,qonductor_single_circuit_ibm,3,2.9846505129999996,4.7478974434911345,1.763246930491135,False,3
qonductor_single_circuit_ibm|row502,qonductor_single_circuit_ibm,3,4.162127781,3.0176050697110957,1.144522711288904,False,3
qonductor_single_circuit_ibm|row506,qonductor_single_circuit_ibm,3,3.1143385340000003,5.227666511742995,2.1133279777429945,False,3
qonductor_single_circuit_ibm|row514,qonductor_single_circuit_ibm,3,3.1108634000000004,5.34867961708087,2.2378162170808693,False,3
qonductor_single_circuit_ibm|row520,qonductor_single_circuit_ibm,3,4.301544621,3.0176050697110957,1.283939551288904,False,3
qonductor_single_circuit_ibm|row522,qonductor_single_circuit_ibm,3,4.428206341,3.203499988001873,1.224706352998127,False,3
qonductor_single_circuit_ibm|row524,qonductor_single_circuit_ibm,3,4.153926565,3.9555264894346696,0.19840007556533035,False,3
qonductor_single_circuit_ibm|row525,qonductor_single_circuit_ibm,3,4.164829616,3.9555264894346696,0.20930312656533,False,3
qonductor_single_circuit_ibm|row528,qonductor_single_circuit_ibm,3,4.273882076,3.115586505809383,1.1582955701906168,False,3
qonductor_single_circuit_ibm|row537,qonductor_single_circuit_ibm,3,3.0516798880000002,5.285413698744116,2.233733810744116,False,3
qonductor_single_circuit_ibm|row539,qonductor_single_circuit_ibm,3,3.00029373,5.285413698744116,2.285119968744116,False,3
qonductor_single_circuit_ibm|row543,qonductor_single_circuit_ibm,3,4.102250259,3.115586505809383,0.986663753190617,False,3
qonductor_single_circuit_ibm|row547,qonductor_single_circuit_ibm,3,4.328993217999999,3.0023594519380117,1.3266337660619874,False,3
qonductor_single_circuit_ibm|row559,qonductor_single_circuit_ibm,3,3.136446416,3.2322339269592706,0.09578751095927052,False,3
qonductor_single_circuit_ibm|row566,qonductor_single_circuit_ibm,3,3.287452883,5.36158353309782,2.07413065009782,False,3
qonductor_single_circuit_ibm|row575,qonductor_single_circuit_ibm,3,8.124080613,5.285413698744116,2.8386669142558842,False,3
qonductor_single_circuit_ibm|row582,qonductor_single_circuit_ibm,3,15.250051263000001,15.761527219766041,0.5114759567660396,False,3
qonductor_single_circuit_ibm|row583,qonductor_single_circuit_ibm,3,3.116660959,4.0629612206326655,0.9463002616326657,False,3
qonductor_single_circuit_ibm|row593,qonductor_single_circuit_ibm,3,3.1383465700000004,3.4673131641140795,0.32896659411407914,False,3
qonductor_single_circuit_ibm|row602,qonductor_single_circuit_ibm,3,2.058418954,3.4673131641140795,1.4088942101140796,False,3
qonductor_single_circuit_ibm|row607,qonductor_single_circuit_ibm,3,6.476551338,6.7943976781836515,0.3178463401836513,False,3
qonductor_single_circuit_ibm|row609,qonductor_single_circuit_ibm,3,6.550759434,6.287057597868082,0.26370183613191767,False,3
qonductor_single_circuit_ibm|row613,qonductor_single_circuit_ibm,3,5.887576331,6.641333279014344,0.7537569480143436,False,3
qonductor_single_circuit_ibm|row614,qonductor_single_circuit_ibm,3,5.917540938,6.641333279014344,0.7237923410143434,False,3
qonductor_single_circuit_ibm|row630,qonductor_single_circuit_ibm,3,4.380810377,4.261509566552785,0.11930081044721508,False,3
qonductor_single_circuit_ibm|row632,qonductor_single_circuit_ibm,3,5.6496082229999995,6.581295842947562,0.9316876199475628,False,3
qonductor_single_circuit_ibm|row640,qonductor_single_circuit_ibm,3,6.204692393,7.7488408236487665,1.5441484306487663,False,3
qonductor_single_circuit_ibm|row648,qonductor_single_circuit_ibm,3,12.448176487000001,10.819757028418943,1.6284194585810585,False,3
qonductor_single_circuit_ibm|row654,qonductor_single_circuit_ibm,3,5.26354084,5.939852506359414,0.676311666359414,False,3
qonductor_single_circuit_ibm|row673,qonductor_single_circuit_ibm,3,5.602838937,6.458813937780441,0.8559750007804414,False,3
qonductor_single_circuit_ibm|row680,qonductor_single_circuit_ibm,3,3.726394265,5.002820260424491,1.2764259954244905,False,3
qonductor_single_circuit_ibm|row681,qonductor_single_circuit_ibm,3,3.930968691,5.002820260424491,1.0718515694244908,False,3
qonductor_single_circuit_ibm|row682,qonductor_single_circuit_ibm,3,3.117248654,5.375643850515107,2.2583951965151075,False,3
qonductor_single_circuit_ibm|row683,qonductor_single_circuit_ibm,3,3.17262349,5.375643850515107,2.2030203605151075,False,3
qonductor_single_circuit_ibm|row684,qonductor_single_circuit_ibm,3,3.137566494,5.375643850515107,2.2380773565151073,False,3
qonductor_single_circuit_ibm|row690,qonductor_single_circuit_ibm,3,4.09266135,5.002820260424491,0.9101589104244905,False,3
qonductor_single_circuit_ibm|row691,qonductor_single_circuit_ibm,3,3.9885209560000003,5.002820260424491,1.0142993044244903,False,3
qonductor_single_circuit_ibm|row692,qonductor_single_circuit_ibm,3,3.8405068540000005,5.002820260424491,1.1623134064244902,False,3
qonductor_single_circuit_ibm|row699,qonductor_single_circuit_ibm,3,3.174815803,5.375643850515107,2.2008280475151074,False,3
qonductor_single_circuit_ibm|row706,qonductor_single_circuit_ibm,3,4.078817008,4.1956929632305755,0.11687595523057581,False,3
qonductor_single_circuit_ibm|row720,qonductor_single_circuit_ibm,3,3.7787119610000004,4.137385250296921,0.35867328929692066,False,3
qonductor_single_circuit_ibm|row740,qonductor_single_circuit_ibm,3,3.064785304,3.027834796123792,0.036950507876207794,False,3
qonductor_single_circuit_ibm|row746,qonductor_single_circuit_ibm,3,3.179965669,5.101202922990259,1.9212372539902591,False,3
qonductor_single_circuit_ibm|row747,qonductor_single_circuit_ibm,3,3.123206744,4.967968184478536,1.8447614404785364,False,3
qonductor_single_circuit_ibm|row749,qonductor_single_circuit_ibm,3,3.175805088,5.375643850515107,2.1998387625151072,False,3
qonductor_single_circuit_ibm|row755,qonductor_single_circuit_ibm,3,3.1802387199999997,4.729052795648176,1.5488140756481763,False,3
qonductor_single_circuit_ibm|row756,qonductor_single_circuit_ibm,3,3.15613183,4.521889967604435,1.3657581376044345,False,3
qonductor_single_circuit_ibm|row769,qonductor_single_circuit_ibm,3,3.58195082,5.375643850515107,1.7936930305151075,False,3
qonductor_single_circuit_ibm|row784,qonductor_single_circuit_ibm,3,3.1171601019999997,4.967968184478536,1.8508080824785367,False,3
qonductor_single_circuit_ibm|row786,qonductor_single_circuit_ibm,3,3.085305286,4.967968184478536,1.8826628984785363,False,3
qonductor_single_circuit_ibm|row80,qonductor_single_circuit_ibm,3,1.2188926279999999,2.5738229482763213,1.3549303202763214,False,3
qonductor_single_circuit_ibm|row800,qonductor_single_circuit_ibm,3,3.435124112,4.521889967604435,1.0867658556044346,False,3
qonductor_single_circuit_ibm|row802,qonductor_single_circuit_ibm,3,3.1975857160000003,4.9859772521306605,1.7883915361306602,False,3
qonductor_single_circuit_ibm|row807,qonductor_single_circuit_ibm,3,4.499973951000001,3.9793832130930724,0.5205907379069288,False,3
qonductor_single_circuit_ibm|row81,qonductor_single_circuit_ibm,3,1.216068918,2.5738229482763213,1.3577540302763214,False,3
qonductor_single_circuit_ibm|row82,qonductor_single_circuit_ibm,3,1.225945079,2.5738229482763213,1.3478778692763214,False,3
qonductor_single_circuit_ibm|row83,qonductor_single_circuit_ibm,3,1.20719593,2.5738229482763213,1.3666270182763214,False,3
qonductor_single_circuit_ibm|row832,qonductor_single_circuit_ibm,3,3.5156308629999997,5.242030953113979,1.7264000901139789,False,3
qonductor_single_circuit_ibm|row84,qonductor_single_circuit_ibm,3,1.427409107,2.5738229482763213,1.1464138412763214,False,3
qonductor_single_circuit_ibm|row843,qonductor_single_circuit_ibm,3,2.881741642,5.602100217164975,2.720358575164975,False,3
qonductor_single_circuit_ibm|row850,qonductor_single_circuit_ibm,3,2.9416295279999995,5.6817987075160055,2.740169179516006,False,3
qonductor_single_circuit_ibm|row851,qonductor_single_circuit_ibm,3,2.7997201510000003,5.711790424070433,2.9120702730704324,False,3
qonductor_single_circuit_ibm|row861,qonductor_single_circuit_ibm,3,2.278330274,3.010088168997497,0.731757894997497,False,3
qonductor_single_circuit_ibm|row866,qonductor_single_circuit_ibm,3,3.2147764229999996,5.424905314933476,2.210128891933476,False,3
qonductor_single_circuit_ibm|row868,qonductor_single_circuit_ibm,3,3.3802504520000003,5.424905314933476,2.0446548629334753,False,3
qonductor_single_circuit_ibm|row869,qonductor_single_circuit_ibm,3,3.134242834,5.424905314933476,2.2906624809334755,False,3
qonductor_single_circuit_ibm|row870,qonductor_single_circuit_ibm,3,3.179551667,5.424905314933476,2.2453536479334755,False,3
qonductor_single_circuit_ibm|row879,qonductor_single_circuit_ibm,3,2.533670257,5.664307741401188,3.1306374844011886,False,3
qonductor_single_circuit_ibm|row880,qonductor_single_circuit_ibm,3,2.5276811130000003,5.664307741401188,3.136626628401188,False,3
qonductor_single_circuit_ibm|row886,qonductor_single_circuit_ibm,3,3.0757594409999998,4.993420009772593,1.9176605687725932,False,3
qonductor_single_circuit_ibm|row892,qonductor_single_circuit_ibm,3,3.265423925,4.1950892367264805,0.9296653117264806,False,3
qonductor_single_circuit_ibm|row898,qonductor_single_circuit_ibm,3,3.1895695949999996,4.358922019906937,1.1693524249069376,False,3
qonductor_single_circuit_ibm|row901,qonductor_single_circuit_ibm,3,3.284088651,5.129495650740941,1.8454069997409408,False,3
qonductor_single_circuit_ibm|row908,qonductor_single_circuit_ibm,3,3.5494639209999996,4.577739723896328,1.0282758028963284,False,3
qonductor_single_circuit_ibm|row919,qonductor_single_circuit_ibm,3,3.0705294060000003,2.9409638518028465,0.12956555419715388,False,3
qonductor_single_circuit_ibm|row920,qonductor_single_circuit_ibm,3,3.041819199,3.129802760780767,0.08798356178076716,False,3
qonductor_single_circuit_ibm|row921,qonductor_single_circuit_ibm,3,2.964039911,4.699866611109339,1.7358267001093393,False,3
qonductor_single_circuit_ibm|row922,qonductor_single_circuit_ibm,3,2.996074477,3.129802760780767,0.13372828378076695,False,3
qonductor_single_circuit_ibm|row928,qonductor_single_circuit_ibm,3,3.080317533,4.699866611109339,1.6195490781093391,False,3
qonductor_single_circuit_ibm|row931,qonductor_single_circuit_ibm,3,2.954463004,3.8550593615528315,0.9005963575528315,False,3
qonductor_single_circuit_ibm|row938,qonductor_single_circuit_ibm,3,3.180578344,5.424905314933476,2.2443269709334754,False,3
qonductor_single_circuit_ibm|row943,qonductor_single_circuit_ibm,3,3.1151971320000005,5.455439523230318,2.3402423912303174,False,3
qonductor_single_circuit_ibm|row945,qonductor_single_circuit_ibm,3,3.053359826,2.295877381368902,0.7574824446310977,False,3
qonductor_single_circuit_ibm|row953,qonductor_single_circuit_ibm,3,3.064302086,2.295877381368902,0.7684247046310979,False,3
qonductor_single_circuit_ibm|row954,qonductor_single_circuit_ibm,3,3.039765171,2.295877381368902,0.7438877896310978,False,3
qonductor_single_circuit_ibm|row962,qonductor_single_circuit_ibm,3,1.988247384,3.8695693956457307,1.8813220116457308,False,3
qonductor_single_circuit_ibm|row976,qonductor_single_circuit_ibm,3,1.9335209450000002,5.49865007123667,3.56512912623667,False,3
qonductor_single_circuit_ibm|row977,qonductor_single_circuit_ibm,3,2.0304472460000005,5.49865007123667,3.46820282523667,False,3
qonductor_single_circuit_ibm|row978,qonductor_single_circuit_ibm,3,2.064743577,5.49865007123667,3.43390649423667,False,3
qonductor_single_circuit_ibm|row980,qonductor_single_circuit_ibm,3,2.034214516,5.49865007123667,3.4644355552366703,False,3
qonductor_single_circuit_ibm|row989,qonductor_single_circuit_ibm,3,3.2583174090000004,5.455439523230318,2.1971221142303174,False,3
qonductor_single_circuit_ibm|row990,qonductor_single_circuit_ibm,3,3.2643200639999996,5.455439523230318,2.1911194592303183,False,3
qonductor_single_circuit_ibm|row997,qonductor_single_circuit_ibm,3,1.996529183,2.527604781196407,0.5310755981964068,False,3
qonductor_single_circuit_ibm|row998,qonductor_single_circuit_ibm,3,1.8696863499999998,2.527604781196407,0.657918431196407,False,3
qpack_mcp|row1064,qpack_mcp,3,6.994726181030273,5.053715551561135,1.9410106294691385,False,3
qpack_mcp|row1065,qpack_mcp,3,6.6518518924713135,5.053715551561135,1.5981363409101785,False,3
qpack_mcp|row1066,qpack_mcp,3,6.765237331390381,5.053715551561135,1.711521779829246,False,3
qpack_mcp|row1067,qpack_mcp,3,7.073102951049805,5.053715551561135,2.0193873994886697,False,3
qpack_mcp|row1068,qpack_mcp,3,6.68125581741333,5.053715551561135,1.6275402658521951,False,3
qpack_mcp|row1069,qpack_mcp,3,6.748867511749268,5.053715551561135,1.6951519601881326,False,3
qpack_mcp|row1070,qpack_mcp,3,6.85906982421875,5.053715551561135,1.805354272657615,False,3
qpack_mcp|row1071,qpack_mcp,3,6.745650291442871,5.053715551561135,1.6919347398817361,False,3
qpack_mcp|row1072,qpack_mcp,3,6.746478319168091,5.053715551561135,1.6927627676069559,False,3
qpack_mcp|row1073,qpack_mcp,3,7.144935846328735,5.053715551561135,2.0912202947676004,False,3
qpack_mcp|row1074,qpack_mcp,3,6.701986789703369,5.053715551561135,1.6482712381422342,False,3
qpack_mcp|row1075,qpack_mcp,3,6.6670050621032715,5.053715551561135,1.6132895105421365,False,3
qpack_mcp|row1076,qpack_mcp,3,6.867589950561523,5.053715551561135,1.8138743990003885,False,3
qpack_mcp|row1077,qpack_mcp,3,6.631686687469482,5.053715551561135,1.5779711359083475,False,3
qpack_mcp|row1078,qpack_mcp,3,6.7956695556640625,5.053715551561135,1.7419540041029276,False,3
qpack_mcp|row1079,qpack_mcp,3,6.715763807296753,5.053715551561135,1.662048255735618,False,3
qpack_mcp|row1080,qpack_mcp,3,6.845921516418457,5.053715551561135,1.792205964857322,False,3
qpack_mcp|row1081,qpack_mcp,3,6.822152853012085,5.053715551561135,1.76843730145095,False,3
qpack_mcp|row1082,qpack_mcp,3,6.613151550292969,5.053715551561135,1.5594359987318338,False,3
qpack_mcp|row1083,qpack_mcp,3,6.700670957565308,5.053715551561135,1.6469554060041727,False,3
qpack_mcp|row1084,qpack_mcp,3,6.650606632232666,5.053715551561135,1.596891080671531,False,3
qpack_mcp|row1085,qpack_mcp,3,6.755573511123657,5.053715551561135,1.7018579595625223,False,3
qpack_mcp|row1086,qpack_mcp,3,6.613669395446777,5.053715551561135,1.5599538438856424,False,3
qpack_mcp|row1087,qpack_mcp,3,6.717370986938477,5.053715551561135,1.6636554353773416,False,3
qpack_mcp|row1088,qpack_mcp,3,6.841334581375122,5.053715551561135,1.7876190298139871,False,3
qpack_mcp|row1089,qpack_mcp,3,6.678017616271973,5.053715551561135,1.6243020647108377,False,3
qpack_mcp|row1090,qpack_mcp,3,6.743502140045166,5.053715551561135,1.689786588484031,False,3
qpack_mcp|row1091,qpack_mcp,3,7.317696809768677,5.053715551561135,2.263981258207542,False,3
qpack_mcp|row1092,qpack_mcp,3,6.605497598648071,5.053715551561135,1.5517820470869363,False,3
qpack_mcp|row1093,qpack_mcp,3,6.7080395221710205,5.053715551561135,1.6543239706098856,False,3
qpack_mcp|row1094,qpack_mcp,3,6.606639385223389,5.053715551561135,1.5529238336622537,False,3
qpack_mcp|row1095,qpack_mcp,3,6.667147874832153,5.053715551561135,1.6134323232710184,False,3
qpack_mcp|row1096,qpack_mcp,3,6.6527087688446045,5.053715551561135,1.5989932172834695,False,3
qpack_mcp|row1097,qpack_mcp,3,6.711238861083984,5.053715551561135,1.6575233095228494,False,3
qpack_mcp|row1098,qpack_mcp,3,6.812150716781616,5.053715551561135,1.7584351652204813,False,3
qpack_mcp|row1099,qpack_mcp,3,6.667632341384888,5.053715551561135,1.6139167898237528,False,3
qpack_mcp|row1100,qpack_mcp,3,6.692996978759766,5.053715551561135,1.6392814271986307,False,3
qpack_mcp|row1101,qpack_mcp,3,6.629631042480469,5.053715551561135,1.5759154909193338,False,3
qpack_mcp|row1102,qpack_mcp,3,6.653005361557007,5.053715551561135,1.599289809995872,False,3
qpack_mcp|row1103,qpack_mcp,3,6.766321897506714,5.053715551561135,1.712606345945579,False,3
qpack_mcp|row1104,qpack_mcp,3,6.679729700088501,5.053715551561135,1.626014148527366,False,3
qpack_mcp|row1105,qpack_mcp,3,6.644933223724365,5.053715551561135,1.5912176721632303,False,3
qpack_mcp|row1106,qpack_mcp,3,6.665043830871582,5.053715551561135,1.611328279310447,False,3
qpack_mcp|row1107,qpack_mcp,3,6.728617906570435,5.053715551561135,1.6749023550092996,False,3
qpack_mcp|row1108,qpack_mcp,3,6.704368352890015,5.053715551561135,1.6506528013288797,False,3
qpack_mcp|row1109,qpack_mcp,3,6.688957929611206,5.053715551561135,1.635242378050071,False,3
qpack_mcp|row1110,qpack_mcp,3,6.783215284347534,5.053715551561135,1.7294997327863992,False,3
qpack_mcp|row1111,qpack_mcp,3,6.823563575744629,5.053715551561135,1.769848024183494,False,3
qpack_mcp|row1112,qpack_mcp,3,6.611600637435913,5.053715551561135,1.5578850858747781,False,3
qpack_mcp|row1113,qpack_mcp,3,6.677499771118164,5.053715551561135,1.6237842195570291,False,3
qpack_mcp|row1114,qpack_mcp,3,6.829374551773071,5.053715551561135,1.7756590002119363,False,3
qpack_mcp|row1115,qpack_mcp,3,6.6651177406311035,5.053715551561135,1.6114021890699686,False,3
qpack_mcp|row1116,qpack_mcp,3,6.661368131637573,5.053715551561135,1.6076525800764383,False,3
qpack_mcp|row1117,qpack_mcp,3,6.721883296966553,5.053715551561135,1.6681677454054178,False,3
qpack_mcp|row1118,qpack_mcp,3,6.715914011001587,5.053715551561135,1.662198459440452,False,3
qpack_mcp|row1119,qpack_mcp,3,6.58969521522522,5.053715551561135,1.5359796636640848,False,3
qpack_mcp|row1120,qpack_mcp,3,6.623095989227295,5.053715551561135,1.56938043766616,False,3
qpack_mcp|row1121,qpack_mcp,3,7.185534715652466,5.053715551561135,2.131819164091331,False,3
qpack_mcp|row1122,qpack_mcp,3,6.7029149532318115,5.053715551561135,1.6491994016706766,False,3
qpack_mcp|row1123,qpack_mcp,3,6.72029447555542,5.053715551561135,1.666578923994285,False,3
qpack_mcp|row1124,qpack_mcp,3,6.649250507354736,5.053715551561135,1.5955349557936014,False,3
qpack_mcp|row1125,qpack_mcp,3,6.687735319137573,5.053715551561135,1.6340197675764383,False,3
qpack_mcp|row1126,qpack_mcp,3,6.6406567096710205,5.053715551561135,1.5869411581098856,False,3
qpack_mcp|row1127,qpack_mcp,3,6.829991579055786,5.053715551561135,1.7762760274946512,False,3
qpack_mcp|row1128,qpack_mcp,3,6.730408191680908,5.053715551561135,1.6766926401197733,False,3
qpack_mcp|row1129,qpack_mcp,3,6.662432909011841,5.053715551561135,1.6087173574507059,False,3
qpack_mcp|row1130,qpack_mcp,3,6.614834547042847,5.053715551561135,1.5611189954817117,False,3
qpack_mcp|row1131,qpack_mcp,3,6.702653884887695,5.053715551561135,1.6489383333265604,False,3
qpack_mcp|row1132,qpack_mcp,3,6.668853759765625,5.053715551561135,1.61513820820449,False,3
qpack_mcp|row1133,qpack_mcp,3,6.819449424743652,5.053715551561135,1.7657338731825174,False,3
qpack_mcp|row1134,qpack_mcp,3,6.670743465423584,5.053715551561135,1.617027913862449,False,3
qpack_mcp|row1135,qpack_mcp,3,6.647861003875732,5.053715551561135,1.5941454523145975,False,3
qpack_mcp|row1136,qpack_mcp,3,6.680375814437866,5.053715551561135,1.6266602628767313,False,3
qpack_mcp|row1137,qpack_mcp,3,6.610949516296387,5.053715551561135,1.5572339647352518,False,3
qpack_mcp|row1138,qpack_mcp,3,6.504060983657837,5.053715551561135,1.450345432096702,False,3
qpack_mcp|row1139,qpack_mcp,3,6.65560245513916,5.053715551561135,1.6018869035780252,False,3
qpack_mcp|row1140,qpack_mcp,3,7.068706274032593,5.053715551561135,2.014990722471458,False,3
qpack_mcp|row1141,qpack_mcp,3,6.7169413566589355,5.053715551561135,1.6632258050978006,False,3
qpack_mcp|row1142,qpack_mcp,3,6.947587966918945,5.053715551561135,1.8938724153578104,False,3
qpack_mcp|row1143,qpack_mcp,3,6.775769948959351,5.053715551561135,1.7220543973982156,False,3
qpack_mcp|row1230,qpack_mcp,3,6.867742538452148,5.053715551561135,1.8140269868910135,False,3
qpack_mcp|row1231,qpack_mcp,3,7.17560338973999,5.053715551561135,2.1218878381788553,False,3
qpack_mcp|row1232,qpack_mcp,3,6.660305500030518,5.053715551561135,1.6065899484693826,False,3
qpack_mcp|row1233,qpack_mcp,3,6.8818464279174805,5.053715551561135,1.8281308763563455,False,3
qpack_mcp|row1234,qpack_mcp,3,7.259951591491699,5.053715551561135,2.2062360399305643,False,3
qpack_mcp|row1235,qpack_mcp,3,6.918706178665161,5.053715551561135,1.8649906271040262,False,3
qpack_mcp|row1236,qpack_mcp,3,7.241569519042969,5.053715551561135,2.187853967481834,False,3
qpack_mcp|row1237,qpack_mcp,3,7.0687525272369385,5.053715551561135,2.0150369756758035,False,3
qpack_mcp|row1238,qpack_mcp,3,7.10350489616394,5.053715551561135,2.0497893446028055,False,3
qpack_mcp|row1239,qpack_mcp,3,7.062389135360718,5.053715551561135,2.008673583799583,False,3
qpack_mcp|row1240,qpack_mcp,3,6.905655145645142,5.053715551561135,1.8519395940840067,False,3
qpack_mcp|row1241,qpack_mcp,3,6.712038278579712,5.053715551561135,1.658322727018577,False,3
qpack_mcp|row1242,qpack_mcp,3,7.135624885559082,5.053715551561135,2.081909333997947,False,3
qpack_mcp|row1243,qpack_mcp,3,6.752995729446411,5.053715551561135,1.6992801778852762,False,3
qpack_mcp|row1244,qpack_mcp,3,6.6670753955841064,5.053715551561135,1.6133598440229715,False,3
qpack_mcp|row1245,qpack_mcp,3,7.019355297088623,5.053715551561135,1.965639745527488,False,3
qpack_mcp|row1246,qpack_mcp,3,6.723405599594116,5.053715551561135,1.6696900480329813,False,3
qpack_mcp|row1247,qpack_mcp,3,6.852401971817017,5.053715551561135,1.7986864202558817,False,3
qpack_mcp|row1248,qpack_mcp,3,6.663424491882324,5.053715551561135,1.6097089403211893,False,3
qpack_mcp|row1249,qpack_mcp,3,6.665179491043091,5.053715551561135,1.6114639394819559,False,3
qpack_mcp|row1250,qpack_mcp,3,6.703056812286377,5.053715551561135,1.649341260725242,False,3
qpack_mcp|row1251,qpack_mcp,3,6.677343845367432,5.053715551561135,1.6236282938062967,False,3
qpack_mcp|row1252,qpack_mcp,3,6.635480880737305,5.053715551561135,1.5817653291761697,False,3
qpack_mcp|row1253,qpack_mcp,3,6.747255086898804,5.053715551561135,1.6935395353376688,False,3
qpack_mcp|row1254,qpack_mcp,3,6.573463201522827,5.053715551561135,1.5197476499616922,False,3
qpack_mcp|row1255,qpack_mcp,3,6.669931888580322,5.053715551561135,1.6162163370191873,False,3
qpack_mcp|row1256,qpack_mcp,3,6.681091785430908,5.053715551561135,1.6273762338697733,False,3
qpack_mcp|row1257,qpack_mcp,3,6.598572254180908,5.053715551561135,1.5448567026197733,False,3
qpack_mcp|row1258,qpack_mcp,3,6.761972188949585,5.053715551561135,1.70825663738845,False,3
qpack_mcp|row1259,qpack_mcp,3,6.5913169384002686,5.053715551561135,1.5376013868391336,False,3
qpack_mcp|row1260,qpack_mcp,3,6.649125337600708,5.053715551561135,1.595409786039573,False,3
qpack_mcp|row1261,qpack_mcp,3,6.632086992263794,5.053715551561135,1.578371440702659,False,3
qpack_mcp|row1262,qpack_mcp,3,6.66724157333374,5.053715551561135,1.6135260217726053,False,3
qpack_mcp|row1263,qpack_mcp,3,6.971614122390747,5.053715551561135,1.9178985708296121,False,3
qpack_mcp|row1264,qpack_mcp,3,6.5263214111328125,5.053715551561135,1.4726058595716776,False,3
qpack_mcp|row1265,qpack_mcp,3,6.613567113876343,5.053715551561135,1.5598515623152078,False,3
qpack_mcp|row1266,qpack_mcp,3,6.6337807178497314,5.053715551561135,1.5800651662885965,False,3
qpack_mcp|row1267,qpack_mcp,3,6.594969749450684,5.053715551561135,1.5412541978895486,False,3
qpack_mcp|row1268,qpack_mcp,3,6.643307685852051,5.053715551561135,1.5895921342909158,False,3
qpack_mcp|row1269,qpack_mcp,3,6.609463214874268,5.053715551561135,1.5557476633131326,False,3
qpack_mcp|row1270,qpack_mcp,3,6.690897464752197,5.053715551561135,1.6371819131910623,False,3
qpack_mcp|row1271,qpack_mcp,3,6.682157278060913,5.053715551561135,1.6284417264997781,False,3
qpack_mcp|row1272,qpack_mcp,3,6.717544078826904,5.053715551561135,1.6638285272657694,False,3
qpack_mcp|row1273,qpack_mcp,3,6.69072961807251,5.053715551561135,1.6370140665113748,False,3
qpack_mcp|row1274,qpack_mcp,3,6.599459886550903,5.053715551561135,1.5457443349897684,False,3
qpack_mcp|row1275,qpack_mcp,3,6.696752071380615,5.053715551561135,1.6430365198194803,False,3
qpack_mcp|row1276,qpack_mcp,3,6.601825952529907,5.053715551561135,1.5481104009687723,False,3
qpack_mcp|row1277,qpack_mcp,3,6.650896787643433,5.053715551561135,1.5971812360822977,False,3
qpack_mcp|row1278,qpack_mcp,3,6.7909088134765625,5.053715551561135,1.7371932619154276,False,3
qpack_mcp|row1279,qpack_mcp,3,6.752328872680664,5.053715551561135,1.6986133211195291,False,3
qpack_mcp|row1280,qpack_mcp,3,6.825144052505493,5.053715551561135,1.7714285009443582,False,3
qpack_mcp|row1281,qpack_mcp,3,6.632223606109619,5.053715551561135,1.5785080545484842,False,3
qpack_mcp|row1282,qpack_mcp,3,6.68303656578064,5.053715551561135,1.6293210142195047,False,3
qpack_mcp|row1283,qpack_mcp,3,6.596653461456299,5.053715551561135,1.5429379098951639,False,3
qpack_mcp|row1284,qpack_mcp,3,6.8224709033966064,5.053715551561135,1.7687553518354715,False,3
qpack_mcp|row1285,qpack_mcp,3,6.830183982849121,5.053715551561135,1.7764684312879861,False,3
qpack_mcp|row1286,qpack_mcp,3,6.535085678100586,5.053715551561135,1.481370126539451,False,3
qpack_mcp|row1287,qpack_mcp,3,6.89376425743103,5.053715551561135,1.8400487058698953,False,3
qpack_mcp|row1288,qpack_mcp,3,6.781926870346069,5.053715551561135,1.7282113187849344,False,3
qpack_mcp|row1289,qpack_mcp,3,6.889521598815918,5.053715551561135,1.835806047254783,False,3
qpack_mcp|row1290,qpack_mcp,3,6.6399006843566895,5.053715551561135,1.5861851327955545,False,3
qpack_mcp|row1291,qpack_mcp,3,6.778909206390381,5.053715551561135,1.725193654829246,False,3
qpack_mcp|row1292,qpack_mcp,3,6.702624320983887,5.053715551561135,1.6489087694227518,False,3
qpack_mcp|row1293,qpack_mcp,3,6.65667200088501,5.053715551561135,1.6029564493238748,False,3
qpack_mcp|row1294,qpack_mcp,3,6.63595986366272,5.053715551561135,1.5822443121015848,False,3
qpack_mcp|row1295,qpack_mcp,3,6.824526309967041,5.053715551561135,1.770810758405906,False,3
qpack_mcp|row1296,qpack_mcp,3,6.645731687545776,5.053715551561135,1.5920161359846414,False,3
qpack_mcp|row1297,qpack_mcp,3,6.668153762817383,5.053715551561135,1.6144382112562479,False,3
qpack_mcp|row1298,qpack_mcp,3,6.643737316131592,5.053715551561135,1.5900217645704569,False,3
qpack_mcp|row1299,qpack_mcp,3,6.588953018188477,5.053715551561135,1.5352374666273416,False,3
qpack_mcp|row1300,qpack_mcp,3,6.689110279083252,5.053715551561135,1.635394727522117,False,3
qpack_mcp|row1301,qpack_mcp,3,6.680149555206299,5.053715551561135,1.6264340036451639,False,3
qpack_mcp|row1302,qpack_mcp,3,6.776041030883789,5.053715551561135,1.7223254793226541,False,3
qpack_mcp|row1303,qpack_mcp,3,6.713254690170288,5.053715551561135,1.6595391386091531,False,3
qpack_mcp|row1304,qpack_mcp,3,6.684538841247559,5.053715551561135,1.6308232896864236,False,3
qpack_mcp|row1305,qpack_mcp,3,6.795841217041016,5.053715551561135,1.7421256654798807,False,3
qpack_mcp|row1306,qpack_mcp,3,6.724279165267944,5.053715551561135,1.6705636137068094,False,3
qpack_mcp|row1307,qpack_mcp,3,6.656686782836914,5.053715551561135,1.6029712312757791,False,3
qpack_mcp|row1308,qpack_mcp,3,6.722160816192627,5.053715551561135,1.668445264631492,False,3
qpack_mcp|row1309,qpack_mcp,3,6.844447374343872,5.053715551561135,1.7907318227827371,False,3
qpack_mcp|row1310,qpack_mcp,3,6.588834285736084,5.053715551561135,1.535118734174949,False,3
qpack_mcp|row1311,qpack_mcp,3,6.625057935714722,5.053715551561135,1.5713423841535867,False,3
qpack_mcp|row1312,qpack_mcp,3,6.724536657333374,5.053715551561135,1.670821105772239,False,3
qpack_mcp|row1313,qpack_mcp,3,6.7325122356414795,5.053715551561135,1.6787966840803445,False,3
qpack_mcp|row1314,qpack_mcp,3,6.609285354614258,5.053715551561135,1.5555698030531229,False,3
qpack_mcp|row1315,qpack_mcp,3,6.62204384803772,5.053715551561135,1.5683282964765848,False,3
qpack_mcp|row1316,qpack_mcp,3,6.6687681674957275,5.053715551561135,1.6150526159345926,False,3
qpack_mcp|row1317,qpack_mcp,3,6.634139537811279,5.053715551561135,1.5804239862501444,False,3
qpack_mcp|row1318,qpack_mcp,3,6.7016777992248535,5.053715551561135,1.6479622476637186,False,3
qpack_mcp|row1319,qpack_mcp,3,6.837705612182617,5.053715551561135,1.7839900606214822,False,3
qpack_mcp|row1320,qpack_mcp,3,6.884774923324585,5.053715551561135,1.83105937176345,False,3
qpack_mcp|row1321,qpack_mcp,3,6.61224365234375,5.053715551561135,1.558528100782615,False,3
qpack_mcp|row1322,qpack_mcp,3,7.1927173137664795,5.053715551561135,2.1390017622053445,False,3
qpack_mcp|row1323,qpack_mcp,3,6.767998218536377,5.053715551561135,1.714282666975242,False,3
qpack_mcp|row1324,qpack_mcp,3,6.842753887176514,5.053715551561135,1.7890383356153787,False,3
qpack_mcp|row1325,qpack_mcp,3,6.9355010986328125,5.053715551561135,1.8817855470716776,False,3
qpack_mcp|row1326,qpack_mcp,3,6.586525917053223,5.053715551561135,1.5328103654920877,False,3
qpack_mcp|row1327,qpack_mcp,3,6.6484901905059814,5.053715551561135,1.5947746389448465,False,3
qpack_mcp|row1328,qpack_mcp,3,6.697314500808716,5.053715551561135,1.6435989492475809,False,3
qpack_mcp|row1413,qpack_mcp,3,6.7273383140563965,5.674718041694073,1.052620272362324,False,3
qpack_mcp|row1414,qpack_mcp,3,6.735269784927368,5.674718041694073,1.0605517432332956,False,3
qpack_mcp|row1415,qpack_mcp,3,6.725121259689331,5.674718041694073,1.0504032179952585,False,3
qpack_mcp|row1416,qpack_mcp,3,6.628773212432861,5.674718041694073,0.9540551707387888,False,3
qpack_mcp|row1417,qpack_mcp,3,6.776801824569702,5.674718041694073,1.1020837828756296,False,3
qpack_mcp|row1418,qpack_mcp,3,6.6559131145477295,5.674718041694073,0.9811950728536569,False,3
qpack_mcp|row1419,qpack_mcp,3,6.6361682415008545,5.674718041694073,0.9614501998067819,False,3
qpack_mcp|row1420,qpack_mcp,3,6.850888252258301,5.674718041694073,1.1761702105642282,False,3
qpack_mcp|row1421,qpack_mcp,3,7.06865382194519,5.674718041694073,1.3939357802511179,False,3
qpack_mcp|row1422,qpack_mcp,3,7.090518951416016,5.674718041694073,1.415800909721943,False,3
qpack_mcp|row1423,qpack_mcp,3,6.602256774902344,5.674718041694073,0.9275387332082712,False,3
qpack_mcp|row1424,qpack_mcp,3,6.530117034912109,5.674718041694073,0.8553989932180368,False,3
qpack_mcp|row1425,qpack_mcp,3,6.655388832092285,5.674718041694073,0.9806707903982126,False,3
qpack_mcp|row1426,qpack_mcp,3,6.609559774398804,5.674718041694073,0.9348417327047311,False,3
qpack_mcp|row1427,qpack_mcp,3,6.7320122718811035,5.674718041694073,1.057294230187031,False,3
qpack_mcp|row1428,qpack_mcp,3,6.829659700393677,5.674718041694073,1.1549416586996042,False,3
qpack_mcp|row1429,qpack_mcp,3,6.613394021987915,5.674718041694073,0.9386759802938425,False,3
qpack_mcp|row1430,qpack_mcp,3,6.759256839752197,5.674718041694073,1.0845387980581247,False,3
qpack_mcp|row1431,qpack_mcp,3,6.611694097518921,5.674718041694073,0.9369760558248483,False,3
qpack_mcp|row1432,qpack_mcp,3,6.556519269943237,5.674718041694073,0.8818012282491647,False,3
qpack_mcp|row1433,qpack_mcp,3,6.638345003128052,5.674718041694073,0.9636269614339792,False,3
qpack_mcp|row1434,qpack_mcp,3,6.621337890625,5.674718041694073,0.9466198489309274,False,3
qpack_mcp|row1435,qpack_mcp,3,6.718273162841797,5.674718041694073,1.0435551211477243,False,3
qpack_mcp|row1436,qpack_mcp,3,6.865864515304565,5.674718041694073,1.1911464736104929,False,3
qpack_mcp|row1437,qpack_mcp,3,6.624816656112671,5.674718041694073,0.9500986144185983,False,3
qpack_mcp|row1438,qpack_mcp,3,6.65306830406189,5.674718041694073,0.9783502623678171,False,3
qpack_mcp|row1439,qpack_mcp,3,6.666624307632446,5.674718041694073,0.9919062659383737,False,3
qpack_mcp|row1440,qpack_mcp,3,6.694852828979492,5.674718041694073,1.0201347872854196,False,3
qpack_mcp|row1441,qpack_mcp,3,6.750656843185425,5.674718041694073,1.0759388014913522,False,3
qpack_mcp|row1442,qpack_mcp,3,6.698662281036377,5.674718041694073,1.0239442393423044,False,3
qpack_mcp|row1443,qpack_mcp,3,6.8792901039123535,5.674718041694073,1.204572062218281,False,3
qpack_mcp|row1444,qpack_mcp,3,6.664690256118774,5.674718041694073,0.9899722144247018,False,3
qpack_mcp|row1445,qpack_mcp,3,6.660217046737671,5.674718041694073,0.9854990050435983,False,3
qpack_mcp|row1446,qpack_mcp,3,6.645927429199219,5.674718041694073,0.9712093875051462,False,3
qpack_mcp|row1447,qpack_mcp,3,6.805296182632446,5.674718041694073,1.1305781409383737,False,3
qpack_mcp|row1448,qpack_mcp,3,6.678863763809204,5.674718041694073,1.0041457221151315,False,3
qpack_mcp|row1449,qpack_mcp,3,6.685410261154175,5.674718041694073,1.0106922194601022,False,3
qpack_mcp|row1450,qpack_mcp,3,6.597566366195679,5.674718041694073,0.9228483245016061,False,3
qpack_mcp|row1451,qpack_mcp,3,6.745415687561035,5.674718041694073,1.0706976458669626,False,3
qpack_mcp|row1452,qpack_mcp,3,6.876176357269287,5.674718041694073,1.2014583155752145,False,3
qpack_mcp|row1453,qpack_mcp,3,6.6126227378845215,5.674718041694073,0.9379046961904489,False,3
qpack_mcp|row1454,qpack_mcp,3,6.609171152114868,5.674718041694073,0.9344531104207956,False,3
qpack_mcp|row1455,qpack_mcp,3,6.710031270980835,5.674718041694073,1.0353132292867624,False,3
qpack_mcp|row1456,qpack_mcp,3,6.705054759979248,5.674718041694073,1.0303367182851755,False,3
qpack_mcp|row1457,qpack_mcp,3,6.676673173904419,5.674718041694073,1.0019551322103464,False,3
qpack_mcp|row1458,qpack_mcp,3,6.6673808097839355,5.674718041694073,0.992662768089863,False,3
qpack_mcp|row1459,qpack_mcp,3,6.642449378967285,5.674718041694073,0.9677313372732126,False,3
qpack_mcp|row1460,qpack_mcp,3,6.846383094787598,5.674718041694073,1.171665053093525,False,3
qpack_mcp|row1461,qpack_mcp,3,6.621125221252441,5.674718041694073,0.9464071795583688,False,3
qpack_mcp|row1462,qpack_mcp,3,6.575444936752319,5.674718041694073,0.9007268950582468,False,3
qpack_mcp|row1463,qpack_mcp,3,6.7015602588653564,5.674718041694073,1.0268422171712839,False,3
qpack_mcp|row1464,qpack_mcp,3,6.742275714874268,5.674718041694073,1.067557673180195,False,3
qpack_mcp|row1465,qpack_mcp,3,6.664393901824951,5.674718041694073,0.9896758601308786,False,3
qpack_mcp|row1466,qpack_mcp,3,6.702524662017822,5.674718041694073,1.0278066203237497,False,3
qpack_mcp|row1467,qpack_mcp,3,6.718061208724976,5.674718041694073,1.043343167030903,False,3
qpack_mcp|row1468,qpack_mcp,3,6.95078444480896,5.674718041694073,1.2760664031148874,False,3
qpack_mcp|row1469,qpack_mcp,3,6.7764832973480225,5.674718041694073,1.10176525565395,False,3
qpack_mcp|row1470,qpack_mcp,3,6.696941137313843,5.674718041694073,1.0222230956197702,False,3
qpack_mcp|row1471,qpack_mcp,3,7.138696670532227,5.674718041694073,1.463978628838154,False,3
qpack_mcp|row1472,qpack_mcp,3,6.726794004440308,5.674718041694073,1.052075962746235,False,3
qpack_mcp|row1473,qpack_mcp,3,6.682234525680542,5.674718041694073,1.0075164839864694,False,3
qpack_mcp|row1474,qpack_mcp,3,6.6505656242370605,5.674718041694073,0.975847582542988,False,3
qpack_mcp|row1475,qpack_mcp,3,6.757326364517212,5.674718041694073,1.0826083228231393,False,3
qpack_mcp|row1476,qpack_mcp,3,6.666165351867676,5.674718041694073,0.9914473101736032,False,3
qpack_mcp|row1477,qpack_mcp,3,6.729849576950073,5.674718041694073,1.0551315352560007,False,3
qpack_mcp|row1478,qpack_mcp,3,6.784818887710571,5.674718041694073,1.1101008460164987,False,3
qpack_mcp|row1479,qpack_mcp,3,6.698460340499878,5.674718041694073,1.0237422988058054,False,3
qpack_mcp|row1480,qpack_mcp,3,6.822834730148315,5.674718041694073,1.1481166884542429,False,3
qpack_mcp|row1481,qpack_mcp,3,6.5781660079956055,5.674718041694073,0.9034479663015329,False,3
qpack_mcp|row1482,qpack_mcp,3,6.762057065963745,5.674718041694073,1.0873390242696725,False,3
qpack_mcp|row1483,qpack_mcp,3,6.653623104095459,5.674718041694073,0.9789050624013864,False,3
qpack_mcp|row1484,qpack_mcp,3,6.628441333770752,5.674718041694073,0.9537232920766794,False,3
qpack_mcp|row1485,qpack_mcp,3,6.817116737365723,5.674718041694073,1.14239869567165,False,3
qpack_mcp|row1486,qpack_mcp,3,6.666423797607422,5.674718041694073,0.9917057559133493,False,3
qpack_mcp|row1487,qpack_mcp,3,6.808593511581421,5.674718041694073,1.1338754698873483,False,3
qpack_mcp|row1488,qpack_mcp,3,6.674076557159424,5.674718041694073,0.9993585154653513,False,3
qpack_mcp|row1489,qpack_mcp,3,6.6256725788116455,5.674718041694073,0.9509545371175729,False,3
qpack_mcp|row1490,qpack_mcp,3,6.627524375915527,5.674718041694073,0.9528063342214548,False,3
qpack_mcp|row1491,qpack_mcp,3,6.786703109741211,5.674718041694073,1.1119850680471384,False,3
qpack_mcp|row1492,qpack_mcp,3,6.7128074169158936,5.674718041694073,1.038089375221821,False,3
qpack_mcp|row1493,qpack_mcp,3,6.798504114151001,5.674718041694073,1.1237860724569284,False,3
qpack_mcp|row1494,qpack_mcp,3,6.504522323608398,5.674718041694073,0.8298042819143259,False,3
qpack_mcp|row1495,qpack_mcp,3,6.621540069580078,5.674718041694073,0.9468220278860056,False,3
qpack_mcp|row1496,qpack_mcp,3,6.572014331817627,5.674718041694073,0.8972962901235544,False,3
qpack_mcp|row1497,qpack_mcp,3,6.543404579162598,5.674718041694073,0.8686865374685251,False,3
qpack_mcp|row1498,qpack_mcp,3,6.625433683395386,5.674718041694073,0.9507156417013132,False,3
qpack_mcp|row1499,qpack_mcp,3,6.574130296707153,5.674718041694073,0.8994122550130808,False,3
qpack_mcp|row1500,qpack_mcp,3,6.539437294006348,5.674718041694073,0.8647192523122751,False,3
qpack_mcp|row1501,qpack_mcp,3,6.718064546585083,5.674718041694073,1.0433465048910104,False,3
qpack_mcp|row2209,qpack_mcp,3,7.112363576889038,5.6236557621964245,1.4887078146926136,False,3
qpack_mcp|row2210,qpack_mcp,3,6.932199239730835,5.6236557621964245,1.3085434775344105,False,3
qpack_mcp|row2211,qpack_mcp,3,7.051758527755737,5.6236557621964245,1.4281027655593128,False,3
qpack_mcp|row2212,qpack_mcp,3,7.144978046417236,5.6236557621964245,1.5213222842208118,False,3
qpack_mcp|row2213,qpack_mcp,3,7.074305295944214,5.6236557621964245,1.4506495337477894,False,3
qpack_mcp|row2214,qpack_mcp,3,6.986540794372559,5.6236557621964245,1.362885032176134,False,3
qpack_mcp|row2215,qpack_mcp,3,7.317248821258545,5.6236557621964245,1.6935930590621204,False,3
qpack_mcp|row2216,qpack_mcp,3,7.229472398757935,5.6236557621964245,1.60581663656151,False,3
qpack_mcp|row2217,qpack_mcp,3,7.191498517990112,5.6236557621964245,1.5678427557936878,False,3
qpack_mcp|row2218,qpack_mcp,3,7.041905164718628,5.6236557621964245,1.4182494025222034,False,3
qpack_mcp|row2219,qpack_mcp,3,7.195358037948608,5.6236557621964245,1.571702275752184,False,3
qpack_mcp|row2220,qpack_mcp,3,7.109039068222046,5.6236557621964245,1.4853833060256214,False,3
qpack_mcp|row2221,qpack_mcp,3,7.0022523403167725,5.6236557621964245,1.378596578120348,False,3
qpack_mcp|row2222,qpack_mcp,3,7.14112114906311,5.6236557621964245,1.5174653868666859,False,3
qpack_mcp|row2223,qpack_mcp,3,7.088741064071655,5.6236557621964245,1.4650853018752308,False,3
qpack_mcp|row2224,qpack_mcp,3,7.056562185287476,5.6236557621964245,1.432906423091051,False,3
qpack_mcp|row2225,qpack_mcp,3,7.096479415893555,5.6236557621964245,1.4728236536971302,False,3
qpack_mcp|row2226,qpack_mcp,3,7.112859487533569,5.6236557621964245,1.4892037253371448,False,3
qpack_mcp|row2227,qpack_mcp,3,7.0873308181762695,5.6236557621964245,1.463675055979845,False,3
qpack_mcp|row2228,qpack_mcp,3,6.830285310745239,5.6236557621964245,1.2066295485488148,False,3
qpack_mcp|row2229,qpack_mcp,3,6.872740268707275,5.6236557621964245,1.249084506510851,False,3
qpack_mcp|row2230,qpack_mcp,3,6.884866952896118,5.6236557621964245,1.2612111906996937,False,3
qpack_mcp|row2231,qpack_mcp,3,7.05155611038208,5.6236557621964245,1.4279003481856556,False,3
qpack_mcp|row2232,qpack_mcp,3,6.9653472900390625,5.6236557621964245,1.341691527842638,False,3
qpack_mcp|row2233,qpack_mcp,3,6.876518249511719,5.6236557621964245,1.2528624873152943,False,3
qpack_mcp|row2234,qpack_mcp,3,6.977304220199585,5.6236557621964245,1.3536484580031605,False,3
qpack_mcp|row2235,qpack_mcp,3,6.993428707122803,5.6236557621964245,1.3697729449263782,False,3
qpack_mcp|row2236,qpack_mcp,3,7.056641340255737,5.6236557621964245,1.4329855780593128,False,3
qpack_mcp|row2237,qpack_mcp,3,7.122234582901001,5.6236557621964245,1.4985788207045765,False,3
qpack_mcp|row2238,qpack_mcp,3,7.010570526123047,5.6236557621964245,1.3869147639266224,False,3
qpack_mcp|row2239,qpack_mcp,3,6.971218109130859,5.6236557621964245,1.3475623469344349,False,3
qpack_mcp|row2240,qpack_mcp,3,7.0654871463775635,5.6236557621964245,1.441831384181139,False,3
qpack_mcp|row2241,qpack_mcp,3,6.9224693775177,5.6236557621964245,1.2988136153212757,False,3
qpack_mcp|row2242,qpack_mcp,3,6.843912124633789,5.6236557621964245,1.2202563624373646,False,3
qpack_mcp|row2243,qpack_mcp,3,7.136720418930054,5.6236557621964245,1.5130646567336292,False,3
qpack_mcp|row2244,qpack_mcp,3,6.98706316947937,5.6236557621964245,1.3634074072829456,False,3
qpack_mcp|row2245,qpack_mcp,3,6.904806137084961,5.6236557621964245,1.2811503748885364,False,3
qpack_mcp|row2246,qpack_mcp,3,7.09311842918396,5.6236557621964245,1.4694626669875355,False,3
qpack_mcp|row2247,qpack_mcp,3,6.996423721313477,5.6236557621964245,1.372767959117052,False,3
qpack_mcp|row2248,qpack_mcp,3,6.928898334503174,5.6236557621964245,1.3052425723067493,False,3
qpack_mcp|row2249,qpack_mcp,3,7.311115264892578,5.6236557621964245,1.6874595026961536,False,3
qpack_mcp|row2250,qpack_mcp,3,7.009013414382935,5.6236557621964245,1.38535765218651,False,3
qpack_mcp|row2251,qpack_mcp,3,6.909427165985107,5.6236557621964245,1.285771403788683,False,3
qpack_mcp|row2252,qpack_mcp,3,6.894854784011841,5.6236557621964245,1.2711990218154163,False,3
qpack_mcp|row2253,qpack_mcp,3,7.020108222961426,5.6236557621964245,1.3964524607650013,False,3
qpack_mcp|row2254,qpack_mcp,3,6.860620737075806,5.6236557621964245,1.2369649748793812,False,3
qpack_mcp|row2255,qpack_mcp,3,7.185640096664429,5.6236557621964245,1.5619843344680042,False,3
qpack_mcp|row2256,qpack_mcp,3,7.03530740737915,5.6236557621964245,1.411651645182726,False,3
qpack_mcp|row2257,qpack_mcp,3,6.915034055709839,5.6236557621964245,1.2913782935134144,False,3
qpack_mcp|row2258,qpack_mcp,3,7.027519464492798,5.6236557621964245,1.4038637022963734,False,3
qpack_mcp|row2259,qpack_mcp,3,7.021820306777954,5.6236557621964245,1.3981645445815296,False,3
qpack_mcp|row2260,qpack_mcp,3,6.940908908843994,5.6236557621964245,1.3172531466475697,False,3
qpack_mcp|row2261,qpack_mcp,3,7.1943159103393555,5.6236557621964245,1.570660148142931,False,3
qpack_mcp|row2262,qpack_mcp,3,7.087402820587158,5.6236557621964245,1.4637470583907337,False,3
qpack_mcp|row2263,qpack_mcp,3,7.030563116073608,5.6236557621964245,1.406907353877184,False,3
qpack_mcp|row2264,qpack_mcp,3,7.179157495498657,5.6236557621964245,1.5555017333022327,False,3
qpack_mcp|row2265,qpack_mcp,3,7.007269382476807,5.6236557621964245,1.3836136202803822,False,3
qpack_mcp|row2266,qpack_mcp,3,7.17427659034729,5.6236557621964245,1.5506208281508655,False,3
qpack_mcp|row2267,qpack_mcp,3,7.113274097442627,5.6236557621964245,1.4896183352462025,False,3
qpack_mcp|row2268,qpack_mcp,3,6.841076612472534,5.6236557621964245,1.2174208502761097,False,3
qpack_mcp|row2269,qpack_mcp,3,7.031552791595459,5.6236557621964245,1.4078970293990345,False,3
qpack_mcp|row2270,qpack_mcp,3,7.029453992843628,5.6236557621964245,1.4057982306472034,False,3
qpack_mcp|row2271,qpack_mcp,3,6.958284378051758,5.6236557621964245,1.3346286158553333,False,3
qpack_mcp|row2272,qpack_mcp,3,6.970505952835083,5.6236557621964245,1.3468501906386585,False,3
qpack_mcp|row2273,qpack_mcp,3,7.130681753158569,5.6236557621964245,1.5070259909621448,False,3
qpack_mcp|row2274,qpack_mcp,3,6.9957664012908936,5.6236557621964245,1.372110639094469,False,3
qpack_mcp|row2275,qpack_mcp,3,6.979055881500244,5.6236557621964245,1.3554001193038197,False,3
qpack_mcp|row2276,qpack_mcp,3,6.914914608001709,5.6236557621964245,1.2912588458052845,False,3
qpack_mcp|row2277,qpack_mcp,3,6.96025013923645,5.6236557621964245,1.3365943770400257,False,3
qpack_mcp|row2278,qpack_mcp,3,6.909552574157715,5.6236557621964245,1.2858968119612904,False,3
qpack_mcp|row2279,qpack_mcp,3,7.224166631698608,5.6236557621964245,1.600510869502184,False,3
qpack_mcp|row2280,qpack_mcp,3,6.896289825439453,5.6236557621964245,1.2726340632430286,False,3
qpack_mcp|row2281,qpack_mcp,3,7.074293851852417,5.6236557621964245,1.4506380896559925,False,3
qpack_mcp|row2282,qpack_mcp,3,7.108662843704224,5.6236557621964245,1.4850070815077991,False,3
qpack_mcp|row2283,qpack_mcp,3,6.82377552986145,5.6236557621964245,1.2001197676650257,False,3
qpack_mcp|row2284,qpack_mcp,3,7.08975076675415,5.6236557621964245,1.466095004557726,False,3
qpack_mcp|row2285,qpack_mcp,3,7.036452054977417,5.6236557621964245,1.4127962927809925,False,3
qpack_mcp|row2286,qpack_mcp,3,7.551330327987671,5.6236557621964245,1.9276745657912464,False,3
qpack_mcp|row2287,qpack_mcp,3,7.063753128051758,5.6236557621964245,1.4400973658553333,False,3
qpack_mcp|row2288,qpack_mcp,3,7.07064414024353,5.6236557621964245,1.4469883780471058,False,3
qpack_mcp|row2289,qpack_mcp,3,6.916723251342773,5.6236557621964245,1.293067489146349,False,3
qpack_mcp|row2290,qpack_mcp,3,7.192549228668213,5.6236557621964245,1.5688934664717884,False,3
qpack_mcp|row2291,qpack_mcp,3,7.092695474624634,5.6236557621964245,1.4690397124282093,False,3
qpack_mcp|row2292,qpack_mcp,3,7.325484752655029,5.6236557621964245,1.7018289904586048,False,3
qpack_mcp|row2293,qpack_mcp,3,7.0192039012908936,5.6236557621964245,1.395548139094469,False,3
qpack_mcp|row2294,qpack_mcp,3,7.0677490234375,5.6236557621964245,1.4440932612410755,False,3
qpack_mcp|row2295,qpack_mcp,3,7.4281885623931885,5.6236557621964245,1.804532800196764,False,3
qpack_mcp|row2296,qpack_mcp,3,7.107081651687622,5.6236557621964245,1.4834258894911976,False,3
qpack_mcp|row2297,qpack_mcp,3,7.095641851425171,5.6236557621964245,1.4719860892287464,False,3
qpack_mcp|row2298,qpack_mcp,3,7.415158748626709,5.6236557621964245,1.7915029864302845,False,3
qpack_mcp|row2299,qpack_mcp,3,7.04974365234375,5.6236557621964245,1.4260878901473255,False,3
qpack_mcp|row2300,qpack_mcp,3,6.9148290157318115,5.6236557621964245,1.291173253535387,False,3
qpack_mcp|row3127,qpack_mcp,3,4.928599119186401,5.441603727993897,0.5130046088074955,False,3
qpack_mcp|row3128,qpack_mcp,3,5.009086608886719,5.441603727993897,0.43251711910717816,False,3
qpack_mcp|row3129,qpack_mcp,3,4.910278558731079,5.441603727993897,0.5313251692628178,False,3
qpack_mcp|row3130,qpack_mcp,3,4.929732322692871,5.441603727993897,0.5118714053010258,False,3
qpack_mcp|row3131,qpack_mcp,3,4.9766130447387695,5.441603727993897,0.4649906832551274,False,3
qpack_mcp|row3132,qpack_mcp,3,4.958195924758911,5.441603727993897,0.4834078032349858,False,3
qpack_mcp|row3133,qpack_mcp,3,5.018205404281616,5.441603727993897,0.4233983237122807,False,3
qpack_mcp|row3134,qpack_mcp,3,4.846177339553833,5.441603727993897,0.5954263884400639,False,3
qpack_mcp|row3135,qpack_mcp,3,5.088333606719971,5.441603727993897,0.3532701212739262,False,3
qpack_mcp|row3136,qpack_mcp,3,5.077929735183716,5.441603727993897,0.3636739928101811,False,3
qpack_mcp|row3137,qpack_mcp,3,4.937171936035156,5.441603727993897,0.5044317919587407,False,3
qpack_mcp|row3138,qpack_mcp,3,4.886121511459351,5.441603727993897,0.5554822165345463,False,3
qpack_mcp|row3139,qpack_mcp,3,4.8933398723602295,5.441603727993897,0.5482638556336674,False,3
qpack_mcp|row3140,qpack_mcp,3,4.9737708568573,5.441603727993897,0.4678328711365971,False,3
qpack_mcp|row3141,qpack_mcp,3,5.083603620529175,5.441603727993897,0.3580001074647221,False,3
qpack_mcp|row3142,qpack_mcp,3,4.934893369674683,5.441603727993897,0.5067103583192143,False,3
qpack_mcp|row3143,qpack_mcp,3,5.139638662338257,5.441603727993897,0.3019650656556401,False,3
qpack_mcp|row3144,qpack_mcp,3,5.728470087051392,5.441603727993897,0.2868663590574947,False,3
qpack_mcp|row3145,qpack_mcp,3,5.153477430343628,5.441603727993897,0.288126297650269,False,3
qpack_mcp|row3146,qpack_mcp,3,5.023713111877441,5.441603727993897,0.4178906161164555,False,3
qpack_mcp|row3147,qpack_mcp,3,4.9622581005096436,5.441603727993897,0.47934562748425336,False,3
qpack_mcp|row3148,qpack_mcp,3,5.050196647644043,5.441603727993897,0.39140708034985394,False,3
qpack_mcp|row3149,qpack_mcp,3,5.045117378234863,5.441603727993897,0.39648634975903363,False,3
qpack_mcp|row3150,qpack_mcp,3,5.0090484619140625,5.441603727993897,0.4325552660798344,False,3
qpack_mcp|row3151,qpack_mcp,3,4.977784633636475,5.441603727993897,0.4638190943574223,False,3
qpack_mcp|row3152,qpack_mcp,3,4.869937896728516,5.441603727993897,0.5716658312653813,False,3
qpack_mcp|row3153,qpack_mcp,3,5.068002462387085,5.441603727993897,0.37360126560681195,False,3
qpack_mcp|row3154,qpack_mcp,3,4.854288339614868,5.441603727993897,0.5873153883790287,False,3
qpack_mcp|row3155,qpack_mcp,3,4.886917591094971,5.441603727993897,0.5546861368989262,False,3
qpack_mcp|row3156,qpack_mcp,3,5.086544752120972,5.441603727993897,0.35505897587292523,False,3
qpack_mcp|row3157,qpack_mcp,3,4.980572938919067,5.441603727993897,0.46103078907482953,False,3
qpack_mcp|row3158,qpack_mcp,3,4.912247896194458,5.441603727993897,0.5293558317994389,False,3
qpack_mcp|row3159,qpack_mcp,3,4.970531702041626,5.441603727993897,0.47107202595227093,False,3
qpack_mcp|row3160,qpack_mcp,3,4.946829795837402,5.441603727993897,0.49477393215649457,False,3
qpack_mcp|row3161,qpack_mcp,3,4.916121482849121,5.441603727993897,0.5254822451447758,False,3
qpack_mcp|row3162,qpack_mcp,3,5.666249513626099,5.441603727993897,0.22464578563220172,False,3
qpack_mcp|row3163,qpack_mcp,3,5.549939870834351,5.441603727993897,0.10833614284045368,False,3
qpack_mcp|row3164,qpack_mcp,3,5.634242057800293,5.441603727993897,0.19263832980639606,False,3
qpack_mcp|row3165,qpack_mcp,3,5.021739721298218,5.441603727993897,0.41986400669567914,False,3
qpack_mcp|row3166,qpack_mcp,3,5.002437353134155,5.441603727993897,0.43916637485974164,False,3
qpack_mcp|row3167,qpack_mcp,3,4.886726379394531,5.441603727993897,0.5548773485993657,False,3
qpack_mcp|row3168,qpack_mcp,3,5.019047737121582,5.441603727993897,0.4225559908723149,False,3
qpack_mcp|row3169,qpack_mcp,3,5.049226760864258,5.441603727993897,0.3923769671296391,False,3
qpack_mcp|row3170,qpack_mcp,3,5.618906021118164,5.441603727993897,0.17730229312426715,False,3
qpack_mcp|row3171,qpack_mcp,3,5.68669056892395,5.441603727993897,0.24508684093005328,False,3
qpack_mcp|row3172,qpack_mcp,3,4.872839450836182,5.441603727993897,0.5687642771577153,False,3
qpack_mcp|row3173,qpack_mcp,3,5.023989677429199,5.441603727993897,0.4176140505646977,False,3
qpack_mcp|row3174,qpack_mcp,3,5.84473180770874,5.441603727993897,0.4031280797148433,False,3
qpack_mcp|row3175,qpack_mcp,3,4.991950035095215,5.441603727993897,0.44965369289868207,False,3
qpack_mcp|row3176,qpack_mcp,3,4.932253122329712,5.441603727993897,0.509350605664185,False,3
qpack_mcp|row3177,qpack_mcp,3,4.971864700317383,5.441603727993897,0.4697390276765141,False,3
qpack_mcp|row3178,qpack_mcp,3,5.028377056121826,5.441603727993897,0.41322667187207074,False,3
qpack_mcp|row3179,qpack_mcp,3,4.952678918838501,5.441603727993897,0.48892480915539593,False,3
qpack_mcp|row3180,qpack_mcp,3,5.141668319702148,5.441603727993897,0.2999354082917485,False,3
qpack_mcp|row3181,qpack_mcp,3,4.948741674423218,5.441603727993897,0.49286205357067914,False,3
qpack_mcp|row3182,qpack_mcp,3,4.911540508270264,5.441603727993897,0.5300632197236332,False,3
qpack_mcp|row3183,qpack_mcp,3,5.767069101333618,5.441603727993897,0.32546537333972125,False,3
qpack_mcp|row3184,qpack_mcp,3,5.064854145050049,5.441603727993897,0.3767495829438481,False,3
qpack_mcp|row3185,qpack_mcp,3,4.865442752838135,5.441603727993897,0.5761609751557621,False,3
qpack_mcp|row3186,qpack_mcp,3,5.021748065948486,5.441603727993897,0.4198556620454106,False,3
qpack_mcp|row3187,qpack_mcp,3,4.9139463901519775,5.441603727993897,0.5276573378419194,False,3
qpack_mcp|row3188,qpack_mcp,3,4.939489126205444,5.441603727993897,0.5021146017884526,False,3
qpack_mcp|row3189,qpack_mcp,3,4.9251463413238525,5.441603727993897,0.5164573866700444,False,3
qpack_mcp|row3190,qpack_mcp,3,4.98082423210144,5.441603727993897,0.4607794958924565,False,3
qpack_mcp|row3191,qpack_mcp,3,4.953773498535156,5.441603727993897,0.48783022945874066,False,3
qpack_mcp|row3192,qpack_mcp,3,4.837824821472168,5.441603727993897,0.6037789065217289,False,3
qpack_mcp|row3193,qpack_mcp,3,4.954218149185181,5.441603727993897,0.48738557880871625,False,3
qpack_mcp|row3194,qpack_mcp,3,5.057293653488159,5.441603727993897,0.38431007450573773,False,3
qpack_mcp|row3195,qpack_mcp,3,4.909548759460449,5.441603727993897,0.5320549685334477,False,3
qpack_mcp|row3196,qpack_mcp,3,4.970285654067993,5.441603727993897,0.47131807392590375,False,3
qpack_mcp|row3197,qpack_mcp,3,5.666086196899414,5.441603727993897,0.22448246890551715,False,3
qpack_mcp|row3198,qpack_mcp,3,5.002020359039307,5.441603727993897,0.43958336895459027,False,3
qpack_mcp|row3199,qpack_mcp,3,4.912325143814087,5.441603727993897,0.52927858417981,False,3
qpack_mcp|row3200,qpack_mcp,3,4.900994062423706,5.441603727993897,0.5406096655701909,False,3
qpack_mcp|row3201,qpack_mcp,3,4.960530757904053,5.441603727993897,0.4810729700898442,False,3
qpack_mcp|row3202,qpack_mcp,3,4.9746458530426025,5.441603727993897,0.46695787495129437,False,3
qpack_mcp|row3203,qpack_mcp,3,5.04859471321106,5.441603727993897,0.39300901478283734,False,3
qpack_mcp|row3204,qpack_mcp,3,4.931480169296265,5.441603727993897,0.5101235586976323,False,3
qpack_mcp|row3205,qpack_mcp,3,5.020004510879517,5.441603727993897,0.4215992171143803,False,3
qpack_mcp|row3206,qpack_mcp,3,4.9905476570129395,5.441603727993897,0.45105607098095746,False,3
qpack_mcp|row3207,qpack_mcp,3,4.970277547836304,5.441603727993897,0.4713261801575932,False,3
qpack_mcp|row3208,qpack_mcp,3,5.011926889419556,5.441603727993897,0.42967683857434125,False,3
qpack_mcp|row3209,qpack_mcp,3,5.00907301902771,5.441603727993897,0.43253070896618695,False,3
qpack_mcp|row3210,qpack_mcp,3,4.916234016418457,5.441603727993897,0.5253697115754399,False,3
qpack_mcp|row3211,qpack_mcp,3,4.921677112579346,5.441603727993897,0.5199266154145512,False,3
qpack_mcp|row3212,qpack_mcp,3,4.991748332977295,5.441603727993897,0.449855395016602,False,3
qpack_mcp|row3213,qpack_mcp,3,4.987299680709839,5.441603727993897,0.45430404728405804,False,3
qpack_mcp|row3214,qpack_mcp,3,5.146207809448242,5.441603727993897,0.2953959185456547,False,3
qpack_mcp|row3215,qpack_mcp,3,4.9447338581085205,5.441603727993897,0.4968698698853764,False,3
qpack_mcp|row3216,qpack_mcp,3,4.945851802825928,5.441603727993897,0.4957519251679692,False,3
qpack_mcp|row3217,qpack_mcp,3,5.790356636047363,5.441603727993897,0.34875290805346637,False,3
qpack_mcp|row3218,qpack_mcp,3,4.931088924407959,5.441603727993897,0.5105148035859379,False,3
qpack_mcp|row3219,qpack_mcp,3,5.64002799987793,5.441603727993897,0.19842427188403278,False,3
qpack_mcp|row458,qpack_mcp,3,6.10330605506897,5.674718041694073,0.42858801337489716,False,3
qpack_mcp|row459,qpack_mcp,3,6.038780450820923,5.674718041694073,0.3640624091268503,False,3
qpack_mcp|row460,qpack_mcp,3,6.052314519882202,5.674718041694073,0.3775964781881296,False,3
qpack_mcp|row461,qpack_mcp,3,6.0332818031311035,5.674718041694073,0.35856376143703095,False,3
qpack_mcp|row462,qpack_mcp,3,6.031621932983398,5.674718041694073,0.35690389128932587,False,3
qpack_mcp|row463,qpack_mcp,3,6.040066957473755,5.674718041694073,0.3653489157796823,False,3
qpack_mcp|row464,qpack_mcp,3,6.0583813190460205,5.674718041694073,0.38366327735194794,False,3
qpack_mcp|row465,qpack_mcp,3,6.010515928268433,5.674718041694073,0.33579788657436005,False,3
qpack_mcp|row466,qpack_mcp,3,6.046382188796997,5.674718041694073,0.3716641471029245,False,3
qpack_mcp|row467,qpack_mcp,3,5.986902952194214,5.674718041694073,0.3121849105001413,False,3
qpack_mcp|row468,qpack_mcp,3,6.03802227973938,5.674718041694073,0.3633042380453073,False,3
qpack_mcp|row469,qpack_mcp,3,6.088050127029419,5.674718041694073,0.4133320853353464,False,3
qpack_mcp|row470,qpack_mcp,3,6.089822769165039,5.674718041694073,0.4151047274709665,False,3
qpack_mcp|row471,qpack_mcp,3,6.116068363189697,5.674718041694073,0.4413503214956247,False,3
qpack_mcp|row472,qpack_mcp,3,6.041358709335327,5.674718041694073,0.3666406676412546,False,3
qpack_mcp|row473,qpack_mcp,3,6.14831805229187,5.674718041694073,0.47360001059779755,False,3
qpack_mcp|row474,qpack_mcp,3,6.033617258071899,5.674718041694073,0.35889921637782685,False,3
qpack_mcp|row475,qpack_mcp,3,6.069311618804932,5.674718041694073,0.3945935771108591,False,3
qpack_mcp|row476,qpack_mcp,3,6.181854248046875,5.674718041694073,0.5071362063528024,False,3
qpack_mcp|row477,qpack_mcp,3,6.169590711593628,5.674718041694073,0.49487266989955536,False,3
qpack_mcp|row478,qpack_mcp,3,6.1055731773376465,5.674718041694073,0.4308551356435739,False,3
qpack_mcp|row479,qpack_mcp,3,6.127376079559326,5.674718041694073,0.4526580378652536,False,3
qpack_mcp|row480,qpack_mcp,3,6.0347185134887695,5.674718041694073,0.36000047179469696,False,3
qpack_mcp|row481,qpack_mcp,3,6.23016619682312,5.674718041694073,0.5554481551290475,False,3
qpack_mcp|row482,qpack_mcp,3,6.583564281463623,5.674718041694073,0.9088462397695505,False,3
qpack_mcp|row483,qpack_mcp,3,6.380840539932251,5.674718041694073,0.7061224982381784,False,3
qpack_mcp|row484,qpack_mcp,3,6.056321859359741,5.674718041694073,0.38160381766566864,False,3
qpack_mcp|row485,qpack_mcp,3,6.137144088745117,5.674718041694073,0.4624260470510446,False,3
qpack_mcp|row486,qpack_mcp,3,6.061185836791992,5.674718041694073,0.3864677950979196,False,3
qpack_mcp|row487,qpack_mcp,3,6.13470458984375,5.674718041694073,0.45998654814967743,False,3
qpack_mcp|row488,qpack_mcp,3,6.0795674324035645,5.674718041694073,0.4048493907094919,False,3
qpack_mcp|row489,qpack_mcp,3,6.044457197189331,5.674718041694073,0.3697391554952585,False,3
qpack_mcp|row490,qpack_mcp,3,6.0546393394470215,5.674718041694073,0.3799212977529489,False,3
qpack_mcp|row491,qpack_mcp,3,6.087962865829468,5.674718041694073,0.4132448241353952,False,3
qpack_mcp|row492,qpack_mcp,3,6.059747695922852,5.674718041694073,0.385029654228779,False,3
qpack_mcp|row493,qpack_mcp,3,6.056534051895142,5.674718041694073,0.38181601020106903,False,3
qpack_mcp|row494,qpack_mcp,3,6.134150266647339,5.674718041694073,0.4594322249532663,False,3
qpack_mcp|row495,qpack_mcp,3,6.114715337753296,5.674718041694073,0.43999729605922333,False,3
qpack_mcp|row496,qpack_mcp,3,6.072080135345459,5.674718041694073,0.3973620936513864,False,3
qpack_mcp|row497,qpack_mcp,3,6.098855257034302,5.674718041694073,0.4241372153402292,False,3
qpack_mcp|row498,qpack_mcp,3,6.078735828399658,5.674718041694073,0.40401778670558564,False,3
qpack_mcp|row499,qpack_mcp,3,6.1159913539886475,5.674718041694073,0.4412733122945749,False,3
qpack_mcp|row500,qpack_mcp,3,6.406521797180176,5.674718041694073,0.7318037554861032,False,3
qpack_mcp|row501,qpack_mcp,3,6.389322519302368,5.674718041694073,0.7146044776082956,False,3
qpack_mcp|row502,qpack_mcp,3,6.400568723678589,5.674718041694073,0.7258506819845163,False,3
qpack_mcp|row503,qpack_mcp,3,6.399850368499756,5.674718041694073,0.7251323268056833,False,3
qpack_mcp|row504,qpack_mcp,3,6.010576248168945,5.674718041694073,0.33585820647487274,False,3
qpack_mcp|row505,qpack_mcp,3,6.440502643585205,5.674718041694073,0.7657846018911325,False,3
qpack_mcp|row506,qpack_mcp,3,6.093350887298584,5.674718041694073,0.4186328456045114,False,3
qpack_mcp|row507,qpack_mcp,3,6.7368552684783936,5.674718041694073,1.062137226784321,False,3
qpack_mcp|row508,qpack_mcp,3,5.971450567245483,5.674718041694073,0.29673252555141083,False,3
qpack_mcp|row509,qpack_mcp,3,6.121088743209839,5.674718041694073,0.4463707015157663,False,3
qpack_mcp|row510,qpack_mcp,3,6.098881721496582,5.674718041694073,0.42416367980250946,False,3
qpack_mcp|row511,qpack_mcp,3,6.040234088897705,5.674718041694073,0.3655160472036325,False,3
qpack_mcp|row512,qpack_mcp,3,6.018799781799316,5.674718041694073,0.34408174010524384,False,3
qpack_mcp|row513,qpack_mcp,3,6.005099296569824,5.674718041694073,0.33038125487575165,False,3
qpack_mcp|row514,qpack_mcp,3,6.202778577804565,5.674718041694073,0.5280605361104929,False,3
qpack_mcp|row515,qpack_mcp,3,6.191442251205444,5.674718041694073,0.5167242095113718,False,3
qpack_mcp|row516,qpack_mcp,3,6.1508471965789795,5.674718041694073,0.4761291548849069,False,3
qpack_mcp|row517,qpack_mcp,3,6.107009172439575,5.674718041694073,0.4322911307455026,False,3
qpack_mcp|row518,qpack_mcp,3,6.103378772735596,5.674718041694073,0.42866073104152314,False,3
qpack_mcp|row519,qpack_mcp,3,6.025321006774902,5.674718041694073,0.3506029650808298,False,3
qpack_mcp|row520,qpack_mcp,3,6.110616683959961,5.674718041694073,0.43589864226588837,False,3
qpack_mcp|row521,qpack_mcp,3,6.088661193847656,5.674718041694073,0.4139431521535837,False,3
qpack_mcp|row522,qpack_mcp,3,6.218039274215698,5.674718041694073,0.5433212325216257,False,3
qpack_mcp|row523,qpack_mcp,3,6.052422761917114,5.674718041694073,0.3777047202230417,False,3
qpack_mcp|row524,qpack_mcp,3,6.018355846405029,5.674718041694073,0.34363780471095673,False,3
qpack_mcp|row525,qpack_mcp,3,6.093174695968628,5.674718041694073,0.41845665427455536,False,3
qpack_mcp|row526,qpack_mcp,3,6.0736095905303955,5.674718041694073,0.39889154883632294,False,3
qpack_mcp|row527,qpack_mcp,3,6.064109802246094,5.674718041694073,0.3893917605520212,False,3
qpack_mcp|row528,qpack_mcp,3,6.117089748382568,5.674718041694073,0.4423717066884958,False,3
qpack_mcp|row529,qpack_mcp,3,6.1007585525512695,5.674718041694073,0.42604051085719696,False,3
qpack_mcp|row530,qpack_mcp,3,6.109511852264404,5.674718041694073,0.43479381057033173,False,3
qpack_mcp|row531,qpack_mcp,3,6.034142255783081,5.674718041694073,0.3594242140890085,False,3
qpack_mcp|row532,qpack_mcp,3,6.013689756393433,5.674718041694073,0.33897171469936005,False,3
qpack_mcp|row533,qpack_mcp,3,5.986810684204102,5.674718041694073,0.312092642510029,False,3
qpack_mcp|row534,qpack_mcp,3,5.990034103393555,5.674718041694073,0.3153160616994821,False,3
qpack_mcp|row535,qpack_mcp,3,6.033716917037964,5.674718041694073,0.3589988753438913,False,3
qpack_mcp|row536,qpack_mcp,3,6.169983863830566,5.674718041694073,0.49526582213649384,False,3
qpack_mcp|row537,qpack_mcp,3,6.0298919677734375,5.674718041694073,0.35517392607936493,False,3
qpack_mcp|row538,qpack_mcp,3,6.128000497817993,5.674718041694073,0.4532824561239206,False,3
qpack_mcp|row539,qpack_mcp,3,6.128592014312744,5.674718041694073,0.4538739726186716,False,3
qpack_mcp|row540,qpack_mcp,3,6.018851041793823,5.674718041694073,0.3441330000997507,False,3
qpack_mcp|row541,qpack_mcp,3,5.972592353820801,5.674718041694073,0.2978743121267282,False,3
qpack_mcp|row542,qpack_mcp,3,6.045193672180176,5.674718041694073,0.3704756304861032,False,3
qpack_mcp|row543,qpack_mcp,3,6.10907506942749,5.674718041694073,0.43435702773341767,False,3
qpack_mcp|row544,qpack_mcp,3,6.000336647033691,5.674718041694073,0.32561860533961884,False,3
qpack_mcp|row545,qpack_mcp,3,6.05807089805603,5.674718041694073,0.3833528563619577,False,3
qpack_mcp|row546,qpack_mcp,3,6.045896768569946,5.674718041694073,0.3711787268758737,False,3
qpack_mcp|row547,qpack_mcp,3,6.011764764785767,5.674718041694073,0.33704672309169403,False,3
qpack_mcp|row548,qpack_mcp,3,6.099033355712891,5.674718041694073,0.42431531401881806,False,3
qpack_mcp|row549,qpack_mcp,3,6.108704328536987,5.674718041694073,0.43398628684291474,False,3
qpack_mcp|row550,qpack_mcp,3,6.189606428146362,5.674718041694073,0.5148883864522897,False,3
qpack_mcp|row551,qpack_mcp,3,6.039088010787964,5.674718041694073,0.3643699690938913,False,3
qpack_mcp|row552,qpack_mcp,3,6.144407033920288,5.674718041694073,0.4696889922262155,False,3
qpack_mcp|row553,qpack_mcp,3,6.328836441040039,5.674718041692935,0.6541183993471043,False,3
qpack_mcp|row554,qpack_mcp,3,6.274937629699707,5.674718041692935,0.6002195880067722,False,3
qpack_mcp|row555,qpack_mcp,3,6.165601491928101,5.674718041693693,0.49088345023440727,False,3
