population,comparison_label,source_qasm_sha256,target_seconds,candidate_method_id,candidate_predicted_seconds,candidate_absolute_error_seconds,reference_method_id,reference_predicted_seconds,reference_absolute_error_seconds,paired_absolute_error_delta_seconds
finite_144,finite_144|family_residual_median_three_seeds|family_agnostic_median_three_seeds|mae_seconds,01bfdd8291d6badf1219dd3bf6d7e12559976b8ccb3e67d2548e729dc0c0dc82,0.011743629002012312,family_residual_median_three_seeds,0.0,0.011743629002012312,family_agnostic_median_three_seeds,0.0,0.011743629002012312,0.0
finite_144,finite_144|family_residual_median_three_seeds|family_agnostic_median_three_seeds|mae_seconds,01de4bb89da48a3fc09c31d41d509c1446c6a4a3b329612c5baf0d39c56a922e,0.14818447300058324,family_residual_median_three_seeds,0.24671527872890792,0.09853080572832468,family_agnostic_median_three_seeds,0.2156928231947336,0.06750835019415036,0.03102245553417432
finite_144,finite_144|family_residual_median_three_seeds|family_agnostic_median_three_seeds|mae_seconds,0285fd21a0dd1ca29cd386de85a1a8af49cc7d71f5c86f6451b55a11c68864a8,0.061827234996599145,family_residual_median_three_seeds,0.09312152580550478,0.03129429080890564,family_agnostic_median_three_seeds,0.003240130996710228,0.058587103999888916,-0.027292813190983277
finite_144,finite_144|family_residual_median_three_seeds|family_agnostic_median_three_seeds|mae_seconds,02d66e8b66849fdd0f0581b84924adbd1bd2d7603e25e5e9faa447ac2a6708d0,0.013436506007565185,family_residual_median_three_seeds,0.0,0.013436506007565185,family_agnostic_median_three_seeds,0.0,0.013436506007565185,0.0
finite_144,finite_144|family_residual_median_three_seeds|family_agnostic_median_three_seeds|mae_seconds,040a287609a78a55ab6148ad1a3cc6aa2fcee8b0871b077a9c1a37bee49f69fe,0.05496714099717792,family_residual_median_three_seeds,0.18046508487817037,0.12549794388099245,family_agnostic_median_three_seeds,0.2979145930003318,0.24294745200315387,-0.11744950812216143
finite_144,finite_144|family_residual_median_three_seeds|family_agnostic_median_three_seeds|mae_seconds,093af0605e834bf0a4f2aef0b46600d12c6b1c913e791fb13e2513048a6b1c70,0.20758254700922407,family_residual_median_three_seeds,0.2589339851658135,0.051351438156589435,family_agnostic_median_three_seeds,0.2616821820455002,0.05409963503627613,-0.002748196879686693
finite_144,finite_144|family_residual_median_three_seeds|family_agnostic_median_three_seeds|mae_seconds,0a43a3dbe4a4294a007fa7ec167a24ea300d3762489b98245c2f80ad29727075,0.011986159996013157,family_residual_median_three_seeds,0.0,0.011986159996013157,family_agnostic_median_three_seeds,0.0,0.011986159996013157,0.0
finite_144,finite_144|family_residual_median_three_seeds|family_agnostic_median_three_seeds|mae_seconds,0a43c652a1c92c83389d952438c22aa0d890a611333da29499d6ff1733925b21,0.4963673050078796,family_residual_median_three_seeds,0.3498937025986218,0.14647360240925783,family_agnostic_median_three_seeds,0.4833962124752939,0.012971092532585715,0.13350250987667212
finite_144,finite_144|family_residual_median_three_seeds|family_agnostic_median_three_seeds|mae_seconds,0f7836c0a3a429dd9b4f2b55a4fab5d6d112458814cb34efb22309ec614c801f,0.46027592998871114,family_residual_median_three_seeds,0.48672974816770637,0.026453818178995225,family_agnostic_median_three_seeds,0.4944487194514524,0.03417278946274127,-0.007718971283746046
finite_144,finite_144|family_residual_median_three_seeds|family_agnostic_median_three_seeds|mae_seconds,13721ab5a328b17bf3f8c3692cda844a7e538a8c92530d0c1236f43d3ad5a884,0.016616445005638525,family_residual_median_three_seeds,0.0,0.016616445005638525,family_agnostic_median_three_seeds,0.0,0.016616445005638525,0.0
finite_144,finite_144|family_residual_median_three_seeds|family_agnostic_median_three_seeds|mae_seconds,15e80264fdff1398ab38bbd9144f853a3a2317e95163fda15a1e9ec2657beecb,0.04471942799864337,family_residual_median_three_seeds,0.08569246369062626,0.04097303569198289,family_agnostic_median_three_seeds,0.1427357249837002,0.09801629698505684,-0.05704326129307395
finite_144,finite_144|family_residual_median_three_seeds|family_agnostic_median_three_seeds|mae_seconds,187d76ac82884dc3202418b0e06077eec26afed0c625b228d76b4416e6bfa480,0.10063730050023878,family_residual_median_three_seeds,0.281360444656549,0.18072314415631024,family_agnostic_median_three_seeds,0.24824263427551346,0.14760533377527468,0.03311781038103556
finite_144,finite_144|family_residual_median_three_seeds|family_agnostic_median_three_seeds|mae_seconds,1d76cd981622e5ca02125654d00534f3aec623bbb2b95b7ea894049f76916577,0.03339290199801326,family_residual_median_three_seeds,0.05594061202034884,0.022547710022335583,family_agnostic_median_three_seeds,0.0,0.03339290199801326,-0.010845191975677675
finite_144,finite_144|family_residual_median_three_seeds|family_agnostic_median_three_seeds|mae_seconds,1dab21c93a580f711efff03a0f4a1d82985cf201219e886ab246e03a9011735c,0.030614501010859385,family_residual_median_three_seeds,0.15842418203219902,0.12780968102133963,family_agnostic_median_three_seeds,0.3756754427890098,0.3450609417781504,-0.21725126075681075
finite_144,finite_144|family_residual_median_three_seeds|family_agnostic_median_three_seeds|mae_seconds,212e0f8a693a745c9fc792b876e7be6ddb0ba051c1b0f558e0819e1437a8a2fb,0.0742775899998378,family_residual_median_three_seeds,0.03596590127593234,0.03831168872390546,family_agnostic_median_three_seeds,0.24776810154330586,0.17349051154346806,-0.13517882281956262
finite_144,finite_144|family_residual_median_three_seeds|family_agnostic_median_three_seeds|mae_seconds,2372d3228c3e3e38e3351feb553380bce5a543c936f73a400de0e54ab470599a,3.311648521994357,family_residual_median_three_seeds,1.4187113978358332,1.8929371241585238,family_agnostic_median_three_seeds,1.3078909741795672,2.0037575478147898,-0.11082042365626599
finite_144,finite_144|family_residual_median_three_seeds|family_agnostic_median_three_seeds|mae_seconds,23a9403cafedb94bbd2f39d4d9106aca7f890047719b80231d86ac9fb8382383,0.024099282003589906,family_residual_median_three_seeds,0.0,0.024099282003589906,family_agnostic_median_three_seeds,0.034643354926642264,0.010544072923052358,0.013555209080537547
finite_144,finite_144|family_residual_median_three_seeds|family_agnostic_median_three_seeds|mae_seconds,242786b0f7d73c715a317cbdc0725596836f08d98ecd6eb06b3b4ac4f3f563fb,0.012309696001466364,family_residual_median_three_seeds,0.20159669747100029,0.18928700146953392,family_agnostic_median_three_seeds,0.0,0.012309696001466364,0.17697730546806756
finite_144,finite_144|family_residual_median_three_seeds|family_agnostic_median_three_seeds|mae_seconds,28b9eac87132bbff64970708737a94c408cfa435ce16cd395a57ab6fbfe5a6f7,0.23104304699518252,family_residual_median_three_seeds,0.48672974816770637,0.25568670117252384,family_agnostic_median_three_seeds,0.4944487194514524,0.2634056724562699,-0.007718971283746046
finite_144,finite_144|family_residual_median_three_seeds|family_agnostic_median_three_seeds|mae_seconds,2df018ddcd5f44fd33cd5d80af349db5f84e36d6a5f905ef4611e5e5cc0d03f4,0.3517750959872501,family_residual_median_three_seeds,1.5128130725403803,1.1610379765531302,family_agnostic_median_three_seeds,1.242304200913125,0.890529104925875,0.27050887162725523
finite_144,finite_144|family_residual_median_three_seeds|family_agnostic_median_three_seeds|mae_seconds,2e57556a1b12802c7368ef21e0eb8e5c9863f768a48a9a4d0771725e60b8a616,0.014956789003917947,family_residual_median_three_seeds,0.13985725015357336,0.12490046114965542,family_agnostic_median_three_seeds,0.05732104125721378,0.042364252253295834,0.08253620889635958
finite_144,finite_144|family_residual_median_three_seeds|family_agnostic_median_three_seeds|mae_seconds,2f497b92b87e3e9f44c1ae23dfbffc7309c1550756e6829eb694d42dd4f2ed03,0.47254708799300715,family_residual_median_three_seeds,0.7108354544554787,0.23828836646247153,family_agnostic_median_three_seeds,0.7234786567387834,0.25093156874577627,-0.012643202283304733
finite_144,finite_144|family_residual_median_three_seeds|family_agnostic_median_three_seeds|mae_seconds,3157278e31c54e80e45de35bfb793aac89eb413e21aabe08b2e0e140de8c0d39,1.504265392999514,family_residual_median_three_seeds,1.2199470072797587,0.2843183857197553,family_agnostic_median_three_seeds,1.3695178955479157,0.1347474974515983,0.149570888268157
finite_144,finite_144|family_residual_median_three_seeds|family_agnostic_median_three_seeds|mae_seconds,31f7b2533d8a3c05d59b44a9b2d93f44bc48da630d1884cf9df0012199e10a74,0.28342929399514105,family_residual_median_three_seeds,0.4123984953450263,0.12896920134988527,family_agnostic_median_three_seeds,0.580887667003745,0.2974583730086039,-0.16848917165871863
finite_144,finite_144|family_residual_median_three_seeds|family_agnostic_median_three_seeds|mae_seconds,35548785a9c99b0ad9409f18dfbfc3baed0e1dcbb1d95eae8c8510dcda120410,21.334545064004487,family_residual_median_three_seeds,18.754819439380988,2.5797256246234994,family_agnostic_median_three_seeds,8.536137866865706,12.798407197138781,-10.218681572515282
finite_144,finite_144|family_residual_median_three_seeds|family_agnostic_median_three_seeds|mae_seconds,36bb1354ff108648bc8c9c529a2002a53a68e4bfa9bf3529edce11e5d47f851f,0.10353334200044628,family_residual_median_three_seeds,0.0910748857275168,0.012458456272929477,family_agnostic_median_three_seeds,0.21050339119031541,0.10697004918986913,-0.09451159291693965
finite_144,finite_144|family_residual_median_three_seeds|family_agnostic_median_three_seeds|mae_seconds,387f2f6f12a10e034ae5b68c11336a9874e87f20871579eec585bfd7311f38c8,0.0184438720025355,family_residual_median_three_seeds,0.0,0.0184438720025355,family_agnostic_median_three_seeds,0.01644055991824492,0.002003312084290578,0.01644055991824492
finite_144,finite_144|family_residual_median_three_seeds|family_agnostic_median_three_seeds|mae_seconds,3c0ed99f7e5a0409bdadc636b8b7a5dd911304ccbe2e87b32589b91dd44a6a5a,0.019305075009469874,family_residual_median_three_seeds,0.0,0.019305075009469874,family_agnostic_median_three_seeds,0.0,0.019305075009469874,0.0
finite_144,finite_144|family_residual_median_three_seeds|family_agnostic_median_three_seeds|mae_seconds,3e4560adf43b5c5102bf22f235abcb9dd2ed5e34930cdb929a128226f96e4ea5,0.02327988899196498,family_residual_median_three_seeds,0.0,0.02327988899196498,family_agnostic_median_three_seeds,0.0,0.02327988899196498,0.0
finite_144,finite_144|family_residual_median_three_seeds|family_agnostic_median_three_seeds|mae_seconds,433844fca892218b1218ca028aafb0eddf1929d5ca52fdea53b3cb324e4055bd,0.020949395999195985,family_residual_median_three_seeds,0.0,0.020949395999195985,family_agnostic_median_three_seeds,0.0,0.020949395999195985,0.0
finite_144,finite_144|family_residual_median_three_seeds|family_agnostic_median_three_seeds|mae_seconds,451bd8177acaca0301a8bb4d61cb192f26dce1f81d8ab04ca0aded562d525c58,0.13949821100686677,family_residual_median_three_seeds,0.24615014909809554,0.10665193809122878,family_agnostic_median_three_seeds,0.4776052483451363,0.3381070373382695,-0.23145509924704075
finite_144,finite_144|family_residual_median_three_seeds|family_agnostic_median_three_seeds|mae_seconds,45ca196e391297302c92dc6ea0fd119efa62b2ee88e3b85260561e5fbafa7400,0.04090743300912436,family_residual_median_three_seeds,0.0,0.04090743300912436,family_agnostic_median_three_seeds,0.017412679958219154,0.023494753050905207,0.017412679958219154
finite_144,finite_144|family_residual_median_three_seeds|family_agnostic_median_three_seeds|mae_seconds,47e6743e95c380a13dc5947d9e9b3db26e541efabd4a27134ff26aa14c00ba7d,0.0563912090001395,family_residual_median_three_seeds,0.12723865496418088,0.07084744596404138,family_agnostic_median_three_seeds,0.058651121258973954,0.0022599122588344567,0.06858753370520693
finite_144,finite_144|family_residual_median_three_seeds|family_agnostic_median_three_seeds|mae_seconds,4b24f68f78c4499a295ab28caa04282d174b7ab2a6b0f5333d3bfe630df72f71,0.014960417000111192,family_residual_median_three_seeds,0.037168538724533864,0.022208121724422672,family_agnostic_median_three_seeds,0.0047476580764275215,0.01021275892368367,0.011995362800739002
finite_144,finite_144|family_residual_median_three_seeds|family_agnostic_median_three_seeds|mae_seconds,4b5542071ea595cd62184de26c4f1dac3f6afa86f6450f50a28dbe8e1f865257,0.03412146100890823,family_residual_median_three_seeds,0.013531923346404108,0.02058953766250412,family_agnostic_median_three_seeds,0.05578400002085411,0.021662539011945883,-0.0010730013494417642
finite_144,finite_144|family_residual_median_three_seeds|family_agnostic_median_three_seeds|mae_seconds,4d5b55eb4b8a0aea0af4bde721618cbe79ed66e0636398ffddc79ace483672a6,0.28497167900786735,family_residual_median_three_seeds,0.4542792793519071,0.16930760034403974,family_agnostic_median_three_seeds,0.4999449532124518,0.21497327420458445,-0.04566567386054471
finite_144,finite_144|family_residual_median_three_seeds|family_agnostic_median_three_seeds|mae_seconds,4dd5e72918722dff3c88e277e20e3ecc1e06dfd0601343e784eeb454470800b7,1.0013418259914033,family_residual_median_three_seeds,0.7108354544554787,0.2905063715359246,family_agnostic_median_three_seeds,0.7234786567387834,0.2778631692526199,0.012643202283304733
finite_144,finite_144|family_residual_median_three_seeds|family_agnostic_median_three_seeds|mae_seconds,4df5b36e58378649053c461bf5ee1478fa114ac65c0c14551536b820ce8eafc7,3.2815998400037643,family_residual_median_three_seeds,1.5848654952852863,1.696734344718478,family_agnostic_median_three_seeds,2.8259019844060957,0.4556978555976685,1.2410364891208094
finite_144,finite_144|family_residual_median_three_seeds|family_agnostic_median_three_seeds|mae_seconds,4ee5846eef239e2b0e0d3f950f78b5b4b8af213f0063eb50be6bf50bdbb4385d,0.10320952600159217,family_residual_median_three_seeds,0.09555344607510956,0.007656079926482609,family_agnostic_median_three_seeds,0.019804423152786344,0.08340510284880583,-0.07574902292232322
finite_144,finite_144|family_residual_median_three_seeds|family_agnostic_median_three_seeds|mae_seconds,4f2368cad1a087f01b7598f13a9afa3b7cea2d6f9e96f79eb390f62213c97af7,0.8480028839985607,family_residual_median_three_seeds,1.0490018003759765,0.20099891637741574,family_agnostic_median_three_seeds,1.0602495917722474,0.2122467077736867,-0.011247791396270967
finite_144,finite_144|family_residual_median_three_seeds|family_agnostic_median_three_seeds|mae_seconds,50a5fc62010017f60b77f8c81e9ddf9bd95419be272d2ec5ed1445aae0c7ac92,0.01633486799255479,family_residual_median_three_seeds,0.0,0.01633486799255479,family_agnostic_median_three_seeds,0.0,0.01633486799255479,0.0
finite_144,finite_144|family_residual_median_three_seeds|family_agnostic_median_three_seeds|mae_seconds,51e3c5bc60da502bf92a6ed65a7c728a8b957b427652ac8fdaa002b9afc50d40,0.014999819002696313,family_residual_median_three_seeds,0.0,0.014999819002696313,family_agnostic_median_three_seeds,0.0,0.014999819002696313,0.0
finite_144,finite_144|family_residual_median_three_seeds|family_agnostic_median_three_seeds|mae_seconds,551dfe6ad672d4157a761610fc4c1061ea844868f2106407374764552251d63a,0.03428567500668578,family_residual_median_three_seeds,0.1316083268170087,0.09732265181032293,family_agnostic_median_three_seeds,0.19327234148170241,0.15898666647501664,-0.061664014664693706
finite_144,finite_144|family_residual_median_three_seeds|family_agnostic_median_three_seeds|mae_seconds,55746e6a2fd8d9c4b8c813443f2db46b072f75db1632dd252298c735fbc72bf0,0.00960345049679745,family_residual_median_three_seeds,0.0,0.00960345049679745,family_agnostic_median_three_seeds,0.0,0.00960345049679745,0.0
finite_144,finite_144|family_residual_median_three_seeds|family_agnostic_median_three_seeds|mae_seconds,56289d5fdefe63c89244b0849f2e22753ce30832776d74b79de4603006db32f4,0.01758937099657487,family_residual_median_three_seeds,0.014099099715910939,0.0034902712806639327,family_agnostic_median_three_seeds,0.0,0.01758937099657487,-0.014099099715910939
finite_144,finite_144|family_residual_median_three_seeds|family_agnostic_median_three_seeds|mae_seconds,568570a69663949a1aaac2fe16e74d3d065c7a8e6013e21368a9d8add886d6dc,0.1977772670070408,family_residual_median_three_seeds,0.45259658965133065,0.25481932264428986,family_agnostic_median_three_seeds,0.2460295858666385,0.048252318859597715,0.20656700378469214
finite_144,finite_144|family_residual_median_three_seeds|family_agnostic_median_three_seeds|mae_seconds,58501be4f197f4efd57535977a245f6adb39216116363b46836664cd6ca29e10,0.029995589997270145,family_residual_median_three_seeds,0.126535207714728,0.09653961771745787,family_agnostic_median_three_seeds,0.30791755966354545,0.2779219696662753,-0.18138235194881744
finite_144,finite_144|family_residual_median_three_seeds|family_agnostic_median_three_seeds|mae_seconds,585424315575b559a664523f6ce6236189739069b3872eea4ccdb995a29f8701,0.20420224498957396,family_residual_median_three_seeds,0.38571768259604583,0.18151543760647187,family_agnostic_median_three_seeds,0.5920243005510815,0.3878220555615075,-0.20630661795503563
finite_144,finite_144|family_residual_median_three_seeds|family_agnostic_median_three_seeds|mae_seconds,5ab4253ed51b729f331c9f3cc78bfecd3ecb2fed2e98818816bf3f64e22f1bfe,0.021421116005512886,family_residual_median_three_seeds,0.0,0.021421116005512886,family_agnostic_median_three_seeds,0.0,0.021421116005512886,0.0
finite_144,finite_144|family_residual_median_three_seeds|family_agnostic_median_three_seeds|mae_seconds,5d3cc38ff0e2b9054c927b6309c6a8dfaba491733eab08b06cc06f2d333da23d,0.19827942800475284,family_residual_median_three_seeds,0.38418626439660014,0.1859068363918473,family_agnostic_median_three_seeds,0.4121338829830796,0.21385445497832678,-0.027947618586479483
finite_144,finite_144|family_residual_median_three_seeds|family_agnostic_median_three_seeds|mae_seconds,615d076a941f3eec9d225a20b894c8d30a0c90d4834d03fa0ebd5d13e4b46ded,2.4260954790079268,family_residual_median_three_seeds,1.727494759223515,0.6986007197844117,family_agnostic_median_three_seeds,1.7693856201480465,0.6567098588598803,0.041890860924531426
finite_144,finite_144|family_residual_median_three_seeds|family_agnostic_median_three_seeds|mae_seconds,63b92ee6c5b54da107e9016de97e2cb7768bfb970ebc025650706533e47d3caf,0.04374370000732597,family_residual_median_three_seeds,0.2455934237970936,0.20184972378976762,family_agnostic_median_three_seeds,0.45090849603133437,0.4071647960240084,-0.20531507223424078
finite_144,finite_144|family_residual_median_three_seeds|family_agnostic_median_three_seeds|mae_seconds,66c9180a271ec04f728ab259ed86a24fe52676e6f40a7614b02f79fd13536c91,0.01599400099075865,family_residual_median_three_seeds,0.0,0.01599400099075865,family_agnostic_median_three_seeds,0.0,0.01599400099075865,0.0
finite_144,finite_144|family_residual_median_three_seeds|family_agnostic_median_three_seeds|mae_seconds,6a475a20ac3d09839e2b43104ca187037db5ff813b811e0d7356adac93d25244,0.25500052400457207,family_residual_median_three_seeds,0.11072256478808638,0.14427795921648567,family_agnostic_median_three_seeds,0.24411322731719892,0.01088729668737315,0.13339066252911252
finite_144,finite_144|family_residual_median_three_seeds|family_agnostic_median_three_seeds|mae_seconds,6b2f9fea850557b40ca9b69341ec300b1c4fe1f4bf53e94436af2ba1586bac62,0.02461252300417982,family_residual_median_three_seeds,0.0,0.02461252300417982,family_agnostic_median_three_seeds,0.0,0.02461252300417982,0.0
finite_144,finite_144|family_residual_median_three_seeds|family_agnostic_median_three_seeds|mae_seconds,6cf91acdbcfc0321d1ffcee7c2197fec29f2b9dd83e7c3b56dbe8d583332ccdb,1.1965577070077416,family_residual_median_three_seeds,0.984756094412321,0.21180161259542052,family_agnostic_median_three_seeds,1.6744242695830707,0.4778665625753291,-0.2660649499799086
finite_144,finite_144|family_residual_median_three_seeds|family_agnostic_median_three_seeds|mae_seconds,6e066adb38de82d96650b3f806e398374e88912fd4688ab9c98f3c94dcd33e16,0.03593193899723701,family_residual_median_three_seeds,0.33284301486286355,0.29691107586562654,family_agnostic_median_three_seeds,0.4980111474831821,0.4620792084859451,-0.16516813262031854
finite_144,finite_144|family_residual_median_three_seeds|family_agnostic_median_three_seeds|mae_seconds,720a3cec5f9b39a53aa0d59f0ecc24f42f2948fbe56164a033262c628e2ba875,0.6676088839885779,family_residual_median_three_seeds,0.7157930407099575,0.048184156721379656,family_agnostic_median_three_seeds,1.2068876947134932,0.5392788107249153,-0.4910946540035357
finite_144,finite_144|family_residual_median_three_seeds|family_agnostic_median_three_seeds|mae_seconds,7344fd4d264c475e52edca02e3426225c78af7ed0bdaae137741a04685725a5d,0.011170979007147253,family_residual_median_three_seeds,0.0,0.011170979007147253,family_agnostic_median_three_seeds,0.0,0.011170979007147253,0.0
finite_144,finite_144|family_residual_median_three_seeds|family_agnostic_median_three_seeds|mae_seconds,73abe6179f1e84e36777e1d953028143ee3ff00662ddb793d55022d9344b4940,9.536654898009147,family_residual_median_three_seeds,10.875506556055107,1.3388516580459608,family_agnostic_median_three_seeds,11.370626489621872,1.833971591612725,-0.4951199335667642
finite_144,finite_144|family_residual_median_three_seeds|family_agnostic_median_three_seeds|mae_seconds,7478da09664f4489c33c18a6ea1974cc9dea86d1adda1f912c3eaeff27c2d5fa,0.055610037001315504,family_residual_median_three_seeds,0.0,0.055610037001315504,family_agnostic_median_three_seeds,0.018687364923979877,0.03692267207733563,0.018687364923979877
finite_144,finite_144|family_residual_median_three_seeds|family_agnostic_median_three_seeds|mae_seconds,75b1db396e34d1f1b234ea8dcdc253203a770cecce7f48bb8a126860723c43df,0.013813976998790167,family_residual_median_three_seeds,0.03189405081703532,0.018080073818245154,family_agnostic_median_three_seeds,0.0,0.013813976998790167,0.004266096819454987
finite_144,finite_144|family_residual_median_three_seeds|family_agnostic_median_three_seeds|mae_seconds,78d3420407751ab52a65abe926510d585ebd3a5d1934ac31c13b28eca5c5ee8a,0.6137206630082801,family_residual_median_three_seeds,0.4973250338429028,0.11639562916537732,family_agnostic_median_three_seeds,0.9426293941859493,0.32890873117766917,-0.21251310201229184
finite_144,finite_144|family_residual_median_three_seeds|family_agnostic_median_three_seeds|mae_seconds,78ecec267502f433ab148452979221600becf679520b50ad454009e0ca097af5,0.9436662789958064,family_residual_median_three_seeds,0.8594974321256941,0.08416884687011228,family_agnostic_median_three_seeds,1.4076661539411535,0.4639998749453471,-0.37983102807523483
finite_144,finite_144|family_residual_median_three_seeds|family_agnostic_median_three_seeds|mae_seconds,79b8fdfbfe6897a226612f9b9e27a4533aac4b48258335fb7746c5f10989cedc,0.03340627049328759,family_residual_median_three_seeds,0.07224966213126505,0.038843391637977454,family_agnostic_median_three_seeds,0.0583695410742676,0.02496327058098001,0.013880121056997444
finite_144,finite_144|family_residual_median_three_seeds|family_agnostic_median_three_seeds|mae_seconds,7b944ad7e38d98fae66177b6c014ae2878d62bcd1765103c19941653817e7996,0.028299986995989457,family_residual_median_three_seeds,0.014707842778050836,0.01359214421793862,family_agnostic_median_three_seeds,0.09322040317213587,0.06492041617614641,-0.05132827195820779
finite_144,finite_144|family_residual_median_three_seeds|family_agnostic_median_three_seeds|mae_seconds,7c8832728feaaf34fac1fda49dfcbfbf655902b5b4eb3f1b11e43f21d15de5bf,0.18511410600331146,family_residual_median_three_seeds,0.1717594157661199,0.013354690237191574,family_agnostic_median_three_seeds,0.07580821817221836,0.1093058878310931,-0.09595119759390153
finite_144,finite_144|family_residual_median_three_seeds|family_agnostic_median_three_seeds|mae_seconds,7dafebd46e73b9b279f1ef96da32f7d563de3721b856b4570375ab81951e06fc,0.48330739499942865,family_residual_median_three_seeds,0.6687760350366655,0.18546864003723684,family_agnostic_median_three_seeds,0.6616620580563368,0.17835466305690817,0.007113976980328673
finite_144,finite_144|family_residual_median_three_seeds|family_agnostic_median_three_seeds|mae_seconds,7e02b8d5bbea94c5e0eabb2edd6a74e15949ae6b737fabb55e66a61d47181912,1.295461602989235,family_residual_median_three_seeds,6.450159596859992,5.154697993870757,family_agnostic_median_three_seeds,3.302742438928366,2.007280835939131,3.147417157931626
finite_144,finite_144|family_residual_median_three_seeds|family_agnostic_median_three_seeds|mae_seconds,7f613ccae98ac8124d086ee9a39d94b1ed019520da8c3277395b109fd22d7d4d,0.021900085994275287,family_residual_median_three_seeds,0.023870923978741153,0.001970837984465866,family_agnostic_median_three_seeds,0.0,0.021900085994275287,-0.01992924800980942
finite_144,finite_144|family_residual_median_three_seeds|family_agnostic_median_three_seeds|mae_seconds,7fabc879bc998db5c05d7cc5b83db2d1704d7587139b714da9cf82639f4f093e,0.10285567400569562,family_residual_median_three_seeds,0.1638529284989023,0.06099725449320667,family_agnostic_median_three_seeds,0.2508256248085419,0.1479699508028463,-0.08697269630963964
finite_144,finite_144|family_residual_median_three_seeds|family_agnostic_median_three_seeds|mae_seconds,806f1844d225682cd7d5d0b276b5567caa23697f73064d8a20347024bb03fe40,0.01652392249525292,family_residual_median_three_seeds,0.0,0.01652392249525292,family_agnostic_median_three_seeds,0.0,0.01652392249525292,0.0
finite_144,finite_144|family_residual_median_three_seeds|family_agnostic_median_three_seeds|mae_seconds,81a66b1daaf97d148a8a075515daf8702349d257883a1dd88e26993c1622351f,0.5699010470125359,family_residual_median_three_seeds,0.44398278197291735,0.1259182650396185,family_agnostic_median_three_seeds,0.6047484713288901,0.034847424316354236,0.09107084072326427
finite_144,finite_144|family_residual_median_three_seeds|family_agnostic_median_three_seeds|mae_seconds,82da8e687716ed31c95e72560edb07e7f6073a5be0f5ebffb17d22aff22c81fd,0.3460227089963155,family_residual_median_three_seeds,0.3232834906724892,0.022739218323826305,family_agnostic_median_three_seeds,0.4152893073470516,0.06926659835073612,-0.046527380026909815
finite_144,finite_144|family_residual_median_three_seeds|family_agnostic_median_three_seeds|mae_seconds,84c07c56eef046e3c72823b20fb674075b1ab68a85dc6a06baf7f35983e2bd17,0.036921663995599374,family_residual_median_three_seeds,0.3704817235488991,0.3335600595532997,family_agnostic_median_three_seeds,0.7339566186177426,0.6970349546221433,-0.36347489506884356
finite_144,finite_144|family_residual_median_three_seeds|family_agnostic_median_three_seeds|mae_seconds,8711737782301f568af1980707e62c989655488357aa858d6c63bb8e206ae4fc,0.45572497400280554,family_residual_median_three_seeds,0.3373909203891409,0.11833405361366461,family_agnostic_median_three_seeds,0.404993947218879,0.05073102678392655,0.06760302682973807
finite_144,finite_144|family_residual_median_three_seeds|family_agnostic_median_three_seeds|mae_seconds,8c7594c05053bb7af0015bd637170a669e9d39c1da6edce6a769992b6ef5c9cb,0.029765535990009084,family_residual_median_three_seeds,0.0,0.029765535990009084,family_agnostic_median_three_seeds,0.1428139547032823,0.1130484187132732,-0.08328288272326412
finite_144,finite_144|family_residual_median_three_seeds|family_agnostic_median_three_seeds|mae_seconds,8d3b3ff10a3a80d0dda4e7043cce2b222aaf9e3cc19caa194b8e87da40266ac5,0.22089128849620465,family_residual_median_three_seeds,0.4582193975466031,0.23732810905039847,family_agnostic_median_three_seeds,0.4949896427732407,0.27409835427703605,-0.03677024522663758
finite_144,finite_144|family_residual_median_three_seeds|family_agnostic_median_three_seeds|mae_seconds,8e1c1014680274215f87d97c833f99474ed19b3393b2b8eea20a36bde517708b,0.23596165100752842,family_residual_median_three_seeds,0.2589575098967248,0.022995858889196363,family_agnostic_median_three_seeds,0.3763198823334459,0.14035823132591746,-0.1173623724367211
finite_144,finite_144|family_residual_median_three_seeds|family_agnostic_median_three_seeds|mae_seconds,8e4821df72704634cb81ea4d738477a8d596a49cba641e6198fdc9970e1d5d2f,0.10458056299830787,family_residual_median_three_seeds,0.18191659585553593,0.07733603285722807,family_agnostic_median_three_seeds,0.3183909033581061,0.21381034035979823,-0.13647430750257017
finite_144,finite_144|family_residual_median_three_seeds|family_agnostic_median_three_seeds|mae_seconds,8ea085ea0c0185c560746ab5988221e203c457e2afbb475976fb99f718e2dad1,1.4953874835046008,family_residual_median_three_seeds,1.2256286401044054,0.2697588434001954,family_agnostic_median_three_seeds,1.3133223492635002,0.1820651342411006,0.0876937091590948
finite_144,finite_144|family_residual_median_three_seeds|family_agnostic_median_three_seeds|mae_seconds,8f11cd416ae9672f06a39e5ee3a27a70bcbf31d7177cb47270c0cd8512c95381,0.13935058600327466,family_residual_median_three_seeds,0.2343982782071923,0.09504769220391765,family_agnostic_median_three_seeds,0.3135510108262989,0.17420042482302422,-0.07915273261910657
finite_144,finite_144|family_residual_median_three_seeds|family_agnostic_median_three_seeds|mae_seconds,8ffee9c3a3af1aeaa766f38df57fcb62de5efa16d7f328d60a8977cb0da39e22,0.5239883729955181,family_residual_median_three_seeds,0.7528054280242976,0.22881705502877947,family_agnostic_median_three_seeds,1.0427845747050593,0.5187962017095411,-0.28997914668076163
finite_144,finite_144|family_residual_median_three_seeds|family_agnostic_median_three_seeds|mae_seconds,9110b8773ad1c544b5ec91feaaa99c96975f7577fe6966b0f0df52dab84bef92,0.02539949499623617,family_residual_median_three_seeds,0.0,0.02539949499623617,family_agnostic_median_three_seeds,0.0,0.02539949499623617,0.0
finite_144,finite_144|family_residual_median_three_seeds|family_agnostic_median_three_seeds|mae_seconds,92c02520f591e3d46218c6839b62acb2a1d5fbcc2ceba197b9265653f1737b24,0.01813236800080631,family_residual_median_three_seeds,0.0,0.01813236800080631,family_agnostic_median_three_seeds,0.0,0.01813236800080631,0.0
finite_144,finite_144|family_residual_median_three_seeds|family_agnostic_median_three_seeds|mae_seconds,93eff191c23e0c3d13a127f38595909e7092290f5119c9be24a1ccc61fff5767,1.6046517960057827,family_residual_median_three_seeds,0.8668871274703281,0.7377646685354545,family_agnostic_median_three_seeds,1.6486615998591714,0.04400980385338871,0.6937548646820658
finite_144,finite_144|family_residual_median_three_seeds|family_agnostic_median_three_seeds|mae_seconds,9649572da691c86252b1620cba73350902b9ba3cf4dbdb3fb2e3531588da98c4,0.07614758700947277,family_residual_median_three_seeds,0.0,0.07614758700947277,family_agnostic_median_three_seeds,0.04849802917049392,0.02764955783897885,0.04849802917049392
finite_144,finite_144|family_residual_median_three_seeds|family_agnostic_median_three_seeds|mae_seconds,97bdbd3569346cfa4a289ced5de0f3280a495266d423a3af48650bf01484b9be,3.5094549999921583,family_residual_median_three_seeds,4.907584364882597,1.3981293648904387,family_agnostic_median_three_seeds,5.068905709960182,1.559450709968024,-0.16132134507758522
finite_144,finite_144|family_residual_median_three_seeds|family_agnostic_median_three_seeds|mae_seconds,99e0865dc3fced630c02b5b2710b24fd9257ba31d54112cde08a769e974f53c4,0.8848653770110104,family_residual_median_three_seeds,0.9351901737222084,0.05032479671119794,family_agnostic_median_three_seeds,1.0403477962782381,0.15548241926722772,-0.10515762255602978
finite_144,finite_144|family_residual_median_three_seeds|family_agnostic_median_three_seeds|mae_seconds,9b4261e2d98678946a9aefea16ba9b8abcae8409f8589f8fb3daa941694f88c6,0.05269318800128531,family_residual_median_three_seeds,0.06535389468215709,0.012660706680871783,family_agnostic_median_three_seeds,0.11558300842135415,0.06288982042006884,-0.05022911373919706
finite_144,finite_144|family_residual_median_three_seeds|family_agnostic_median_three_seeds|mae_seconds,9fc54c185186ff8c504ebdac4e3fa109beb4cf46f86196a3376b3153a7f72962,0.056531766007537954,family_residual_median_three_seeds,0.4723256630183438,0.4157938970108058,family_agnostic_median_three_seeds,0.3430481681097511,0.28651640210221313,0.1292774949085927
finite_144,finite_144|family_residual_median_three_seeds|family_agnostic_median_three_seeds|mae_seconds,a3b7d67bad6cd47cb522addfaf763294b1ea99017f443c03052055a2f0074009,79.91749536799034,family_residual_median_three_seeds,21.395803682933128,58.52169168505721,family_agnostic_median_three_seeds,17.58619444890823,62.33130091908211,-3.8096092340248973
finite_144,finite_144|family_residual_median_three_seeds|family_agnostic_median_three_seeds|mae_seconds,a4a7b8b8d556570de9ea2db286aaa4245fa50f4619f25f0f7414b16d503458d8,0.953442771002301,family_residual_median_three_seeds,0.4102551186091743,0.5431876523931267,family_agnostic_median_three_seeds,0.6237725527280154,0.32967021827428566,0.21351743411884105
finite_144,finite_144|family_residual_median_three_seeds|family_agnostic_median_three_seeds|mae_seconds,a53b2a3a1ba8397a96b487c44f825f3cab2e0c714b69298f2ab0a839975b173c,5.230783803999657,family_residual_median_three_seeds,1.5383935727892943,3.6923902312103625,family_agnostic_median_three_seeds,1.6213271731925243,3.6094566308071325,0.08293360040322995
finite_144,finite_144|family_residual_median_three_seeds|family_agnostic_median_three_seeds|mae_seconds,a70c5b796698f145c5992d324b3a0b5e28eb7301e6f306652a316a55c68f1ae8,0.35253910499159247,family_residual_median_three_seeds,0.3587972249572899,0.006258119965697417,family_agnostic_median_three_seeds,0.7313562736934591,0.37881716870186666,-0.37255904873616924
finite_144,finite_144|family_residual_median_three_seeds|family_agnostic_median_three_seeds|mae_seconds,aa91238ec5978b739b87b3a657746a8786de113397a5abeadf726d1dd9c836b3,0.012801228993339464,family_residual_median_three_seeds,0.0,0.012801228993339464,family_agnostic_median_three_seeds,0.0,0.012801228993339464,0.0
finite_144,finite_144|family_residual_median_three_seeds|family_agnostic_median_three_seeds|mae_seconds,abe368f160ce73db792b3af14a6e120eda4838b15f01376daa204a680d07c5bc,0.0869559359998675,family_residual_median_three_seeds,0.15401072505049065,0.06705478905062315,family_agnostic_median_three_seeds,0.09131839693987757,0.004362460940010068,0.06269232811061308
finite_144,finite_144|family_residual_median_three_seeds|family_agnostic_median_three_seeds|mae_seconds,acacd76111e7f23e4224342ca0ab5340b1bdaad3b6eba8893e4036ba14896362,0.012050335993990302,family_residual_median_three_seeds,0.0,0.012050335993990302,family_agnostic_median_three_seeds,0.0,0.012050335993990302,0.0
finite_144,finite_144|family_residual_median_three_seeds|family_agnostic_median_three_seeds|mae_seconds,af19d23c83544c8b7f6be5c42e0254336c9902c1ef454c06b9d45c4582d2fd3d,0.8332175344985444,family_residual_median_three_seeds,1.0490018003759765,0.21578426587743205,family_agnostic_median_three_seeds,1.0602495917722474,0.22703205727370301,-0.011247791396270967
finite_144,finite_144|family_residual_median_three_seeds|family_agnostic_median_three_seeds|mae_seconds,af7e7c49ba06f5c554580173d3dcd73bc9d5a9dd9c6e3d3cd8c94d494fa4b969,0.02617017799639143,family_residual_median_three_seeds,0.0,0.02617017799639143,family_agnostic_median_three_seeds,0.0,0.02617017799639143,0.0
finite_144,finite_144|family_residual_median_three_seeds|family_agnostic_median_three_seeds|mae_seconds,afa0cd93480bae81feca2afdcb909ab13c2934f76b139c27872b18658e5c1f28,0.018968898002640344,family_residual_median_three_seeds,0.0,0.018968898002640344,family_agnostic_median_three_seeds,0.0,0.018968898002640344,0.0
finite_144,finite_144|family_residual_median_three_seeds|family_agnostic_median_three_seeds|mae_seconds,b23a0318d268fcffc78b4f6ce920c98f33487ec34a71cf7b6225b9b6eb93f1bb,24.846454593003727,family_residual_median_three_seeds,17.269964313967368,7.57649027903636,family_agnostic_median_three_seeds,17.31941394002154,7.527040652982187,0.049449626054173024
finite_144,finite_144|family_residual_median_three_seeds|family_agnostic_median_three_seeds|mae_seconds,b5736e26e119a619b687dcc0cf8065475e3805bc0c6180b480e0e36badc289db,0.04377779198694043,family_residual_median_three_seeds,0.09311598763431352,0.04933819564737309,family_agnostic_median_three_seeds,0.2080788403019531,0.16430104831501266,-0.11496285266763957
finite_144,finite_144|family_residual_median_three_seeds|family_agnostic_median_three_seeds|mae_seconds,b5f6ad96b1eb0fc9087c079e22e8a91398b460e24d616ed0d8829247aee24f18,0.017304453009273857,family_residual_median_three_seeds,0.13584315739579242,0.11853870438651856,family_agnostic_median_three_seeds,0.04582071507985001,0.028516262070576157,0.0900224423159424
finite_144,finite_144|family_residual_median_three_seeds|family_agnostic_median_three_seeds|mae_seconds,b6a15d3507225e442ed02c90df5179f09c529df7bf5ee38a8005cc265f4203a6,4.261887058994034,family_residual_median_three_seeds,9.908903559372966,5.647016500378932,family_agnostic_median_three_seeds,4.543543117289155,0.28165605829512064,5.365360442083811
finite_144,finite_144|family_residual_median_three_seeds|family_agnostic_median_three_seeds|mae_seconds,b6afb1122e1baece13144a1d0da78738759129107f453e9579e99e8789e057fe,0.047061582998139784,family_residual_median_three_seeds,0.20770464131252386,0.16064305831438408,family_agnostic_median_three_seeds,0.3088247981171569,0.2617632151190171,-0.10112015680463304
finite_144,finite_144|family_residual_median_three_seeds|family_agnostic_median_three_seeds|mae_seconds,bbafe35368c1a915635c383f6aaa4ec709a7c6e055550875d4de11ca0983dbb5,0.04260586100281216,family_residual_median_three_seeds,0.4425203226521554,0.39991446164934324,family_agnostic_median_three_seeds,0.6247515798591021,0.58214571885629,-0.18223125720694672
finite_144,finite_144|family_residual_median_three_seeds|family_agnostic_median_three_seeds|mae_seconds,bc77f4afad8bbb19a6b320c11bc8f8110a330e395e5c509895e0b6c566cab5e9,0.02530120700248517,family_residual_median_three_seeds,0.013775811974916114,0.011525395027569057,family_agnostic_median_three_seeds,0.027245011806403253,0.0019438048039180818,0.009581590223650975
finite_144,finite_144|family_residual_median_three_seeds|family_agnostic_median_three_seeds|mae_seconds,bc8cb33a3a242fb3ab35191a36313674faaca8fe1839cfa05d79788052424d1d,0.016875350003829226,family_residual_median_three_seeds,0.0,0.016875350003829226,family_agnostic_median_three_seeds,0.0,0.016875350003829226,0.0
finite_144,finite_144|family_residual_median_three_seeds|family_agnostic_median_three_seeds|mae_seconds,bdd8a427e9747bbc01ad8e77a22d61f0314fe8db0de17786839f2193ab0928bd,2.3824428014922887,family_residual_median_three_seeds,1.5383935727892943,0.8440492287029944,family_agnostic_median_three_seeds,1.6213271731925243,0.7611156282997644,0.08293360040322995
finite_144,finite_144|family_residual_median_three_seeds|family_agnostic_median_three_seeds|mae_seconds,c1572e3b6e41c965a5943c21ceacdbad56fc868b4ee02ff4ef8af2d2054a0602,0.22925455200311262,family_residual_median_three_seeds,0.48672974816770637,0.25747519616459374,family_agnostic_median_three_seeds,0.4944487194514524,0.2651941674483398,-0.007718971283746046
finite_144,finite_144|family_residual_median_three_seeds|family_agnostic_median_three_seeds|mae_seconds,c658b0f6c564cc6b7d6d48105e5567caf0660181ca2dbad8b9bdbdd353962fd6,0.11542836799344514,family_residual_median_three_seeds,0.11417256714852043,0.001255800844924701,family_agnostic_median_three_seeds,0.12669618671598512,0.011267818722539985,-0.010012017877615284
finite_144,finite_144|family_residual_median_three_seeds|family_agnostic_median_three_seeds|mae_seconds,c67a77f55c658ad1270fd52c8cbc66319b72ceaa5ca5d4015d775b44e8edd85a,0.014848140999674797,family_residual_median_three_seeds,0.0,0.014848140999674797,family_agnostic_median_three_seeds,0.01240698719831456,0.0024411538013602366,0.01240698719831456
finite_144,finite_144|family_residual_median_three_seeds|family_agnostic_median_three_seeds|mae_seconds,c69c35c09a4dcfe7dd09af0b73be8e5f608531bf0baadd794f6861bcf237e40c,0.033591554005397484,family_residual_median_three_seeds,0.07224966213126505,0.03865810812586756,family_agnostic_median_three_seeds,0.0583695410742676,0.02477798706887012,0.013880121056997444
finite_144,finite_144|family_residual_median_three_seeds|family_agnostic_median_three_seeds|mae_seconds,c6ee0cb7c958cecf010796ce2ad0bb148b9fd660dd52393972c541d9ae422eca,2.3875844230060466,family_residual_median_three_seeds,1.4960336997242183,0.8915507232818283,family_agnostic_median_three_seeds,1.653864815002204,0.7337196080038426,0.15783111527798566
finite_144,finite_144|family_residual_median_three_seeds|family_agnostic_median_three_seeds|mae_seconds,c9931425f0767057491a7e6ab8f1ed937fde917a862097440f57606892bddde9,0.4793449594944832,family_residual_median_three_seeds,0.6687760350366655,0.1894310755421823,family_agnostic_median_three_seeds,0.6616620580563368,0.18231709856185363,0.007113976980328673
finite_144,finite_144|family_residual_median_three_seeds|family_agnostic_median_three_seeds|mae_seconds,cbe1ca5505b485bd87b2e68f2b38ecae377e29f823c30e4c44d3f5f87d4266f7,0.09876574200461619,family_residual_median_three_seeds,0.1289313991732116,0.030165657168595428,family_agnostic_median_three_seeds,0.07586774214835534,0.022897999856260842,0.0072676573123345856
finite_144,finite_144|family_residual_median_three_seeds|family_agnostic_median_three_seeds|mae_seconds,cfadb6828c07bfc2fac00ca0c9c03935e927b88961597b69936fc199a094b9ea,0.017487927005277015,family_residual_median_three_seeds,0.0,0.017487927005277015,family_agnostic_median_three_seeds,0.03674070079269398,0.019252773787416966,-0.0017648467821399505
finite_144,finite_144|family_residual_median_three_seeds|family_agnostic_median_three_seeds|mae_seconds,d06936015124a75ae15e1f94eeb54cc51ab24596726b8110765a69ba66d0e80a,0.1259611449931981,family_residual_median_three_seeds,0.1645312627057568,0.038570117712558694,family_agnostic_median_three_seeds,0.22134690629707632,0.09538576130387821,-0.05681564359131952
finite_144,finite_144|family_residual_median_three_seeds|family_agnostic_median_three_seeds|mae_seconds,d506e52d304853cd9e55834d3112505279aa22e89e70aa7c00dfc57caad3c72c,0.3110688500019023,family_residual_median_three_seeds,0.6051702496370219,0.2941013996351196,family_agnostic_median_three_seeds,0.7748396555783248,0.4637708055764225,-0.16966940594130286
finite_144,finite_144|family_residual_median_three_seeds|family_agnostic_median_three_seeds|mae_seconds,d7a22ac29418bcf9f00346732fe1b985f8e0b9df60273404dabbf4a62027715f,0.04994272699696012,family_residual_median_three_seeds,0.0,0.04994272699696012,family_agnostic_median_three_seeds,0.0,0.04994272699696012,0.0
finite_144,finite_144|family_residual_median_three_seeds|family_agnostic_median_three_seeds|mae_seconds,d7ecd343052e510bdf5fa0f67f2fdbc3ee5ddccd19f39548c2853114a94dece2,0.032444068987388164,family_residual_median_three_seeds,0.0,0.032444068987388164,family_agnostic_median_three_seeds,0.0,0.032444068987388164,0.0
finite_144,finite_144|family_residual_median_three_seeds|family_agnostic_median_three_seeds|mae_seconds,db0e077b1674f90860a270d014aa8226822880dbf36c819dad0bea17881b7eb5,0.09164552399306558,family_residual_median_three_seeds,0.39076557536105244,0.29912005136798686,family_agnostic_median_three_seeds,0.6043831281558312,0.5127376041627656,-0.21361755279477873
finite_144,finite_144|family_residual_median_three_seeds|family_agnostic_median_three_seeds|mae_seconds,dbfb4dd8bf80cda30461759a3169ec60ac535a27409cf938f691179c6a121ebd,0.025913477991707623,family_residual_median_three_seeds,0.16736808868946526,0.14145461069775764,family_agnostic_median_three_seeds,0.20258505818336942,0.1766715801916618,-0.035216969493904154
finite_144,finite_144|family_residual_median_three_seeds|family_agnostic_median_three_seeds|mae_seconds,dc97062e3adcbcaf813cae5e970c8a0357a239b8d4a09e77a4e3e4625532d209,0.022582220000913367,family_residual_median_three_seeds,0.0,0.022582220000913367,family_agnostic_median_three_seeds,0.12534093155832274,0.10275871155740937,-0.080176491556496
finite_144,finite_144|family_residual_median_three_seeds|family_agnostic_median_three_seeds|mae_seconds,dd514cba6fbc94c48a3eb8f2ff2210ef74259e76e7f796394066418bfd93ee86,0.987846089003142,family_residual_median_three_seeds,1.1611524583150958,0.17330636931195387,family_agnostic_median_three_seeds,2.151237773290938,1.163391684287796,-0.9900853149758422
finite_144,finite_144|family_residual_median_three_seeds|family_agnostic_median_three_seeds|mae_seconds,de4639e0b84f220ce7281521fbce5104129cc70befb85198bf93def8d4ba7a65,0.012442961990018375,family_residual_median_three_seeds,0.0,0.012442961990018375,family_agnostic_median_three_seeds,0.0,0.012442961990018375,0.0
finite_144,finite_144|family_residual_median_three_seeds|family_agnostic_median_three_seeds|mae_seconds,de56c0798eca25bd1510d4d10f11e996f0bad2a11ce94a265da0635c161cbcae,0.013786837997031398,family_residual_median_three_seeds,0.012622825429487514,0.0011640125675438841,family_agnostic_median_three_seeds,0.0,0.013786837997031398,-0.012622825429487514
finite_144,finite_144|family_residual_median_three_seeds|family_agnostic_median_three_seeds|mae_seconds,e0c3acec67c0fb535add575a46e01889b30ec7970005214fd2188b94ae3a55a5,0.30664109998906497,family_residual_median_three_seeds,0.5262795158501156,0.2196384158610506,family_agnostic_median_three_seeds,0.47605036081610047,0.1694092608270355,0.050229155034015094
finite_144,finite_144|family_residual_median_three_seeds|family_agnostic_median_three_seeds|mae_seconds,e2fba21685e6e7d22d625d8babcc9c51a8911815153e52fc89277e0efe117045,0.034269919007783756,family_residual_median_three_seeds,0.22210458567296995,0.1878346666651862,family_agnostic_median_three_seeds,0.5821249437934548,0.547855024785671,-0.36002035812048483
finite_144,finite_144|family_residual_median_three_seeds|family_agnostic_median_three_seeds|mae_seconds,e4664972befc3ffed396f3842bf910be22c2fbe7f293d3c295b971dfe094d398,0.21684798199567012,family_residual_median_three_seeds,0.3216704003446582,0.10482241834898809,family_agnostic_median_three_seeds,0.2949217899949396,0.0780738079992695,0.026748610349718593
finite_144,finite_144|family_residual_median_three_seeds|family_agnostic_median_three_seeds|mae_seconds,e8037a4f622df36c65c0e756e11a6c6e3b8b40fbabaffb6cd59ff1cc79f49063,61.17339781799819,family_residual_median_three_seeds,25.339846748996134,35.833551069002056,family_agnostic_median_three_seeds,22.047356312400154,39.12604150559804,-3.2924904365959833
finite_144,finite_144|family_residual_median_three_seeds|family_agnostic_median_three_seeds|mae_seconds,ea84355871fa77560419766f8000de4dcb0eea29468bcb0d89a1c84edff34f61,0.036422210992896,family_residual_median_three_seeds,0.0,0.036422210992896,family_agnostic_median_three_seeds,0.0,0.036422210992896,0.0
finite_144,finite_144|family_residual_median_three_seeds|family_agnostic_median_three_seeds|mae_seconds,eb43007109ad9707544629854cfc7259b0e6aa70c5a618cedacbb7d26dd746a0,1.539023724006256,family_residual_median_three_seeds,1.2252394561372593,0.3137842678689968,family_agnostic_median_three_seeds,1.2764972668885832,0.26252645711767286,0.05125781075132396
finite_144,finite_144|family_residual_median_three_seeds|family_agnostic_median_three_seeds|mae_seconds,edc62038c489069da135981ccefd5c5a2f3cc0a991fa6da4defa393abdb0d2a4,0.12868290600454202,family_residual_median_three_seeds,0.11229803406574593,0.01638487193879609,family_agnostic_median_three_seeds,0.14165354072994568,0.012970634725403662,0.0034142372133924292
finite_144,finite_144|family_residual_median_three_seeds|family_agnostic_median_three_seeds|mae_seconds,f0e0170b510412a7e964e82f14793115a9e53a1b250283a74abd893a45b5f20e,0.30258032999699935,family_residual_median_three_seeds,0.2823385136549414,0.02024181634205796,family_agnostic_median_three_seeds,0.24535067234272265,0.057229657654276705,-0.036987841312218744
finite_144,finite_144|family_residual_median_three_seeds|family_agnostic_median_three_seeds|mae_seconds,f12c9439f3dfce19e2f161aed74fdafb33146528cdb8524425608579de8b6741,0.03252830699784681,family_residual_median_three_seeds,0.024451915726537654,0.008076391271309158,family_agnostic_median_three_seeds,0.09739782207370702,0.06486951507586021,-0.05679312380455105
finite_144,finite_144|family_residual_median_three_seeds|family_agnostic_median_three_seeds|mae_seconds,f2ce48d725be79c1ea5cbfeb36811261c4e74460588e911c3b2916a9303c1cf5,0.08811176200106274,family_residual_median_three_seeds,0.0,0.08811176200106274,family_agnostic_median_three_seeds,0.16814716375325928,0.08003540175219653,0.00807636024886621
finite_144,finite_144|family_residual_median_three_seeds|family_agnostic_median_three_seeds|mae_seconds,f37f599f25c5024b4069e866a31563a6daf0b1495d17d25343f7b3cfac1169ee,0.06516375900537241,family_residual_median_three_seeds,0.05393454671598348,0.011229212289388932,family_agnostic_median_three_seeds,0.020952128547945426,0.04421163045742699,-0.032982418168038055
finite_144,finite_144|family_residual_median_three_seeds|family_agnostic_median_three_seeds|mae_seconds,f76953672a13f3e92397fe3586ff6557882560261e995147a67b931d701c7fcf,2.0946084930037614,family_residual_median_three_seeds,1.3703727995491417,0.7242356934546197,family_agnostic_median_three_seeds,2.1261321183001094,0.031523625296348,0.6927120681582717
finite_144,finite_144|family_residual_median_three_seeds|family_agnostic_median_three_seeds|mae_seconds,f8d88243c9d36e41e0eedeff4898e325d59ba4d8ceb4b81c7b48757ade1e94b4,1.798349431992392,family_residual_median_three_seeds,0.9349311232212207,0.8634183087711713,family_agnostic_median_three_seeds,0.9548601632314928,0.8434892687608992,0.01992904001027207
finite_144,finite_144|family_residual_median_three_seeds|family_agnostic_median_three_seeds|mae_seconds,fa595f88d0ab98542a799af4492f53b2a5e2e88ebc442a9b508abac209d0afcc,1.210094072011998,family_residual_median_three_seeds,0.916768102282726,0.29332596972927194,family_agnostic_median_three_seeds,1.4259783334224727,0.2158842614104748,0.07744170831879715
finite_144,finite_144|family_residual_median_three_seeds|family_agnostic_median_three_seeds|mae_seconds,fcd9497c7764bb185a96cc8b6d1c7878851e9b87e64de7ebf47aa1d16eb3ee0a,0.011232427001232281,family_residual_median_three_seeds,0.3855449041885901,0.37431247718735783,family_agnostic_median_three_seeds,0.0,0.011232427001232281,0.36308005018612555
finite_144,finite_144|family_residual_median_three_seeds|family_agnostic_median_three_seeds|mae_seconds,fea8eb37e38bc24d3352d9446471b5cf8f6b8af6ae4c0f931d5942564936274c,0.6560874409915414,family_residual_median_three_seeds,0.5485126667604492,0.10757477423109219,family_agnostic_median_three_seeds,0.5038582867012091,0.15222915429033224,-0.04465438005924005
finite_144,finite_144|family_residual_median_three_seeds|s85_train_fold_median|mae_seconds,01bfdd8291d6badf1219dd3bf6d7e12559976b8ccb3e67d2548e729dc0c0dc82,0.011743629002012312,family_residual_median_three_seeds,0.0,0.011743629002012312,s85_train_fold_median,0.09876574200461619,0.08702211300260387,-0.07527848400059156
finite_144,finite_144|family_residual_median_three_seeds|s85_train_fold_median|mae_seconds,01de4bb89da48a3fc09c31d41d509c1446c6a4a3b329612c5baf0d39c56a922e,0.14818447300058324,family_residual_median_three_seeds,0.24671527872890792,0.09853080572832468,s85_train_fold_median,0.09164552399306558,0.05653894900751766,0.04199185672080702
finite_144,finite_144|family_residual_median_three_seeds|s85_train_fold_median|mae_seconds,0285fd21a0dd1ca29cd386de85a1a8af49cc7d71f5c86f6451b55a11c68864a8,0.061827234996599145,family_residual_median_three_seeds,0.09312152580550478,0.03129429080890564,s85_train_fold_median,0.09343875200283946,0.03161151700624032,-0.00031722619733468016
finite_144,finite_144|family_residual_median_three_seeds|s85_train_fold_median|mae_seconds,02d66e8b66849fdd0f0581b84924adbd1bd2d7603e25e5e9faa447ac2a6708d0,0.013436506007565185,family_residual_median_three_seeds,0.0,0.013436506007565185,s85_train_fold_median,0.09876574200461619,0.085329235997051,-0.07189272998948582
finite_144,finite_144|family_residual_median_three_seeds|s85_train_fold_median|mae_seconds,040a287609a78a55ab6148ad1a3cc6aa2fcee8b0871b077a9c1a37bee49f69fe,0.05496714099717792,family_residual_median_three_seeds,0.18046508487817037,0.12549794388099245,s85_train_fold_median,0.08930072999646654,0.03433358899928862,0.09116435488170382
finite_144,finite_144|family_residual_median_three_seeds|s85_train_fold_median|mae_seconds,093af0605e834bf0a4f2aef0b46600d12c6b1c913e791fb13e2513048a6b1c70,0.20758254700922407,family_residual_median_three_seeds,0.2589339851658135,0.051351438156589435,s85_train_fold_median,0.08155176150467014,0.12603078550455393,-0.0746793473479645
finite_144,finite_144|family_residual_median_three_seeds|s85_train_fold_median|mae_seconds,0a43a3dbe4a4294a007fa7ec167a24ea300d3762489b98245c2f80ad29727075,0.011986159996013157,family_residual_median_three_seeds,0.0,0.011986159996013157,s85_train_fold_median,0.08930072999646654,0.07731457000045339,-0.06532841000444023
finite_144,finite_144|family_residual_median_three_seeds|s85_train_fold_median|mae_seconds,0a43c652a1c92c83389d952438c22aa0d890a611333da29499d6ff1733925b21,0.4963673050078796,family_residual_median_three_seeds,0.3498937025986218,0.14647360240925783,s85_train_fold_median,0.08930072999646654,0.4070665750114131,-0.26059297260215525
finite_144,finite_144|family_residual_median_three_seeds|s85_train_fold_median|mae_seconds,0f7836c0a3a429dd9b4f2b55a4fab5d6d112458814cb34efb22309ec614c801f,0.46027592998871114,family_residual_median_three_seeds,0.48672974816770637,0.026453818178995225,s85_train_fold_median,0.09876574200461619,0.36151018798409496,-0.33505636980509973
finite_144,finite_144|family_residual_median_three_seeds|s85_train_fold_median|mae_seconds,13721ab5a328b17bf3f8c3692cda844a7e538a8c92530d0c1236f43d3ad5a884,0.016616445005638525,family_residual_median_three_seeds,0.0,0.016616445005638525,s85_train_fold_median,0.09343875200283946,0.07682230699720094,-0.060205861991562415
finite_144,finite_144|family_residual_median_three_seeds|s85_train_fold_median|mae_seconds,15e80264fdff1398ab38bbd9144f853a3a2317e95163fda15a1e9ec2657beecb,0.04471942799864337,family_residual_median_three_seeds,0.08569246369062626,0.04097303569198289,s85_train_fold_median,0.09343875200283946,0.048719324004196096,-0.007746288312213204
finite_144,finite_144|family_residual_median_three_seeds|s85_train_fold_median|mae_seconds,187d76ac82884dc3202418b0e06077eec26afed0c625b228d76b4416e6bfa480,0.10063730050023878,family_residual_median_three_seeds,0.281360444656549,0.18072314415631024,s85_train_fold_median,0.09343875200283946,0.007198548497399315,0.17352459565891093
finite_144,finite_144|family_residual_median_three_seeds|s85_train_fold_median|mae_seconds,1d76cd981622e5ca02125654d00534f3aec623bbb2b95b7ea894049f76916577,0.03339290199801326,family_residual_median_three_seeds,0.05594061202034884,0.022547710022335583,s85_train_fold_median,0.08155176150467014,0.04815885950665688,-0.025611149484321298
finite_144,finite_144|family_residual_median_three_seeds|s85_train_fold_median|mae_seconds,1dab21c93a580f711efff03a0f4a1d82985cf201219e886ab246e03a9011735c,0.030614501010859385,family_residual_median_three_seeds,0.15842418203219902,0.12780968102133963,s85_train_fold_median,0.09164552399306558,0.061031022982206196,0.06677865803913344
finite_144,finite_144|family_residual_median_three_seeds|s85_train_fold_median|mae_seconds,212e0f8a693a745c9fc792b876e7be6ddb0ba051c1b0f558e0819e1437a8a2fb,0.0742775899998378,family_residual_median_three_seeds,0.03596590127593234,0.03831168872390546,s85_train_fold_median,0.09876574200461619,0.024488152004778385,0.013823536719127075
finite_144,finite_144|family_residual_median_three_seeds|s85_train_fold_median|mae_seconds,2372d3228c3e3e38e3351feb553380bce5a543c936f73a400de0e54ab470599a,3.311648521994357,family_residual_median_three_seeds,1.4187113978358332,1.8929371241585238,s85_train_fold_median,0.09164552399306558,3.2200029980012914,-1.3270658738427676
finite_144,finite_144|family_residual_median_three_seeds|s85_train_fold_median|mae_seconds,23a9403cafedb94bbd2f39d4d9106aca7f890047719b80231d86ac9fb8382383,0.024099282003589906,family_residual_median_three_seeds,0.0,0.024099282003589906,s85_train_fold_median,0.08930072999646654,0.06520144799287664,-0.04110216598928673
finite_144,finite_144|family_residual_median_three_seeds|s85_train_fold_median|mae_seconds,242786b0f7d73c715a317cbdc0725596836f08d98ecd6eb06b3b4ac4f3f563fb,0.012309696001466364,family_residual_median_three_seeds,0.20159669747100029,0.18928700146953392,s85_train_fold_median,0.08155176150467014,0.06924206550320378,0.12004493596633015
finite_144,finite_144|family_residual_median_three_seeds|s85_train_fold_median|mae_seconds,28b9eac87132bbff64970708737a94c408cfa435ce16cd395a57ab6fbfe5a6f7,0.23104304699518252,family_residual_median_three_seeds,0.48672974816770637,0.25568670117252384,s85_train_fold_median,0.09876574200461619,0.13227730499056634,0.12340939618195751
finite_144,finite_144|family_residual_median_three_seeds|s85_train_fold_median|mae_seconds,2df018ddcd5f44fd33cd5d80af349db5f84e36d6a5f905ef4611e5e5cc0d03f4,0.3517750959872501,family_residual_median_three_seeds,1.5128130725403803,1.1610379765531302,s85_train_fold_median,0.08155176150467014,0.27022333448257996,0.8908146420705503
finite_144,finite_144|family_residual_median_three_seeds|s85_train_fold_median|mae_seconds,2e57556a1b12802c7368ef21e0eb8e5c9863f768a48a9a4d0771725e60b8a616,0.014956789003917947,family_residual_median_three_seeds,0.13985725015357336,0.12490046114965542,s85_train_fold_median,0.09343875200283946,0.07848196299892152,0.0464184981507339
finite_144,finite_144|family_residual_median_three_seeds|s85_train_fold_median|mae_seconds,2f497b92b87e3e9f44c1ae23dfbffc7309c1550756e6829eb694d42dd4f2ed03,0.47254708799300715,family_residual_median_three_seeds,0.7108354544554787,0.23828836646247153,s85_train_fold_median,0.08155176150467014,0.390995326488337,-0.15270696002586548
finite_144,finite_144|family_residual_median_three_seeds|s85_train_fold_median|mae_seconds,3157278e31c54e80e45de35bfb793aac89eb413e21aabe08b2e0e140de8c0d39,1.504265392999514,family_residual_median_three_seeds,1.2199470072797587,0.2843183857197553,s85_train_fold_median,0.09343875200283946,1.4108266409966745,-1.1265082552769192
finite_144,finite_144|family_residual_median_three_seeds|s85_train_fold_median|mae_seconds,31f7b2533d8a3c05d59b44a9b2d93f44bc48da630d1884cf9df0012199e10a74,0.28342929399514105,family_residual_median_three_seeds,0.4123984953450263,0.12896920134988527,s85_train_fold_median,0.09164552399306558,0.19178377000207547,-0.0628145686521902
finite_144,finite_144|family_residual_median_three_seeds|s85_train_fold_median|mae_seconds,35548785a9c99b0ad9409f18dfbfc3baed0e1dcbb1d95eae8c8510dcda120410,21.334545064004487,family_residual_median_three_seeds,18.754819439380988,2.5797256246234994,s85_train_fold_median,0.08930072999646654,21.24524433400802,-18.66551870938452
finite_144,finite_144|family_residual_median_three_seeds|s85_train_fold_median|mae_seconds,36bb1354ff108648bc8c9c529a2002a53a68e4bfa9bf3529edce11e5d47f851f,0.10353334200044628,family_residual_median_three_seeds,0.0910748857275168,0.012458456272929477,s85_train_fold_median,0.08930072999646654,0.014232612003979739,-0.0017741557310502615
finite_144,finite_144|family_residual_median_three_seeds|s85_train_fold_median|mae_seconds,387f2f6f12a10e034ae5b68c11336a9874e87f20871579eec585bfd7311f38c8,0.0184438720025355,family_residual_median_three_seeds,0.0,0.0184438720025355,s85_train_fold_median,0.08155176150467014,0.06310788950213464,-0.04466401749959914
finite_144,finite_144|family_residual_median_three_seeds|s85_train_fold_median|mae_seconds,3c0ed99f7e5a0409bdadc636b8b7a5dd911304ccbe2e87b32589b91dd44a6a5a,0.019305075009469874,family_residual_median_three_seeds,0.0,0.019305075009469874,s85_train_fold_median,0.09343875200283946,0.07413367699336959,-0.054828601983899716
finite_144,finite_144|family_residual_median_three_seeds|s85_train_fold_median|mae_seconds,3e4560adf43b5c5102bf22f235abcb9dd2ed5e34930cdb929a128226f96e4ea5,0.02327988899196498,family_residual_median_three_seeds,0.0,0.02327988899196498,s85_train_fold_median,0.09164552399306558,0.0683656350011006,-0.04508574600913562
finite_144,finite_144|family_residual_median_three_seeds|s85_train_fold_median|mae_seconds,433844fca892218b1218ca028aafb0eddf1929d5ca52fdea53b3cb324e4055bd,0.020949395999195985,family_residual_median_three_seeds,0.0,0.020949395999195985,s85_train_fold_median,0.09164552399306558,0.0706961279938696,-0.04974673199467361
finite_144,finite_144|family_residual_median_three_seeds|s85_train_fold_median|mae_seconds,451bd8177acaca0301a8bb4d61cb192f26dce1f81d8ab04ca0aded562d525c58,0.13949821100686677,family_residual_median_three_seeds,0.24615014909809554,0.10665193809122878,s85_train_fold_median,0.09164552399306558,0.04785268701380119,0.05879925107742759
finite_144,finite_144|family_residual_median_three_seeds|s85_train_fold_median|mae_seconds,45ca196e391297302c92dc6ea0fd119efa62b2ee88e3b85260561e5fbafa7400,0.04090743300912436,family_residual_median_three_seeds,0.0,0.04090743300912436,s85_train_fold_median,0.09343875200283946,0.052531318993715104,-0.011623885984590743
finite_144,finite_144|family_residual_median_three_seeds|s85_train_fold_median|mae_seconds,47e6743e95c380a13dc5947d9e9b3db26e541efabd4a27134ff26aa14c00ba7d,0.0563912090001395,family_residual_median_three_seeds,0.12723865496418088,0.07084744596404138,s85_train_fold_median,0.09164552399306558,0.035254314992926084,0.0355931309711153
finite_144,finite_144|family_residual_median_three_seeds|s85_train_fold_median|mae_seconds,4b24f68f78c4499a295ab28caa04282d174b7ab2a6b0f5333d3bfe630df72f71,0.014960417000111192,family_residual_median_three_seeds,0.037168538724533864,0.022208121724422672,s85_train_fold_median,0.08930072999646654,0.07434031299635535,-0.05213219127193268
finite_144,finite_144|family_residual_median_three_seeds|s85_train_fold_median|mae_seconds,4b5542071ea595cd62184de26c4f1dac3f6afa86f6450f50a28dbe8e1f865257,0.03412146100890823,family_residual_median_three_seeds,0.013531923346404108,0.02058953766250412,s85_train_fold_median,0.08930072999646654,0.055179268987558316,-0.0345897313250542
finite_144,finite_144|family_residual_median_three_seeds|s85_train_fold_median|mae_seconds,4d5b55eb4b8a0aea0af4bde721618cbe79ed66e0636398ffddc79ace483672a6,0.28497167900786735,family_residual_median_three_seeds,0.4542792793519071,0.16930760034403974,s85_train_fold_median,0.09343875200283946,0.1915329270050279,-0.022225326660988143
finite_144,finite_144|family_residual_median_three_seeds|s85_train_fold_median|mae_seconds,4dd5e72918722dff3c88e277e20e3ecc1e06dfd0601343e784eeb454470800b7,1.0013418259914033,family_residual_median_three_seeds,0.7108354544554787,0.2905063715359246,s85_train_fold_median,0.08155176150467014,0.9197900644867332,-0.6292836929508085
finite_144,finite_144|family_residual_median_three_seeds|s85_train_fold_median|mae_seconds,4df5b36e58378649053c461bf5ee1478fa114ac65c0c14551536b820ce8eafc7,3.2815998400037643,family_residual_median_three_seeds,1.5848654952852863,1.696734344718478,s85_train_fold_median,0.09164552399306558,3.1899543160106987,-1.4932199712922207
finite_144,finite_144|family_residual_median_three_seeds|s85_train_fold_median|mae_seconds,4ee5846eef239e2b0e0d3f950f78b5b4b8af213f0063eb50be6bf50bdbb4385d,0.10320952600159217,family_residual_median_three_seeds,0.09555344607510956,0.007656079926482609,s85_train_fold_median,0.08155176150467014,0.021657764496922027,-0.014001684570439418
finite_144,finite_144|family_residual_median_three_seeds|s85_train_fold_median|mae_seconds,4f2368cad1a087f01b7598f13a9afa3b7cea2d6f9e96f79eb390f62213c97af7,0.8480028839985607,family_residual_median_three_seeds,1.0490018003759765,0.20099891637741574,s85_train_fold_median,0.09876574200461619,0.7492371419939445,-0.5482382256165288
finite_144,finite_144|family_residual_median_three_seeds|s85_train_fold_median|mae_seconds,50a5fc62010017f60b77f8c81e9ddf9bd95419be272d2ec5ed1445aae0c7ac92,0.01633486799255479,family_residual_median_three_seeds,0.0,0.01633486799255479,s85_train_fold_median,0.09343875200283946,0.07710388401028467,-0.06076901601772988
finite_144,finite_144|family_residual_median_three_seeds|s85_train_fold_median|mae_seconds,51e3c5bc60da502bf92a6ed65a7c728a8b957b427652ac8fdaa002b9afc50d40,0.014999819002696313,family_residual_median_three_seeds,0.0,0.014999819002696313,s85_train_fold_median,0.08155176150467014,0.06655194250197383,-0.051552123499277513
finite_144,finite_144|family_residual_median_three_seeds|s85_train_fold_median|mae_seconds,551dfe6ad672d4157a761610fc4c1061ea844868f2106407374764552251d63a,0.03428567500668578,family_residual_median_three_seeds,0.1316083268170087,0.09732265181032293,s85_train_fold_median,0.09164552399306558,0.0573598489863798,0.03996280282394313
finite_144,finite_144|family_residual_median_three_seeds|s85_train_fold_median|mae_seconds,55746e6a2fd8d9c4b8c813443f2db46b072f75db1632dd252298c735fbc72bf0,0.00960345049679745,family_residual_median_three_seeds,0.0,0.00960345049679745,s85_train_fold_median,0.09164552399306558,0.08204207349626813,-0.07243862299947068
finite_144,finite_144|family_residual_median_three_seeds|s85_train_fold_median|mae_seconds,56289d5fdefe63c89244b0849f2e22753ce30832776d74b79de4603006db32f4,0.01758937099657487,family_residual_median_three_seeds,0.014099099715910939,0.0034902712806639327,s85_train_fold_median,0.08155176150467014,0.06396239050809527,-0.060472119227431335
finite_144,finite_144|family_residual_median_three_seeds|s85_train_fold_median|mae_seconds,568570a69663949a1aaac2fe16e74d3d065c7a8e6013e21368a9d8add886d6dc,0.1977772670070408,family_residual_median_three_seeds,0.45259658965133065,0.25481932264428986,s85_train_fold_median,0.09876574200461619,0.0990115250024246,0.15580779764186525
finite_144,finite_144|family_residual_median_three_seeds|s85_train_fold_median|mae_seconds,58501be4f197f4efd57535977a245f6adb39216116363b46836664cd6ca29e10,0.029995589997270145,family_residual_median_three_seeds,0.126535207714728,0.09653961771745787,s85_train_fold_median,0.09876574200461619,0.06877015200734604,0.027769465710111824
finite_144,finite_144|family_residual_median_three_seeds|s85_train_fold_median|mae_seconds,585424315575b559a664523f6ce6236189739069b3872eea4ccdb995a29f8701,0.20420224498957396,family_residual_median_three_seeds,0.38571768259604583,0.18151543760647187,s85_train_fold_median,0.09876574200461619,0.10543650298495777,0.0760789346215141
finite_144,finite_144|family_residual_median_three_seeds|s85_train_fold_median|mae_seconds,5ab4253ed51b729f331c9f3cc78bfecd3ecb2fed2e98818816bf3f64e22f1bfe,0.021421116005512886,family_residual_median_three_seeds,0.0,0.021421116005512886,s85_train_fold_median,0.09876574200461619,0.0773446259991033,-0.055923509993590415
finite_144,finite_144|family_residual_median_three_seeds|s85_train_fold_median|mae_seconds,5d3cc38ff0e2b9054c927b6309c6a8dfaba491733eab08b06cc06f2d333da23d,0.19827942800475284,family_residual_median_three_seeds,0.38418626439660014,0.1859068363918473,s85_train_fold_median,0.08155176150467014,0.1167276665000827,0.06917916989176459
finite_144,finite_144|family_residual_median_three_seeds|s85_train_fold_median|mae_seconds,615d076a941f3eec9d225a20b894c8d30a0c90d4834d03fa0ebd5d13e4b46ded,2.4260954790079268,family_residual_median_three_seeds,1.727494759223515,0.6986007197844117,s85_train_fold_median,0.09876574200461619,2.3273297370033106,-1.6287290172188988
finite_144,finite_144|family_residual_median_three_seeds|s85_train_fold_median|mae_seconds,63b92ee6c5b54da107e9016de97e2cb7768bfb970ebc025650706533e47d3caf,0.04374370000732597,family_residual_median_three_seeds,0.2455934237970936,0.20184972378976762,s85_train_fold_median,0.09876574200461619,0.055022041997290216,0.1468276817924774
finite_144,finite_144|family_residual_median_three_seeds|s85_train_fold_median|mae_seconds,66c9180a271ec04f728ab259ed86a24fe52676e6f40a7614b02f79fd13536c91,0.01599400099075865,family_residual_median_three_seeds,0.0,0.01599400099075865,s85_train_fold_median,0.08930072999646654,0.0733067290057079,-0.057312728014949244
finite_144,finite_144|family_residual_median_three_seeds|s85_train_fold_median|mae_seconds,6a475a20ac3d09839e2b43104ca187037db5ff813b811e0d7356adac93d25244,0.25500052400457207,family_residual_median_three_seeds,0.11072256478808638,0.14427795921648567,s85_train_fold_median,0.09164552399306558,0.1633550000115065,-0.019077040795020817
finite_144,finite_144|family_residual_median_three_seeds|s85_train_fold_median|mae_seconds,6b2f9fea850557b40ca9b69341ec300b1c4fe1f4bf53e94436af2ba1586bac62,0.02461252300417982,family_residual_median_three_seeds,0.0,0.02461252300417982,s85_train_fold_median,0.08930072999646654,0.06468820699228672,-0.0400756839881069
finite_144,finite_144|family_residual_median_three_seeds|s85_train_fold_median|mae_seconds,6cf91acdbcfc0321d1ffcee7c2197fec29f2b9dd83e7c3b56dbe8d583332ccdb,1.1965577070077416,family_residual_median_three_seeds,0.984756094412321,0.21180161259542052,s85_train_fold_median,0.09164552399306558,1.104912183014676,-0.8931105704192555
finite_144,finite_144|family_residual_median_three_seeds|s85_train_fold_median|mae_seconds,6e066adb38de82d96650b3f806e398374e88912fd4688ab9c98f3c94dcd33e16,0.03593193899723701,family_residual_median_three_seeds,0.33284301486286355,0.29691107586562654,s85_train_fold_median,0.08155176150467014,0.04561982250743313,0.2512912533581934
finite_144,finite_144|family_residual_median_three_seeds|s85_train_fold_median|mae_seconds,720a3cec5f9b39a53aa0d59f0ecc24f42f2948fbe56164a033262c628e2ba875,0.6676088839885779,family_residual_median_three_seeds,0.7157930407099575,0.048184156721379656,s85_train_fold_median,0.09164552399306558,0.5759633599955123,-0.5277792032741326
finite_144,finite_144|family_residual_median_three_seeds|s85_train_fold_median|mae_seconds,7344fd4d264c475e52edca02e3426225c78af7ed0bdaae137741a04685725a5d,0.011170979007147253,family_residual_median_three_seeds,0.0,0.011170979007147253,s85_train_fold_median,0.09876574200461619,0.08759476299746893,-0.07642378399032168
finite_144,finite_144|family_residual_median_three_seeds|s85_train_fold_median|mae_seconds,73abe6179f1e84e36777e1d953028143ee3ff00662ddb793d55022d9344b4940,9.536654898009147,family_residual_median_three_seeds,10.875506556055107,1.3388516580459608,s85_train_fold_median,0.09876574200461619,9.43788915600453,-8.09903749795857
finite_144,finite_144|family_residual_median_three_seeds|s85_train_fold_median|mae_seconds,7478da09664f4489c33c18a6ea1974cc9dea86d1adda1f912c3eaeff27c2d5fa,0.055610037001315504,family_residual_median_three_seeds,0.0,0.055610037001315504,s85_train_fold_median,0.08930072999646654,0.03369069299515104,0.021919344006164465
finite_144,finite_144|family_residual_median_three_seeds|s85_train_fold_median|mae_seconds,75b1db396e34d1f1b234ea8dcdc253203a770cecce7f48bb8a126860723c43df,0.013813976998790167,family_residual_median_three_seeds,0.03189405081703532,0.018080073818245154,s85_train_fold_median,0.09164552399306558,0.07783154699427541,-0.05975147317603026
finite_144,finite_144|family_residual_median_three_seeds|s85_train_fold_median|mae_seconds,78d3420407751ab52a65abe926510d585ebd3a5d1934ac31c13b28eca5c5ee8a,0.6137206630082801,family_residual_median_three_seeds,0.4973250338429028,0.11639562916537732,s85_train_fold_median,0.08155176150467014,0.53216890150361,-0.41577327233823264
finite_144,finite_144|family_residual_median_three_seeds|s85_train_fold_median|mae_seconds,78ecec267502f433ab148452979221600becf679520b50ad454009e0ca097af5,0.9436662789958064,family_residual_median_three_seeds,0.8594974321256941,0.08416884687011228,s85_train_fold_median,0.09343875200283946,0.8502275269929669,-0.7660586801228546
finite_144,finite_144|family_residual_median_three_seeds|s85_train_fold_median|mae_seconds,79b8fdfbfe6897a226612f9b9e27a4533aac4b48258335fb7746c5f10989cedc,0.03340627049328759,family_residual_median_three_seeds,0.07224966213126505,0.038843391637977454,s85_train_fold_median,0.09343875200283946,0.06003248150955187,-0.021189089871574418
finite_144,finite_144|family_residual_median_three_seeds|s85_train_fold_median|mae_seconds,7b944ad7e38d98fae66177b6c014ae2878d62bcd1765103c19941653817e7996,0.028299986995989457,family_residual_median_three_seeds,0.014707842778050836,0.01359214421793862,s85_train_fold_median,0.09164552399306558,0.06334553699707612,-0.049753392779137505
finite_144,finite_144|family_residual_median_three_seeds|s85_train_fold_median|mae_seconds,7c8832728feaaf34fac1fda49dfcbfbf655902b5b4eb3f1b11e43f21d15de5bf,0.18511410600331146,family_residual_median_three_seeds,0.1717594157661199,0.013354690237191574,s85_train_fold_median,0.09876574200461619,0.08634836399869528,-0.0729936737615037
finite_144,finite_144|family_residual_median_three_seeds|s85_train_fold_median|mae_seconds,7dafebd46e73b9b279f1ef96da32f7d563de3721b856b4570375ab81951e06fc,0.48330739499942865,family_residual_median_three_seeds,0.6687760350366655,0.18546864003723684,s85_train_fold_median,0.08930072999646654,0.3940066650029621,-0.20853802496572527
finite_144,finite_144|family_residual_median_three_seeds|s85_train_fold_median|mae_seconds,7e02b8d5bbea94c5e0eabb2edd6a74e15949ae6b737fabb55e66a61d47181912,1.295461602989235,family_residual_median_three_seeds,6.450159596859992,5.154697993870757,s85_train_fold_median,0.08155176150467014,1.2139098414845648,3.940788152386192
finite_144,finite_144|family_residual_median_three_seeds|s85_train_fold_median|mae_seconds,7f613ccae98ac8124d086ee9a39d94b1ed019520da8c3277395b109fd22d7d4d,0.021900085994275287,family_residual_median_three_seeds,0.023870923978741153,0.001970837984465866,s85_train_fold_median,0.08155176150467014,0.05965167551039485,-0.05768083752592899
finite_144,finite_144|family_residual_median_three_seeds|s85_train_fold_median|mae_seconds,7fabc879bc998db5c05d7cc5b83db2d1704d7587139b714da9cf82639f4f093e,0.10285567400569562,family_residual_median_three_seeds,0.1638529284989023,0.06099725449320667,s85_train_fold_median,0.08155176150467014,0.02130391250102548,0.03969334199218119
finite_144,finite_144|family_residual_median_three_seeds|s85_train_fold_median|mae_seconds,806f1844d225682cd7d5d0b276b5567caa23697f73064d8a20347024bb03fe40,0.01652392249525292,family_residual_median_three_seeds,0.0,0.01652392249525292,s85_train_fold_median,0.09164552399306558,0.07512160149781266,-0.058597679002559744
finite_144,finite_144|family_residual_median_three_seeds|s85_train_fold_median|mae_seconds,81a66b1daaf97d148a8a075515daf8702349d257883a1dd88e26993c1622351f,0.5699010470125359,family_residual_median_three_seeds,0.44398278197291735,0.1259182650396185,s85_train_fold_median,0.09343875200283946,0.4764622950096964,-0.3505440299700779
finite_144,finite_144|family_residual_median_three_seeds|s85_train_fold_median|mae_seconds,82da8e687716ed31c95e72560edb07e7f6073a5be0f5ebffb17d22aff22c81fd,0.3460227089963155,family_residual_median_three_seeds,0.3232834906724892,0.022739218323826305,s85_train_fold_median,0.08930072999646654,0.25672197899984894,-0.23398276067602264
finite_144,finite_144|family_residual_median_three_seeds|s85_train_fold_median|mae_seconds,84c07c56eef046e3c72823b20fb674075b1ab68a85dc6a06baf7f35983e2bd17,0.036921663995599374,family_residual_median_three_seeds,0.3704817235488991,0.3335600595532997,s85_train_fold_median,0.09876574200461619,0.06184407800901681,0.2717159815442829
finite_144,finite_144|family_residual_median_three_seeds|s85_train_fold_median|mae_seconds,8711737782301f568af1980707e62c989655488357aa858d6c63bb8e206ae4fc,0.45572497400280554,family_residual_median_three_seeds,0.3373909203891409,0.11833405361366461,s85_train_fold_median,0.08155176150467014,0.3741732124981354,-0.2558391588844708
finite_144,finite_144|family_residual_median_three_seeds|s85_train_fold_median|mae_seconds,8c7594c05053bb7af0015bd637170a669e9d39c1da6edce6a769992b6ef5c9cb,0.029765535990009084,family_residual_median_three_seeds,0.0,0.029765535990009084,s85_train_fold_median,0.08930072999646654,0.05953519400645746,-0.029769658016448375
finite_144,finite_144|family_residual_median_three_seeds|s85_train_fold_median|mae_seconds,8d3b3ff10a3a80d0dda4e7043cce2b222aaf9e3cc19caa194b8e87da40266ac5,0.22089128849620465,family_residual_median_three_seeds,0.4582193975466031,0.23732810905039847,s85_train_fold_median,0.09343875200283946,0.1274525364933652,0.10987557255703329
finite_144,finite_144|family_residual_median_three_seeds|s85_train_fold_median|mae_seconds,8e1c1014680274215f87d97c833f99474ed19b3393b2b8eea20a36bde517708b,0.23596165100752842,family_residual_median_three_seeds,0.2589575098967248,0.022995858889196363,s85_train_fold_median,0.08155176150467014,0.15440988950285828,-0.13141403061366191
finite_144,finite_144|family_residual_median_three_seeds|s85_train_fold_median|mae_seconds,8e4821df72704634cb81ea4d738477a8d596a49cba641e6198fdc9970e1d5d2f,0.10458056299830787,family_residual_median_three_seeds,0.18191659585553593,0.07733603285722807,s85_train_fold_median,0.09164552399306558,0.012935039005242288,0.06440099385198578
finite_144,finite_144|family_residual_median_three_seeds|s85_train_fold_median|mae_seconds,8ea085ea0c0185c560746ab5988221e203c457e2afbb475976fb99f718e2dad1,1.4953874835046008,family_residual_median_three_seeds,1.2256286401044054,0.2697588434001954,s85_train_fold_median,0.08155176150467014,1.4138357219999307,-1.1440768785997353
finite_144,finite_144|family_residual_median_three_seeds|s85_train_fold_median|mae_seconds,8f11cd416ae9672f06a39e5ee3a27a70bcbf31d7177cb47270c0cd8512c95381,0.13935058600327466,family_residual_median_three_seeds,0.2343982782071923,0.09504769220391765,s85_train_fold_median,0.09164552399306558,0.047705062010209076,0.047342630193708574
finite_144,finite_144|family_residual_median_three_seeds|s85_train_fold_median|mae_seconds,8ffee9c3a3af1aeaa766f38df57fcb62de5efa16d7f328d60a8977cb0da39e22,0.5239883729955181,family_residual_median_three_seeds,0.7528054280242976,0.22881705502877947,s85_train_fold_median,0.08930072999646654,0.4346876429990516,-0.20587058797027213
finite_144,finite_144|family_residual_median_three_seeds|s85_train_fold_median|mae_seconds,9110b8773ad1c544b5ec91feaaa99c96975f7577fe6966b0f0df52dab84bef92,0.02539949499623617,family_residual_median_three_seeds,0.0,0.02539949499623617,s85_train_fold_median,0.08155176150467014,0.05615226650843397,-0.030752771512197796
finite_144,finite_144|family_residual_median_three_seeds|s85_train_fold_median|mae_seconds,92c02520f591e3d46218c6839b62acb2a1d5fbcc2ceba197b9265653f1737b24,0.01813236800080631,family_residual_median_three_seeds,0.0,0.01813236800080631,s85_train_fold_median,0.08155176150467014,0.06341939350386383,-0.04528702550305752
finite_144,finite_144|family_residual_median_three_seeds|s85_train_fold_median|mae_seconds,93eff191c23e0c3d13a127f38595909e7092290f5119c9be24a1ccc61fff5767,1.6046517960057827,family_residual_median_three_seeds,0.8668871274703281,0.7377646685354545,s85_train_fold_median,0.09164552399306558,1.513006272012717,-0.7752416034772626
finite_144,finite_144|family_residual_median_three_seeds|s85_train_fold_median|mae_seconds,9649572da691c86252b1620cba73350902b9ba3cf4dbdb3fb2e3531588da98c4,0.07614758700947277,family_residual_median_three_seeds,0.0,0.07614758700947277,s85_train_fold_median,0.09164552399306558,0.015497936983592808,0.060649650025879964
finite_144,finite_144|family_residual_median_three_seeds|s85_train_fold_median|mae_seconds,97bdbd3569346cfa4a289ced5de0f3280a495266d423a3af48650bf01484b9be,3.5094549999921583,family_residual_median_three_seeds,4.907584364882597,1.3981293648904387,s85_train_fold_median,0.08930072999646654,3.4201542699956917,-2.022024905105253
finite_144,finite_144|family_residual_median_three_seeds|s85_train_fold_median|mae_seconds,99e0865dc3fced630c02b5b2710b24fd9257ba31d54112cde08a769e974f53c4,0.8848653770110104,family_residual_median_three_seeds,0.9351901737222084,0.05032479671119794,s85_train_fold_median,0.09343875200283946,0.791426625008171,-0.741101828296973
finite_144,finite_144|family_residual_median_three_seeds|s85_train_fold_median|mae_seconds,9b4261e2d98678946a9aefea16ba9b8abcae8409f8589f8fb3daa941694f88c6,0.05269318800128531,family_residual_median_three_seeds,0.06535389468215709,0.012660706680871783,s85_train_fold_median,0.08930072999646654,0.036607541995181236,-0.023946835314309453
finite_144,finite_144|family_residual_median_three_seeds|s85_train_fold_median|mae_seconds,9fc54c185186ff8c504ebdac4e3fa109beb4cf46f86196a3376b3153a7f72962,0.056531766007537954,family_residual_median_three_seeds,0.4723256630183438,0.4157938970108058,s85_train_fold_median,0.09343875200283946,0.03690698599530151,0.3788869110155043
finite_144,finite_144|family_residual_median_three_seeds|s85_train_fold_median|mae_seconds,a3b7d67bad6cd47cb522addfaf763294b1ea99017f443c03052055a2f0074009,79.91749536799034,family_residual_median_three_seeds,21.395803682933128,58.52169168505721,s85_train_fold_median,0.08155176150467014,79.83594360648567,-21.314251921428458
finite_144,finite_144|family_residual_median_three_seeds|s85_train_fold_median|mae_seconds,a4a7b8b8d556570de9ea2db286aaa4245fa50f4619f25f0f7414b16d503458d8,0.953442771002301,family_residual_median_three_seeds,0.4102551186091743,0.5431876523931267,s85_train_fold_median,0.09164552399306558,0.8617972470092354,-0.3186095946161087
finite_144,finite_144|family_residual_median_three_seeds|s85_train_fold_median|mae_seconds,a53b2a3a1ba8397a96b487c44f825f3cab2e0c714b69298f2ab0a839975b173c,5.230783803999657,family_residual_median_three_seeds,1.5383935727892943,3.6923902312103625,s85_train_fold_median,0.08930072999646654,5.14148307400319,-1.4490928427928278
finite_144,finite_144|family_residual_median_three_seeds|s85_train_fold_median|mae_seconds,a70c5b796698f145c5992d324b3a0b5e28eb7301e6f306652a316a55c68f1ae8,0.35253910499159247,family_residual_median_three_seeds,0.3587972249572899,0.006258119965697417,s85_train_fold_median,0.08155176150467014,0.2709873434869223,-0.2647292235212249
finite_144,finite_144|family_residual_median_three_seeds|s85_train_fold_median|mae_seconds,aa91238ec5978b739b87b3a657746a8786de113397a5abeadf726d1dd9c836b3,0.012801228993339464,family_residual_median_three_seeds,0.0,0.012801228993339464,s85_train_fold_median,0.09876574200461619,0.08596451301127672,-0.07316328401793726
finite_144,finite_144|family_residual_median_three_seeds|s85_train_fold_median|mae_seconds,abe368f160ce73db792b3af14a6e120eda4838b15f01376daa204a680d07c5bc,0.0869559359998675,family_residual_median_three_seeds,0.15401072505049065,0.06705478905062315,s85_train_fold_median,0.09876574200461619,0.01180980600474868,0.05524498304587447
finite_144,finite_144|family_residual_median_three_seeds|s85_train_fold_median|mae_seconds,acacd76111e7f23e4224342ca0ab5340b1bdaad3b6eba8893e4036ba14896362,0.012050335993990302,family_residual_median_three_seeds,0.0,0.012050335993990302,s85_train_fold_median,0.09164552399306558,0.07959518799907528,-0.06754485200508498
finite_144,finite_144|family_residual_median_three_seeds|s85_train_fold_median|mae_seconds,af19d23c83544c8b7f6be5c42e0254336c9902c1ef454c06b9d45c4582d2fd3d,0.8332175344985444,family_residual_median_three_seeds,1.0490018003759765,0.21578426587743205,s85_train_fold_median,0.09876574200461619,0.7344517924939282,-0.5186675266164962
finite_144,finite_144|family_residual_median_three_seeds|s85_train_fold_median|mae_seconds,af7e7c49ba06f5c554580173d3dcd73bc9d5a9dd9c6e3d3cd8c94d494fa4b969,0.02617017799639143,family_residual_median_three_seeds,0.0,0.02617017799639143,s85_train_fold_median,0.09876574200461619,0.07259556400822476,-0.046425386011833325
finite_144,finite_144|family_residual_median_three_seeds|s85_train_fold_median|mae_seconds,afa0cd93480bae81feca2afdcb909ab13c2934f76b139c27872b18658e5c1f28,0.018968898002640344,family_residual_median_three_seeds,0.0,0.018968898002640344,s85_train_fold_median,0.09876574200461619,0.07979684400197584,-0.0608279459993355
finite_144,finite_144|family_residual_median_three_seeds|s85_train_fold_median|mae_seconds,b23a0318d268fcffc78b4f6ce920c98f33487ec34a71cf7b6225b9b6eb93f1bb,24.846454593003727,family_residual_median_three_seeds,17.269964313967368,7.57649027903636,s85_train_fold_median,0.08155176150467014,24.764902831499057,-17.188412552462697
finite_144,finite_144|family_residual_median_three_seeds|s85_train_fold_median|mae_seconds,b5736e26e119a619b687dcc0cf8065475e3805bc0c6180b480e0e36badc289db,0.04377779198694043,family_residual_median_three_seeds,0.09311598763431352,0.04933819564737309,s85_train_fold_median,0.09876574200461619,0.05498795001767576,-0.00564975437030267
finite_144,finite_144|family_residual_median_three_seeds|s85_train_fold_median|mae_seconds,b5f6ad96b1eb0fc9087c079e22e8a91398b460e24d616ed0d8829247aee24f18,0.017304453009273857,family_residual_median_three_seeds,0.13584315739579242,0.11853870438651856,s85_train_fold_median,0.08930072999646654,0.07199627698719269,0.046542427399325875
finite_144,finite_144|family_residual_median_three_seeds|s85_train_fold_median|mae_seconds,b6a15d3507225e442ed02c90df5179f09c529df7bf5ee38a8005cc265f4203a6,4.261887058994034,family_residual_median_three_seeds,9.908903559372966,5.647016500378932,s85_train_fold_median,0.08930072999646654,4.172586328997568,1.4744301713813641
finite_144,finite_144|family_residual_median_three_seeds|s85_train_fold_median|mae_seconds,b6afb1122e1baece13144a1d0da78738759129107f453e9579e99e8789e057fe,0.047061582998139784,family_residual_median_three_seeds,0.20770464131252386,0.16064305831438408,s85_train_fold_median,0.09343875200283946,0.04637716900469968,0.1142658893096844
finite_144,finite_144|family_residual_median_three_seeds|s85_train_fold_median|mae_seconds,bbafe35368c1a915635c383f6aaa4ec709a7c6e055550875d4de11ca0983dbb5,0.04260586100281216,family_residual_median_three_seeds,0.4425203226521554,0.39991446164934324,s85_train_fold_median,0.08155176150467014,0.03894590050185798,0.36096856114748527
finite_144,finite_144|family_residual_median_three_seeds|s85_train_fold_median|mae_seconds,bc77f4afad8bbb19a6b320c11bc8f8110a330e395e5c509895e0b6c566cab5e9,0.02530120700248517,family_residual_median_three_seeds,0.013775811974916114,0.011525395027569057,s85_train_fold_median,0.08155176150467014,0.05625055450218497,-0.04472515947461591
finite_144,finite_144|family_residual_median_three_seeds|s85_train_fold_median|mae_seconds,bc8cb33a3a242fb3ab35191a36313674faaca8fe1839cfa05d79788052424d1d,0.016875350003829226,family_residual_median_three_seeds,0.0,0.016875350003829226,s85_train_fold_median,0.09164552399306558,0.07477017398923635,-0.05789482398540713
finite_144,finite_144|family_residual_median_three_seeds|s85_train_fold_median|mae_seconds,bdd8a427e9747bbc01ad8e77a22d61f0314fe8db0de17786839f2193ab0928bd,2.3824428014922887,family_residual_median_three_seeds,1.5383935727892943,0.8440492287029944,s85_train_fold_median,0.08930072999646654,2.293142071495822,-1.4490928427928278
finite_144,finite_144|family_residual_median_three_seeds|s85_train_fold_median|mae_seconds,c1572e3b6e41c965a5943c21ceacdbad56fc868b4ee02ff4ef8af2d2054a0602,0.22925455200311262,family_residual_median_three_seeds,0.48672974816770637,0.25747519616459374,s85_train_fold_median,0.09876574200461619,0.13048880999849644,0.1269863861660973
finite_144,finite_144|family_residual_median_three_seeds|s85_train_fold_median|mae_seconds,c658b0f6c564cc6b7d6d48105e5567caf0660181ca2dbad8b9bdbdd353962fd6,0.11542836799344514,family_residual_median_three_seeds,0.11417256714852043,0.001255800844924701,s85_train_fold_median,0.08930072999646654,0.026127637996978592,-0.02487183715205389
finite_144,finite_144|family_residual_median_three_seeds|s85_train_fold_median|mae_seconds,c67a77f55c658ad1270fd52c8cbc66319b72ceaa5ca5d4015d775b44e8edd85a,0.014848140999674797,family_residual_median_three_seeds,0.0,0.014848140999674797,s85_train_fold_median,0.09876574200461619,0.08391760100494139,-0.06906946000526659
finite_144,finite_144|family_residual_median_three_seeds|s85_train_fold_median|mae_seconds,c69c35c09a4dcfe7dd09af0b73be8e5f608531bf0baadd794f6861bcf237e40c,0.033591554005397484,family_residual_median_three_seeds,0.07224966213126505,0.03865810812586756,s85_train_fold_median,0.09343875200283946,0.05984719799744198,-0.021189089871574418
finite_144,finite_144|family_residual_median_three_seeds|s85_train_fold_median|mae_seconds,c6ee0cb7c958cecf010796ce2ad0bb148b9fd660dd52393972c541d9ae422eca,2.3875844230060466,family_residual_median_three_seeds,1.4960336997242183,0.8915507232818283,s85_train_fold_median,0.08155176150467014,2.3060326615013764,-1.4144819382195482
finite_144,finite_144|family_residual_median_three_seeds|s85_train_fold_median|mae_seconds,c9931425f0767057491a7e6ab8f1ed937fde917a862097440f57606892bddde9,0.4793449594944832,family_residual_median_three_seeds,0.6687760350366655,0.1894310755421823,s85_train_fold_median,0.08930072999646654,0.39004422949801665,-0.20061315395583434
finite_144,finite_144|family_residual_median_three_seeds|s85_train_fold_median|mae_seconds,cbe1ca5505b485bd87b2e68f2b38ecae377e29f823c30e4c44d3f5f87d4266f7,0.09876574200461619,family_residual_median_three_seeds,0.1289313991732116,0.030165657168595428,s85_train_fold_median,0.09164552399306558,0.007120218011550605,0.023045439157044822
finite_144,finite_144|family_residual_median_three_seeds|s85_train_fold_median|mae_seconds,cfadb6828c07bfc2fac00ca0c9c03935e927b88961597b69936fc199a094b9ea,0.017487927005277015,family_residual_median_three_seeds,0.0,0.017487927005277015,s85_train_fold_median,0.08930072999646654,0.07181280299118953,-0.05432487598591251
finite_144,finite_144|family_residual_median_three_seeds|s85_train_fold_median|mae_seconds,d06936015124a75ae15e1f94eeb54cc51ab24596726b8110765a69ba66d0e80a,0.1259611449931981,family_residual_median_three_seeds,0.1645312627057568,0.038570117712558694,s85_train_fold_median,0.08930072999646654,0.03666041499673156,0.001909702715827133
finite_144,finite_144|family_residual_median_three_seeds|s85_train_fold_median|mae_seconds,d506e52d304853cd9e55834d3112505279aa22e89e70aa7c00dfc57caad3c72c,0.3110688500019023,family_residual_median_three_seeds,0.6051702496370219,0.2941013996351196,s85_train_fold_median,0.08930072999646654,0.22176812000543578,0.07233327962968383
finite_144,finite_144|family_residual_median_three_seeds|s85_train_fold_median|mae_seconds,d7a22ac29418bcf9f00346732fe1b985f8e0b9df60273404dabbf4a62027715f,0.04994272699696012,family_residual_median_three_seeds,0.0,0.04994272699696012,s85_train_fold_median,0.08930072999646654,0.039358002999506425,0.010584723997453693
finite_144,finite_144|family_residual_median_three_seeds|s85_train_fold_median|mae_seconds,d7ecd343052e510bdf5fa0f67f2fdbc3ee5ddccd19f39548c2853114a94dece2,0.032444068987388164,family_residual_median_three_seeds,0.0,0.032444068987388164,s85_train_fold_median,0.08155176150467014,0.049107692517281976,-0.016663623529893812
finite_144,finite_144|family_residual_median_three_seeds|s85_train_fold_median|mae_seconds,db0e077b1674f90860a270d014aa8226822880dbf36c819dad0bea17881b7eb5,0.09164552399306558,family_residual_median_three_seeds,0.39076557536105244,0.29912005136798686,s85_train_fold_median,0.09343875200283946,0.001793228009773884,0.297326823358213
finite_144,finite_144|family_residual_median_three_seeds|s85_train_fold_median|mae_seconds,dbfb4dd8bf80cda30461759a3169ec60ac535a27409cf938f691179c6a121ebd,0.025913477991707623,family_residual_median_three_seeds,0.16736808868946526,0.14145461069775764,s85_train_fold_median,0.08930072999646654,0.06338725200475892,0.07806735869299872
finite_144,finite_144|family_residual_median_three_seeds|s85_train_fold_median|mae_seconds,dc97062e3adcbcaf813cae5e970c8a0357a239b8d4a09e77a4e3e4625532d209,0.022582220000913367,family_residual_median_three_seeds,0.0,0.022582220000913367,s85_train_fold_median,0.09164552399306558,0.06906330399215221,-0.04648108399123885
finite_144,finite_144|family_residual_median_three_seeds|s85_train_fold_median|mae_seconds,dd514cba6fbc94c48a3eb8f2ff2210ef74259e76e7f796394066418bfd93ee86,0.987846089003142,family_residual_median_three_seeds,1.1611524583150958,0.17330636931195387,s85_train_fold_median,0.09876574200461619,0.8890803469985258,-0.7157739776865719
finite_144,finite_144|family_residual_median_three_seeds|s85_train_fold_median|mae_seconds,de4639e0b84f220ce7281521fbce5104129cc70befb85198bf93def8d4ba7a65,0.012442961990018375,family_residual_median_three_seeds,0.0,0.012442961990018375,s85_train_fold_median,0.08155176150467014,0.06910879951465176,-0.05666583752463339
finite_144,finite_144|family_residual_median_three_seeds|s85_train_fold_median|mae_seconds,de56c0798eca25bd1510d4d10f11e996f0bad2a11ce94a265da0635c161cbcae,0.013786837997031398,family_residual_median_three_seeds,0.012622825429487514,0.0011640125675438841,s85_train_fold_median,0.08930072999646654,0.07551389199943515,-0.07434987943189127
finite_144,finite_144|family_residual_median_three_seeds|s85_train_fold_median|mae_seconds,e0c3acec67c0fb535add575a46e01889b30ec7970005214fd2188b94ae3a55a5,0.30664109998906497,family_residual_median_three_seeds,0.5262795158501156,0.2196384158610506,s85_train_fold_median,0.08930072999646654,0.21734036999259843,0.00229804586845217
finite_144,finite_144|family_residual_median_three_seeds|s85_train_fold_median|mae_seconds,e2fba21685e6e7d22d625d8babcc9c51a8911815153e52fc89277e0efe117045,0.034269919007783756,family_residual_median_three_seeds,0.22210458567296995,0.1878346666651862,s85_train_fold_median,0.09343875200283946,0.05916883299505571,0.12866583367013049
finite_144,finite_144|family_residual_median_three_seeds|s85_train_fold_median|mae_seconds,e4664972befc3ffed396f3842bf910be22c2fbe7f293d3c295b971dfe094d398,0.21684798199567012,family_residual_median_three_seeds,0.3216704003446582,0.10482241834898809,s85_train_fold_median,0.09343875200283946,0.12340922999283066,-0.01858681164384257
finite_144,finite_144|family_residual_median_three_seeds|s85_train_fold_median|mae_seconds,e8037a4f622df36c65c0e756e11a6c6e3b8b40fbabaffb6cd59ff1cc79f49063,61.17339781799819,family_residual_median_three_seeds,25.339846748996134,35.833551069002056,s85_train_fold_median,0.08930072999646654,61.08409708800173,-25.25054601899967
finite_144,finite_144|family_residual_median_three_seeds|s85_train_fold_median|mae_seconds,ea84355871fa77560419766f8000de4dcb0eea29468bcb0d89a1c84edff34f61,0.036422210992896,family_residual_median_three_seeds,0.0,0.036422210992896,s85_train_fold_median,0.08930072999646654,0.052878519003570545,-0.016456308010674547
finite_144,finite_144|family_residual_median_three_seeds|s85_train_fold_median|mae_seconds,eb43007109ad9707544629854cfc7259b0e6aa70c5a618cedacbb7d26dd746a0,1.539023724006256,family_residual_median_three_seeds,1.2252394561372593,0.3137842678689968,s85_train_fold_median,0.08930072999646654,1.4497229940097895,-1.1359387261407927
finite_144,finite_144|family_residual_median_three_seeds|s85_train_fold_median|mae_seconds,edc62038c489069da135981ccefd5c5a2f3cc0a991fa6da4defa393abdb0d2a4,0.12868290600454202,family_residual_median_three_seeds,0.11229803406574593,0.01638487193879609,s85_train_fold_median,0.08155176150467014,0.04713114449987188,-0.030746272561075788
finite_144,finite_144|family_residual_median_three_seeds|s85_train_fold_median|mae_seconds,f0e0170b510412a7e964e82f14793115a9e53a1b250283a74abd893a45b5f20e,0.30258032999699935,family_residual_median_three_seeds,0.2823385136549414,0.02024181634205796,s85_train_fold_median,0.09343875200283946,0.2091415779941599,-0.18889976165210193
finite_144,finite_144|family_residual_median_three_seeds|s85_train_fold_median|mae_seconds,f12c9439f3dfce19e2f161aed74fdafb33146528cdb8524425608579de8b6741,0.03252830699784681,family_residual_median_three_seeds,0.024451915726537654,0.008076391271309158,s85_train_fold_median,0.08930072999646654,0.05677242299861973,-0.048696031727310574
finite_144,finite_144|family_residual_median_three_seeds|s85_train_fold_median|mae_seconds,f2ce48d725be79c1ea5cbfeb36811261c4e74460588e911c3b2916a9303c1cf5,0.08811176200106274,family_residual_median_three_seeds,0.0,0.08811176200106274,s85_train_fold_median,0.08930072999646654,0.0011889679954038002,0.08692279400565894
finite_144,finite_144|family_residual_median_three_seeds|s85_train_fold_median|mae_seconds,f37f599f25c5024b4069e866a31563a6daf0b1495d17d25343f7b3cfac1169ee,0.06516375900537241,family_residual_median_three_seeds,0.05393454671598348,0.011229212289388932,s85_train_fold_median,0.09164552399306558,0.026481764987693168,-0.015252552698304236
finite_144,finite_144|family_residual_median_three_seeds|s85_train_fold_median|mae_seconds,f76953672a13f3e92397fe3586ff6557882560261e995147a67b931d701c7fcf,2.0946084930037614,family_residual_median_three_seeds,1.3703727995491417,0.7242356934546197,s85_train_fold_median,0.08155176150467014,2.0130567314990913,-1.2888210380444716
finite_144,finite_144|family_residual_median_three_seeds|s85_train_fold_median|mae_seconds,f8d88243c9d36e41e0eedeff4898e325d59ba4d8ceb4b81c7b48757ade1e94b4,1.798349431992392,family_residual_median_three_seeds,0.9349311232212207,0.8634183087711713,s85_train_fold_median,0.08930072999646654,1.7090487019959255,-0.8456303932247542
finite_144,finite_144|family_residual_median_three_seeds|s85_train_fold_median|mae_seconds,fa595f88d0ab98542a799af4492f53b2a5e2e88ebc442a9b508abac209d0afcc,1.210094072011998,family_residual_median_three_seeds,0.916768102282726,0.29332596972927194,s85_train_fold_median,0.09343875200283946,1.1166553200091585,-0.8233293502798865
finite_144,finite_144|family_residual_median_three_seeds|s85_train_fold_median|mae_seconds,fcd9497c7764bb185a96cc8b6d1c7878851e9b87e64de7ebf47aa1d16eb3ee0a,0.011232427001232281,family_residual_median_three_seeds,0.3855449041885901,0.37431247718735783,s85_train_fold_median,0.08155176150467014,0.07031933450343786,0.30399314268391997
finite_144,finite_144|family_residual_median_three_seeds|s85_train_fold_median|mae_seconds,fea8eb37e38bc24d3352d9446471b5cf8f6b8af6ae4c0f931d5942564936274c,0.6560874409915414,family_residual_median_three_seeds,0.5485126667604492,0.10757477423109219,s85_train_fold_median,0.09343875200283946,0.5626486889887019,-0.4550739147576097
finite_144,finite_144|family_residual_median_three_seeds|s85_ridge_alpha_1|mae_seconds,01bfdd8291d6badf1219dd3bf6d7e12559976b8ccb3e67d2548e729dc0c0dc82,0.011743629002012312,family_residual_median_three_seeds,0.0,0.011743629002012312,s85_ridge_alpha_1,0.010036280378699303,0.0017073486233130097,0.010036280378699303
finite_144,finite_144|family_residual_median_three_seeds|s85_ridge_alpha_1|mae_seconds,01de4bb89da48a3fc09c31d41d509c1446c6a4a3b329612c5baf0d39c56a922e,0.14818447300058324,family_residual_median_three_seeds,0.24671527872890792,0.09853080572832468,s85_ridge_alpha_1,0.36313146352767944,0.2149469905270962,-0.11641618479877153
finite_144,finite_144|family_residual_median_three_seeds|s85_ridge_alpha_1|mae_seconds,0285fd21a0dd1ca29cd386de85a1a8af49cc7d71f5c86f6451b55a11c68864a8,0.061827234996599145,family_residual_median_three_seeds,0.09312152580550478,0.03129429080890564,s85_ridge_alpha_1,0.18197545409202576,0.12014821909542661,-0.08885392828652097
finite_144,finite_144|family_residual_median_three_seeds|s85_ridge_alpha_1|mae_seconds,02d66e8b66849fdd0f0581b84924adbd1bd2d7603e25e5e9faa447ac2a6708d0,0.013436506007565185,family_residual_median_three_seeds,0.0,0.013436506007565185,s85_ridge_alpha_1,0.0,0.013436506007565185,0.0
finite_144,finite_144|family_residual_median_three_seeds|s85_ridge_alpha_1|mae_seconds,040a287609a78a55ab6148ad1a3cc6aa2fcee8b0871b077a9c1a37bee49f69fe,0.05496714099717792,family_residual_median_three_seeds,0.18046508487817037,0.12549794388099245,s85_ridge_alpha_1,0.0,0.05496714099717792,0.07053080288381453
finite_144,finite_144|family_residual_median_three_seeds|s85_ridge_alpha_1|mae_seconds,093af0605e834bf0a4f2aef0b46600d12c6b1c913e791fb13e2513048a6b1c70,0.20758254700922407,family_residual_median_three_seeds,0.2589339851658135,0.051351438156589435,s85_ridge_alpha_1,0.19363930821418762,0.01394323879503645,0.037408199361552985
finite_144,finite_144|family_residual_median_three_seeds|s85_ridge_alpha_1|mae_seconds,0a43a3dbe4a4294a007fa7ec167a24ea300d3762489b98245c2f80ad29727075,0.011986159996013157,family_residual_median_three_seeds,0.0,0.011986159996013157,s85_ridge_alpha_1,0.0,0.011986159996013157,0.0
finite_144,finite_144|family_residual_median_three_seeds|s85_ridge_alpha_1|mae_seconds,0a43c652a1c92c83389d952438c22aa0d890a611333da29499d6ff1733925b21,0.4963673050078796,family_residual_median_three_seeds,0.3498937025986218,0.14647360240925783,s85_ridge_alpha_1,0.0780043825507164,0.4183629224571632,-0.2718893200479054
finite_144,finite_144|family_residual_median_three_seeds|s85_ridge_alpha_1|mae_seconds,0f7836c0a3a429dd9b4f2b55a4fab5d6d112458814cb34efb22309ec614c801f,0.46027592998871114,family_residual_median_three_seeds,0.48672974816770637,0.026453818178995225,s85_ridge_alpha_1,0.9468616247177124,0.48658569472900126,-0.46013187655000604
finite_144,finite_144|family_residual_median_three_seeds|s85_ridge_alpha_1|mae_seconds,13721ab5a328b17bf3f8c3692cda844a7e538a8c92530d0c1236f43d3ad5a884,0.016616445005638525,family_residual_median_three_seeds,0.0,0.016616445005638525,s85_ridge_alpha_1,0.0,0.016616445005638525,0.0
finite_144,finite_144|family_residual_median_three_seeds|s85_ridge_alpha_1|mae_seconds,15e80264fdff1398ab38bbd9144f853a3a2317e95163fda15a1e9ec2657beecb,0.04471942799864337,family_residual_median_three_seeds,0.08569246369062626,0.04097303569198289,s85_ridge_alpha_1,0.5628754496574402,0.5181560216587968,-0.4771829859668139
finite_144,finite_144|family_residual_median_three_seeds|s85_ridge_alpha_1|mae_seconds,187d76ac82884dc3202418b0e06077eec26afed0c625b228d76b4416e6bfa480,0.10063730050023878,family_residual_median_three_seeds,0.281360444656549,0.18072314415631024,s85_ridge_alpha_1,0.620552122592926,0.5199148220926872,-0.339191677936377
finite_144,finite_144|family_residual_median_three_seeds|s85_ridge_alpha_1|mae_seconds,1d76cd981622e5ca02125654d00534f3aec623bbb2b95b7ea894049f76916577,0.03339290199801326,family_residual_median_three_seeds,0.05594061202034884,0.022547710022335583,s85_ridge_alpha_1,0.0,0.03339290199801326,-0.010845191975677675
finite_144,finite_144|family_residual_median_three_seeds|s85_ridge_alpha_1|mae_seconds,1dab21c93a580f711efff03a0f4a1d82985cf201219e886ab246e03a9011735c,0.030614501010859385,family_residual_median_three_seeds,0.15842418203219902,0.12780968102133963,s85_ridge_alpha_1,0.18742211163043976,0.15680761061958037,-0.02899792959824074
finite_144,finite_144|family_residual_median_three_seeds|s85_ridge_alpha_1|mae_seconds,212e0f8a693a745c9fc792b876e7be6ddb0ba051c1b0f558e0819e1437a8a2fb,0.0742775899998378,family_residual_median_three_seeds,0.03596590127593234,0.03831168872390546,s85_ridge_alpha_1,0.3653813898563385,0.2911037998565007,-0.25279211113259525
finite_144,finite_144|family_residual_median_three_seeds|s85_ridge_alpha_1|mae_seconds,2372d3228c3e3e38e3351feb553380bce5a543c936f73a400de0e54ab470599a,3.311648521994357,family_residual_median_three_seeds,1.4187113978358332,1.8929371241585238,s85_ridge_alpha_1,1.5138936042785645,1.7977549177157925,0.09518220644273123
finite_144,finite_144|family_residual_median_three_seeds|s85_ridge_alpha_1|mae_seconds,23a9403cafedb94bbd2f39d4d9106aca7f890047719b80231d86ac9fb8382383,0.024099282003589906,family_residual_median_three_seeds,0.0,0.024099282003589906,s85_ridge_alpha_1,0.0,0.024099282003589906,0.0
finite_144,finite_144|family_residual_median_three_seeds|s85_ridge_alpha_1|mae_seconds,242786b0f7d73c715a317cbdc0725596836f08d98ecd6eb06b3b4ac4f3f563fb,0.012309696001466364,family_residual_median_three_seeds,0.20159669747100029,0.18928700146953392,s85_ridge_alpha_1,0.0,0.012309696001466364,0.17697730546806756
finite_144,finite_144|family_residual_median_three_seeds|s85_ridge_alpha_1|mae_seconds,28b9eac87132bbff64970708737a94c408cfa435ce16cd395a57ab6fbfe5a6f7,0.23104304699518252,family_residual_median_three_seeds,0.48672974816770637,0.25568670117252384,s85_ridge_alpha_1,0.9468616247177124,0.7158185777225299,-0.46013187655000604
finite_144,finite_144|family_residual_median_three_seeds|s85_ridge_alpha_1|mae_seconds,2df018ddcd5f44fd33cd5d80af349db5f84e36d6a5f905ef4611e5e5cc0d03f4,0.3517750959872501,family_residual_median_three_seeds,1.5128130725403803,1.1610379765531302,s85_ridge_alpha_1,3.0208284854888916,2.6690533895016415,-1.5080154129485113
finite_144,finite_144|family_residual_median_three_seeds|s85_ridge_alpha_1|mae_seconds,2e57556a1b12802c7368ef21e0eb8e5c9863f768a48a9a4d0771725e60b8a616,0.014956789003917947,family_residual_median_three_seeds,0.13985725015357336,0.12490046114965542,s85_ridge_alpha_1,0.41813355684280396,0.403176767838886,-0.2782763066892306
finite_144,finite_144|family_residual_median_three_seeds|s85_ridge_alpha_1|mae_seconds,2f497b92b87e3e9f44c1ae23dfbffc7309c1550756e6829eb694d42dd4f2ed03,0.47254708799300715,family_residual_median_three_seeds,0.7108354544554787,0.23828836646247153,s85_ridge_alpha_1,1.054726243019104,0.5821791550260969,-0.3438907885636253
finite_144,finite_144|family_residual_median_three_seeds|s85_ridge_alpha_1|mae_seconds,3157278e31c54e80e45de35bfb793aac89eb413e21aabe08b2e0e140de8c0d39,1.504265392999514,family_residual_median_three_seeds,1.2199470072797587,0.2843183857197553,s85_ridge_alpha_1,1.7000348567962646,0.19576946379675064,0.08854892192300468
finite_144,finite_144|family_residual_median_three_seeds|s85_ridge_alpha_1|mae_seconds,31f7b2533d8a3c05d59b44a9b2d93f44bc48da630d1884cf9df0012199e10a74,0.28342929399514105,family_residual_median_three_seeds,0.4123984953450263,0.12896920134988527,s85_ridge_alpha_1,0.3756398856639862,0.09221059166884515,0.03675860968104011
finite_144,finite_144|family_residual_median_three_seeds|s85_ridge_alpha_1|mae_seconds,35548785a9c99b0ad9409f18dfbfc3baed0e1dcbb1d95eae8c8510dcda120410,21.334545064004487,family_residual_median_three_seeds,18.754819439380988,2.5797256246234994,s85_ridge_alpha_1,9.908562660217285,11.425982403787202,-8.846256779163703
finite_144,finite_144|family_residual_median_three_seeds|s85_ridge_alpha_1|mae_seconds,36bb1354ff108648bc8c9c529a2002a53a68e4bfa9bf3529edce11e5d47f851f,0.10353334200044628,family_residual_median_three_seeds,0.0910748857275168,0.012458456272929477,s85_ridge_alpha_1,0.5380944013595581,0.4345610593591118,-0.42210260308618236
finite_144,finite_144|family_residual_median_three_seeds|s85_ridge_alpha_1|mae_seconds,387f2f6f12a10e034ae5b68c11336a9874e87f20871579eec585bfd7311f38c8,0.0184438720025355,family_residual_median_three_seeds,0.0,0.0184438720025355,s85_ridge_alpha_1,0.05707935243844986,0.03863548043591436,-0.02019160843337886
finite_144,finite_144|family_residual_median_three_seeds|s85_ridge_alpha_1|mae_seconds,3c0ed99f7e5a0409bdadc636b8b7a5dd911304ccbe2e87b32589b91dd44a6a5a,0.019305075009469874,family_residual_median_three_seeds,0.0,0.019305075009469874,s85_ridge_alpha_1,0.10213227570056915,0.08282720069109928,-0.0635221256816294
finite_144,finite_144|family_residual_median_three_seeds|s85_ridge_alpha_1|mae_seconds,3e4560adf43b5c5102bf22f235abcb9dd2ed5e34930cdb929a128226f96e4ea5,0.02327988899196498,family_residual_median_three_seeds,0.0,0.02327988899196498,s85_ridge_alpha_1,0.0,0.02327988899196498,0.0
finite_144,finite_144|family_residual_median_three_seeds|s85_ridge_alpha_1|mae_seconds,433844fca892218b1218ca028aafb0eddf1929d5ca52fdea53b3cb324e4055bd,0.020949395999195985,family_residual_median_three_seeds,0.0,0.020949395999195985,s85_ridge_alpha_1,0.02457640878856182,0.0036270127893658355,0.01732238320983015
finite_144,finite_144|family_residual_median_three_seeds|s85_ridge_alpha_1|mae_seconds,451bd8177acaca0301a8bb4d61cb192f26dce1f81d8ab04ca0aded562d525c58,0.13949821100686677,family_residual_median_three_seeds,0.24615014909809554,0.10665193809122878,s85_ridge_alpha_1,0.8609421849250793,0.7214439739182126,-0.6147920358269838
finite_144,finite_144|family_residual_median_three_seeds|s85_ridge_alpha_1|mae_seconds,45ca196e391297302c92dc6ea0fd119efa62b2ee88e3b85260561e5fbafa7400,0.04090743300912436,family_residual_median_three_seeds,0.0,0.04090743300912436,s85_ridge_alpha_1,0.09433962404727936,0.053432191038155,-0.012524758029030636
finite_144,finite_144|family_residual_median_three_seeds|s85_ridge_alpha_1|mae_seconds,47e6743e95c380a13dc5947d9e9b3db26e541efabd4a27134ff26aa14c00ba7d,0.0563912090001395,family_residual_median_three_seeds,0.12723865496418088,0.07084744596404138,s85_ridge_alpha_1,0.22434186935424805,0.16795066035410855,-0.09710321439006717
finite_144,finite_144|family_residual_median_three_seeds|s85_ridge_alpha_1|mae_seconds,4b24f68f78c4499a295ab28caa04282d174b7ab2a6b0f5333d3bfe630df72f71,0.014960417000111192,family_residual_median_three_seeds,0.037168538724533864,0.022208121724422672,s85_ridge_alpha_1,0.2954809069633484,0.2805204899632372,-0.25831236823881454
finite_144,finite_144|family_residual_median_three_seeds|s85_ridge_alpha_1|mae_seconds,4b5542071ea595cd62184de26c4f1dac3f6afa86f6450f50a28dbe8e1f865257,0.03412146100890823,family_residual_median_three_seeds,0.013531923346404108,0.02058953766250412,s85_ridge_alpha_1,0.2389044165611267,0.20478295555221848,-0.18419341788971436
finite_144,finite_144|family_residual_median_three_seeds|s85_ridge_alpha_1|mae_seconds,4d5b55eb4b8a0aea0af4bde721618cbe79ed66e0636398ffddc79ace483672a6,0.28497167900786735,family_residual_median_three_seeds,0.4542792793519071,0.16930760034403974,s85_ridge_alpha_1,0.173960879445076,0.11101079956279136,0.05829680078124838
finite_144,finite_144|family_residual_median_three_seeds|s85_ridge_alpha_1|mae_seconds,4dd5e72918722dff3c88e277e20e3ecc1e06dfd0601343e784eeb454470800b7,1.0013418259914033,family_residual_median_three_seeds,0.7108354544554787,0.2905063715359246,s85_ridge_alpha_1,1.054726243019104,0.05338441702770069,0.23712195450822393
finite_144,finite_144|family_residual_median_three_seeds|s85_ridge_alpha_1|mae_seconds,4df5b36e58378649053c461bf5ee1478fa114ac65c0c14551536b820ce8eafc7,3.2815998400037643,family_residual_median_three_seeds,1.5848654952852863,1.696734344718478,s85_ridge_alpha_1,1.8897210359573364,1.3918788040464278,0.3048555406720501
finite_144,finite_144|family_residual_median_three_seeds|s85_ridge_alpha_1|mae_seconds,4ee5846eef239e2b0e0d3f950f78b5b4b8af213f0063eb50be6bf50bdbb4385d,0.10320952600159217,family_residual_median_three_seeds,0.09555344607510956,0.007656079926482609,s85_ridge_alpha_1,0.24583420157432556,0.1426246755727334,-0.1349685956462508
finite_144,finite_144|family_residual_median_three_seeds|s85_ridge_alpha_1|mae_seconds,4f2368cad1a087f01b7598f13a9afa3b7cea2d6f9e96f79eb390f62213c97af7,0.8480028839985607,family_residual_median_three_seeds,1.0490018003759765,0.20099891637741574,s85_ridge_alpha_1,1.5268231630325317,0.678820279033971,-0.4778213626565553
finite_144,finite_144|family_residual_median_three_seeds|s85_ridge_alpha_1|mae_seconds,50a5fc62010017f60b77f8c81e9ddf9bd95419be272d2ec5ed1445aae0c7ac92,0.01633486799255479,family_residual_median_three_seeds,0.0,0.01633486799255479,s85_ridge_alpha_1,0.0,0.01633486799255479,0.0
finite_144,finite_144|family_residual_median_three_seeds|s85_ridge_alpha_1|mae_seconds,51e3c5bc60da502bf92a6ed65a7c728a8b957b427652ac8fdaa002b9afc50d40,0.014999819002696313,family_residual_median_three_seeds,0.0,0.014999819002696313,s85_ridge_alpha_1,0.0,0.014999819002696313,0.0
finite_144,finite_144|family_residual_median_three_seeds|s85_ridge_alpha_1|mae_seconds,551dfe6ad672d4157a761610fc4c1061ea844868f2106407374764552251d63a,0.03428567500668578,family_residual_median_three_seeds,0.1316083268170087,0.09732265181032293,s85_ridge_alpha_1,0.0,0.03428567500668578,0.06303697680363715
finite_144,finite_144|family_residual_median_three_seeds|s85_ridge_alpha_1|mae_seconds,55746e6a2fd8d9c4b8c813443f2db46b072f75db1632dd252298c735fbc72bf0,0.00960345049679745,family_residual_median_three_seeds,0.0,0.00960345049679745,s85_ridge_alpha_1,0.0,0.00960345049679745,0.0
finite_144,finite_144|family_residual_median_three_seeds|s85_ridge_alpha_1|mae_seconds,56289d5fdefe63c89244b0849f2e22753ce30832776d74b79de4603006db32f4,0.01758937099657487,family_residual_median_three_seeds,0.014099099715910939,0.0034902712806639327,s85_ridge_alpha_1,0.0,0.01758937099657487,-0.014099099715910939
finite_144,finite_144|family_residual_median_three_seeds|s85_ridge_alpha_1|mae_seconds,568570a69663949a1aaac2fe16e74d3d065c7a8e6013e21368a9d8add886d6dc,0.1977772670070408,family_residual_median_three_seeds,0.45259658965133065,0.25481932264428986,s85_ridge_alpha_1,0.6271830201148987,0.4294057531078579,-0.17458643046356803
finite_144,finite_144|family_residual_median_three_seeds|s85_ridge_alpha_1|mae_seconds,58501be4f197f4efd57535977a245f6adb39216116363b46836664cd6ca29e10,0.029995589997270145,family_residual_median_three_seeds,0.126535207714728,0.09653961771745787,s85_ridge_alpha_1,0.03652861341834068,0.0065330234210705385,0.09000659429638733
finite_144,finite_144|family_residual_median_three_seeds|s85_ridge_alpha_1|mae_seconds,585424315575b559a664523f6ce6236189739069b3872eea4ccdb995a29f8701,0.20420224498957396,family_residual_median_three_seeds,0.38571768259604583,0.18151543760647187,s85_ridge_alpha_1,0.6163951754570007,0.4121929304674268,-0.2306774928609549
finite_144,finite_144|family_residual_median_three_seeds|s85_ridge_alpha_1|mae_seconds,5ab4253ed51b729f331c9f3cc78bfecd3ecb2fed2e98818816bf3f64e22f1bfe,0.021421116005512886,family_residual_median_three_seeds,0.0,0.021421116005512886,s85_ridge_alpha_1,0.042994216084480286,0.0215731000789674,-0.00015198407345451415
finite_144,finite_144|family_residual_median_three_seeds|s85_ridge_alpha_1|mae_seconds,5d3cc38ff0e2b9054c927b6309c6a8dfaba491733eab08b06cc06f2d333da23d,0.19827942800475284,family_residual_median_three_seeds,0.38418626439660014,0.1859068363918473,s85_ridge_alpha_1,0.2890167832374573,0.09073735523270443,0.09516948115914287
finite_144,finite_144|family_residual_median_three_seeds|s85_ridge_alpha_1|mae_seconds,615d076a941f3eec9d225a20b894c8d30a0c90d4834d03fa0ebd5d13e4b46ded,2.4260954790079268,family_residual_median_three_seeds,1.727494759223515,0.6986007197844117,s85_ridge_alpha_1,2.0503389835357666,0.37575649547216017,0.32284422431225157
finite_144,finite_144|family_residual_median_three_seeds|s85_ridge_alpha_1|mae_seconds,63b92ee6c5b54da107e9016de97e2cb7768bfb970ebc025650706533e47d3caf,0.04374370000732597,family_residual_median_three_seeds,0.2455934237970936,0.20184972378976762,s85_ridge_alpha_1,0.06907631456851959,0.025332614561193623,0.176517109228574
finite_144,finite_144|family_residual_median_three_seeds|s85_ridge_alpha_1|mae_seconds,66c9180a271ec04f728ab259ed86a24fe52676e6f40a7614b02f79fd13536c91,0.01599400099075865,family_residual_median_three_seeds,0.0,0.01599400099075865,s85_ridge_alpha_1,0.0,0.01599400099075865,0.0
finite_144,finite_144|family_residual_median_three_seeds|s85_ridge_alpha_1|mae_seconds,6a475a20ac3d09839e2b43104ca187037db5ff813b811e0d7356adac93d25244,0.25500052400457207,family_residual_median_three_seeds,0.11072256478808638,0.14427795921648567,s85_ridge_alpha_1,0.0,0.25500052400457207,-0.1107225647880864
finite_144,finite_144|family_residual_median_three_seeds|s85_ridge_alpha_1|mae_seconds,6b2f9fea850557b40ca9b69341ec300b1c4fe1f4bf53e94436af2ba1586bac62,0.02461252300417982,family_residual_median_three_seeds,0.0,0.02461252300417982,s85_ridge_alpha_1,0.02835066057741642,0.0037381375732365996,0.02087438543094322
finite_144,finite_144|family_residual_median_three_seeds|s85_ridge_alpha_1|mae_seconds,6cf91acdbcfc0321d1ffcee7c2197fec29f2b9dd83e7c3b56dbe8d583332ccdb,1.1965577070077416,family_residual_median_three_seeds,0.984756094412321,0.21180161259542052,s85_ridge_alpha_1,1.5516005754470825,0.35504286843934096,-0.14324125584392045
finite_144,finite_144|family_residual_median_three_seeds|s85_ridge_alpha_1|mae_seconds,6e066adb38de82d96650b3f806e398374e88912fd4688ab9c98f3c94dcd33e16,0.03593193899723701,family_residual_median_three_seeds,0.33284301486286355,0.29691107586562654,s85_ridge_alpha_1,0.134780615568161,0.098848676570924,0.19806239929470254
finite_144,finite_144|family_residual_median_three_seeds|s85_ridge_alpha_1|mae_seconds,720a3cec5f9b39a53aa0d59f0ecc24f42f2948fbe56164a033262c628e2ba875,0.6676088839885779,family_residual_median_three_seeds,0.7157930407099575,0.048184156721379656,s85_ridge_alpha_1,1.352980613708496,0.6853717297199182,-0.6371875729985386
finite_144,finite_144|family_residual_median_three_seeds|s85_ridge_alpha_1|mae_seconds,7344fd4d264c475e52edca02e3426225c78af7ed0bdaae137741a04685725a5d,0.011170979007147253,family_residual_median_three_seeds,0.0,0.011170979007147253,s85_ridge_alpha_1,0.0,0.011170979007147253,0.0
finite_144,finite_144|family_residual_median_three_seeds|s85_ridge_alpha_1|mae_seconds,73abe6179f1e84e36777e1d953028143ee3ff00662ddb793d55022d9344b4940,9.536654898009147,family_residual_median_three_seeds,10.875506556055107,1.3388516580459608,s85_ridge_alpha_1,9.852718353271484,0.3160634552623378,1.022788202783623
finite_144,finite_144|family_residual_median_three_seeds|s85_ridge_alpha_1|mae_seconds,7478da09664f4489c33c18a6ea1974cc9dea86d1adda1f912c3eaeff27c2d5fa,0.055610037001315504,family_residual_median_three_seeds,0.0,0.055610037001315504,s85_ridge_alpha_1,0.09026233851909637,0.03465230151778087,0.020957735483534634
finite_144,finite_144|family_residual_median_three_seeds|s85_ridge_alpha_1|mae_seconds,75b1db396e34d1f1b234ea8dcdc253203a770cecce7f48bb8a126860723c43df,0.013813976998790167,family_residual_median_three_seeds,0.03189405081703532,0.018080073818245154,s85_ridge_alpha_1,0.0,0.013813976998790167,0.004266096819454987
finite_144,finite_144|family_residual_median_three_seeds|s85_ridge_alpha_1|mae_seconds,78d3420407751ab52a65abe926510d585ebd3a5d1934ac31c13b28eca5c5ee8a,0.6137206630082801,family_residual_median_three_seeds,0.4973250338429028,0.11639562916537732,s85_ridge_alpha_1,0.7202188968658447,0.10649823385756463,0.009897395307812695
finite_144,finite_144|family_residual_median_three_seeds|s85_ridge_alpha_1|mae_seconds,78ecec267502f433ab148452979221600becf679520b50ad454009e0ca097af5,0.9436662789958064,family_residual_median_three_seeds,0.8594974321256941,0.08416884687011228,s85_ridge_alpha_1,0.9813985824584961,0.03773230346268974,0.04643654340742254
finite_144,finite_144|family_residual_median_three_seeds|s85_ridge_alpha_1|mae_seconds,79b8fdfbfe6897a226612f9b9e27a4533aac4b48258335fb7746c5f10989cedc,0.03340627049328759,family_residual_median_three_seeds,0.07224966213126505,0.038843391637977454,s85_ridge_alpha_1,0.28902721405029297,0.2556209435570054,-0.21677755191902792
finite_144,finite_144|family_residual_median_three_seeds|s85_ridge_alpha_1|mae_seconds,7b944ad7e38d98fae66177b6c014ae2878d62bcd1765103c19941653817e7996,0.028299986995989457,family_residual_median_three_seeds,0.014707842778050836,0.01359214421793862,s85_ridge_alpha_1,0.0,0.028299986995989457,-0.014707842778050836
finite_144,finite_144|family_residual_median_three_seeds|s85_ridge_alpha_1|mae_seconds,7c8832728feaaf34fac1fda49dfcbfbf655902b5b4eb3f1b11e43f21d15de5bf,0.18511410600331146,family_residual_median_three_seeds,0.1717594157661199,0.013354690237191574,s85_ridge_alpha_1,0.35975512862205505,0.1746410226187436,-0.16128633238155202
finite_144,finite_144|family_residual_median_three_seeds|s85_ridge_alpha_1|mae_seconds,7dafebd46e73b9b279f1ef96da32f7d563de3721b856b4570375ab81951e06fc,0.48330739499942865,family_residual_median_three_seeds,0.6687760350366655,0.18546864003723684,s85_ridge_alpha_1,1.058846116065979,0.5755387210665504,-0.3900700810293135
finite_144,finite_144|family_residual_median_three_seeds|s85_ridge_alpha_1|mae_seconds,7e02b8d5bbea94c5e0eabb2edd6a74e15949ae6b737fabb55e66a61d47181912,1.295461602989235,family_residual_median_three_seeds,6.450159596859992,5.154697993870757,s85_ridge_alpha_1,4.704477310180664,3.409015707191429,1.7456822866793278
finite_144,finite_144|family_residual_median_three_seeds|s85_ridge_alpha_1|mae_seconds,7f613ccae98ac8124d086ee9a39d94b1ed019520da8c3277395b109fd22d7d4d,0.021900085994275287,family_residual_median_three_seeds,0.023870923978741153,0.001970837984465866,s85_ridge_alpha_1,0.0,0.021900085994275287,-0.01992924800980942
finite_144,finite_144|family_residual_median_three_seeds|s85_ridge_alpha_1|mae_seconds,7fabc879bc998db5c05d7cc5b83db2d1704d7587139b714da9cf82639f4f093e,0.10285567400569562,family_residual_median_three_seeds,0.1638529284989023,0.06099725449320667,s85_ridge_alpha_1,0.518398642539978,0.4155429685342824,-0.3545457140410757
finite_144,finite_144|family_residual_median_three_seeds|s85_ridge_alpha_1|mae_seconds,806f1844d225682cd7d5d0b276b5567caa23697f73064d8a20347024bb03fe40,0.01652392249525292,family_residual_median_three_seeds,0.0,0.01652392249525292,s85_ridge_alpha_1,0.0,0.01652392249525292,0.0
finite_144,finite_144|family_residual_median_three_seeds|s85_ridge_alpha_1|mae_seconds,81a66b1daaf97d148a8a075515daf8702349d257883a1dd88e26993c1622351f,0.5699010470125359,family_residual_median_three_seeds,0.44398278197291735,0.1259182650396185,s85_ridge_alpha_1,0.36520418524742126,0.2046968617651146,-0.07877859672549609
finite_144,finite_144|family_residual_median_three_seeds|s85_ridge_alpha_1|mae_seconds,82da8e687716ed31c95e72560edb07e7f6073a5be0f5ebffb17d22aff22c81fd,0.3460227089963155,family_residual_median_three_seeds,0.3232834906724892,0.022739218323826305,s85_ridge_alpha_1,0.37192949652671814,0.025906787530402653,-0.0031675692065763483
finite_144,finite_144|family_residual_median_three_seeds|s85_ridge_alpha_1|mae_seconds,84c07c56eef046e3c72823b20fb674075b1ab68a85dc6a06baf7f35983e2bd17,0.036921663995599374,family_residual_median_three_seeds,0.3704817235488991,0.3335600595532997,s85_ridge_alpha_1,0.3094576299190521,0.27253596592345275,0.061024093629846954
finite_144,finite_144|family_residual_median_three_seeds|s85_ridge_alpha_1|mae_seconds,8711737782301f568af1980707e62c989655488357aa858d6c63bb8e206ae4fc,0.45572497400280554,family_residual_median_three_seeds,0.3373909203891409,0.11833405361366461,s85_ridge_alpha_1,0.4662967324256897,0.010571758422884159,0.10776229519078045
finite_144,finite_144|family_residual_median_three_seeds|s85_ridge_alpha_1|mae_seconds,8c7594c05053bb7af0015bd637170a669e9d39c1da6edce6a769992b6ef5c9cb,0.029765535990009084,family_residual_median_three_seeds,0.0,0.029765535990009084,s85_ridge_alpha_1,0.0,0.029765535990009084,0.0
finite_144,finite_144|family_residual_median_three_seeds|s85_ridge_alpha_1|mae_seconds,8d3b3ff10a3a80d0dda4e7043cce2b222aaf9e3cc19caa194b8e87da40266ac5,0.22089128849620465,family_residual_median_three_seeds,0.4582193975466031,0.23732810905039847,s85_ridge_alpha_1,0.9213619232177734,0.7004706347215688,-0.4631425256711703
finite_144,finite_144|family_residual_median_three_seeds|s85_ridge_alpha_1|mae_seconds,8e1c1014680274215f87d97c833f99474ed19b3393b2b8eea20a36bde517708b,0.23596165100752842,family_residual_median_three_seeds,0.2589575098967248,0.022995858889196363,s85_ridge_alpha_1,0.17497175931930542,0.060989891688223,-0.037994032799026634
finite_144,finite_144|family_residual_median_three_seeds|s85_ridge_alpha_1|mae_seconds,8e4821df72704634cb81ea4d738477a8d596a49cba641e6198fdc9970e1d5d2f,0.10458056299830787,family_residual_median_three_seeds,0.18191659585553593,0.07733603285722807,s85_ridge_alpha_1,0.4231930077075958,0.31861244470928796,-0.2412764118520599
finite_144,finite_144|family_residual_median_three_seeds|s85_ridge_alpha_1|mae_seconds,8ea085ea0c0185c560746ab5988221e203c457e2afbb475976fb99f718e2dad1,1.4953874835046008,family_residual_median_three_seeds,1.2256286401044054,0.2697588434001954,s85_ridge_alpha_1,1.5235555171966553,0.02816803369205445,0.24159080970814095
finite_144,finite_144|family_residual_median_three_seeds|s85_ridge_alpha_1|mae_seconds,8f11cd416ae9672f06a39e5ee3a27a70bcbf31d7177cb47270c0cd8512c95381,0.13935058600327466,family_residual_median_three_seeds,0.2343982782071923,0.09504769220391765,s85_ridge_alpha_1,0.17940932512283325,0.040058739119558595,0.054988953084359055
finite_144,finite_144|family_residual_median_three_seeds|s85_ridge_alpha_1|mae_seconds,8ffee9c3a3af1aeaa766f38df57fcb62de5efa16d7f328d60a8977cb0da39e22,0.5239883729955181,family_residual_median_three_seeds,0.7528054280242976,0.22881705502877947,s85_ridge_alpha_1,0.38831818103790283,0.13567019195761532,0.09314686307116415
finite_144,finite_144|family_residual_median_three_seeds|s85_ridge_alpha_1|mae_seconds,9110b8773ad1c544b5ec91feaaa99c96975f7577fe6966b0f0df52dab84bef92,0.02539949499623617,family_residual_median_three_seeds,0.0,0.02539949499623617,s85_ridge_alpha_1,0.631998598575592,0.6065991035793559,-0.5811996085831197
finite_144,finite_144|family_residual_median_three_seeds|s85_ridge_alpha_1|mae_seconds,92c02520f591e3d46218c6839b62acb2a1d5fbcc2ceba197b9265653f1737b24,0.01813236800080631,family_residual_median_three_seeds,0.0,0.01813236800080631,s85_ridge_alpha_1,0.0,0.01813236800080631,0.0
finite_144,finite_144|family_residual_median_three_seeds|s85_ridge_alpha_1|mae_seconds,93eff191c23e0c3d13a127f38595909e7092290f5119c9be24a1ccc61fff5767,1.6046517960057827,family_residual_median_three_seeds,0.8668871274703281,0.7377646685354545,s85_ridge_alpha_1,0.23602749407291412,1.3686243019328685,-0.630859633397414
finite_144,finite_144|family_residual_median_three_seeds|s85_ridge_alpha_1|mae_seconds,9649572da691c86252b1620cba73350902b9ba3cf4dbdb3fb2e3531588da98c4,0.07614758700947277,family_residual_median_three_seeds,0.0,0.07614758700947277,s85_ridge_alpha_1,0.0,0.07614758700947277,0.0
finite_144,finite_144|family_residual_median_three_seeds|s85_ridge_alpha_1|mae_seconds,97bdbd3569346cfa4a289ced5de0f3280a495266d423a3af48650bf01484b9be,3.5094549999921583,family_residual_median_three_seeds,4.907584364882597,1.3981293648904387,s85_ridge_alpha_1,4.865993499755859,1.3565384997637011,0.0415908651267376
finite_144,finite_144|family_residual_median_three_seeds|s85_ridge_alpha_1|mae_seconds,99e0865dc3fced630c02b5b2710b24fd9257ba31d54112cde08a769e974f53c4,0.8848653770110104,family_residual_median_three_seeds,0.9351901737222084,0.05032479671119794,s85_ridge_alpha_1,1.4568123817443848,0.5719470047333743,-0.5216222080221764
finite_144,finite_144|family_residual_median_three_seeds|s85_ridge_alpha_1|mae_seconds,9b4261e2d98678946a9aefea16ba9b8abcae8409f8589f8fb3daa941694f88c6,0.05269318800128531,family_residual_median_three_seeds,0.06535389468215709,0.012660706680871783,s85_ridge_alpha_1,0.21938619017601013,0.16669300217472482,-0.15403229549385306
finite_144,finite_144|family_residual_median_three_seeds|s85_ridge_alpha_1|mae_seconds,9fc54c185186ff8c504ebdac4e3fa109beb4cf46f86196a3376b3153a7f72962,0.056531766007537954,family_residual_median_three_seeds,0.4723256630183438,0.4157938970108058,s85_ridge_alpha_1,0.0,0.056531766007537954,0.35926213100326787
finite_144,finite_144|family_residual_median_three_seeds|s85_ridge_alpha_1|mae_seconds,a3b7d67bad6cd47cb522addfaf763294b1ea99017f443c03052055a2f0074009,79.91749536799034,family_residual_median_three_seeds,21.395803682933128,58.52169168505721,s85_ridge_alpha_1,11.346359252929688,68.57113611506065,-10.04944443000344
finite_144,finite_144|family_residual_median_three_seeds|s85_ridge_alpha_1|mae_seconds,a4a7b8b8d556570de9ea2db286aaa4245fa50f4619f25f0f7414b16d503458d8,0.953442771002301,family_residual_median_three_seeds,0.4102551186091743,0.5431876523931267,s85_ridge_alpha_1,0.0,0.953442771002301,-0.4102551186091743
finite_144,finite_144|family_residual_median_three_seeds|s85_ridge_alpha_1|mae_seconds,a53b2a3a1ba8397a96b487c44f825f3cab2e0c714b69298f2ab0a839975b173c,5.230783803999657,family_residual_median_three_seeds,1.5383935727892943,3.6923902312103625,s85_ridge_alpha_1,1.7194139957427979,3.511369808256859,0.1810204229535035
finite_144,finite_144|family_residual_median_three_seeds|s85_ridge_alpha_1|mae_seconds,a70c5b796698f145c5992d324b3a0b5e28eb7301e6f306652a316a55c68f1ae8,0.35253910499159247,family_residual_median_three_seeds,0.3587972249572899,0.006258119965697417,s85_ridge_alpha_1,0.5917072892189026,0.23916818422731012,-0.2329100642616127
finite_144,finite_144|family_residual_median_three_seeds|s85_ridge_alpha_1|mae_seconds,aa91238ec5978b739b87b3a657746a8786de113397a5abeadf726d1dd9c836b3,0.012801228993339464,family_residual_median_three_seeds,0.0,0.012801228993339464,s85_ridge_alpha_1,0.0,0.012801228993339464,0.0
finite_144,finite_144|family_residual_median_three_seeds|s85_ridge_alpha_1|mae_seconds,abe368f160ce73db792b3af14a6e120eda4838b15f01376daa204a680d07c5bc,0.0869559359998675,family_residual_median_three_seeds,0.15401072505049065,0.06705478905062315,s85_ridge_alpha_1,0.12683166563510895,0.03987572963524144,0.027179059415381707
finite_144,finite_144|family_residual_median_three_seeds|s85_ridge_alpha_1|mae_seconds,acacd76111e7f23e4224342ca0ab5340b1bdaad3b6eba8893e4036ba14896362,0.012050335993990302,family_residual_median_three_seeds,0.0,0.012050335993990302,s85_ridge_alpha_1,0.0,0.012050335993990302,0.0
finite_144,finite_144|family_residual_median_three_seeds|s85_ridge_alpha_1|mae_seconds,af19d23c83544c8b7f6be5c42e0254336c9902c1ef454c06b9d45c4582d2fd3d,0.8332175344985444,family_residual_median_three_seeds,1.0490018003759765,0.21578426587743205,s85_ridge_alpha_1,1.5268231630325317,0.6936056285339873,-0.4778213626565553
finite_144,finite_144|family_residual_median_three_seeds|s85_ridge_alpha_1|mae_seconds,af7e7c49ba06f5c554580173d3dcd73bc9d5a9dd9c6e3d3cd8c94d494fa4b969,0.02617017799639143,family_residual_median_three_seeds,0.0,0.02617017799639143,s85_ridge_alpha_1,0.0,0.02617017799639143,0.0
finite_144,finite_144|family_residual_median_three_seeds|s85_ridge_alpha_1|mae_seconds,afa0cd93480bae81feca2afdcb909ab13c2934f76b139c27872b18658e5c1f28,0.018968898002640344,family_residual_median_three_seeds,0.0,0.018968898002640344,s85_ridge_alpha_1,0.0,0.018968898002640344,0.0
finite_144,finite_144|family_residual_median_three_seeds|s85_ridge_alpha_1|mae_seconds,b23a0318d268fcffc78b4f6ce920c98f33487ec34a71cf7b6225b9b6eb93f1bb,24.846454593003727,family_residual_median_three_seeds,17.269964313967368,7.57649027903636,s85_ridge_alpha_1,16.2271728515625,8.619281741441227,-1.0427914624048675
finite_144,finite_144|family_residual_median_three_seeds|s85_ridge_alpha_1|mae_seconds,b5736e26e119a619b687dcc0cf8065475e3805bc0c6180b480e0e36badc289db,0.04377779198694043,family_residual_median_three_seeds,0.09311598763431352,0.04933819564737309,s85_ridge_alpha_1,0.0,0.04377779198694043,0.0055604036604326584
finite_144,finite_144|family_residual_median_three_seeds|s85_ridge_alpha_1|mae_seconds,b5f6ad96b1eb0fc9087c079e22e8a91398b460e24d616ed0d8829247aee24f18,0.017304453009273857,family_residual_median_three_seeds,0.13584315739579242,0.11853870438651856,s85_ridge_alpha_1,0.440279096364975,0.4229746433557011,-0.30443593896918253
finite_144,finite_144|family_residual_median_three_seeds|s85_ridge_alpha_1|mae_seconds,b6a15d3507225e442ed02c90df5179f09c529df7bf5ee38a8005cc265f4203a6,4.261887058994034,family_residual_median_three_seeds,9.908903559372966,5.647016500378932,s85_ridge_alpha_1,4.551915645599365,0.29002858660533093,5.356987913773601
finite_144,finite_144|family_residual_median_three_seeds|s85_ridge_alpha_1|mae_seconds,b6afb1122e1baece13144a1d0da78738759129107f453e9579e99e8789e057fe,0.047061582998139784,family_residual_median_three_seeds,0.20770464131252386,0.16064305831438408,s85_ridge_alpha_1,0.0,0.047061582998139784,0.1135814753162443
finite_144,finite_144|family_residual_median_three_seeds|s85_ridge_alpha_1|mae_seconds,bbafe35368c1a915635c383f6aaa4ec709a7c6e055550875d4de11ca0983dbb5,0.04260586100281216,family_residual_median_three_seeds,0.4425203226521554,0.39991446164934324,s85_ridge_alpha_1,0.16144974529743195,0.11884388429461978,0.28107057735472346
finite_144,finite_144|family_residual_median_three_seeds|s85_ridge_alpha_1|mae_seconds,bc77f4afad8bbb19a6b320c11bc8f8110a330e395e5c509895e0b6c566cab5e9,0.02530120700248517,family_residual_median_three_seeds,0.013775811974916114,0.011525395027569057,s85_ridge_alpha_1,0.10293129831552505,0.07763009131303988,-0.06610469628547083
finite_144,finite_144|family_residual_median_three_seeds|s85_ridge_alpha_1|mae_seconds,bc8cb33a3a242fb3ab35191a36313674faaca8fe1839cfa05d79788052424d1d,0.016875350003829226,family_residual_median_three_seeds,0.0,0.016875350003829226,s85_ridge_alpha_1,0.0,0.016875350003829226,0.0
finite_144,finite_144|family_residual_median_three_seeds|s85_ridge_alpha_1|mae_seconds,bdd8a427e9747bbc01ad8e77a22d61f0314fe8db0de17786839f2193ab0928bd,2.3824428014922887,family_residual_median_three_seeds,1.5383935727892943,0.8440492287029944,s85_ridge_alpha_1,1.7194139957427979,0.6630288057494909,0.1810204229535035
finite_144,finite_144|family_residual_median_three_seeds|s85_ridge_alpha_1|mae_seconds,c1572e3b6e41c965a5943c21ceacdbad56fc868b4ee02ff4ef8af2d2054a0602,0.22925455200311262,family_residual_median_three_seeds,0.48672974816770637,0.25747519616459374,s85_ridge_alpha_1,0.9468616247177124,0.7176070727145998,-0.46013187655000604
finite_144,finite_144|family_residual_median_three_seeds|s85_ridge_alpha_1|mae_seconds,c658b0f6c564cc6b7d6d48105e5567caf0660181ca2dbad8b9bdbdd353962fd6,0.11542836799344514,family_residual_median_three_seeds,0.11417256714852043,0.001255800844924701,s85_ridge_alpha_1,0.20839077234268188,0.09296240434923675,-0.09170660350431205
finite_144,finite_144|family_residual_median_three_seeds|s85_ridge_alpha_1|mae_seconds,c67a77f55c658ad1270fd52c8cbc66319b72ceaa5ca5d4015d775b44e8edd85a,0.014848140999674797,family_residual_median_three_seeds,0.0,0.014848140999674797,s85_ridge_alpha_1,0.2128245234489441,0.1979763824492693,-0.1831282414495945
finite_144,finite_144|family_residual_median_three_seeds|s85_ridge_alpha_1|mae_seconds,c69c35c09a4dcfe7dd09af0b73be8e5f608531bf0baadd794f6861bcf237e40c,0.033591554005397484,family_residual_median_three_seeds,0.07224966213126505,0.03865810812586756,s85_ridge_alpha_1,0.28902721405029297,0.2554356600448955,-0.21677755191902792
finite_144,finite_144|family_residual_median_three_seeds|s85_ridge_alpha_1|mae_seconds,c6ee0cb7c958cecf010796ce2ad0bb148b9fd660dd52393972c541d9ae422eca,2.3875844230060466,family_residual_median_three_seeds,1.4960336997242183,0.8915507232818283,s85_ridge_alpha_1,1.7401244640350342,0.6474599589710124,0.2440907643108159
finite_144,finite_144|family_residual_median_three_seeds|s85_ridge_alpha_1|mae_seconds,c9931425f0767057491a7e6ab8f1ed937fde917a862097440f57606892bddde9,0.4793449594944832,family_residual_median_three_seeds,0.6687760350366655,0.1894310755421823,s85_ridge_alpha_1,1.058846116065979,0.5795011565714958,-0.3900700810293135
finite_144,finite_144|family_residual_median_three_seeds|s85_ridge_alpha_1|mae_seconds,cbe1ca5505b485bd87b2e68f2b38ecae377e29f823c30e4c44d3f5f87d4266f7,0.09876574200461619,family_residual_median_three_seeds,0.1289313991732116,0.030165657168595428,s85_ridge_alpha_1,0.2436244636774063,0.14485872167279013,-0.1146930645041947
finite_144,finite_144|family_residual_median_three_seeds|s85_ridge_alpha_1|mae_seconds,cfadb6828c07bfc2fac00ca0c9c03935e927b88961597b69936fc199a094b9ea,0.017487927005277015,family_residual_median_three_seeds,0.0,0.017487927005277015,s85_ridge_alpha_1,0.0,0.017487927005277015,0.0
finite_144,finite_144|family_residual_median_three_seeds|s85_ridge_alpha_1|mae_seconds,d06936015124a75ae15e1f94eeb54cc51ab24596726b8110765a69ba66d0e80a,0.1259611449931981,family_residual_median_three_seeds,0.1645312627057568,0.038570117712558694,s85_ridge_alpha_1,0.18174465000629425,0.055783505013096146,-0.017213387300537453
finite_144,finite_144|family_residual_median_three_seeds|s85_ridge_alpha_1|mae_seconds,d506e52d304853cd9e55834d3112505279aa22e89e70aa7c00dfc57caad3c72c,0.3110688500019023,family_residual_median_three_seeds,0.6051702496370219,0.2941013996351196,s85_ridge_alpha_1,1.0475085973739624,0.7364397473720601,-0.4423383477369405
finite_144,finite_144|family_residual_median_three_seeds|s85_ridge_alpha_1|mae_seconds,d7a22ac29418bcf9f00346732fe1b985f8e0b9df60273404dabbf4a62027715f,0.04994272699696012,family_residual_median_three_seeds,0.0,0.04994272699696012,s85_ridge_alpha_1,0.17226630449295044,0.12232357749599032,-0.0723808504990302
finite_144,finite_144|family_residual_median_three_seeds|s85_ridge_alpha_1|mae_seconds,d7ecd343052e510bdf5fa0f67f2fdbc3ee5ddccd19f39548c2853114a94dece2,0.032444068987388164,family_residual_median_three_seeds,0.0,0.032444068987388164,s85_ridge_alpha_1,0.06907058507204056,0.036626516084652394,-0.00418244709726423
finite_144,finite_144|family_residual_median_three_seeds|s85_ridge_alpha_1|mae_seconds,db0e077b1674f90860a270d014aa8226822880dbf36c819dad0bea17881b7eb5,0.09164552399306558,family_residual_median_three_seeds,0.39076557536105244,0.29912005136798686,s85_ridge_alpha_1,0.0,0.09164552399306558,0.20747452737492128
finite_144,finite_144|family_residual_median_three_seeds|s85_ridge_alpha_1|mae_seconds,dbfb4dd8bf80cda30461759a3169ec60ac535a27409cf938f691179c6a121ebd,0.025913477991707623,family_residual_median_three_seeds,0.16736808868946526,0.14145461069775764,s85_ridge_alpha_1,0.17297253012657166,0.14705905213486403,-0.005604441437106394
finite_144,finite_144|family_residual_median_three_seeds|s85_ridge_alpha_1|mae_seconds,dc97062e3adcbcaf813cae5e970c8a0357a239b8d4a09e77a4e3e4625532d209,0.022582220000913367,family_residual_median_three_seeds,0.0,0.022582220000913367,s85_ridge_alpha_1,0.0833510085940361,0.060768788593122736,-0.03818656859220937
finite_144,finite_144|family_residual_median_three_seeds|s85_ridge_alpha_1|mae_seconds,dd514cba6fbc94c48a3eb8f2ff2210ef74259e76e7f796394066418bfd93ee86,0.987846089003142,family_residual_median_three_seeds,1.1611524583150958,0.17330636931195387,s85_ridge_alpha_1,3.1638529300689697,2.1760068410658278,-2.002700471753874
finite_144,finite_144|family_residual_median_three_seeds|s85_ridge_alpha_1|mae_seconds,de4639e0b84f220ce7281521fbce5104129cc70befb85198bf93def8d4ba7a65,0.012442961990018375,family_residual_median_three_seeds,0.0,0.012442961990018375,s85_ridge_alpha_1,0.09551840275526047,0.08307544076524209,-0.07063247877522372
finite_144,finite_144|family_residual_median_three_seeds|s85_ridge_alpha_1|mae_seconds,de56c0798eca25bd1510d4d10f11e996f0bad2a11ce94a265da0635c161cbcae,0.013786837997031398,family_residual_median_three_seeds,0.012622825429487514,0.0011640125675438841,s85_ridge_alpha_1,0.0,0.013786837997031398,-0.012622825429487514
finite_144,finite_144|family_residual_median_three_seeds|s85_ridge_alpha_1|mae_seconds,e0c3acec67c0fb535add575a46e01889b30ec7970005214fd2188b94ae3a55a5,0.30664109998906497,family_residual_median_three_seeds,0.5262795158501156,0.2196384158610506,s85_ridge_alpha_1,0.5402447581291199,0.2336036581400549,-0.013965242279004308
finite_144,finite_144|family_residual_median_three_seeds|s85_ridge_alpha_1|mae_seconds,e2fba21685e6e7d22d625d8babcc9c51a8911815153e52fc89277e0efe117045,0.034269919007783756,family_residual_median_three_seeds,0.22210458567296995,0.1878346666651862,s85_ridge_alpha_1,0.22476398944854736,0.1904940704407636,-0.0026594037755774125
finite_144,finite_144|family_residual_median_three_seeds|s85_ridge_alpha_1|mae_seconds,e4664972befc3ffed396f3842bf910be22c2fbe7f293d3c295b971dfe094d398,0.21684798199567012,family_residual_median_three_seeds,0.3216704003446582,0.10482241834898809,s85_ridge_alpha_1,0.4257514476776123,0.20890346568194218,-0.10408104733295409
finite_144,finite_144|family_residual_median_three_seeds|s85_ridge_alpha_1|mae_seconds,e8037a4f622df36c65c0e756e11a6c6e3b8b40fbabaffb6cd59ff1cc79f49063,61.17339781799819,family_residual_median_three_seeds,25.339846748996134,35.833551069002056,s85_ridge_alpha_1,18.23893928527832,42.93445853271987,-7.100907463717817
finite_144,finite_144|family_residual_median_three_seeds|s85_ridge_alpha_1|mae_seconds,ea84355871fa77560419766f8000de4dcb0eea29468bcb0d89a1c84edff34f61,0.036422210992896,family_residual_median_three_seeds,0.0,0.036422210992896,s85_ridge_alpha_1,0.042909175157547,0.006486964164650999,0.029935246828245
finite_144,finite_144|family_residual_median_three_seeds|s85_ridge_alpha_1|mae_seconds,eb43007109ad9707544629854cfc7259b0e6aa70c5a618cedacbb7d26dd746a0,1.539023724006256,family_residual_median_three_seeds,1.2252394561372593,0.3137842678689968,s85_ridge_alpha_1,1.5111865997314453,0.027837124274810776,0.28594714359418605
finite_144,finite_144|family_residual_median_three_seeds|s85_ridge_alpha_1|mae_seconds,edc62038c489069da135981ccefd5c5a2f3cc0a991fa6da4defa393abdb0d2a4,0.12868290600454202,family_residual_median_three_seeds,0.11229803406574593,0.01638487193879609,s85_ridge_alpha_1,1.3777321577072144,1.2490492517026723,-1.2326643797638763
finite_144,finite_144|family_residual_median_three_seeds|s85_ridge_alpha_1|mae_seconds,f0e0170b510412a7e964e82f14793115a9e53a1b250283a74abd893a45b5f20e,0.30258032999699935,family_residual_median_three_seeds,0.2823385136549414,0.02024181634205796,s85_ridge_alpha_1,0.5110104084014893,0.2084300784044899,-0.18818826206243194
finite_144,finite_144|family_residual_median_three_seeds|s85_ridge_alpha_1|mae_seconds,f12c9439f3dfce19e2f161aed74fdafb33146528cdb8524425608579de8b6741,0.03252830699784681,family_residual_median_three_seeds,0.024451915726537654,0.008076391271309158,s85_ridge_alpha_1,0.0,0.03252830699784681,-0.024451915726537654
finite_144,finite_144|family_residual_median_three_seeds|s85_ridge_alpha_1|mae_seconds,f2ce48d725be79c1ea5cbfeb36811261c4e74460588e911c3b2916a9303c1cf5,0.08811176200106274,family_residual_median_three_seeds,0.0,0.08811176200106274,s85_ridge_alpha_1,0.08243512362241745,0.005676638378645293,0.08243512362241745
finite_144,finite_144|family_residual_median_three_seeds|s85_ridge_alpha_1|mae_seconds,f37f599f25c5024b4069e866a31563a6daf0b1495d17d25343f7b3cfac1169ee,0.06516375900537241,family_residual_median_three_seeds,0.05393454671598348,0.011229212289388932,s85_ridge_alpha_1,0.07483614981174469,0.009672390806372277,0.0015568214830166544
finite_144,finite_144|family_residual_median_three_seeds|s85_ridge_alpha_1|mae_seconds,f76953672a13f3e92397fe3586ff6557882560261e995147a67b931d701c7fcf,2.0946084930037614,family_residual_median_three_seeds,1.3703727995491417,0.7242356934546197,s85_ridge_alpha_1,1.5584384202957153,0.5361700727080461,0.18806562074657363
finite_144,finite_144|family_residual_median_three_seeds|s85_ridge_alpha_1|mae_seconds,f8d88243c9d36e41e0eedeff4898e325d59ba4d8ceb4b81c7b48757ade1e94b4,1.798349431992392,family_residual_median_three_seeds,0.9349311232212207,0.8634183087711713,s85_ridge_alpha_1,1.2917741537094116,0.5065752782829804,0.3568430304881909
finite_144,finite_144|family_residual_median_three_seeds|s85_ridge_alpha_1|mae_seconds,fa595f88d0ab98542a799af4492f53b2a5e2e88ebc442a9b508abac209d0afcc,1.210094072011998,family_residual_median_three_seeds,0.916768102282726,0.29332596972927194,s85_ridge_alpha_1,0.515113353729248,0.6949807182827499,-0.40165474855347794
finite_144,finite_144|family_residual_median_three_seeds|s85_ridge_alpha_1|mae_seconds,fcd9497c7764bb185a96cc8b6d1c7878851e9b87e64de7ebf47aa1d16eb3ee0a,0.011232427001232281,family_residual_median_three_seeds,0.3855449041885901,0.37431247718735783,s85_ridge_alpha_1,0.0,0.011232427001232281,0.36308005018612555
finite_144,finite_144|family_residual_median_three_seeds|s85_ridge_alpha_1|mae_seconds,fea8eb37e38bc24d3352d9446471b5cf8f6b8af6ae4c0f931d5942564936274c,0.6560874409915414,family_residual_median_three_seeds,0.5485126667604492,0.10757477423109219,s85_ridge_alpha_1,0.6547320485115051,0.0013553924800362438,0.10621938175105594
finite_144,finite_144|family_residual_median_three_seeds|s85_source_dag_graph_median_three_seeds|mae_seconds,01bfdd8291d6badf1219dd3bf6d7e12559976b8ccb3e67d2548e729dc0c0dc82,0.011743629002012312,family_residual_median_three_seeds,0.0,0.011743629002012312,s85_source_dag_graph_median_three_seeds,0.014133309945464134,0.002389680943451822,0.00935394805856049
finite_144,finite_144|family_residual_median_three_seeds|s85_source_dag_graph_median_three_seeds|mae_seconds,01de4bb89da48a3fc09c31d41d509c1446c6a4a3b329612c5baf0d39c56a922e,0.14818447300058324,family_residual_median_three_seeds,0.24671527872890792,0.09853080572832468,s85_source_dag_graph_median_three_seeds,0.1349431872367859,0.01324128576379735,0.08528951996452733
finite_144,finite_144|family_residual_median_three_seeds|s85_source_dag_graph_median_three_seeds|mae_seconds,0285fd21a0dd1ca29cd386de85a1a8af49cc7d71f5c86f6451b55a11c68864a8,0.061827234996599145,family_residual_median_three_seeds,0.09312152580550478,0.03129429080890564,s85_source_dag_graph_median_three_seeds,0.054722514003515244,0.007104720993083902,0.024189569815821738
finite_144,finite_144|family_residual_median_three_seeds|s85_source_dag_graph_median_three_seeds|mae_seconds,02d66e8b66849fdd0f0581b84924adbd1bd2d7603e25e5e9faa447ac2a6708d0,0.013436506007565185,family_residual_median_three_seeds,0.0,0.013436506007565185,s85_source_dag_graph_median_three_seeds,0.01655554212629795,0.0031190361187327653,0.01031746988883242
finite_144,finite_144|family_residual_median_three_seeds|s85_source_dag_graph_median_three_seeds|mae_seconds,040a287609a78a55ab6148ad1a3cc6aa2fcee8b0871b077a9c1a37bee49f69fe,0.05496714099717792,family_residual_median_three_seeds,0.18046508487817037,0.12549794388099245,s85_source_dag_graph_median_three_seeds,0.05829519033432007,0.003328049337142147,0.1221698945438503
finite_144,finite_144|family_residual_median_three_seeds|s85_source_dag_graph_median_three_seeds|mae_seconds,093af0605e834bf0a4f2aef0b46600d12c6b1c913e791fb13e2513048a6b1c70,0.20758254700922407,family_residual_median_three_seeds,0.2589339851658135,0.051351438156589435,s85_source_dag_graph_median_three_seeds,0.195253387093544,0.012329159915680066,0.03902227824090937
finite_144,finite_144|family_residual_median_three_seeds|s85_source_dag_graph_median_three_seeds|mae_seconds,0a43a3dbe4a4294a007fa7ec167a24ea300d3762489b98245c2f80ad29727075,0.011986159996013157,family_residual_median_three_seeds,0.0,0.011986159996013157,s85_source_dag_graph_median_three_seeds,0.01222284883260727,0.00023668883659411222,0.011749471159419045
finite_144,finite_144|family_residual_median_three_seeds|s85_source_dag_graph_median_three_seeds|mae_seconds,0a43c652a1c92c83389d952438c22aa0d890a611333da29499d6ff1733925b21,0.4963673050078796,family_residual_median_three_seeds,0.3498937025986218,0.14647360240925783,s85_source_dag_graph_median_three_seeds,0.5791693925857544,0.08280208757787477,0.06367151483138306
finite_144,finite_144|family_residual_median_three_seeds|s85_source_dag_graph_median_three_seeds|mae_seconds,0f7836c0a3a429dd9b4f2b55a4fab5d6d112458814cb34efb22309ec614c801f,0.46027592998871114,family_residual_median_three_seeds,0.48672974816770637,0.026453818178995225,s85_source_dag_graph_median_three_seeds,0.45585066080093384,0.004425269187777303,0.022028548991217922
finite_144,finite_144|family_residual_median_three_seeds|s85_source_dag_graph_median_three_seeds|mae_seconds,13721ab5a328b17bf3f8c3692cda844a7e538a8c92530d0c1236f43d3ad5a884,0.016616445005638525,family_residual_median_three_seeds,0.0,0.016616445005638525,s85_source_dag_graph_median_three_seeds,0.020732851698994637,0.004116406693356112,0.012500038312282413
finite_144,finite_144|family_residual_median_three_seeds|s85_source_dag_graph_median_three_seeds|mae_seconds,15e80264fdff1398ab38bbd9144f853a3a2317e95163fda15a1e9ec2657beecb,0.04471942799864337,family_residual_median_three_seeds,0.08569246369062626,0.04097303569198289,s85_source_dag_graph_median_three_seeds,0.06429198384284973,0.019572555844206363,0.02140047984777653
finite_144,finite_144|family_residual_median_three_seeds|s85_source_dag_graph_median_three_seeds|mae_seconds,187d76ac82884dc3202418b0e06077eec26afed0c625b228d76b4416e6bfa480,0.10063730050023878,family_residual_median_three_seeds,0.281360444656549,0.18072314415631024,s85_source_dag_graph_median_three_seeds,0.09571924805641174,0.004918052443827037,0.1758050917124832
finite_144,finite_144|family_residual_median_three_seeds|s85_source_dag_graph_median_three_seeds|mae_seconds,1d76cd981622e5ca02125654d00534f3aec623bbb2b95b7ea894049f76916577,0.03339290199801326,family_residual_median_three_seeds,0.05594061202034884,0.022547710022335583,s85_source_dag_graph_median_three_seeds,0.03199481964111328,0.0013980823568999767,0.021149627665435607
finite_144,finite_144|family_residual_median_three_seeds|s85_source_dag_graph_median_three_seeds|mae_seconds,1dab21c93a580f711efff03a0f4a1d82985cf201219e886ab246e03a9011735c,0.030614501010859385,family_residual_median_three_seeds,0.15842418203219902,0.12780968102133963,s85_source_dag_graph_median_three_seeds,0.03015010617673397,0.0004643948341254145,0.12734528618721422
finite_144,finite_144|family_residual_median_three_seeds|s85_source_dag_graph_median_three_seeds|mae_seconds,212e0f8a693a745c9fc792b876e7be6ddb0ba051c1b0f558e0819e1437a8a2fb,0.0742775899998378,family_residual_median_three_seeds,0.03596590127593234,0.03831168872390546,s85_source_dag_graph_median_three_seeds,0.06481990218162537,0.009457687818212435,0.028854000905693025
finite_144,finite_144|family_residual_median_three_seeds|s85_source_dag_graph_median_three_seeds|mae_seconds,2372d3228c3e3e38e3351feb553380bce5a543c936f73a400de0e54ab470599a,3.311648521994357,family_residual_median_three_seeds,1.4187113978358332,1.8929371241585238,s85_source_dag_graph_median_three_seeds,3.0551862716674805,0.25646225032687653,1.6364748738316472
finite_144,finite_144|family_residual_median_three_seeds|s85_source_dag_graph_median_three_seeds|mae_seconds,23a9403cafedb94bbd2f39d4d9106aca7f890047719b80231d86ac9fb8382383,0.024099282003589906,family_residual_median_three_seeds,0.0,0.024099282003589906,s85_source_dag_graph_median_three_seeds,0.023721283301711082,0.00037799870187882334,0.023721283301711082
finite_144,finite_144|family_residual_median_three_seeds|s85_source_dag_graph_median_three_seeds|mae_seconds,242786b0f7d73c715a317cbdc0725596836f08d98ecd6eb06b3b4ac4f3f563fb,0.012309696001466364,family_residual_median_three_seeds,0.20159669747100029,0.18928700146953392,s85_source_dag_graph_median_three_seeds,0.010783150792121887,0.0015265452093444765,0.18776045626018945
finite_144,finite_144|family_residual_median_three_seeds|s85_source_dag_graph_median_three_seeds|mae_seconds,28b9eac87132bbff64970708737a94c408cfa435ce16cd395a57ab6fbfe5a6f7,0.23104304699518252,family_residual_median_three_seeds,0.48672974816770637,0.25568670117252384,s85_source_dag_graph_median_three_seeds,0.20985954999923706,0.02118349699594546,0.23450320417657838
finite_144,finite_144|family_residual_median_three_seeds|s85_source_dag_graph_median_three_seeds|mae_seconds,2df018ddcd5f44fd33cd5d80af349db5f84e36d6a5f905ef4611e5e5cc0d03f4,0.3517750959872501,family_residual_median_three_seeds,1.5128130725403803,1.1610379765531302,s85_source_dag_graph_median_three_seeds,0.44971179962158203,0.09793670363433193,1.0631012729187983
finite_144,finite_144|family_residual_median_three_seeds|s85_source_dag_graph_median_three_seeds|mae_seconds,2e57556a1b12802c7368ef21e0eb8e5c9863f768a48a9a4d0771725e60b8a616,0.014956789003917947,family_residual_median_three_seeds,0.13985725015357336,0.12490046114965542,s85_source_dag_graph_median_three_seeds,0.017132528126239777,0.002175739122321829,0.12272472202733359
finite_144,finite_144|family_residual_median_three_seeds|s85_source_dag_graph_median_three_seeds|mae_seconds,2f497b92b87e3e9f44c1ae23dfbffc7309c1550756e6829eb694d42dd4f2ed03,0.47254708799300715,family_residual_median_three_seeds,0.7108354544554787,0.23828836646247153,s85_source_dag_graph_median_three_seeds,0.4886528253555298,0.016105737362522632,0.2221826290999489
finite_144,finite_144|family_residual_median_three_seeds|s85_source_dag_graph_median_three_seeds|mae_seconds,3157278e31c54e80e45de35bfb793aac89eb413e21aabe08b2e0e140de8c0d39,1.504265392999514,family_residual_median_three_seeds,1.2199470072797587,0.2843183857197553,s85_source_dag_graph_median_three_seeds,1.5199363231658936,0.01567093016637955,0.26864745555337577
finite_144,finite_144|family_residual_median_three_seeds|s85_source_dag_graph_median_three_seeds|mae_seconds,31f7b2533d8a3c05d59b44a9b2d93f44bc48da630d1884cf9df0012199e10a74,0.28342929399514105,family_residual_median_three_seeds,0.4123984953450263,0.12896920134988527,s85_source_dag_graph_median_three_seeds,0.5030746459960938,0.2196453520009527,-0.09067615065106743
finite_144,finite_144|family_residual_median_three_seeds|s85_source_dag_graph_median_three_seeds|mae_seconds,35548785a9c99b0ad9409f18dfbfc3baed0e1dcbb1d95eae8c8510dcda120410,21.334545064004487,family_residual_median_three_seeds,18.754819439380988,2.5797256246234994,s85_source_dag_graph_median_three_seeds,26.57219886779785,5.237653803793364,-2.657928179169865
finite_144,finite_144|family_residual_median_three_seeds|s85_source_dag_graph_median_three_seeds|mae_seconds,36bb1354ff108648bc8c9c529a2002a53a68e4bfa9bf3529edce11e5d47f851f,0.10353334200044628,family_residual_median_three_seeds,0.0910748857275168,0.012458456272929477,s85_source_dag_graph_median_three_seeds,0.09112047404050827,0.012412867959938012,4.558831299146526e-05
finite_144,finite_144|family_residual_median_three_seeds|s85_source_dag_graph_median_three_seeds|mae_seconds,387f2f6f12a10e034ae5b68c11336a9874e87f20871579eec585bfd7311f38c8,0.0184438720025355,family_residual_median_three_seeds,0.0,0.0184438720025355,s85_source_dag_graph_median_three_seeds,0.018377147614955902,6.672438757959753e-05,0.018377147614955902
finite_144,finite_144|family_residual_median_three_seeds|s85_source_dag_graph_median_three_seeds|mae_seconds,3c0ed99f7e5a0409bdadc636b8b7a5dd911304ccbe2e87b32589b91dd44a6a5a,0.019305075009469874,family_residual_median_three_seeds,0.0,0.019305075009469874,s85_source_dag_graph_median_three_seeds,0.02139424905180931,0.0020891740423394367,0.017215900967130437
finite_144,finite_144|family_residual_median_three_seeds|s85_source_dag_graph_median_three_seeds|mae_seconds,3e4560adf43b5c5102bf22f235abcb9dd2ed5e34930cdb929a128226f96e4ea5,0.02327988899196498,family_residual_median_three_seeds,0.0,0.02327988899196498,s85_source_dag_graph_median_three_seeds,0.01970706880092621,0.0035728201910387725,0.01970706880092621
finite_144,finite_144|family_residual_median_three_seeds|s85_source_dag_graph_median_three_seeds|mae_seconds,433844fca892218b1218ca028aafb0eddf1929d5ca52fdea53b3cb324e4055bd,0.020949395999195985,family_residual_median_three_seeds,0.0,0.020949395999195985,s85_source_dag_graph_median_three_seeds,0.014738605357706547,0.006210790641489439,0.014738605357706547
finite_144,finite_144|family_residual_median_three_seeds|s85_source_dag_graph_median_three_seeds|mae_seconds,451bd8177acaca0301a8bb4d61cb192f26dce1f81d8ab04ca0aded562d525c58,0.13949821100686677,family_residual_median_three_seeds,0.24615014909809554,0.10665193809122878,s85_source_dag_graph_median_three_seeds,0.14005406200885773,0.000555851001990959,0.10609608708923782
finite_144,finite_144|family_residual_median_three_seeds|s85_source_dag_graph_median_three_seeds|mae_seconds,45ca196e391297302c92dc6ea0fd119efa62b2ee88e3b85260561e5fbafa7400,0.04090743300912436,family_residual_median_three_seeds,0.0,0.04090743300912436,s85_source_dag_graph_median_three_seeds,0.04654539376497269,0.005637960755848326,0.035269472253276035
finite_144,finite_144|family_residual_median_three_seeds|s85_source_dag_graph_median_three_seeds|mae_seconds,47e6743e95c380a13dc5947d9e9b3db26e541efabd4a27134ff26aa14c00ba7d,0.0563912090001395,family_residual_median_three_seeds,0.12723865496418088,0.07084744596404138,s85_source_dag_graph_median_three_seeds,0.05614234879612923,0.00024886020401027054,0.07059858576003111
finite_144,finite_144|family_residual_median_three_seeds|s85_source_dag_graph_median_three_seeds|mae_seconds,4b24f68f78c4499a295ab28caa04282d174b7ab2a6b0f5333d3bfe630df72f71,0.014960417000111192,family_residual_median_three_seeds,0.037168538724533864,0.022208121724422672,s85_source_dag_graph_median_three_seeds,0.025183942168951035,0.010223525168839842,0.01198459655558283
finite_144,finite_144|family_residual_median_three_seeds|s85_source_dag_graph_median_three_seeds|mae_seconds,4b5542071ea595cd62184de26c4f1dac3f6afa86f6450f50a28dbe8e1f865257,0.03412146100890823,family_residual_median_three_seeds,0.013531923346404108,0.02058953766250412,s85_source_dag_graph_median_three_seeds,0.030953193083405495,0.0031682679255027324,0.017421269737001387
finite_144,finite_144|family_residual_median_three_seeds|s85_source_dag_graph_median_three_seeds|mae_seconds,4d5b55eb4b8a0aea0af4bde721618cbe79ed66e0636398ffddc79ace483672a6,0.28497167900786735,family_residual_median_three_seeds,0.4542792793519071,0.16930760034403974,s85_source_dag_graph_median_three_seeds,0.3316809833049774,0.046709304297110066,0.12259829604692968
finite_144,finite_144|family_residual_median_three_seeds|s85_source_dag_graph_median_three_seeds|mae_seconds,4dd5e72918722dff3c88e277e20e3ecc1e06dfd0601343e784eeb454470800b7,1.0013418259914033,family_residual_median_three_seeds,0.7108354544554787,0.2905063715359246,s85_source_dag_graph_median_three_seeds,0.9874551892280579,0.01388663676334545,0.2766197347725792
finite_144,finite_144|family_residual_median_three_seeds|s85_source_dag_graph_median_three_seeds|mae_seconds,4df5b36e58378649053c461bf5ee1478fa114ac65c0c14551536b820ce8eafc7,3.2815998400037643,family_residual_median_three_seeds,1.5848654952852863,1.696734344718478,s85_source_dag_graph_median_three_seeds,3.333278179168701,0.051678339164936915,1.645056005553541
finite_144,finite_144|family_residual_median_three_seeds|s85_source_dag_graph_median_three_seeds|mae_seconds,4ee5846eef239e2b0e0d3f950f78b5b4b8af213f0063eb50be6bf50bdbb4385d,0.10320952600159217,family_residual_median_three_seeds,0.09555344607510956,0.007656079926482609,s85_source_dag_graph_median_three_seeds,0.1009044349193573,0.002305091082234867,0.005350988844247742
finite_144,finite_144|family_residual_median_three_seeds|s85_source_dag_graph_median_three_seeds|mae_seconds,4f2368cad1a087f01b7598f13a9afa3b7cea2d6f9e96f79eb390f62213c97af7,0.8480028839985607,family_residual_median_three_seeds,1.0490018003759765,0.20099891637741574,s85_source_dag_graph_median_three_seeds,0.8958851099014282,0.0478822259028675,0.15311669047454823
finite_144,finite_144|family_residual_median_three_seeds|s85_source_dag_graph_median_three_seeds|mae_seconds,50a5fc62010017f60b77f8c81e9ddf9bd95419be272d2ec5ed1445aae0c7ac92,0.01633486799255479,family_residual_median_three_seeds,0.0,0.01633486799255479,s85_source_dag_graph_median_three_seeds,0.01670912466943264,0.0003742566768778488,0.015960611315676942
finite_144,finite_144|family_residual_median_three_seeds|s85_source_dag_graph_median_three_seeds|mae_seconds,51e3c5bc60da502bf92a6ed65a7c728a8b957b427652ac8fdaa002b9afc50d40,0.014999819002696313,family_residual_median_three_seeds,0.0,0.014999819002696313,s85_source_dag_graph_median_three_seeds,0.013701015152037144,0.0012988038506591693,0.013701015152037144
finite_144,finite_144|family_residual_median_three_seeds|s85_source_dag_graph_median_three_seeds|mae_seconds,551dfe6ad672d4157a761610fc4c1061ea844868f2106407374764552251d63a,0.03428567500668578,family_residual_median_three_seeds,0.1316083268170087,0.09732265181032293,s85_source_dag_graph_median_three_seeds,0.027201609686017036,0.007084065320668742,0.09023858648965419
finite_144,finite_144|family_residual_median_three_seeds|s85_source_dag_graph_median_three_seeds|mae_seconds,55746e6a2fd8d9c4b8c813443f2db46b072f75db1632dd252298c735fbc72bf0,0.00960345049679745,family_residual_median_three_seeds,0.0,0.00960345049679745,s85_source_dag_graph_median_three_seeds,0.00510244257748127,0.00450100791931618,0.00510244257748127
finite_144,finite_144|family_residual_median_three_seeds|s85_source_dag_graph_median_three_seeds|mae_seconds,56289d5fdefe63c89244b0849f2e22753ce30832776d74b79de4603006db32f4,0.01758937099657487,family_residual_median_three_seeds,0.014099099715910939,0.0034902712806639327,s85_source_dag_graph_median_three_seeds,0.017508387565612793,8.098343096207827e-05,0.0034092878497018544
finite_144,finite_144|family_residual_median_three_seeds|s85_source_dag_graph_median_three_seeds|mae_seconds,568570a69663949a1aaac2fe16e74d3d065c7a8e6013e21368a9d8add886d6dc,0.1977772670070408,family_residual_median_three_seeds,0.45259658965133065,0.25481932264428986,s85_source_dag_graph_median_three_seeds,0.2075430154800415,0.009765748473000713,0.24505357417128915
finite_144,finite_144|family_residual_median_three_seeds|s85_source_dag_graph_median_three_seeds|mae_seconds,58501be4f197f4efd57535977a245f6adb39216116363b46836664cd6ca29e10,0.029995589997270145,family_residual_median_three_seeds,0.126535207714728,0.09653961771745787,s85_source_dag_graph_median_three_seeds,0.04076659306883812,0.010771003071567975,0.08576861464588989
finite_144,finite_144|family_residual_median_three_seeds|s85_source_dag_graph_median_three_seeds|mae_seconds,585424315575b559a664523f6ce6236189739069b3872eea4ccdb995a29f8701,0.20420224498957396,family_residual_median_three_seeds,0.38571768259604583,0.18151543760647187,s85_source_dag_graph_median_three_seeds,0.17992278933525085,0.0242794556543231,0.15723598195214877
finite_144,finite_144|family_residual_median_three_seeds|s85_source_dag_graph_median_three_seeds|mae_seconds,5ab4253ed51b729f331c9f3cc78bfecd3ecb2fed2e98818816bf3f64e22f1bfe,0.021421116005512886,family_residual_median_three_seeds,0.0,0.021421116005512886,s85_source_dag_graph_median_three_seeds,0.02661571279168129,0.005194596786168404,0.016226519219344482
finite_144,finite_144|family_residual_median_three_seeds|s85_source_dag_graph_median_three_seeds|mae_seconds,5d3cc38ff0e2b9054c927b6309c6a8dfaba491733eab08b06cc06f2d333da23d,0.19827942800475284,family_residual_median_three_seeds,0.38418626439660014,0.1859068363918473,s85_source_dag_graph_median_three_seeds,0.3083931803703308,0.11011375236557797,0.07579308402626933
finite_144,finite_144|family_residual_median_three_seeds|s85_source_dag_graph_median_three_seeds|mae_seconds,615d076a941f3eec9d225a20b894c8d30a0c90d4834d03fa0ebd5d13e4b46ded,2.4260954790079268,family_residual_median_three_seeds,1.727494759223515,0.6986007197844117,s85_source_dag_graph_median_three_seeds,2.5542142391204834,0.12811876011255663,0.5704819596718551
finite_144,finite_144|family_residual_median_three_seeds|s85_source_dag_graph_median_three_seeds|mae_seconds,63b92ee6c5b54da107e9016de97e2cb7768bfb970ebc025650706533e47d3caf,0.04374370000732597,family_residual_median_three_seeds,0.2455934237970936,0.20184972378976762,s85_source_dag_graph_median_three_seeds,0.04244038835167885,0.0013033116556471214,0.2005464121341205
finite_144,finite_144|family_residual_median_three_seeds|s85_source_dag_graph_median_three_seeds|mae_seconds,66c9180a271ec04f728ab259ed86a24fe52676e6f40a7614b02f79fd13536c91,0.01599400099075865,family_residual_median_three_seeds,0.0,0.01599400099075865,s85_source_dag_graph_median_three_seeds,0.0161731019616127,0.0001791009708540514,0.0158149000199046
finite_144,finite_144|family_residual_median_three_seeds|s85_source_dag_graph_median_three_seeds|mae_seconds,6a475a20ac3d09839e2b43104ca187037db5ff813b811e0d7356adac93d25244,0.25500052400457207,family_residual_median_three_seeds,0.11072256478808638,0.14427795921648567,s85_source_dag_graph_median_three_seeds,0.13772054016590118,0.11727998383867089,0.026997975377814787
finite_144,finite_144|family_residual_median_three_seeds|s85_source_dag_graph_median_three_seeds|mae_seconds,6b2f9fea850557b40ca9b69341ec300b1c4fe1f4bf53e94436af2ba1586bac62,0.02461252300417982,family_residual_median_three_seeds,0.0,0.02461252300417982,s85_source_dag_graph_median_three_seeds,0.024250103160738945,0.0003624198434408754,0.024250103160738945
finite_144,finite_144|family_residual_median_three_seeds|s85_source_dag_graph_median_three_seeds|mae_seconds,6cf91acdbcfc0321d1ffcee7c2197fec29f2b9dd83e7c3b56dbe8d583332ccdb,1.1965577070077416,family_residual_median_three_seeds,0.984756094412321,0.21180161259542052,s85_source_dag_graph_median_three_seeds,1.1758373975753784,0.020720309432363138,0.19108130316305738
finite_144,finite_144|family_residual_median_three_seeds|s85_source_dag_graph_median_three_seeds|mae_seconds,6e066adb38de82d96650b3f806e398374e88912fd4688ab9c98f3c94dcd33e16,0.03593193899723701,family_residual_median_three_seeds,0.33284301486286355,0.29691107586562654,s85_source_dag_graph_median_three_seeds,0.11645116657018661,0.0805192275729496,0.21639184829267694
finite_144,finite_144|family_residual_median_three_seeds|s85_source_dag_graph_median_three_seeds|mae_seconds,720a3cec5f9b39a53aa0d59f0ecc24f42f2948fbe56164a033262c628e2ba875,0.6676088839885779,family_residual_median_three_seeds,0.7157930407099575,0.048184156721379656,s85_source_dag_graph_median_three_seeds,0.6125504970550537,0.05505838693352416,-0.006874230212144505
finite_144,finite_144|family_residual_median_three_seeds|s85_source_dag_graph_median_three_seeds|mae_seconds,7344fd4d264c475e52edca02e3426225c78af7ed0bdaae137741a04685725a5d,0.011170979007147253,family_residual_median_three_seeds,0.0,0.011170979007147253,s85_source_dag_graph_median_three_seeds,0.012159617617726326,0.0009886386105790734,0.010182340396568179
finite_144,finite_144|family_residual_median_three_seeds|s85_source_dag_graph_median_three_seeds|mae_seconds,73abe6179f1e84e36777e1d953028143ee3ff00662ddb793d55022d9344b4940,9.536654898009147,family_residual_median_three_seeds,10.875506556055107,1.3388516580459608,s85_source_dag_graph_median_three_seeds,9.762731552124023,0.22607665411487687,1.112775003931084
finite_144,finite_144|family_residual_median_three_seeds|s85_source_dag_graph_median_three_seeds|mae_seconds,7478da09664f4489c33c18a6ea1974cc9dea86d1adda1f912c3eaeff27c2d5fa,0.055610037001315504,family_residual_median_three_seeds,0.0,0.055610037001315504,s85_source_dag_graph_median_three_seeds,0.06443414837121964,0.00882411136990413,0.046785925631411374
finite_144,finite_144|family_residual_median_three_seeds|s85_source_dag_graph_median_three_seeds|mae_seconds,75b1db396e34d1f1b234ea8dcdc253203a770cecce7f48bb8a126860723c43df,0.013813976998790167,family_residual_median_three_seeds,0.03189405081703532,0.018080073818245154,s85_source_dag_graph_median_three_seeds,0.008702480234205723,0.0051114967645844445,0.01296857705366071
finite_144,finite_144|family_residual_median_three_seeds|s85_source_dag_graph_median_three_seeds|mae_seconds,78d3420407751ab52a65abe926510d585ebd3a5d1934ac31c13b28eca5c5ee8a,0.6137206630082801,family_residual_median_three_seeds,0.4973250338429028,0.11639562916537732,s85_source_dag_graph_median_three_seeds,0.5986535549163818,0.015067108091898263,0.10132852107347906
finite_144,finite_144|family_residual_median_three_seeds|s85_source_dag_graph_median_three_seeds|mae_seconds,78ecec267502f433ab148452979221600becf679520b50ad454009e0ca097af5,0.9436662789958064,family_residual_median_three_seeds,0.8594974321256941,0.08416884687011228,s85_source_dag_graph_median_three_seeds,1.0461530685424805,0.10248678954667412,-0.018317942676561838
finite_144,finite_144|family_residual_median_three_seeds|s85_source_dag_graph_median_three_seeds|mae_seconds,79b8fdfbfe6897a226612f9b9e27a4533aac4b48258335fb7746c5f10989cedc,0.03340627049328759,family_residual_median_three_seeds,0.07224966213126505,0.038843391637977454,s85_source_dag_graph_median_three_seeds,0.03449387103319168,0.0010876005399040878,0.037755791098073366
finite_144,finite_144|family_residual_median_three_seeds|s85_source_dag_graph_median_three_seeds|mae_seconds,7b944ad7e38d98fae66177b6c014ae2878d62bcd1765103c19941653817e7996,0.028299986995989457,family_residual_median_three_seeds,0.014707842778050836,0.01359214421793862,s85_source_dag_graph_median_three_seeds,0.026791652664542198,0.0015083343314472586,0.012083809886491362
finite_144,finite_144|family_residual_median_three_seeds|s85_source_dag_graph_median_three_seeds|mae_seconds,7c8832728feaaf34fac1fda49dfcbfbf655902b5b4eb3f1b11e43f21d15de5bf,0.18511410600331146,family_residual_median_three_seeds,0.1717594157661199,0.013354690237191574,s85_source_dag_graph_median_three_seeds,0.19940342009067535,0.014289314087363891,-0.000934623850172317
finite_144,finite_144|family_residual_median_three_seeds|s85_source_dag_graph_median_three_seeds|mae_seconds,7dafebd46e73b9b279f1ef96da32f7d563de3721b856b4570375ab81951e06fc,0.48330739499942865,family_residual_median_three_seeds,0.6687760350366655,0.18546864003723684,s85_source_dag_graph_median_three_seeds,0.451469361782074,0.03183803321735468,0.15363060681988217
finite_144,finite_144|family_residual_median_three_seeds|s85_source_dag_graph_median_three_seeds|mae_seconds,7e02b8d5bbea94c5e0eabb2edd6a74e15949ae6b737fabb55e66a61d47181912,1.295461602989235,family_residual_median_three_seeds,6.450159596859992,5.154697993870757,s85_source_dag_graph_median_three_seeds,1.364282488822937,0.06882088583370205,5.085877108037055
finite_144,finite_144|family_residual_median_three_seeds|s85_source_dag_graph_median_three_seeds|mae_seconds,7f613ccae98ac8124d086ee9a39d94b1ed019520da8c3277395b109fd22d7d4d,0.021900085994275287,family_residual_median_three_seeds,0.023870923978741153,0.001970837984465866,s85_source_dag_graph_median_three_seeds,0.01566716656088829,0.006232919433386996,-0.00426208144892113
finite_144,finite_144|family_residual_median_three_seeds|s85_source_dag_graph_median_three_seeds|mae_seconds,7fabc879bc998db5c05d7cc5b83db2d1704d7587139b714da9cf82639f4f093e,0.10285567400569562,family_residual_median_three_seeds,0.1638529284989023,0.06099725449320667,s85_source_dag_graph_median_three_seeds,0.10407890379428864,0.0012232297885930166,0.059774024704613654
finite_144,finite_144|family_residual_median_three_seeds|s85_source_dag_graph_median_three_seeds|mae_seconds,806f1844d225682cd7d5d0b276b5567caa23697f73064d8a20347024bb03fe40,0.01652392249525292,family_residual_median_three_seeds,0.0,0.01652392249525292,s85_source_dag_graph_median_three_seeds,0.009864024817943573,0.0066598976773093455,0.009864024817943573
finite_144,finite_144|family_residual_median_three_seeds|s85_source_dag_graph_median_three_seeds|mae_seconds,81a66b1daaf97d148a8a075515daf8702349d257883a1dd88e26993c1622351f,0.5699010470125359,family_residual_median_three_seeds,0.44398278197291735,0.1259182650396185,s85_source_dag_graph_median_three_seeds,0.32962191104888916,0.2402791359636467,-0.11436087092402819
finite_144,finite_144|family_residual_median_three_seeds|s85_source_dag_graph_median_three_seeds|mae_seconds,82da8e687716ed31c95e72560edb07e7f6073a5be0f5ebffb17d22aff22c81fd,0.3460227089963155,family_residual_median_three_seeds,0.3232834906724892,0.022739218323826305,s85_source_dag_graph_median_three_seeds,0.22218507528305054,0.12383763371326495,-0.10109841538943865
finite_144,finite_144|family_residual_median_three_seeds|s85_source_dag_graph_median_three_seeds|mae_seconds,84c07c56eef046e3c72823b20fb674075b1ab68a85dc6a06baf7f35983e2bd17,0.036921663995599374,family_residual_median_three_seeds,0.3704817235488991,0.3335600595532997,s85_source_dag_graph_median_three_seeds,0.07013466209173203,0.03321299809613265,0.30034706145716705
finite_144,finite_144|family_residual_median_three_seeds|s85_source_dag_graph_median_three_seeds|mae_seconds,8711737782301f568af1980707e62c989655488357aa858d6c63bb8e206ae4fc,0.45572497400280554,family_residual_median_three_seeds,0.3373909203891409,0.11833405361366461,s85_source_dag_graph_median_three_seeds,0.3918682932853699,0.06385668071743567,0.05447737289622895
finite_144,finite_144|family_residual_median_three_seeds|s85_source_dag_graph_median_three_seeds|mae_seconds,8c7594c05053bb7af0015bd637170a669e9d39c1da6edce6a769992b6ef5c9cb,0.029765535990009084,family_residual_median_three_seeds,0.0,0.029765535990009084,s85_source_dag_graph_median_three_seeds,0.0326743945479393,0.002908858557930216,0.026856677432078868
finite_144,finite_144|family_residual_median_three_seeds|s85_source_dag_graph_median_three_seeds|mae_seconds,8d3b3ff10a3a80d0dda4e7043cce2b222aaf9e3cc19caa194b8e87da40266ac5,0.22089128849620465,family_residual_median_three_seeds,0.4582193975466031,0.23732810905039847,s85_source_dag_graph_median_three_seeds,0.22053739428520203,0.0003538942110026255,0.23697421483939585
finite_144,finite_144|family_residual_median_three_seeds|s85_source_dag_graph_median_three_seeds|mae_seconds,8e1c1014680274215f87d97c833f99474ed19b3393b2b8eea20a36bde517708b,0.23596165100752842,family_residual_median_three_seeds,0.2589575098967248,0.022995858889196363,s85_source_dag_graph_median_three_seeds,0.351173460483551,0.11521180947602261,-0.09221595058682625
finite_144,finite_144|family_residual_median_three_seeds|s85_source_dag_graph_median_three_seeds|mae_seconds,8e4821df72704634cb81ea4d738477a8d596a49cba641e6198fdc9970e1d5d2f,0.10458056299830787,family_residual_median_three_seeds,0.18191659585553593,0.07733603285722807,s85_source_dag_graph_median_three_seeds,0.09584888815879822,0.008731674839509651,0.06860435801771841
finite_144,finite_144|family_residual_median_three_seeds|s85_source_dag_graph_median_three_seeds|mae_seconds,8ea085ea0c0185c560746ab5988221e203c457e2afbb475976fb99f718e2dad1,1.4953874835046008,family_residual_median_three_seeds,1.2256286401044054,0.2697588434001954,s85_source_dag_graph_median_three_seeds,1.5078225135803223,0.012435030075721443,0.25732381332447396
finite_144,finite_144|family_residual_median_three_seeds|s85_source_dag_graph_median_three_seeds|mae_seconds,8f11cd416ae9672f06a39e5ee3a27a70bcbf31d7177cb47270c0cd8512c95381,0.13935058600327466,family_residual_median_three_seeds,0.2343982782071923,0.09504769220391765,s85_source_dag_graph_median_three_seeds,0.13657096028327942,0.002779625719995238,0.09226806648392241
finite_144,finite_144|family_residual_median_three_seeds|s85_source_dag_graph_median_three_seeds|mae_seconds,8ffee9c3a3af1aeaa766f38df57fcb62de5efa16d7f328d60a8977cb0da39e22,0.5239883729955181,family_residual_median_three_seeds,0.7528054280242976,0.22881705502877947,s85_source_dag_graph_median_three_seeds,0.587365984916687,0.06337761192116886,0.1654394431076106
finite_144,finite_144|family_residual_median_three_seeds|s85_source_dag_graph_median_three_seeds|mae_seconds,9110b8773ad1c544b5ec91feaaa99c96975f7577fe6966b0f0df52dab84bef92,0.02539949499623617,family_residual_median_three_seeds,0.0,0.02539949499623617,s85_source_dag_graph_median_three_seeds,0.07510752230882645,0.049708027312590275,-0.024308532316354103
finite_144,finite_144|family_residual_median_three_seeds|s85_source_dag_graph_median_three_seeds|mae_seconds,92c02520f591e3d46218c6839b62acb2a1d5fbcc2ceba197b9265653f1737b24,0.01813236800080631,family_residual_median_three_seeds,0.0,0.01813236800080631,s85_source_dag_graph_median_three_seeds,0.01663355529308319,0.0014988127077231184,0.01663355529308319
finite_144,finite_144|family_residual_median_three_seeds|s85_source_dag_graph_median_three_seeds|mae_seconds,93eff191c23e0c3d13a127f38595909e7092290f5119c9be24a1ccc61fff5767,1.6046517960057827,family_residual_median_three_seeds,0.8668871274703281,0.7377646685354545,s85_source_dag_graph_median_three_seeds,1.2456051111221313,0.3590466848836513,0.3787179836518032
finite_144,finite_144|family_residual_median_three_seeds|s85_source_dag_graph_median_three_seeds|mae_seconds,9649572da691c86252b1620cba73350902b9ba3cf4dbdb3fb2e3531588da98c4,0.07614758700947277,family_residual_median_three_seeds,0.0,0.07614758700947277,s85_source_dag_graph_median_three_seeds,0.06268534809350967,0.013462238915963098,0.06268534809350967
finite_144,finite_144|family_residual_median_three_seeds|s85_source_dag_graph_median_three_seeds|mae_seconds,97bdbd3569346cfa4a289ced5de0f3280a495266d423a3af48650bf01484b9be,3.5094549999921583,family_residual_median_three_seeds,4.907584364882597,1.3981293648904387,s85_source_dag_graph_median_three_seeds,3.7799267768859863,0.27047177689382806,1.1276575879966106
finite_144,finite_144|family_residual_median_three_seeds|s85_source_dag_graph_median_three_seeds|mae_seconds,99e0865dc3fced630c02b5b2710b24fd9257ba31d54112cde08a769e974f53c4,0.8848653770110104,family_residual_median_three_seeds,0.9351901737222084,0.05032479671119794,s85_source_dag_graph_median_three_seeds,0.8634864091873169,0.02137896782369353,0.02894582888750441
finite_144,finite_144|family_residual_median_three_seeds|s85_source_dag_graph_median_three_seeds|mae_seconds,9b4261e2d98678946a9aefea16ba9b8abcae8409f8589f8fb3daa941694f88c6,0.05269318800128531,family_residual_median_three_seeds,0.06535389468215709,0.012660706680871783,s85_source_dag_graph_median_three_seeds,0.045929204672575,0.00676398332871031,0.005896723352161473
finite_144,finite_144|family_residual_median_three_seeds|s85_source_dag_graph_median_three_seeds|mae_seconds,9fc54c185186ff8c504ebdac4e3fa109beb4cf46f86196a3376b3153a7f72962,0.056531766007537954,family_residual_median_three_seeds,0.4723256630183438,0.4157938970108058,s85_source_dag_graph_median_three_seeds,0.02242656610906124,0.03410519989847671,0.3816886971123291
finite_144,finite_144|family_residual_median_three_seeds|s85_source_dag_graph_median_three_seeds|mae_seconds,a3b7d67bad6cd47cb522addfaf763294b1ea99017f443c03052055a2f0074009,79.91749536799034,family_residual_median_three_seeds,21.395803682933128,58.52169168505721,s85_source_dag_graph_median_three_seeds,54.821102142333984,25.096393225656357,33.42529845940086
finite_144,finite_144|family_residual_median_three_seeds|s85_source_dag_graph_median_three_seeds|mae_seconds,a4a7b8b8d556570de9ea2db286aaa4245fa50f4619f25f0f7414b16d503458d8,0.953442771002301,family_residual_median_three_seeds,0.4102551186091743,0.5431876523931267,s85_source_dag_graph_median_three_seeds,0.6274430751800537,0.3259996958222473,0.21718795657087941
finite_144,finite_144|family_residual_median_three_seeds|s85_source_dag_graph_median_three_seeds|mae_seconds,a53b2a3a1ba8397a96b487c44f825f3cab2e0c714b69298f2ab0a839975b173c,5.230783803999657,family_residual_median_three_seeds,1.5383935727892943,3.6923902312103625,s85_source_dag_graph_median_three_seeds,4.834343433380127,0.39644037061952986,3.2959498605908326
finite_144,finite_144|family_residual_median_three_seeds|s85_source_dag_graph_median_three_seeds|mae_seconds,a70c5b796698f145c5992d324b3a0b5e28eb7301e6f306652a316a55c68f1ae8,0.35253910499159247,family_residual_median_three_seeds,0.3587972249572899,0.006258119965697417,s85_source_dag_graph_median_three_seeds,0.3498445749282837,0.0026945300633087754,0.003563589902388642
finite_144,finite_144|family_residual_median_three_seeds|s85_source_dag_graph_median_three_seeds|mae_seconds,aa91238ec5978b739b87b3a657746a8786de113397a5abeadf726d1dd9c836b3,0.012801228993339464,family_residual_median_three_seeds,0.0,0.012801228993339464,s85_source_dag_graph_median_three_seeds,0.012589589692652225,0.00021163930068723857,0.012589589692652225
finite_144,finite_144|family_residual_median_three_seeds|s85_source_dag_graph_median_three_seeds|mae_seconds,abe368f160ce73db792b3af14a6e120eda4838b15f01376daa204a680d07c5bc,0.0869559359998675,family_residual_median_three_seeds,0.15401072505049065,0.06705478905062315,s85_source_dag_graph_median_three_seeds,0.08899105340242386,0.0020351174025563523,0.0650196716480668
finite_144,finite_144|family_residual_median_three_seeds|s85_source_dag_graph_median_three_seeds|mae_seconds,acacd76111e7f23e4224342ca0ab5340b1bdaad3b6eba8893e4036ba14896362,0.012050335993990302,family_residual_median_three_seeds,0.0,0.012050335993990302,s85_source_dag_graph_median_three_seeds,0.007710797246545553,0.004339538747444749,0.007710797246545553
finite_144,finite_144|family_residual_median_three_seeds|s85_source_dag_graph_median_three_seeds|mae_seconds,af19d23c83544c8b7f6be5c42e0254336c9902c1ef454c06b9d45c4582d2fd3d,0.8332175344985444,family_residual_median_three_seeds,1.0490018003759765,0.21578426587743205,s85_source_dag_graph_median_three_seeds,0.8700469136238098,0.036829379125265405,0.17895488675216664
finite_144,finite_144|family_residual_median_three_seeds|s85_source_dag_graph_median_three_seeds|mae_seconds,af7e7c49ba06f5c554580173d3dcd73bc9d5a9dd9c6e3d3cd8c94d494fa4b969,0.02617017799639143,family_residual_median_three_seeds,0.0,0.02617017799639143,s85_source_dag_graph_median_three_seeds,0.026511257514357567,0.00034107951796613634,0.025829098478425294
finite_144,finite_144|family_residual_median_three_seeds|s85_source_dag_graph_median_three_seeds|mae_seconds,afa0cd93480bae81feca2afdcb909ab13c2934f76b139c27872b18658e5c1f28,0.018968898002640344,family_residual_median_three_seeds,0.0,0.018968898002640344,s85_source_dag_graph_median_three_seeds,0.02000323310494423,0.001034335102303885,0.01793456290033646
finite_144,finite_144|family_residual_median_three_seeds|s85_source_dag_graph_median_three_seeds|mae_seconds,b23a0318d268fcffc78b4f6ce920c98f33487ec34a71cf7b6225b9b6eb93f1bb,24.846454593003727,family_residual_median_three_seeds,17.269964313967368,7.57649027903636,s85_source_dag_graph_median_three_seeds,25.84378433227539,0.9973297392716631,6.579160539764697
finite_144,finite_144|family_residual_median_three_seeds|s85_source_dag_graph_median_three_seeds|mae_seconds,b5736e26e119a619b687dcc0cf8065475e3805bc0c6180b480e0e36badc289db,0.04377779198694043,family_residual_median_three_seeds,0.09311598763431352,0.04933819564737309,s85_source_dag_graph_median_three_seeds,0.027322327718138695,0.016455464268801734,0.03288273137857135
finite_144,finite_144|family_residual_median_three_seeds|s85_source_dag_graph_median_three_seeds|mae_seconds,b5f6ad96b1eb0fc9087c079e22e8a91398b460e24d616ed0d8829247aee24f18,0.017304453009273857,family_residual_median_three_seeds,0.13584315739579242,0.11853870438651856,s85_source_dag_graph_median_three_seeds,0.034355293959379196,0.01705084095010534,0.10148786343641322
finite_144,finite_144|family_residual_median_three_seeds|s85_source_dag_graph_median_three_seeds|mae_seconds,b6a15d3507225e442ed02c90df5179f09c529df7bf5ee38a8005cc265f4203a6,4.261887058994034,family_residual_median_three_seeds,9.908903559372966,5.647016500378932,s85_source_dag_graph_median_three_seeds,5.542008876800537,1.2801218178065028,4.366894682572429
finite_144,finite_144|family_residual_median_three_seeds|s85_source_dag_graph_median_three_seeds|mae_seconds,b6afb1122e1baece13144a1d0da78738759129107f453e9579e99e8789e057fe,0.047061582998139784,family_residual_median_three_seeds,0.20770464131252386,0.16064305831438408,s85_source_dag_graph_median_three_seeds,0.0293405894190073,0.017720993579132482,0.1429220647352516
finite_144,finite_144|family_residual_median_three_seeds|s85_source_dag_graph_median_three_seeds|mae_seconds,bbafe35368c1a915635c383f6aaa4ec709a7c6e055550875d4de11ca0983dbb5,0.04260586100281216,family_residual_median_three_seeds,0.4425203226521554,0.39991446164934324,s85_source_dag_graph_median_three_seeds,0.22765463590621948,0.18504877490340732,0.21486568674593592
finite_144,finite_144|family_residual_median_three_seeds|s85_source_dag_graph_median_three_seeds|mae_seconds,bc77f4afad8bbb19a6b320c11bc8f8110a330e395e5c509895e0b6c566cab5e9,0.02530120700248517,family_residual_median_three_seeds,0.013775811974916114,0.011525395027569057,s85_source_dag_graph_median_three_seeds,0.02250414714217186,0.0027970598603133112,0.008728335167255746
finite_144,finite_144|family_residual_median_three_seeds|s85_source_dag_graph_median_three_seeds|mae_seconds,bc8cb33a3a242fb3ab35191a36313674faaca8fe1839cfa05d79788052424d1d,0.016875350003829226,family_residual_median_three_seeds,0.0,0.016875350003829226,s85_source_dag_graph_median_three_seeds,0.014164700172841549,0.002710649830987677,0.014164700172841549
finite_144,finite_144|family_residual_median_three_seeds|s85_source_dag_graph_median_three_seeds|mae_seconds,bdd8a427e9747bbc01ad8e77a22d61f0314fe8db0de17786839f2193ab0928bd,2.3824428014922887,family_residual_median_three_seeds,1.5383935727892943,0.8440492287029944,s85_source_dag_graph_median_three_seeds,2.312180757522583,0.0702620439697057,0.7737871847332887
finite_144,finite_144|family_residual_median_three_seeds|s85_source_dag_graph_median_three_seeds|mae_seconds,c1572e3b6e41c965a5943c21ceacdbad56fc868b4ee02ff4ef8af2d2054a0602,0.22925455200311262,family_residual_median_three_seeds,0.48672974816770637,0.25747519616459374,s85_source_dag_graph_median_three_seeds,0.2299228012561798,0.000668249253067188,0.25680694691152656
finite_144,finite_144|family_residual_median_three_seeds|s85_source_dag_graph_median_three_seeds|mae_seconds,c658b0f6c564cc6b7d6d48105e5567caf0660181ca2dbad8b9bdbdd353962fd6,0.11542836799344514,family_residual_median_three_seeds,0.11417256714852043,0.001255800844924701,s85_source_dag_graph_median_three_seeds,0.10151311010122299,0.013915257892222144,-0.012659457047297443
finite_144,finite_144|family_residual_median_three_seeds|s85_source_dag_graph_median_three_seeds|mae_seconds,c67a77f55c658ad1270fd52c8cbc66319b72ceaa5ca5d4015d775b44e8edd85a,0.014848140999674797,family_residual_median_three_seeds,0.0,0.014848140999674797,s85_source_dag_graph_median_three_seeds,0.01813655160367489,0.0032884106040000916,0.011559730395674706
finite_144,finite_144|family_residual_median_three_seeds|s85_source_dag_graph_median_three_seeds|mae_seconds,c69c35c09a4dcfe7dd09af0b73be8e5f608531bf0baadd794f6861bcf237e40c,0.033591554005397484,family_residual_median_three_seeds,0.07224966213126505,0.03865810812586756,s85_source_dag_graph_median_three_seeds,0.037660885602235794,0.00406933159683831,0.03458877652902925
finite_144,finite_144|family_residual_median_three_seeds|s85_source_dag_graph_median_three_seeds|mae_seconds,c6ee0cb7c958cecf010796ce2ad0bb148b9fd660dd52393972c541d9ae422eca,2.3875844230060466,family_residual_median_three_seeds,1.4960336997242183,0.8915507232818283,s85_source_dag_graph_median_three_seeds,2.451683282852173,0.06409885984612629,0.827451863435702
finite_144,finite_144|family_residual_median_three_seeds|s85_source_dag_graph_median_three_seeds|mae_seconds,c9931425f0767057491a7e6ab8f1ed937fde917a862097440f57606892bddde9,0.4793449594944832,family_residual_median_three_seeds,0.6687760350366655,0.1894310755421823,s85_source_dag_graph_median_three_seeds,0.4434528052806854,0.03589215421379777,0.15353892132838454
finite_144,finite_144|family_residual_median_three_seeds|s85_source_dag_graph_median_three_seeds|mae_seconds,cbe1ca5505b485bd87b2e68f2b38ecae377e29f823c30e4c44d3f5f87d4266f7,0.09876574200461619,family_residual_median_three_seeds,0.1289313991732116,0.030165657168595428,s85_source_dag_graph_median_three_seeds,0.09387921541929245,0.004886526585323736,0.02527913058327169
finite_144,finite_144|family_residual_median_three_seeds|s85_source_dag_graph_median_three_seeds|mae_seconds,cfadb6828c07bfc2fac00ca0c9c03935e927b88961597b69936fc199a094b9ea,0.017487927005277015,family_residual_median_three_seeds,0.0,0.017487927005277015,s85_source_dag_graph_median_three_seeds,0.022799400612711906,0.005311473607434891,0.012176453397842124
finite_144,finite_144|family_residual_median_three_seeds|s85_source_dag_graph_median_three_seeds|mae_seconds,d06936015124a75ae15e1f94eeb54cc51ab24596726b8110765a69ba66d0e80a,0.1259611449931981,family_residual_median_three_seeds,0.1645312627057568,0.038570117712558694,s85_source_dag_graph_median_three_seeds,0.14269474148750305,0.016733596494304948,0.021836521218253746
finite_144,finite_144|family_residual_median_three_seeds|s85_source_dag_graph_median_three_seeds|mae_seconds,d506e52d304853cd9e55834d3112505279aa22e89e70aa7c00dfc57caad3c72c,0.3110688500019023,family_residual_median_three_seeds,0.6051702496370219,0.2941013996351196,s85_source_dag_graph_median_three_seeds,0.308599054813385,0.0024697951885173097,0.2916316044466023
finite_144,finite_144|family_residual_median_three_seeds|s85_source_dag_graph_median_three_seeds|mae_seconds,d7a22ac29418bcf9f00346732fe1b985f8e0b9df60273404dabbf4a62027715f,0.04994272699696012,family_residual_median_three_seeds,0.0,0.04994272699696012,s85_source_dag_graph_median_three_seeds,0.0508776418864727,0.0009349148895125836,0.049007812107447535
finite_144,finite_144|family_residual_median_three_seeds|s85_source_dag_graph_median_three_seeds|mae_seconds,d7ecd343052e510bdf5fa0f67f2fdbc3ee5ddccd19f39548c2853114a94dece2,0.032444068987388164,family_residual_median_three_seeds,0.0,0.032444068987388164,s85_source_dag_graph_median_three_seeds,0.029696865007281303,0.0027472039801068604,0.029696865007281303
finite_144,finite_144|family_residual_median_three_seeds|s85_source_dag_graph_median_three_seeds|mae_seconds,db0e077b1674f90860a270d014aa8226822880dbf36c819dad0bea17881b7eb5,0.09164552399306558,family_residual_median_three_seeds,0.39076557536105244,0.29912005136798686,s85_source_dag_graph_median_three_seeds,0.019261328503489494,0.07238419548957609,0.22673585587841077
finite_144,finite_144|family_residual_median_three_seeds|s85_source_dag_graph_median_three_seeds|mae_seconds,dbfb4dd8bf80cda30461759a3169ec60ac535a27409cf938f691179c6a121ebd,0.025913477991707623,family_residual_median_three_seeds,0.16736808868946526,0.14145461069775764,s85_source_dag_graph_median_three_seeds,0.037521012127399445,0.011607534135691822,0.12984707656206582
finite_144,finite_144|family_residual_median_three_seeds|s85_source_dag_graph_median_three_seeds|mae_seconds,dc97062e3adcbcaf813cae5e970c8a0357a239b8d4a09e77a4e3e4625532d209,0.022582220000913367,family_residual_median_three_seeds,0.0,0.022582220000913367,s85_source_dag_graph_median_three_seeds,0.019132960587739944,0.0034492594131734222,0.019132960587739944
finite_144,finite_144|family_residual_median_three_seeds|s85_source_dag_graph_median_three_seeds|mae_seconds,dd514cba6fbc94c48a3eb8f2ff2210ef74259e76e7f796394066418bfd93ee86,0.987846089003142,family_residual_median_three_seeds,1.1611524583150958,0.17330636931195387,s85_source_dag_graph_median_three_seeds,1.1743173599243164,0.18647127092117444,-0.01316490160922057
finite_144,finite_144|family_residual_median_three_seeds|s85_source_dag_graph_median_three_seeds|mae_seconds,de4639e0b84f220ce7281521fbce5104129cc70befb85198bf93def8d4ba7a65,0.012442961990018375,family_residual_median_three_seeds,0.0,0.012442961990018375,s85_source_dag_graph_median_three_seeds,0.015525168739259243,0.003082206749240868,0.009360755240777507
finite_144,finite_144|family_residual_median_three_seeds|s85_source_dag_graph_median_three_seeds|mae_seconds,de56c0798eca25bd1510d4d10f11e996f0bad2a11ce94a265da0635c161cbcae,0.013786837997031398,family_residual_median_three_seeds,0.012622825429487514,0.0011640125675438841,s85_source_dag_graph_median_three_seeds,0.014849666506052017,0.001062828509020619,0.00010118405852326505
finite_144,finite_144|family_residual_median_three_seeds|s85_source_dag_graph_median_three_seeds|mae_seconds,e0c3acec67c0fb535add575a46e01889b30ec7970005214fd2188b94ae3a55a5,0.30664109998906497,family_residual_median_three_seeds,0.5262795158501156,0.2196384158610506,s85_source_dag_graph_median_three_seeds,0.43323129415512085,0.12659019416605588,0.09304822169499471
finite_144,finite_144|family_residual_median_three_seeds|s85_source_dag_graph_median_three_seeds|mae_seconds,e2fba21685e6e7d22d625d8babcc9c51a8911815153e52fc89277e0efe117045,0.034269919007783756,family_residual_median_three_seeds,0.22210458567296995,0.1878346666651862,s85_source_dag_graph_median_three_seeds,0.03498802334070206,0.0007181043329183012,0.1871165623322679
finite_144,finite_144|family_residual_median_three_seeds|s85_source_dag_graph_median_three_seeds|mae_seconds,e4664972befc3ffed396f3842bf910be22c2fbe7f293d3c295b971dfe094d398,0.21684798199567012,family_residual_median_three_seeds,0.3216704003446582,0.10482241834898809,s85_source_dag_graph_median_three_seeds,0.29424116015434265,0.07739317815867253,0.027429240190315562
finite_144,finite_144|family_residual_median_three_seeds|s85_source_dag_graph_median_three_seeds|mae_seconds,e8037a4f622df36c65c0e756e11a6c6e3b8b40fbabaffb6cd59ff1cc79f49063,61.17339781799819,family_residual_median_three_seeds,25.339846748996134,35.833551069002056,s85_source_dag_graph_median_three_seeds,56.25824737548828,4.915150442509912,30.918400626492144
finite_144,finite_144|family_residual_median_three_seeds|s85_source_dag_graph_median_three_seeds|mae_seconds,ea84355871fa77560419766f8000de4dcb0eea29468bcb0d89a1c84edff34f61,0.036422210992896,family_residual_median_three_seeds,0.0,0.036422210992896,s85_source_dag_graph_median_three_seeds,0.03170929104089737,0.004712919951998629,0.03170929104089737
finite_144,finite_144|family_residual_median_three_seeds|s85_source_dag_graph_median_three_seeds|mae_seconds,eb43007109ad9707544629854cfc7259b0e6aa70c5a618cedacbb7d26dd746a0,1.539023724006256,family_residual_median_three_seeds,1.2252394561372593,0.3137842678689968,s85_source_dag_graph_median_three_seeds,1.5472404956817627,0.008216771675506607,0.3055674961934902
finite_144,finite_144|family_residual_median_three_seeds|s85_source_dag_graph_median_three_seeds|mae_seconds,edc62038c489069da135981ccefd5c5a2f3cc0a991fa6da4defa393abdb0d2a4,0.12868290600454202,family_residual_median_three_seeds,0.11229803406574593,0.01638487193879609,s85_source_dag_graph_median_three_seeds,0.14001759886741638,0.011334692862874363,0.005050179075921729
finite_144,finite_144|family_residual_median_three_seeds|s85_source_dag_graph_median_three_seeds|mae_seconds,f0e0170b510412a7e964e82f14793115a9e53a1b250283a74abd893a45b5f20e,0.30258032999699935,family_residual_median_three_seeds,0.2823385136549414,0.02024181634205796,s85_source_dag_graph_median_three_seeds,0.23855805397033691,0.06402227602666244,-0.04378045968460448
finite_144,finite_144|family_residual_median_three_seeds|s85_source_dag_graph_median_three_seeds|mae_seconds,f12c9439f3dfce19e2f161aed74fdafb33146528cdb8524425608579de8b6741,0.03252830699784681,family_residual_median_three_seeds,0.024451915726537654,0.008076391271309158,s85_source_dag_graph_median_three_seeds,0.025182275101542473,0.007346031896304339,0.0007303593750048187
finite_144,finite_144|family_residual_median_three_seeds|s85_source_dag_graph_median_three_seeds|mae_seconds,f2ce48d725be79c1ea5cbfeb36811261c4e74460588e911c3b2916a9303c1cf5,0.08811176200106274,family_residual_median_three_seeds,0.0,0.08811176200106274,s85_source_dag_graph_median_three_seeds,0.14583799242973328,0.05772623042867053,0.03038553157239221
finite_144,finite_144|family_residual_median_three_seeds|s85_source_dag_graph_median_three_seeds|mae_seconds,f37f599f25c5024b4069e866a31563a6daf0b1495d17d25343f7b3cfac1169ee,0.06516375900537241,family_residual_median_three_seeds,0.05393454671598348,0.011229212289388932,s85_source_dag_graph_median_three_seeds,0.05376512184739113,0.011398637157981284,-0.00016942486859235217
finite_144,finite_144|family_residual_median_three_seeds|s85_source_dag_graph_median_three_seeds|mae_seconds,f76953672a13f3e92397fe3586ff6557882560261e995147a67b931d701c7fcf,2.0946084930037614,family_residual_median_three_seeds,1.3703727995491417,0.7242356934546197,s85_source_dag_graph_median_three_seeds,2.1036734580993652,0.009064965095603839,0.7151707283590159
finite_144,finite_144|family_residual_median_three_seeds|s85_source_dag_graph_median_three_seeds|mae_seconds,f8d88243c9d36e41e0eedeff4898e325d59ba4d8ceb4b81c7b48757ade1e94b4,1.798349431992392,family_residual_median_three_seeds,0.9349311232212207,0.8634183087711713,s85_source_dag_graph_median_three_seeds,1.9550142288208008,0.15666479682840873,0.7067535119427626
finite_144,finite_144|family_residual_median_three_seeds|s85_source_dag_graph_median_three_seeds|mae_seconds,fa595f88d0ab98542a799af4492f53b2a5e2e88ebc442a9b508abac209d0afcc,1.210094072011998,family_residual_median_three_seeds,0.916768102282726,0.29332596972927194,s85_source_dag_graph_median_three_seeds,0.9917740225791931,0.2183200494328048,0.07500592029646713
finite_144,finite_144|family_residual_median_three_seeds|s85_source_dag_graph_median_three_seeds|mae_seconds,fcd9497c7764bb185a96cc8b6d1c7878851e9b87e64de7ebf47aa1d16eb3ee0a,0.011232427001232281,family_residual_median_three_seeds,0.3855449041885901,0.37431247718735783,s85_source_dag_graph_median_three_seeds,0.007892286404967308,0.0033401405962649733,0.37097233659109285
finite_144,finite_144|family_residual_median_three_seeds|s85_source_dag_graph_median_three_seeds|mae_seconds,fea8eb37e38bc24d3352d9446471b5cf8f6b8af6ae4c0f931d5942564936274c,0.6560874409915414,family_residual_median_three_seeds,0.5485126667604492,0.10757477423109219,s85_source_dag_graph_median_three_seeds,0.40366294980049133,0.25242449119105004,-0.14484971695995785
quality_pass_142,quality_pass_142|family_residual_median_three_seeds|family_agnostic_median_three_seeds|mae_seconds,01bfdd8291d6badf1219dd3bf6d7e12559976b8ccb3e67d2548e729dc0c0dc82,0.011743629002012312,family_residual_median_three_seeds,0.0,0.011743629002012312,family_agnostic_median_three_seeds,0.0,0.011743629002012312,0.0
quality_pass_142,quality_pass_142|family_residual_median_three_seeds|family_agnostic_median_three_seeds|mae_seconds,01de4bb89da48a3fc09c31d41d509c1446c6a4a3b329612c5baf0d39c56a922e,0.14818447300058324,family_residual_median_three_seeds,0.24671527872890792,0.09853080572832468,family_agnostic_median_three_seeds,0.2156928231947336,0.06750835019415036,0.03102245553417432
quality_pass_142,quality_pass_142|family_residual_median_three_seeds|family_agnostic_median_three_seeds|mae_seconds,0285fd21a0dd1ca29cd386de85a1a8af49cc7d71f5c86f6451b55a11c68864a8,0.061827234996599145,family_residual_median_three_seeds,0.09312152580550478,0.03129429080890564,family_agnostic_median_three_seeds,0.003240130996710228,0.058587103999888916,-0.027292813190983277
quality_pass_142,quality_pass_142|family_residual_median_three_seeds|family_agnostic_median_three_seeds|mae_seconds,02d66e8b66849fdd0f0581b84924adbd1bd2d7603e25e5e9faa447ac2a6708d0,0.013436506007565185,family_residual_median_three_seeds,0.0,0.013436506007565185,family_agnostic_median_three_seeds,0.0,0.013436506007565185,0.0
quality_pass_142,quality_pass_142|family_residual_median_three_seeds|family_agnostic_median_three_seeds|mae_seconds,040a287609a78a55ab6148ad1a3cc6aa2fcee8b0871b077a9c1a37bee49f69fe,0.05496714099717792,family_residual_median_three_seeds,0.18046508487817037,0.12549794388099245,family_agnostic_median_three_seeds,0.2979145930003318,0.24294745200315387,-0.11744950812216143
quality_pass_142,quality_pass_142|family_residual_median_three_seeds|family_agnostic_median_three_seeds|mae_seconds,093af0605e834bf0a4f2aef0b46600d12c6b1c913e791fb13e2513048a6b1c70,0.20758254700922407,family_residual_median_three_seeds,0.2589339851658135,0.051351438156589435,family_agnostic_median_three_seeds,0.2616821820455002,0.05409963503627613,-0.002748196879686693
quality_pass_142,quality_pass_142|family_residual_median_three_seeds|family_agnostic_median_three_seeds|mae_seconds,0a43a3dbe4a4294a007fa7ec167a24ea300d3762489b98245c2f80ad29727075,0.011986159996013157,family_residual_median_three_seeds,0.0,0.011986159996013157,family_agnostic_median_three_seeds,0.0,0.011986159996013157,0.0
quality_pass_142,quality_pass_142|family_residual_median_three_seeds|family_agnostic_median_three_seeds|mae_seconds,0a43c652a1c92c83389d952438c22aa0d890a611333da29499d6ff1733925b21,0.4963673050078796,family_residual_median_three_seeds,0.3498937025986218,0.14647360240925783,family_agnostic_median_three_seeds,0.4833962124752939,0.012971092532585715,0.13350250987667212
quality_pass_142,quality_pass_142|family_residual_median_three_seeds|family_agnostic_median_three_seeds|mae_seconds,0f7836c0a3a429dd9b4f2b55a4fab5d6d112458814cb34efb22309ec614c801f,0.46027592998871114,family_residual_median_three_seeds,0.48672974816770637,0.026453818178995225,family_agnostic_median_three_seeds,0.4944487194514524,0.03417278946274127,-0.007718971283746046
quality_pass_142,quality_pass_142|family_residual_median_three_seeds|family_agnostic_median_three_seeds|mae_seconds,13721ab5a328b17bf3f8c3692cda844a7e538a8c92530d0c1236f43d3ad5a884,0.016616445005638525,family_residual_median_three_seeds,0.0,0.016616445005638525,family_agnostic_median_three_seeds,0.0,0.016616445005638525,0.0
quality_pass_142,quality_pass_142|family_residual_median_three_seeds|family_agnostic_median_three_seeds|mae_seconds,15e80264fdff1398ab38bbd9144f853a3a2317e95163fda15a1e9ec2657beecb,0.04471942799864337,family_residual_median_three_seeds,0.08569246369062626,0.04097303569198289,family_agnostic_median_three_seeds,0.1427357249837002,0.09801629698505684,-0.05704326129307395
quality_pass_142,quality_pass_142|family_residual_median_three_seeds|family_agnostic_median_three_seeds|mae_seconds,187d76ac82884dc3202418b0e06077eec26afed0c625b228d76b4416e6bfa480,0.10063730050023878,family_residual_median_three_seeds,0.281360444656549,0.18072314415631024,family_agnostic_median_three_seeds,0.24824263427551346,0.14760533377527468,0.03311781038103556
quality_pass_142,quality_pass_142|family_residual_median_three_seeds|family_agnostic_median_three_seeds|mae_seconds,1d76cd981622e5ca02125654d00534f3aec623bbb2b95b7ea894049f76916577,0.03339290199801326,family_residual_median_three_seeds,0.05594061202034884,0.022547710022335583,family_agnostic_median_three_seeds,0.0,0.03339290199801326,-0.010845191975677675
quality_pass_142,quality_pass_142|family_residual_median_three_seeds|family_agnostic_median_three_seeds|mae_seconds,1dab21c93a580f711efff03a0f4a1d82985cf201219e886ab246e03a9011735c,0.030614501010859385,family_residual_median_three_seeds,0.15842418203219902,0.12780968102133963,family_agnostic_median_three_seeds,0.3756754427890098,0.3450609417781504,-0.21725126075681075
quality_pass_142,quality_pass_142|family_residual_median_three_seeds|family_agnostic_median_three_seeds|mae_seconds,212e0f8a693a745c9fc792b876e7be6ddb0ba051c1b0f558e0819e1437a8a2fb,0.0742775899998378,family_residual_median_three_seeds,0.03596590127593234,0.03831168872390546,family_agnostic_median_three_seeds,0.24776810154330586,0.17349051154346806,-0.13517882281956262
quality_pass_142,quality_pass_142|family_residual_median_three_seeds|family_agnostic_median_three_seeds|mae_seconds,2372d3228c3e3e38e3351feb553380bce5a543c936f73a400de0e54ab470599a,3.311648521994357,family_residual_median_three_seeds,1.4187113978358332,1.8929371241585238,family_agnostic_median_three_seeds,1.3078909741795672,2.0037575478147898,-0.11082042365626599
quality_pass_142,quality_pass_142|family_residual_median_three_seeds|family_agnostic_median_three_seeds|mae_seconds,23a9403cafedb94bbd2f39d4d9106aca7f890047719b80231d86ac9fb8382383,0.024099282003589906,family_residual_median_three_seeds,0.0,0.024099282003589906,family_agnostic_median_three_seeds,0.034643354926642264,0.010544072923052358,0.013555209080537547
quality_pass_142,quality_pass_142|family_residual_median_three_seeds|family_agnostic_median_three_seeds|mae_seconds,242786b0f7d73c715a317cbdc0725596836f08d98ecd6eb06b3b4ac4f3f563fb,0.012309696001466364,family_residual_median_three_seeds,0.20159669747100029,0.18928700146953392,family_agnostic_median_three_seeds,0.0,0.012309696001466364,0.17697730546806756
quality_pass_142,quality_pass_142|family_residual_median_three_seeds|family_agnostic_median_three_seeds|mae_seconds,28b9eac87132bbff64970708737a94c408cfa435ce16cd395a57ab6fbfe5a6f7,0.23104304699518252,family_residual_median_three_seeds,0.48672974816770637,0.25568670117252384,family_agnostic_median_three_seeds,0.4944487194514524,0.2634056724562699,-0.007718971283746046
quality_pass_142,quality_pass_142|family_residual_median_three_seeds|family_agnostic_median_three_seeds|mae_seconds,2df018ddcd5f44fd33cd5d80af349db5f84e36d6a5f905ef4611e5e5cc0d03f4,0.3517750959872501,family_residual_median_three_seeds,1.5128130725403803,1.1610379765531302,family_agnostic_median_three_seeds,1.242304200913125,0.890529104925875,0.27050887162725523
quality_pass_142,quality_pass_142|family_residual_median_three_seeds|family_agnostic_median_three_seeds|mae_seconds,2e57556a1b12802c7368ef21e0eb8e5c9863f768a48a9a4d0771725e60b8a616,0.014956789003917947,family_residual_median_three_seeds,0.13985725015357336,0.12490046114965542,family_agnostic_median_three_seeds,0.05732104125721378,0.042364252253295834,0.08253620889635958
quality_pass_142,quality_pass_142|family_residual_median_three_seeds|family_agnostic_median_three_seeds|mae_seconds,2f497b92b87e3e9f44c1ae23dfbffc7309c1550756e6829eb694d42dd4f2ed03,0.47254708799300715,family_residual_median_three_seeds,0.7108354544554787,0.23828836646247153,family_agnostic_median_three_seeds,0.7234786567387834,0.25093156874577627,-0.012643202283304733
quality_pass_142,quality_pass_142|family_residual_median_three_seeds|family_agnostic_median_three_seeds|mae_seconds,3157278e31c54e80e45de35bfb793aac89eb413e21aabe08b2e0e140de8c0d39,1.504265392999514,family_residual_median_three_seeds,1.2199470072797587,0.2843183857197553,family_agnostic_median_three_seeds,1.3695178955479157,0.1347474974515983,0.149570888268157
quality_pass_142,quality_pass_142|family_residual_median_three_seeds|family_agnostic_median_three_seeds|mae_seconds,31f7b2533d8a3c05d59b44a9b2d93f44bc48da630d1884cf9df0012199e10a74,0.28342929399514105,family_residual_median_three_seeds,0.4123984953450263,0.12896920134988527,family_agnostic_median_three_seeds,0.580887667003745,0.2974583730086039,-0.16848917165871863
quality_pass_142,quality_pass_142|family_residual_median_three_seeds|family_agnostic_median_three_seeds|mae_seconds,35548785a9c99b0ad9409f18dfbfc3baed0e1dcbb1d95eae8c8510dcda120410,21.334545064004487,family_residual_median_three_seeds,18.754819439380988,2.5797256246234994,family_agnostic_median_three_seeds,8.536137866865706,12.798407197138781,-10.218681572515282
quality_pass_142,quality_pass_142|family_residual_median_three_seeds|family_agnostic_median_three_seeds|mae_seconds,36bb1354ff108648bc8c9c529a2002a53a68e4bfa9bf3529edce11e5d47f851f,0.10353334200044628,family_residual_median_three_seeds,0.0910748857275168,0.012458456272929477,family_agnostic_median_three_seeds,0.21050339119031541,0.10697004918986913,-0.09451159291693965
quality_pass_142,quality_pass_142|family_residual_median_three_seeds|family_agnostic_median_three_seeds|mae_seconds,387f2f6f12a10e034ae5b68c11336a9874e87f20871579eec585bfd7311f38c8,0.0184438720025355,family_residual_median_three_seeds,0.0,0.0184438720025355,family_agnostic_median_three_seeds,0.01644055991824492,0.002003312084290578,0.01644055991824492
quality_pass_142,quality_pass_142|family_residual_median_three_seeds|family_agnostic_median_three_seeds|mae_seconds,3c0ed99f7e5a0409bdadc636b8b7a5dd911304ccbe2e87b32589b91dd44a6a5a,0.019305075009469874,family_residual_median_three_seeds,0.0,0.019305075009469874,family_agnostic_median_three_seeds,0.0,0.019305075009469874,0.0
quality_pass_142,quality_pass_142|family_residual_median_three_seeds|family_agnostic_median_three_seeds|mae_seconds,3e4560adf43b5c5102bf22f235abcb9dd2ed5e34930cdb929a128226f96e4ea5,0.02327988899196498,family_residual_median_three_seeds,0.0,0.02327988899196498,family_agnostic_median_three_seeds,0.0,0.02327988899196498,0.0
quality_pass_142,quality_pass_142|family_residual_median_three_seeds|family_agnostic_median_three_seeds|mae_seconds,433844fca892218b1218ca028aafb0eddf1929d5ca52fdea53b3cb324e4055bd,0.020949395999195985,family_residual_median_three_seeds,0.0,0.020949395999195985,family_agnostic_median_three_seeds,0.0,0.020949395999195985,0.0
quality_pass_142,quality_pass_142|family_residual_median_three_seeds|family_agnostic_median_three_seeds|mae_seconds,451bd8177acaca0301a8bb4d61cb192f26dce1f81d8ab04ca0aded562d525c58,0.13949821100686677,family_residual_median_three_seeds,0.24615014909809554,0.10665193809122878,family_agnostic_median_three_seeds,0.4776052483451363,0.3381070373382695,-0.23145509924704075
quality_pass_142,quality_pass_142|family_residual_median_three_seeds|family_agnostic_median_three_seeds|mae_seconds,45ca196e391297302c92dc6ea0fd119efa62b2ee88e3b85260561e5fbafa7400,0.04090743300912436,family_residual_median_three_seeds,0.0,0.04090743300912436,family_agnostic_median_three_seeds,0.017412679958219154,0.023494753050905207,0.017412679958219154
quality_pass_142,quality_pass_142|family_residual_median_three_seeds|family_agnostic_median_three_seeds|mae_seconds,47e6743e95c380a13dc5947d9e9b3db26e541efabd4a27134ff26aa14c00ba7d,0.0563912090001395,family_residual_median_three_seeds,0.12723865496418088,0.07084744596404138,family_agnostic_median_three_seeds,0.058651121258973954,0.0022599122588344567,0.06858753370520693
quality_pass_142,quality_pass_142|family_residual_median_three_seeds|family_agnostic_median_three_seeds|mae_seconds,4b24f68f78c4499a295ab28caa04282d174b7ab2a6b0f5333d3bfe630df72f71,0.014960417000111192,family_residual_median_three_seeds,0.037168538724533864,0.022208121724422672,family_agnostic_median_three_seeds,0.0047476580764275215,0.01021275892368367,0.011995362800739002
quality_pass_142,quality_pass_142|family_residual_median_three_seeds|family_agnostic_median_three_seeds|mae_seconds,4b5542071ea595cd62184de26c4f1dac3f6afa86f6450f50a28dbe8e1f865257,0.03412146100890823,family_residual_median_three_seeds,0.013531923346404108,0.02058953766250412,family_agnostic_median_three_seeds,0.05578400002085411,0.021662539011945883,-0.0010730013494417642
quality_pass_142,quality_pass_142|family_residual_median_three_seeds|family_agnostic_median_three_seeds|mae_seconds,4d5b55eb4b8a0aea0af4bde721618cbe79ed66e0636398ffddc79ace483672a6,0.28497167900786735,family_residual_median_three_seeds,0.4542792793519071,0.16930760034403974,family_agnostic_median_three_seeds,0.4999449532124518,0.21497327420458445,-0.04566567386054471
quality_pass_142,quality_pass_142|family_residual_median_three_seeds|family_agnostic_median_three_seeds|mae_seconds,4dd5e72918722dff3c88e277e20e3ecc1e06dfd0601343e784eeb454470800b7,1.0013418259914033,family_residual_median_three_seeds,0.7108354544554787,0.2905063715359246,family_agnostic_median_three_seeds,0.7234786567387834,0.2778631692526199,0.012643202283304733
quality_pass_142,quality_pass_142|family_residual_median_three_seeds|family_agnostic_median_three_seeds|mae_seconds,4df5b36e58378649053c461bf5ee1478fa114ac65c0c14551536b820ce8eafc7,3.2815998400037643,family_residual_median_three_seeds,1.5848654952852863,1.696734344718478,family_agnostic_median_three_seeds,2.8259019844060957,0.4556978555976685,1.2410364891208094
quality_pass_142,quality_pass_142|family_residual_median_three_seeds|family_agnostic_median_three_seeds|mae_seconds,4ee5846eef239e2b0e0d3f950f78b5b4b8af213f0063eb50be6bf50bdbb4385d,0.10320952600159217,family_residual_median_three_seeds,0.09555344607510956,0.007656079926482609,family_agnostic_median_three_seeds,0.019804423152786344,0.08340510284880583,-0.07574902292232322
quality_pass_142,quality_pass_142|family_residual_median_three_seeds|family_agnostic_median_three_seeds|mae_seconds,4f2368cad1a087f01b7598f13a9afa3b7cea2d6f9e96f79eb390f62213c97af7,0.8480028839985607,family_residual_median_three_seeds,1.0490018003759765,0.20099891637741574,family_agnostic_median_three_seeds,1.0602495917722474,0.2122467077736867,-0.011247791396270967
quality_pass_142,quality_pass_142|family_residual_median_three_seeds|family_agnostic_median_three_seeds|mae_seconds,50a5fc62010017f60b77f8c81e9ddf9bd95419be272d2ec5ed1445aae0c7ac92,0.01633486799255479,family_residual_median_three_seeds,0.0,0.01633486799255479,family_agnostic_median_three_seeds,0.0,0.01633486799255479,0.0
quality_pass_142,quality_pass_142|family_residual_median_three_seeds|family_agnostic_median_three_seeds|mae_seconds,51e3c5bc60da502bf92a6ed65a7c728a8b957b427652ac8fdaa002b9afc50d40,0.014999819002696313,family_residual_median_three_seeds,0.0,0.014999819002696313,family_agnostic_median_three_seeds,0.0,0.014999819002696313,0.0
quality_pass_142,quality_pass_142|family_residual_median_three_seeds|family_agnostic_median_three_seeds|mae_seconds,551dfe6ad672d4157a761610fc4c1061ea844868f2106407374764552251d63a,0.03428567500668578,family_residual_median_three_seeds,0.1316083268170087,0.09732265181032293,family_agnostic_median_three_seeds,0.19327234148170241,0.15898666647501664,-0.061664014664693706
quality_pass_142,quality_pass_142|family_residual_median_three_seeds|family_agnostic_median_three_seeds|mae_seconds,55746e6a2fd8d9c4b8c813443f2db46b072f75db1632dd252298c735fbc72bf0,0.00960345049679745,family_residual_median_three_seeds,0.0,0.00960345049679745,family_agnostic_median_three_seeds,0.0,0.00960345049679745,0.0
quality_pass_142,quality_pass_142|family_residual_median_three_seeds|family_agnostic_median_three_seeds|mae_seconds,56289d5fdefe63c89244b0849f2e22753ce30832776d74b79de4603006db32f4,0.01758937099657487,family_residual_median_three_seeds,0.014099099715910939,0.0034902712806639327,family_agnostic_median_three_seeds,0.0,0.01758937099657487,-0.014099099715910939
quality_pass_142,quality_pass_142|family_residual_median_three_seeds|family_agnostic_median_three_seeds|mae_seconds,568570a69663949a1aaac2fe16e74d3d065c7a8e6013e21368a9d8add886d6dc,0.1977772670070408,family_residual_median_three_seeds,0.45259658965133065,0.25481932264428986,family_agnostic_median_three_seeds,0.2460295858666385,0.048252318859597715,0.20656700378469214
quality_pass_142,quality_pass_142|family_residual_median_three_seeds|family_agnostic_median_three_seeds|mae_seconds,58501be4f197f4efd57535977a245f6adb39216116363b46836664cd6ca29e10,0.029995589997270145,family_residual_median_three_seeds,0.126535207714728,0.09653961771745787,family_agnostic_median_three_seeds,0.30791755966354545,0.2779219696662753,-0.18138235194881744
quality_pass_142,quality_pass_142|family_residual_median_three_seeds|family_agnostic_median_three_seeds|mae_seconds,585424315575b559a664523f6ce6236189739069b3872eea4ccdb995a29f8701,0.20420224498957396,family_residual_median_three_seeds,0.38571768259604583,0.18151543760647187,family_agnostic_median_three_seeds,0.5920243005510815,0.3878220555615075,-0.20630661795503563
quality_pass_142,quality_pass_142|family_residual_median_three_seeds|family_agnostic_median_three_seeds|mae_seconds,5ab4253ed51b729f331c9f3cc78bfecd3ecb2fed2e98818816bf3f64e22f1bfe,0.021421116005512886,family_residual_median_three_seeds,0.0,0.021421116005512886,family_agnostic_median_three_seeds,0.0,0.021421116005512886,0.0
quality_pass_142,quality_pass_142|family_residual_median_three_seeds|family_agnostic_median_three_seeds|mae_seconds,5d3cc38ff0e2b9054c927b6309c6a8dfaba491733eab08b06cc06f2d333da23d,0.19827942800475284,family_residual_median_three_seeds,0.38418626439660014,0.1859068363918473,family_agnostic_median_three_seeds,0.4121338829830796,0.21385445497832678,-0.027947618586479483
quality_pass_142,quality_pass_142|family_residual_median_three_seeds|family_agnostic_median_three_seeds|mae_seconds,615d076a941f3eec9d225a20b894c8d30a0c90d4834d03fa0ebd5d13e4b46ded,2.4260954790079268,family_residual_median_three_seeds,1.727494759223515,0.6986007197844117,family_agnostic_median_three_seeds,1.7693856201480465,0.6567098588598803,0.041890860924531426
quality_pass_142,quality_pass_142|family_residual_median_three_seeds|family_agnostic_median_three_seeds|mae_seconds,63b92ee6c5b54da107e9016de97e2cb7768bfb970ebc025650706533e47d3caf,0.04374370000732597,family_residual_median_three_seeds,0.2455934237970936,0.20184972378976762,family_agnostic_median_three_seeds,0.45090849603133437,0.4071647960240084,-0.20531507223424078
quality_pass_142,quality_pass_142|family_residual_median_three_seeds|family_agnostic_median_three_seeds|mae_seconds,66c9180a271ec04f728ab259ed86a24fe52676e6f40a7614b02f79fd13536c91,0.01599400099075865,family_residual_median_three_seeds,0.0,0.01599400099075865,family_agnostic_median_three_seeds,0.0,0.01599400099075865,0.0
quality_pass_142,quality_pass_142|family_residual_median_three_seeds|family_agnostic_median_three_seeds|mae_seconds,6a475a20ac3d09839e2b43104ca187037db5ff813b811e0d7356adac93d25244,0.25500052400457207,family_residual_median_three_seeds,0.11072256478808638,0.14427795921648567,family_agnostic_median_three_seeds,0.24411322731719892,0.01088729668737315,0.13339066252911252
quality_pass_142,quality_pass_142|family_residual_median_three_seeds|family_agnostic_median_three_seeds|mae_seconds,6b2f9fea850557b40ca9b69341ec300b1c4fe1f4bf53e94436af2ba1586bac62,0.02461252300417982,family_residual_median_three_seeds,0.0,0.02461252300417982,family_agnostic_median_three_seeds,0.0,0.02461252300417982,0.0
quality_pass_142,quality_pass_142|family_residual_median_three_seeds|family_agnostic_median_three_seeds|mae_seconds,6cf91acdbcfc0321d1ffcee7c2197fec29f2b9dd83e7c3b56dbe8d583332ccdb,1.1965577070077416,family_residual_median_three_seeds,0.984756094412321,0.21180161259542052,family_agnostic_median_three_seeds,1.6744242695830707,0.4778665625753291,-0.2660649499799086
quality_pass_142,quality_pass_142|family_residual_median_three_seeds|family_agnostic_median_three_seeds|mae_seconds,6e066adb38de82d96650b3f806e398374e88912fd4688ab9c98f3c94dcd33e16,0.03593193899723701,family_residual_median_three_seeds,0.33284301486286355,0.29691107586562654,family_agnostic_median_three_seeds,0.4980111474831821,0.4620792084859451,-0.16516813262031854
quality_pass_142,quality_pass_142|family_residual_median_three_seeds|family_agnostic_median_three_seeds|mae_seconds,720a3cec5f9b39a53aa0d59f0ecc24f42f2948fbe56164a033262c628e2ba875,0.6676088839885779,family_residual_median_three_seeds,0.7157930407099575,0.048184156721379656,family_agnostic_median_three_seeds,1.2068876947134932,0.5392788107249153,-0.4910946540035357
quality_pass_142,quality_pass_142|family_residual_median_three_seeds|family_agnostic_median_three_seeds|mae_seconds,7344fd4d264c475e52edca02e3426225c78af7ed0bdaae137741a04685725a5d,0.011170979007147253,family_residual_median_three_seeds,0.0,0.011170979007147253,family_agnostic_median_three_seeds,0.0,0.011170979007147253,0.0
quality_pass_142,quality_pass_142|family_residual_median_three_seeds|family_agnostic_median_three_seeds|mae_seconds,73abe6179f1e84e36777e1d953028143ee3ff00662ddb793d55022d9344b4940,9.536654898009147,family_residual_median_three_seeds,10.875506556055107,1.3388516580459608,family_agnostic_median_three_seeds,11.370626489621872,1.833971591612725,-0.4951199335667642
quality_pass_142,quality_pass_142|family_residual_median_three_seeds|family_agnostic_median_three_seeds|mae_seconds,7478da09664f4489c33c18a6ea1974cc9dea86d1adda1f912c3eaeff27c2d5fa,0.055610037001315504,family_residual_median_three_seeds,0.0,0.055610037001315504,family_agnostic_median_three_seeds,0.018687364923979877,0.03692267207733563,0.018687364923979877
quality_pass_142,quality_pass_142|family_residual_median_three_seeds|family_agnostic_median_three_seeds|mae_seconds,75b1db396e34d1f1b234ea8dcdc253203a770cecce7f48bb8a126860723c43df,0.013813976998790167,family_residual_median_three_seeds,0.03189405081703532,0.018080073818245154,family_agnostic_median_three_seeds,0.0,0.013813976998790167,0.004266096819454987
quality_pass_142,quality_pass_142|family_residual_median_three_seeds|family_agnostic_median_three_seeds|mae_seconds,78d3420407751ab52a65abe926510d585ebd3a5d1934ac31c13b28eca5c5ee8a,0.6137206630082801,family_residual_median_three_seeds,0.4973250338429028,0.11639562916537732,family_agnostic_median_three_seeds,0.9426293941859493,0.32890873117766917,-0.21251310201229184
quality_pass_142,quality_pass_142|family_residual_median_three_seeds|family_agnostic_median_three_seeds|mae_seconds,78ecec267502f433ab148452979221600becf679520b50ad454009e0ca097af5,0.9436662789958064,family_residual_median_three_seeds,0.8594974321256941,0.08416884687011228,family_agnostic_median_three_seeds,1.4076661539411535,0.4639998749453471,-0.37983102807523483
quality_pass_142,quality_pass_142|family_residual_median_three_seeds|family_agnostic_median_three_seeds|mae_seconds,79b8fdfbfe6897a226612f9b9e27a4533aac4b48258335fb7746c5f10989cedc,0.03340627049328759,family_residual_median_three_seeds,0.07224966213126505,0.038843391637977454,family_agnostic_median_three_seeds,0.0583695410742676,0.02496327058098001,0.013880121056997444
quality_pass_142,quality_pass_142|family_residual_median_three_seeds|family_agnostic_median_three_seeds|mae_seconds,7b944ad7e38d98fae66177b6c014ae2878d62bcd1765103c19941653817e7996,0.028299986995989457,family_residual_median_three_seeds,0.014707842778050836,0.01359214421793862,family_agnostic_median_three_seeds,0.09322040317213587,0.06492041617614641,-0.05132827195820779
quality_pass_142,quality_pass_142|family_residual_median_three_seeds|family_agnostic_median_three_seeds|mae_seconds,7c8832728feaaf34fac1fda49dfcbfbf655902b5b4eb3f1b11e43f21d15de5bf,0.18511410600331146,family_residual_median_three_seeds,0.1717594157661199,0.013354690237191574,family_agnostic_median_three_seeds,0.07580821817221836,0.1093058878310931,-0.09595119759390153
quality_pass_142,quality_pass_142|family_residual_median_three_seeds|family_agnostic_median_three_seeds|mae_seconds,7dafebd46e73b9b279f1ef96da32f7d563de3721b856b4570375ab81951e06fc,0.48330739499942865,family_residual_median_three_seeds,0.6687760350366655,0.18546864003723684,family_agnostic_median_three_seeds,0.6616620580563368,0.17835466305690817,0.007113976980328673
quality_pass_142,quality_pass_142|family_residual_median_three_seeds|family_agnostic_median_three_seeds|mae_seconds,7e02b8d5bbea94c5e0eabb2edd6a74e15949ae6b737fabb55e66a61d47181912,1.295461602989235,family_residual_median_three_seeds,6.450159596859992,5.154697993870757,family_agnostic_median_three_seeds,3.302742438928366,2.007280835939131,3.147417157931626
quality_pass_142,quality_pass_142|family_residual_median_three_seeds|family_agnostic_median_three_seeds|mae_seconds,7f613ccae98ac8124d086ee9a39d94b1ed019520da8c3277395b109fd22d7d4d,0.021900085994275287,family_residual_median_three_seeds,0.023870923978741153,0.001970837984465866,family_agnostic_median_three_seeds,0.0,0.021900085994275287,-0.01992924800980942
quality_pass_142,quality_pass_142|family_residual_median_three_seeds|family_agnostic_median_three_seeds|mae_seconds,7fabc879bc998db5c05d7cc5b83db2d1704d7587139b714da9cf82639f4f093e,0.10285567400569562,family_residual_median_three_seeds,0.1638529284989023,0.06099725449320667,family_agnostic_median_three_seeds,0.2508256248085419,0.1479699508028463,-0.08697269630963964
quality_pass_142,quality_pass_142|family_residual_median_three_seeds|family_agnostic_median_three_seeds|mae_seconds,806f1844d225682cd7d5d0b276b5567caa23697f73064d8a20347024bb03fe40,0.01652392249525292,family_residual_median_three_seeds,0.0,0.01652392249525292,family_agnostic_median_three_seeds,0.0,0.01652392249525292,0.0
quality_pass_142,quality_pass_142|family_residual_median_three_seeds|family_agnostic_median_three_seeds|mae_seconds,81a66b1daaf97d148a8a075515daf8702349d257883a1dd88e26993c1622351f,0.5699010470125359,family_residual_median_three_seeds,0.44398278197291735,0.1259182650396185,family_agnostic_median_three_seeds,0.6047484713288901,0.034847424316354236,0.09107084072326427
quality_pass_142,quality_pass_142|family_residual_median_three_seeds|family_agnostic_median_three_seeds|mae_seconds,82da8e687716ed31c95e72560edb07e7f6073a5be0f5ebffb17d22aff22c81fd,0.3460227089963155,family_residual_median_three_seeds,0.3232834906724892,0.022739218323826305,family_agnostic_median_three_seeds,0.4152893073470516,0.06926659835073612,-0.046527380026909815
quality_pass_142,quality_pass_142|family_residual_median_three_seeds|family_agnostic_median_three_seeds|mae_seconds,84c07c56eef046e3c72823b20fb674075b1ab68a85dc6a06baf7f35983e2bd17,0.036921663995599374,family_residual_median_three_seeds,0.3704817235488991,0.3335600595532997,family_agnostic_median_three_seeds,0.7339566186177426,0.6970349546221433,-0.36347489506884356
quality_pass_142,quality_pass_142|family_residual_median_three_seeds|family_agnostic_median_three_seeds|mae_seconds,8711737782301f568af1980707e62c989655488357aa858d6c63bb8e206ae4fc,0.45572497400280554,family_residual_median_three_seeds,0.3373909203891409,0.11833405361366461,family_agnostic_median_three_seeds,0.404993947218879,0.05073102678392655,0.06760302682973807
quality_pass_142,quality_pass_142|family_residual_median_three_seeds|family_agnostic_median_three_seeds|mae_seconds,8c7594c05053bb7af0015bd637170a669e9d39c1da6edce6a769992b6ef5c9cb,0.029765535990009084,family_residual_median_three_seeds,0.0,0.029765535990009084,family_agnostic_median_three_seeds,0.1428139547032823,0.1130484187132732,-0.08328288272326412
quality_pass_142,quality_pass_142|family_residual_median_three_seeds|family_agnostic_median_three_seeds|mae_seconds,8d3b3ff10a3a80d0dda4e7043cce2b222aaf9e3cc19caa194b8e87da40266ac5,0.22089128849620465,family_residual_median_three_seeds,0.4582193975466031,0.23732810905039847,family_agnostic_median_three_seeds,0.4949896427732407,0.27409835427703605,-0.03677024522663758
quality_pass_142,quality_pass_142|family_residual_median_three_seeds|family_agnostic_median_three_seeds|mae_seconds,8e1c1014680274215f87d97c833f99474ed19b3393b2b8eea20a36bde517708b,0.23596165100752842,family_residual_median_three_seeds,0.2589575098967248,0.022995858889196363,family_agnostic_median_three_seeds,0.3763198823334459,0.14035823132591746,-0.1173623724367211
quality_pass_142,quality_pass_142|family_residual_median_three_seeds|family_agnostic_median_three_seeds|mae_seconds,8e4821df72704634cb81ea4d738477a8d596a49cba641e6198fdc9970e1d5d2f,0.10458056299830787,family_residual_median_three_seeds,0.18191659585553593,0.07733603285722807,family_agnostic_median_three_seeds,0.3183909033581061,0.21381034035979823,-0.13647430750257017
quality_pass_142,quality_pass_142|family_residual_median_three_seeds|family_agnostic_median_three_seeds|mae_seconds,8ea085ea0c0185c560746ab5988221e203c457e2afbb475976fb99f718e2dad1,1.4953874835046008,family_residual_median_three_seeds,1.2256286401044054,0.2697588434001954,family_agnostic_median_three_seeds,1.3133223492635002,0.1820651342411006,0.0876937091590948
quality_pass_142,quality_pass_142|family_residual_median_three_seeds|family_agnostic_median_three_seeds|mae_seconds,8f11cd416ae9672f06a39e5ee3a27a70bcbf31d7177cb47270c0cd8512c95381,0.13935058600327466,family_residual_median_three_seeds,0.2343982782071923,0.09504769220391765,family_agnostic_median_three_seeds,0.3135510108262989,0.17420042482302422,-0.07915273261910657
quality_pass_142,quality_pass_142|family_residual_median_three_seeds|family_agnostic_median_three_seeds|mae_seconds,9110b8773ad1c544b5ec91feaaa99c96975f7577fe6966b0f0df52dab84bef92,0.02539949499623617,family_residual_median_three_seeds,0.0,0.02539949499623617,family_agnostic_median_three_seeds,0.0,0.02539949499623617,0.0
quality_pass_142,quality_pass_142|family_residual_median_three_seeds|family_agnostic_median_three_seeds|mae_seconds,92c02520f591e3d46218c6839b62acb2a1d5fbcc2ceba197b9265653f1737b24,0.01813236800080631,family_residual_median_three_seeds,0.0,0.01813236800080631,family_agnostic_median_three_seeds,0.0,0.01813236800080631,0.0
quality_pass_142,quality_pass_142|family_residual_median_three_seeds|family_agnostic_median_three_seeds|mae_seconds,9649572da691c86252b1620cba73350902b9ba3cf4dbdb3fb2e3531588da98c4,0.07614758700947277,family_residual_median_three_seeds,0.0,0.07614758700947277,family_agnostic_median_three_seeds,0.04849802917049392,0.02764955783897885,0.04849802917049392
quality_pass_142,quality_pass_142|family_residual_median_three_seeds|family_agnostic_median_three_seeds|mae_seconds,97bdbd3569346cfa4a289ced5de0f3280a495266d423a3af48650bf01484b9be,3.5094549999921583,family_residual_median_three_seeds,4.907584364882597,1.3981293648904387,family_agnostic_median_three_seeds,5.068905709960182,1.559450709968024,-0.16132134507758522
quality_pass_142,quality_pass_142|family_residual_median_three_seeds|family_agnostic_median_three_seeds|mae_seconds,99e0865dc3fced630c02b5b2710b24fd9257ba31d54112cde08a769e974f53c4,0.8848653770110104,family_residual_median_three_seeds,0.9351901737222084,0.05032479671119794,family_agnostic_median_three_seeds,1.0403477962782381,0.15548241926722772,-0.10515762255602978
quality_pass_142,quality_pass_142|family_residual_median_three_seeds|family_agnostic_median_three_seeds|mae_seconds,9b4261e2d98678946a9aefea16ba9b8abcae8409f8589f8fb3daa941694f88c6,0.05269318800128531,family_residual_median_three_seeds,0.06535389468215709,0.012660706680871783,family_agnostic_median_three_seeds,0.11558300842135415,0.06288982042006884,-0.05022911373919706
quality_pass_142,quality_pass_142|family_residual_median_three_seeds|family_agnostic_median_three_seeds|mae_seconds,9fc54c185186ff8c504ebdac4e3fa109beb4cf46f86196a3376b3153a7f72962,0.056531766007537954,family_residual_median_three_seeds,0.4723256630183438,0.4157938970108058,family_agnostic_median_three_seeds,0.3430481681097511,0.28651640210221313,0.1292774949085927
quality_pass_142,quality_pass_142|family_residual_median_three_seeds|family_agnostic_median_three_seeds|mae_seconds,a3b7d67bad6cd47cb522addfaf763294b1ea99017f443c03052055a2f0074009,79.91749536799034,family_residual_median_three_seeds,21.395803682933128,58.52169168505721,family_agnostic_median_three_seeds,17.58619444890823,62.33130091908211,-3.8096092340248973
quality_pass_142,quality_pass_142|family_residual_median_three_seeds|family_agnostic_median_three_seeds|mae_seconds,a4a7b8b8d556570de9ea2db286aaa4245fa50f4619f25f0f7414b16d503458d8,0.953442771002301,family_residual_median_three_seeds,0.4102551186091743,0.5431876523931267,family_agnostic_median_three_seeds,0.6237725527280154,0.32967021827428566,0.21351743411884105
quality_pass_142,quality_pass_142|family_residual_median_three_seeds|family_agnostic_median_three_seeds|mae_seconds,a53b2a3a1ba8397a96b487c44f825f3cab2e0c714b69298f2ab0a839975b173c,5.230783803999657,family_residual_median_three_seeds,1.5383935727892943,3.6923902312103625,family_agnostic_median_three_seeds,1.6213271731925243,3.6094566308071325,0.08293360040322995
quality_pass_142,quality_pass_142|family_residual_median_three_seeds|family_agnostic_median_three_seeds|mae_seconds,a70c5b796698f145c5992d324b3a0b5e28eb7301e6f306652a316a55c68f1ae8,0.35253910499159247,family_residual_median_three_seeds,0.3587972249572899,0.006258119965697417,family_agnostic_median_three_seeds,0.7313562736934591,0.37881716870186666,-0.37255904873616924
quality_pass_142,quality_pass_142|family_residual_median_three_seeds|family_agnostic_median_three_seeds|mae_seconds,aa91238ec5978b739b87b3a657746a8786de113397a5abeadf726d1dd9c836b3,0.012801228993339464,family_residual_median_three_seeds,0.0,0.012801228993339464,family_agnostic_median_three_seeds,0.0,0.012801228993339464,0.0
quality_pass_142,quality_pass_142|family_residual_median_three_seeds|family_agnostic_median_three_seeds|mae_seconds,abe368f160ce73db792b3af14a6e120eda4838b15f01376daa204a680d07c5bc,0.0869559359998675,family_residual_median_three_seeds,0.15401072505049065,0.06705478905062315,family_agnostic_median_three_seeds,0.09131839693987757,0.004362460940010068,0.06269232811061308
quality_pass_142,quality_pass_142|family_residual_median_three_seeds|family_agnostic_median_three_seeds|mae_seconds,acacd76111e7f23e4224342ca0ab5340b1bdaad3b6eba8893e4036ba14896362,0.012050335993990302,family_residual_median_three_seeds,0.0,0.012050335993990302,family_agnostic_median_three_seeds,0.0,0.012050335993990302,0.0
quality_pass_142,quality_pass_142|family_residual_median_three_seeds|family_agnostic_median_three_seeds|mae_seconds,af19d23c83544c8b7f6be5c42e0254336c9902c1ef454c06b9d45c4582d2fd3d,0.8332175344985444,family_residual_median_three_seeds,1.0490018003759765,0.21578426587743205,family_agnostic_median_three_seeds,1.0602495917722474,0.22703205727370301,-0.011247791396270967
quality_pass_142,quality_pass_142|family_residual_median_three_seeds|family_agnostic_median_three_seeds|mae_seconds,af7e7c49ba06f5c554580173d3dcd73bc9d5a9dd9c6e3d3cd8c94d494fa4b969,0.02617017799639143,family_residual_median_three_seeds,0.0,0.02617017799639143,family_agnostic_median_three_seeds,0.0,0.02617017799639143,0.0
quality_pass_142,quality_pass_142|family_residual_median_three_seeds|family_agnostic_median_three_seeds|mae_seconds,afa0cd93480bae81feca2afdcb909ab13c2934f76b139c27872b18658e5c1f28,0.018968898002640344,family_residual_median_three_seeds,0.0,0.018968898002640344,family_agnostic_median_three_seeds,0.0,0.018968898002640344,0.0
quality_pass_142,quality_pass_142|family_residual_median_three_seeds|family_agnostic_median_three_seeds|mae_seconds,b23a0318d268fcffc78b4f6ce920c98f33487ec34a71cf7b6225b9b6eb93f1bb,24.846454593003727,family_residual_median_three_seeds,17.269964313967368,7.57649027903636,family_agnostic_median_three_seeds,17.31941394002154,7.527040652982187,0.049449626054173024
quality_pass_142,quality_pass_142|family_residual_median_three_seeds|family_agnostic_median_three_seeds|mae_seconds,b5736e26e119a619b687dcc0cf8065475e3805bc0c6180b480e0e36badc289db,0.04377779198694043,family_residual_median_three_seeds,0.09311598763431352,0.04933819564737309,family_agnostic_median_three_seeds,0.2080788403019531,0.16430104831501266,-0.11496285266763957
quality_pass_142,quality_pass_142|family_residual_median_three_seeds|family_agnostic_median_three_seeds|mae_seconds,b5f6ad96b1eb0fc9087c079e22e8a91398b460e24d616ed0d8829247aee24f18,0.017304453009273857,family_residual_median_three_seeds,0.13584315739579242,0.11853870438651856,family_agnostic_median_three_seeds,0.04582071507985001,0.028516262070576157,0.0900224423159424
quality_pass_142,quality_pass_142|family_residual_median_three_seeds|family_agnostic_median_three_seeds|mae_seconds,b6a15d3507225e442ed02c90df5179f09c529df7bf5ee38a8005cc265f4203a6,4.261887058994034,family_residual_median_three_seeds,9.908903559372966,5.647016500378932,family_agnostic_median_three_seeds,4.543543117289155,0.28165605829512064,5.365360442083811
quality_pass_142,quality_pass_142|family_residual_median_three_seeds|family_agnostic_median_three_seeds|mae_seconds,b6afb1122e1baece13144a1d0da78738759129107f453e9579e99e8789e057fe,0.047061582998139784,family_residual_median_three_seeds,0.20770464131252386,0.16064305831438408,family_agnostic_median_three_seeds,0.3088247981171569,0.2617632151190171,-0.10112015680463304
quality_pass_142,quality_pass_142|family_residual_median_three_seeds|family_agnostic_median_three_seeds|mae_seconds,bbafe35368c1a915635c383f6aaa4ec709a7c6e055550875d4de11ca0983dbb5,0.04260586100281216,family_residual_median_three_seeds,0.4425203226521554,0.39991446164934324,family_agnostic_median_three_seeds,0.6247515798591021,0.58214571885629,-0.18223125720694672
quality_pass_142,quality_pass_142|family_residual_median_three_seeds|family_agnostic_median_three_seeds|mae_seconds,bc77f4afad8bbb19a6b320c11bc8f8110a330e395e5c509895e0b6c566cab5e9,0.02530120700248517,family_residual_median_three_seeds,0.013775811974916114,0.011525395027569057,family_agnostic_median_three_seeds,0.027245011806403253,0.0019438048039180818,0.009581590223650975
quality_pass_142,quality_pass_142|family_residual_median_three_seeds|family_agnostic_median_three_seeds|mae_seconds,bc8cb33a3a242fb3ab35191a36313674faaca8fe1839cfa05d79788052424d1d,0.016875350003829226,family_residual_median_three_seeds,0.0,0.016875350003829226,family_agnostic_median_three_seeds,0.0,0.016875350003829226,0.0
quality_pass_142,quality_pass_142|family_residual_median_three_seeds|family_agnostic_median_three_seeds|mae_seconds,bdd8a427e9747bbc01ad8e77a22d61f0314fe8db0de17786839f2193ab0928bd,2.3824428014922887,family_residual_median_three_seeds,1.5383935727892943,0.8440492287029944,family_agnostic_median_three_seeds,1.6213271731925243,0.7611156282997644,0.08293360040322995
quality_pass_142,quality_pass_142|family_residual_median_three_seeds|family_agnostic_median_three_seeds|mae_seconds,c1572e3b6e41c965a5943c21ceacdbad56fc868b4ee02ff4ef8af2d2054a0602,0.22925455200311262,family_residual_median_three_seeds,0.48672974816770637,0.25747519616459374,family_agnostic_median_three_seeds,0.4944487194514524,0.2651941674483398,-0.007718971283746046
quality_pass_142,quality_pass_142|family_residual_median_three_seeds|family_agnostic_median_three_seeds|mae_seconds,c658b0f6c564cc6b7d6d48105e5567caf0660181ca2dbad8b9bdbdd353962fd6,0.11542836799344514,family_residual_median_three_seeds,0.11417256714852043,0.001255800844924701,family_agnostic_median_three_seeds,0.12669618671598512,0.011267818722539985,-0.010012017877615284
quality_pass_142,quality_pass_142|family_residual_median_three_seeds|family_agnostic_median_three_seeds|mae_seconds,c67a77f55c658ad1270fd52c8cbc66319b72ceaa5ca5d4015d775b44e8edd85a,0.014848140999674797,family_residual_median_three_seeds,0.0,0.014848140999674797,family_agnostic_median_three_seeds,0.01240698719831456,0.0024411538013602366,0.01240698719831456
quality_pass_142,quality_pass_142|family_residual_median_three_seeds|family_agnostic_median_three_seeds|mae_seconds,c69c35c09a4dcfe7dd09af0b73be8e5f608531bf0baadd794f6861bcf237e40c,0.033591554005397484,family_residual_median_three_seeds,0.07224966213126505,0.03865810812586756,family_agnostic_median_three_seeds,0.0583695410742676,0.02477798706887012,0.013880121056997444
quality_pass_142,quality_pass_142|family_residual_median_three_seeds|family_agnostic_median_three_seeds|mae_seconds,c6ee0cb7c958cecf010796ce2ad0bb148b9fd660dd52393972c541d9ae422eca,2.3875844230060466,family_residual_median_three_seeds,1.4960336997242183,0.8915507232818283,family_agnostic_median_three_seeds,1.653864815002204,0.7337196080038426,0.15783111527798566
quality_pass_142,quality_pass_142|family_residual_median_three_seeds|family_agnostic_median_three_seeds|mae_seconds,c9931425f0767057491a7e6ab8f1ed937fde917a862097440f57606892bddde9,0.4793449594944832,family_residual_median_three_seeds,0.6687760350366655,0.1894310755421823,family_agnostic_median_three_seeds,0.6616620580563368,0.18231709856185363,0.007113976980328673
quality_pass_142,quality_pass_142|family_residual_median_three_seeds|family_agnostic_median_three_seeds|mae_seconds,cbe1ca5505b485bd87b2e68f2b38ecae377e29f823c30e4c44d3f5f87d4266f7,0.09876574200461619,family_residual_median_three_seeds,0.1289313991732116,0.030165657168595428,family_agnostic_median_three_seeds,0.07586774214835534,0.022897999856260842,0.0072676573123345856
quality_pass_142,quality_pass_142|family_residual_median_three_seeds|family_agnostic_median_three_seeds|mae_seconds,cfadb6828c07bfc2fac00ca0c9c03935e927b88961597b69936fc199a094b9ea,0.017487927005277015,family_residual_median_three_seeds,0.0,0.017487927005277015,family_agnostic_median_three_seeds,0.03674070079269398,0.019252773787416966,-0.0017648467821399505
quality_pass_142,quality_pass_142|family_residual_median_three_seeds|family_agnostic_median_three_seeds|mae_seconds,d06936015124a75ae15e1f94eeb54cc51ab24596726b8110765a69ba66d0e80a,0.1259611449931981,family_residual_median_three_seeds,0.1645312627057568,0.038570117712558694,family_agnostic_median_three_seeds,0.22134690629707632,0.09538576130387821,-0.05681564359131952
quality_pass_142,quality_pass_142|family_residual_median_three_seeds|family_agnostic_median_three_seeds|mae_seconds,d506e52d304853cd9e55834d3112505279aa22e89e70aa7c00dfc57caad3c72c,0.3110688500019023,family_residual_median_three_seeds,0.6051702496370219,0.2941013996351196,family_agnostic_median_three_seeds,0.7748396555783248,0.4637708055764225,-0.16966940594130286
quality_pass_142,quality_pass_142|family_residual_median_three_seeds|family_agnostic_median_three_seeds|mae_seconds,d7a22ac29418bcf9f00346732fe1b985f8e0b9df60273404dabbf4a62027715f,0.04994272699696012,family_residual_median_three_seeds,0.0,0.04994272699696012,family_agnostic_median_three_seeds,0.0,0.04994272699696012,0.0
quality_pass_142,quality_pass_142|family_residual_median_three_seeds|family_agnostic_median_three_seeds|mae_seconds,d7ecd343052e510bdf5fa0f67f2fdbc3ee5ddccd19f39548c2853114a94dece2,0.032444068987388164,family_residual_median_three_seeds,0.0,0.032444068987388164,family_agnostic_median_three_seeds,0.0,0.032444068987388164,0.0
quality_pass_142,quality_pass_142|family_residual_median_three_seeds|family_agnostic_median_three_seeds|mae_seconds,db0e077b1674f90860a270d014aa8226822880dbf36c819dad0bea17881b7eb5,0.09164552399306558,family_residual_median_three_seeds,0.39076557536105244,0.29912005136798686,family_agnostic_median_three_seeds,0.6043831281558312,0.5127376041627656,-0.21361755279477873
quality_pass_142,quality_pass_142|family_residual_median_three_seeds|family_agnostic_median_three_seeds|mae_seconds,dbfb4dd8bf80cda30461759a3169ec60ac535a27409cf938f691179c6a121ebd,0.025913477991707623,family_residual_median_three_seeds,0.16736808868946526,0.14145461069775764,family_agnostic_median_three_seeds,0.20258505818336942,0.1766715801916618,-0.035216969493904154
quality_pass_142,quality_pass_142|family_residual_median_three_seeds|family_agnostic_median_three_seeds|mae_seconds,dc97062e3adcbcaf813cae5e970c8a0357a239b8d4a09e77a4e3e4625532d209,0.022582220000913367,family_residual_median_three_seeds,0.0,0.022582220000913367,family_agnostic_median_three_seeds,0.12534093155832274,0.10275871155740937,-0.080176491556496
quality_pass_142,quality_pass_142|family_residual_median_three_seeds|family_agnostic_median_three_seeds|mae_seconds,dd514cba6fbc94c48a3eb8f2ff2210ef74259e76e7f796394066418bfd93ee86,0.987846089003142,family_residual_median_three_seeds,1.1611524583150958,0.17330636931195387,family_agnostic_median_three_seeds,2.151237773290938,1.163391684287796,-0.9900853149758422
quality_pass_142,quality_pass_142|family_residual_median_three_seeds|family_agnostic_median_three_seeds|mae_seconds,de4639e0b84f220ce7281521fbce5104129cc70befb85198bf93def8d4ba7a65,0.012442961990018375,family_residual_median_three_seeds,0.0,0.012442961990018375,family_agnostic_median_three_seeds,0.0,0.012442961990018375,0.0
quality_pass_142,quality_pass_142|family_residual_median_three_seeds|family_agnostic_median_three_seeds|mae_seconds,de56c0798eca25bd1510d4d10f11e996f0bad2a11ce94a265da0635c161cbcae,0.013786837997031398,family_residual_median_three_seeds,0.012622825429487514,0.0011640125675438841,family_agnostic_median_three_seeds,0.0,0.013786837997031398,-0.012622825429487514
quality_pass_142,quality_pass_142|family_residual_median_three_seeds|family_agnostic_median_three_seeds|mae_seconds,e0c3acec67c0fb535add575a46e01889b30ec7970005214fd2188b94ae3a55a5,0.30664109998906497,family_residual_median_three_seeds,0.5262795158501156,0.2196384158610506,family_agnostic_median_three_seeds,0.47605036081610047,0.1694092608270355,0.050229155034015094
quality_pass_142,quality_pass_142|family_residual_median_three_seeds|family_agnostic_median_three_seeds|mae_seconds,e2fba21685e6e7d22d625d8babcc9c51a8911815153e52fc89277e0efe117045,0.034269919007783756,family_residual_median_three_seeds,0.22210458567296995,0.1878346666651862,family_agnostic_median_three_seeds,0.5821249437934548,0.547855024785671,-0.36002035812048483
quality_pass_142,quality_pass_142|family_residual_median_three_seeds|family_agnostic_median_three_seeds|mae_seconds,e4664972befc3ffed396f3842bf910be22c2fbe7f293d3c295b971dfe094d398,0.21684798199567012,family_residual_median_three_seeds,0.3216704003446582,0.10482241834898809,family_agnostic_median_three_seeds,0.2949217899949396,0.0780738079992695,0.026748610349718593
quality_pass_142,quality_pass_142|family_residual_median_three_seeds|family_agnostic_median_three_seeds|mae_seconds,e8037a4f622df36c65c0e756e11a6c6e3b8b40fbabaffb6cd59ff1cc79f49063,61.17339781799819,family_residual_median_three_seeds,25.339846748996134,35.833551069002056,family_agnostic_median_three_seeds,22.047356312400154,39.12604150559804,-3.2924904365959833
quality_pass_142,quality_pass_142|family_residual_median_three_seeds|family_agnostic_median_three_seeds|mae_seconds,ea84355871fa77560419766f8000de4dcb0eea29468bcb0d89a1c84edff34f61,0.036422210992896,family_residual_median_three_seeds,0.0,0.036422210992896,family_agnostic_median_three_seeds,0.0,0.036422210992896,0.0
quality_pass_142,quality_pass_142|family_residual_median_three_seeds|family_agnostic_median_three_seeds|mae_seconds,eb43007109ad9707544629854cfc7259b0e6aa70c5a618cedacbb7d26dd746a0,1.539023724006256,family_residual_median_three_seeds,1.2252394561372593,0.3137842678689968,family_agnostic_median_three_seeds,1.2764972668885832,0.26252645711767286,0.05125781075132396
quality_pass_142,quality_pass_142|family_residual_median_three_seeds|family_agnostic_median_three_seeds|mae_seconds,edc62038c489069da135981ccefd5c5a2f3cc0a991fa6da4defa393abdb0d2a4,0.12868290600454202,family_residual_median_three_seeds,0.11229803406574593,0.01638487193879609,family_agnostic_median_three_seeds,0.14165354072994568,0.012970634725403662,0.0034142372133924292
quality_pass_142,quality_pass_142|family_residual_median_three_seeds|family_agnostic_median_three_seeds|mae_seconds,f0e0170b510412a7e964e82f14793115a9e53a1b250283a74abd893a45b5f20e,0.30258032999699935,family_residual_median_three_seeds,0.2823385136549414,0.02024181634205796,family_agnostic_median_three_seeds,0.24535067234272265,0.057229657654276705,-0.036987841312218744
quality_pass_142,quality_pass_142|family_residual_median_three_seeds|family_agnostic_median_three_seeds|mae_seconds,f12c9439f3dfce19e2f161aed74fdafb33146528cdb8524425608579de8b6741,0.03252830699784681,family_residual_median_three_seeds,0.024451915726537654,0.008076391271309158,family_agnostic_median_three_seeds,0.09739782207370702,0.06486951507586021,-0.05679312380455105
quality_pass_142,quality_pass_142|family_residual_median_three_seeds|family_agnostic_median_three_seeds|mae_seconds,f2ce48d725be79c1ea5cbfeb36811261c4e74460588e911c3b2916a9303c1cf5,0.08811176200106274,family_residual_median_three_seeds,0.0,0.08811176200106274,family_agnostic_median_three_seeds,0.16814716375325928,0.08003540175219653,0.00807636024886621
quality_pass_142,quality_pass_142|family_residual_median_three_seeds|family_agnostic_median_three_seeds|mae_seconds,f37f599f25c5024b4069e866a31563a6daf0b1495d17d25343f7b3cfac1169ee,0.06516375900537241,family_residual_median_three_seeds,0.05393454671598348,0.011229212289388932,family_agnostic_median_three_seeds,0.020952128547945426,0.04421163045742699,-0.032982418168038055
quality_pass_142,quality_pass_142|family_residual_median_three_seeds|family_agnostic_median_three_seeds|mae_seconds,f76953672a13f3e92397fe3586ff6557882560261e995147a67b931d701c7fcf,2.0946084930037614,family_residual_median_three_seeds,1.3703727995491417,0.7242356934546197,family_agnostic_median_three_seeds,2.1261321183001094,0.031523625296348,0.6927120681582717
quality_pass_142,quality_pass_142|family_residual_median_three_seeds|family_agnostic_median_three_seeds|mae_seconds,f8d88243c9d36e41e0eedeff4898e325d59ba4d8ceb4b81c7b48757ade1e94b4,1.798349431992392,family_residual_median_three_seeds,0.9349311232212207,0.8634183087711713,family_agnostic_median_three_seeds,0.9548601632314928,0.8434892687608992,0.01992904001027207
quality_pass_142,quality_pass_142|family_residual_median_three_seeds|family_agnostic_median_three_seeds|mae_seconds,fa595f88d0ab98542a799af4492f53b2a5e2e88ebc442a9b508abac209d0afcc,1.210094072011998,family_residual_median_three_seeds,0.916768102282726,0.29332596972927194,family_agnostic_median_three_seeds,1.4259783334224727,0.2158842614104748,0.07744170831879715
quality_pass_142,quality_pass_142|family_residual_median_three_seeds|family_agnostic_median_three_seeds|mae_seconds,fcd9497c7764bb185a96cc8b6d1c7878851e9b87e64de7ebf47aa1d16eb3ee0a,0.011232427001232281,family_residual_median_three_seeds,0.3855449041885901,0.37431247718735783,family_agnostic_median_three_seeds,0.0,0.011232427001232281,0.36308005018612555
quality_pass_142,quality_pass_142|family_residual_median_three_seeds|family_agnostic_median_three_seeds|mae_seconds,fea8eb37e38bc24d3352d9446471b5cf8f6b8af6ae4c0f931d5942564936274c,0.6560874409915414,family_residual_median_three_seeds,0.5485126667604492,0.10757477423109219,family_agnostic_median_three_seeds,0.5038582867012091,0.15222915429033224,-0.04465438005924005
quality_pass_142,quality_pass_142|family_residual_median_three_seeds|s85_train_fold_median|mae_seconds,01bfdd8291d6badf1219dd3bf6d7e12559976b8ccb3e67d2548e729dc0c0dc82,0.011743629002012312,family_residual_median_three_seeds,0.0,0.011743629002012312,s85_train_fold_median,0.09876574200461619,0.08702211300260387,-0.07527848400059156
quality_pass_142,quality_pass_142|family_residual_median_three_seeds|s85_train_fold_median|mae_seconds,01de4bb89da48a3fc09c31d41d509c1446c6a4a3b329612c5baf0d39c56a922e,0.14818447300058324,family_residual_median_three_seeds,0.24671527872890792,0.09853080572832468,s85_train_fold_median,0.09164552399306558,0.05653894900751766,0.04199185672080702
quality_pass_142,quality_pass_142|family_residual_median_three_seeds|s85_train_fold_median|mae_seconds,0285fd21a0dd1ca29cd386de85a1a8af49cc7d71f5c86f6451b55a11c68864a8,0.061827234996599145,family_residual_median_three_seeds,0.09312152580550478,0.03129429080890564,s85_train_fold_median,0.09343875200283946,0.03161151700624032,-0.00031722619733468016
quality_pass_142,quality_pass_142|family_residual_median_three_seeds|s85_train_fold_median|mae_seconds,02d66e8b66849fdd0f0581b84924adbd1bd2d7603e25e5e9faa447ac2a6708d0,0.013436506007565185,family_residual_median_three_seeds,0.0,0.013436506007565185,s85_train_fold_median,0.09876574200461619,0.085329235997051,-0.07189272998948582
quality_pass_142,quality_pass_142|family_residual_median_three_seeds|s85_train_fold_median|mae_seconds,040a287609a78a55ab6148ad1a3cc6aa2fcee8b0871b077a9c1a37bee49f69fe,0.05496714099717792,family_residual_median_three_seeds,0.18046508487817037,0.12549794388099245,s85_train_fold_median,0.08930072999646654,0.03433358899928862,0.09116435488170382
quality_pass_142,quality_pass_142|family_residual_median_three_seeds|s85_train_fold_median|mae_seconds,093af0605e834bf0a4f2aef0b46600d12c6b1c913e791fb13e2513048a6b1c70,0.20758254700922407,family_residual_median_three_seeds,0.2589339851658135,0.051351438156589435,s85_train_fold_median,0.08155176150467014,0.12603078550455393,-0.0746793473479645
quality_pass_142,quality_pass_142|family_residual_median_three_seeds|s85_train_fold_median|mae_seconds,0a43a3dbe4a4294a007fa7ec167a24ea300d3762489b98245c2f80ad29727075,0.011986159996013157,family_residual_median_three_seeds,0.0,0.011986159996013157,s85_train_fold_median,0.08930072999646654,0.07731457000045339,-0.06532841000444023
quality_pass_142,quality_pass_142|family_residual_median_three_seeds|s85_train_fold_median|mae_seconds,0a43c652a1c92c83389d952438c22aa0d890a611333da29499d6ff1733925b21,0.4963673050078796,family_residual_median_three_seeds,0.3498937025986218,0.14647360240925783,s85_train_fold_median,0.08930072999646654,0.4070665750114131,-0.26059297260215525
quality_pass_142,quality_pass_142|family_residual_median_three_seeds|s85_train_fold_median|mae_seconds,0f7836c0a3a429dd9b4f2b55a4fab5d6d112458814cb34efb22309ec614c801f,0.46027592998871114,family_residual_median_three_seeds,0.48672974816770637,0.026453818178995225,s85_train_fold_median,0.09876574200461619,0.36151018798409496,-0.33505636980509973
quality_pass_142,quality_pass_142|family_residual_median_three_seeds|s85_train_fold_median|mae_seconds,13721ab5a328b17bf3f8c3692cda844a7e538a8c92530d0c1236f43d3ad5a884,0.016616445005638525,family_residual_median_three_seeds,0.0,0.016616445005638525,s85_train_fold_median,0.09343875200283946,0.07682230699720094,-0.060205861991562415
quality_pass_142,quality_pass_142|family_residual_median_three_seeds|s85_train_fold_median|mae_seconds,15e80264fdff1398ab38bbd9144f853a3a2317e95163fda15a1e9ec2657beecb,0.04471942799864337,family_residual_median_three_seeds,0.08569246369062626,0.04097303569198289,s85_train_fold_median,0.09343875200283946,0.048719324004196096,-0.007746288312213204
quality_pass_142,quality_pass_142|family_residual_median_three_seeds|s85_train_fold_median|mae_seconds,187d76ac82884dc3202418b0e06077eec26afed0c625b228d76b4416e6bfa480,0.10063730050023878,family_residual_median_three_seeds,0.281360444656549,0.18072314415631024,s85_train_fold_median,0.09343875200283946,0.007198548497399315,0.17352459565891093
quality_pass_142,quality_pass_142|family_residual_median_three_seeds|s85_train_fold_median|mae_seconds,1d76cd981622e5ca02125654d00534f3aec623bbb2b95b7ea894049f76916577,0.03339290199801326,family_residual_median_three_seeds,0.05594061202034884,0.022547710022335583,s85_train_fold_median,0.08155176150467014,0.04815885950665688,-0.025611149484321298
quality_pass_142,quality_pass_142|family_residual_median_three_seeds|s85_train_fold_median|mae_seconds,1dab21c93a580f711efff03a0f4a1d82985cf201219e886ab246e03a9011735c,0.030614501010859385,family_residual_median_three_seeds,0.15842418203219902,0.12780968102133963,s85_train_fold_median,0.09164552399306558,0.061031022982206196,0.06677865803913344
quality_pass_142,quality_pass_142|family_residual_median_three_seeds|s85_train_fold_median|mae_seconds,212e0f8a693a745c9fc792b876e7be6ddb0ba051c1b0f558e0819e1437a8a2fb,0.0742775899998378,family_residual_median_three_seeds,0.03596590127593234,0.03831168872390546,s85_train_fold_median,0.09876574200461619,0.024488152004778385,0.013823536719127075
quality_pass_142,quality_pass_142|family_residual_median_three_seeds|s85_train_fold_median|mae_seconds,2372d3228c3e3e38e3351feb553380bce5a543c936f73a400de0e54ab470599a,3.311648521994357,family_residual_median_three_seeds,1.4187113978358332,1.8929371241585238,s85_train_fold_median,0.09164552399306558,3.2200029980012914,-1.3270658738427676
quality_pass_142,quality_pass_142|family_residual_median_three_seeds|s85_train_fold_median|mae_seconds,23a9403cafedb94bbd2f39d4d9106aca7f890047719b80231d86ac9fb8382383,0.024099282003589906,family_residual_median_three_seeds,0.0,0.024099282003589906,s85_train_fold_median,0.08930072999646654,0.06520144799287664,-0.04110216598928673
quality_pass_142,quality_pass_142|family_residual_median_three_seeds|s85_train_fold_median|mae_seconds,242786b0f7d73c715a317cbdc0725596836f08d98ecd6eb06b3b4ac4f3f563fb,0.012309696001466364,family_residual_median_three_seeds,0.20159669747100029,0.18928700146953392,s85_train_fold_median,0.08155176150467014,0.06924206550320378,0.12004493596633015
quality_pass_142,quality_pass_142|family_residual_median_three_seeds|s85_train_fold_median|mae_seconds,28b9eac87132bbff64970708737a94c408cfa435ce16cd395a57ab6fbfe5a6f7,0.23104304699518252,family_residual_median_three_seeds,0.48672974816770637,0.25568670117252384,s85_train_fold_median,0.09876574200461619,0.13227730499056634,0.12340939618195751
quality_pass_142,quality_pass_142|family_residual_median_three_seeds|s85_train_fold_median|mae_seconds,2df018ddcd5f44fd33cd5d80af349db5f84e36d6a5f905ef4611e5e5cc0d03f4,0.3517750959872501,family_residual_median_three_seeds,1.5128130725403803,1.1610379765531302,s85_train_fold_median,0.08155176150467014,0.27022333448257996,0.8908146420705503
quality_pass_142,quality_pass_142|family_residual_median_three_seeds|s85_train_fold_median|mae_seconds,2e57556a1b12802c7368ef21e0eb8e5c9863f768a48a9a4d0771725e60b8a616,0.014956789003917947,family_residual_median_three_seeds,0.13985725015357336,0.12490046114965542,s85_train_fold_median,0.09343875200283946,0.07848196299892152,0.0464184981507339
quality_pass_142,quality_pass_142|family_residual_median_three_seeds|s85_train_fold_median|mae_seconds,2f497b92b87e3e9f44c1ae23dfbffc7309c1550756e6829eb694d42dd4f2ed03,0.47254708799300715,family_residual_median_three_seeds,0.7108354544554787,0.23828836646247153,s85_train_fold_median,0.08155176150467014,0.390995326488337,-0.15270696002586548
quality_pass_142,quality_pass_142|family_residual_median_three_seeds|s85_train_fold_median|mae_seconds,3157278e31c54e80e45de35bfb793aac89eb413e21aabe08b2e0e140de8c0d39,1.504265392999514,family_residual_median_three_seeds,1.2199470072797587,0.2843183857197553,s85_train_fold_median,0.09343875200283946,1.4108266409966745,-1.1265082552769192
quality_pass_142,quality_pass_142|family_residual_median_three_seeds|s85_train_fold_median|mae_seconds,31f7b2533d8a3c05d59b44a9b2d93f44bc48da630d1884cf9df0012199e10a74,0.28342929399514105,family_residual_median_three_seeds,0.4123984953450263,0.12896920134988527,s85_train_fold_median,0.09164552399306558,0.19178377000207547,-0.0628145686521902
quality_pass_142,quality_pass_142|family_residual_median_three_seeds|s85_train_fold_median|mae_seconds,35548785a9c99b0ad9409f18dfbfc3baed0e1dcbb1d95eae8c8510dcda120410,21.334545064004487,family_residual_median_three_seeds,18.754819439380988,2.5797256246234994,s85_train_fold_median,0.08930072999646654,21.24524433400802,-18.66551870938452
quality_pass_142,quality_pass_142|family_residual_median_three_seeds|s85_train_fold_median|mae_seconds,36bb1354ff108648bc8c9c529a2002a53a68e4bfa9bf3529edce11e5d47f851f,0.10353334200044628,family_residual_median_three_seeds,0.0910748857275168,0.012458456272929477,s85_train_fold_median,0.08930072999646654,0.014232612003979739,-0.0017741557310502615
quality_pass_142,quality_pass_142|family_residual_median_three_seeds|s85_train_fold_median|mae_seconds,387f2f6f12a10e034ae5b68c11336a9874e87f20871579eec585bfd7311f38c8,0.0184438720025355,family_residual_median_three_seeds,0.0,0.0184438720025355,s85_train_fold_median,0.08155176150467014,0.06310788950213464,-0.04466401749959914
quality_pass_142,quality_pass_142|family_residual_median_three_seeds|s85_train_fold_median|mae_seconds,3c0ed99f7e5a0409bdadc636b8b7a5dd911304ccbe2e87b32589b91dd44a6a5a,0.019305075009469874,family_residual_median_three_seeds,0.0,0.019305075009469874,s85_train_fold_median,0.09343875200283946,0.07413367699336959,-0.054828601983899716
quality_pass_142,quality_pass_142|family_residual_median_three_seeds|s85_train_fold_median|mae_seconds,3e4560adf43b5c5102bf22f235abcb9dd2ed5e34930cdb929a128226f96e4ea5,0.02327988899196498,family_residual_median_three_seeds,0.0,0.02327988899196498,s85_train_fold_median,0.09164552399306558,0.0683656350011006,-0.04508574600913562
quality_pass_142,quality_pass_142|family_residual_median_three_seeds|s85_train_fold_median|mae_seconds,433844fca892218b1218ca028aafb0eddf1929d5ca52fdea53b3cb324e4055bd,0.020949395999195985,family_residual_median_three_seeds,0.0,0.020949395999195985,s85_train_fold_median,0.09164552399306558,0.0706961279938696,-0.04974673199467361
quality_pass_142,quality_pass_142|family_residual_median_three_seeds|s85_train_fold_median|mae_seconds,451bd8177acaca0301a8bb4d61cb192f26dce1f81d8ab04ca0aded562d525c58,0.13949821100686677,family_residual_median_three_seeds,0.24615014909809554,0.10665193809122878,s85_train_fold_median,0.09164552399306558,0.04785268701380119,0.05879925107742759
quality_pass_142,quality_pass_142|family_residual_median_three_seeds|s85_train_fold_median|mae_seconds,45ca196e391297302c92dc6ea0fd119efa62b2ee88e3b85260561e5fbafa7400,0.04090743300912436,family_residual_median_three_seeds,0.0,0.04090743300912436,s85_train_fold_median,0.09343875200283946,0.052531318993715104,-0.011623885984590743
quality_pass_142,quality_pass_142|family_residual_median_three_seeds|s85_train_fold_median|mae_seconds,47e6743e95c380a13dc5947d9e9b3db26e541efabd4a27134ff26aa14c00ba7d,0.0563912090001395,family_residual_median_three_seeds,0.12723865496418088,0.07084744596404138,s85_train_fold_median,0.09164552399306558,0.035254314992926084,0.0355931309711153
quality_pass_142,quality_pass_142|family_residual_median_three_seeds|s85_train_fold_median|mae_seconds,4b24f68f78c4499a295ab28caa04282d174b7ab2a6b0f5333d3bfe630df72f71,0.014960417000111192,family_residual_median_three_seeds,0.037168538724533864,0.022208121724422672,s85_train_fold_median,0.08930072999646654,0.07434031299635535,-0.05213219127193268
quality_pass_142,quality_pass_142|family_residual_median_three_seeds|s85_train_fold_median|mae_seconds,4b5542071ea595cd62184de26c4f1dac3f6afa86f6450f50a28dbe8e1f865257,0.03412146100890823,family_residual_median_three_seeds,0.013531923346404108,0.02058953766250412,s85_train_fold_median,0.08930072999646654,0.055179268987558316,-0.0345897313250542
quality_pass_142,quality_pass_142|family_residual_median_three_seeds|s85_train_fold_median|mae_seconds,4d5b55eb4b8a0aea0af4bde721618cbe79ed66e0636398ffddc79ace483672a6,0.28497167900786735,family_residual_median_three_seeds,0.4542792793519071,0.16930760034403974,s85_train_fold_median,0.09343875200283946,0.1915329270050279,-0.022225326660988143
quality_pass_142,quality_pass_142|family_residual_median_three_seeds|s85_train_fold_median|mae_seconds,4dd5e72918722dff3c88e277e20e3ecc1e06dfd0601343e784eeb454470800b7,1.0013418259914033,family_residual_median_three_seeds,0.7108354544554787,0.2905063715359246,s85_train_fold_median,0.08155176150467014,0.9197900644867332,-0.6292836929508085
quality_pass_142,quality_pass_142|family_residual_median_three_seeds|s85_train_fold_median|mae_seconds,4df5b36e58378649053c461bf5ee1478fa114ac65c0c14551536b820ce8eafc7,3.2815998400037643,family_residual_median_three_seeds,1.5848654952852863,1.696734344718478,s85_train_fold_median,0.09164552399306558,3.1899543160106987,-1.4932199712922207
quality_pass_142,quality_pass_142|family_residual_median_three_seeds|s85_train_fold_median|mae_seconds,4ee5846eef239e2b0e0d3f950f78b5b4b8af213f0063eb50be6bf50bdbb4385d,0.10320952600159217,family_residual_median_three_seeds,0.09555344607510956,0.007656079926482609,s85_train_fold_median,0.08155176150467014,0.021657764496922027,-0.014001684570439418
quality_pass_142,quality_pass_142|family_residual_median_three_seeds|s85_train_fold_median|mae_seconds,4f2368cad1a087f01b7598f13a9afa3b7cea2d6f9e96f79eb390f62213c97af7,0.8480028839985607,family_residual_median_three_seeds,1.0490018003759765,0.20099891637741574,s85_train_fold_median,0.09876574200461619,0.7492371419939445,-0.5482382256165288
quality_pass_142,quality_pass_142|family_residual_median_three_seeds|s85_train_fold_median|mae_seconds,50a5fc62010017f60b77f8c81e9ddf9bd95419be272d2ec5ed1445aae0c7ac92,0.01633486799255479,family_residual_median_three_seeds,0.0,0.01633486799255479,s85_train_fold_median,0.09343875200283946,0.07710388401028467,-0.06076901601772988
quality_pass_142,quality_pass_142|family_residual_median_three_seeds|s85_train_fold_median|mae_seconds,51e3c5bc60da502bf92a6ed65a7c728a8b957b427652ac8fdaa002b9afc50d40,0.014999819002696313,family_residual_median_three_seeds,0.0,0.014999819002696313,s85_train_fold_median,0.08155176150467014,0.06655194250197383,-0.051552123499277513
quality_pass_142,quality_pass_142|family_residual_median_three_seeds|s85_train_fold_median|mae_seconds,551dfe6ad672d4157a761610fc4c1061ea844868f2106407374764552251d63a,0.03428567500668578,family_residual_median_three_seeds,0.1316083268170087,0.09732265181032293,s85_train_fold_median,0.09164552399306558,0.0573598489863798,0.03996280282394313
quality_pass_142,quality_pass_142|family_residual_median_three_seeds|s85_train_fold_median|mae_seconds,55746e6a2fd8d9c4b8c813443f2db46b072f75db1632dd252298c735fbc72bf0,0.00960345049679745,family_residual_median_three_seeds,0.0,0.00960345049679745,s85_train_fold_median,0.09164552399306558,0.08204207349626813,-0.07243862299947068
quality_pass_142,quality_pass_142|family_residual_median_three_seeds|s85_train_fold_median|mae_seconds,56289d5fdefe63c89244b0849f2e22753ce30832776d74b79de4603006db32f4,0.01758937099657487,family_residual_median_three_seeds,0.014099099715910939,0.0034902712806639327,s85_train_fold_median,0.08155176150467014,0.06396239050809527,-0.060472119227431335
quality_pass_142,quality_pass_142|family_residual_median_three_seeds|s85_train_fold_median|mae_seconds,568570a69663949a1aaac2fe16e74d3d065c7a8e6013e21368a9d8add886d6dc,0.1977772670070408,family_residual_median_three_seeds,0.45259658965133065,0.25481932264428986,s85_train_fold_median,0.09876574200461619,0.0990115250024246,0.15580779764186525
quality_pass_142,quality_pass_142|family_residual_median_three_seeds|s85_train_fold_median|mae_seconds,58501be4f197f4efd57535977a245f6adb39216116363b46836664cd6ca29e10,0.029995589997270145,family_residual_median_three_seeds,0.126535207714728,0.09653961771745787,s85_train_fold_median,0.09876574200461619,0.06877015200734604,0.027769465710111824
quality_pass_142,quality_pass_142|family_residual_median_three_seeds|s85_train_fold_median|mae_seconds,585424315575b559a664523f6ce6236189739069b3872eea4ccdb995a29f8701,0.20420224498957396,family_residual_median_three_seeds,0.38571768259604583,0.18151543760647187,s85_train_fold_median,0.09876574200461619,0.10543650298495777,0.0760789346215141
quality_pass_142,quality_pass_142|family_residual_median_three_seeds|s85_train_fold_median|mae_seconds,5ab4253ed51b729f331c9f3cc78bfecd3ecb2fed2e98818816bf3f64e22f1bfe,0.021421116005512886,family_residual_median_three_seeds,0.0,0.021421116005512886,s85_train_fold_median,0.09876574200461619,0.0773446259991033,-0.055923509993590415
quality_pass_142,quality_pass_142|family_residual_median_three_seeds|s85_train_fold_median|mae_seconds,5d3cc38ff0e2b9054c927b6309c6a8dfaba491733eab08b06cc06f2d333da23d,0.19827942800475284,family_residual_median_three_seeds,0.38418626439660014,0.1859068363918473,s85_train_fold_median,0.08155176150467014,0.1167276665000827,0.06917916989176459
quality_pass_142,quality_pass_142|family_residual_median_three_seeds|s85_train_fold_median|mae_seconds,615d076a941f3eec9d225a20b894c8d30a0c90d4834d03fa0ebd5d13e4b46ded,2.4260954790079268,family_residual_median_three_seeds,1.727494759223515,0.6986007197844117,s85_train_fold_median,0.09876574200461619,2.3273297370033106,-1.6287290172188988
quality_pass_142,quality_pass_142|family_residual_median_three_seeds|s85_train_fold_median|mae_seconds,63b92ee6c5b54da107e9016de97e2cb7768bfb970ebc025650706533e47d3caf,0.04374370000732597,family_residual_median_three_seeds,0.2455934237970936,0.20184972378976762,s85_train_fold_median,0.09876574200461619,0.055022041997290216,0.1468276817924774
quality_pass_142,quality_pass_142|family_residual_median_three_seeds|s85_train_fold_median|mae_seconds,66c9180a271ec04f728ab259ed86a24fe52676e6f40a7614b02f79fd13536c91,0.01599400099075865,family_residual_median_three_seeds,0.0,0.01599400099075865,s85_train_fold_median,0.08930072999646654,0.0733067290057079,-0.057312728014949244
quality_pass_142,quality_pass_142|family_residual_median_three_seeds|s85_train_fold_median|mae_seconds,6a475a20ac3d09839e2b43104ca187037db5ff813b811e0d7356adac93d25244,0.25500052400457207,family_residual_median_three_seeds,0.11072256478808638,0.14427795921648567,s85_train_fold_median,0.09164552399306558,0.1633550000115065,-0.019077040795020817
quality_pass_142,quality_pass_142|family_residual_median_three_seeds|s85_train_fold_median|mae_seconds,6b2f9fea850557b40ca9b69341ec300b1c4fe1f4bf53e94436af2ba1586bac62,0.02461252300417982,family_residual_median_three_seeds,0.0,0.02461252300417982,s85_train_fold_median,0.08930072999646654,0.06468820699228672,-0.0400756839881069
quality_pass_142,quality_pass_142|family_residual_median_three_seeds|s85_train_fold_median|mae_seconds,6cf91acdbcfc0321d1ffcee7c2197fec29f2b9dd83e7c3b56dbe8d583332ccdb,1.1965577070077416,family_residual_median_three_seeds,0.984756094412321,0.21180161259542052,s85_train_fold_median,0.09164552399306558,1.104912183014676,-0.8931105704192555
quality_pass_142,quality_pass_142|family_residual_median_three_seeds|s85_train_fold_median|mae_seconds,6e066adb38de82d96650b3f806e398374e88912fd4688ab9c98f3c94dcd33e16,0.03593193899723701,family_residual_median_three_seeds,0.33284301486286355,0.29691107586562654,s85_train_fold_median,0.08155176150467014,0.04561982250743313,0.2512912533581934
quality_pass_142,quality_pass_142|family_residual_median_three_seeds|s85_train_fold_median|mae_seconds,720a3cec5f9b39a53aa0d59f0ecc24f42f2948fbe56164a033262c628e2ba875,0.6676088839885779,family_residual_median_three_seeds,0.7157930407099575,0.048184156721379656,s85_train_fold_median,0.09164552399306558,0.5759633599955123,-0.5277792032741326
quality_pass_142,quality_pass_142|family_residual_median_three_seeds|s85_train_fold_median|mae_seconds,7344fd4d264c475e52edca02e3426225c78af7ed0bdaae137741a04685725a5d,0.011170979007147253,family_residual_median_three_seeds,0.0,0.011170979007147253,s85_train_fold_median,0.09876574200461619,0.08759476299746893,-0.07642378399032168
quality_pass_142,quality_pass_142|family_residual_median_three_seeds|s85_train_fold_median|mae_seconds,73abe6179f1e84e36777e1d953028143ee3ff00662ddb793d55022d9344b4940,9.536654898009147,family_residual_median_three_seeds,10.875506556055107,1.3388516580459608,s85_train_fold_median,0.09876574200461619,9.43788915600453,-8.09903749795857
quality_pass_142,quality_pass_142|family_residual_median_three_seeds|s85_train_fold_median|mae_seconds,7478da09664f4489c33c18a6ea1974cc9dea86d1adda1f912c3eaeff27c2d5fa,0.055610037001315504,family_residual_median_three_seeds,0.0,0.055610037001315504,s85_train_fold_median,0.08930072999646654,0.03369069299515104,0.021919344006164465
quality_pass_142,quality_pass_142|family_residual_median_three_seeds|s85_train_fold_median|mae_seconds,75b1db396e34d1f1b234ea8dcdc253203a770cecce7f48bb8a126860723c43df,0.013813976998790167,family_residual_median_three_seeds,0.03189405081703532,0.018080073818245154,s85_train_fold_median,0.09164552399306558,0.07783154699427541,-0.05975147317603026
quality_pass_142,quality_pass_142|family_residual_median_three_seeds|s85_train_fold_median|mae_seconds,78d3420407751ab52a65abe926510d585ebd3a5d1934ac31c13b28eca5c5ee8a,0.6137206630082801,family_residual_median_three_seeds,0.4973250338429028,0.11639562916537732,s85_train_fold_median,0.08155176150467014,0.53216890150361,-0.41577327233823264
quality_pass_142,quality_pass_142|family_residual_median_three_seeds|s85_train_fold_median|mae_seconds,78ecec267502f433ab148452979221600becf679520b50ad454009e0ca097af5,0.9436662789958064,family_residual_median_three_seeds,0.8594974321256941,0.08416884687011228,s85_train_fold_median,0.09343875200283946,0.8502275269929669,-0.7660586801228546
quality_pass_142,quality_pass_142|family_residual_median_three_seeds|s85_train_fold_median|mae_seconds,79b8fdfbfe6897a226612f9b9e27a4533aac4b48258335fb7746c5f10989cedc,0.03340627049328759,family_residual_median_three_seeds,0.07224966213126505,0.038843391637977454,s85_train_fold_median,0.09343875200283946,0.06003248150955187,-0.021189089871574418
quality_pass_142,quality_pass_142|family_residual_median_three_seeds|s85_train_fold_median|mae_seconds,7b944ad7e38d98fae66177b6c014ae2878d62bcd1765103c19941653817e7996,0.028299986995989457,family_residual_median_three_seeds,0.014707842778050836,0.01359214421793862,s85_train_fold_median,0.09164552399306558,0.06334553699707612,-0.049753392779137505
quality_pass_142,quality_pass_142|family_residual_median_three_seeds|s85_train_fold_median|mae_seconds,7c8832728feaaf34fac1fda49dfcbfbf655902b5b4eb3f1b11e43f21d15de5bf,0.18511410600331146,family_residual_median_three_seeds,0.1717594157661199,0.013354690237191574,s85_train_fold_median,0.09876574200461619,0.08634836399869528,-0.0729936737615037
quality_pass_142,quality_pass_142|family_residual_median_three_seeds|s85_train_fold_median|mae_seconds,7dafebd46e73b9b279f1ef96da32f7d563de3721b856b4570375ab81951e06fc,0.48330739499942865,family_residual_median_three_seeds,0.6687760350366655,0.18546864003723684,s85_train_fold_median,0.08930072999646654,0.3940066650029621,-0.20853802496572527
quality_pass_142,quality_pass_142|family_residual_median_three_seeds|s85_train_fold_median|mae_seconds,7e02b8d5bbea94c5e0eabb2edd6a74e15949ae6b737fabb55e66a61d47181912,1.295461602989235,family_residual_median_three_seeds,6.450159596859992,5.154697993870757,s85_train_fold_median,0.08155176150467014,1.2139098414845648,3.940788152386192
quality_pass_142,quality_pass_142|family_residual_median_three_seeds|s85_train_fold_median|mae_seconds,7f613ccae98ac8124d086ee9a39d94b1ed019520da8c3277395b109fd22d7d4d,0.021900085994275287,family_residual_median_three_seeds,0.023870923978741153,0.001970837984465866,s85_train_fold_median,0.08155176150467014,0.05965167551039485,-0.05768083752592899
quality_pass_142,quality_pass_142|family_residual_median_three_seeds|s85_train_fold_median|mae_seconds,7fabc879bc998db5c05d7cc5b83db2d1704d7587139b714da9cf82639f4f093e,0.10285567400569562,family_residual_median_three_seeds,0.1638529284989023,0.06099725449320667,s85_train_fold_median,0.08155176150467014,0.02130391250102548,0.03969334199218119
quality_pass_142,quality_pass_142|family_residual_median_three_seeds|s85_train_fold_median|mae_seconds,806f1844d225682cd7d5d0b276b5567caa23697f73064d8a20347024bb03fe40,0.01652392249525292,family_residual_median_three_seeds,0.0,0.01652392249525292,s85_train_fold_median,0.09164552399306558,0.07512160149781266,-0.058597679002559744
quality_pass_142,quality_pass_142|family_residual_median_three_seeds|s85_train_fold_median|mae_seconds,81a66b1daaf97d148a8a075515daf8702349d257883a1dd88e26993c1622351f,0.5699010470125359,family_residual_median_three_seeds,0.44398278197291735,0.1259182650396185,s85_train_fold_median,0.09343875200283946,0.4764622950096964,-0.3505440299700779
quality_pass_142,quality_pass_142|family_residual_median_three_seeds|s85_train_fold_median|mae_seconds,82da8e687716ed31c95e72560edb07e7f6073a5be0f5ebffb17d22aff22c81fd,0.3460227089963155,family_residual_median_three_seeds,0.3232834906724892,0.022739218323826305,s85_train_fold_median,0.08930072999646654,0.25672197899984894,-0.23398276067602264
quality_pass_142,quality_pass_142|family_residual_median_three_seeds|s85_train_fold_median|mae_seconds,84c07c56eef046e3c72823b20fb674075b1ab68a85dc6a06baf7f35983e2bd17,0.036921663995599374,family_residual_median_three_seeds,0.3704817235488991,0.3335600595532997,s85_train_fold_median,0.09876574200461619,0.06184407800901681,0.2717159815442829
quality_pass_142,quality_pass_142|family_residual_median_three_seeds|s85_train_fold_median|mae_seconds,8711737782301f568af1980707e62c989655488357aa858d6c63bb8e206ae4fc,0.45572497400280554,family_residual_median_three_seeds,0.3373909203891409,0.11833405361366461,s85_train_fold_median,0.08155176150467014,0.3741732124981354,-0.2558391588844708
quality_pass_142,quality_pass_142|family_residual_median_three_seeds|s85_train_fold_median|mae_seconds,8c7594c05053bb7af0015bd637170a669e9d39c1da6edce6a769992b6ef5c9cb,0.029765535990009084,family_residual_median_three_seeds,0.0,0.029765535990009084,s85_train_fold_median,0.08930072999646654,0.05953519400645746,-0.029769658016448375
quality_pass_142,quality_pass_142|family_residual_median_three_seeds|s85_train_fold_median|mae_seconds,8d3b3ff10a3a80d0dda4e7043cce2b222aaf9e3cc19caa194b8e87da40266ac5,0.22089128849620465,family_residual_median_three_seeds,0.4582193975466031,0.23732810905039847,s85_train_fold_median,0.09343875200283946,0.1274525364933652,0.10987557255703329
quality_pass_142,quality_pass_142|family_residual_median_three_seeds|s85_train_fold_median|mae_seconds,8e1c1014680274215f87d97c833f99474ed19b3393b2b8eea20a36bde517708b,0.23596165100752842,family_residual_median_three_seeds,0.2589575098967248,0.022995858889196363,s85_train_fold_median,0.08155176150467014,0.15440988950285828,-0.13141403061366191
quality_pass_142,quality_pass_142|family_residual_median_three_seeds|s85_train_fold_median|mae_seconds,8e4821df72704634cb81ea4d738477a8d596a49cba641e6198fdc9970e1d5d2f,0.10458056299830787,family_residual_median_three_seeds,0.18191659585553593,0.07733603285722807,s85_train_fold_median,0.09164552399306558,0.012935039005242288,0.06440099385198578
quality_pass_142,quality_pass_142|family_residual_median_three_seeds|s85_train_fold_median|mae_seconds,8ea085ea0c0185c560746ab5988221e203c457e2afbb475976fb99f718e2dad1,1.4953874835046008,family_residual_median_three_seeds,1.2256286401044054,0.2697588434001954,s85_train_fold_median,0.08155176150467014,1.4138357219999307,-1.1440768785997353
quality_pass_142,quality_pass_142|family_residual_median_three_seeds|s85_train_fold_median|mae_seconds,8f11cd416ae9672f06a39e5ee3a27a70bcbf31d7177cb47270c0cd8512c95381,0.13935058600327466,family_residual_median_three_seeds,0.2343982782071923,0.09504769220391765,s85_train_fold_median,0.09164552399306558,0.047705062010209076,0.047342630193708574
quality_pass_142,quality_pass_142|family_residual_median_three_seeds|s85_train_fold_median|mae_seconds,9110b8773ad1c544b5ec91feaaa99c96975f7577fe6966b0f0df52dab84bef92,0.02539949499623617,family_residual_median_three_seeds,0.0,0.02539949499623617,s85_train_fold_median,0.08155176150467014,0.05615226650843397,-0.030752771512197796
quality_pass_142,quality_pass_142|family_residual_median_three_seeds|s85_train_fold_median|mae_seconds,92c02520f591e3d46218c6839b62acb2a1d5fbcc2ceba197b9265653f1737b24,0.01813236800080631,family_residual_median_three_seeds,0.0,0.01813236800080631,s85_train_fold_median,0.08155176150467014,0.06341939350386383,-0.04528702550305752
quality_pass_142,quality_pass_142|family_residual_median_three_seeds|s85_train_fold_median|mae_seconds,9649572da691c86252b1620cba73350902b9ba3cf4dbdb3fb2e3531588da98c4,0.07614758700947277,family_residual_median_three_seeds,0.0,0.07614758700947277,s85_train_fold_median,0.09164552399306558,0.015497936983592808,0.060649650025879964
quality_pass_142,quality_pass_142|family_residual_median_three_seeds|s85_train_fold_median|mae_seconds,97bdbd3569346cfa4a289ced5de0f3280a495266d423a3af48650bf01484b9be,3.5094549999921583,family_residual_median_three_seeds,4.907584364882597,1.3981293648904387,s85_train_fold_median,0.08930072999646654,3.4201542699956917,-2.022024905105253
quality_pass_142,quality_pass_142|family_residual_median_three_seeds|s85_train_fold_median|mae_seconds,99e0865dc3fced630c02b5b2710b24fd9257ba31d54112cde08a769e974f53c4,0.8848653770110104,family_residual_median_three_seeds,0.9351901737222084,0.05032479671119794,s85_train_fold_median,0.09343875200283946,0.791426625008171,-0.741101828296973
quality_pass_142,quality_pass_142|family_residual_median_three_seeds|s85_train_fold_median|mae_seconds,9b4261e2d98678946a9aefea16ba9b8abcae8409f8589f8fb3daa941694f88c6,0.05269318800128531,family_residual_median_three_seeds,0.06535389468215709,0.012660706680871783,s85_train_fold_median,0.08930072999646654,0.036607541995181236,-0.023946835314309453
quality_pass_142,quality_pass_142|family_residual_median_three_seeds|s85_train_fold_median|mae_seconds,9fc54c185186ff8c504ebdac4e3fa109beb4cf46f86196a3376b3153a7f72962,0.056531766007537954,family_residual_median_three_seeds,0.4723256630183438,0.4157938970108058,s85_train_fold_median,0.09343875200283946,0.03690698599530151,0.3788869110155043
quality_pass_142,quality_pass_142|family_residual_median_three_seeds|s85_train_fold_median|mae_seconds,a3b7d67bad6cd47cb522addfaf763294b1ea99017f443c03052055a2f0074009,79.91749536799034,family_residual_median_three_seeds,21.395803682933128,58.52169168505721,s85_train_fold_median,0.08155176150467014,79.83594360648567,-21.314251921428458
quality_pass_142,quality_pass_142|family_residual_median_three_seeds|s85_train_fold_median|mae_seconds,a4a7b8b8d556570de9ea2db286aaa4245fa50f4619f25f0f7414b16d503458d8,0.953442771002301,family_residual_median_three_seeds,0.4102551186091743,0.5431876523931267,s85_train_fold_median,0.09164552399306558,0.8617972470092354,-0.3186095946161087
quality_pass_142,quality_pass_142|family_residual_median_three_seeds|s85_train_fold_median|mae_seconds,a53b2a3a1ba8397a96b487c44f825f3cab2e0c714b69298f2ab0a839975b173c,5.230783803999657,family_residual_median_three_seeds,1.5383935727892943,3.6923902312103625,s85_train_fold_median,0.08930072999646654,5.14148307400319,-1.4490928427928278
quality_pass_142,quality_pass_142|family_residual_median_three_seeds|s85_train_fold_median|mae_seconds,a70c5b796698f145c5992d324b3a0b5e28eb7301e6f306652a316a55c68f1ae8,0.35253910499159247,family_residual_median_three_seeds,0.3587972249572899,0.006258119965697417,s85_train_fold_median,0.08155176150467014,0.2709873434869223,-0.2647292235212249
quality_pass_142,quality_pass_142|family_residual_median_three_seeds|s85_train_fold_median|mae_seconds,aa91238ec5978b739b87b3a657746a8786de113397a5abeadf726d1dd9c836b3,0.012801228993339464,family_residual_median_three_seeds,0.0,0.012801228993339464,s85_train_fold_median,0.09876574200461619,0.08596451301127672,-0.07316328401793726
quality_pass_142,quality_pass_142|family_residual_median_three_seeds|s85_train_fold_median|mae_seconds,abe368f160ce73db792b3af14a6e120eda4838b15f01376daa204a680d07c5bc,0.0869559359998675,family_residual_median_three_seeds,0.15401072505049065,0.06705478905062315,s85_train_fold_median,0.09876574200461619,0.01180980600474868,0.05524498304587447
quality_pass_142,quality_pass_142|family_residual_median_three_seeds|s85_train_fold_median|mae_seconds,acacd76111e7f23e4224342ca0ab5340b1bdaad3b6eba8893e4036ba14896362,0.012050335993990302,family_residual_median_three_seeds,0.0,0.012050335993990302,s85_train_fold_median,0.09164552399306558,0.07959518799907528,-0.06754485200508498
quality_pass_142,quality_pass_142|family_residual_median_three_seeds|s85_train_fold_median|mae_seconds,af19d23c83544c8b7f6be5c42e0254336c9902c1ef454c06b9d45c4582d2fd3d,0.8332175344985444,family_residual_median_three_seeds,1.0490018003759765,0.21578426587743205,s85_train_fold_median,0.09876574200461619,0.7344517924939282,-0.5186675266164962
quality_pass_142,quality_pass_142|family_residual_median_three_seeds|s85_train_fold_median|mae_seconds,af7e7c49ba06f5c554580173d3dcd73bc9d5a9dd9c6e3d3cd8c94d494fa4b969,0.02617017799639143,family_residual_median_three_seeds,0.0,0.02617017799639143,s85_train_fold_median,0.09876574200461619,0.07259556400822476,-0.046425386011833325
quality_pass_142,quality_pass_142|family_residual_median_three_seeds|s85_train_fold_median|mae_seconds,afa0cd93480bae81feca2afdcb909ab13c2934f76b139c27872b18658e5c1f28,0.018968898002640344,family_residual_median_three_seeds,0.0,0.018968898002640344,s85_train_fold_median,0.09876574200461619,0.07979684400197584,-0.0608279459993355
quality_pass_142,quality_pass_142|family_residual_median_three_seeds|s85_train_fold_median|mae_seconds,b23a0318d268fcffc78b4f6ce920c98f33487ec34a71cf7b6225b9b6eb93f1bb,24.846454593003727,family_residual_median_three_seeds,17.269964313967368,7.57649027903636,s85_train_fold_median,0.08155176150467014,24.764902831499057,-17.188412552462697
quality_pass_142,quality_pass_142|family_residual_median_three_seeds|s85_train_fold_median|mae_seconds,b5736e26e119a619b687dcc0cf8065475e3805bc0c6180b480e0e36badc289db,0.04377779198694043,family_residual_median_three_seeds,0.09311598763431352,0.04933819564737309,s85_train_fold_median,0.09876574200461619,0.05498795001767576,-0.00564975437030267
quality_pass_142,quality_pass_142|family_residual_median_three_seeds|s85_train_fold_median|mae_seconds,b5f6ad96b1eb0fc9087c079e22e8a91398b460e24d616ed0d8829247aee24f18,0.017304453009273857,family_residual_median_three_seeds,0.13584315739579242,0.11853870438651856,s85_train_fold_median,0.08930072999646654,0.07199627698719269,0.046542427399325875
quality_pass_142,quality_pass_142|family_residual_median_three_seeds|s85_train_fold_median|mae_seconds,b6a15d3507225e442ed02c90df5179f09c529df7bf5ee38a8005cc265f4203a6,4.261887058994034,family_residual_median_three_seeds,9.908903559372966,5.647016500378932,s85_train_fold_median,0.08930072999646654,4.172586328997568,1.4744301713813641
quality_pass_142,quality_pass_142|family_residual_median_three_seeds|s85_train_fold_median|mae_seconds,b6afb1122e1baece13144a1d0da78738759129107f453e9579e99e8789e057fe,0.047061582998139784,family_residual_median_three_seeds,0.20770464131252386,0.16064305831438408,s85_train_fold_median,0.09343875200283946,0.04637716900469968,0.1142658893096844
quality_pass_142,quality_pass_142|family_residual_median_three_seeds|s85_train_fold_median|mae_seconds,bbafe35368c1a915635c383f6aaa4ec709a7c6e055550875d4de11ca0983dbb5,0.04260586100281216,family_residual_median_three_seeds,0.4425203226521554,0.39991446164934324,s85_train_fold_median,0.08155176150467014,0.03894590050185798,0.36096856114748527
quality_pass_142,quality_pass_142|family_residual_median_three_seeds|s85_train_fold_median|mae_seconds,bc77f4afad8bbb19a6b320c11bc8f8110a330e395e5c509895e0b6c566cab5e9,0.02530120700248517,family_residual_median_three_seeds,0.013775811974916114,0.011525395027569057,s85_train_fold_median,0.08155176150467014,0.05625055450218497,-0.04472515947461591
quality_pass_142,quality_pass_142|family_residual_median_three_seeds|s85_train_fold_median|mae_seconds,bc8cb33a3a242fb3ab35191a36313674faaca8fe1839cfa05d79788052424d1d,0.016875350003829226,family_residual_median_three_seeds,0.0,0.016875350003829226,s85_train_fold_median,0.09164552399306558,0.07477017398923635,-0.05789482398540713
quality_pass_142,quality_pass_142|family_residual_median_three_seeds|s85_train_fold_median|mae_seconds,bdd8a427e9747bbc01ad8e77a22d61f0314fe8db0de17786839f2193ab0928bd,2.3824428014922887,family_residual_median_three_seeds,1.5383935727892943,0.8440492287029944,s85_train_fold_median,0.08930072999646654,2.293142071495822,-1.4490928427928278
quality_pass_142,quality_pass_142|family_residual_median_three_seeds|s85_train_fold_median|mae_seconds,c1572e3b6e41c965a5943c21ceacdbad56fc868b4ee02ff4ef8af2d2054a0602,0.22925455200311262,family_residual_median_three_seeds,0.48672974816770637,0.25747519616459374,s85_train_fold_median,0.09876574200461619,0.13048880999849644,0.1269863861660973
quality_pass_142,quality_pass_142|family_residual_median_three_seeds|s85_train_fold_median|mae_seconds,c658b0f6c564cc6b7d6d48105e5567caf0660181ca2dbad8b9bdbdd353962fd6,0.11542836799344514,family_residual_median_three_seeds,0.11417256714852043,0.001255800844924701,s85_train_fold_median,0.08930072999646654,0.026127637996978592,-0.02487183715205389
quality_pass_142,quality_pass_142|family_residual_median_three_seeds|s85_train_fold_median|mae_seconds,c67a77f55c658ad1270fd52c8cbc66319b72ceaa5ca5d4015d775b44e8edd85a,0.014848140999674797,family_residual_median_three_seeds,0.0,0.014848140999674797,s85_train_fold_median,0.09876574200461619,0.08391760100494139,-0.06906946000526659
quality_pass_142,quality_pass_142|family_residual_median_three_seeds|s85_train_fold_median|mae_seconds,c69c35c09a4dcfe7dd09af0b73be8e5f608531bf0baadd794f6861bcf237e40c,0.033591554005397484,family_residual_median_three_seeds,0.07224966213126505,0.03865810812586756,s85_train_fold_median,0.09343875200283946,0.05984719799744198,-0.021189089871574418
quality_pass_142,quality_pass_142|family_residual_median_three_seeds|s85_train_fold_median|mae_seconds,c6ee0cb7c958cecf010796ce2ad0bb148b9fd660dd52393972c541d9ae422eca,2.3875844230060466,family_residual_median_three_seeds,1.4960336997242183,0.8915507232818283,s85_train_fold_median,0.08155176150467014,2.3060326615013764,-1.4144819382195482
quality_pass_142,quality_pass_142|family_residual_median_three_seeds|s85_train_fold_median|mae_seconds,c9931425f0767057491a7e6ab8f1ed937fde917a862097440f57606892bddde9,0.4793449594944832,family_residual_median_three_seeds,0.6687760350366655,0.1894310755421823,s85_train_fold_median,0.08930072999646654,0.39004422949801665,-0.20061315395583434
quality_pass_142,quality_pass_142|family_residual_median_three_seeds|s85_train_fold_median|mae_seconds,cbe1ca5505b485bd87b2e68f2b38ecae377e29f823c30e4c44d3f5f87d4266f7,0.09876574200461619,family_residual_median_three_seeds,0.1289313991732116,0.030165657168595428,s85_train_fold_median,0.09164552399306558,0.007120218011550605,0.023045439157044822
quality_pass_142,quality_pass_142|family_residual_median_three_seeds|s85_train_fold_median|mae_seconds,cfadb6828c07bfc2fac00ca0c9c03935e927b88961597b69936fc199a094b9ea,0.017487927005277015,family_residual_median_three_seeds,0.0,0.017487927005277015,s85_train_fold_median,0.08930072999646654,0.07181280299118953,-0.05432487598591251
quality_pass_142,quality_pass_142|family_residual_median_three_seeds|s85_train_fold_median|mae_seconds,d06936015124a75ae15e1f94eeb54cc51ab24596726b8110765a69ba66d0e80a,0.1259611449931981,family_residual_median_three_seeds,0.1645312627057568,0.038570117712558694,s85_train_fold_median,0.08930072999646654,0.03666041499673156,0.001909702715827133
quality_pass_142,quality_pass_142|family_residual_median_three_seeds|s85_train_fold_median|mae_seconds,d506e52d304853cd9e55834d3112505279aa22e89e70aa7c00dfc57caad3c72c,0.3110688500019023,family_residual_median_three_seeds,0.6051702496370219,0.2941013996351196,s85_train_fold_median,0.08930072999646654,0.22176812000543578,0.07233327962968383
quality_pass_142,quality_pass_142|family_residual_median_three_seeds|s85_train_fold_median|mae_seconds,d7a22ac29418bcf9f00346732fe1b985f8e0b9df60273404dabbf4a62027715f,0.04994272699696012,family_residual_median_three_seeds,0.0,0.04994272699696012,s85_train_fold_median,0.08930072999646654,0.039358002999506425,0.010584723997453693
quality_pass_142,quality_pass_142|family_residual_median_three_seeds|s85_train_fold_median|mae_seconds,d7ecd343052e510bdf5fa0f67f2fdbc3ee5ddccd19f39548c2853114a94dece2,0.032444068987388164,family_residual_median_three_seeds,0.0,0.032444068987388164,s85_train_fold_median,0.08155176150467014,0.049107692517281976,-0.016663623529893812
quality_pass_142,quality_pass_142|family_residual_median_three_seeds|s85_train_fold_median|mae_seconds,db0e077b1674f90860a270d014aa8226822880dbf36c819dad0bea17881b7eb5,0.09164552399306558,family_residual_median_three_seeds,0.39076557536105244,0.29912005136798686,s85_train_fold_median,0.09343875200283946,0.001793228009773884,0.297326823358213
quality_pass_142,quality_pass_142|family_residual_median_three_seeds|s85_train_fold_median|mae_seconds,dbfb4dd8bf80cda30461759a3169ec60ac535a27409cf938f691179c6a121ebd,0.025913477991707623,family_residual_median_three_seeds,0.16736808868946526,0.14145461069775764,s85_train_fold_median,0.08930072999646654,0.06338725200475892,0.07806735869299872
quality_pass_142,quality_pass_142|family_residual_median_three_seeds|s85_train_fold_median|mae_seconds,dc97062e3adcbcaf813cae5e970c8a0357a239b8d4a09e77a4e3e4625532d209,0.022582220000913367,family_residual_median_three_seeds,0.0,0.022582220000913367,s85_train_fold_median,0.09164552399306558,0.06906330399215221,-0.04648108399123885
quality_pass_142,quality_pass_142|family_residual_median_three_seeds|s85_train_fold_median|mae_seconds,dd514cba6fbc94c48a3eb8f2ff2210ef74259e76e7f796394066418bfd93ee86,0.987846089003142,family_residual_median_three_seeds,1.1611524583150958,0.17330636931195387,s85_train_fold_median,0.09876574200461619,0.8890803469985258,-0.7157739776865719
quality_pass_142,quality_pass_142|family_residual_median_three_seeds|s85_train_fold_median|mae_seconds,de4639e0b84f220ce7281521fbce5104129cc70befb85198bf93def8d4ba7a65,0.012442961990018375,family_residual_median_three_seeds,0.0,0.012442961990018375,s85_train_fold_median,0.08155176150467014,0.06910879951465176,-0.05666583752463339
quality_pass_142,quality_pass_142|family_residual_median_three_seeds|s85_train_fold_median|mae_seconds,de56c0798eca25bd1510d4d10f11e996f0bad2a11ce94a265da0635c161cbcae,0.013786837997031398,family_residual_median_three_seeds,0.012622825429487514,0.0011640125675438841,s85_train_fold_median,0.08930072999646654,0.07551389199943515,-0.07434987943189127
quality_pass_142,quality_pass_142|family_residual_median_three_seeds|s85_train_fold_median|mae_seconds,e0c3acec67c0fb535add575a46e01889b30ec7970005214fd2188b94ae3a55a5,0.30664109998906497,family_residual_median_three_seeds,0.5262795158501156,0.2196384158610506,s85_train_fold_median,0.08930072999646654,0.21734036999259843,0.00229804586845217
quality_pass_142,quality_pass_142|family_residual_median_three_seeds|s85_train_fold_median|mae_seconds,e2fba21685e6e7d22d625d8babcc9c51a8911815153e52fc89277e0efe117045,0.034269919007783756,family_residual_median_three_seeds,0.22210458567296995,0.1878346666651862,s85_train_fold_median,0.09343875200283946,0.05916883299505571,0.12866583367013049
quality_pass_142,quality_pass_142|family_residual_median_three_seeds|s85_train_fold_median|mae_seconds,e4664972befc3ffed396f3842bf910be22c2fbe7f293d3c295b971dfe094d398,0.21684798199567012,family_residual_median_three_seeds,0.3216704003446582,0.10482241834898809,s85_train_fold_median,0.09343875200283946,0.12340922999283066,-0.01858681164384257
quality_pass_142,quality_pass_142|family_residual_median_three_seeds|s85_train_fold_median|mae_seconds,e8037a4f622df36c65c0e756e11a6c6e3b8b40fbabaffb6cd59ff1cc79f49063,61.17339781799819,family_residual_median_three_seeds,25.339846748996134,35.833551069002056,s85_train_fold_median,0.08930072999646654,61.08409708800173,-25.25054601899967
quality_pass_142,quality_pass_142|family_residual_median_three_seeds|s85_train_fold_median|mae_seconds,ea84355871fa77560419766f8000de4dcb0eea29468bcb0d89a1c84edff34f61,0.036422210992896,family_residual_median_three_seeds,0.0,0.036422210992896,s85_train_fold_median,0.08930072999646654,0.052878519003570545,-0.016456308010674547
quality_pass_142,quality_pass_142|family_residual_median_three_seeds|s85_train_fold_median|mae_seconds,eb43007109ad9707544629854cfc7259b0e6aa70c5a618cedacbb7d26dd746a0,1.539023724006256,family_residual_median_three_seeds,1.2252394561372593,0.3137842678689968,s85_train_fold_median,0.08930072999646654,1.4497229940097895,-1.1359387261407927
quality_pass_142,quality_pass_142|family_residual_median_three_seeds|s85_train_fold_median|mae_seconds,edc62038c489069da135981ccefd5c5a2f3cc0a991fa6da4defa393abdb0d2a4,0.12868290600454202,family_residual_median_three_seeds,0.11229803406574593,0.01638487193879609,s85_train_fold_median,0.08155176150467014,0.04713114449987188,-0.030746272561075788
quality_pass_142,quality_pass_142|family_residual_median_three_seeds|s85_train_fold_median|mae_seconds,f0e0170b510412a7e964e82f14793115a9e53a1b250283a74abd893a45b5f20e,0.30258032999699935,family_residual_median_three_seeds,0.2823385136549414,0.02024181634205796,s85_train_fold_median,0.09343875200283946,0.2091415779941599,-0.18889976165210193
quality_pass_142,quality_pass_142|family_residual_median_three_seeds|s85_train_fold_median|mae_seconds,f12c9439f3dfce19e2f161aed74fdafb33146528cdb8524425608579de8b6741,0.03252830699784681,family_residual_median_three_seeds,0.024451915726537654,0.008076391271309158,s85_train_fold_median,0.08930072999646654,0.05677242299861973,-0.048696031727310574
quality_pass_142,quality_pass_142|family_residual_median_three_seeds|s85_train_fold_median|mae_seconds,f2ce48d725be79c1ea5cbfeb36811261c4e74460588e911c3b2916a9303c1cf5,0.08811176200106274,family_residual_median_three_seeds,0.0,0.08811176200106274,s85_train_fold_median,0.08930072999646654,0.0011889679954038002,0.08692279400565894
quality_pass_142,quality_pass_142|family_residual_median_three_seeds|s85_train_fold_median|mae_seconds,f37f599f25c5024b4069e866a31563a6daf0b1495d17d25343f7b3cfac1169ee,0.06516375900537241,family_residual_median_three_seeds,0.05393454671598348,0.011229212289388932,s85_train_fold_median,0.09164552399306558,0.026481764987693168,-0.015252552698304236
quality_pass_142,quality_pass_142|family_residual_median_three_seeds|s85_train_fold_median|mae_seconds,f76953672a13f3e92397fe3586ff6557882560261e995147a67b931d701c7fcf,2.0946084930037614,family_residual_median_three_seeds,1.3703727995491417,0.7242356934546197,s85_train_fold_median,0.08155176150467014,2.0130567314990913,-1.2888210380444716
quality_pass_142,quality_pass_142|family_residual_median_three_seeds|s85_train_fold_median|mae_seconds,f8d88243c9d36e41e0eedeff4898e325d59ba4d8ceb4b81c7b48757ade1e94b4,1.798349431992392,family_residual_median_three_seeds,0.9349311232212207,0.8634183087711713,s85_train_fold_median,0.08930072999646654,1.7090487019959255,-0.8456303932247542
quality_pass_142,quality_pass_142|family_residual_median_three_seeds|s85_train_fold_median|mae_seconds,fa595f88d0ab98542a799af4492f53b2a5e2e88ebc442a9b508abac209d0afcc,1.210094072011998,family_residual_median_three_seeds,0.916768102282726,0.29332596972927194,s85_train_fold_median,0.09343875200283946,1.1166553200091585,-0.8233293502798865
quality_pass_142,quality_pass_142|family_residual_median_three_seeds|s85_train_fold_median|mae_seconds,fcd9497c7764bb185a96cc8b6d1c7878851e9b87e64de7ebf47aa1d16eb3ee0a,0.011232427001232281,family_residual_median_three_seeds,0.3855449041885901,0.37431247718735783,s85_train_fold_median,0.08155176150467014,0.07031933450343786,0.30399314268391997
quality_pass_142,quality_pass_142|family_residual_median_three_seeds|s85_train_fold_median|mae_seconds,fea8eb37e38bc24d3352d9446471b5cf8f6b8af6ae4c0f931d5942564936274c,0.6560874409915414,family_residual_median_three_seeds,0.5485126667604492,0.10757477423109219,s85_train_fold_median,0.09343875200283946,0.5626486889887019,-0.4550739147576097
quality_pass_142,quality_pass_142|family_residual_median_three_seeds|s85_ridge_alpha_1|mae_seconds,01bfdd8291d6badf1219dd3bf6d7e12559976b8ccb3e67d2548e729dc0c0dc82,0.011743629002012312,family_residual_median_three_seeds,0.0,0.011743629002012312,s85_ridge_alpha_1,0.010036280378699303,0.0017073486233130097,0.010036280378699303
quality_pass_142,quality_pass_142|family_residual_median_three_seeds|s85_ridge_alpha_1|mae_seconds,01de4bb89da48a3fc09c31d41d509c1446c6a4a3b329612c5baf0d39c56a922e,0.14818447300058324,family_residual_median_three_seeds,0.24671527872890792,0.09853080572832468,s85_ridge_alpha_1,0.36313146352767944,0.2149469905270962,-0.11641618479877153
quality_pass_142,quality_pass_142|family_residual_median_three_seeds|s85_ridge_alpha_1|mae_seconds,0285fd21a0dd1ca29cd386de85a1a8af49cc7d71f5c86f6451b55a11c68864a8,0.061827234996599145,family_residual_median_three_seeds,0.09312152580550478,0.03129429080890564,s85_ridge_alpha_1,0.18197545409202576,0.12014821909542661,-0.08885392828652097
quality_pass_142,quality_pass_142|family_residual_median_three_seeds|s85_ridge_alpha_1|mae_seconds,02d66e8b66849fdd0f0581b84924adbd1bd2d7603e25e5e9faa447ac2a6708d0,0.013436506007565185,family_residual_median_three_seeds,0.0,0.013436506007565185,s85_ridge_alpha_1,0.0,0.013436506007565185,0.0
quality_pass_142,quality_pass_142|family_residual_median_three_seeds|s85_ridge_alpha_1|mae_seconds,040a287609a78a55ab6148ad1a3cc6aa2fcee8b0871b077a9c1a37bee49f69fe,0.05496714099717792,family_residual_median_three_seeds,0.18046508487817037,0.12549794388099245,s85_ridge_alpha_1,0.0,0.05496714099717792,0.07053080288381453
quality_pass_142,quality_pass_142|family_residual_median_three_seeds|s85_ridge_alpha_1|mae_seconds,093af0605e834bf0a4f2aef0b46600d12c6b1c913e791fb13e2513048a6b1c70,0.20758254700922407,family_residual_median_three_seeds,0.2589339851658135,0.051351438156589435,s85_ridge_alpha_1,0.19363930821418762,0.01394323879503645,0.037408199361552985
quality_pass_142,quality_pass_142|family_residual_median_three_seeds|s85_ridge_alpha_1|mae_seconds,0a43a3dbe4a4294a007fa7ec167a24ea300d3762489b98245c2f80ad29727075,0.011986159996013157,family_residual_median_three_seeds,0.0,0.011986159996013157,s85_ridge_alpha_1,0.0,0.011986159996013157,0.0
quality_pass_142,quality_pass_142|family_residual_median_three_seeds|s85_ridge_alpha_1|mae_seconds,0a43c652a1c92c83389d952438c22aa0d890a611333da29499d6ff1733925b21,0.4963673050078796,family_residual_median_three_seeds,0.3498937025986218,0.14647360240925783,s85_ridge_alpha_1,0.0780043825507164,0.4183629224571632,-0.2718893200479054
quality_pass_142,quality_pass_142|family_residual_median_three_seeds|s85_ridge_alpha_1|mae_seconds,0f7836c0a3a429dd9b4f2b55a4fab5d6d112458814cb34efb22309ec614c801f,0.46027592998871114,family_residual_median_three_seeds,0.48672974816770637,0.026453818178995225,s85_ridge_alpha_1,0.9468616247177124,0.48658569472900126,-0.46013187655000604
quality_pass_142,quality_pass_142|family_residual_median_three_seeds|s85_ridge_alpha_1|mae_seconds,13721ab5a328b17bf3f8c3692cda844a7e538a8c92530d0c1236f43d3ad5a884,0.016616445005638525,family_residual_median_three_seeds,0.0,0.016616445005638525,s85_ridge_alpha_1,0.0,0.016616445005638525,0.0
quality_pass_142,quality_pass_142|family_residual_median_three_seeds|s85_ridge_alpha_1|mae_seconds,15e80264fdff1398ab38bbd9144f853a3a2317e95163fda15a1e9ec2657beecb,0.04471942799864337,family_residual_median_three_seeds,0.08569246369062626,0.04097303569198289,s85_ridge_alpha_1,0.5628754496574402,0.5181560216587968,-0.4771829859668139
quality_pass_142,quality_pass_142|family_residual_median_three_seeds|s85_ridge_alpha_1|mae_seconds,187d76ac82884dc3202418b0e06077eec26afed0c625b228d76b4416e6bfa480,0.10063730050023878,family_residual_median_three_seeds,0.281360444656549,0.18072314415631024,s85_ridge_alpha_1,0.620552122592926,0.5199148220926872,-0.339191677936377
quality_pass_142,quality_pass_142|family_residual_median_three_seeds|s85_ridge_alpha_1|mae_seconds,1d76cd981622e5ca02125654d00534f3aec623bbb2b95b7ea894049f76916577,0.03339290199801326,family_residual_median_three_seeds,0.05594061202034884,0.022547710022335583,s85_ridge_alpha_1,0.0,0.03339290199801326,-0.010845191975677675
quality_pass_142,quality_pass_142|family_residual_median_three_seeds|s85_ridge_alpha_1|mae_seconds,1dab21c93a580f711efff03a0f4a1d82985cf201219e886ab246e03a9011735c,0.030614501010859385,family_residual_median_three_seeds,0.15842418203219902,0.12780968102133963,s85_ridge_alpha_1,0.18742211163043976,0.15680761061958037,-0.02899792959824074
quality_pass_142,quality_pass_142|family_residual_median_three_seeds|s85_ridge_alpha_1|mae_seconds,212e0f8a693a745c9fc792b876e7be6ddb0ba051c1b0f558e0819e1437a8a2fb,0.0742775899998378,family_residual_median_three_seeds,0.03596590127593234,0.03831168872390546,s85_ridge_alpha_1,0.3653813898563385,0.2911037998565007,-0.25279211113259525
quality_pass_142,quality_pass_142|family_residual_median_three_seeds|s85_ridge_alpha_1|mae_seconds,2372d3228c3e3e38e3351feb553380bce5a543c936f73a400de0e54ab470599a,3.311648521994357,family_residual_median_three_seeds,1.4187113978358332,1.8929371241585238,s85_ridge_alpha_1,1.5138936042785645,1.7977549177157925,0.09518220644273123
quality_pass_142,quality_pass_142|family_residual_median_three_seeds|s85_ridge_alpha_1|mae_seconds,23a9403cafedb94bbd2f39d4d9106aca7f890047719b80231d86ac9fb8382383,0.024099282003589906,family_residual_median_three_seeds,0.0,0.024099282003589906,s85_ridge_alpha_1,0.0,0.024099282003589906,0.0
quality_pass_142,quality_pass_142|family_residual_median_three_seeds|s85_ridge_alpha_1|mae_seconds,242786b0f7d73c715a317cbdc0725596836f08d98ecd6eb06b3b4ac4f3f563fb,0.012309696001466364,family_residual_median_three_seeds,0.20159669747100029,0.18928700146953392,s85_ridge_alpha_1,0.0,0.012309696001466364,0.17697730546806756
quality_pass_142,quality_pass_142|family_residual_median_three_seeds|s85_ridge_alpha_1|mae_seconds,28b9eac87132bbff64970708737a94c408cfa435ce16cd395a57ab6fbfe5a6f7,0.23104304699518252,family_residual_median_three_seeds,0.48672974816770637,0.25568670117252384,s85_ridge_alpha_1,0.9468616247177124,0.7158185777225299,-0.46013187655000604
quality_pass_142,quality_pass_142|family_residual_median_three_seeds|s85_ridge_alpha_1|mae_seconds,2df018ddcd5f44fd33cd5d80af349db5f84e36d6a5f905ef4611e5e5cc0d03f4,0.3517750959872501,family_residual_median_three_seeds,1.5128130725403803,1.1610379765531302,s85_ridge_alpha_1,3.0208284854888916,2.6690533895016415,-1.5080154129485113
quality_pass_142,quality_pass_142|family_residual_median_three_seeds|s85_ridge_alpha_1|mae_seconds,2e57556a1b12802c7368ef21e0eb8e5c9863f768a48a9a4d0771725e60b8a616,0.014956789003917947,family_residual_median_three_seeds,0.13985725015357336,0.12490046114965542,s85_ridge_alpha_1,0.41813355684280396,0.403176767838886,-0.2782763066892306
quality_pass_142,quality_pass_142|family_residual_median_three_seeds|s85_ridge_alpha_1|mae_seconds,2f497b92b87e3e9f44c1ae23dfbffc7309c1550756e6829eb694d42dd4f2ed03,0.47254708799300715,family_residual_median_three_seeds,0.7108354544554787,0.23828836646247153,s85_ridge_alpha_1,1.054726243019104,0.5821791550260969,-0.3438907885636253
quality_pass_142,quality_pass_142|family_residual_median_three_seeds|s85_ridge_alpha_1|mae_seconds,3157278e31c54e80e45de35bfb793aac89eb413e21aabe08b2e0e140de8c0d39,1.504265392999514,family_residual_median_three_seeds,1.2199470072797587,0.2843183857197553,s85_ridge_alpha_1,1.7000348567962646,0.19576946379675064,0.08854892192300468
quality_pass_142,quality_pass_142|family_residual_median_three_seeds|s85_ridge_alpha_1|mae_seconds,31f7b2533d8a3c05d59b44a9b2d93f44bc48da630d1884cf9df0012199e10a74,0.28342929399514105,family_residual_median_three_seeds,0.4123984953450263,0.12896920134988527,s85_ridge_alpha_1,0.3756398856639862,0.09221059166884515,0.03675860968104011
quality_pass_142,quality_pass_142|family_residual_median_three_seeds|s85_ridge_alpha_1|mae_seconds,35548785a9c99b0ad9409f18dfbfc3baed0e1dcbb1d95eae8c8510dcda120410,21.334545064004487,family_residual_median_three_seeds,18.754819439380988,2.5797256246234994,s85_ridge_alpha_1,9.908562660217285,11.425982403787202,-8.846256779163703
quality_pass_142,quality_pass_142|family_residual_median_three_seeds|s85_ridge_alpha_1|mae_seconds,36bb1354ff108648bc8c9c529a2002a53a68e4bfa9bf3529edce11e5d47f851f,0.10353334200044628,family_residual_median_three_seeds,0.0910748857275168,0.012458456272929477,s85_ridge_alpha_1,0.5380944013595581,0.4345610593591118,-0.42210260308618236
quality_pass_142,quality_pass_142|family_residual_median_three_seeds|s85_ridge_alpha_1|mae_seconds,387f2f6f12a10e034ae5b68c11336a9874e87f20871579eec585bfd7311f38c8,0.0184438720025355,family_residual_median_three_seeds,0.0,0.0184438720025355,s85_ridge_alpha_1,0.05707935243844986,0.03863548043591436,-0.02019160843337886
quality_pass_142,quality_pass_142|family_residual_median_three_seeds|s85_ridge_alpha_1|mae_seconds,3c0ed99f7e5a0409bdadc636b8b7a5dd911304ccbe2e87b32589b91dd44a6a5a,0.019305075009469874,family_residual_median_three_seeds,0.0,0.019305075009469874,s85_ridge_alpha_1,0.10213227570056915,0.08282720069109928,-0.0635221256816294
quality_pass_142,quality_pass_142|family_residual_median_three_seeds|s85_ridge_alpha_1|mae_seconds,3e4560adf43b5c5102bf22f235abcb9dd2ed5e34930cdb929a128226f96e4ea5,0.02327988899196498,family_residual_median_three_seeds,0.0,0.02327988899196498,s85_ridge_alpha_1,0.0,0.02327988899196498,0.0
quality_pass_142,quality_pass_142|family_residual_median_three_seeds|s85_ridge_alpha_1|mae_seconds,433844fca892218b1218ca028aafb0eddf1929d5ca52fdea53b3cb324e4055bd,0.020949395999195985,family_residual_median_three_seeds,0.0,0.020949395999195985,s85_ridge_alpha_1,0.02457640878856182,0.0036270127893658355,0.01732238320983015
quality_pass_142,quality_pass_142|family_residual_median_three_seeds|s85_ridge_alpha_1|mae_seconds,451bd8177acaca0301a8bb4d61cb192f26dce1f81d8ab04ca0aded562d525c58,0.13949821100686677,family_residual_median_three_seeds,0.24615014909809554,0.10665193809122878,s85_ridge_alpha_1,0.8609421849250793,0.7214439739182126,-0.6147920358269838
quality_pass_142,quality_pass_142|family_residual_median_three_seeds|s85_ridge_alpha_1|mae_seconds,45ca196e391297302c92dc6ea0fd119efa62b2ee88e3b85260561e5fbafa7400,0.04090743300912436,family_residual_median_three_seeds,0.0,0.04090743300912436,s85_ridge_alpha_1,0.09433962404727936,0.053432191038155,-0.012524758029030636
quality_pass_142,quality_pass_142|family_residual_median_three_seeds|s85_ridge_alpha_1|mae_seconds,47e6743e95c380a13dc5947d9e9b3db26e541efabd4a27134ff26aa14c00ba7d,0.0563912090001395,family_residual_median_three_seeds,0.12723865496418088,0.07084744596404138,s85_ridge_alpha_1,0.22434186935424805,0.16795066035410855,-0.09710321439006717
quality_pass_142,quality_pass_142|family_residual_median_three_seeds|s85_ridge_alpha_1|mae_seconds,4b24f68f78c4499a295ab28caa04282d174b7ab2a6b0f5333d3bfe630df72f71,0.014960417000111192,family_residual_median_three_seeds,0.037168538724533864,0.022208121724422672,s85_ridge_alpha_1,0.2954809069633484,0.2805204899632372,-0.25831236823881454
quality_pass_142,quality_pass_142|family_residual_median_three_seeds|s85_ridge_alpha_1|mae_seconds,4b5542071ea595cd62184de26c4f1dac3f6afa86f6450f50a28dbe8e1f865257,0.03412146100890823,family_residual_median_three_seeds,0.013531923346404108,0.02058953766250412,s85_ridge_alpha_1,0.2389044165611267,0.20478295555221848,-0.18419341788971436
quality_pass_142,quality_pass_142|family_residual_median_three_seeds|s85_ridge_alpha_1|mae_seconds,4d5b55eb4b8a0aea0af4bde721618cbe79ed66e0636398ffddc79ace483672a6,0.28497167900786735,family_residual_median_three_seeds,0.4542792793519071,0.16930760034403974,s85_ridge_alpha_1,0.173960879445076,0.11101079956279136,0.05829680078124838
quality_pass_142,quality_pass_142|family_residual_median_three_seeds|s85_ridge_alpha_1|mae_seconds,4dd5e72918722dff3c88e277e20e3ecc1e06dfd0601343e784eeb454470800b7,1.0013418259914033,family_residual_median_three_seeds,0.7108354544554787,0.2905063715359246,s85_ridge_alpha_1,1.054726243019104,0.05338441702770069,0.23712195450822393
quality_pass_142,quality_pass_142|family_residual_median_three_seeds|s85_ridge_alpha_1|mae_seconds,4df5b36e58378649053c461bf5ee1478fa114ac65c0c14551536b820ce8eafc7,3.2815998400037643,family_residual_median_three_seeds,1.5848654952852863,1.696734344718478,s85_ridge_alpha_1,1.8897210359573364,1.3918788040464278,0.3048555406720501
quality_pass_142,quality_pass_142|family_residual_median_three_seeds|s85_ridge_alpha_1|mae_seconds,4ee5846eef239e2b0e0d3f950f78b5b4b8af213f0063eb50be6bf50bdbb4385d,0.10320952600159217,family_residual_median_three_seeds,0.09555344607510956,0.007656079926482609,s85_ridge_alpha_1,0.24583420157432556,0.1426246755727334,-0.1349685956462508
quality_pass_142,quality_pass_142|family_residual_median_three_seeds|s85_ridge_alpha_1|mae_seconds,4f2368cad1a087f01b7598f13a9afa3b7cea2d6f9e96f79eb390f62213c97af7,0.8480028839985607,family_residual_median_three_seeds,1.0490018003759765,0.20099891637741574,s85_ridge_alpha_1,1.5268231630325317,0.678820279033971,-0.4778213626565553
quality_pass_142,quality_pass_142|family_residual_median_three_seeds|s85_ridge_alpha_1|mae_seconds,50a5fc62010017f60b77f8c81e9ddf9bd95419be272d2ec5ed1445aae0c7ac92,0.01633486799255479,family_residual_median_three_seeds,0.0,0.01633486799255479,s85_ridge_alpha_1,0.0,0.01633486799255479,0.0
quality_pass_142,quality_pass_142|family_residual_median_three_seeds|s85_ridge_alpha_1|mae_seconds,51e3c5bc60da502bf92a6ed65a7c728a8b957b427652ac8fdaa002b9afc50d40,0.014999819002696313,family_residual_median_three_seeds,0.0,0.014999819002696313,s85_ridge_alpha_1,0.0,0.014999819002696313,0.0
quality_pass_142,quality_pass_142|family_residual_median_three_seeds|s85_ridge_alpha_1|mae_seconds,551dfe6ad672d4157a761610fc4c1061ea844868f2106407374764552251d63a,0.03428567500668578,family_residual_median_three_seeds,0.1316083268170087,0.09732265181032293,s85_ridge_alpha_1,0.0,0.03428567500668578,0.06303697680363715
quality_pass_142,quality_pass_142|family_residual_median_three_seeds|s85_ridge_alpha_1|mae_seconds,55746e6a2fd8d9c4b8c813443f2db46b072f75db1632dd252298c735fbc72bf0,0.00960345049679745,family_residual_median_three_seeds,0.0,0.00960345049679745,s85_ridge_alpha_1,0.0,0.00960345049679745,0.0
quality_pass_142,quality_pass_142|family_residual_median_three_seeds|s85_ridge_alpha_1|mae_seconds,56289d5fdefe63c89244b0849f2e22753ce30832776d74b79de4603006db32f4,0.01758937099657487,family_residual_median_three_seeds,0.014099099715910939,0.0034902712806639327,s85_ridge_alpha_1,0.0,0.01758937099657487,-0.014099099715910939
quality_pass_142,quality_pass_142|family_residual_median_three_seeds|s85_ridge_alpha_1|mae_seconds,568570a69663949a1aaac2fe16e74d3d065c7a8e6013e21368a9d8add886d6dc,0.1977772670070408,family_residual_median_three_seeds,0.45259658965133065,0.25481932264428986,s85_ridge_alpha_1,0.6271830201148987,0.4294057531078579,-0.17458643046356803
quality_pass_142,quality_pass_142|family_residual_median_three_seeds|s85_ridge_alpha_1|mae_seconds,58501be4f197f4efd57535977a245f6adb39216116363b46836664cd6ca29e10,0.029995589997270145,family_residual_median_three_seeds,0.126535207714728,0.09653961771745787,s85_ridge_alpha_1,0.03652861341834068,0.0065330234210705385,0.09000659429638733
quality_pass_142,quality_pass_142|family_residual_median_three_seeds|s85_ridge_alpha_1|mae_seconds,585424315575b559a664523f6ce6236189739069b3872eea4ccdb995a29f8701,0.20420224498957396,family_residual_median_three_seeds,0.38571768259604583,0.18151543760647187,s85_ridge_alpha_1,0.6163951754570007,0.4121929304674268,-0.2306774928609549
quality_pass_142,quality_pass_142|family_residual_median_three_seeds|s85_ridge_alpha_1|mae_seconds,5ab4253ed51b729f331c9f3cc78bfecd3ecb2fed2e98818816bf3f64e22f1bfe,0.021421116005512886,family_residual_median_three_seeds,0.0,0.021421116005512886,s85_ridge_alpha_1,0.042994216084480286,0.0215731000789674,-0.00015198407345451415
quality_pass_142,quality_pass_142|family_residual_median_three_seeds|s85_ridge_alpha_1|mae_seconds,5d3cc38ff0e2b9054c927b6309c6a8dfaba491733eab08b06cc06f2d333da23d,0.19827942800475284,family_residual_median_three_seeds,0.38418626439660014,0.1859068363918473,s85_ridge_alpha_1,0.2890167832374573,0.09073735523270443,0.09516948115914287
quality_pass_142,quality_pass_142|family_residual_median_three_seeds|s85_ridge_alpha_1|mae_seconds,615d076a941f3eec9d225a20b894c8d30a0c90d4834d03fa0ebd5d13e4b46ded,2.4260954790079268,family_residual_median_three_seeds,1.727494759223515,0.6986007197844117,s85_ridge_alpha_1,2.0503389835357666,0.37575649547216017,0.32284422431225157
quality_pass_142,quality_pass_142|family_residual_median_three_seeds|s85_ridge_alpha_1|mae_seconds,63b92ee6c5b54da107e9016de97e2cb7768bfb970ebc025650706533e47d3caf,0.04374370000732597,family_residual_median_three_seeds,0.2455934237970936,0.20184972378976762,s85_ridge_alpha_1,0.06907631456851959,0.025332614561193623,0.176517109228574
quality_pass_142,quality_pass_142|family_residual_median_three_seeds|s85_ridge_alpha_1|mae_seconds,66c9180a271ec04f728ab259ed86a24fe52676e6f40a7614b02f79fd13536c91,0.01599400099075865,family_residual_median_three_seeds,0.0,0.01599400099075865,s85_ridge_alpha_1,0.0,0.01599400099075865,0.0
quality_pass_142,quality_pass_142|family_residual_median_three_seeds|s85_ridge_alpha_1|mae_seconds,6a475a20ac3d09839e2b43104ca187037db5ff813b811e0d7356adac93d25244,0.25500052400457207,family_residual_median_three_seeds,0.11072256478808638,0.14427795921648567,s85_ridge_alpha_1,0.0,0.25500052400457207,-0.1107225647880864
quality_pass_142,quality_pass_142|family_residual_median_three_seeds|s85_ridge_alpha_1|mae_seconds,6b2f9fea850557b40ca9b69341ec300b1c4fe1f4bf53e94436af2ba1586bac62,0.02461252300417982,family_residual_median_three_seeds,0.0,0.02461252300417982,s85_ridge_alpha_1,0.02835066057741642,0.0037381375732365996,0.02087438543094322
quality_pass_142,quality_pass_142|family_residual_median_three_seeds|s85_ridge_alpha_1|mae_seconds,6cf91acdbcfc0321d1ffcee7c2197fec29f2b9dd83e7c3b56dbe8d583332ccdb,1.1965577070077416,family_residual_median_three_seeds,0.984756094412321,0.21180161259542052,s85_ridge_alpha_1,1.5516005754470825,0.35504286843934096,-0.14324125584392045
quality_pass_142,quality_pass_142|family_residual_median_three_seeds|s85_ridge_alpha_1|mae_seconds,6e066adb38de82d96650b3f806e398374e88912fd4688ab9c98f3c94dcd33e16,0.03593193899723701,family_residual_median_three_seeds,0.33284301486286355,0.29691107586562654,s85_ridge_alpha_1,0.134780615568161,0.098848676570924,0.19806239929470254
quality_pass_142,quality_pass_142|family_residual_median_three_seeds|s85_ridge_alpha_1|mae_seconds,720a3cec5f9b39a53aa0d59f0ecc24f42f2948fbe56164a033262c628e2ba875,0.6676088839885779,family_residual_median_three_seeds,0.7157930407099575,0.048184156721379656,s85_ridge_alpha_1,1.352980613708496,0.6853717297199182,-0.6371875729985386
quality_pass_142,quality_pass_142|family_residual_median_three_seeds|s85_ridge_alpha_1|mae_seconds,7344fd4d264c475e52edca02e3426225c78af7ed0bdaae137741a04685725a5d,0.011170979007147253,family_residual_median_three_seeds,0.0,0.011170979007147253,s85_ridge_alpha_1,0.0,0.011170979007147253,0.0
quality_pass_142,quality_pass_142|family_residual_median_three_seeds|s85_ridge_alpha_1|mae_seconds,73abe6179f1e84e36777e1d953028143ee3ff00662ddb793d55022d9344b4940,9.536654898009147,family_residual_median_three_seeds,10.875506556055107,1.3388516580459608,s85_ridge_alpha_1,9.852718353271484,0.3160634552623378,1.022788202783623
quality_pass_142,quality_pass_142|family_residual_median_three_seeds|s85_ridge_alpha_1|mae_seconds,7478da09664f4489c33c18a6ea1974cc9dea86d1adda1f912c3eaeff27c2d5fa,0.055610037001315504,family_residual_median_three_seeds,0.0,0.055610037001315504,s85_ridge_alpha_1,0.09026233851909637,0.03465230151778087,0.020957735483534634
quality_pass_142,quality_pass_142|family_residual_median_three_seeds|s85_ridge_alpha_1|mae_seconds,75b1db396e34d1f1b234ea8dcdc253203a770cecce7f48bb8a126860723c43df,0.013813976998790167,family_residual_median_three_seeds,0.03189405081703532,0.018080073818245154,s85_ridge_alpha_1,0.0,0.013813976998790167,0.004266096819454987
quality_pass_142,quality_pass_142|family_residual_median_three_seeds|s85_ridge_alpha_1|mae_seconds,78d3420407751ab52a65abe926510d585ebd3a5d1934ac31c13b28eca5c5ee8a,0.6137206630082801,family_residual_median_three_seeds,0.4973250338429028,0.11639562916537732,s85_ridge_alpha_1,0.7202188968658447,0.10649823385756463,0.009897395307812695
quality_pass_142,quality_pass_142|family_residual_median_three_seeds|s85_ridge_alpha_1|mae_seconds,78ecec267502f433ab148452979221600becf679520b50ad454009e0ca097af5,0.9436662789958064,family_residual_median_three_seeds,0.8594974321256941,0.08416884687011228,s85_ridge_alpha_1,0.9813985824584961,0.03773230346268974,0.04643654340742254
quality_pass_142,quality_pass_142|family_residual_median_three_seeds|s85_ridge_alpha_1|mae_seconds,79b8fdfbfe6897a226612f9b9e27a4533aac4b48258335fb7746c5f10989cedc,0.03340627049328759,family_residual_median_three_seeds,0.07224966213126505,0.038843391637977454,s85_ridge_alpha_1,0.28902721405029297,0.2556209435570054,-0.21677755191902792
quality_pass_142,quality_pass_142|family_residual_median_three_seeds|s85_ridge_alpha_1|mae_seconds,7b944ad7e38d98fae66177b6c014ae2878d62bcd1765103c19941653817e7996,0.028299986995989457,family_residual_median_three_seeds,0.014707842778050836,0.01359214421793862,s85_ridge_alpha_1,0.0,0.028299986995989457,-0.014707842778050836
quality_pass_142,quality_pass_142|family_residual_median_three_seeds|s85_ridge_alpha_1|mae_seconds,7c8832728feaaf34fac1fda49dfcbfbf655902b5b4eb3f1b11e43f21d15de5bf,0.18511410600331146,family_residual_median_three_seeds,0.1717594157661199,0.013354690237191574,s85_ridge_alpha_1,0.35975512862205505,0.1746410226187436,-0.16128633238155202
quality_pass_142,quality_pass_142|family_residual_median_three_seeds|s85_ridge_alpha_1|mae_seconds,7dafebd46e73b9b279f1ef96da32f7d563de3721b856b4570375ab81951e06fc,0.48330739499942865,family_residual_median_three_seeds,0.6687760350366655,0.18546864003723684,s85_ridge_alpha_1,1.058846116065979,0.5755387210665504,-0.3900700810293135
quality_pass_142,quality_pass_142|family_residual_median_three_seeds|s85_ridge_alpha_1|mae_seconds,7e02b8d5bbea94c5e0eabb2edd6a74e15949ae6b737fabb55e66a61d47181912,1.295461602989235,family_residual_median_three_seeds,6.450159596859992,5.154697993870757,s85_ridge_alpha_1,4.704477310180664,3.409015707191429,1.7456822866793278
quality_pass_142,quality_pass_142|family_residual_median_three_seeds|s85_ridge_alpha_1|mae_seconds,7f613ccae98ac8124d086ee9a39d94b1ed019520da8c3277395b109fd22d7d4d,0.021900085994275287,family_residual_median_three_seeds,0.023870923978741153,0.001970837984465866,s85_ridge_alpha_1,0.0,0.021900085994275287,-0.01992924800980942
quality_pass_142,quality_pass_142|family_residual_median_three_seeds|s85_ridge_alpha_1|mae_seconds,7fabc879bc998db5c05d7cc5b83db2d1704d7587139b714da9cf82639f4f093e,0.10285567400569562,family_residual_median_three_seeds,0.1638529284989023,0.06099725449320667,s85_ridge_alpha_1,0.518398642539978,0.4155429685342824,-0.3545457140410757
quality_pass_142,quality_pass_142|family_residual_median_three_seeds|s85_ridge_alpha_1|mae_seconds,806f1844d225682cd7d5d0b276b5567caa23697f73064d8a20347024bb03fe40,0.01652392249525292,family_residual_median_three_seeds,0.0,0.01652392249525292,s85_ridge_alpha_1,0.0,0.01652392249525292,0.0
quality_pass_142,quality_pass_142|family_residual_median_three_seeds|s85_ridge_alpha_1|mae_seconds,81a66b1daaf97d148a8a075515daf8702349d257883a1dd88e26993c1622351f,0.5699010470125359,family_residual_median_three_seeds,0.44398278197291735,0.1259182650396185,s85_ridge_alpha_1,0.36520418524742126,0.2046968617651146,-0.07877859672549609
quality_pass_142,quality_pass_142|family_residual_median_three_seeds|s85_ridge_alpha_1|mae_seconds,82da8e687716ed31c95e72560edb07e7f6073a5be0f5ebffb17d22aff22c81fd,0.3460227089963155,family_residual_median_three_seeds,0.3232834906724892,0.022739218323826305,s85_ridge_alpha_1,0.37192949652671814,0.025906787530402653,-0.0031675692065763483
quality_pass_142,quality_pass_142|family_residual_median_three_seeds|s85_ridge_alpha_1|mae_seconds,84c07c56eef046e3c72823b20fb674075b1ab68a85dc6a06baf7f35983e2bd17,0.036921663995599374,family_residual_median_three_seeds,0.3704817235488991,0.3335600595532997,s85_ridge_alpha_1,0.3094576299190521,0.27253596592345275,0.061024093629846954
quality_pass_142,quality_pass_142|family_residual_median_three_seeds|s85_ridge_alpha_1|mae_seconds,8711737782301f568af1980707e62c989655488357aa858d6c63bb8e206ae4fc,0.45572497400280554,family_residual_median_three_seeds,0.3373909203891409,0.11833405361366461,s85_ridge_alpha_1,0.4662967324256897,0.010571758422884159,0.10776229519078045
quality_pass_142,quality_pass_142|family_residual_median_three_seeds|s85_ridge_alpha_1|mae_seconds,8c7594c05053bb7af0015bd637170a669e9d39c1da6edce6a769992b6ef5c9cb,0.029765535990009084,family_residual_median_three_seeds,0.0,0.029765535990009084,s85_ridge_alpha_1,0.0,0.029765535990009084,0.0
quality_pass_142,quality_pass_142|family_residual_median_three_seeds|s85_ridge_alpha_1|mae_seconds,8d3b3ff10a3a80d0dda4e7043cce2b222aaf9e3cc19caa194b8e87da40266ac5,0.22089128849620465,family_residual_median_three_seeds,0.4582193975466031,0.23732810905039847,s85_ridge_alpha_1,0.9213619232177734,0.7004706347215688,-0.4631425256711703
quality_pass_142,quality_pass_142|family_residual_median_three_seeds|s85_ridge_alpha_1|mae_seconds,8e1c1014680274215f87d97c833f99474ed19b3393b2b8eea20a36bde517708b,0.23596165100752842,family_residual_median_three_seeds,0.2589575098967248,0.022995858889196363,s85_ridge_alpha_1,0.17497175931930542,0.060989891688223,-0.037994032799026634
quality_pass_142,quality_pass_142|family_residual_median_three_seeds|s85_ridge_alpha_1|mae_seconds,8e4821df72704634cb81ea4d738477a8d596a49cba641e6198fdc9970e1d5d2f,0.10458056299830787,family_residual_median_three_seeds,0.18191659585553593,0.07733603285722807,s85_ridge_alpha_1,0.4231930077075958,0.31861244470928796,-0.2412764118520599
quality_pass_142,quality_pass_142|family_residual_median_three_seeds|s85_ridge_alpha_1|mae_seconds,8ea085ea0c0185c560746ab5988221e203c457e2afbb475976fb99f718e2dad1,1.4953874835046008,family_residual_median_three_seeds,1.2256286401044054,0.2697588434001954,s85_ridge_alpha_1,1.5235555171966553,0.02816803369205445,0.24159080970814095
quality_pass_142,quality_pass_142|family_residual_median_three_seeds|s85_ridge_alpha_1|mae_seconds,8f11cd416ae9672f06a39e5ee3a27a70bcbf31d7177cb47270c0cd8512c95381,0.13935058600327466,family_residual_median_three_seeds,0.2343982782071923,0.09504769220391765,s85_ridge_alpha_1,0.17940932512283325,0.040058739119558595,0.054988953084359055
quality_pass_142,quality_pass_142|family_residual_median_three_seeds|s85_ridge_alpha_1|mae_seconds,9110b8773ad1c544b5ec91feaaa99c96975f7577fe6966b0f0df52dab84bef92,0.02539949499623617,family_residual_median_three_seeds,0.0,0.02539949499623617,s85_ridge_alpha_1,0.631998598575592,0.6065991035793559,-0.5811996085831197
quality_pass_142,quality_pass_142|family_residual_median_three_seeds|s85_ridge_alpha_1|mae_seconds,92c02520f591e3d46218c6839b62acb2a1d5fbcc2ceba197b9265653f1737b24,0.01813236800080631,family_residual_median_three_seeds,0.0,0.01813236800080631,s85_ridge_alpha_1,0.0,0.01813236800080631,0.0
quality_pass_142,quality_pass_142|family_residual_median_three_seeds|s85_ridge_alpha_1|mae_seconds,9649572da691c86252b1620cba73350902b9ba3cf4dbdb3fb2e3531588da98c4,0.07614758700947277,family_residual_median_three_seeds,0.0,0.07614758700947277,s85_ridge_alpha_1,0.0,0.07614758700947277,0.0
quality_pass_142,quality_pass_142|family_residual_median_three_seeds|s85_ridge_alpha_1|mae_seconds,97bdbd3569346cfa4a289ced5de0f3280a495266d423a3af48650bf01484b9be,3.5094549999921583,family_residual_median_three_seeds,4.907584364882597,1.3981293648904387,s85_ridge_alpha_1,4.865993499755859,1.3565384997637011,0.0415908651267376
quality_pass_142,quality_pass_142|family_residual_median_three_seeds|s85_ridge_alpha_1|mae_seconds,99e0865dc3fced630c02b5b2710b24fd9257ba31d54112cde08a769e974f53c4,0.8848653770110104,family_residual_median_three_seeds,0.9351901737222084,0.05032479671119794,s85_ridge_alpha_1,1.4568123817443848,0.5719470047333743,-0.5216222080221764
quality_pass_142,quality_pass_142|family_residual_median_three_seeds|s85_ridge_alpha_1|mae_seconds,9b4261e2d98678946a9aefea16ba9b8abcae8409f8589f8fb3daa941694f88c6,0.05269318800128531,family_residual_median_three_seeds,0.06535389468215709,0.012660706680871783,s85_ridge_alpha_1,0.21938619017601013,0.16669300217472482,-0.15403229549385306
quality_pass_142,quality_pass_142|family_residual_median_three_seeds|s85_ridge_alpha_1|mae_seconds,9fc54c185186ff8c504ebdac4e3fa109beb4cf46f86196a3376b3153a7f72962,0.056531766007537954,family_residual_median_three_seeds,0.4723256630183438,0.4157938970108058,s85_ridge_alpha_1,0.0,0.056531766007537954,0.35926213100326787
quality_pass_142,quality_pass_142|family_residual_median_three_seeds|s85_ridge_alpha_1|mae_seconds,a3b7d67bad6cd47cb522addfaf763294b1ea99017f443c03052055a2f0074009,79.91749536799034,family_residual_median_three_seeds,21.395803682933128,58.52169168505721,s85_ridge_alpha_1,11.346359252929688,68.57113611506065,-10.04944443000344
quality_pass_142,quality_pass_142|family_residual_median_three_seeds|s85_ridge_alpha_1|mae_seconds,a4a7b8b8d556570de9ea2db286aaa4245fa50f4619f25f0f7414b16d503458d8,0.953442771002301,family_residual_median_three_seeds,0.4102551186091743,0.5431876523931267,s85_ridge_alpha_1,0.0,0.953442771002301,-0.4102551186091743
quality_pass_142,quality_pass_142|family_residual_median_three_seeds|s85_ridge_alpha_1|mae_seconds,a53b2a3a1ba8397a96b487c44f825f3cab2e0c714b69298f2ab0a839975b173c,5.230783803999657,family_residual_median_three_seeds,1.5383935727892943,3.6923902312103625,s85_ridge_alpha_1,1.7194139957427979,3.511369808256859,0.1810204229535035
quality_pass_142,quality_pass_142|family_residual_median_three_seeds|s85_ridge_alpha_1|mae_seconds,a70c5b796698f145c5992d324b3a0b5e28eb7301e6f306652a316a55c68f1ae8,0.35253910499159247,family_residual_median_three_seeds,0.3587972249572899,0.006258119965697417,s85_ridge_alpha_1,0.5917072892189026,0.23916818422731012,-0.2329100642616127
quality_pass_142,quality_pass_142|family_residual_median_three_seeds|s85_ridge_alpha_1|mae_seconds,aa91238ec5978b739b87b3a657746a8786de113397a5abeadf726d1dd9c836b3,0.012801228993339464,family_residual_median_three_seeds,0.0,0.012801228993339464,s85_ridge_alpha_1,0.0,0.012801228993339464,0.0
quality_pass_142,quality_pass_142|family_residual_median_three_seeds|s85_ridge_alpha_1|mae_seconds,abe368f160ce73db792b3af14a6e120eda4838b15f01376daa204a680d07c5bc,0.0869559359998675,family_residual_median_three_seeds,0.15401072505049065,0.06705478905062315,s85_ridge_alpha_1,0.12683166563510895,0.03987572963524144,0.027179059415381707
quality_pass_142,quality_pass_142|family_residual_median_three_seeds|s85_ridge_alpha_1|mae_seconds,acacd76111e7f23e4224342ca0ab5340b1bdaad3b6eba8893e4036ba14896362,0.012050335993990302,family_residual_median_three_seeds,0.0,0.012050335993990302,s85_ridge_alpha_1,0.0,0.012050335993990302,0.0
quality_pass_142,quality_pass_142|family_residual_median_three_seeds|s85_ridge_alpha_1|mae_seconds,af19d23c83544c8b7f6be5c42e0254336c9902c1ef454c06b9d45c4582d2fd3d,0.8332175344985444,family_residual_median_three_seeds,1.0490018003759765,0.21578426587743205,s85_ridge_alpha_1,1.5268231630325317,0.6936056285339873,-0.4778213626565553
quality_pass_142,quality_pass_142|family_residual_median_three_seeds|s85_ridge_alpha_1|mae_seconds,af7e7c49ba06f5c554580173d3dcd73bc9d5a9dd9c6e3d3cd8c94d494fa4b969,0.02617017799639143,family_residual_median_three_seeds,0.0,0.02617017799639143,s85_ridge_alpha_1,0.0,0.02617017799639143,0.0
quality_pass_142,quality_pass_142|family_residual_median_three_seeds|s85_ridge_alpha_1|mae_seconds,afa0cd93480bae81feca2afdcb909ab13c2934f76b139c27872b18658e5c1f28,0.018968898002640344,family_residual_median_three_seeds,0.0,0.018968898002640344,s85_ridge_alpha_1,0.0,0.018968898002640344,0.0
quality_pass_142,quality_pass_142|family_residual_median_three_seeds|s85_ridge_alpha_1|mae_seconds,b23a0318d268fcffc78b4f6ce920c98f33487ec34a71cf7b6225b9b6eb93f1bb,24.846454593003727,family_residual_median_three_seeds,17.269964313967368,7.57649027903636,s85_ridge_alpha_1,16.2271728515625,8.619281741441227,-1.0427914624048675
quality_pass_142,quality_pass_142|family_residual_median_three_seeds|s85_ridge_alpha_1|mae_seconds,b5736e26e119a619b687dcc0cf8065475e3805bc0c6180b480e0e36badc289db,0.04377779198694043,family_residual_median_three_seeds,0.09311598763431352,0.04933819564737309,s85_ridge_alpha_1,0.0,0.04377779198694043,0.0055604036604326584
quality_pass_142,quality_pass_142|family_residual_median_three_seeds|s85_ridge_alpha_1|mae_seconds,b5f6ad96b1eb0fc9087c079e22e8a91398b460e24d616ed0d8829247aee24f18,0.017304453009273857,family_residual_median_three_seeds,0.13584315739579242,0.11853870438651856,s85_ridge_alpha_1,0.440279096364975,0.4229746433557011,-0.30443593896918253
quality_pass_142,quality_pass_142|family_residual_median_three_seeds|s85_ridge_alpha_1|mae_seconds,b6a15d3507225e442ed02c90df5179f09c529df7bf5ee38a8005cc265f4203a6,4.261887058994034,family_residual_median_three_seeds,9.908903559372966,5.647016500378932,s85_ridge_alpha_1,4.551915645599365,0.29002858660533093,5.356987913773601
quality_pass_142,quality_pass_142|family_residual_median_three_seeds|s85_ridge_alpha_1|mae_seconds,b6afb1122e1baece13144a1d0da78738759129107f453e9579e99e8789e057fe,0.047061582998139784,family_residual_median_three_seeds,0.20770464131252386,0.16064305831438408,s85_ridge_alpha_1,0.0,0.047061582998139784,0.1135814753162443
quality_pass_142,quality_pass_142|family_residual_median_three_seeds|s85_ridge_alpha_1|mae_seconds,bbafe35368c1a915635c383f6aaa4ec709a7c6e055550875d4de11ca0983dbb5,0.04260586100281216,family_residual_median_three_seeds,0.4425203226521554,0.39991446164934324,s85_ridge_alpha_1,0.16144974529743195,0.11884388429461978,0.28107057735472346
quality_pass_142,quality_pass_142|family_residual_median_three_seeds|s85_ridge_alpha_1|mae_seconds,bc77f4afad8bbb19a6b320c11bc8f8110a330e395e5c509895e0b6c566cab5e9,0.02530120700248517,family_residual_median_three_seeds,0.013775811974916114,0.011525395027569057,s85_ridge_alpha_1,0.10293129831552505,0.07763009131303988,-0.06610469628547083
quality_pass_142,quality_pass_142|family_residual_median_three_seeds|s85_ridge_alpha_1|mae_seconds,bc8cb33a3a242fb3ab35191a36313674faaca8fe1839cfa05d79788052424d1d,0.016875350003829226,family_residual_median_three_seeds,0.0,0.016875350003829226,s85_ridge_alpha_1,0.0,0.016875350003829226,0.0
quality_pass_142,quality_pass_142|family_residual_median_three_seeds|s85_ridge_alpha_1|mae_seconds,bdd8a427e9747bbc01ad8e77a22d61f0314fe8db0de17786839f2193ab0928bd,2.3824428014922887,family_residual_median_three_seeds,1.5383935727892943,0.8440492287029944,s85_ridge_alpha_1,1.7194139957427979,0.6630288057494909,0.1810204229535035
quality_pass_142,quality_pass_142|family_residual_median_three_seeds|s85_ridge_alpha_1|mae_seconds,c1572e3b6e41c965a5943c21ceacdbad56fc868b4ee02ff4ef8af2d2054a0602,0.22925455200311262,family_residual_median_three_seeds,0.48672974816770637,0.25747519616459374,s85_ridge_alpha_1,0.9468616247177124,0.7176070727145998,-0.46013187655000604
quality_pass_142,quality_pass_142|family_residual_median_three_seeds|s85_ridge_alpha_1|mae_seconds,c658b0f6c564cc6b7d6d48105e5567caf0660181ca2dbad8b9bdbdd353962fd6,0.11542836799344514,family_residual_median_three_seeds,0.11417256714852043,0.001255800844924701,s85_ridge_alpha_1,0.20839077234268188,0.09296240434923675,-0.09170660350431205
quality_pass_142,quality_pass_142|family_residual_median_three_seeds|s85_ridge_alpha_1|mae_seconds,c67a77f55c658ad1270fd52c8cbc66319b72ceaa5ca5d4015d775b44e8edd85a,0.014848140999674797,family_residual_median_three_seeds,0.0,0.014848140999674797,s85_ridge_alpha_1,0.2128245234489441,0.1979763824492693,-0.1831282414495945
quality_pass_142,quality_pass_142|family_residual_median_three_seeds|s85_ridge_alpha_1|mae_seconds,c69c35c09a4dcfe7dd09af0b73be8e5f608531bf0baadd794f6861bcf237e40c,0.033591554005397484,family_residual_median_three_seeds,0.07224966213126505,0.03865810812586756,s85_ridge_alpha_1,0.28902721405029297,0.2554356600448955,-0.21677755191902792
quality_pass_142,quality_pass_142|family_residual_median_three_seeds|s85_ridge_alpha_1|mae_seconds,c6ee0cb7c958cecf010796ce2ad0bb148b9fd660dd52393972c541d9ae422eca,2.3875844230060466,family_residual_median_three_seeds,1.4960336997242183,0.8915507232818283,s85_ridge_alpha_1,1.7401244640350342,0.6474599589710124,0.2440907643108159
quality_pass_142,quality_pass_142|family_residual_median_three_seeds|s85_ridge_alpha_1|mae_seconds,c9931425f0767057491a7e6ab8f1ed937fde917a862097440f57606892bddde9,0.4793449594944832,family_residual_median_three_seeds,0.6687760350366655,0.1894310755421823,s85_ridge_alpha_1,1.058846116065979,0.5795011565714958,-0.3900700810293135
quality_pass_142,quality_pass_142|family_residual_median_three_seeds|s85_ridge_alpha_1|mae_seconds,cbe1ca5505b485bd87b2e68f2b38ecae377e29f823c30e4c44d3f5f87d4266f7,0.09876574200461619,family_residual_median_three_seeds,0.1289313991732116,0.030165657168595428,s85_ridge_alpha_1,0.2436244636774063,0.14485872167279013,-0.1146930645041947
quality_pass_142,quality_pass_142|family_residual_median_three_seeds|s85_ridge_alpha_1|mae_seconds,cfadb6828c07bfc2fac00ca0c9c03935e927b88961597b69936fc199a094b9ea,0.017487927005277015,family_residual_median_three_seeds,0.0,0.017487927005277015,s85_ridge_alpha_1,0.0,0.017487927005277015,0.0
quality_pass_142,quality_pass_142|family_residual_median_three_seeds|s85_ridge_alpha_1|mae_seconds,d06936015124a75ae15e1f94eeb54cc51ab24596726b8110765a69ba66d0e80a,0.1259611449931981,family_residual_median_three_seeds,0.1645312627057568,0.038570117712558694,s85_ridge_alpha_1,0.18174465000629425,0.055783505013096146,-0.017213387300537453
quality_pass_142,quality_pass_142|family_residual_median_three_seeds|s85_ridge_alpha_1|mae_seconds,d506e52d304853cd9e55834d3112505279aa22e89e70aa7c00dfc57caad3c72c,0.3110688500019023,family_residual_median_three_seeds,0.6051702496370219,0.2941013996351196,s85_ridge_alpha_1,1.0475085973739624,0.7364397473720601,-0.4423383477369405
quality_pass_142,quality_pass_142|family_residual_median_three_seeds|s85_ridge_alpha_1|mae_seconds,d7a22ac29418bcf9f00346732fe1b985f8e0b9df60273404dabbf4a62027715f,0.04994272699696012,family_residual_median_three_seeds,0.0,0.04994272699696012,s85_ridge_alpha_1,0.17226630449295044,0.12232357749599032,-0.0723808504990302
quality_pass_142,quality_pass_142|family_residual_median_three_seeds|s85_ridge_alpha_1|mae_seconds,d7ecd343052e510bdf5fa0f67f2fdbc3ee5ddccd19f39548c2853114a94dece2,0.032444068987388164,family_residual_median_three_seeds,0.0,0.032444068987388164,s85_ridge_alpha_1,0.06907058507204056,0.036626516084652394,-0.00418244709726423
quality_pass_142,quality_pass_142|family_residual_median_three_seeds|s85_ridge_alpha_1|mae_seconds,db0e077b1674f90860a270d014aa8226822880dbf36c819dad0bea17881b7eb5,0.09164552399306558,family_residual_median_three_seeds,0.39076557536105244,0.29912005136798686,s85_ridge_alpha_1,0.0,0.09164552399306558,0.20747452737492128
quality_pass_142,quality_pass_142|family_residual_median_three_seeds|s85_ridge_alpha_1|mae_seconds,dbfb4dd8bf80cda30461759a3169ec60ac535a27409cf938f691179c6a121ebd,0.025913477991707623,family_residual_median_three_seeds,0.16736808868946526,0.14145461069775764,s85_ridge_alpha_1,0.17297253012657166,0.14705905213486403,-0.005604441437106394
quality_pass_142,quality_pass_142|family_residual_median_three_seeds|s85_ridge_alpha_1|mae_seconds,dc97062e3adcbcaf813cae5e970c8a0357a239b8d4a09e77a4e3e4625532d209,0.022582220000913367,family_residual_median_three_seeds,0.0,0.022582220000913367,s85_ridge_alpha_1,0.0833510085940361,0.060768788593122736,-0.03818656859220937
quality_pass_142,quality_pass_142|family_residual_median_three_seeds|s85_ridge_alpha_1|mae_seconds,dd514cba6fbc94c48a3eb8f2ff2210ef74259e76e7f796394066418bfd93ee86,0.987846089003142,family_residual_median_three_seeds,1.1611524583150958,0.17330636931195387,s85_ridge_alpha_1,3.1638529300689697,2.1760068410658278,-2.002700471753874
quality_pass_142,quality_pass_142|family_residual_median_three_seeds|s85_ridge_alpha_1|mae_seconds,de4639e0b84f220ce7281521fbce5104129cc70befb85198bf93def8d4ba7a65,0.012442961990018375,family_residual_median_three_seeds,0.0,0.012442961990018375,s85_ridge_alpha_1,0.09551840275526047,0.08307544076524209,-0.07063247877522372
quality_pass_142,quality_pass_142|family_residual_median_three_seeds|s85_ridge_alpha_1|mae_seconds,de56c0798eca25bd1510d4d10f11e996f0bad2a11ce94a265da0635c161cbcae,0.013786837997031398,family_residual_median_three_seeds,0.012622825429487514,0.0011640125675438841,s85_ridge_alpha_1,0.0,0.013786837997031398,-0.012622825429487514
quality_pass_142,quality_pass_142|family_residual_median_three_seeds|s85_ridge_alpha_1|mae_seconds,e0c3acec67c0fb535add575a46e01889b30ec7970005214fd2188b94ae3a55a5,0.30664109998906497,family_residual_median_three_seeds,0.5262795158501156,0.2196384158610506,s85_ridge_alpha_1,0.5402447581291199,0.2336036581400549,-0.013965242279004308
quality_pass_142,quality_pass_142|family_residual_median_three_seeds|s85_ridge_alpha_1|mae_seconds,e2fba21685e6e7d22d625d8babcc9c51a8911815153e52fc89277e0efe117045,0.034269919007783756,family_residual_median_three_seeds,0.22210458567296995,0.1878346666651862,s85_ridge_alpha_1,0.22476398944854736,0.1904940704407636,-0.0026594037755774125
quality_pass_142,quality_pass_142|family_residual_median_three_seeds|s85_ridge_alpha_1|mae_seconds,e4664972befc3ffed396f3842bf910be22c2fbe7f293d3c295b971dfe094d398,0.21684798199567012,family_residual_median_three_seeds,0.3216704003446582,0.10482241834898809,s85_ridge_alpha_1,0.4257514476776123,0.20890346568194218,-0.10408104733295409
quality_pass_142,quality_pass_142|family_residual_median_three_seeds|s85_ridge_alpha_1|mae_seconds,e8037a4f622df36c65c0e756e11a6c6e3b8b40fbabaffb6cd59ff1cc79f49063,61.17339781799819,family_residual_median_three_seeds,25.339846748996134,35.833551069002056,s85_ridge_alpha_1,18.23893928527832,42.93445853271987,-7.100907463717817
quality_pass_142,quality_pass_142|family_residual_median_three_seeds|s85_ridge_alpha_1|mae_seconds,ea84355871fa77560419766f8000de4dcb0eea29468bcb0d89a1c84edff34f61,0.036422210992896,family_residual_median_three_seeds,0.0,0.036422210992896,s85_ridge_alpha_1,0.042909175157547,0.006486964164650999,0.029935246828245
quality_pass_142,quality_pass_142|family_residual_median_three_seeds|s85_ridge_alpha_1|mae_seconds,eb43007109ad9707544629854cfc7259b0e6aa70c5a618cedacbb7d26dd746a0,1.539023724006256,family_residual_median_three_seeds,1.2252394561372593,0.3137842678689968,s85_ridge_alpha_1,1.5111865997314453,0.027837124274810776,0.28594714359418605
quality_pass_142,quality_pass_142|family_residual_median_three_seeds|s85_ridge_alpha_1|mae_seconds,edc62038c489069da135981ccefd5c5a2f3cc0a991fa6da4defa393abdb0d2a4,0.12868290600454202,family_residual_median_three_seeds,0.11229803406574593,0.01638487193879609,s85_ridge_alpha_1,1.3777321577072144,1.2490492517026723,-1.2326643797638763
quality_pass_142,quality_pass_142|family_residual_median_three_seeds|s85_ridge_alpha_1|mae_seconds,f0e0170b510412a7e964e82f14793115a9e53a1b250283a74abd893a45b5f20e,0.30258032999699935,family_residual_median_three_seeds,0.2823385136549414,0.02024181634205796,s85_ridge_alpha_1,0.5110104084014893,0.2084300784044899,-0.18818826206243194
quality_pass_142,quality_pass_142|family_residual_median_three_seeds|s85_ridge_alpha_1|mae_seconds,f12c9439f3dfce19e2f161aed74fdafb33146528cdb8524425608579de8b6741,0.03252830699784681,family_residual_median_three_seeds,0.024451915726537654,0.008076391271309158,s85_ridge_alpha_1,0.0,0.03252830699784681,-0.024451915726537654
quality_pass_142,quality_pass_142|family_residual_median_three_seeds|s85_ridge_alpha_1|mae_seconds,f2ce48d725be79c1ea5cbfeb36811261c4e74460588e911c3b2916a9303c1cf5,0.08811176200106274,family_residual_median_three_seeds,0.0,0.08811176200106274,s85_ridge_alpha_1,0.08243512362241745,0.005676638378645293,0.08243512362241745
quality_pass_142,quality_pass_142|family_residual_median_three_seeds|s85_ridge_alpha_1|mae_seconds,f37f599f25c5024b4069e866a31563a6daf0b1495d17d25343f7b3cfac1169ee,0.06516375900537241,family_residual_median_three_seeds,0.05393454671598348,0.011229212289388932,s85_ridge_alpha_1,0.07483614981174469,0.009672390806372277,0.0015568214830166544
quality_pass_142,quality_pass_142|family_residual_median_three_seeds|s85_ridge_alpha_1|mae_seconds,f76953672a13f3e92397fe3586ff6557882560261e995147a67b931d701c7fcf,2.0946084930037614,family_residual_median_three_seeds,1.3703727995491417,0.7242356934546197,s85_ridge_alpha_1,1.5584384202957153,0.5361700727080461,0.18806562074657363
quality_pass_142,quality_pass_142|family_residual_median_three_seeds|s85_ridge_alpha_1|mae_seconds,f8d88243c9d36e41e0eedeff4898e325d59ba4d8ceb4b81c7b48757ade1e94b4,1.798349431992392,family_residual_median_three_seeds,0.9349311232212207,0.8634183087711713,s85_ridge_alpha_1,1.2917741537094116,0.5065752782829804,0.3568430304881909
quality_pass_142,quality_pass_142|family_residual_median_three_seeds|s85_ridge_alpha_1|mae_seconds,fa595f88d0ab98542a799af4492f53b2a5e2e88ebc442a9b508abac209d0afcc,1.210094072011998,family_residual_median_three_seeds,0.916768102282726,0.29332596972927194,s85_ridge_alpha_1,0.515113353729248,0.6949807182827499,-0.40165474855347794
quality_pass_142,quality_pass_142|family_residual_median_three_seeds|s85_ridge_alpha_1|mae_seconds,fcd9497c7764bb185a96cc8b6d1c7878851e9b87e64de7ebf47aa1d16eb3ee0a,0.011232427001232281,family_residual_median_three_seeds,0.3855449041885901,0.37431247718735783,s85_ridge_alpha_1,0.0,0.011232427001232281,0.36308005018612555
quality_pass_142,quality_pass_142|family_residual_median_three_seeds|s85_ridge_alpha_1|mae_seconds,fea8eb37e38bc24d3352d9446471b5cf8f6b8af6ae4c0f931d5942564936274c,0.6560874409915414,family_residual_median_three_seeds,0.5485126667604492,0.10757477423109219,s85_ridge_alpha_1,0.6547320485115051,0.0013553924800362438,0.10621938175105594
quality_pass_142,quality_pass_142|family_residual_median_three_seeds|s85_source_dag_graph_median_three_seeds|mae_seconds,01bfdd8291d6badf1219dd3bf6d7e12559976b8ccb3e67d2548e729dc0c0dc82,0.011743629002012312,family_residual_median_three_seeds,0.0,0.011743629002012312,s85_source_dag_graph_median_three_seeds,0.014133309945464134,0.002389680943451822,0.00935394805856049
quality_pass_142,quality_pass_142|family_residual_median_three_seeds|s85_source_dag_graph_median_three_seeds|mae_seconds,01de4bb89da48a3fc09c31d41d509c1446c6a4a3b329612c5baf0d39c56a922e,0.14818447300058324,family_residual_median_three_seeds,0.24671527872890792,0.09853080572832468,s85_source_dag_graph_median_three_seeds,0.1349431872367859,0.01324128576379735,0.08528951996452733
quality_pass_142,quality_pass_142|family_residual_median_three_seeds|s85_source_dag_graph_median_three_seeds|mae_seconds,0285fd21a0dd1ca29cd386de85a1a8af49cc7d71f5c86f6451b55a11c68864a8,0.061827234996599145,family_residual_median_three_seeds,0.09312152580550478,0.03129429080890564,s85_source_dag_graph_median_three_seeds,0.054722514003515244,0.007104720993083902,0.024189569815821738
quality_pass_142,quality_pass_142|family_residual_median_three_seeds|s85_source_dag_graph_median_three_seeds|mae_seconds,02d66e8b66849fdd0f0581b84924adbd1bd2d7603e25e5e9faa447ac2a6708d0,0.013436506007565185,family_residual_median_three_seeds,0.0,0.013436506007565185,s85_source_dag_graph_median_three_seeds,0.01655554212629795,0.0031190361187327653,0.01031746988883242
quality_pass_142,quality_pass_142|family_residual_median_three_seeds|s85_source_dag_graph_median_three_seeds|mae_seconds,040a287609a78a55ab6148ad1a3cc6aa2fcee8b0871b077a9c1a37bee49f69fe,0.05496714099717792,family_residual_median_three_seeds,0.18046508487817037,0.12549794388099245,s85_source_dag_graph_median_three_seeds,0.05829519033432007,0.003328049337142147,0.1221698945438503
quality_pass_142,quality_pass_142|family_residual_median_three_seeds|s85_source_dag_graph_median_three_seeds|mae_seconds,093af0605e834bf0a4f2aef0b46600d12c6b1c913e791fb13e2513048a6b1c70,0.20758254700922407,family_residual_median_three_seeds,0.2589339851658135,0.051351438156589435,s85_source_dag_graph_median_three_seeds,0.195253387093544,0.012329159915680066,0.03902227824090937
quality_pass_142,quality_pass_142|family_residual_median_three_seeds|s85_source_dag_graph_median_three_seeds|mae_seconds,0a43a3dbe4a4294a007fa7ec167a24ea300d3762489b98245c2f80ad29727075,0.011986159996013157,family_residual_median_three_seeds,0.0,0.011986159996013157,s85_source_dag_graph_median_three_seeds,0.01222284883260727,0.00023668883659411222,0.011749471159419045
quality_pass_142,quality_pass_142|family_residual_median_three_seeds|s85_source_dag_graph_median_three_seeds|mae_seconds,0a43c652a1c92c83389d952438c22aa0d890a611333da29499d6ff1733925b21,0.4963673050078796,family_residual_median_three_seeds,0.3498937025986218,0.14647360240925783,s85_source_dag_graph_median_three_seeds,0.5791693925857544,0.08280208757787477,0.06367151483138306
quality_pass_142,quality_pass_142|family_residual_median_three_seeds|s85_source_dag_graph_median_three_seeds|mae_seconds,0f7836c0a3a429dd9b4f2b55a4fab5d6d112458814cb34efb22309ec614c801f,0.46027592998871114,family_residual_median_three_seeds,0.48672974816770637,0.026453818178995225,s85_source_dag_graph_median_three_seeds,0.45585066080093384,0.004425269187777303,0.022028548991217922
quality_pass_142,quality_pass_142|family_residual_median_three_seeds|s85_source_dag_graph_median_three_seeds|mae_seconds,13721ab5a328b17bf3f8c3692cda844a7e538a8c92530d0c1236f43d3ad5a884,0.016616445005638525,family_residual_median_three_seeds,0.0,0.016616445005638525,s85_source_dag_graph_median_three_seeds,0.020732851698994637,0.004116406693356112,0.012500038312282413
quality_pass_142,quality_pass_142|family_residual_median_three_seeds|s85_source_dag_graph_median_three_seeds|mae_seconds,15e80264fdff1398ab38bbd9144f853a3a2317e95163fda15a1e9ec2657beecb,0.04471942799864337,family_residual_median_three_seeds,0.08569246369062626,0.04097303569198289,s85_source_dag_graph_median_three_seeds,0.06429198384284973,0.019572555844206363,0.02140047984777653
quality_pass_142,quality_pass_142|family_residual_median_three_seeds|s85_source_dag_graph_median_three_seeds|mae_seconds,187d76ac82884dc3202418b0e06077eec26afed0c625b228d76b4416e6bfa480,0.10063730050023878,family_residual_median_three_seeds,0.281360444656549,0.18072314415631024,s85_source_dag_graph_median_three_seeds,0.09571924805641174,0.004918052443827037,0.1758050917124832
quality_pass_142,quality_pass_142|family_residual_median_three_seeds|s85_source_dag_graph_median_three_seeds|mae_seconds,1d76cd981622e5ca02125654d00534f3aec623bbb2b95b7ea894049f76916577,0.03339290199801326,family_residual_median_three_seeds,0.05594061202034884,0.022547710022335583,s85_source_dag_graph_median_three_seeds,0.03199481964111328,0.0013980823568999767,0.021149627665435607
quality_pass_142,quality_pass_142|family_residual_median_three_seeds|s85_source_dag_graph_median_three_seeds|mae_seconds,1dab21c93a580f711efff03a0f4a1d82985cf201219e886ab246e03a9011735c,0.030614501010859385,family_residual_median_three_seeds,0.15842418203219902,0.12780968102133963,s85_source_dag_graph_median_three_seeds,0.03015010617673397,0.0004643948341254145,0.12734528618721422
quality_pass_142,quality_pass_142|family_residual_median_three_seeds|s85_source_dag_graph_median_three_seeds|mae_seconds,212e0f8a693a745c9fc792b876e7be6ddb0ba051c1b0f558e0819e1437a8a2fb,0.0742775899998378,family_residual_median_three_seeds,0.03596590127593234,0.03831168872390546,s85_source_dag_graph_median_three_seeds,0.06481990218162537,0.009457687818212435,0.028854000905693025
quality_pass_142,quality_pass_142|family_residual_median_three_seeds|s85_source_dag_graph_median_three_seeds|mae_seconds,2372d3228c3e3e38e3351feb553380bce5a543c936f73a400de0e54ab470599a,3.311648521994357,family_residual_median_three_seeds,1.4187113978358332,1.8929371241585238,s85_source_dag_graph_median_three_seeds,3.0551862716674805,0.25646225032687653,1.6364748738316472
quality_pass_142,quality_pass_142|family_residual_median_three_seeds|s85_source_dag_graph_median_three_seeds|mae_seconds,23a9403cafedb94bbd2f39d4d9106aca7f890047719b80231d86ac9fb8382383,0.024099282003589906,family_residual_median_three_seeds,0.0,0.024099282003589906,s85_source_dag_graph_median_three_seeds,0.023721283301711082,0.00037799870187882334,0.023721283301711082
quality_pass_142,quality_pass_142|family_residual_median_three_seeds|s85_source_dag_graph_median_three_seeds|mae_seconds,242786b0f7d73c715a317cbdc0725596836f08d98ecd6eb06b3b4ac4f3f563fb,0.012309696001466364,family_residual_median_three_seeds,0.20159669747100029,0.18928700146953392,s85_source_dag_graph_median_three_seeds,0.010783150792121887,0.0015265452093444765,0.18776045626018945
quality_pass_142,quality_pass_142|family_residual_median_three_seeds|s85_source_dag_graph_median_three_seeds|mae_seconds,28b9eac87132bbff64970708737a94c408cfa435ce16cd395a57ab6fbfe5a6f7,0.23104304699518252,family_residual_median_three_seeds,0.48672974816770637,0.25568670117252384,s85_source_dag_graph_median_three_seeds,0.20985954999923706,0.02118349699594546,0.23450320417657838
quality_pass_142,quality_pass_142|family_residual_median_three_seeds|s85_source_dag_graph_median_three_seeds|mae_seconds,2df018ddcd5f44fd33cd5d80af349db5f84e36d6a5f905ef4611e5e5cc0d03f4,0.3517750959872501,family_residual_median_three_seeds,1.5128130725403803,1.1610379765531302,s85_source_dag_graph_median_three_seeds,0.44971179962158203,0.09793670363433193,1.0631012729187983
quality_pass_142,quality_pass_142|family_residual_median_three_seeds|s85_source_dag_graph_median_three_seeds|mae_seconds,2e57556a1b12802c7368ef21e0eb8e5c9863f768a48a9a4d0771725e60b8a616,0.014956789003917947,family_residual_median_three_seeds,0.13985725015357336,0.12490046114965542,s85_source_dag_graph_median_three_seeds,0.017132528126239777,0.002175739122321829,0.12272472202733359
quality_pass_142,quality_pass_142|family_residual_median_three_seeds|s85_source_dag_graph_median_three_seeds|mae_seconds,2f497b92b87e3e9f44c1ae23dfbffc7309c1550756e6829eb694d42dd4f2ed03,0.47254708799300715,family_residual_median_three_seeds,0.7108354544554787,0.23828836646247153,s85_source_dag_graph_median_three_seeds,0.4886528253555298,0.016105737362522632,0.2221826290999489
quality_pass_142,quality_pass_142|family_residual_median_three_seeds|s85_source_dag_graph_median_three_seeds|mae_seconds,3157278e31c54e80e45de35bfb793aac89eb413e21aabe08b2e0e140de8c0d39,1.504265392999514,family_residual_median_three_seeds,1.2199470072797587,0.2843183857197553,s85_source_dag_graph_median_three_seeds,1.5199363231658936,0.01567093016637955,0.26864745555337577
quality_pass_142,quality_pass_142|family_residual_median_three_seeds|s85_source_dag_graph_median_three_seeds|mae_seconds,31f7b2533d8a3c05d59b44a9b2d93f44bc48da630d1884cf9df0012199e10a74,0.28342929399514105,family_residual_median_three_seeds,0.4123984953450263,0.12896920134988527,s85_source_dag_graph_median_three_seeds,0.5030746459960938,0.2196453520009527,-0.09067615065106743
quality_pass_142,quality_pass_142|family_residual_median_three_seeds|s85_source_dag_graph_median_three_seeds|mae_seconds,35548785a9c99b0ad9409f18dfbfc3baed0e1dcbb1d95eae8c8510dcda120410,21.334545064004487,family_residual_median_three_seeds,18.754819439380988,2.5797256246234994,s85_source_dag_graph_median_three_seeds,26.57219886779785,5.237653803793364,-2.657928179169865
quality_pass_142,quality_pass_142|family_residual_median_three_seeds|s85_source_dag_graph_median_three_seeds|mae_seconds,36bb1354ff108648bc8c9c529a2002a53a68e4bfa9bf3529edce11e5d47f851f,0.10353334200044628,family_residual_median_three_seeds,0.0910748857275168,0.012458456272929477,s85_source_dag_graph_median_three_seeds,0.09112047404050827,0.012412867959938012,4.558831299146526e-05
quality_pass_142,quality_pass_142|family_residual_median_three_seeds|s85_source_dag_graph_median_three_seeds|mae_seconds,387f2f6f12a10e034ae5b68c11336a9874e87f20871579eec585bfd7311f38c8,0.0184438720025355,family_residual_median_three_seeds,0.0,0.0184438720025355,s85_source_dag_graph_median_three_seeds,0.018377147614955902,6.672438757959753e-05,0.018377147614955902
quality_pass_142,quality_pass_142|family_residual_median_three_seeds|s85_source_dag_graph_median_three_seeds|mae_seconds,3c0ed99f7e5a0409bdadc636b8b7a5dd911304ccbe2e87b32589b91dd44a6a5a,0.019305075009469874,family_residual_median_three_seeds,0.0,0.019305075009469874,s85_source_dag_graph_median_three_seeds,0.02139424905180931,0.0020891740423394367,0.017215900967130437
quality_pass_142,quality_pass_142|family_residual_median_three_seeds|s85_source_dag_graph_median_three_seeds|mae_seconds,3e4560adf43b5c5102bf22f235abcb9dd2ed5e34930cdb929a128226f96e4ea5,0.02327988899196498,family_residual_median_three_seeds,0.0,0.02327988899196498,s85_source_dag_graph_median_three_seeds,0.01970706880092621,0.0035728201910387725,0.01970706880092621
quality_pass_142,quality_pass_142|family_residual_median_three_seeds|s85_source_dag_graph_median_three_seeds|mae_seconds,433844fca892218b1218ca028aafb0eddf1929d5ca52fdea53b3cb324e4055bd,0.020949395999195985,family_residual_median_three_seeds,0.0,0.020949395999195985,s85_source_dag_graph_median_three_seeds,0.014738605357706547,0.006210790641489439,0.014738605357706547
quality_pass_142,quality_pass_142|family_residual_median_three_seeds|s85_source_dag_graph_median_three_seeds|mae_seconds,451bd8177acaca0301a8bb4d61cb192f26dce1f81d8ab04ca0aded562d525c58,0.13949821100686677,family_residual_median_three_seeds,0.24615014909809554,0.10665193809122878,s85_source_dag_graph_median_three_seeds,0.14005406200885773,0.000555851001990959,0.10609608708923782
quality_pass_142,quality_pass_142|family_residual_median_three_seeds|s85_source_dag_graph_median_three_seeds|mae_seconds,45ca196e391297302c92dc6ea0fd119efa62b2ee88e3b85260561e5fbafa7400,0.04090743300912436,family_residual_median_three_seeds,0.0,0.04090743300912436,s85_source_dag_graph_median_three_seeds,0.04654539376497269,0.005637960755848326,0.035269472253276035
quality_pass_142,quality_pass_142|family_residual_median_three_seeds|s85_source_dag_graph_median_three_seeds|mae_seconds,47e6743e95c380a13dc5947d9e9b3db26e541efabd4a27134ff26aa14c00ba7d,0.0563912090001395,family_residual_median_three_seeds,0.12723865496418088,0.07084744596404138,s85_source_dag_graph_median_three_seeds,0.05614234879612923,0.00024886020401027054,0.07059858576003111
quality_pass_142,quality_pass_142|family_residual_median_three_seeds|s85_source_dag_graph_median_three_seeds|mae_seconds,4b24f68f78c4499a295ab28caa04282d174b7ab2a6b0f5333d3bfe630df72f71,0.014960417000111192,family_residual_median_three_seeds,0.037168538724533864,0.022208121724422672,s85_source_dag_graph_median_three_seeds,0.025183942168951035,0.010223525168839842,0.01198459655558283
quality_pass_142,quality_pass_142|family_residual_median_three_seeds|s85_source_dag_graph_median_three_seeds|mae_seconds,4b5542071ea595cd62184de26c4f1dac3f6afa86f6450f50a28dbe8e1f865257,0.03412146100890823,family_residual_median_three_seeds,0.013531923346404108,0.02058953766250412,s85_source_dag_graph_median_three_seeds,0.030953193083405495,0.0031682679255027324,0.017421269737001387
quality_pass_142,quality_pass_142|family_residual_median_three_seeds|s85_source_dag_graph_median_three_seeds|mae_seconds,4d5b55eb4b8a0aea0af4bde721618cbe79ed66e0636398ffddc79ace483672a6,0.28497167900786735,family_residual_median_three_seeds,0.4542792793519071,0.16930760034403974,s85_source_dag_graph_median_three_seeds,0.3316809833049774,0.046709304297110066,0.12259829604692968
quality_pass_142,quality_pass_142|family_residual_median_three_seeds|s85_source_dag_graph_median_three_seeds|mae_seconds,4dd5e72918722dff3c88e277e20e3ecc1e06dfd0601343e784eeb454470800b7,1.0013418259914033,family_residual_median_three_seeds,0.7108354544554787,0.2905063715359246,s85_source_dag_graph_median_three_seeds,0.9874551892280579,0.01388663676334545,0.2766197347725792
quality_pass_142,quality_pass_142|family_residual_median_three_seeds|s85_source_dag_graph_median_three_seeds|mae_seconds,4df5b36e58378649053c461bf5ee1478fa114ac65c0c14551536b820ce8eafc7,3.2815998400037643,family_residual_median_three_seeds,1.5848654952852863,1.696734344718478,s85_source_dag_graph_median_three_seeds,3.333278179168701,0.051678339164936915,1.645056005553541
quality_pass_142,quality_pass_142|family_residual_median_three_seeds|s85_source_dag_graph_median_three_seeds|mae_seconds,4ee5846eef239e2b0e0d3f950f78b5b4b8af213f0063eb50be6bf50bdbb4385d,0.10320952600159217,family_residual_median_three_seeds,0.09555344607510956,0.007656079926482609,s85_source_dag_graph_median_three_seeds,0.1009044349193573,0.002305091082234867,0.005350988844247742
quality_pass_142,quality_pass_142|family_residual_median_three_seeds|s85_source_dag_graph_median_three_seeds|mae_seconds,4f2368cad1a087f01b7598f13a9afa3b7cea2d6f9e96f79eb390f62213c97af7,0.8480028839985607,family_residual_median_three_seeds,1.0490018003759765,0.20099891637741574,s85_source_dag_graph_median_three_seeds,0.8958851099014282,0.0478822259028675,0.15311669047454823
quality_pass_142,quality_pass_142|family_residual_median_three_seeds|s85_source_dag_graph_median_three_seeds|mae_seconds,50a5fc62010017f60b77f8c81e9ddf9bd95419be272d2ec5ed1445aae0c7ac92,0.01633486799255479,family_residual_median_three_seeds,0.0,0.01633486799255479,s85_source_dag_graph_median_three_seeds,0.01670912466943264,0.0003742566768778488,0.015960611315676942
quality_pass_142,quality_pass_142|family_residual_median_three_seeds|s85_source_dag_graph_median_three_seeds|mae_seconds,51e3c5bc60da502bf92a6ed65a7c728a8b957b427652ac8fdaa002b9afc50d40,0.014999819002696313,family_residual_median_three_seeds,0.0,0.014999819002696313,s85_source_dag_graph_median_three_seeds,0.013701015152037144,0.0012988038506591693,0.013701015152037144
quality_pass_142,quality_pass_142|family_residual_median_three_seeds|s85_source_dag_graph_median_three_seeds|mae_seconds,551dfe6ad672d4157a761610fc4c1061ea844868f2106407374764552251d63a,0.03428567500668578,family_residual_median_three_seeds,0.1316083268170087,0.09732265181032293,s85_source_dag_graph_median_three_seeds,0.027201609686017036,0.007084065320668742,0.09023858648965419
quality_pass_142,quality_pass_142|family_residual_median_three_seeds|s85_source_dag_graph_median_three_seeds|mae_seconds,55746e6a2fd8d9c4b8c813443f2db46b072f75db1632dd252298c735fbc72bf0,0.00960345049679745,family_residual_median_three_seeds,0.0,0.00960345049679745,s85_source_dag_graph_median_three_seeds,0.00510244257748127,0.00450100791931618,0.00510244257748127
quality_pass_142,quality_pass_142|family_residual_median_three_seeds|s85_source_dag_graph_median_three_seeds|mae_seconds,56289d5fdefe63c89244b0849f2e22753ce30832776d74b79de4603006db32f4,0.01758937099657487,family_residual_median_three_seeds,0.014099099715910939,0.0034902712806639327,s85_source_dag_graph_median_three_seeds,0.017508387565612793,8.098343096207827e-05,0.0034092878497018544
quality_pass_142,quality_pass_142|family_residual_median_three_seeds|s85_source_dag_graph_median_three_seeds|mae_seconds,568570a69663949a1aaac2fe16e74d3d065c7a8e6013e21368a9d8add886d6dc,0.1977772670070408,family_residual_median_three_seeds,0.45259658965133065,0.25481932264428986,s85_source_dag_graph_median_three_seeds,0.2075430154800415,0.009765748473000713,0.24505357417128915
quality_pass_142,quality_pass_142|family_residual_median_three_seeds|s85_source_dag_graph_median_three_seeds|mae_seconds,58501be4f197f4efd57535977a245f6adb39216116363b46836664cd6ca29e10,0.029995589997270145,family_residual_median_three_seeds,0.126535207714728,0.09653961771745787,s85_source_dag_graph_median_three_seeds,0.04076659306883812,0.010771003071567975,0.08576861464588989
quality_pass_142,quality_pass_142|family_residual_median_three_seeds|s85_source_dag_graph_median_three_seeds|mae_seconds,585424315575b559a664523f6ce6236189739069b3872eea4ccdb995a29f8701,0.20420224498957396,family_residual_median_three_seeds,0.38571768259604583,0.18151543760647187,s85_source_dag_graph_median_three_seeds,0.17992278933525085,0.0242794556543231,0.15723598195214877
quality_pass_142,quality_pass_142|family_residual_median_three_seeds|s85_source_dag_graph_median_three_seeds|mae_seconds,5ab4253ed51b729f331c9f3cc78bfecd3ecb2fed2e98818816bf3f64e22f1bfe,0.021421116005512886,family_residual_median_three_seeds,0.0,0.021421116005512886,s85_source_dag_graph_median_three_seeds,0.02661571279168129,0.005194596786168404,0.016226519219344482
quality_pass_142,quality_pass_142|family_residual_median_three_seeds|s85_source_dag_graph_median_three_seeds|mae_seconds,5d3cc38ff0e2b9054c927b6309c6a8dfaba491733eab08b06cc06f2d333da23d,0.19827942800475284,family_residual_median_three_seeds,0.38418626439660014,0.1859068363918473,s85_source_dag_graph_median_three_seeds,0.3083931803703308,0.11011375236557797,0.07579308402626933
quality_pass_142,quality_pass_142|family_residual_median_three_seeds|s85_source_dag_graph_median_three_seeds|mae_seconds,615d076a941f3eec9d225a20b894c8d30a0c90d4834d03fa0ebd5d13e4b46ded,2.4260954790079268,family_residual_median_three_seeds,1.727494759223515,0.6986007197844117,s85_source_dag_graph_median_three_seeds,2.5542142391204834,0.12811876011255663,0.5704819596718551
quality_pass_142,quality_pass_142|family_residual_median_three_seeds|s85_source_dag_graph_median_three_seeds|mae_seconds,63b92ee6c5b54da107e9016de97e2cb7768bfb970ebc025650706533e47d3caf,0.04374370000732597,family_residual_median_three_seeds,0.2455934237970936,0.20184972378976762,s85_source_dag_graph_median_three_seeds,0.04244038835167885,0.0013033116556471214,0.2005464121341205
quality_pass_142,quality_pass_142|family_residual_median_three_seeds|s85_source_dag_graph_median_three_seeds|mae_seconds,66c9180a271ec04f728ab259ed86a24fe52676e6f40a7614b02f79fd13536c91,0.01599400099075865,family_residual_median_three_seeds,0.0,0.01599400099075865,s85_source_dag_graph_median_three_seeds,0.0161731019616127,0.0001791009708540514,0.0158149000199046
quality_pass_142,quality_pass_142|family_residual_median_three_seeds|s85_source_dag_graph_median_three_seeds|mae_seconds,6a475a20ac3d09839e2b43104ca187037db5ff813b811e0d7356adac93d25244,0.25500052400457207,family_residual_median_three_seeds,0.11072256478808638,0.14427795921648567,s85_source_dag_graph_median_three_seeds,0.13772054016590118,0.11727998383867089,0.026997975377814787
quality_pass_142,quality_pass_142|family_residual_median_three_seeds|s85_source_dag_graph_median_three_seeds|mae_seconds,6b2f9fea850557b40ca9b69341ec300b1c4fe1f4bf53e94436af2ba1586bac62,0.02461252300417982,family_residual_median_three_seeds,0.0,0.02461252300417982,s85_source_dag_graph_median_three_seeds,0.024250103160738945,0.0003624198434408754,0.024250103160738945
quality_pass_142,quality_pass_142|family_residual_median_three_seeds|s85_source_dag_graph_median_three_seeds|mae_seconds,6cf91acdbcfc0321d1ffcee7c2197fec29f2b9dd83e7c3b56dbe8d583332ccdb,1.1965577070077416,family_residual_median_three_seeds,0.984756094412321,0.21180161259542052,s85_source_dag_graph_median_three_seeds,1.1758373975753784,0.020720309432363138,0.19108130316305738
quality_pass_142,quality_pass_142|family_residual_median_three_seeds|s85_source_dag_graph_median_three_seeds|mae_seconds,6e066adb38de82d96650b3f806e398374e88912fd4688ab9c98f3c94dcd33e16,0.03593193899723701,family_residual_median_three_seeds,0.33284301486286355,0.29691107586562654,s85_source_dag_graph_median_three_seeds,0.11645116657018661,0.0805192275729496,0.21639184829267694
quality_pass_142,quality_pass_142|family_residual_median_three_seeds|s85_source_dag_graph_median_three_seeds|mae_seconds,720a3cec5f9b39a53aa0d59f0ecc24f42f2948fbe56164a033262c628e2ba875,0.6676088839885779,family_residual_median_three_seeds,0.7157930407099575,0.048184156721379656,s85_source_dag_graph_median_three_seeds,0.6125504970550537,0.05505838693352416,-0.006874230212144505
quality_pass_142,quality_pass_142|family_residual_median_three_seeds|s85_source_dag_graph_median_three_seeds|mae_seconds,7344fd4d264c475e52edca02e3426225c78af7ed0bdaae137741a04685725a5d,0.011170979007147253,family_residual_median_three_seeds,0.0,0.011170979007147253,s85_source_dag_graph_median_three_seeds,0.012159617617726326,0.0009886386105790734,0.010182340396568179
quality_pass_142,quality_pass_142|family_residual_median_three_seeds|s85_source_dag_graph_median_three_seeds|mae_seconds,73abe6179f1e84e36777e1d953028143ee3ff00662ddb793d55022d9344b4940,9.536654898009147,family_residual_median_three_seeds,10.875506556055107,1.3388516580459608,s85_source_dag_graph_median_three_seeds,9.762731552124023,0.22607665411487687,1.112775003931084
quality_pass_142,quality_pass_142|family_residual_median_three_seeds|s85_source_dag_graph_median_three_seeds|mae_seconds,7478da09664f4489c33c18a6ea1974cc9dea86d1adda1f912c3eaeff27c2d5fa,0.055610037001315504,family_residual_median_three_seeds,0.0,0.055610037001315504,s85_source_dag_graph_median_three_seeds,0.06443414837121964,0.00882411136990413,0.046785925631411374
quality_pass_142,quality_pass_142|family_residual_median_three_seeds|s85_source_dag_graph_median_three_seeds|mae_seconds,75b1db396e34d1f1b234ea8dcdc253203a770cecce7f48bb8a126860723c43df,0.013813976998790167,family_residual_median_three_seeds,0.03189405081703532,0.018080073818245154,s85_source_dag_graph_median_three_seeds,0.008702480234205723,0.0051114967645844445,0.01296857705366071
quality_pass_142,quality_pass_142|family_residual_median_three_seeds|s85_source_dag_graph_median_three_seeds|mae_seconds,78d3420407751ab52a65abe926510d585ebd3a5d1934ac31c13b28eca5c5ee8a,0.6137206630082801,family_residual_median_three_seeds,0.4973250338429028,0.11639562916537732,s85_source_dag_graph_median_three_seeds,0.5986535549163818,0.015067108091898263,0.10132852107347906
quality_pass_142,quality_pass_142|family_residual_median_three_seeds|s85_source_dag_graph_median_three_seeds|mae_seconds,78ecec267502f433ab148452979221600becf679520b50ad454009e0ca097af5,0.9436662789958064,family_residual_median_three_seeds,0.8594974321256941,0.08416884687011228,s85_source_dag_graph_median_three_seeds,1.0461530685424805,0.10248678954667412,-0.018317942676561838
quality_pass_142,quality_pass_142|family_residual_median_three_seeds|s85_source_dag_graph_median_three_seeds|mae_seconds,79b8fdfbfe6897a226612f9b9e27a4533aac4b48258335fb7746c5f10989cedc,0.03340627049328759,family_residual_median_three_seeds,0.07224966213126505,0.038843391637977454,s85_source_dag_graph_median_three_seeds,0.03449387103319168,0.0010876005399040878,0.037755791098073366
quality_pass_142,quality_pass_142|family_residual_median_three_seeds|s85_source_dag_graph_median_three_seeds|mae_seconds,7b944ad7e38d98fae66177b6c014ae2878d62bcd1765103c19941653817e7996,0.028299986995989457,family_residual_median_three_seeds,0.014707842778050836,0.01359214421793862,s85_source_dag_graph_median_three_seeds,0.026791652664542198,0.0015083343314472586,0.012083809886491362
quality_pass_142,quality_pass_142|family_residual_median_three_seeds|s85_source_dag_graph_median_three_seeds|mae_seconds,7c8832728feaaf34fac1fda49dfcbfbf655902b5b4eb3f1b11e43f21d15de5bf,0.18511410600331146,family_residual_median_three_seeds,0.1717594157661199,0.013354690237191574,s85_source_dag_graph_median_three_seeds,0.19940342009067535,0.014289314087363891,-0.000934623850172317
quality_pass_142,quality_pass_142|family_residual_median_three_seeds|s85_source_dag_graph_median_three_seeds|mae_seconds,7dafebd46e73b9b279f1ef96da32f7d563de3721b856b4570375ab81951e06fc,0.48330739499942865,family_residual_median_three_seeds,0.6687760350366655,0.18546864003723684,s85_source_dag_graph_median_three_seeds,0.451469361782074,0.03183803321735468,0.15363060681988217
quality_pass_142,quality_pass_142|family_residual_median_three_seeds|s85_source_dag_graph_median_three_seeds|mae_seconds,7e02b8d5bbea94c5e0eabb2edd6a74e15949ae6b737fabb55e66a61d47181912,1.295461602989235,family_residual_median_three_seeds,6.450159596859992,5.154697993870757,s85_source_dag_graph_median_three_seeds,1.364282488822937,0.06882088583370205,5.085877108037055
quality_pass_142,quality_pass_142|family_residual_median_three_seeds|s85_source_dag_graph_median_three_seeds|mae_seconds,7f613ccae98ac8124d086ee9a39d94b1ed019520da8c3277395b109fd22d7d4d,0.021900085994275287,family_residual_median_three_seeds,0.023870923978741153,0.001970837984465866,s85_source_dag_graph_median_three_seeds,0.01566716656088829,0.006232919433386996,-0.00426208144892113
quality_pass_142,quality_pass_142|family_residual_median_three_seeds|s85_source_dag_graph_median_three_seeds|mae_seconds,7fabc879bc998db5c05d7cc5b83db2d1704d7587139b714da9cf82639f4f093e,0.10285567400569562,family_residual_median_three_seeds,0.1638529284989023,0.06099725449320667,s85_source_dag_graph_median_three_seeds,0.10407890379428864,0.0012232297885930166,0.059774024704613654
quality_pass_142,quality_pass_142|family_residual_median_three_seeds|s85_source_dag_graph_median_three_seeds|mae_seconds,806f1844d225682cd7d5d0b276b5567caa23697f73064d8a20347024bb03fe40,0.01652392249525292,family_residual_median_three_seeds,0.0,0.01652392249525292,s85_source_dag_graph_median_three_seeds,0.009864024817943573,0.0066598976773093455,0.009864024817943573
quality_pass_142,quality_pass_142|family_residual_median_three_seeds|s85_source_dag_graph_median_three_seeds|mae_seconds,81a66b1daaf97d148a8a075515daf8702349d257883a1dd88e26993c1622351f,0.5699010470125359,family_residual_median_three_seeds,0.44398278197291735,0.1259182650396185,s85_source_dag_graph_median_three_seeds,0.32962191104888916,0.2402791359636467,-0.11436087092402819
quality_pass_142,quality_pass_142|family_residual_median_three_seeds|s85_source_dag_graph_median_three_seeds|mae_seconds,82da8e687716ed31c95e72560edb07e7f6073a5be0f5ebffb17d22aff22c81fd,0.3460227089963155,family_residual_median_three_seeds,0.3232834906724892,0.022739218323826305,s85_source_dag_graph_median_three_seeds,0.22218507528305054,0.12383763371326495,-0.10109841538943865
quality_pass_142,quality_pass_142|family_residual_median_three_seeds|s85_source_dag_graph_median_three_seeds|mae_seconds,84c07c56eef046e3c72823b20fb674075b1ab68a85dc6a06baf7f35983e2bd17,0.036921663995599374,family_residual_median_three_seeds,0.3704817235488991,0.3335600595532997,s85_source_dag_graph_median_three_seeds,0.07013466209173203,0.03321299809613265,0.30034706145716705
quality_pass_142,quality_pass_142|family_residual_median_three_seeds|s85_source_dag_graph_median_three_seeds|mae_seconds,8711737782301f568af1980707e62c989655488357aa858d6c63bb8e206ae4fc,0.45572497400280554,family_residual_median_three_seeds,0.3373909203891409,0.11833405361366461,s85_source_dag_graph_median_three_seeds,0.3918682932853699,0.06385668071743567,0.05447737289622895
quality_pass_142,quality_pass_142|family_residual_median_three_seeds|s85_source_dag_graph_median_three_seeds|mae_seconds,8c7594c05053bb7af0015bd637170a669e9d39c1da6edce6a769992b6ef5c9cb,0.029765535990009084,family_residual_median_three_seeds,0.0,0.029765535990009084,s85_source_dag_graph_median_three_seeds,0.0326743945479393,0.002908858557930216,0.026856677432078868
quality_pass_142,quality_pass_142|family_residual_median_three_seeds|s85_source_dag_graph_median_three_seeds|mae_seconds,8d3b3ff10a3a80d0dda4e7043cce2b222aaf9e3cc19caa194b8e87da40266ac5,0.22089128849620465,family_residual_median_three_seeds,0.4582193975466031,0.23732810905039847,s85_source_dag_graph_median_three_seeds,0.22053739428520203,0.0003538942110026255,0.23697421483939585
quality_pass_142,quality_pass_142|family_residual_median_three_seeds|s85_source_dag_graph_median_three_seeds|mae_seconds,8e1c1014680274215f87d97c833f99474ed19b3393b2b8eea20a36bde517708b,0.23596165100752842,family_residual_median_three_seeds,0.2589575098967248,0.022995858889196363,s85_source_dag_graph_median_three_seeds,0.351173460483551,0.11521180947602261,-0.09221595058682625
quality_pass_142,quality_pass_142|family_residual_median_three_seeds|s85_source_dag_graph_median_three_seeds|mae_seconds,8e4821df72704634cb81ea4d738477a8d596a49cba641e6198fdc9970e1d5d2f,0.10458056299830787,family_residual_median_three_seeds,0.18191659585553593,0.07733603285722807,s85_source_dag_graph_median_three_seeds,0.09584888815879822,0.008731674839509651,0.06860435801771841
quality_pass_142,quality_pass_142|family_residual_median_three_seeds|s85_source_dag_graph_median_three_seeds|mae_seconds,8ea085ea0c0185c560746ab5988221e203c457e2afbb475976fb99f718e2dad1,1.4953874835046008,family_residual_median_three_seeds,1.2256286401044054,0.2697588434001954,s85_source_dag_graph_median_three_seeds,1.5078225135803223,0.012435030075721443,0.25732381332447396
quality_pass_142,quality_pass_142|family_residual_median_three_seeds|s85_source_dag_graph_median_three_seeds|mae_seconds,8f11cd416ae9672f06a39e5ee3a27a70bcbf31d7177cb47270c0cd8512c95381,0.13935058600327466,family_residual_median_three_seeds,0.2343982782071923,0.09504769220391765,s85_source_dag_graph_median_three_seeds,0.13657096028327942,0.002779625719995238,0.09226806648392241
quality_pass_142,quality_pass_142|family_residual_median_three_seeds|s85_source_dag_graph_median_three_seeds|mae_seconds,9110b8773ad1c544b5ec91feaaa99c96975f7577fe6966b0f0df52dab84bef92,0.02539949499623617,family_residual_median_three_seeds,0.0,0.02539949499623617,s85_source_dag_graph_median_three_seeds,0.07510752230882645,0.049708027312590275,-0.024308532316354103
quality_pass_142,quality_pass_142|family_residual_median_three_seeds|s85_source_dag_graph_median_three_seeds|mae_seconds,92c02520f591e3d46218c6839b62acb2a1d5fbcc2ceba197b9265653f1737b24,0.01813236800080631,family_residual_median_three_seeds,0.0,0.01813236800080631,s85_source_dag_graph_median_three_seeds,0.01663355529308319,0.0014988127077231184,0.01663355529308319
quality_pass_142,quality_pass_142|family_residual_median_three_seeds|s85_source_dag_graph_median_three_seeds|mae_seconds,9649572da691c86252b1620cba73350902b9ba3cf4dbdb3fb2e3531588da98c4,0.07614758700947277,family_residual_median_three_seeds,0.0,0.07614758700947277,s85_source_dag_graph_median_three_seeds,0.06268534809350967,0.013462238915963098,0.06268534809350967
quality_pass_142,quality_pass_142|family_residual_median_three_seeds|s85_source_dag_graph_median_three_seeds|mae_seconds,97bdbd3569346cfa4a289ced5de0f3280a495266d423a3af48650bf01484b9be,3.5094549999921583,family_residual_median_three_seeds,4.907584364882597,1.3981293648904387,s85_source_dag_graph_median_three_seeds,3.7799267768859863,0.27047177689382806,1.1276575879966106
quality_pass_142,quality_pass_142|family_residual_median_three_seeds|s85_source_dag_graph_median_three_seeds|mae_seconds,99e0865dc3fced630c02b5b2710b24fd9257ba31d54112cde08a769e974f53c4,0.8848653770110104,family_residual_median_three_seeds,0.9351901737222084,0.05032479671119794,s85_source_dag_graph_median_three_seeds,0.8634864091873169,0.02137896782369353,0.02894582888750441
quality_pass_142,quality_pass_142|family_residual_median_three_seeds|s85_source_dag_graph_median_three_seeds|mae_seconds,9b4261e2d98678946a9aefea16ba9b8abcae8409f8589f8fb3daa941694f88c6,0.05269318800128531,family_residual_median_three_seeds,0.06535389468215709,0.012660706680871783,s85_source_dag_graph_median_three_seeds,0.045929204672575,0.00676398332871031,0.005896723352161473
quality_pass_142,quality_pass_142|family_residual_median_three_seeds|s85_source_dag_graph_median_three_seeds|mae_seconds,9fc54c185186ff8c504ebdac4e3fa109beb4cf46f86196a3376b3153a7f72962,0.056531766007537954,family_residual_median_three_seeds,0.4723256630183438,0.4157938970108058,s85_source_dag_graph_median_three_seeds,0.02242656610906124,0.03410519989847671,0.3816886971123291
quality_pass_142,quality_pass_142|family_residual_median_three_seeds|s85_source_dag_graph_median_three_seeds|mae_seconds,a3b7d67bad6cd47cb522addfaf763294b1ea99017f443c03052055a2f0074009,79.91749536799034,family_residual_median_three_seeds,21.395803682933128,58.52169168505721,s85_source_dag_graph_median_three_seeds,54.821102142333984,25.096393225656357,33.42529845940086
quality_pass_142,quality_pass_142|family_residual_median_three_seeds|s85_source_dag_graph_median_three_seeds|mae_seconds,a4a7b8b8d556570de9ea2db286aaa4245fa50f4619f25f0f7414b16d503458d8,0.953442771002301,family_residual_median_three_seeds,0.4102551186091743,0.5431876523931267,s85_source_dag_graph_median_three_seeds,0.6274430751800537,0.3259996958222473,0.21718795657087941
quality_pass_142,quality_pass_142|family_residual_median_three_seeds|s85_source_dag_graph_median_three_seeds|mae_seconds,a53b2a3a1ba8397a96b487c44f825f3cab2e0c714b69298f2ab0a839975b173c,5.230783803999657,family_residual_median_three_seeds,1.5383935727892943,3.6923902312103625,s85_source_dag_graph_median_three_seeds,4.834343433380127,0.39644037061952986,3.2959498605908326
quality_pass_142,quality_pass_142|family_residual_median_three_seeds|s85_source_dag_graph_median_three_seeds|mae_seconds,a70c5b796698f145c5992d324b3a0b5e28eb7301e6f306652a316a55c68f1ae8,0.35253910499159247,family_residual_median_three_seeds,0.3587972249572899,0.006258119965697417,s85_source_dag_graph_median_three_seeds,0.3498445749282837,0.0026945300633087754,0.003563589902388642
quality_pass_142,quality_pass_142|family_residual_median_three_seeds|s85_source_dag_graph_median_three_seeds|mae_seconds,aa91238ec5978b739b87b3a657746a8786de113397a5abeadf726d1dd9c836b3,0.012801228993339464,family_residual_median_three_seeds,0.0,0.012801228993339464,s85_source_dag_graph_median_three_seeds,0.012589589692652225,0.00021163930068723857,0.012589589692652225
quality_pass_142,quality_pass_142|family_residual_median_three_seeds|s85_source_dag_graph_median_three_seeds|mae_seconds,abe368f160ce73db792b3af14a6e120eda4838b15f01376daa204a680d07c5bc,0.0869559359998675,family_residual_median_three_seeds,0.15401072505049065,0.06705478905062315,s85_source_dag_graph_median_three_seeds,0.08899105340242386,0.0020351174025563523,0.0650196716480668
quality_pass_142,quality_pass_142|family_residual_median_three_seeds|s85_source_dag_graph_median_three_seeds|mae_seconds,acacd76111e7f23e4224342ca0ab5340b1bdaad3b6eba8893e4036ba14896362,0.012050335993990302,family_residual_median_three_seeds,0.0,0.012050335993990302,s85_source_dag_graph_median_three_seeds,0.007710797246545553,0.004339538747444749,0.007710797246545553
quality_pass_142,quality_pass_142|family_residual_median_three_seeds|s85_source_dag_graph_median_three_seeds|mae_seconds,af19d23c83544c8b7f6be5c42e0254336c9902c1ef454c06b9d45c4582d2fd3d,0.8332175344985444,family_residual_median_three_seeds,1.0490018003759765,0.21578426587743205,s85_source_dag_graph_median_three_seeds,0.8700469136238098,0.036829379125265405,0.17895488675216664
quality_pass_142,quality_pass_142|family_residual_median_three_seeds|s85_source_dag_graph_median_three_seeds|mae_seconds,af7e7c49ba06f5c554580173d3dcd73bc9d5a9dd9c6e3d3cd8c94d494fa4b969,0.02617017799639143,family_residual_median_three_seeds,0.0,0.02617017799639143,s85_source_dag_graph_median_three_seeds,0.026511257514357567,0.00034107951796613634,0.025829098478425294
quality_pass_142,quality_pass_142|family_residual_median_three_seeds|s85_source_dag_graph_median_three_seeds|mae_seconds,afa0cd93480bae81feca2afdcb909ab13c2934f76b139c27872b18658e5c1f28,0.018968898002640344,family_residual_median_three_seeds,0.0,0.018968898002640344,s85_source_dag_graph_median_three_seeds,0.02000323310494423,0.001034335102303885,0.01793456290033646
quality_pass_142,quality_pass_142|family_residual_median_three_seeds|s85_source_dag_graph_median_three_seeds|mae_seconds,b23a0318d268fcffc78b4f6ce920c98f33487ec34a71cf7b6225b9b6eb93f1bb,24.846454593003727,family_residual_median_three_seeds,17.269964313967368,7.57649027903636,s85_source_dag_graph_median_three_seeds,25.84378433227539,0.9973297392716631,6.579160539764697
quality_pass_142,quality_pass_142|family_residual_median_three_seeds|s85_source_dag_graph_median_three_seeds|mae_seconds,b5736e26e119a619b687dcc0cf8065475e3805bc0c6180b480e0e36badc289db,0.04377779198694043,family_residual_median_three_seeds,0.09311598763431352,0.04933819564737309,s85_source_dag_graph_median_three_seeds,0.027322327718138695,0.016455464268801734,0.03288273137857135
quality_pass_142,quality_pass_142|family_residual_median_three_seeds|s85_source_dag_graph_median_three_seeds|mae_seconds,b5f6ad96b1eb0fc9087c079e22e8a91398b460e24d616ed0d8829247aee24f18,0.017304453009273857,family_residual_median_three_seeds,0.13584315739579242,0.11853870438651856,s85_source_dag_graph_median_three_seeds,0.034355293959379196,0.01705084095010534,0.10148786343641322
quality_pass_142,quality_pass_142|family_residual_median_three_seeds|s85_source_dag_graph_median_three_seeds|mae_seconds,b6a15d3507225e442ed02c90df5179f09c529df7bf5ee38a8005cc265f4203a6,4.261887058994034,family_residual_median_three_seeds,9.908903559372966,5.647016500378932,s85_source_dag_graph_median_three_seeds,5.542008876800537,1.2801218178065028,4.366894682572429
quality_pass_142,quality_pass_142|family_residual_median_three_seeds|s85_source_dag_graph_median_three_seeds|mae_seconds,b6afb1122e1baece13144a1d0da78738759129107f453e9579e99e8789e057fe,0.047061582998139784,family_residual_median_three_seeds,0.20770464131252386,0.16064305831438408,s85_source_dag_graph_median_three_seeds,0.0293405894190073,0.017720993579132482,0.1429220647352516
quality_pass_142,quality_pass_142|family_residual_median_three_seeds|s85_source_dag_graph_median_three_seeds|mae_seconds,bbafe35368c1a915635c383f6aaa4ec709a7c6e055550875d4de11ca0983dbb5,0.04260586100281216,family_residual_median_three_seeds,0.4425203226521554,0.39991446164934324,s85_source_dag_graph_median_three_seeds,0.22765463590621948,0.18504877490340732,0.21486568674593592
quality_pass_142,quality_pass_142|family_residual_median_three_seeds|s85_source_dag_graph_median_three_seeds|mae_seconds,bc77f4afad8bbb19a6b320c11bc8f8110a330e395e5c509895e0b6c566cab5e9,0.02530120700248517,family_residual_median_three_seeds,0.013775811974916114,0.011525395027569057,s85_source_dag_graph_median_three_seeds,0.02250414714217186,0.0027970598603133112,0.008728335167255746
quality_pass_142,quality_pass_142|family_residual_median_three_seeds|s85_source_dag_graph_median_three_seeds|mae_seconds,bc8cb33a3a242fb3ab35191a36313674faaca8fe1839cfa05d79788052424d1d,0.016875350003829226,family_residual_median_three_seeds,0.0,0.016875350003829226,s85_source_dag_graph_median_three_seeds,0.014164700172841549,0.002710649830987677,0.014164700172841549
quality_pass_142,quality_pass_142|family_residual_median_three_seeds|s85_source_dag_graph_median_three_seeds|mae_seconds,bdd8a427e9747bbc01ad8e77a22d61f0314fe8db0de17786839f2193ab0928bd,2.3824428014922887,family_residual_median_three_seeds,1.5383935727892943,0.8440492287029944,s85_source_dag_graph_median_three_seeds,2.312180757522583,0.0702620439697057,0.7737871847332887
quality_pass_142,quality_pass_142|family_residual_median_three_seeds|s85_source_dag_graph_median_three_seeds|mae_seconds,c1572e3b6e41c965a5943c21ceacdbad56fc868b4ee02ff4ef8af2d2054a0602,0.22925455200311262,family_residual_median_three_seeds,0.48672974816770637,0.25747519616459374,s85_source_dag_graph_median_three_seeds,0.2299228012561798,0.000668249253067188,0.25680694691152656
quality_pass_142,quality_pass_142|family_residual_median_three_seeds|s85_source_dag_graph_median_three_seeds|mae_seconds,c658b0f6c564cc6b7d6d48105e5567caf0660181ca2dbad8b9bdbdd353962fd6,0.11542836799344514,family_residual_median_three_seeds,0.11417256714852043,0.001255800844924701,s85_source_dag_graph_median_three_seeds,0.10151311010122299,0.013915257892222144,-0.012659457047297443
quality_pass_142,quality_pass_142|family_residual_median_three_seeds|s85_source_dag_graph_median_three_seeds|mae_seconds,c67a77f55c658ad1270fd52c8cbc66319b72ceaa5ca5d4015d775b44e8edd85a,0.014848140999674797,family_residual_median_three_seeds,0.0,0.014848140999674797,s85_source_dag_graph_median_three_seeds,0.01813655160367489,0.0032884106040000916,0.011559730395674706
quality_pass_142,quality_pass_142|family_residual_median_three_seeds|s85_source_dag_graph_median_three_seeds|mae_seconds,c69c35c09a4dcfe7dd09af0b73be8e5f608531bf0baadd794f6861bcf237e40c,0.033591554005397484,family_residual_median_three_seeds,0.07224966213126505,0.03865810812586756,s85_source_dag_graph_median_three_seeds,0.037660885602235794,0.00406933159683831,0.03458877652902925
quality_pass_142,quality_pass_142|family_residual_median_three_seeds|s85_source_dag_graph_median_three_seeds|mae_seconds,c6ee0cb7c958cecf010796ce2ad0bb148b9fd660dd52393972c541d9ae422eca,2.3875844230060466,family_residual_median_three_seeds,1.4960336997242183,0.8915507232818283,s85_source_dag_graph_median_three_seeds,2.451683282852173,0.06409885984612629,0.827451863435702
quality_pass_142,quality_pass_142|family_residual_median_three_seeds|s85_source_dag_graph_median_three_seeds|mae_seconds,c9931425f0767057491a7e6ab8f1ed937fde917a862097440f57606892bddde9,0.4793449594944832,family_residual_median_three_seeds,0.6687760350366655,0.1894310755421823,s85_source_dag_graph_median_three_seeds,0.4434528052806854,0.03589215421379777,0.15353892132838454
quality_pass_142,quality_pass_142|family_residual_median_three_seeds|s85_source_dag_graph_median_three_seeds|mae_seconds,cbe1ca5505b485bd87b2e68f2b38ecae377e29f823c30e4c44d3f5f87d4266f7,0.09876574200461619,family_residual_median_three_seeds,0.1289313991732116,0.030165657168595428,s85_source_dag_graph_median_three_seeds,0.09387921541929245,0.004886526585323736,0.02527913058327169
quality_pass_142,quality_pass_142|family_residual_median_three_seeds|s85_source_dag_graph_median_three_seeds|mae_seconds,cfadb6828c07bfc2fac00ca0c9c03935e927b88961597b69936fc199a094b9ea,0.017487927005277015,family_residual_median_three_seeds,0.0,0.017487927005277015,s85_source_dag_graph_median_three_seeds,0.022799400612711906,0.005311473607434891,0.012176453397842124
quality_pass_142,quality_pass_142|family_residual_median_three_seeds|s85_source_dag_graph_median_three_seeds|mae_seconds,d06936015124a75ae15e1f94eeb54cc51ab24596726b8110765a69ba66d0e80a,0.1259611449931981,family_residual_median_three_seeds,0.1645312627057568,0.038570117712558694,s85_source_dag_graph_median_three_seeds,0.14269474148750305,0.016733596494304948,0.021836521218253746
quality_pass_142,quality_pass_142|family_residual_median_three_seeds|s85_source_dag_graph_median_three_seeds|mae_seconds,d506e52d304853cd9e55834d3112505279aa22e89e70aa7c00dfc57caad3c72c,0.3110688500019023,family_residual_median_three_seeds,0.6051702496370219,0.2941013996351196,s85_source_dag_graph_median_three_seeds,0.308599054813385,0.0024697951885173097,0.2916316044466023
quality_pass_142,quality_pass_142|family_residual_median_three_seeds|s85_source_dag_graph_median_three_seeds|mae_seconds,d7a22ac29418bcf9f00346732fe1b985f8e0b9df60273404dabbf4a62027715f,0.04994272699696012,family_residual_median_three_seeds,0.0,0.04994272699696012,s85_source_dag_graph_median_three_seeds,0.0508776418864727,0.0009349148895125836,0.049007812107447535
quality_pass_142,quality_pass_142|family_residual_median_three_seeds|s85_source_dag_graph_median_three_seeds|mae_seconds,d7ecd343052e510bdf5fa0f67f2fdbc3ee5ddccd19f39548c2853114a94dece2,0.032444068987388164,family_residual_median_three_seeds,0.0,0.032444068987388164,s85_source_dag_graph_median_three_seeds,0.029696865007281303,0.0027472039801068604,0.029696865007281303
quality_pass_142,quality_pass_142|family_residual_median_three_seeds|s85_source_dag_graph_median_three_seeds|mae_seconds,db0e077b1674f90860a270d014aa8226822880dbf36c819dad0bea17881b7eb5,0.09164552399306558,family_residual_median_three_seeds,0.39076557536105244,0.29912005136798686,s85_source_dag_graph_median_three_seeds,0.019261328503489494,0.07238419548957609,0.22673585587841077
quality_pass_142,quality_pass_142|family_residual_median_three_seeds|s85_source_dag_graph_median_three_seeds|mae_seconds,dbfb4dd8bf80cda30461759a3169ec60ac535a27409cf938f691179c6a121ebd,0.025913477991707623,family_residual_median_three_seeds,0.16736808868946526,0.14145461069775764,s85_source_dag_graph_median_three_seeds,0.037521012127399445,0.011607534135691822,0.12984707656206582
quality_pass_142,quality_pass_142|family_residual_median_three_seeds|s85_source_dag_graph_median_three_seeds|mae_seconds,dc97062e3adcbcaf813cae5e970c8a0357a239b8d4a09e77a4e3e4625532d209,0.022582220000913367,family_residual_median_three_seeds,0.0,0.022582220000913367,s85_source_dag_graph_median_three_seeds,0.019132960587739944,0.0034492594131734222,0.019132960587739944
quality_pass_142,quality_pass_142|family_residual_median_three_seeds|s85_source_dag_graph_median_three_seeds|mae_seconds,dd514cba6fbc94c48a3eb8f2ff2210ef74259e76e7f796394066418bfd93ee86,0.987846089003142,family_residual_median_three_seeds,1.1611524583150958,0.17330636931195387,s85_source_dag_graph_median_three_seeds,1.1743173599243164,0.18647127092117444,-0.01316490160922057
quality_pass_142,quality_pass_142|family_residual_median_three_seeds|s85_source_dag_graph_median_three_seeds|mae_seconds,de4639e0b84f220ce7281521fbce5104129cc70befb85198bf93def8d4ba7a65,0.012442961990018375,family_residual_median_three_seeds,0.0,0.012442961990018375,s85_source_dag_graph_median_three_seeds,0.015525168739259243,0.003082206749240868,0.009360755240777507
quality_pass_142,quality_pass_142|family_residual_median_three_seeds|s85_source_dag_graph_median_three_seeds|mae_seconds,de56c0798eca25bd1510d4d10f11e996f0bad2a11ce94a265da0635c161cbcae,0.013786837997031398,family_residual_median_three_seeds,0.012622825429487514,0.0011640125675438841,s85_source_dag_graph_median_three_seeds,0.014849666506052017,0.001062828509020619,0.00010118405852326505
quality_pass_142,quality_pass_142|family_residual_median_three_seeds|s85_source_dag_graph_median_three_seeds|mae_seconds,e0c3acec67c0fb535add575a46e01889b30ec7970005214fd2188b94ae3a55a5,0.30664109998906497,family_residual_median_three_seeds,0.5262795158501156,0.2196384158610506,s85_source_dag_graph_median_three_seeds,0.43323129415512085,0.12659019416605588,0.09304822169499471
quality_pass_142,quality_pass_142|family_residual_median_three_seeds|s85_source_dag_graph_median_three_seeds|mae_seconds,e2fba21685e6e7d22d625d8babcc9c51a8911815153e52fc89277e0efe117045,0.034269919007783756,family_residual_median_three_seeds,0.22210458567296995,0.1878346666651862,s85_source_dag_graph_median_three_seeds,0.03498802334070206,0.0007181043329183012,0.1871165623322679
quality_pass_142,quality_pass_142|family_residual_median_three_seeds|s85_source_dag_graph_median_three_seeds|mae_seconds,e4664972befc3ffed396f3842bf910be22c2fbe7f293d3c295b971dfe094d398,0.21684798199567012,family_residual_median_three_seeds,0.3216704003446582,0.10482241834898809,s85_source_dag_graph_median_three_seeds,0.29424116015434265,0.07739317815867253,0.027429240190315562
quality_pass_142,quality_pass_142|family_residual_median_three_seeds|s85_source_dag_graph_median_three_seeds|mae_seconds,e8037a4f622df36c65c0e756e11a6c6e3b8b40fbabaffb6cd59ff1cc79f49063,61.17339781799819,family_residual_median_three_seeds,25.339846748996134,35.833551069002056,s85_source_dag_graph_median_three_seeds,56.25824737548828,4.915150442509912,30.918400626492144
quality_pass_142,quality_pass_142|family_residual_median_three_seeds|s85_source_dag_graph_median_three_seeds|mae_seconds,ea84355871fa77560419766f8000de4dcb0eea29468bcb0d89a1c84edff34f61,0.036422210992896,family_residual_median_three_seeds,0.0,0.036422210992896,s85_source_dag_graph_median_three_seeds,0.03170929104089737,0.004712919951998629,0.03170929104089737
quality_pass_142,quality_pass_142|family_residual_median_three_seeds|s85_source_dag_graph_median_three_seeds|mae_seconds,eb43007109ad9707544629854cfc7259b0e6aa70c5a618cedacbb7d26dd746a0,1.539023724006256,family_residual_median_three_seeds,1.2252394561372593,0.3137842678689968,s85_source_dag_graph_median_three_seeds,1.5472404956817627,0.008216771675506607,0.3055674961934902
quality_pass_142,quality_pass_142|family_residual_median_three_seeds|s85_source_dag_graph_median_three_seeds|mae_seconds,edc62038c489069da135981ccefd5c5a2f3cc0a991fa6da4defa393abdb0d2a4,0.12868290600454202,family_residual_median_three_seeds,0.11229803406574593,0.01638487193879609,s85_source_dag_graph_median_three_seeds,0.14001759886741638,0.011334692862874363,0.005050179075921729
quality_pass_142,quality_pass_142|family_residual_median_three_seeds|s85_source_dag_graph_median_three_seeds|mae_seconds,f0e0170b510412a7e964e82f14793115a9e53a1b250283a74abd893a45b5f20e,0.30258032999699935,family_residual_median_three_seeds,0.2823385136549414,0.02024181634205796,s85_source_dag_graph_median_three_seeds,0.23855805397033691,0.06402227602666244,-0.04378045968460448
quality_pass_142,quality_pass_142|family_residual_median_three_seeds|s85_source_dag_graph_median_three_seeds|mae_seconds,f12c9439f3dfce19e2f161aed74fdafb33146528cdb8524425608579de8b6741,0.03252830699784681,family_residual_median_three_seeds,0.024451915726537654,0.008076391271309158,s85_source_dag_graph_median_three_seeds,0.025182275101542473,0.007346031896304339,0.0007303593750048187
quality_pass_142,quality_pass_142|family_residual_median_three_seeds|s85_source_dag_graph_median_three_seeds|mae_seconds,f2ce48d725be79c1ea5cbfeb36811261c4e74460588e911c3b2916a9303c1cf5,0.08811176200106274,family_residual_median_three_seeds,0.0,0.08811176200106274,s85_source_dag_graph_median_three_seeds,0.14583799242973328,0.05772623042867053,0.03038553157239221
quality_pass_142,quality_pass_142|family_residual_median_three_seeds|s85_source_dag_graph_median_three_seeds|mae_seconds,f37f599f25c5024b4069e866a31563a6daf0b1495d17d25343f7b3cfac1169ee,0.06516375900537241,family_residual_median_three_seeds,0.05393454671598348,0.011229212289388932,s85_source_dag_graph_median_three_seeds,0.05376512184739113,0.011398637157981284,-0.00016942486859235217
quality_pass_142,quality_pass_142|family_residual_median_three_seeds|s85_source_dag_graph_median_three_seeds|mae_seconds,f76953672a13f3e92397fe3586ff6557882560261e995147a67b931d701c7fcf,2.0946084930037614,family_residual_median_three_seeds,1.3703727995491417,0.7242356934546197,s85_source_dag_graph_median_three_seeds,2.1036734580993652,0.009064965095603839,0.7151707283590159
quality_pass_142,quality_pass_142|family_residual_median_three_seeds|s85_source_dag_graph_median_three_seeds|mae_seconds,f8d88243c9d36e41e0eedeff4898e325d59ba4d8ceb4b81c7b48757ade1e94b4,1.798349431992392,family_residual_median_three_seeds,0.9349311232212207,0.8634183087711713,s85_source_dag_graph_median_three_seeds,1.9550142288208008,0.15666479682840873,0.7067535119427626
quality_pass_142,quality_pass_142|family_residual_median_three_seeds|s85_source_dag_graph_median_three_seeds|mae_seconds,fa595f88d0ab98542a799af4492f53b2a5e2e88ebc442a9b508abac209d0afcc,1.210094072011998,family_residual_median_three_seeds,0.916768102282726,0.29332596972927194,s85_source_dag_graph_median_three_seeds,0.9917740225791931,0.2183200494328048,0.07500592029646713
quality_pass_142,quality_pass_142|family_residual_median_three_seeds|s85_source_dag_graph_median_three_seeds|mae_seconds,fcd9497c7764bb185a96cc8b6d1c7878851e9b87e64de7ebf47aa1d16eb3ee0a,0.011232427001232281,family_residual_median_three_seeds,0.3855449041885901,0.37431247718735783,s85_source_dag_graph_median_three_seeds,0.007892286404967308,0.0033401405962649733,0.37097233659109285
quality_pass_142,quality_pass_142|family_residual_median_three_seeds|s85_source_dag_graph_median_three_seeds|mae_seconds,fea8eb37e38bc24d3352d9446471b5cf8f6b8af6ae4c0f931d5942564936274c,0.6560874409915414,family_residual_median_three_seeds,0.5485126667604492,0.10757477423109219,s85_source_dag_graph_median_three_seeds,0.40366294980049133,0.25242449119105004,-0.14484971695995785
