canonical_observation_id,source_id,outer_fold,actual_seconds,predicted_seconds,absolute_error_seconds,predicted_seed_42_seconds,predicted_seed_1234_seconds,predicted_seed_31415_seconds
mali_real_qpu|row100,mali_real_qpu,0,9.923078536987305,8.658270835876465,1.2648077011108398,8.499995231628418,8.658270835876465,8.682523727416992
mali_real_qpu|row101,mali_real_qpu,0,8.577016830444336,8.723299026489258,0.14628219604492188,8.579591751098633,8.723299026489258,8.742752075195312
mali_real_qpu|row106,mali_real_qpu,0,10.312875747680664,10.074434280395508,0.23844146728515625,10.074434280395508,9.98521614074707,10.096868515014648
mali_real_qpu|row109,mali_real_qpu,0,11.198939323425293,10.213622093200684,0.9853172302246094,10.217191696166992,10.085566520690918,10.213622093200684
mali_real_qpu|row112,mali_real_qpu,0,7.7270307540893555,8.581012725830078,0.8539819717407227,8.423850059509277,8.581012725830078,8.616486549377441
mali_real_qpu|row114,mali_real_qpu,0,7.856235027313232,8.085752487182617,0.22951745986938477,7.875333786010742,8.085752487182617,8.172663688659668
mali_real_qpu|row116,mali_real_qpu,0,7.800289154052734,7.633997440338135,0.1662917137145996,7.633997440338135,7.305517196655273,7.7025322914123535
mali_real_qpu|row118,mali_real_qpu,0,11.428802490234375,10.272377014160156,1.1564254760742188,10.290101051330566,10.139333724975586,10.272377014160156
mali_real_qpu|row120,mali_real_qpu,0,10.173337936401367,10.00459098815918,0.1687469482421875,10.00459098815918,9.938672065734863,10.038867950439453
mali_real_qpu|row124,mali_real_qpu,0,10.280381202697754,8.865166664123535,1.4152145385742188,8.735118865966797,8.865166664123535,8.868436813354492
mali_real_qpu|row142,mali_real_qpu,0,10.606703758239746,10.147566795349121,0.459136962890625,10.147566795349121,10.039346694946289,10.1559419631958
mali_real_qpu|row143,mali_real_qpu,0,10.976276397705078,10.667499542236328,0.30877685546875,10.703227043151855,10.588330268859863,10.667499542236328
mali_real_qpu|row149,mali_real_qpu,0,6.497926712036133,8.285017967224121,1.7870912551879883,8.040392875671387,8.285017967224121,8.340933799743652
mali_real_qpu|row15,mali_real_qpu,0,6.074636459350586,6.324030876159668,0.24939441680908203,6.324030876159668,6.218068599700928,6.505773067474365
mali_real_qpu|row150,mali_real_qpu,0,4.1495256423950195,4.078896522521973,0.07062911987304688,4.288736343383789,4.078896522521973,4.053060054779053
mali_real_qpu|row154,mali_real_qpu,0,8.39998722076416,8.83709716796875,0.43710994720458984,8.340788841247559,8.83709716796875,8.9517183303833
mali_real_qpu|row157,mali_real_qpu,0,7.735143661499023,7.303161144256592,0.43198251724243164,7.303161144256592,7.003354072570801,7.40178918838501
mali_real_qpu|row159,mali_real_qpu,0,9.174866676330566,8.570982933044434,0.6038837432861328,8.352615356445312,8.570982933044434,8.59548282623291
mali_real_qpu|row165,mali_real_qpu,0,11.795516014099121,10.971931457519531,0.8235845565795898,11.086231231689453,10.816579818725586,10.971931457519531
mali_real_qpu|row171,mali_real_qpu,0,10.710532188415527,8.90750503540039,1.8030271530151367,8.743467330932617,8.919981956481934,8.90750503540039
mali_real_qpu|row173,mali_real_qpu,0,3.204434633255005,3.7926595211029053,0.5882248878479004,3.7926595211029053,3.898385524749756,3.7535622119903564
mali_real_qpu|row177,mali_real_qpu,0,8.65280532836914,9.138416290283203,0.4856109619140625,8.916139602661133,9.158021926879883,9.138416290283203
mali_real_qpu|row18,mali_real_qpu,0,9.432950019836426,9.133943557739258,0.29900646209716797,9.053833961486816,9.202241897583008,9.133943557739258
mali_real_qpu|row184,mali_real_qpu,0,8.969100952148438,9.022183418273926,0.05308246612548828,8.898749351501465,9.06130599975586,9.022183418273926
mali_real_qpu|row185,mali_real_qpu,0,7.261130332946777,8.063186645507812,0.8020563125610352,7.807409763336182,8.063186645507812,8.14547061920166
mali_real_qpu|row189,mali_real_qpu,0,9.978734970092773,10.252994537353516,0.2742595672607422,10.252994537353516,10.187372207641602,10.356317520141602
mali_real_qpu|row195,mali_real_qpu,0,4.02796745300293,3.9196863174438477,0.10828113555908203,3.9196863174438477,3.9457836151123047,3.831570625305176
mali_real_qpu|row198,mali_real_qpu,0,3.879044771194458,3.9688847064971924,0.08983993530273438,3.9824109077453613,3.9688847064971924,3.869774341583252
mali_real_qpu|row20,mali_real_qpu,0,9.801901817321777,9.438958168029785,0.3629436492919922,9.438958168029785,9.558870315551758,9.411478042602539
mali_real_qpu|row204,mali_real_qpu,0,9.936943054199219,9.133941650390625,0.8030014038085938,9.053833961486816,9.202244758605957,9.133941650390625
mali_real_qpu|row206,mali_real_qpu,0,9.88498592376709,9.438953399658203,0.4460325241088867,9.438953399658203,9.558870315551758,9.411478042602539
mali_real_qpu|row217,mali_real_qpu,0,7.712161540985107,8.493526458740234,0.781364917755127,8.276397705078125,8.493526458740234,8.529212951660156
mali_real_qpu|row22,mali_real_qpu,0,6.477262020111084,6.420827388763428,0.05643463134765625,6.420827388763428,6.298022747039795,6.605165481567383
mali_real_qpu|row221,mali_real_qpu,0,8.54247760772705,9.193078994750977,0.6506013870239258,8.704888343811035,9.193078994750977,9.42561149597168
mali_real_qpu|row228,mali_real_qpu,0,8.380846977233887,7.743844509124756,0.6370024681091309,7.743844509124756,7.405792236328125,7.801700115203857
mali_real_qpu|row229,mali_real_qpu,0,8.867010116577148,9.473915100097656,0.6069049835205078,9.353694915771484,9.473915100097656,9.503150939941406
mali_real_qpu|row243,mali_real_qpu,0,9.603615760803223,9.098760604858398,0.5048551559448242,9.045584678649902,9.147693634033203,9.098760604858398
mali_real_qpu|row246,mali_real_qpu,0,7.945091247558594,7.633995532989502,0.3110957145690918,7.633995532989502,7.305517196655273,7.7025322914123535
mali_real_qpu|row269,mali_real_qpu,0,8.877431869506836,8.658270835876465,0.2191610336303711,8.499995231628418,8.658270835876465,8.682523727416992
mali_real_qpu|row270,mali_real_qpu,0,8.106675148010254,8.723299026489258,0.6166238784790039,8.579591751098633,8.723299026489258,8.742752075195312
mali_real_qpu|row273,mali_real_qpu,0,10.19336223602295,10.074431419372559,0.11893081665039062,10.074431419372559,9.98521614074707,10.096868515014648
mali_real_qpu|row276,mali_real_qpu,0,9.240009307861328,10.213622093200684,0.9736127853393555,10.217191696166992,10.085566520690918,10.213622093200684
mali_real_qpu|row279,mali_real_qpu,0,7.747324466705322,8.581012725830078,0.8336882591247559,8.423850059509277,8.581012725830078,8.616486549377441
mali_real_qpu|row281,mali_real_qpu,0,8.374927520751953,7.633995532989502,0.7409319877624512,7.633995532989502,7.305517196655273,7.7025322914123535
mali_real_qpu|row283,mali_real_qpu,0,10.362000465393066,10.272377014160156,0.08962345123291016,10.290098190307617,10.139335632324219,10.272377014160156
mali_real_qpu|row285,mali_real_qpu,0,10.565147399902344,10.00459098815918,0.5605564117431641,10.00459098815918,9.938674926757812,10.038867950439453
mali_real_qpu|row288,mali_real_qpu,0,10.630030632019043,8.865166664123535,1.7648639678955078,8.735118865966797,8.865166664123535,8.868438720703125
mali_real_qpu|row30,mali_real_qpu,0,7.153916358947754,6.226921081542969,0.9269952774047852,6.226921081542969,6.137694835662842,6.4088592529296875
mali_real_qpu|row300,mali_real_qpu,0,10.5537748336792,10.14756965637207,0.4062051773071289,10.14756965637207,10.039346694946289,10.15594482421875
mali_real_qpu|row301,mali_real_qpu,0,10.980865478515625,10.667499542236328,0.3133659362792969,10.703227043151855,10.588330268859863,10.667499542236328
mali_real_qpu|row307,mali_real_qpu,0,4.159184455871582,4.0788960456848145,0.08028841018676758,4.2887372970581055,4.0788960456848145,4.053060054779053
mali_real_qpu|row313,mali_real_qpu,0,8.530109405517578,7.303161144256592,1.2269482612609863,7.303161144256592,7.003354072570801,7.40178918838501
mali_real_qpu|row315,mali_real_qpu,0,8.555989265441895,8.570982933044434,0.014993667602539062,8.352615356445312,8.570982933044434,8.59548282623291
mali_real_qpu|row319,mali_real_qpu,0,11.359084129333496,10.971929550170898,0.38715457916259766,11.086231231689453,10.816579818725586,10.971929550170898
mali_real_qpu|row325,mali_real_qpu,0,9.029428482055664,8.90750503540039,0.12192344665527344,8.743467330932617,8.9199800491333,8.90750503540039
mali_real_qpu|row327,mali_real_qpu,0,3.253659963607788,3.7926595211029053,0.5389995574951172,3.7926595211029053,3.898385524749756,3.753561496734619
mali_real_qpu|row335,mali_real_qpu,0,8.796178817749023,9.022183418273926,0.22600460052490234,8.898747444152832,9.06130599975586,9.022183418273926
mali_real_qpu|row338,mali_real_qpu,0,10.40165901184082,10.252991676330566,0.1486673355102539,10.252991676330566,10.187372207641602,10.356321334838867
mali_real_qpu|row35,mali_real_qpu,0,8.605368614196777,8.493523597717285,0.11184501647949219,8.276397705078125,8.493523597717285,8.529212951660156
mali_real_qpu|row39,mali_real_qpu,0,8.817938804626465,9.193076133728027,0.3751373291015625,8.704888343811035,9.193076133728027,9.42561149597168
mali_real_qpu|row4,mali_real_qpu,0,3.769855499267578,3.919685125350952,0.14982962608337402,3.919685125350952,3.9457836151123047,3.831570625305176
mali_real_qpu|row47,mali_real_qpu,0,8.179451942443848,7.743840217590332,0.4356117248535156,7.743840217590332,7.405794143676758,7.801700115203857
mali_real_qpu|row48,mali_real_qpu,0,9.902657508850098,9.473915100097656,0.4287424087524414,9.353694915771484,9.473915100097656,9.503150939941406
mali_real_qpu|row57,mali_real_qpu,0,9.140544891357422,9.320962905883789,0.1804180145263672,9.137314796447754,9.320962905883789,9.322271347045898
mali_real_qpu|row67,mali_real_qpu,0,9.381370544433594,9.098760604858398,0.2826099395751953,9.045584678649902,9.147693634033203,9.098760604858398
mali_real_qpu|row69,mali_real_qpu,0,8.148926734924316,9.015314102172852,0.8663873672485352,8.76964282989502,9.051063537597656,9.015314102172852
mali_real_qpu|row7,mali_real_qpu,0,3.10723876953125,3.9688847064971924,0.8616459369659424,3.9824109077453613,3.9688847064971924,3.8697762489318848
mali_real_qpu|row72,mali_real_qpu,0,7.656744480133057,7.633995532989502,0.022748947143554688,7.633995532989502,7.305517196655273,7.702534198760986
qonductor_single_circuit_ibm|row1008,qonductor_single_circuit_ibm,0,1.9229830503463745,2.407531499862671,0.4845484495162964,2.3045387268066406,2.407531499862671,2.5243961811065674
qonductor_single_circuit_ibm|row1010,qonductor_single_circuit_ibm,0,1.917903184890747,2.407531976699829,0.48962879180908203,2.3045382499694824,2.407531976699829,2.5243961811065674
qonductor_single_circuit_ibm|row1016,qonductor_single_circuit_ibm,0,2.0783166885375977,2.2467904090881348,0.1684737205505371,2.529289960861206,2.2467904090881348,2.220329523086548
qonductor_single_circuit_ibm|row1018,qonductor_single_circuit_ibm,0,1.8895342350006104,2.2467899322509766,0.3572556972503662,2.529289960861206,2.2467899322509766,2.2203290462493896
qonductor_single_circuit_ibm|row1019,qonductor_single_circuit_ibm,0,1.8877208232879639,2.323093891143799,0.43537306785583496,2.4929585456848145,2.323093891143799,2.248206377029419
qonductor_single_circuit_ibm|row1020,qonductor_single_circuit_ibm,0,1.9124460220336914,2.323094367980957,0.4106483459472656,2.4929585456848145,2.323094367980957,2.248206377029419
qonductor_single_circuit_ibm|row1028,qonductor_single_circuit_ibm,0,2.4018988609313965,3.1866722106933594,0.7847733497619629,3.2757108211517334,3.1866722106933594,3.062615394592285
qonductor_single_circuit_ibm|row1030,qonductor_single_circuit_ibm,0,2.2997922897338867,3.1866722106933594,0.8868799209594727,3.275710344314575,3.1866722106933594,3.062615394592285
qonductor_single_circuit_ibm|row1032,qonductor_single_circuit_ibm,0,3.1433022022247314,3.1866722106933594,0.04337000846862793,3.2757112979888916,3.1866722106933594,3.062615394592285
qonductor_single_circuit_ibm|row1034,qonductor_single_circuit_ibm,0,3.1810646057128906,3.1866722106933594,0.00560760498046875,3.275710344314575,3.1866722106933594,3.0626158714294434
qonductor_single_circuit_ibm|row1035,qonductor_single_circuit_ibm,0,3.149449348449707,3.2175378799438477,0.06808853149414062,3.3141939640045166,3.00584077835083,3.2175378799438477
qonductor_single_circuit_ibm|row1038,qonductor_single_circuit_ibm,0,2.234382152557373,2.323094367980957,0.08871221542358398,2.4929590225219727,2.323094367980957,2.248206377029419
qonductor_single_circuit_ibm|row1040,qonductor_single_circuit_ibm,0,2.2886760234832764,2.323094367980957,0.034418344497680664,2.4929590225219727,2.323094367980957,2.248206377029419
qonductor_single_circuit_ibm|row1041,qonductor_single_circuit_ibm,0,2.228022813796997,1.892513394355774,0.33550941944122314,2.172351837158203,1.7430953979492188,1.892513394355774
qonductor_single_circuit_ibm|row1044,qonductor_single_circuit_ibm,0,3.5402798652648926,3.094517946243286,0.44576191902160645,3.094517946243286,2.9721121788024902,3.3138468265533447
qonductor_single_circuit_ibm|row1045,qonductor_single_circuit_ibm,0,3.310840368270874,3.1652257442474365,0.1456146240234375,3.1652257442474365,3.0092508792877197,3.2931511402130127
qonductor_single_circuit_ibm|row1048,qonductor_single_circuit_ibm,0,1.7794972658157349,1.8925130367279053,0.11301577091217041,2.172351837158203,1.74309504032135,1.8925130367279053
qonductor_single_circuit_ibm|row105,qonductor_single_circuit_ibm,0,1.3194652795791626,4.645799160003662,3.3263338804244995,4.645799160003662,4.530717849731445,5.895109176635742
qonductor_single_circuit_ibm|row1051,qonductor_single_circuit_ibm,0,1.995571255683899,2.810690402984619,0.8151191473007202,2.8396198749542236,2.810690402984619,2.6160013675689697
qonductor_single_circuit_ibm|row1057,qonductor_single_circuit_ibm,0,3.7674686908721924,3.6081349849700928,0.1593337059020996,3.5599355697631836,3.6081349849700928,3.658263683319092
qonductor_single_circuit_ibm|row106,qonductor_single_circuit_ibm,0,1.3198199272155762,4.645800590515137,3.3259806632995605,4.645800590515137,4.530716419219971,5.895107746124268
qonductor_single_circuit_ibm|row1064,qonductor_single_circuit_ibm,0,3.9034652709960938,3.6081349849700928,0.295330286026001,3.5599355697631836,3.6081349849700928,3.658263683319092
qonductor_single_circuit_ibm|row107,qonductor_single_circuit_ibm,0,1.3199559450149536,4.6457977294921875,3.325841784477234,4.6457977294921875,4.530716419219971,5.895110130310059
qonductor_single_circuit_ibm|row1073,qonductor_single_circuit_ibm,0,1.0181260108947754,2.1618287563323975,1.143702745437622,2.1914150714874268,2.119462251663208,2.1618287563323975
qonductor_single_circuit_ibm|row1075,qonductor_single_circuit_ibm,0,1.1571086645126343,2.1629838943481445,1.0058752298355103,2.1933631896972656,2.1366970539093018,2.1629838943481445
qonductor_single_circuit_ibm|row108,qonductor_single_circuit_ibm,0,1.33841073513031,4.6457977294921875,3.3073869943618774,4.6457977294921875,4.530716419219971,5.895109176635742
qonductor_single_circuit_ibm|row1088,qonductor_single_circuit_ibm,0,1.1483749151229858,2.325666666030884,1.177291750907898,2.3205246925354004,2.3285739421844482,2.325666666030884
qonductor_single_circuit_ibm|row109,qonductor_single_circuit_ibm,0,1.3212603330612183,4.645800590515137,3.3245402574539185,4.645800590515137,4.530717849731445,5.895108222961426
qonductor_single_circuit_ibm|row1091,qonductor_single_circuit_ibm,0,1.195208191871643,2.497816562652588,1.3026083707809448,2.497816562652588,2.4292776584625244,2.571855068206787
qonductor_single_circuit_ibm|row1097,qonductor_single_circuit_ibm,0,3.1526455879211426,2.970503330230713,0.1821422576904297,2.9545798301696777,2.970503330230713,3.1877474784851074
qonductor_single_circuit_ibm|row1101,qonductor_single_circuit_ibm,0,3.084787607192993,2.970503330230713,0.11428427696228027,2.9545798301696777,2.970503330230713,3.1877474784851074
qonductor_single_circuit_ibm|row1108,qonductor_single_circuit_ibm,0,3.070078134536743,2.8016703128814697,0.26840782165527344,2.4912922382354736,2.8016703128814697,2.889169692993164
qonductor_single_circuit_ibm|row1109,qonductor_single_circuit_ibm,0,3.323784351348877,2.8016698360443115,0.5221145153045654,2.4912924766540527,2.8016698360443115,2.889169692993164
qonductor_single_circuit_ibm|row1114,qonductor_single_circuit_ibm,0,1.1780390739440918,3.219461441040039,2.0414223670959473,3.219461441040039,3.1778786182403564,3.4085822105407715
qonductor_single_circuit_ibm|row1118,qonductor_single_circuit_ibm,0,1.0704745054244995,2.8719005584716797,1.8014260530471802,2.8719005584716797,2.5161099433898926,3.036402940750122
qonductor_single_circuit_ibm|row1119,qonductor_single_circuit_ibm,0,1.0380574464797974,2.4859087467193604,1.447851300239563,2.4859087467193604,2.4752402305603027,2.738917112350464
qonductor_single_circuit_ibm|row1120,qonductor_single_circuit_ibm,0,1.153074860572815,2.966420888900757,1.813346028327942,2.798081398010254,3.178795576095581,2.966420888900757
qonductor_single_circuit_ibm|row1125,qonductor_single_circuit_ibm,0,2.5710856914520264,2.2971508502960205,0.27393484115600586,2.2971508502960205,2.0143661499023438,2.49186372756958
qonductor_single_circuit_ibm|row1134,qonductor_single_circuit_ibm,0,1.0844391584396362,2.413843870162964,1.3294047117233276,2.413843870162964,2.4050886631011963,2.6434149742126465
qonductor_single_circuit_ibm|row1135,qonductor_single_circuit_ibm,0,1.1429660320281982,2.413843870162964,1.2708778381347656,2.413843870162964,2.4050886631011963,2.6434149742126465
qonductor_single_circuit_ibm|row1151,qonductor_single_circuit_ibm,0,1.9830622673034668,2.2704484462738037,0.2873861789703369,2.1238391399383545,2.2704484462738037,2.767781972885132
qonductor_single_circuit_ibm|row1152,qonductor_single_circuit_ibm,0,2.036083698272705,2.2704479694366455,0.23436427116394043,2.1238391399383545,2.2704479694366455,2.767781972885132
qonductor_single_circuit_ibm|row1153,qonductor_single_circuit_ibm,0,2.5768206119537354,3.6514666080474854,1.07464599609375,3.6514666080474854,3.49255633354187,3.8562936782836914
qonductor_single_circuit_ibm|row1154,qonductor_single_circuit_ibm,0,2.7170445919036865,3.6534032821655273,0.9363586902618408,3.6534032821655273,3.473480701446533,3.830514430999756
qonductor_single_circuit_ibm|row1155,qonductor_single_circuit_ibm,0,2.5703938007354736,3.6514666080474854,1.0810728073120117,3.6514666080474854,3.49255633354187,3.856293201446533
qonductor_single_circuit_ibm|row1160,qonductor_single_circuit_ibm,0,2.897773265838623,3.7415690422058105,0.8437957763671875,3.7415690422058105,3.5188169479370117,3.8620526790618896
qonductor_single_circuit_ibm|row1167,qonductor_single_circuit_ibm,0,2.884559392929077,3.7415690422058105,0.8570096492767334,3.7415690422058105,3.5188181400299072,3.862053155899048
qonductor_single_circuit_ibm|row1173,qonductor_single_circuit_ibm,0,2.0162553787231445,2.2704484462738037,0.2541930675506592,2.1238391399383545,2.2704484462738037,2.767781972885132
qonductor_single_circuit_ibm|row1174,qonductor_single_circuit_ibm,0,1.9559204578399658,2.2704479694366455,0.3145275115966797,2.1238391399383545,2.2704479694366455,2.767781972885132
qonductor_single_circuit_ibm|row1175,qonductor_single_circuit_ibm,0,2.6220571994781494,3.6514670848846436,1.0294098854064941,3.6514670848846436,3.49255633354187,3.8562936782836914
qonductor_single_circuit_ibm|row1176,qonductor_single_circuit_ibm,0,2.6823854446411133,3.6534032821655273,0.9710178375244141,3.6534032821655273,3.4734818935394287,3.830514907836914
qonductor_single_circuit_ibm|row1177,qonductor_single_circuit_ibm,0,2.6898913383483887,3.6534032821655273,0.9635119438171387,3.6534032821655273,3.473480701446533,3.8305137157440186
qonductor_single_circuit_ibm|row1189,qonductor_single_circuit_ibm,0,1.935874342918396,3.7415611743927,1.8056868314743042,3.7415611743927,3.6188979148864746,3.8228259086608887
qonductor_single_circuit_ibm|row1192,qonductor_single_circuit_ibm,0,1.9341517686843872,3.7415611743927,1.807409405708313,3.7415611743927,3.6188979148864746,3.8228259086608887
qonductor_single_circuit_ibm|row1193,qonductor_single_circuit_ibm,0,1.97734534740448,3.7415611743927,1.7642158269882202,3.7415611743927,3.618898391723633,3.8228259086608887
qonductor_single_circuit_ibm|row1194,qonductor_single_circuit_ibm,0,2.056896209716797,3.8994853496551514,1.8425891399383545,3.522789478302002,3.8994853496551514,4.015774726867676
qonductor_single_circuit_ibm|row1196,qonductor_single_circuit_ibm,0,1.9417469501495361,3.899484157562256,1.9577372074127197,3.5227890014648438,3.899484157562256,4.015774726867676
qonductor_single_circuit_ibm|row1197,qonductor_single_circuit_ibm,0,2.424351453781128,3.8994853496551514,1.4751338958740234,3.522789478302002,3.8994853496551514,4.015774726867676
qonductor_single_circuit_ibm|row1198,qonductor_single_circuit_ibm,0,2.560288429260254,3.6534032821655273,1.0931148529052734,3.6534032821655273,3.473480701446533,3.830514430999756
qonductor_single_circuit_ibm|row1199,qonductor_single_circuit_ibm,0,2.606236219406128,3.651467800140381,1.045231580734253,3.651467800140381,3.4925568103790283,3.8562936782836914
qonductor_single_circuit_ibm|row1202,qonductor_single_circuit_ibm,0,1.9335297346115112,3.8994853496551514,1.9659556150436401,3.522789478302002,3.8994853496551514,4.015774250030518
qonductor_single_circuit_ibm|row1213,qonductor_single_circuit_ibm,0,2.105165719985962,3.141299247741699,1.0361335277557373,3.092189073562622,3.141299247741699,3.647869825363159
qonductor_single_circuit_ibm|row1214,qonductor_single_circuit_ibm,0,2.0897817611694336,3.12245774269104,1.0326759815216064,3.12245774269104,3.236180067062378,2.971215009689331
qonductor_single_circuit_ibm|row1217,qonductor_single_circuit_ibm,0,1.9623388051986694,3.13114070892334,1.1688019037246704,3.13114070892334,3.2351877689361572,2.9715206623077393
qonductor_single_circuit_ibm|row1227,qonductor_single_circuit_ibm,0,1.9252694845199585,2.8231608867645264,0.8978914022445679,2.8231608867645264,2.775425672531128,3.2789409160614014
qonductor_single_circuit_ibm|row1234,qonductor_single_circuit_ibm,0,1.9173098802566528,2.570091485977173,0.65278160572052,2.0648553371429443,2.570091485977173,2.9911763668060303
qonductor_single_circuit_ibm|row1236,qonductor_single_circuit_ibm,0,1.9686745405197144,3.0708181858062744,1.10214364528656,3.0708181858062744,2.9252848625183105,3.3262228965759277
qonductor_single_circuit_ibm|row1244,qonductor_single_circuit_ibm,0,1.9553560018539429,3.106905221939087,1.151549220085144,2.7452497482299805,3.106905221939087,3.1229939460754395
qonductor_single_circuit_ibm|row1258,qonductor_single_circuit_ibm,0,1.0363779067993164,2.4305171966552734,1.394139289855957,2.4305171966552734,2.25291109085083,2.6613402366638184
qonductor_single_circuit_ibm|row1284,qonductor_single_circuit_ibm,0,1.0144679546356201,2.479691743850708,1.465223789215088,2.606039524078369,2.3598456382751465,2.479691743850708
qonductor_single_circuit_ibm|row1285,qonductor_single_circuit_ibm,0,1.0603803396224976,2.47969126701355,1.4193109273910522,2.606039524078369,2.3598458766937256,2.47969126701355
qonductor_single_circuit_ibm|row1286,qonductor_single_circuit_ibm,0,1.0433144569396973,2.479691743850708,1.4363772869110107,2.606039524078369,2.359846353530884,2.479691743850708
qonductor_single_circuit_ibm|row1287,qonductor_single_circuit_ibm,0,1.0805120468139648,2.47969126701355,1.399179220199585,2.6060400009155273,2.359846353530884,2.47969126701355
qonductor_single_circuit_ibm|row1304,qonductor_single_circuit_ibm,0,2.6772866249084473,2.413843870162964,0.2634427547454834,2.413843870162964,2.4050886631011963,2.6434149742126465
qonductor_single_circuit_ibm|row1305,qonductor_single_circuit_ibm,0,2.6823692321777344,2.413844108581543,0.2685251235961914,2.413844108581543,2.4050886631011963,2.6434149742126465
qonductor_single_circuit_ibm|row1308,qonductor_single_circuit_ibm,0,3.7163643836975098,3.7415611743927,0.02519679069519043,3.7415611743927,3.618898391723633,3.8228259086608887
qonductor_single_circuit_ibm|row1309,qonductor_single_circuit_ibm,0,3.698291063308716,3.7415611743927,0.043270111083984375,3.7415611743927,3.6188979148864746,3.8228259086608887
qonductor_single_circuit_ibm|row1310,qonductor_single_circuit_ibm,0,3.8135814666748047,3.7415611743927,0.07202029228210449,3.7415611743927,3.6188979148864746,3.8228259086608887
qonductor_single_circuit_ibm|row1322,qonductor_single_circuit_ibm,0,3.7372615337371826,5.090110778808594,1.3528492450714111,4.76904296875,5.090110778808594,5.453449726104736
qonductor_single_circuit_ibm|row1325,qonductor_single_circuit_ibm,0,4.085363864898682,5.183254241943359,1.0978903770446777,5.183254241943359,5.13671875,5.7064666748046875
qonductor_single_circuit_ibm|row1331,qonductor_single_circuit_ibm,0,3.7036213874816895,3.7415611743927,0.03793978691101074,3.7415611743927,3.618898391723633,3.8228259086608887
qonductor_single_circuit_ibm|row1334,qonductor_single_circuit_ibm,0,3.740570068359375,3.8112988471984863,0.07072877883911133,3.199537754058838,4.151147842407227,3.8112988471984863
qonductor_single_circuit_ibm|row1335,qonductor_single_circuit_ibm,0,3.9652159214019775,3.8112988471984863,0.1539170742034912,3.199538230895996,4.151147842407227,3.8112988471984863
qonductor_single_circuit_ibm|row1337,qonductor_single_circuit_ibm,0,4.101081371307373,5.174563884735107,1.0734825134277344,5.148194789886475,5.174563884735107,5.6641082763671875
qonductor_single_circuit_ibm|row1344,qonductor_single_circuit_ibm,0,4.262195110321045,5.492544174194336,1.230349063873291,5.934471607208252,5.3482465744018555,5.492544174194336
qonductor_single_circuit_ibm|row1348,qonductor_single_circuit_ibm,0,3.9008946418762207,5.183253288269043,1.2823586463928223,5.183253288269043,5.13671875,5.7064666748046875
qonductor_single_circuit_ibm|row1355,qonductor_single_circuit_ibm,0,8.138087272644043,8.482177734375,0.34409046173095703,8.482177734375,8.903346061706543,8.273049354553223
qonductor_single_circuit_ibm|row1356,qonductor_single_circuit_ibm,0,8.013401985168457,8.563904762268066,0.5505027770996094,8.563904762268066,8.976850509643555,8.442631721496582
qonductor_single_circuit_ibm|row1357,qonductor_single_circuit_ibm,0,7.646422863006592,8.559053421020508,0.912630558013916,8.559053421020508,8.86424446105957,8.170442581176758
qonductor_single_circuit_ibm|row1359,qonductor_single_circuit_ibm,0,8.239376068115234,8.639788627624512,0.40041255950927734,8.639788627624512,8.89227294921875,8.188112258911133
qonductor_single_circuit_ibm|row1361,qonductor_single_circuit_ibm,0,3.667961359024048,4.759460926055908,1.0914995670318604,5.061734676361084,4.759460926055908,4.608794212341309
qonductor_single_circuit_ibm|row1363,qonductor_single_circuit_ibm,0,3.9378607273101807,4.680784702301025,0.7429239749908447,4.951506614685059,4.661276817321777,4.680784702301025
qonductor_single_circuit_ibm|row1365,qonductor_single_circuit_ibm,0,3.6387720108032227,4.575394630432129,0.9366226196289062,5.103443622589111,4.575394630432129,4.046060562133789
qonductor_single_circuit_ibm|row1385,qonductor_single_circuit_ibm,0,3.4659159183502197,5.086709022521973,1.620793104171753,5.086709022521973,4.7553863525390625,5.177243709564209
qonductor_single_circuit_ibm|row1392,qonductor_single_circuit_ibm,0,3.5189428329467773,5.313438415527344,1.7944955825805664,5.313438415527344,4.488205432891846,5.443490505218506
qonductor_single_circuit_ibm|row1394,qonductor_single_circuit_ibm,0,3.4160397052764893,4.914453506469727,1.4984138011932373,4.92618465423584,4.192094326019287,4.914453506469727
qonductor_single_circuit_ibm|row1411,qonductor_single_circuit_ibm,0,3.2889814376831055,4.068300247192383,0.7793188095092773,3.3095147609710693,4.3583831787109375,4.068300247192383
qonductor_single_circuit_ibm|row1413,qonductor_single_circuit_ibm,0,3.373931407928467,4.068300247192383,0.694368839263916,3.3095147609710693,4.3583831787109375,4.068300247192383
qonductor_single_circuit_ibm|row1415,qonductor_single_circuit_ibm,0,3.2596895694732666,4.556630611419678,1.2969410419464111,4.716541290283203,4.316524982452393,4.556630611419678
qonductor_single_circuit_ibm|row1423,qonductor_single_circuit_ibm,0,3.271521806716919,4.692167282104492,1.4206454753875732,5.169199466705322,4.617666244506836,4.692167282104492
qonductor_single_circuit_ibm|row1424,qonductor_single_circuit_ibm,0,3.290780782699585,4.692167282104492,1.4013864994049072,5.169199466705322,4.617666721343994,4.692167282104492
qonductor_single_circuit_ibm|row1429,qonductor_single_circuit_ibm,0,3.7402544021606445,3.6672987937927246,0.07295560836791992,3.6259148120880127,3.6672987937927246,4.144035339355469
qonductor_single_circuit_ibm|row1439,qonductor_single_circuit_ibm,0,3.709484100341797,2.9433021545410156,0.7661819458007812,2.9475064277648926,2.9008705615997314,2.9433021545410156
qonductor_single_circuit_ibm|row1440,qonductor_single_circuit_ibm,0,4.328151702880859,5.200254440307617,0.8721027374267578,5.147557258605957,5.217337131500244,5.200254440307617
qonductor_single_circuit_ibm|row1441,qonductor_single_circuit_ibm,0,4.6330389976501465,5.227923393249512,0.5948843955993652,5.227923393249512,5.245899200439453,5.20569372177124
qonductor_single_circuit_ibm|row1466,qonductor_single_circuit_ibm,0,1.9454388618469238,2.216806411743164,0.27136754989624023,2.3066649436950684,2.070953369140625,2.216806411743164
qonductor_single_circuit_ibm|row1468,qonductor_single_circuit_ibm,0,1.8464903831481934,2.4000513553619385,0.5535609722137451,2.6352627277374268,2.081336259841919,2.4000513553619385
qonductor_single_circuit_ibm|row1472,qonductor_single_circuit_ibm,0,3.854553699493408,3.8112988471984863,0.043254852294921875,3.199537754058838,4.151147842407227,3.8112988471984863
qonductor_single_circuit_ibm|row1473,qonductor_single_circuit_ibm,0,3.7814087867736816,3.8112993240356445,0.02989053726196289,3.199537754058838,4.151147842407227,3.8112993240356445
qonductor_single_circuit_ibm|row1511,qonductor_single_circuit_ibm,0,3.991885185241699,2.943302631378174,1.0485825538635254,2.9475064277648926,2.9008705615997314,2.943302631378174
qonductor_single_circuit_ibm|row1521,qonductor_single_circuit_ibm,0,4.381974220275879,3.0835163593292236,1.2984578609466553,3.1034655570983887,2.6049790382385254,3.0835163593292236
qonductor_single_circuit_ibm|row1524,qonductor_single_circuit_ibm,0,4.271466255187988,2.943302631378174,1.3281636238098145,2.9475064277648926,2.9008710384368896,2.943302631378174
qonductor_single_circuit_ibm|row1533,qonductor_single_circuit_ibm,0,2.0505855083465576,2.282719850540161,0.23213434219360352,2.405689239501953,2.2515525817871094,2.282719850540161
qonductor_single_circuit_ibm|row1534,qonductor_single_circuit_ibm,0,1.9657244682312012,2.139303207397461,0.17357873916625977,2.327434539794922,2.001474618911743,2.139303207397461
qonductor_single_circuit_ibm|row1535,qonductor_single_circuit_ibm,0,1.916256070137024,2.139303207397461,0.223047137260437,2.327434539794922,2.001474618911743,2.139303207397461
qonductor_single_circuit_ibm|row1539,qonductor_single_circuit_ibm,0,3.720254898071289,3.8261635303497314,0.10590863227844238,3.609363317489624,3.8261635303497314,4.187249660491943
qonductor_single_circuit_ibm|row1543,qonductor_single_circuit_ibm,0,3.840792417526245,3.0476341247558594,0.7931582927703857,3.062311887741089,3.0476341247558594,3.0419974327087402
qonductor_single_circuit_ibm|row1546,qonductor_single_circuit_ibm,0,2.426642894744873,2.1112918853759766,0.3153510093688965,2.1112918853759766,2.041287660598755,2.181107521057129
qonductor_single_circuit_ibm|row1560,qonductor_single_circuit_ibm,0,3.4755806922912598,2.8231608867645264,0.6524198055267334,2.8231608867645264,2.775425672531128,3.2789409160614014
qonductor_single_circuit_ibm|row1574,qonductor_single_circuit_ibm,0,3.4014203548431396,2.570091485977173,0.8313288688659668,2.0648553371429443,2.570091485977173,2.9911763668060303
qonductor_single_circuit_ibm|row1575,qonductor_single_circuit_ibm,0,3.902195930480957,2.8222923278808594,1.0799036026000977,2.8222923278808594,2.470327138900757,2.9073824882507324
qonductor_single_circuit_ibm|row1579,qonductor_single_circuit_ibm,0,3.5986955165863037,5.223053932189941,1.6243584156036377,5.254940032958984,5.18595027923584,5.223053932189941
qonductor_single_circuit_ibm|row1597,qonductor_single_circuit_ibm,0,3.340805768966675,4.181240081787109,0.8404343128204346,3.8952620029449463,4.455199718475342,4.181240081787109
qonductor_single_circuit_ibm|row160,qonductor_single_circuit_ibm,0,5.178319931030273,5.691723823547363,0.5134038925170898,5.409121990203857,5.691723823547363,6.329303741455078
qonductor_single_circuit_ibm|row1600,qonductor_single_circuit_ibm,0,3.6314730644226074,4.141303062438965,0.5098299980163574,3.7571239471435547,4.202416896820068,4.141303062438965
qonductor_single_circuit_ibm|row1607,qonductor_single_circuit_ibm,0,3.727954864501953,4.2273101806640625,0.4993553161621094,4.2273101806640625,4.020777702331543,4.253006935119629
qonductor_single_circuit_ibm|row161,qonductor_single_circuit_ibm,0,4.727334022521973,5.691723823547363,0.9643898010253906,5.409121990203857,5.691723823547363,6.329303741455078
qonductor_single_circuit_ibm|row1612,qonductor_single_circuit_ibm,0,3.1731200218200684,2.3677148818969727,0.8054051399230957,2.5203919410705566,2.282865047454834,2.3677148818969727
qonductor_single_circuit_ibm|row1613,qonductor_single_circuit_ibm,0,2.840813398361206,2.367715358734131,0.4730980396270752,2.5203919410705566,2.282865047454834,2.367715358734131
qonductor_single_circuit_ibm|row1614,qonductor_single_circuit_ibm,0,2.9272994995117188,2.3677148818969727,0.5595846176147461,2.5203919410705566,2.282865047454834,2.3677148818969727
qonductor_single_circuit_ibm|row162,qonductor_single_circuit_ibm,0,5.045371055603027,5.691723823547363,0.6463527679443359,5.409121990203857,5.691723823547363,6.329303741455078
qonductor_single_circuit_ibm|row1620,qonductor_single_circuit_ibm,0,2.9175212383270264,2.3677148818969727,0.5498063564300537,2.520392417907715,2.282865047454834,2.3677148818969727
qonductor_single_circuit_ibm|row1621,qonductor_single_circuit_ibm,0,3.0162699222564697,2.3677148818969727,0.6485550403594971,2.5203919410705566,2.282865047454834,2.3677148818969727
qonductor_single_circuit_ibm|row1629,qonductor_single_circuit_ibm,0,2.8619372844696045,2.3677148818969727,0.49422240257263184,2.5203919410705566,2.282865047454834,2.3677148818969727
qonductor_single_circuit_ibm|row163,qonductor_single_circuit_ibm,0,10.192429542541504,5.691723823547363,4.500705718994141,5.409121990203857,5.691723823547363,6.329303741455078
qonductor_single_circuit_ibm|row164,qonductor_single_circuit_ibm,0,5.177401065826416,5.691723823547363,0.5143227577209473,5.409121990203857,5.691723823547363,6.329303741455078
qonductor_single_circuit_ibm|row1645,qonductor_single_circuit_ibm,0,3.644134283065796,4.40302848815918,0.7588942050933838,3.8869707584381104,4.40302848815918,4.592644691467285
qonductor_single_circuit_ibm|row1648,qonductor_single_circuit_ibm,0,3.445906639099121,4.40302848815918,0.9571218490600586,3.8869707584381104,4.40302848815918,4.592645168304443
qonductor_single_circuit_ibm|row1649,qonductor_single_circuit_ibm,0,3.523812770843506,4.40302848815918,0.8792157173156738,3.8869707584381104,4.40302848815918,4.592645168304443
qonductor_single_circuit_ibm|row1650,qonductor_single_circuit_ibm,0,3.545701265335083,4.40302848815918,0.8573272228240967,3.8869707584381104,4.40302848815918,4.592645168304443
qonductor_single_circuit_ibm|row1655,qonductor_single_circuit_ibm,0,2.4444992542266846,2.1356821060180664,0.30881714820861816,2.1356821060180664,2.0208725929260254,2.1365272998809814
qonductor_single_circuit_ibm|row1656,qonductor_single_circuit_ibm,0,2.412830114364624,2.134671211242676,0.27815890312194824,2.134671211242676,2.0107476711273193,2.1616625785827637
qonductor_single_circuit_ibm|row1661,qonductor_single_circuit_ibm,0,2.827136993408203,2.8505735397338867,0.023436546325683594,2.9140400886535645,2.8505735397338867,2.7856221199035645
qonductor_single_circuit_ibm|row1674,qonductor_single_circuit_ibm,0,2.328190326690674,2.2860095500946045,0.042180776596069336,2.2860095500946045,2.106445074081421,2.4645438194274902
qonductor_single_circuit_ibm|row1677,qonductor_single_circuit_ibm,0,2.348639726638794,2.2860090732574463,0.06263065338134766,2.2860090732574463,2.106445074081421,2.464543581008911
qonductor_single_circuit_ibm|row1685,qonductor_single_circuit_ibm,0,2.9601311683654785,2.8505735397338867,0.1095576286315918,2.9140405654907227,2.8505735397338867,2.7856221199035645
qonductor_single_circuit_ibm|row1687,qonductor_single_circuit_ibm,0,2.7945139408111572,2.8505735397338867,0.05605959892272949,2.9140405654907227,2.8505735397338867,2.7856221199035645
qonductor_single_circuit_ibm|row1689,qonductor_single_circuit_ibm,0,2.805081367492676,2.8505735397338867,0.04549217224121094,2.9140405654907227,2.8505735397338867,2.7856221199035645
qonductor_single_circuit_ibm|row1690,qonductor_single_circuit_ibm,0,2.8291633129119873,2.8505735397338867,0.021410226821899414,2.9140405654907227,2.8505735397338867,2.7856221199035645
qonductor_single_circuit_ibm|row1692,qonductor_single_circuit_ibm,0,2.809140682220459,3.0586354732513428,0.2494947910308838,2.748392105102539,3.066659450531006,3.0586354732513428
qonductor_single_circuit_ibm|row1697,qonductor_single_circuit_ibm,0,3.350736141204834,3.0586354732513428,0.2921006679534912,2.748392105102539,3.066659450531006,3.0586354732513428
qonductor_single_circuit_ibm|row1699,qonductor_single_circuit_ibm,0,3.323565721511841,3.0586354732513428,0.26493024826049805,2.748392105102539,3.066659450531006,3.0586354732513428
qonductor_single_circuit_ibm|row1704,qonductor_single_circuit_ibm,0,3.770461320877075,3.4603872299194336,0.3100740909576416,3.2965762615203857,3.4603872299194336,3.4935991764068604
qonductor_single_circuit_ibm|row1708,qonductor_single_circuit_ibm,0,2.72294545173645,2.2681617736816406,0.45478367805480957,2.2681617736816406,2.195713996887207,2.2884857654571533
qonductor_single_circuit_ibm|row1712,qonductor_single_circuit_ibm,0,2.700817584991455,2.422041654586792,0.2787759304046631,2.422041654586792,2.2751121520996094,2.541952610015869
qonductor_single_circuit_ibm|row1716,qonductor_single_circuit_ibm,0,2.9906599521636963,3.1866722106933594,0.19601225852966309,3.2757112979888916,3.1866722106933594,3.062615394592285
qonductor_single_circuit_ibm|row1718,qonductor_single_circuit_ibm,0,2.956298351287842,2.436190605163574,0.5201077461242676,2.436190605163574,2.4126734733581543,2.486441135406494
qonductor_single_circuit_ibm|row1722,qonductor_single_circuit_ibm,0,3.2033214569091797,4.862412452697754,1.6590909957885742,4.862412452697754,4.106640815734863,4.884079456329346
qonductor_single_circuit_ibm|row1726,qonductor_single_circuit_ibm,0,2.8181040287017822,3.1866722106933594,0.36856818199157715,3.2757108211517334,3.1866722106933594,3.062615394592285
qonductor_single_circuit_ibm|row1727,qonductor_single_circuit_ibm,0,2.7064156532287598,3.1866722106933594,0.4802565574645996,3.2757112979888916,3.1866722106933594,3.062615394592285
qonductor_single_circuit_ibm|row1730,qonductor_single_circuit_ibm,0,2.850804328918457,2.658315896987915,0.192488431930542,2.7876553535461426,2.4917354583740234,2.658315896987915
qonductor_single_circuit_ibm|row1733,qonductor_single_circuit_ibm,0,4.348260402679443,4.444728851318359,0.09646844863891602,4.478478908538818,4.309433937072754,4.444728851318359
qonductor_single_circuit_ibm|row1734,qonductor_single_circuit_ibm,0,4.152827739715576,4.434906959533691,0.28207921981811523,4.622264385223389,4.337585926055908,4.434906959533691
qonductor_single_circuit_ibm|row1737,qonductor_single_circuit_ibm,0,2.0981922149658203,3.3227334022521973,1.224541187286377,3.3227334022521973,3.0942187309265137,4.987112998962402
qonductor_single_circuit_ibm|row1743,qonductor_single_circuit_ibm,0,2.164268732070923,3.6295695304870605,1.4653007984161377,3.6295695304870605,3.209414005279541,4.3430986404418945
qonductor_single_circuit_ibm|row1751,qonductor_single_circuit_ibm,0,4.548827171325684,4.251664161682129,0.2971630096435547,3.493326425552368,4.251664161682129,4.251964092254639
qonductor_single_circuit_ibm|row1767,qonductor_single_circuit_ibm,0,3.9474785327911377,4.068655967712402,0.12117743492126465,4.068655967712402,3.678133010864258,4.100595474243164
qonductor_single_circuit_ibm|row1768,qonductor_single_circuit_ibm,0,4.010839939117432,4.682085990905762,0.6712460517883301,5.110342025756836,4.501129627227783,4.682085990905762
qonductor_single_circuit_ibm|row1770,qonductor_single_circuit_ibm,0,3.9359688758850098,4.904270172119141,0.9683012962341309,5.142391204833984,4.904270172119141,4.4492506980896
qonductor_single_circuit_ibm|row1773,qonductor_single_circuit_ibm,0,4.042043685913086,4.686478137969971,0.6444344520568848,5.136853218078613,4.52687406539917,4.686478137969971
qonductor_single_circuit_ibm|row1774,qonductor_single_circuit_ibm,0,3.877640962600708,4.713128089904785,0.8354871273040771,4.9991841316223145,4.506681442260742,4.713128089904785
qonductor_single_circuit_ibm|row1783,qonductor_single_circuit_ibm,0,3.782099723815918,3.1476216316223145,0.6344780921936035,3.5625312328338623,3.1182239055633545,3.1476216316223145
qonductor_single_circuit_ibm|row1785,qonductor_single_circuit_ibm,0,3.602951765060425,3.165010690689087,0.4379410743713379,3.668879270553589,3.1628260612487793,3.165010690689087
qonductor_single_circuit_ibm|row1791,qonductor_single_circuit_ibm,0,3.2038774490356445,3.429757833480835,0.22588038444519043,3.429757833480835,3.953408718109131,3.2529146671295166
qonductor_single_circuit_ibm|row180,qonductor_single_circuit_ibm,0,4.482318878173828,5.13654899597168,0.6542301177978516,5.334250450134277,5.13654899597168,5.03422737121582
qonductor_single_circuit_ibm|row1800,qonductor_single_circuit_ibm,0,2.568678379058838,3.1636743545532227,0.5949959754943848,3.5967345237731934,3.119474411010742,3.1636743545532227
qonductor_single_circuit_ibm|row1808,qonductor_single_circuit_ibm,0,2.6337995529174805,3.1636738777160645,0.529874324798584,3.5967345237731934,3.1194748878479004,3.1636738777160645
qonductor_single_circuit_ibm|row181,qonductor_single_circuit_ibm,0,4.266916275024414,5.13654899597168,0.8696327209472656,5.3342509269714355,5.13654899597168,5.03422737121582
qonductor_single_circuit_ibm|row1813,qonductor_single_circuit_ibm,0,4.003478527069092,3.165010690689087,0.8384678363800049,3.6688780784606934,3.1628260612487793,3.165010690689087
qonductor_single_circuit_ibm|row1815,qonductor_single_circuit_ibm,0,2.8703880310058594,4.286866188049316,1.416478157043457,4.286866188049316,4.009278297424316,4.319055557250977
qonductor_single_circuit_ibm|row1819,qonductor_single_circuit_ibm,0,3.5943849086761475,3.192798614501953,0.40158629417419434,3.5949435234069824,3.1213090419769287,3.192798614501953
qonductor_single_circuit_ibm|row182,qonductor_single_circuit_ibm,0,4.494045257568359,5.13654899597168,0.6425037384033203,5.334249496459961,5.13654899597168,5.03422737121582
qonductor_single_circuit_ibm|row1820,qonductor_single_circuit_ibm,0,3.917982339859009,3.1433470249176025,0.7746353149414062,3.5638070106506348,3.132697820663452,3.1433470249176025
qonductor_single_circuit_ibm|row1823,qonductor_single_circuit_ibm,0,4.0034260749816895,5.1969099044799805,1.193483829498291,5.151932716369629,5.224074363708496,5.1969099044799805
qonductor_single_circuit_ibm|row1824,qonductor_single_circuit_ibm,0,3.7190990447998047,5.201972484588623,1.4828734397888184,5.1925435066223145,5.238001823425293,5.201972484588623
qonductor_single_circuit_ibm|row183,qonductor_single_circuit_ibm,0,4.3897504806518555,5.13654899597168,0.7467985153198242,5.334250450134277,5.13654899597168,5.034228801727295
qonductor_single_circuit_ibm|row1831,qonductor_single_circuit_ibm,0,3.5895047187805176,5.187679767608643,1.598175048828125,5.118659019470215,5.226588249206543,5.187679767608643
qonductor_single_circuit_ibm|row1836,qonductor_single_circuit_ibm,0,2.695697069168091,3.0501198768615723,0.35442280769348145,3.7798070907592773,3.0501198768615723,2.690823793411255
qonductor_single_circuit_ibm|row1838,qonductor_single_circuit_ibm,0,2.393700122833252,4.668410301208496,2.274710178375244,5.089970588684082,4.424576282501221,4.668410301208496
qonductor_single_circuit_ibm|row184,qonductor_single_circuit_ibm,0,4.6834282875061035,5.13654899597168,0.45312070846557617,5.334249496459961,5.13654899597168,5.034228801727295
qonductor_single_circuit_ibm|row1846,qonductor_single_circuit_ibm,0,2.34751558303833,4.6684088706970215,2.3208932876586914,5.089970588684082,4.4245758056640625,4.6684088706970215
qonductor_single_circuit_ibm|row1849,qonductor_single_circuit_ibm,0,2.424276113510132,4.196934223175049,1.772658109664917,4.422316551208496,4.196934223175049,4.154014587402344
qonductor_single_circuit_ibm|row1856,qonductor_single_circuit_ibm,0,1.9346046447753906,1.1952972412109375,0.7393074035644531,1.6274168491363525,1.1952972412109375,1.1821445226669312
qonductor_single_circuit_ibm|row1858,qonductor_single_circuit_ibm,0,2.0057077407836914,1.1952970027923584,0.810410737991333,1.6274168491363525,1.1952970027923584,1.1821445226669312
qonductor_single_circuit_ibm|row1865,qonductor_single_circuit_ibm,0,6.067407131195068,4.30178165435791,1.7656254768371582,3.8796632289886475,4.30178165435791,4.793056488037109
qonductor_single_circuit_ibm|row1866,qonductor_single_circuit_ibm,0,5.740441799163818,4.30178165435791,1.4386601448059082,3.87966251373291,4.30178165435791,4.793056488037109
qonductor_single_circuit_ibm|row1874,qonductor_single_circuit_ibm,0,3.06264591217041,4.5374555587768555,1.4748096466064453,4.508162498474121,4.5374555587768555,5.277772903442383
qonductor_single_circuit_ibm|row1875,qonductor_single_circuit_ibm,0,3.0967330932617188,3.9916529655456543,0.8949198722839355,3.905646324157715,3.9916529655456543,4.262446403503418
qonductor_single_circuit_ibm|row1881,qonductor_single_circuit_ibm,0,6.203176498413086,3.9906914234161377,2.2124850749969482,3.9906914234161377,3.913726806640625,4.094568252563477
qonductor_single_circuit_ibm|row1889,qonductor_single_circuit_ibm,0,3.1933753490448,2.161334991455078,1.0320403575897217,2.175684928894043,2.1508302688598633,2.161334991455078
qonductor_single_circuit_ibm|row1891,qonductor_single_circuit_ibm,0,2.021650791168213,2.0957229137420654,0.07407212257385254,2.2430779933929443,1.8563199043273926,2.0957229137420654
qonductor_single_circuit_ibm|row1899,qonductor_single_circuit_ibm,0,5.71948766708374,3.808743715286255,1.9107439517974854,4.268174648284912,3.522407054901123,3.808743715286255
qonductor_single_circuit_ibm|row1900,qonductor_single_circuit_ibm,0,6.040151596069336,4.100846290588379,1.939305305480957,4.0112223625183105,4.340349197387695,4.100846290588379
qonductor_single_circuit_ibm|row1901,qonductor_single_circuit_ibm,0,1.861914873123169,2.5011661052703857,0.6392512321472168,2.5011661052703857,2.3372068405151367,2.717022180557251
qonductor_single_circuit_ibm|row1904,qonductor_single_circuit_ibm,0,3.233900785446167,2.497816324234009,0.7360844612121582,2.497816324234009,2.4292776584625244,2.571855068206787
qonductor_single_circuit_ibm|row1912,qonductor_single_circuit_ibm,0,5.799755096435547,3.93971586227417,1.860039234161377,3.7824158668518066,4.006628036499023,3.93971586227417
qonductor_single_circuit_ibm|row1917,qonductor_single_circuit_ibm,0,2.375185012817383,3.506619930267334,1.1314349174499512,3.758591651916504,3.2540123462677,3.506619930267334
qonductor_single_circuit_ibm|row1919,qonductor_single_circuit_ibm,0,5.965396881103516,4.9858903884887695,0.9795064926147461,4.4994659423828125,5.052489280700684,4.9858903884887695
qonductor_single_circuit_ibm|row1922,qonductor_single_circuit_ibm,0,2.316835403442383,4.109704971313477,1.7928695678710938,4.2420220375061035,4.109704971313477,4.0942888259887695
qonductor_single_circuit_ibm|row1927,qonductor_single_circuit_ibm,0,5.920459270477295,3.680462598800659,2.2399966716766357,3.689945697784424,3.680462598800659,3.3127760887145996
qonductor_single_circuit_ibm|row1929,qonductor_single_circuit_ibm,0,5.548343181610107,2.5057191848754883,3.042623996734619,2.5057191848754883,2.440450429916382,2.8854498863220215
qonductor_single_circuit_ibm|row1930,qonductor_single_circuit_ibm,0,5.632356643676758,2.505718946456909,3.1266376972198486,2.505718946456909,2.440450429916382,2.8854498863220215
qonductor_single_circuit_ibm|row1934,qonductor_single_circuit_ibm,0,5.16342830657959,2.2379837036132812,2.9254446029663086,2.243710517883301,2.2379837036132812,2.21378231048584
qonductor_single_circuit_ibm|row1938,qonductor_single_circuit_ibm,0,2.6805460453033447,4.351082801818848,1.670536756515503,4.510039806365967,4.165175914764404,4.351082801818848
qonductor_single_circuit_ibm|row1940,qonductor_single_circuit_ibm,0,2.589289426803589,4.469188213348389,1.8798987865447998,4.630108833312988,4.177847385406494,4.469188213348389
qonductor_single_circuit_ibm|row1949,qonductor_single_circuit_ibm,0,2.971825122833252,4.079452991485596,1.1076278686523438,3.9606847763061523,4.384478569030762,4.079452991485596
qonductor_single_circuit_ibm|row1953,qonductor_single_circuit_ibm,0,2.6558966636657715,4.0794525146484375,1.423555850982666,3.9606847763061523,4.384478569030762,4.0794525146484375
qonductor_single_circuit_ibm|row1956,qonductor_single_circuit_ibm,0,2.5591049194335938,4.124582290649414,1.5654773712158203,4.326360702514648,4.124582290649414,4.079592704772949
qonductor_single_circuit_ibm|row1957,qonductor_single_circuit_ibm,0,2.6719706058502197,4.104196548461914,1.4322259426116943,4.303772926330566,4.104196548461914,4.053086280822754
qonductor_single_circuit_ibm|row1971,qonductor_single_circuit_ibm,0,3.259902000427246,4.993001937866211,1.7330999374389648,4.575228214263916,5.075931072235107,4.993001937866211
qonductor_single_circuit_ibm|row1973,qonductor_single_circuit_ibm,0,3.4758450984954834,3.294394016265869,0.18145108222961426,3.294394016265869,3.1850430965423584,3.3606457710266113
qonductor_single_circuit_ibm|row1989,qonductor_single_circuit_ibm,0,4.030396938323975,4.318265438079834,0.2878684997558594,4.399713516235352,4.152162551879883,4.318265438079834
qonductor_single_circuit_ibm|row1990,qonductor_single_circuit_ibm,0,3.75734806060791,3.4227004051208496,0.33464765548706055,3.704558849334717,3.230323553085327,3.4227004051208496
qonductor_single_circuit_ibm|row1995,qonductor_single_circuit_ibm,0,5.514853477478027,3.746516227722168,1.7683372497558594,4.125608921051025,3.7015390396118164,3.746516227722168
qonductor_single_circuit_ibm|row1996,qonductor_single_circuit_ibm,0,4.8866095542907715,3.7376930713653564,1.148916482925415,4.097140789031982,3.684201240539551,3.7376930713653564
qonductor_single_circuit_ibm|row1997,qonductor_single_circuit_ibm,0,4.91813325881958,3.7376930713653564,1.1804401874542236,4.097140789031982,3.684201240539551,3.7376930713653564
qonductor_single_circuit_ibm|row2004,qonductor_single_circuit_ibm,0,2.523493528366089,4.13267707824707,1.6091835498809814,4.324282169342041,4.13267707824707,4.084225654602051
qonductor_single_circuit_ibm|row2009,qonductor_single_circuit_ibm,0,2.6951112747192383,2.4278602600097656,0.26725101470947266,2.4278602600097656,2.21293568611145,2.5469255447387695
qonductor_single_circuit_ibm|row2026,qonductor_single_circuit_ibm,0,3.7507565021514893,3.294394016265869,0.4563624858856201,3.294394016265869,3.1850430965423584,3.3606462478637695
qonductor_single_circuit_ibm|row2031,qonductor_single_circuit_ibm,0,2.393200397491455,2.5057191848754883,0.1125187873840332,2.5057191848754883,2.440450429916382,2.8854498863220215
qonductor_single_circuit_ibm|row2033,qonductor_single_circuit_ibm,0,2.38356614112854,2.5057196617126465,0.12215352058410645,2.5057196617126465,2.440450429916382,2.8854498863220215
qonductor_single_circuit_ibm|row2034,qonductor_single_circuit_ibm,0,7.511105537414551,2.5057196617126465,5.005385875701904,2.5057196617126465,2.440450429916382,2.8854498863220215
qonductor_single_circuit_ibm|row2038,qonductor_single_circuit_ibm,0,2.6861143112182617,3.0442771911621094,0.35816287994384766,3.0442771911621094,2.857577323913574,3.0515565872192383
qonductor_single_circuit_ibm|row2044,qonductor_single_circuit_ibm,0,2.3302831649780273,3.627978801727295,1.2976956367492676,3.627978801727295,3.469752073287964,4.01850700378418
qonductor_single_circuit_ibm|row2057,qonductor_single_circuit_ibm,0,2.591900110244751,3.711146354675293,1.119246244430542,4.1871490478515625,3.5088467597961426,3.711146354675293
qonductor_single_circuit_ibm|row2062,qonductor_single_circuit_ibm,0,2.5549025535583496,3.871842622756958,1.3169400691986084,3.7459890842437744,3.9147262573242188,3.871842622756958
qonductor_single_circuit_ibm|row2064,qonductor_single_circuit_ibm,0,2.6890408992767334,3.8692409992218018,1.1802000999450684,3.709444999694824,3.8931849002838135,3.8692409992218018
qonductor_single_circuit_ibm|row2068,qonductor_single_circuit_ibm,0,3.3980116844177246,5.008442401885986,1.6104307174682617,4.6274871826171875,5.023987770080566,5.008442401885986
qonductor_single_circuit_ibm|row2077,qonductor_single_circuit_ibm,0,3.349893093109131,2.540907621383667,0.8089854717254639,2.540907621383667,2.4676756858825684,3.2345900535583496
qonductor_single_circuit_ibm|row2080,qonductor_single_circuit_ibm,0,2.7049243450164795,2.540908098220825,0.1640162467956543,2.540908098220825,2.4676756858825684,3.234589099884033
qonductor_single_circuit_ibm|row2084,qonductor_single_circuit_ibm,0,2.700208902359009,3.0285630226135254,0.3283541202545166,3.531165361404419,2.655710220336914,3.0285630226135254
qonductor_single_circuit_ibm|row2085,qonductor_single_circuit_ibm,0,2.71502947807312,2.413844108581543,0.30118536949157715,2.413844108581543,2.4050886631011963,2.6434149742126465
qonductor_single_circuit_ibm|row2092,qonductor_single_circuit_ibm,0,3.628329277038574,3.604454278945923,0.023874998092651367,3.974630117416382,3.495692491531372,3.604454278945923
qonductor_single_circuit_ibm|row2095,qonductor_single_circuit_ibm,0,4.478789329528809,4.318265914916992,0.1605234146118164,4.399713039398193,4.152162551879883,4.318265914916992
qonductor_single_circuit_ibm|row2097,qonductor_single_circuit_ibm,0,2.664008855819702,2.676201105117798,0.012192249298095703,2.676201105117798,2.6723456382751465,3.012674331665039
qonductor_single_circuit_ibm|row2117,qonductor_single_circuit_ibm,0,4.483480930328369,3.746516227722168,0.7369647026062012,4.125608921051025,3.7015390396118164,3.746516227722168
qonductor_single_circuit_ibm|row2121,qonductor_single_circuit_ibm,0,4.630687713623047,3.746516227722168,0.8841714859008789,4.125608921051025,3.7015390396118164,3.746516227722168
qonductor_single_circuit_ibm|row2123,qonductor_single_circuit_ibm,0,2.7911365032196045,3.5336620807647705,0.742525577545166,3.5336620807647705,3.042076587677002,3.592937469482422
qonductor_single_circuit_ibm|row2124,qonductor_single_circuit_ibm,0,2.9078688621520996,2.454641103744507,0.4532277584075928,2.5164623260498047,2.043994188308716,2.454641103744507
qonductor_single_circuit_ibm|row2126,qonductor_single_circuit_ibm,0,2.915947437286377,2.413844108581543,0.502103328704834,2.413844108581543,2.4050886631011963,2.6434149742126465
qonductor_single_circuit_ibm|row2144,qonductor_single_circuit_ibm,0,3.6685431003570557,3.6350083351135254,0.03353476524353027,3.822310447692871,3.5722692012786865,3.6350083351135254
qonductor_single_circuit_ibm|row2146,qonductor_single_circuit_ibm,0,3.1319613456726074,4.207550048828125,1.0755887031555176,4.427426815032959,3.9198670387268066,4.207550048828125
qonductor_single_circuit_ibm|row2152,qonductor_single_circuit_ibm,0,3.478755235671997,3.3081750869750977,0.17058014869689941,3.5632731914520264,3.0727460384368896,3.3081750869750977
qonductor_single_circuit_ibm|row2153,qonductor_single_circuit_ibm,0,3.593033790588379,3.3783578872680664,0.2146759033203125,3.6600704193115234,3.186208724975586,3.3783578872680664
qonductor_single_circuit_ibm|row2156,qonductor_single_circuit_ibm,0,2.776881217956543,2.676201105117798,0.10068011283874512,2.676201105117798,2.6723456382751465,3.012674331665039
qonductor_single_circuit_ibm|row2160,qonductor_single_circuit_ibm,0,2.95348858833313,3.6640524864196777,0.7105638980865479,3.93577241897583,3.6640524864196777,3.4894602298736572
qonductor_single_circuit_ibm|row2162,qonductor_single_circuit_ibm,0,2.7184407711029053,3.7008235454559326,0.9823827743530273,4.021828651428223,3.64675235748291,3.7008235454559326
qonductor_single_circuit_ibm|row2174,qonductor_single_circuit_ibm,0,2.731245517730713,2.5254311561584473,0.20581436157226562,2.5701379776000977,2.1814308166503906,2.5254311561584473
qonductor_single_circuit_ibm|row2176,qonductor_single_circuit_ibm,0,2.9494354724884033,2.676201105117798,0.27323436737060547,2.676201105117798,2.6723456382751465,3.012674331665039
qonductor_single_circuit_ibm|row2180,qonductor_single_circuit_ibm,0,4.004299163818359,2.8231613636016846,1.1811378002166748,2.8231613636016846,2.775425672531128,3.2789409160614014
qonductor_single_circuit_ibm|row2182,qonductor_single_circuit_ibm,0,4.258114337921143,2.570091485977173,1.6880228519439697,2.0648553371429443,2.570091485977173,2.9911763668060303
qonductor_single_circuit_ibm|row2184,qonductor_single_circuit_ibm,0,3.957948923110962,2.570091485977173,1.387857437133789,2.0648553371429443,2.570091485977173,2.9911763668060303
qonductor_single_circuit_ibm|row2190,qonductor_single_circuit_ibm,0,3.7822766304016113,2.732642650604248,1.0496339797973633,2.732642650604248,2.421941041946411,2.8851122856140137
qonductor_single_circuit_ibm|row2191,qonductor_single_circuit_ibm,0,3.8358566761016846,2.782247543334961,1.0536091327667236,2.782247543334961,2.700841188430786,2.888420820236206
qonductor_single_circuit_ibm|row2201,qonductor_single_circuit_ibm,0,9.248661994934082,9.206480026245117,0.042181968688964844,9.604475975036621,8.971376419067383,9.206480026245117
qonductor_single_circuit_ibm|row2202,qonductor_single_circuit_ibm,0,9.874720573425293,9.040555953979492,0.8341646194458008,9.37108039855957,8.922998428344727,9.040555953979492
qonductor_single_circuit_ibm|row2213,qonductor_single_circuit_ibm,0,3.822418212890625,3.070817708969116,0.7516005039215088,3.070817708969116,2.9252848625183105,3.3262228965759277
qonductor_single_circuit_ibm|row2244,qonductor_single_circuit_ibm,0,2.9872100353240967,2.108179807662964,0.8790302276611328,2.108179807662964,1.8683971166610718,2.1090354919433594
qonductor_single_circuit_ibm|row2249,qonductor_single_circuit_ibm,0,2.891918182373047,2.3677148818969727,0.5242033004760742,2.5203919410705566,2.282865047454834,2.3677148818969727
qonductor_single_circuit_ibm|row2252,qonductor_single_circuit_ibm,0,2.8905205726623535,2.3677148818969727,0.5228056907653809,2.520392417907715,2.282865047454834,2.3677148818969727
qonductor_single_circuit_ibm|row2260,qonductor_single_circuit_ibm,0,3.0542664527893066,2.3677148818969727,0.686551570892334,2.520392417907715,2.282865047454834,2.3677148818969727
qonductor_single_circuit_ibm|row2263,qonductor_single_circuit_ibm,0,2.907144546508789,2.3677148818969727,0.5394296646118164,2.520392417907715,2.282865047454834,2.3677148818969727
qonductor_single_circuit_ibm|row2269,qonductor_single_circuit_ibm,0,2.942172050476074,2.431025981903076,0.511146068572998,2.431025981903076,2.109288215637207,2.6696372032165527
qonductor_single_circuit_ibm|row2277,qonductor_single_circuit_ibm,0,8.524312973022461,9.016536712646484,0.49222373962402344,9.494341850280762,8.937726974487305,9.016536712646484
qonductor_single_circuit_ibm|row2288,qonductor_single_circuit_ibm,0,3.819941282272339,5.181434631347656,1.3614933490753174,5.181434631347656,5.1005144119262695,5.496687889099121
qonductor_single_circuit_ibm|row2326,qonductor_single_circuit_ibm,0,2.9542627334594727,2.8505735397338867,0.10368919372558594,2.9140400886535645,2.8505735397338867,2.7856221199035645
qonductor_single_circuit_ibm|row2327,qonductor_single_circuit_ibm,0,3.031925678253174,2.8505735397338867,0.1813521385192871,2.9140405654907227,2.8505735397338867,2.7856221199035645
qonductor_single_circuit_ibm|row2328,qonductor_single_circuit_ibm,0,2.6703941822052,2.8505735397338867,0.18017935752868652,2.9140405654907227,2.8505735397338867,2.7856221199035645
qonductor_single_circuit_ibm|row2329,qonductor_single_circuit_ibm,0,2.5780117511749268,3.0586354732513428,0.480623722076416,2.748392105102539,3.066659450531006,3.0586354732513428
qonductor_single_circuit_ibm|row2332,qonductor_single_circuit_ibm,0,9.967124938964844,9.016536712646484,0.9505882263183594,9.494341850280762,8.937726974487305,9.016536712646484
qonductor_single_circuit_ibm|row2333,qonductor_single_circuit_ibm,0,9.884920120239258,9.016536712646484,0.8683834075927734,9.494341850280762,8.937726974487305,9.016536712646484
qonductor_single_circuit_ibm|row2344,qonductor_single_circuit_ibm,0,3.8555774688720703,5.20551872253418,1.3499412536621094,5.20551872253418,5.063009262084961,5.421952247619629
qonductor_single_circuit_ibm|row2350,qonductor_single_circuit_ibm,0,2.763822317123413,3.0586354732513428,0.2948131561279297,2.748392105102539,3.066659450531006,3.0586354732513428
qonductor_single_circuit_ibm|row2353,qonductor_single_circuit_ibm,0,2.8052923679351807,3.0586354732513428,0.2533431053161621,2.748392105102539,3.066659450531006,3.0586354732513428
qonductor_single_circuit_ibm|row2356,qonductor_single_circuit_ibm,0,1.7580831050872803,2.1267895698547363,0.36870646476745605,2.1267895698547363,2.037900686264038,2.1711974143981934
qonductor_single_circuit_ibm|row2358,qonductor_single_circuit_ibm,0,1.7674113512039185,2.0757253170013428,0.3083139657974243,2.0757253170013428,2.02606201171875,2.1259374618530273
qonductor_single_circuit_ibm|row2374,qonductor_single_circuit_ibm,0,6.403412342071533,5.113900184631348,1.2895121574401855,5.113900184631348,5.046663761138916,5.326961517333984
qonductor_single_circuit_ibm|row2382,qonductor_single_circuit_ibm,0,2.921525478363037,3.0586354732513428,0.13710999488830566,2.748392105102539,3.066659450531006,3.0586354732513428
qonductor_single_circuit_ibm|row2396,qonductor_single_circuit_ibm,0,3.0723159313201904,3.0586354732513428,0.013680458068847656,2.748392105102539,3.066659450531006,3.0586354732513428
qonductor_single_circuit_ibm|row2402,qonductor_single_circuit_ibm,0,2.7358195781707764,3.46038818359375,0.7245686054229736,3.2965762615203857,3.46038818359375,3.493597984313965
qonductor_single_circuit_ibm|row2407,qonductor_single_circuit_ibm,0,4.762990474700928,2.3385090827941895,2.4244813919067383,2.16676664352417,2.3385090827941895,2.8570077419281006
qonductor_single_circuit_ibm|row2408,qonductor_single_circuit_ibm,0,4.788944721221924,2.3385090827941895,2.4504356384277344,2.16676664352417,2.3385090827941895,2.8570072650909424
qonductor_single_circuit_ibm|row2413,qonductor_single_circuit_ibm,0,8.594232559204102,9.177087783813477,0.582855224609375,9.595895767211914,8.973730087280273,9.177087783813477
qonductor_single_circuit_ibm|row2417,qonductor_single_circuit_ibm,0,10.484635353088379,9.071057319641113,1.4135780334472656,9.500164031982422,9.010019302368164,9.071057319641113
qonductor_single_circuit_ibm|row2422,qonductor_single_circuit_ibm,0,10.556836128234863,9.071057319641113,1.48577880859375,9.500158309936523,9.010019302368164,9.071057319641113
qonductor_single_circuit_ibm|row2431,qonductor_single_circuit_ibm,0,6.202101230621338,5.112915992736816,1.0891852378845215,5.112915992736816,5.065096855163574,5.365452766418457
qonductor_single_circuit_ibm|row2433,qonductor_single_circuit_ibm,0,5.257800102233887,3.7415690422058105,1.5162310600280762,3.7415690422058105,3.5188181400299072,3.862053155899048
qonductor_single_circuit_ibm|row2434,qonductor_single_circuit_ibm,0,4.976253986358643,3.7415690422058105,1.234684944152832,3.7415690422058105,3.51881742477417,3.8620526790618896
qonductor_single_circuit_ibm|row2442,qonductor_single_circuit_ibm,0,1.9993621110916138,2.01747989654541,0.018117785453796387,2.0159120559692383,2.01747989654541,2.103835344314575
qonductor_single_circuit_ibm|row245,qonductor_single_circuit_ibm,0,6.275933742523193,2.8003649711608887,3.4755687713623047,2.759427070617676,2.8003649711608887,3.1284356117248535
qonductor_single_circuit_ibm|row246,qonductor_single_circuit_ibm,0,5.7902703285217285,2.8003649711608887,2.98990535736084,2.759427070617676,2.8003649711608887,3.1284356117248535
qonductor_single_circuit_ibm|row2462,qonductor_single_circuit_ibm,0,8.28579330444336,8.870288848876953,0.5844955444335938,9.091472625732422,8.713300704956055,8.870288848876953
qonductor_single_circuit_ibm|row2465,qonductor_single_circuit_ibm,0,8.292819023132324,8.951772689819336,0.6589536666870117,9.075839042663574,8.698204040527344,8.951772689819336
qonductor_single_circuit_ibm|row247,qonductor_single_circuit_ibm,0,5.547779560089111,2.8003649711608887,2.7474145889282227,2.759427070617676,2.8003649711608887,3.1284356117248535
qonductor_single_circuit_ibm|row2473,qonductor_single_circuit_ibm,0,8.759150505065918,9.02710247039795,0.26795196533203125,9.474931716918945,9.02710247039795,8.840810775756836
qonductor_single_circuit_ibm|row2474,qonductor_single_circuit_ibm,0,8.611346244812012,9.077686309814453,0.4663400650024414,9.494440078735352,8.98675537109375,9.077686309814453
qonductor_single_circuit_ibm|row2476,qonductor_single_circuit_ibm,0,8.68106460571289,9.077686309814453,0.3966217041015625,9.494440078735352,8.98675537109375,9.077686309814453
qonductor_single_circuit_ibm|row2477,qonductor_single_circuit_ibm,0,8.653914451599121,9.060394287109375,0.4064798355102539,9.492100715637207,8.986478805541992,9.060394287109375
qonductor_single_circuit_ibm|row248,qonductor_single_circuit_ibm,0,5.527665138244629,2.8003649711608887,2.7273001670837402,2.759427070617676,2.8003649711608887,3.1284356117248535
qonductor_single_circuit_ibm|row2487,qonductor_single_circuit_ibm,0,8.152239799499512,9.149497985839844,0.997258186340332,9.576170921325684,9.149497985839844,8.976936340332031
qonductor_single_circuit_ibm|row2488,qonductor_single_circuit_ibm,0,27.716524124145508,24.513172149658203,3.2033519744873047,24.14984130859375,25.569480895996094,24.513172149658203
qonductor_single_circuit_ibm|row2489,qonductor_single_circuit_ibm,0,6.858778476715088,5.3602519035339355,1.4985265731811523,5.907741069793701,5.3602519035339355,4.9250335693359375
qonductor_single_circuit_ibm|row249,qonductor_single_circuit_ibm,0,5.602061748504639,2.8003649711608887,2.80169677734375,2.759427070617676,2.8003649711608887,3.1284356117248535
qonductor_single_circuit_ibm|row2491,qonductor_single_circuit_ibm,0,32.751190185546875,24.598255157470703,8.152935028076172,24.598255157470703,25.712291717529297,24.515666961669922
qonductor_single_circuit_ibm|row2493,qonductor_single_circuit_ibm,0,7.203752517700195,5.150374412536621,2.053378105163574,5.150374412536621,5.073562145233154,5.4610395431518555
qonductor_single_circuit_ibm|row2494,qonductor_single_circuit_ibm,0,32.87545394897461,24.95265769958496,7.922796249389648,24.62451171875,25.80984115600586,24.95265769958496
qonductor_single_circuit_ibm|row2495,qonductor_single_circuit_ibm,0,33.50237274169922,24.746179580688477,8.756193161010742,24.652053833007812,25.60928726196289,24.746179580688477
qonductor_single_circuit_ibm|row2496,qonductor_single_circuit_ibm,0,6.947755813598633,5.1356987953186035,1.8120570182800293,5.1356987953186035,5.027737140655518,5.294078350067139
qonductor_single_circuit_ibm|row2497,qonductor_single_circuit_ibm,0,12.013269424438477,9.866052627563477,2.147216796875,10.64993667602539,9.216506004333496,9.866052627563477
qonductor_single_circuit_ibm|row2500,qonductor_single_circuit_ibm,0,11.469173431396484,9.866052627563477,1.6031208038330078,10.64993667602539,9.216506004333496,9.866052627563477
qonductor_single_circuit_ibm|row2505,qonductor_single_circuit_ibm,0,11.52901554107666,9.718491554260254,1.8105239868164062,10.401477813720703,9.100198745727539,9.718491554260254
qonductor_single_circuit_ibm|row2507,qonductor_single_circuit_ibm,0,11.97032356262207,9.590740203857422,2.3795833587646484,10.13142204284668,9.231462478637695,9.590740203857422
qonductor_single_circuit_ibm|row2508,qonductor_single_circuit_ibm,0,11.970656394958496,9.585948944091797,2.384707450866699,10.139838218688965,9.215137481689453,9.585948944091797
qonductor_single_circuit_ibm|row2509,qonductor_single_circuit_ibm,0,12.005204200744629,9.591012954711914,2.414191246032715,10.146552085876465,9.219236373901367,9.591012954711914
qonductor_single_circuit_ibm|row2527,qonductor_single_circuit_ibm,0,9.407135963439941,9.135444641113281,0.27169132232666016,9.590485572814941,9.135444641113281,8.956531524658203
qonductor_single_circuit_ibm|row255,qonductor_single_circuit_ibm,0,4.095837116241455,3.835775852203369,0.26006126403808594,3.0302085876464844,4.599478721618652,3.835775852203369
qonductor_single_circuit_ibm|row2552,qonductor_single_circuit_ibm,0,9.324677467346191,9.720043182373047,0.39536571502685547,10.01964282989502,9.207290649414062,9.720043182373047
qonductor_single_circuit_ibm|row256,qonductor_single_circuit_ibm,0,4.429592609405518,3.835775852203369,0.5938167572021484,3.030208110809326,4.599478721618652,3.835775852203369
qonductor_single_circuit_ibm|row257,qonductor_single_circuit_ibm,0,4.17885160446167,3.835775852203369,0.3430757522583008,3.0302085876464844,4.599478721618652,3.835775852203369
qonductor_single_circuit_ibm|row2573,qonductor_single_circuit_ibm,0,8.95889949798584,9.329422950744629,0.37052345275878906,9.171197891235352,9.329422950744629,9.603747367858887
qonductor_single_circuit_ibm|row2576,qonductor_single_circuit_ibm,0,9.4171724319458,9.502639770507812,0.08546733856201172,9.81454086303711,9.502639770507812,9.21140193939209
qonductor_single_circuit_ibm|row258,qonductor_single_circuit_ibm,0,4.33067512512207,3.835775852203369,0.49489927291870117,3.030207633972168,4.599478721618652,3.835775852203369
qonductor_single_circuit_ibm|row2588,qonductor_single_circuit_ibm,0,22.28110122680664,22.972537994384766,0.691436767578125,22.606428146362305,23.970134735107422,22.972537994384766
qonductor_single_circuit_ibm|row259,qonductor_single_circuit_ibm,0,4.135188579559326,3.835775852203369,0.29941272735595703,3.0302085876464844,4.599478244781494,3.835775852203369
qonductor_single_circuit_ibm|row2602,qonductor_single_circuit_ibm,0,8.453560829162598,9.020434379577637,0.5668735504150391,9.020434379577637,8.538795471191406,9.279149055480957
qonductor_single_circuit_ibm|row2620,qonductor_single_circuit_ibm,0,7.388125419616699,8.06519889831543,0.6770734786987305,8.273248672485352,7.8758544921875,8.06519889831543
qonductor_single_circuit_ibm|row2630,qonductor_single_circuit_ibm,0,7.435011863708496,8.097359657287598,0.6623477935791016,8.43606185913086,7.811171531677246,8.097359657287598
qonductor_single_circuit_ibm|row2631,qonductor_single_circuit_ibm,0,7.5116801261901855,8.097359657287598,0.5856795310974121,8.43606185913086,7.811173439025879,8.097359657287598
qonductor_single_circuit_ibm|row2633,qonductor_single_circuit_ibm,0,7.440674304962158,8.097359657287598,0.6566853523254395,8.43606185913086,7.811173439025879,8.097359657287598
qonductor_single_circuit_ibm|row2637,qonductor_single_circuit_ibm,0,12.640941619873047,7.957197666168213,4.683743953704834,8.082784652709961,7.957197666168213,7.951935291290283
qonductor_single_circuit_ibm|row2645,qonductor_single_circuit_ibm,0,11.793131828308105,9.74527359008789,2.047858238220215,10.034402847290039,9.57357406616211,9.74527359008789
qonductor_single_circuit_ibm|row2650,qonductor_single_circuit_ibm,0,7.084774494171143,8.151432037353516,1.066657543182373,8.196332931518555,7.405790328979492,8.151432037353516
qonductor_single_circuit_ibm|row2654,qonductor_single_circuit_ibm,0,7.247006416320801,7.707193374633789,0.4601869583129883,7.769015789031982,7.412021160125732,7.707193374633789
qonductor_single_circuit_ibm|row2678,qonductor_single_circuit_ibm,0,7.2938737869262695,7.703511714935303,0.4096379280090332,7.703511714935303,7.401103973388672,7.732413291931152
qonductor_single_circuit_ibm|row2679,qonductor_single_circuit_ibm,0,10.588801383972168,9.031509399414062,1.5572919845581055,7.65226936340332,9.646566390991211,9.031509399414062
qonductor_single_circuit_ibm|row2680,qonductor_single_circuit_ibm,0,10.433609008789062,9.031509399414062,1.402099609375,7.65226936340332,9.646566390991211,9.031509399414062
qonductor_single_circuit_ibm|row2682,qonductor_single_circuit_ibm,0,7.263900279998779,7.703509330749512,0.4396090507507324,7.703509330749512,7.401103973388672,7.732413291931152
qonductor_single_circuit_ibm|row2687,qonductor_single_circuit_ibm,0,10.882240295410156,9.031509399414062,1.8507308959960938,7.65226936340332,9.646566390991211,9.031509399414062
qonductor_single_circuit_ibm|row2693,qonductor_single_circuit_ibm,0,7.107974529266357,7.861203193664551,0.7532286643981934,7.620189666748047,8.094210624694824,7.861203193664551
qonductor_single_circuit_ibm|row2700,qonductor_single_circuit_ibm,0,6.89933443069458,7.952144622802734,1.0528101921081543,7.643038749694824,8.204262733459473,7.952144622802734
qonductor_single_circuit_ibm|row2701,qonductor_single_circuit_ibm,0,6.9814066886901855,7.823418617248535,0.8420119285583496,7.4062371253967285,8.185819625854492,7.823418617248535
qonductor_single_circuit_ibm|row2705,qonductor_single_circuit_ibm,0,7.366743087768555,8.284706115722656,0.9179630279541016,8.400654792785645,8.284706115722656,8.024727821350098
qonductor_single_circuit_ibm|row2708,qonductor_single_circuit_ibm,0,7.504985332489014,8.250082969665527,0.7450976371765137,8.419756889343262,8.250082969665527,8.009562492370605
qonductor_single_circuit_ibm|row2710,qonductor_single_circuit_ibm,0,12.792153358459473,8.087987899780273,4.704165458679199,8.05716609954834,8.087987899780273,8.461256980895996
qonductor_single_circuit_ibm|row2731,qonductor_single_circuit_ibm,0,9.039328575134277,7.3899970054626465,1.6493315696716309,7.3899970054626465,7.241594314575195,7.745700359344482
qonductor_single_circuit_ibm|row2735,qonductor_single_circuit_ibm,0,6.6836724281311035,7.324306488037109,0.6406340599060059,7.334817886352539,7.155032157897949,7.324306488037109
qonductor_single_circuit_ibm|row2738,qonductor_single_circuit_ibm,0,6.7989959716796875,7.324306488037109,0.5253105163574219,7.334817886352539,7.155032157897949,7.324306488037109
qonductor_single_circuit_ibm|row2744,qonductor_single_circuit_ibm,0,5.439691543579102,6.7136969566345215,1.27400541305542,6.354288578033447,6.7136969566345215,7.285616397857666
qonductor_single_circuit_ibm|row2749,qonductor_single_circuit_ibm,0,8.460888862609863,7.1440253257751465,1.3168635368347168,7.342360496520996,7.143023490905762,7.1440253257751465
qonductor_single_circuit_ibm|row2753,qonductor_single_circuit_ibm,0,7.67484188079834,7.1911516189575195,0.4836902618408203,7.462471961975098,7.109410762786865,7.1911516189575195
qonductor_single_circuit_ibm|row2760,qonductor_single_circuit_ibm,0,8.388897895812988,7.1911516189575195,1.1977462768554688,7.462471961975098,7.109410762786865,7.1911516189575195
qonductor_single_circuit_ibm|row2765,qonductor_single_circuit_ibm,0,8.24984359741211,7.023720741271973,1.2261228561401367,7.138673782348633,7.023720741271973,6.893333911895752
qonductor_single_circuit_ibm|row2770,qonductor_single_circuit_ibm,0,18.25012969970703,17.393333435058594,0.8567962646484375,17.393333435058594,17.715713500976562,16.861133575439453
qonductor_single_circuit_ibm|row2778,qonductor_single_circuit_ibm,0,8.066267967224121,7.337594509124756,0.7286734580993652,7.337594509124756,6.818027019500732,7.471182346343994
qonductor_single_circuit_ibm|row2795,qonductor_single_circuit_ibm,0,8.42825984954834,7.500992774963379,0.9272670745849609,7.808134078979492,7.32418155670166,7.500992774963379
qonductor_single_circuit_ibm|row2796,qonductor_single_circuit_ibm,0,8.243582725524902,7.532732963562012,0.7108497619628906,7.76021671295166,7.374921798706055,7.532732963562012
qonductor_single_circuit_ibm|row2798,qonductor_single_circuit_ibm,0,8.110533714294434,7.494284629821777,0.6162490844726562,7.324135780334473,7.494284629821777,7.708941459655762
qonductor_single_circuit_ibm|row2799,qonductor_single_circuit_ibm,0,8.473496437072754,7.541208267211914,0.9322881698608398,7.792181968688965,7.47634220123291,7.541208267211914
qonductor_single_circuit_ibm|row2801,qonductor_single_circuit_ibm,0,7.910378456115723,7.494284629821777,0.4160938262939453,7.3241376876831055,7.494284629821777,7.708941459655762
qonductor_single_circuit_ibm|row2803,qonductor_single_circuit_ibm,0,8.860074043273926,8.108586311340332,0.7514877319335938,8.246801376342773,7.882440090179443,8.108586311340332
qonductor_single_circuit_ibm|row2804,qonductor_single_circuit_ibm,0,9.131538391113281,8.074492454528809,1.0570459365844727,8.121651649475098,7.8760786056518555,8.074492454528809
qonductor_single_circuit_ibm|row2806,qonductor_single_circuit_ibm,0,8.949722290039062,8.09684944152832,0.8528728485107422,8.10822582244873,7.894364833831787,8.09684944152832
qonductor_single_circuit_ibm|row2813,qonductor_single_circuit_ibm,0,8.890727043151855,8.115288734436035,0.7754383087158203,8.140829086303711,7.900200366973877,8.115288734436035
qonductor_single_circuit_ibm|row2816,qonductor_single_circuit_ibm,0,9.096693992614746,8.074492454528809,1.0222015380859375,8.121651649475098,7.8760786056518555,8.074492454528809
qonductor_single_circuit_ibm|row2822,qonductor_single_circuit_ibm,0,8.594703674316406,7.933045387268066,0.6616582870483398,8.090696334838867,7.933045387268066,7.932440280914307
qonductor_single_circuit_ibm|row2824,qonductor_single_circuit_ibm,0,8.705281257629395,7.982118129730225,0.7231631278991699,8.058648109436035,7.939097881317139,7.982118129730225
qonductor_single_circuit_ibm|row2828,qonductor_single_circuit_ibm,0,7.420461654663086,7.533524513244629,0.11306285858154297,7.699366569519043,7.197073459625244,7.533524513244629
qonductor_single_circuit_ibm|row2844,qonductor_single_circuit_ibm,0,7.732987403869629,7.459133625030518,0.27385377883911133,7.459133625030518,7.3036322593688965,7.712850093841553
qonductor_single_circuit_ibm|row2846,qonductor_single_circuit_ibm,0,15.232085227966309,15.859760284423828,0.6276750564575195,15.859760284423828,16.364377975463867,15.421577453613281
qonductor_single_circuit_ibm|row2848,qonductor_single_circuit_ibm,0,15.311281204223633,15.848271369934082,0.5369901657104492,15.848271369934082,16.52642059326172,15.687582015991211
qonductor_single_circuit_ibm|row285,qonductor_single_circuit_ibm,0,2.8470516204833984,1.9009556770324707,0.9460959434509277,1.1562918424606323,1.9009556770324707,3.3874590396881104
qonductor_single_circuit_ibm|row2855,qonductor_single_circuit_ibm,0,25.087867736816406,21.140811920166016,3.9470558166503906,21.140811920166016,21.90555191040039,21.10822296142578
qonductor_single_circuit_ibm|row2856,qonductor_single_circuit_ibm,0,24.956928253173828,21.278423309326172,3.6785049438476562,20.911306381225586,21.967302322387695,21.278423309326172
qonductor_single_circuit_ibm|row286,qonductor_single_circuit_ibm,0,2.9570271968841553,1.9009556770324707,1.0560715198516846,1.1562918424606323,1.9009556770324707,3.3874595165252686
qonductor_single_circuit_ibm|row2865,qonductor_single_circuit_ibm,0,3.0968000888824463,3.4603872299194336,0.3635871410369873,3.2965762615203857,3.4603872299194336,3.4935991764068604
qonductor_single_circuit_ibm|row287,qonductor_single_circuit_ibm,0,2.936767101287842,1.9009556770324707,1.035811424255371,1.1562918424606323,1.9009556770324707,3.3874590396881104
qonductor_single_circuit_ibm|row2871,qonductor_single_circuit_ibm,0,6.55383825302124,5.181433200836182,1.3724050521850586,5.181433200836182,5.1005144119262695,5.496686935424805
qonductor_single_circuit_ibm|row2872,qonductor_single_circuit_ibm,0,6.90996789932251,5.134245872497559,1.7757220268249512,5.508121967315674,5.070168972015381,5.134245872497559
qonductor_single_circuit_ibm|row288,qonductor_single_circuit_ibm,0,2.9513280391693115,1.9009556770324707,1.0503723621368408,1.1562918424606323,1.9009556770324707,3.3874595165252686
qonductor_single_circuit_ibm|row2886,qonductor_single_circuit_ibm,0,7.610839366912842,4.839487552642822,2.7713518142700195,5.223844051361084,4.839487552642822,4.733790397644043
qonductor_single_circuit_ibm|row289,qonductor_single_circuit_ibm,0,3.2668049335479736,1.9009556770324707,1.365849256515503,1.1562918424606323,1.9009556770324707,3.3874595165252686
qonductor_single_circuit_ibm|row2897,qonductor_single_circuit_ibm,0,8.112783432006836,7.914592742919922,0.19819068908691406,8.213692665100098,7.316788196563721,7.914592742919922
qonductor_single_circuit_ibm|row290,qonductor_single_circuit_ibm,0,2.9384713172912598,2.205496311187744,0.7329750061035156,1.1563165187835693,2.205496311187744,2.5434763431549072
qonductor_single_circuit_ibm|row2903,qonductor_single_circuit_ibm,0,4.396458625793457,4.8809614181518555,0.48450279235839844,5.027627944946289,4.388364791870117,4.8809614181518555
qonductor_single_circuit_ibm|row2904,qonductor_single_circuit_ibm,0,4.63584566116333,4.8809614181518555,0.2451157569885254,5.0276265144348145,4.388364315032959,4.8809614181518555
qonductor_single_circuit_ibm|row2905,qonductor_single_circuit_ibm,0,4.931013584136963,4.602790832519531,0.32822275161743164,5.000240325927734,4.402029514312744,4.602790832519531
qonductor_single_circuit_ibm|row2907,qonductor_single_circuit_ibm,0,4.44765043258667,4.602790832519531,0.15514039993286133,5.00023889541626,4.402029991149902,4.602790832519531
qonductor_single_circuit_ibm|row291,qonductor_single_circuit_ibm,0,3.5263569355010986,2.2054970264434814,1.3208599090576172,1.1563165187835693,2.2054970264434814,2.5434763431549072
qonductor_single_circuit_ibm|row292,qonductor_single_circuit_ibm,0,3.3930625915527344,2.205496311187744,1.1875662803649902,1.1563165187835693,2.205496311187744,2.5434763431549072
qonductor_single_circuit_ibm|row2920,qonductor_single_circuit_ibm,0,4.831381320953369,4.916272163391113,0.08489084243774414,5.372191905975342,4.642426013946533,4.916272163391113
qonductor_single_circuit_ibm|row293,qonductor_single_circuit_ibm,0,3.4865779876708984,2.205495595932007,1.2810823917388916,1.1563165187835693,2.205495595932007,2.5434763431549072
qonductor_single_circuit_ibm|row2931,qonductor_single_circuit_ibm,0,4.41001033782959,5.377118110656738,0.9671077728271484,5.377118110656738,5.174260139465332,5.442680835723877
qonductor_single_circuit_ibm|row2934,qonductor_single_circuit_ibm,0,6.197351932525635,6.401239395141602,0.2038874626159668,6.476236343383789,6.115523815155029,6.401239395141602
qonductor_single_circuit_ibm|row294,qonductor_single_circuit_ibm,0,3.255197763442993,2.2054967880249023,1.0497009754180908,1.1563165187835693,2.2054967880249023,2.5434763431549072
qonductor_single_circuit_ibm|row2941,qonductor_single_circuit_ibm,0,6.586079120635986,6.401239395141602,0.18483972549438477,6.476237773895264,6.115523815155029,6.401239395141602
qonductor_single_circuit_ibm|row2947,qonductor_single_circuit_ibm,0,7.955826759338379,7.662003517150879,0.2938232421875,7.662003517150879,8.152313232421875,7.359644889831543
qonductor_single_circuit_ibm|row295,qonductor_single_circuit_ibm,0,3.9640138149261475,3.0894718170166016,0.8745419979095459,2.7538328170776367,3.128135919570923,3.0894718170166016
qonductor_single_circuit_ibm|row296,qonductor_single_circuit_ibm,0,3.2130274772644043,3.0894718170166016,0.12355566024780273,2.753833293914795,3.1281349658966064,3.0894718170166016
qonductor_single_circuit_ibm|row2962,qonductor_single_circuit_ibm,0,4.23386287689209,4.400808334350586,0.1669454574584961,4.272497177124023,4.780900001525879,4.400808334350586
qonductor_single_circuit_ibm|row297,qonductor_single_circuit_ibm,0,3.1022398471832275,3.0894718170166016,0.012768030166625977,2.7538328170776367,3.1281354427337646,3.0894718170166016
qonductor_single_circuit_ibm|row2970,qonductor_single_circuit_ibm,0,4.085180282592773,4.068300247192383,0.016880035400390625,3.3095147609710693,4.3583831787109375,4.068300247192383
qonductor_single_circuit_ibm|row2971,qonductor_single_circuit_ibm,0,3.9474592208862305,4.068299770355225,0.12084054946899414,3.3095147609710693,4.3583831787109375,4.068299770355225
qonductor_single_circuit_ibm|row2974,qonductor_single_circuit_ibm,0,3.8800208568573,4.068300247192383,0.188279390335083,3.309514284133911,4.3583831787109375,4.068300247192383
qonductor_single_circuit_ibm|row2975,qonductor_single_circuit_ibm,0,4.049919128417969,4.068299770355225,0.01838064193725586,3.309514284133911,4.3583831787109375,4.068299770355225
qonductor_single_circuit_ibm|row298,qonductor_single_circuit_ibm,0,3.1730384826660156,3.0894718170166016,0.08356666564941406,2.7538328170776367,3.128135919570923,3.0894718170166016
qonductor_single_circuit_ibm|row2981,qonductor_single_circuit_ibm,0,3.7301859855651855,4.573272705078125,0.8430867195129395,4.595391273498535,4.391265392303467,4.573272705078125
qonductor_single_circuit_ibm|row2982,qonductor_single_circuit_ibm,0,3.6049931049346924,4.573272705078125,0.9682796001434326,4.595390319824219,4.391264915466309,4.573272705078125
qonductor_single_circuit_ibm|row2984,qonductor_single_circuit_ibm,0,4.800227642059326,5.0510149002075195,0.25078725814819336,5.694122314453125,5.0510149002075195,4.662685394287109
qonductor_single_circuit_ibm|row2989,qonductor_single_circuit_ibm,0,3.864717960357666,5.437817096710205,1.573099136352539,5.783047199249268,5.316800594329834,5.437817096710205
qonductor_single_circuit_ibm|row299,qonductor_single_circuit_ibm,0,3.279184341430664,3.0894718170166016,0.1897125244140625,2.7538328170776367,3.128135919570923,3.0894718170166016
qonductor_single_circuit_ibm|row2992,qonductor_single_circuit_ibm,0,3.6807711124420166,5.404540061950684,1.723768949508667,5.728888511657715,5.404540061950684,5.316183090209961
qonductor_single_circuit_ibm|row2996,qonductor_single_circuit_ibm,0,3.6834473609924316,5.132570743560791,1.4491233825683594,5.8161396980285645,5.132570743560791,5.030104637145996
qonductor_single_circuit_ibm|row2997,qonductor_single_circuit_ibm,0,3.7906816005706787,5.404540061950684,1.6138584613800049,5.728887557983398,5.404540061950684,5.316183090209961
qonductor_single_circuit_ibm|row3010,qonductor_single_circuit_ibm,0,2.7387213706970215,3.7550606727600098,1.0163393020629883,3.399397611618042,3.7999563217163086,3.7550606727600098
qonductor_single_circuit_ibm|row3014,qonductor_single_circuit_ibm,0,7.881033897399902,6.736367702484131,1.1446661949157715,7.231592655181885,6.736367702484131,6.691215991973877
qonductor_single_circuit_ibm|row3021,qonductor_single_circuit_ibm,0,2.703096866607666,3.6122632026672363,0.9091663360595703,3.3964433670043945,3.791306972503662,3.6122632026672363
qonductor_single_circuit_ibm|row3022,qonductor_single_circuit_ibm,0,8.38193130493164,8.067399024963379,0.3145322799682617,8.261189460754395,7.883941650390625,8.067399024963379
qonductor_single_circuit_ibm|row3055,qonductor_single_circuit_ibm,0,5.743178367614746,4.491515636444092,1.2516627311706543,4.504190921783447,4.198705196380615,4.491515636444092
qonductor_single_circuit_ibm|row3058,qonductor_single_circuit_ibm,0,7.617760181427002,7.781135559082031,0.1633753776550293,8.185691833496094,7.451539516448975,7.781135559082031
qonductor_single_circuit_ibm|row3062,qonductor_single_circuit_ibm,0,7.284759998321533,7.662117004394531,0.37735700607299805,7.487598419189453,7.744192600250244,7.662117004394531
qonductor_single_circuit_ibm|row3063,qonductor_single_circuit_ibm,0,7.7388200759887695,7.781135559082031,0.04231548309326172,8.185693740844727,7.451537609100342,7.781135559082031
qonductor_single_circuit_ibm|row3068,qonductor_single_circuit_ibm,0,7.345099925994873,7.5178542137146,0.17275428771972656,7.5178542137146,7.393740177154541,7.522002220153809
qonductor_single_circuit_ibm|row3082,qonductor_single_circuit_ibm,0,2.8192601203918457,2.4521095752716064,0.36715054512023926,2.4521095752716064,2.549330234527588,2.449936628341675
qonductor_single_circuit_ibm|row3084,qonductor_single_circuit_ibm,0,7.823812007904053,8.465457916259766,0.6416459083557129,8.579452514648438,8.311734199523926,8.465457916259766
qonductor_single_circuit_ibm|row3089,qonductor_single_circuit_ibm,0,6.498678684234619,4.137248516082764,2.3614301681518555,4.271665573120117,3.8497886657714844,4.137248516082764
qonductor_single_circuit_ibm|row3093,qonductor_single_circuit_ibm,0,7.443538188934326,7.728523254394531,0.2849850654602051,7.728523254394531,7.541631698608398,7.915189743041992
qonductor_single_circuit_ibm|row3097,qonductor_single_circuit_ibm,0,8.357370376586914,8.612135887145996,0.25476551055908203,8.691184043884277,8.00855541229248,8.612135887145996
qonductor_single_circuit_ibm|row3098,qonductor_single_circuit_ibm,0,7.552422523498535,7.661499500274658,0.10907697677612305,7.661499500274658,7.4452290534973145,7.715029716491699
qonductor_single_circuit_ibm|row3099,qonductor_single_circuit_ibm,0,7.551254749298096,7.518309116363525,0.03294563293457031,7.04409122467041,7.518309116363525,7.590999603271484
qonductor_single_circuit_ibm|row3101,qonductor_single_circuit_ibm,0,7.201086044311523,5.208212375640869,1.9928736686706543,5.265198707580566,5.194754600524902,5.208212375640869
qonductor_single_circuit_ibm|row3102,qonductor_single_circuit_ibm,0,8.10497760772705,8.596447944641113,0.4914703369140625,8.68885326385498,8.34054183959961,8.596447944641113
qonductor_single_circuit_ibm|row3107,qonductor_single_circuit_ibm,0,7.523080348968506,5.198882579803467,2.324197769165039,5.169485092163086,5.232742786407471,5.198882579803467
qonductor_single_circuit_ibm|row3109,qonductor_single_circuit_ibm,0,8.3549222946167,8.48509407043457,0.1301717758178711,8.589248657226562,8.169475555419922,8.48509407043457
qonductor_single_circuit_ibm|row3110,qonductor_single_circuit_ibm,0,8.738871574401855,8.486396789550781,0.2524747848510742,8.595844268798828,8.13162899017334,8.486396789550781
qonductor_single_circuit_ibm|row3117,qonductor_single_circuit_ibm,0,20.50568199157715,19.156631469726562,1.349050521850586,19.156631469726562,20.201519012451172,19.14449119567871
qonductor_single_circuit_ibm|row3119,qonductor_single_circuit_ibm,0,7.924992561340332,6.801438808441162,1.12355375289917,6.854976177215576,6.378539085388184,6.801438808441162
qonductor_single_circuit_ibm|row3121,qonductor_single_circuit_ibm,0,2.8747527599334717,2.574547290802002,0.3002054691314697,2.5719871520996094,2.574547290802002,2.945219039916992
qonductor_single_circuit_ibm|row3124,qonductor_single_circuit_ibm,0,20.03362274169922,19.33281135559082,0.7008113861083984,19.26315689086914,20.22002410888672,19.33281135559082
qonductor_single_circuit_ibm|row3127,qonductor_single_circuit_ibm,0,7.848433017730713,6.8469719886779785,1.0014610290527344,7.2852783203125,6.519589900970459,6.8469719886779785
qonductor_single_circuit_ibm|row3129,qonductor_single_circuit_ibm,0,5.744410514831543,3.9552059173583984,1.7892045974731445,3.8162264823913574,3.9552059173583984,4.129304885864258
qonductor_single_circuit_ibm|row3131,qonductor_single_circuit_ibm,0,20.19254493713379,19.412796020507812,0.7797489166259766,19.244638442993164,20.233192443847656,19.412796020507812
qonductor_single_circuit_ibm|row3135,qonductor_single_circuit_ibm,0,7.122636795043945,7.526121616363525,0.4034848213195801,7.777181625366211,7.4606099128723145,7.526121616363525
qonductor_single_circuit_ibm|row3142,qonductor_single_circuit_ibm,0,12.835866928100586,11.758150100708008,1.0777168273925781,11.618179321289062,12.577072143554688,11.758150100708008
qonductor_single_circuit_ibm|row3143,qonductor_single_circuit_ibm,0,12.6561279296875,11.871825218200684,0.7843027114868164,11.794178009033203,12.632424354553223,11.871825218200684
qonductor_single_circuit_ibm|row3148,qonductor_single_circuit_ibm,0,7.070335865020752,7.658515930175781,0.5881800651550293,6.717852592468262,8.36886215209961,7.658515930175781
qonductor_single_circuit_ibm|row3151,qonductor_single_circuit_ibm,0,3.458631753921509,2.7513115406036377,0.7073202133178711,2.5183756351470947,2.9907524585723877,2.7513115406036377
qonductor_single_circuit_ibm|row3152,qonductor_single_circuit_ibm,0,6.048844337463379,4.6734161376953125,1.3754281997680664,4.6734161376953125,4.7272443771362305,4.49549674987793
qonductor_single_circuit_ibm|row3154,qonductor_single_circuit_ibm,0,7.415154933929443,7.658515930175781,0.2433609962463379,6.717852592468262,8.36886215209961,7.658515930175781
qonductor_single_circuit_ibm|row3165,qonductor_single_circuit_ibm,0,6.701725006103516,6.576467514038086,0.1252574920654297,7.34135627746582,5.944816589355469,6.576467514038086
qonductor_single_circuit_ibm|row3179,qonductor_single_circuit_ibm,0,7.371301174163818,7.510982990264893,0.13968181610107422,7.510982990264893,6.907289028167725,7.744743347167969
qonductor_single_circuit_ibm|row3195,qonductor_single_circuit_ibm,0,6.0892510414123535,7.031404972076416,0.9421539306640625,6.940219402313232,7.196536064147949,7.031404972076416
qonductor_single_circuit_ibm|row3202,qonductor_single_circuit_ibm,0,3.63010573387146,3.118943214416504,0.511162519454956,3.0534768104553223,3.118943214416504,3.4802002906799316
qonductor_single_circuit_ibm|row3205,qonductor_single_circuit_ibm,0,6.085231304168701,7.061582088470459,0.9763507843017578,7.029176235198975,7.21708869934082,7.061582088470459
qonductor_single_circuit_ibm|row3206,qonductor_single_circuit_ibm,0,5.966480731964111,7.061582088470459,1.0951013565063477,7.029178142547607,7.21708869934082,7.061582088470459
qonductor_single_circuit_ibm|row3211,qonductor_single_circuit_ibm,0,5.967319965362549,7.031404972076416,1.0640850067138672,6.940221309661865,7.196536064147949,7.031404972076416
qonductor_single_circuit_ibm|row3213,qonductor_single_circuit_ibm,0,7.203435897827148,6.104523181915283,1.0989127159118652,6.365482807159424,5.803606033325195,6.104523181915283
qonductor_single_circuit_ibm|row3214,qonductor_single_circuit_ibm,0,7.044058322906494,5.7593512535095215,1.2847070693969727,6.276669502258301,5.619738578796387,5.7593512535095215
qonductor_single_circuit_ibm|row3234,qonductor_single_circuit_ibm,0,5.538848400115967,5.5324554443359375,0.006392955780029297,6.020824432373047,5.486626625061035,5.5324554443359375
qonductor_single_circuit_ibm|row3238,qonductor_single_circuit_ibm,0,5.994433403015137,7.053490161895752,1.0590567588806152,7.005951404571533,7.218410968780518,7.053490161895752
qonductor_single_circuit_ibm|row3239,qonductor_single_circuit_ibm,0,5.981363296508789,7.053490161895752,1.072126865386963,7.005953311920166,7.218410968780518,7.053490161895752
qonductor_single_circuit_ibm|row3240,qonductor_single_circuit_ibm,0,6.013651371002197,7.04960298538208,1.0359516143798828,7.065774917602539,7.04960298538208,6.952941417694092
qonductor_single_circuit_ibm|row3241,qonductor_single_circuit_ibm,0,6.0341081619262695,7.022848129272461,0.9887399673461914,7.097972869873047,7.022848129272461,6.936729431152344
qonductor_single_circuit_ibm|row3242,qonductor_single_circuit_ibm,0,5.62802267074585,5.47213888168335,0.1558837890625,5.793046474456787,5.420790195465088,5.47213888168335
qonductor_single_circuit_ibm|row3243,qonductor_single_circuit_ibm,0,5.324488639831543,5.47213888168335,0.14765024185180664,5.7930474281311035,5.420790195465088,5.47213888168335
qonductor_single_circuit_ibm|row3245,qonductor_single_circuit_ibm,0,5.960842132568359,5.472140312194824,0.48870182037353516,5.793046474456787,5.420790195465088,5.472140312194824
qonductor_single_circuit_ibm|row3251,qonductor_single_circuit_ibm,0,6.243056774139404,3.307952880859375,2.9351038932800293,4.009851455688477,3.307952880859375,3.2915685176849365
qonductor_single_circuit_ibm|row3253,qonductor_single_circuit_ibm,0,5.715324878692627,7.018067836761475,1.3027429580688477,7.054913520812988,7.018067836761475,6.992747783660889
qonductor_single_circuit_ibm|row3260,qonductor_single_circuit_ibm,0,5.434121608734131,5.211634159088135,0.2224874496459961,5.211634159088135,5.093544960021973,5.359417915344238
qonductor_single_circuit_ibm|row3263,qonductor_single_circuit_ibm,0,18.169601440429688,17.172080993652344,0.9975204467773438,17.172080993652344,17.624706268310547,16.676727294921875
qonductor_single_circuit_ibm|row3265,qonductor_single_circuit_ibm,0,18.126476287841797,17.345407485961914,0.7810688018798828,17.345407485961914,17.691152572631836,16.623783111572266
qonductor_single_circuit_ibm|row3275,qonductor_single_circuit_ibm,0,4.754332542419434,3.8994853496551514,0.8548471927642822,3.5227890014648438,3.8994853496551514,4.015774250030518
qonductor_single_circuit_ibm|row3276,qonductor_single_circuit_ibm,0,4.5453996658325195,3.899484157562256,0.6459155082702637,3.5227890014648438,3.899484157562256,4.015774726867676
qonductor_single_circuit_ibm|row3281,qonductor_single_circuit_ibm,0,4.536971092224121,2.8612611293792725,1.6757099628448486,2.782052993774414,2.8612611293792725,3.0860586166381836
qonductor_single_circuit_ibm|row3288,qonductor_single_circuit_ibm,0,7.939556121826172,6.95449686050415,0.9850592613220215,6.95449686050415,6.950198650360107,7.383664131164551
qonductor_single_circuit_ibm|row3292,qonductor_single_circuit_ibm,0,9.5010347366333,8.613509178161621,0.8875255584716797,8.613509178161621,8.87435531616211,8.135692596435547
qonductor_single_circuit_ibm|row3294,qonductor_single_circuit_ibm,0,7.908391952514648,7.366125106811523,0.542266845703125,7.366125106811523,6.8757219314575195,7.403632164001465
qonductor_single_circuit_ibm|row3296,qonductor_single_circuit_ibm,0,9.271859169006348,8.761207580566406,0.5106515884399414,8.761207580566406,8.910306930541992,8.22718620300293
qonductor_single_circuit_ibm|row3298,qonductor_single_circuit_ibm,0,3.156513214111328,3.294394016265869,0.13788080215454102,3.294394016265869,3.1850435733795166,3.3606467247009277
qonductor_single_circuit_ibm|row330,qonductor_single_circuit_ibm,0,4.850409030914307,4.482339859008789,0.3680691719055176,5.146298408508301,4.482339859008789,4.1200151443481445
qonductor_single_circuit_ibm|row3300,qonductor_single_circuit_ibm,0,3.936819553375244,3.307952880859375,0.6288666725158691,4.009851455688477,3.307952880859375,3.2915685176849365
qonductor_single_circuit_ibm|row3305,qonductor_single_circuit_ibm,0,3.5710465908050537,3.307952880859375,0.2630937099456787,4.009851455688477,3.307952880859375,3.2915685176849365
qonductor_single_circuit_ibm|row331,qonductor_single_circuit_ibm,0,4.522076606750488,4.482339859008789,0.03973674774169922,5.146299362182617,4.482339859008789,4.1200151443481445
qonductor_single_circuit_ibm|row3312,qonductor_single_circuit_ibm,0,2.7747364044189453,2.8719005584716797,0.09716415405273438,2.8719005584716797,2.5161099433898926,3.036402940750122
qonductor_single_circuit_ibm|row3313,qonductor_single_circuit_ibm,0,2.8258414268493652,2.74678373336792,0.07905769348144531,2.74678373336792,2.6999940872192383,2.9345204830169678
qonductor_single_circuit_ibm|row332,qonductor_single_circuit_ibm,0,4.39957857131958,4.482341289520264,0.0827627182006836,5.146299839019775,4.482341289520264,4.1200151443481445
qonductor_single_circuit_ibm|row3322,qonductor_single_circuit_ibm,0,7.53776216506958,7.719672679901123,0.18191051483154297,7.719672679901123,7.422232151031494,7.76098108291626
qonductor_single_circuit_ibm|row3323,qonductor_single_circuit_ibm,0,4.2722368240356445,3.4114270210266113,0.8608098030090332,3.160928964614868,3.4114270210266113,3.509857416152954
qonductor_single_circuit_ibm|row3325,qonductor_single_circuit_ibm,0,4.328935146331787,3.4114270210266113,0.9175081253051758,3.160928964614868,3.4114270210266113,3.5098562240600586
qonductor_single_circuit_ibm|row333,qonductor_single_circuit_ibm,0,4.492912769317627,4.482341289520264,0.010571479797363281,5.146298408508301,4.482341289520264,4.1200151443481445
qonductor_single_circuit_ibm|row334,qonductor_single_circuit_ibm,0,4.2669548988342285,4.482339859008789,0.21538496017456055,5.146299362182617,4.482339859008789,4.1200151443481445
qonductor_single_circuit_ibm|row3343,qonductor_single_circuit_ibm,0,3.696748733520508,3.001915454864502,0.6948332786560059,2.891713857650757,3.001915454864502,3.0904922485351562
qonductor_single_circuit_ibm|row3345,qonductor_single_circuit_ibm,0,3.433502197265625,3.048213243484497,0.38528895378112793,3.048213243484497,2.2785305976867676,3.121713876724243
qonductor_single_circuit_ibm|row3359,qonductor_single_circuit_ibm,0,7.345274448394775,7.445662021636963,0.1003875732421875,7.445662021636963,7.247426509857178,7.688272953033447
qonductor_single_circuit_ibm|row3366,qonductor_single_circuit_ibm,0,16.703140258789062,15.850533485412598,0.8526067733764648,15.850533485412598,16.471031188964844,15.558484077453613
qonductor_single_circuit_ibm|row3374,qonductor_single_circuit_ibm,0,3.5322399139404297,2.570091485977173,0.9621484279632568,2.0648553371429443,2.570091485977173,2.9911763668060303
qonductor_single_circuit_ibm|row3376,qonductor_single_circuit_ibm,0,7.073242664337158,6.7718706130981445,0.30137205123901367,5.99647331237793,7.219583034515381,6.7718706130981445
qonductor_single_circuit_ibm|row3378,qonductor_single_circuit_ibm,0,6.6303277015686035,6.7718706130981445,0.14154291152954102,5.99647331237793,7.219583034515381,6.7718706130981445
qonductor_single_circuit_ibm|row3382,qonductor_single_circuit_ibm,0,3.471390962600708,2.570091485977173,0.9012994766235352,2.0648553371429443,2.570091485977173,2.9911763668060303
qonductor_single_circuit_ibm|row3384,qonductor_single_circuit_ibm,0,6.722143650054932,6.7718706130981445,0.04972696304321289,5.99647331237793,7.219583034515381,6.7718706130981445
qonductor_single_circuit_ibm|row3385,qonductor_single_circuit_ibm,0,6.635987758636475,6.7718706130981445,0.13588285446166992,5.99647331237793,7.219584941864014,6.7718706130981445
qonductor_single_circuit_ibm|row3386,qonductor_single_circuit_ibm,0,6.535189628601074,6.591998100280762,0.0568084716796875,6.714454650878906,6.471238136291504,6.591998100280762
qonductor_single_circuit_ibm|row3391,qonductor_single_circuit_ibm,0,6.74136209487915,6.62860631942749,0.11275577545166016,7.081497669219971,6.199095726013184,6.62860631942749
qonductor_single_circuit_ibm|row3393,qonductor_single_circuit_ibm,0,6.916750907897949,6.546676158905029,0.3700747489929199,6.546676158905029,5.977502822875977,6.702284812927246
qonductor_single_circuit_ibm|row3411,qonductor_single_circuit_ibm,0,5.2552618980407715,5.00608491897583,0.2491769790649414,4.984640121459961,5.00608491897583,5.2000651359558105
qonductor_single_circuit_ibm|row3413,qonductor_single_circuit_ibm,0,5.33970832824707,5.161497116088867,0.17821121215820312,5.125551223754883,5.161497116088867,5.42633056640625
qonductor_single_circuit_ibm|row3414,qonductor_single_circuit_ibm,0,5.538322925567627,5.161497116088867,0.37682580947875977,5.125551223754883,5.161497116088867,5.42633056640625
qonductor_single_circuit_ibm|row3416,qonductor_single_circuit_ibm,0,3.7100303173065186,3.106905221939087,0.6031250953674316,2.7452497482299805,3.106905221939087,3.1229939460754395
qonductor_single_circuit_ibm|row3422,qonductor_single_circuit_ibm,0,3.7526345252990723,3.106905221939087,0.6457293033599854,2.7452502250671387,3.106905221939087,3.1229939460754395
qonductor_single_circuit_ibm|row3425,qonductor_single_circuit_ibm,0,5.200098514556885,5.062090873718262,0.13800764083862305,5.062090873718262,5.026971340179443,5.296292304992676
qonductor_single_circuit_ibm|row3427,qonductor_single_circuit_ibm,0,5.009298801422119,4.998173713684082,0.01112508773803711,4.985520839691162,4.998173713684082,5.224702835083008
qonductor_single_circuit_ibm|row3428,qonductor_single_circuit_ibm,0,5.190922737121582,4.998173713684082,0.1927490234375,4.985520839691162,4.998173713684082,5.224702835083008
qonductor_single_circuit_ibm|row3437,qonductor_single_circuit_ibm,0,13.158616065979004,12.973876953125,0.1847391128540039,12.973876953125,13.73556137084961,12.726179122924805
qonductor_single_circuit_ibm|row3445,qonductor_single_circuit_ibm,0,2.981008529663086,2.413844108581543,0.567164421081543,2.413844108581543,2.4050886631011963,2.6434149742126465
qonductor_single_circuit_ibm|row3449,qonductor_single_circuit_ibm,0,2.5795788764953613,2.162498712539673,0.4170801639556885,2.2155344486236572,1.9669095277786255,2.162498712539673
qonductor_single_circuit_ibm|row3467,qonductor_single_circuit_ibm,0,13.286967277526855,12.873762130737305,0.4132051467895508,12.873762130737305,13.777713775634766,12.82975959777832
qonductor_single_circuit_ibm|row3492,qonductor_single_circuit_ibm,0,9.361150741577148,7.602046966552734,1.759103775024414,7.754574775695801,7.384669780731201,7.602046966552734
qonductor_single_circuit_ibm|row3495,qonductor_single_circuit_ibm,0,8.480209350585938,6.763664245605469,1.7165451049804688,6.5521063804626465,7.080905914306641,6.763664245605469
qonductor_single_circuit_ibm|row3496,qonductor_single_circuit_ibm,0,8.387145042419434,6.763664245605469,1.6234807968139648,6.5521063804626465,7.080905914306641,6.763664245605469
qonductor_single_circuit_ibm|row3504,qonductor_single_circuit_ibm,0,7.068859100341797,6.542829990386963,0.526029109954834,6.227673530578613,6.542829990386963,7.437663555145264
qonductor_single_circuit_ibm|row3508,qonductor_single_circuit_ibm,0,8.665139198303223,7.602046966552734,1.0630922317504883,7.754577159881592,7.384667873382568,7.602046966552734
qonductor_single_circuit_ibm|row3520,qonductor_single_circuit_ibm,0,7.584018230438232,5.452704429626465,2.1313138008117676,5.452704429626465,4.902038097381592,5.581903457641602
qonductor_single_circuit_ibm|row3537,qonductor_single_circuit_ibm,0,1.8856552839279175,2.5276100635528564,0.641954779624939,2.5276100635528564,2.47723388671875,2.716529369354248
qonductor_single_circuit_ibm|row3538,qonductor_single_circuit_ibm,0,2.0347230434417725,2.5276095867156982,0.4928865432739258,2.5276095867156982,2.477233648300171,2.716529369354248
qonductor_single_circuit_ibm|row3546,qonductor_single_circuit_ibm,0,3.0455782413482666,3.0578415393829346,0.012263298034667969,3.0578415393829346,2.5309247970581055,3.1240596771240234
qonductor_single_circuit_ibm|row3575,qonductor_single_circuit_ibm,0,7.585992336273193,6.127471923828125,1.4585204124450684,6.679582118988037,6.127471923828125,5.622097969055176
qonductor_single_circuit_ibm|row3578,qonductor_single_circuit_ibm,0,4.914365291595459,3.6348319053649902,1.2795333862304688,3.826078414916992,3.3266804218292236,3.6348319053649902
qonductor_single_circuit_ibm|row3581,qonductor_single_circuit_ibm,0,5.434077262878418,3.521613597869873,1.912463665008545,3.79211688041687,3.290586471557617,3.521613597869873
qonductor_single_circuit_ibm|row3588,qonductor_single_circuit_ibm,0,2.7880704402923584,2.4183847904205322,0.36968564987182617,2.4183847904205322,2.325943946838379,2.604200839996338
qonductor_single_circuit_ibm|row3589,qonductor_single_circuit_ibm,0,2.8274950981140137,2.4183847904205322,0.40911030769348145,2.4183847904205322,2.325943946838379,2.604200839996338
qonductor_single_circuit_ibm|row3599,qonductor_single_circuit_ibm,0,8.096054077148438,5.4776105880737305,2.618443489074707,5.5398359298706055,5.213384628295898,5.4776105880737305
qonductor_single_circuit_ibm|row3604,qonductor_single_circuit_ibm,0,4.506646633148193,4.126975059509277,0.379671573638916,4.073270797729492,4.135851860046387,4.126975059509277
qonductor_single_circuit_ibm|row3605,qonductor_single_circuit_ibm,0,4.2316203117370605,4.1602702140808105,0.07135009765625,4.071208953857422,4.1602702140808105,4.164565563201904
qonductor_single_circuit_ibm|row3610,qonductor_single_circuit_ibm,0,6.864374160766602,5.4283766746521,1.435997486114502,5.4283766746521,4.974721908569336,5.452013969421387
qonductor_single_circuit_ibm|row3612,qonductor_single_circuit_ibm,0,3.638669967651367,2.943303108215332,0.6953668594360352,2.9475064277648926,2.9008710384368896,2.943303108215332
qonductor_single_circuit_ibm|row3623,qonductor_single_circuit_ibm,0,8.844504356384277,7.644510269165039,1.1999940872192383,7.644510269165039,8.201757431030273,7.431879997253418
qonductor_single_circuit_ibm|row3626,qonductor_single_circuit_ibm,0,6.868587970733643,5.095966339111328,1.7726216316223145,5.202349662780762,4.817530632019043,5.095966339111328
qonductor_single_circuit_ibm|row3627,qonductor_single_circuit_ibm,0,6.144504547119141,4.19805383682251,1.9464507102966309,3.2595365047454834,4.851504325866699,4.19805383682251
qonductor_single_circuit_ibm|row3645,qonductor_single_circuit_ibm,0,6.5511860847473145,4.556630611419678,1.9945554733276367,4.716541290283203,4.316524982452393,4.556630611419678
qonductor_single_circuit_ibm|row3665,qonductor_single_circuit_ibm,0,5.342922210693359,3.710076093673706,1.6328461170196533,3.3573012351989746,3.8070719242095947,3.710076093673706
qonductor_single_circuit_ibm|row3669,qonductor_single_circuit_ibm,0,5.241336345672607,4.254603385925293,0.9867329597473145,4.254603385925293,4.182138442993164,4.368139266967773
qonductor_single_circuit_ibm|row3670,qonductor_single_circuit_ibm,0,5.320323467254639,4.254602432250977,1.065721035003662,4.254602432250977,4.182138442993164,4.368139266967773
qonductor_single_circuit_ibm|row3671,qonductor_single_circuit_ibm,0,5.540475845336914,4.406744956970215,1.1337308883666992,4.4392409324646,4.2751078605651855,4.406744956970215
qonductor_single_circuit_ibm|row3672,qonductor_single_circuit_ibm,0,5.936217308044434,4.254602909088135,1.6816143989562988,4.254602909088135,4.182138442993164,4.368139266967773
qonductor_single_circuit_ibm|row3683,qonductor_single_circuit_ibm,0,5.5475969314575195,4.254602909088135,1.2929940223693848,4.254602909088135,4.182138442993164,4.368139266967773
qonductor_single_circuit_ibm|row3689,qonductor_single_circuit_ibm,0,2.7191414833068848,2.578244924545288,0.14089655876159668,2.478886365890503,2.578244924545288,2.7187442779541016
qonductor_single_circuit_ibm|row3690,qonductor_single_circuit_ibm,0,2.5818464756011963,2.5801925659179688,0.001653909683227539,2.472745895385742,2.5801925659179688,2.7142281532287598
qonductor_single_circuit_ibm|row3691,qonductor_single_circuit_ibm,0,5.536892890930176,4.1464080810546875,1.3904848098754883,4.1464080810546875,3.9087796211242676,4.264612197875977
qonductor_single_circuit_ibm|row3694,qonductor_single_circuit_ibm,0,2.760526657104492,2.582019805908203,0.17850685119628906,2.4671010971069336,2.582019805908203,2.719515800476074
qonductor_single_circuit_ibm|row3699,qonductor_single_circuit_ibm,0,5.251886367797852,4.61106014251709,0.6408262252807617,4.479973793029785,4.61106014251709,5.207006931304932
qonductor_single_circuit_ibm|row3701,qonductor_single_circuit_ibm,0,5.3829665184021,4.611059665679932,0.771906852722168,4.479973316192627,4.611059665679932,5.207005500793457
qonductor_single_circuit_ibm|row3709,qonductor_single_circuit_ibm,0,5.0553507804870605,4.202515602111816,0.8528351783752441,4.439681053161621,4.202515602111816,4.162868499755859
qonductor_single_circuit_ibm|row3710,qonductor_single_circuit_ibm,0,5.197384357452393,4.182382583618164,1.0150017738342285,4.427206039428711,4.182382583618164,4.1466169357299805
qonductor_single_circuit_ibm|row3711,qonductor_single_circuit_ibm,0,4.529574394226074,4.200284481048584,0.32928991317749023,4.426840782165527,4.200284481048584,4.173321723937988
qonductor_single_circuit_ibm|row3718,qonductor_single_circuit_ibm,0,4.881850719451904,3.3259010314941406,1.5559496879577637,4.091644287109375,3.141138792037964,3.3259010314941406
qonductor_single_circuit_ibm|row3729,qonductor_single_circuit_ibm,0,4.50269079208374,4.456152439117432,0.046538352966308594,4.473132133483887,4.242749214172363,4.456152439117432
qonductor_single_circuit_ibm|row3731,qonductor_single_circuit_ibm,0,4.511114120483398,4.515994548797607,0.004880428314208984,4.722897529602051,4.461703777313232,4.515994548797607
qonductor_single_circuit_ibm|row3733,qonductor_single_circuit_ibm,0,4.314401626586914,4.523658752441406,0.2092571258544922,4.562078952789307,4.2997870445251465,4.523658752441406
qonductor_single_circuit_ibm|row3743,qonductor_single_circuit_ibm,0,5.114114761352539,5.02028751373291,0.0938272476196289,4.686774253845215,5.037494659423828,5.02028751373291
qonductor_single_circuit_ibm|row3745,qonductor_single_circuit_ibm,0,10.235045433044434,6.749105453491211,3.4859399795532227,6.749105453491211,6.361480712890625,6.791525840759277
qonductor_single_circuit_ibm|row3748,qonductor_single_circuit_ibm,0,7.643249988555908,6.87106466293335,0.7721853256225586,7.4225029945373535,6.54914665222168,6.87106466293335
qonductor_single_circuit_ibm|row3761,qonductor_single_circuit_ibm,0,1.927769660949707,2.2860095500946045,0.35823988914489746,2.2860095500946045,2.106445074081421,2.4645438194274902
qonductor_single_circuit_ibm|row3801,qonductor_single_circuit_ibm,0,6.905547142028809,6.298349857330322,0.6071972846984863,6.186695098876953,6.298349857330322,6.907841682434082
qonductor_single_circuit_ibm|row3805,qonductor_single_circuit_ibm,0,6.834500789642334,6.235983371734619,0.5985174179077148,5.615231990814209,6.627466201782227,6.235983371734619
qonductor_single_circuit_ibm|row3809,qonductor_single_circuit_ibm,0,7.204659461975098,6.235983371734619,0.9686760902404785,5.615232467651367,6.627466201782227,6.235983371734619
qonductor_single_circuit_ibm|row3810,qonductor_single_circuit_ibm,0,8.166873931884766,4.159116744995117,4.007757186889648,4.159116744995117,3.9819576740264893,4.438578128814697
qonductor_single_circuit_ibm|row3811,qonductor_single_circuit_ibm,0,7.380007266998291,6.235983371734619,1.1440238952636719,5.615232467651367,6.627466201782227,6.235983371734619
qonductor_single_circuit_ibm|row3823,qonductor_single_circuit_ibm,0,7.019721031188965,6.358051300048828,0.6616697311401367,6.475009918212891,5.809465408325195,6.358051300048828
qonductor_single_circuit_ibm|row3831,qonductor_single_circuit_ibm,0,2.005192995071411,2.2860095500946045,0.28081655502319336,2.2860095500946045,2.1064453125,2.4645442962646484
qonductor_single_circuit_ibm|row3832,qonductor_single_circuit_ibm,0,1.9897581338882446,2.2860095500946045,0.29625141620635986,2.2860095500946045,2.1064453125,2.4645438194274902
qonductor_single_circuit_ibm|row3836,qonductor_single_circuit_ibm,0,4.793135643005371,3.1866722106933594,1.6064634323120117,3.2757108211517334,3.1866722106933594,3.0626158714294434
qonductor_single_circuit_ibm|row3838,qonductor_single_circuit_ibm,0,5.5463762283325195,3.1866722106933594,2.35970401763916,3.2757112979888916,3.1866722106933594,3.062615394592285
qonductor_single_circuit_ibm|row3839,qonductor_single_circuit_ibm,0,8.02644157409668,4.816374778747559,3.210066795349121,4.833123683929443,4.811934471130371,4.816374778747559
qonductor_single_circuit_ibm|row3840,qonductor_single_circuit_ibm,0,4.680848121643066,3.1866722106933594,1.494175910949707,3.2757112979888916,3.1866722106933594,3.0626158714294434
qonductor_single_circuit_ibm|row3848,qonductor_single_circuit_ibm,0,3.957082748413086,2.943302631378174,1.013780117034912,2.9475064277648926,2.9008705615997314,2.943302631378174
qonductor_single_circuit_ibm|row3850,qonductor_single_circuit_ibm,0,4.016618728637695,2.9433021545410156,1.0733165740966797,2.9475064277648926,2.9008710384368896,2.9433021545410156
qonductor_single_circuit_ibm|row3864,qonductor_single_circuit_ibm,0,4.933733940124512,2.1662867069244385,2.7674472332000732,2.1830546855926514,2.1338095664978027,2.1662867069244385
qonductor_single_circuit_ibm|row3865,qonductor_single_circuit_ibm,0,4.864640712738037,2.329878568649292,2.534762144088745,2.3107335567474365,2.335371255874634,2.329878568649292
qonductor_single_circuit_ibm|row3868,qonductor_single_circuit_ibm,0,4.317337512969971,3.519069194793701,0.7982683181762695,3.519069194793701,3.241856813430786,3.614124298095703
qonductor_single_circuit_ibm|row3871,qonductor_single_circuit_ibm,0,3.6962661743164062,3.5190701484680176,0.17719602584838867,3.5190701484680176,3.241856813430786,3.614124298095703
qonductor_single_circuit_ibm|row3878,qonductor_single_circuit_ibm,0,3.08384370803833,2.5871613025665283,0.49668240547180176,2.5871613025665283,2.5465312004089355,2.8181424140930176
qonductor_single_circuit_ibm|row3882,qonductor_single_circuit_ibm,0,5.980541229248047,5.132354259490967,0.8481869697570801,4.766985893249512,5.132354259490967,5.489318370819092
qonductor_single_circuit_ibm|row3885,qonductor_single_circuit_ibm,0,2.885104179382324,2.778289318084717,0.10681486129760742,2.8205859661102295,2.778289318084717,2.622567653656006
qonductor_single_circuit_ibm|row3887,qonductor_single_circuit_ibm,0,6.821854114532471,2.624868869781494,4.196985244750977,2.624868869781494,2.825078010559082,2.5681118965148926
qonductor_single_circuit_ibm|row3888,qonductor_single_circuit_ibm,0,7.776261329650879,3.484402894973755,4.291858434677124,3.484402894973755,3.3459970951080322,3.8242032527923584
qonductor_single_circuit_ibm|row3892,qonductor_single_circuit_ibm,0,5.779727458953857,5.174563884735107,0.60516357421875,5.148194313049316,5.174563884735107,5.6641082763671875
qonductor_single_circuit_ibm|row3902,qonductor_single_circuit_ibm,0,2.6621522903442383,2.574307441711426,0.0878448486328125,2.4783124923706055,2.574307441711426,2.7102630138397217
qonductor_single_circuit_ibm|row3904,qonductor_single_circuit_ibm,0,5.794023513793945,5.183254241943359,0.6107692718505859,5.183254241943359,5.13671875,5.706467628479004
qonductor_single_circuit_ibm|row3906,qonductor_single_circuit_ibm,0,3.027873992919922,2.574307441711426,0.4535665512084961,2.4783127307891846,2.574307441711426,2.7102630138397217
qonductor_single_circuit_ibm|row3908,qonductor_single_circuit_ibm,0,5.811326503753662,5.1034393310546875,0.7078871726989746,5.1034393310546875,5.054475784301758,5.414179801940918
qonductor_single_circuit_ibm|row3916,qonductor_single_circuit_ibm,0,9.908610343933105,8.602209091186523,1.306401252746582,8.602209091186523,8.981780052185059,8.385778427124023
qonductor_single_circuit_ibm|row3920,qonductor_single_circuit_ibm,0,9.983389854431152,8.53942584991455,1.4439640045166016,8.53942584991455,8.90750503540039,8.238436698913574
qonductor_single_circuit_ibm|row3923,qonductor_single_circuit_ibm,0,5.795676231384277,4.955723762512207,0.8399524688720703,4.6491570472717285,4.955723762512207,4.98490047454834
qonductor_single_circuit_ibm|row3925,qonductor_single_circuit_ibm,0,5.535489082336426,4.759460926055908,0.7760281562805176,5.061734676361084,4.759460926055908,4.608794212341309
qonductor_single_circuit_ibm|row3927,qonductor_single_circuit_ibm,0,5.666636943817139,4.941648483276367,0.7249884605407715,5.330694675445557,4.941648483276367,4.911571502685547
qonductor_single_circuit_ibm|row3929,qonductor_single_circuit_ibm,0,2.9503214359283447,2.8505735397338867,0.09974789619445801,2.9140405654907227,2.8505735397338867,2.7856221199035645
qonductor_single_circuit_ibm|row3933,qonductor_single_circuit_ibm,0,3.0061228275299072,2.8505735397338867,0.1555492877960205,2.9140405654907227,2.8505735397338867,2.7856221199035645
qonductor_single_circuit_ibm|row3934,qonductor_single_circuit_ibm,0,3.4856722354888916,2.8505735397338867,0.6350986957550049,2.9140400886535645,2.8505735397338867,2.7856221199035645
qonductor_single_circuit_ibm|row3949,qonductor_single_circuit_ibm,0,2.845212936401367,3.1866722106933594,0.3414592742919922,3.2757112979888916,3.1866722106933594,3.0626158714294434
qonductor_single_circuit_ibm|row395,qonductor_single_circuit_ibm,0,12.407876014709473,4.418457984924316,7.989418029785156,4.483057022094727,4.191174507141113,4.418457984924316
qonductor_single_circuit_ibm|row3952,qonductor_single_circuit_ibm,0,2.756511926651001,3.1866722106933594,0.4301602840423584,3.2757112979888916,3.1866722106933594,3.0626158714294434
qonductor_single_circuit_ibm|row3955,qonductor_single_circuit_ibm,0,3.368515968322754,3.1866722106933594,0.18184375762939453,3.275710344314575,3.1866722106933594,3.0626158714294434
qonductor_single_circuit_ibm|row3956,qonductor_single_circuit_ibm,0,2.674532890319824,3.1866722106933594,0.5121393203735352,3.2757112979888916,3.1866722106933594,3.062615394592285
qonductor_single_circuit_ibm|row3958,qonductor_single_circuit_ibm,0,5.762880802154541,5.086709022521973,0.6761717796325684,5.086709022521973,4.7553863525390625,5.177243709564209
qonductor_single_circuit_ibm|row396,qonductor_single_circuit_ibm,0,13.568828582763672,4.418457984924316,9.150370597839355,4.483057498931885,4.191174507141113,4.418457984924316
qonductor_single_circuit_ibm|row397,qonductor_single_circuit_ibm,0,11.08680248260498,4.418457984924316,6.668344497680664,4.483057022094727,4.191174507141113,4.418457984924316
qonductor_single_circuit_ibm|row3975,qonductor_single_circuit_ibm,0,2.821105480194092,2.658315896987915,0.16278958320617676,2.7876553535461426,2.4917354583740234,2.658315896987915
qonductor_single_circuit_ibm|row3976,qonductor_single_circuit_ibm,0,8.93674087524414,7.631301403045654,1.3054394721984863,7.631301403045654,8.171557426452637,7.3628363609313965
qonductor_single_circuit_ibm|row3977,qonductor_single_circuit_ibm,0,8.591607093811035,7.492373466491699,1.099233627319336,7.492373466491699,8.167941093444824,7.432999610900879
qonductor_single_circuit_ibm|row398,qonductor_single_circuit_ibm,0,13.398903846740723,4.418457984924316,8.980445861816406,4.483057022094727,4.191174507141113,4.418457984924316
qonductor_single_circuit_ibm|row3984,qonductor_single_circuit_ibm,0,5.113829612731934,4.996362686157227,0.11746692657470703,5.030745983123779,4.521391868591309,4.996362686157227
qonductor_single_circuit_ibm|row3989,qonductor_single_circuit_ibm,0,5.78355598449707,4.068299293518066,1.715256690979004,3.3095147609710693,4.3583831787109375,4.068299293518066
qonductor_single_circuit_ibm|row399,qonductor_single_circuit_ibm,0,10.680273056030273,4.418457984924316,6.261815071105957,4.483057022094727,4.191174507141113,4.418457984924316
qonductor_single_circuit_ibm|row3990,qonductor_single_circuit_ibm,0,5.436410427093506,4.068300247192383,1.368110179901123,3.309514284133911,4.3583831787109375,4.068300247192383
qonductor_single_circuit_ibm|row3991,qonductor_single_circuit_ibm,0,5.303419589996338,4.068300247192383,1.235119342803955,3.309514284133911,4.3583831787109375,4.068300247192383
qonductor_single_circuit_ibm|row3992,qonductor_single_circuit_ibm,0,5.4823808670043945,4.068300247192383,1.4140806198120117,3.309514284133911,4.3583831787109375,4.068300247192383
qonductor_single_circuit_ibm|row3993,qonductor_single_circuit_ibm,0,5.552792072296143,4.068299770355225,1.484492301940918,3.309514284133911,4.3583831787109375,4.068299770355225
qonductor_single_circuit_ibm|row3994,qonductor_single_circuit_ibm,0,5.068237781524658,4.556630611419678,0.5116071701049805,4.716540336608887,4.316524982452393,4.556630611419678
qonductor_single_circuit_ibm|row4006,qonductor_single_circuit_ibm,0,2.7543468475341797,2.8719005584716797,0.1175537109375,2.8719005584716797,2.5161099433898926,3.036402940750122
qonductor_single_circuit_ibm|row4028,qonductor_single_circuit_ibm,0,4.391626834869385,3.5854763984680176,0.8061504364013672,3.413445234298706,3.699249029159546,3.5854763984680176
qonductor_single_circuit_ibm|row4032,qonductor_single_circuit_ibm,0,4.600823879241943,3.1433465480804443,1.457477331161499,3.5638070106506348,3.132697343826294,3.1433465480804443
qonductor_single_circuit_ibm|row4034,qonductor_single_circuit_ibm,0,4.6998162269592285,3.1476211547851562,1.5521950721740723,3.5625312328338623,3.1182239055633545,3.1476211547851562
qonductor_single_circuit_ibm|row4037,qonductor_single_circuit_ibm,0,4.834799766540527,3.165010690689087,1.6697890758514404,3.6688787937164307,3.1628260612487793,3.165010690689087
qonductor_single_circuit_ibm|row4040,qonductor_single_circuit_ibm,0,2.834294557571411,2.603456735610962,0.23083782196044922,2.603456735610962,2.5545973777770996,2.8345603942871094
qonductor_single_circuit_ibm|row4045,qonductor_single_circuit_ibm,0,1.8101147413253784,2.0560336112976074,0.245918869972229,1.7419507503509521,2.0560336112976074,2.2233710289001465
qonductor_single_circuit_ibm|row4047,qonductor_single_circuit_ibm,0,5.0238823890686035,4.269636154174805,0.7542462348937988,4.269636154174805,4.097158908843994,4.317717552185059
qonductor_single_circuit_ibm|row4051,qonductor_single_circuit_ibm,0,2.578444242477417,2.413844108581543,0.16460013389587402,2.413844108581543,2.4050886631011963,2.6434149742126465
qonductor_single_circuit_ibm|row4053,qonductor_single_circuit_ibm,0,4.5067667961120605,3.2079691886901855,1.298797607421875,3.616811513900757,3.1670784950256348,3.2079691886901855
qonductor_single_circuit_ibm|row4055,qonductor_single_circuit_ibm,0,4.829884052276611,4.269636154174805,0.5602478981018066,4.269636154174805,4.097160339355469,4.317718982696533
qonductor_single_circuit_ibm|row4056,qonductor_single_circuit_ibm,0,4.815202713012695,4.081037998199463,0.7341647148132324,4.139584064483643,3.7906992435455322,4.081037998199463
qonductor_single_circuit_ibm|row4058,qonductor_single_circuit_ibm,0,2.733142614364624,2.413844108581543,0.31929850578308105,2.413844108581543,2.4050886631011963,2.6434149742126465
qonductor_single_circuit_ibm|row4083,qonductor_single_circuit_ibm,0,4.177754878997803,4.079452991485596,0.09830188751220703,3.9606847763061523,4.384478569030762,4.079452991485596
qonductor_single_circuit_ibm|row4087,qonductor_single_circuit_ibm,0,4.633980751037598,4.114682197570801,0.5192985534667969,4.323629379272461,4.114682197570801,4.063148498535156
qonductor_single_circuit_ibm|row4089,qonductor_single_circuit_ibm,0,2.7012875080108643,2.548762798309326,0.15252470970153809,2.3332102298736572,2.548762798309326,2.722299575805664
qonductor_single_circuit_ibm|row4101,qonductor_single_circuit_ibm,0,5.4554595947265625,2.2904107570648193,3.165048837661743,2.2904107570648193,2.2046642303466797,2.344451904296875
qonductor_single_circuit_ibm|row4107,qonductor_single_circuit_ibm,0,1.9907145500183105,1.1952972412109375,0.795417308807373,1.6274168491363525,1.1952972412109375,1.1821445226669312
qonductor_single_circuit_ibm|row4111,qonductor_single_circuit_ibm,0,1.9885390996932983,1.1952972412109375,0.7932418584823608,1.6274168491363525,1.1952972412109375,1.1821445226669312
qonductor_single_circuit_ibm|row4112,qonductor_single_circuit_ibm,0,2.0033912658691406,1.1952972412109375,0.8080940246582031,1.6274168491363525,1.1952972412109375,1.1821445226669312
qonductor_single_circuit_ibm|row4123,qonductor_single_circuit_ibm,0,3.763575553894043,3.0835163593292236,0.6800591945648193,3.1034655570983887,2.6049790382385254,3.0835163593292236
qonductor_single_circuit_ibm|row4130,qonductor_single_circuit_ibm,0,3.6708619594573975,3.0442771911621094,0.6265847682952881,3.0442771911621094,2.857577323913574,3.0515565872192383
qonductor_single_circuit_ibm|row4133,qonductor_single_circuit_ibm,0,4.599727153778076,4.316713809967041,0.28301334381103516,4.5424065589904785,4.159642219543457,4.316713809967041
qonductor_single_circuit_ibm|row4141,qonductor_single_circuit_ibm,0,5.1676554679870605,5.008442401885986,0.15921306610107422,4.6274871826171875,5.023988723754883,5.008442401885986
qonductor_single_circuit_ibm|row4142,qonductor_single_circuit_ibm,0,5.298508644104004,5.008723258972168,0.28978538513183594,4.636127948760986,5.02803897857666,5.008723258972168
qonductor_single_circuit_ibm|row4147,qonductor_single_circuit_ibm,0,2.700666904449463,3.0060760974884033,0.30540919303894043,3.124429941177368,2.5881576538085938,3.0060760974884033
qonductor_single_circuit_ibm|row4155,qonductor_single_circuit_ibm,0,4.222357749938965,2.540908098220825,1.6814496517181396,2.540908098220825,2.4676756858825684,3.234589099884033
qonductor_single_circuit_ibm|row4157,qonductor_single_circuit_ibm,0,4.23054838180542,2.540907144546509,1.6896412372589111,2.540907144546509,2.4676756858825684,3.234589099884033
qonductor_single_circuit_ibm|row4160,qonductor_single_circuit_ibm,0,4.090023517608643,2.540907621383667,1.5491158962249756,2.540907621383667,2.4676756858825684,3.234589099884033
qonductor_single_circuit_ibm|row4169,qonductor_single_circuit_ibm,0,4.950719356536865,4.51112174987793,0.43959760665893555,4.529397487640381,4.261161804199219,4.51112174987793
qonductor_single_circuit_ibm|row4190,qonductor_single_circuit_ibm,0,4.634634017944336,3.6350083351135254,0.9996256828308105,3.822310447692871,3.5722696781158447,3.6350083351135254
qonductor_single_circuit_ibm|row4194,qonductor_single_circuit_ibm,0,3.087190866470337,2.525430202484131,0.561760663986206,2.5701379776000977,2.1814308166503906,2.525430202484131
qonductor_single_circuit_ibm|row4197,qonductor_single_circuit_ibm,0,2.868713855743408,2.676201105117798,0.19251275062561035,2.676201105117798,2.6723456382751465,3.012674331665039
qonductor_single_circuit_ibm|row4198,qonductor_single_circuit_ibm,0,3.000882863998413,2.676201105117798,0.32468175888061523,2.676201105117798,2.6723456382751465,3.012674331665039
qonductor_single_circuit_ibm|row4199,qonductor_single_circuit_ibm,0,3.7332167625427246,2.676201105117798,1.0570156574249268,2.676201105117798,2.6723451614379883,3.012674331665039
qonductor_single_circuit_ibm|row420,qonductor_single_circuit_ibm,0,1.0573921203613281,1.1633894443511963,0.10599732398986816,1.1563727855682373,1.1633894443511963,1.5738120079040527
qonductor_single_circuit_ibm|row4200,qonductor_single_circuit_ibm,0,2.6957788467407227,2.676201105117798,0.019577741622924805,2.676201105117798,2.6723456382751465,3.012674331665039
qonductor_single_circuit_ibm|row4201,qonductor_single_circuit_ibm,0,2.998080253601074,2.676201105117798,0.32187914848327637,2.676201105117798,2.6723456382751465,3.012674331665039
qonductor_single_circuit_ibm|row4202,qonductor_single_circuit_ibm,0,3.0571649074554443,2.676201105117798,0.3809638023376465,2.676201105117798,2.6723456382751465,3.012674331665039
qonductor_single_circuit_ibm|row4203,qonductor_single_circuit_ibm,0,3.107774496078491,2.6762006282806396,0.43157386779785156,2.6762006282806396,2.6723451614379883,3.012674331665039
qonductor_single_circuit_ibm|row4209,qonductor_single_circuit_ibm,0,3.096977710723877,2.437344551086426,0.6596331596374512,2.437344551086426,2.1883974075317383,2.6605966091156006
qonductor_single_circuit_ibm|row421,qonductor_single_circuit_ibm,0,1.071359395980835,1.1633894443511963,0.09203004837036133,1.1563727855682373,1.1633894443511963,1.5738120079040527
qonductor_single_circuit_ibm|row422,qonductor_single_circuit_ibm,0,1.0738986730575562,1.1633894443511963,0.08949077129364014,1.1563727855682373,1.1633894443511963,1.5738120079040527
qonductor_single_circuit_ibm|row4229,qonductor_single_circuit_ibm,0,4.751850128173828,4.604305744171143,0.14754438400268555,4.604305744171143,4.4453654289245605,5.119050979614258
qonductor_single_circuit_ibm|row423,qonductor_single_circuit_ibm,0,0.9964842200279236,1.1633894443511963,0.1669052243232727,1.1563727855682373,1.1633894443511963,1.5738120079040527
qonductor_single_circuit_ibm|row4230,qonductor_single_circuit_ibm,0,5.000451564788818,4.604297161102295,0.39615440368652344,4.604297161102295,4.445363521575928,5.119050979614258
qonductor_single_circuit_ibm|row4231,qonductor_single_circuit_ibm,0,4.63953971862793,4.604299545288086,0.03524017333984375,4.604299545288086,4.445364952087402,5.119051933288574
qonductor_single_circuit_ibm|row4232,qonductor_single_circuit_ibm,0,5.741059303283691,4.60429573059082,1.136763572692871,4.60429573059082,4.4453654289245605,5.119056701660156
qonductor_single_circuit_ibm|row4233,qonductor_single_circuit_ibm,0,7.689228057861328,4.604299068450928,3.0849289894104004,4.604299068450928,4.445363998413086,5.119053840637207
qonductor_single_circuit_ibm|row424,qonductor_single_circuit_ibm,0,1.0830843448638916,1.1633894443511963,0.08030509948730469,1.1563727855682373,1.1633894443511963,1.5738120079040527
qonductor_single_circuit_ibm|row4254,qonductor_single_circuit_ibm,0,7.658687591552734,5.5531229972839355,2.105564594268799,6.29470157623291,5.5531229972839355,5.424586772918701
qonductor_single_circuit_ibm|row4255,qonductor_single_circuit_ibm,0,3.3337602615356445,5.5531229972839355,2.219362735748291,6.294694900512695,5.5531229972839355,5.424586772918701
qonductor_single_circuit_ibm|row4256,qonductor_single_circuit_ibm,0,2.757540702819824,5.553121566772461,2.7955808639526367,6.294694900512695,5.553121566772461,5.424586772918701
qonductor_single_circuit_ibm|row4257,qonductor_single_circuit_ibm,0,6.318709373474121,5.553121566772461,0.7655878067016602,6.294693946838379,5.553121566772461,5.424586296081543
qonductor_single_circuit_ibm|row4258,qonductor_single_circuit_ibm,0,2.981325387954712,5.5531229972839355,2.5717976093292236,6.29469633102417,5.5531229972839355,5.424588203430176
qonductor_single_circuit_ibm|row4284,qonductor_single_circuit_ibm,0,6.547728538513184,5.554352760314941,0.9933757781982422,6.295400619506836,5.554352760314941,5.425343036651611
qonductor_single_circuit_ibm|row4285,qonductor_single_circuit_ibm,0,7.053981781005859,5.554346084594727,1.4996356964111328,6.295404434204102,5.554346084594727,5.425344467163086
qonductor_single_circuit_ibm|row4286,qonductor_single_circuit_ibm,0,7.566631317138672,5.554346084594727,2.0122852325439453,6.295402526855469,5.554346084594727,5.4253435134887695
qonductor_single_circuit_ibm|row4287,qonductor_single_circuit_ibm,0,8.14381217956543,5.554351806640625,2.5894603729248047,6.295406818389893,5.554351806640625,5.425345420837402
qonductor_single_circuit_ibm|row4288,qonductor_single_circuit_ibm,0,7.309723377227783,5.554352760314941,1.7553706169128418,6.295405387878418,5.554352760314941,5.425346851348877
qonductor_single_circuit_ibm|row4342,qonductor_single_circuit_ibm,0,3.4543068408966064,2.943302631378174,0.5110042095184326,2.9475064277648926,2.9008705615997314,2.943302631378174
qonductor_single_circuit_ibm|row4347,qonductor_single_circuit_ibm,0,2.9419572353363037,2.416090488433838,0.5258667469024658,2.416090488433838,2.2315666675567627,2.5801639556884766
qonductor_single_circuit_ibm|row435,qonductor_single_circuit_ibm,0,2.7136447429656982,3.577742099761963,0.8640973567962646,3.577742099761963,2.990899085998535,4.134957313537598
qonductor_single_circuit_ibm|row4352,qonductor_single_circuit_ibm,0,2.8555748462677,2.3677148818969727,0.48785996437072754,2.520392417907715,2.282865047454834,2.3677148818969727
qonductor_single_circuit_ibm|row4353,qonductor_single_circuit_ibm,0,2.9087841510772705,2.3677148818969727,0.5410692691802979,2.5203919410705566,2.282865047454834,2.3677148818969727
qonductor_single_circuit_ibm|row4354,qonductor_single_circuit_ibm,0,3.0254573822021484,2.3677148818969727,0.6577425003051758,2.5203919410705566,2.282865047454834,2.3677148818969727
qonductor_single_circuit_ibm|row4355,qonductor_single_circuit_ibm,0,2.9259421825408936,2.3677148818969727,0.5582273006439209,2.5203919410705566,2.282865047454834,2.3677148818969727
qonductor_single_circuit_ibm|row4356,qonductor_single_circuit_ibm,0,2.748762607574463,2.3677148818969727,0.38104772567749023,2.520392894744873,2.282865047454834,2.3677148818969727
qonductor_single_circuit_ibm|row436,qonductor_single_circuit_ibm,0,2.5991220474243164,3.577742099761963,0.9786200523376465,3.577742099761963,2.990899085998535,4.134958267211914
qonductor_single_circuit_ibm|row4367,qonductor_single_circuit_ibm,0,3.0432822704315186,2.367715358734131,0.6755669116973877,2.5203919410705566,2.282865047454834,2.367715358734131
qonductor_single_circuit_ibm|row4368,qonductor_single_circuit_ibm,0,2.8119349479675293,2.3677148818969727,0.44422006607055664,2.520392417907715,2.282865047454834,2.3677148818969727
qonductor_single_circuit_ibm|row4369,qonductor_single_circuit_ibm,0,3.1170384883880615,2.3677148818969727,0.7493236064910889,2.5203919410705566,2.282865047454834,2.3677148818969727
qonductor_single_circuit_ibm|row437,qonductor_single_circuit_ibm,0,2.5223257541656494,3.577742099761963,1.0554163455963135,3.577742099761963,2.990899085998535,4.134957313537598
qonductor_single_circuit_ibm|row4370,qonductor_single_circuit_ibm,0,3.105985641479492,2.3677148818969727,0.7382707595825195,2.5203919410705566,2.282865047454834,2.3677148818969727
qonductor_single_circuit_ibm|row4371,qonductor_single_circuit_ibm,0,2.877098560333252,2.3677148818969727,0.5093836784362793,2.520392417907715,2.282865047454834,2.3677148818969727
qonductor_single_circuit_ibm|row438,qonductor_single_circuit_ibm,0,2.5936553478240967,3.5777411460876465,0.9840857982635498,3.5777411460876465,2.990899085998535,4.134958744049072
qonductor_single_circuit_ibm|row439,qonductor_single_circuit_ibm,0,2.5186069011688232,3.5777411460876465,1.0591342449188232,3.5777411460876465,2.990899085998535,4.134958267211914
qonductor_single_circuit_ibm|row440,qonductor_single_circuit_ibm,0,2.8936538696289062,4.321540832519531,1.427886962890625,4.321540832519531,4.156018257141113,4.37989616394043
qonductor_single_circuit_ibm|row4402,qonductor_single_circuit_ibm,0,4.445816993713379,4.579551696777344,0.13373470306396484,4.750134468078613,4.579551696777344,4.259958267211914
qonductor_single_circuit_ibm|row4403,qonductor_single_circuit_ibm,0,4.259597301483154,4.5795512199401855,0.31995391845703125,4.7501325607299805,4.5795512199401855,4.259957313537598
qonductor_single_circuit_ibm|row4404,qonductor_single_circuit_ibm,0,4.28479528427124,4.5795512199401855,0.2947559356689453,4.7501325607299805,4.5795512199401855,4.259957313537598
qonductor_single_circuit_ibm|row4405,qonductor_single_circuit_ibm,0,4.378059387207031,4.579549789428711,0.2014904022216797,4.750133514404297,4.579549789428711,4.259957790374756
qonductor_single_circuit_ibm|row4406,qonductor_single_circuit_ibm,0,4.277663707733154,4.5795512199401855,0.30188751220703125,4.7501325607299805,4.5795512199401855,4.259958267211914
qonductor_single_circuit_ibm|row441,qonductor_single_circuit_ibm,0,3.110193967819214,4.321542263031006,1.211348295211792,4.321542263031006,4.156018257141113,4.37989616394043
qonductor_single_circuit_ibm|row442,qonductor_single_circuit_ibm,0,3.033787488937378,4.321542739868164,1.2877552509307861,4.321542739868164,4.156018257141113,4.37989616394043
qonductor_single_circuit_ibm|row443,qonductor_single_circuit_ibm,0,3.01274037361145,4.321542263031006,1.3088018894195557,4.321542263031006,4.156018257141113,4.379896640777588
qonductor_single_circuit_ibm|row4437,qonductor_single_circuit_ibm,0,3.0406203269958496,2.82008957862854,0.22053074836730957,2.794442892074585,2.82008957862854,2.9856696128845215
qonductor_single_circuit_ibm|row4438,qonductor_single_circuit_ibm,0,3.025887966156006,2.8200886249542236,0.20579934120178223,2.794442892074585,2.8200886249542236,2.9856696128845215
qonductor_single_circuit_ibm|row444,qonductor_single_circuit_ibm,0,2.872868061065674,4.321540832519531,1.4486727714538574,4.321540832519531,4.156018257141113,4.379896640777588
qonductor_single_circuit_ibm|row4447,qonductor_single_circuit_ibm,0,2.589290142059326,2.6437764167785645,0.05448627471923828,2.6437764167785645,2.344285249710083,2.6935975551605225
qonductor_single_circuit_ibm|row4448,qonductor_single_circuit_ibm,0,2.4664559364318848,2.6437764167785645,0.1773204803466797,2.6437764167785645,2.344285249710083,2.6935975551605225
qonductor_single_circuit_ibm|row4449,qonductor_single_circuit_ibm,0,2.719911575317383,2.6437764167785645,0.07613515853881836,2.6437764167785645,2.344285249710083,2.6935975551605225
qonductor_single_circuit_ibm|row445,qonductor_single_circuit_ibm,0,2.4398293495178223,1.163386344909668,1.2764430046081543,1.156205654144287,1.163386344909668,1.182152271270752
qonductor_single_circuit_ibm|row4450,qonductor_single_circuit_ibm,0,2.5798158645629883,2.6437768936157227,0.06396102905273438,2.6437768936157227,2.344285249710083,2.6935975551605225
qonductor_single_circuit_ibm|row4451,qonductor_single_circuit_ibm,0,2.513165235519409,2.6437764167785645,0.13061118125915527,2.6437764167785645,2.344285249710083,2.6935975551605225
qonductor_single_circuit_ibm|row4458,qonductor_single_circuit_ibm,0,2.624066114425659,2.619154214859009,0.004911899566650391,2.619154214859009,2.5664024353027344,2.7613472938537598
qonductor_single_circuit_ibm|row446,qonductor_single_circuit_ibm,0,2.562959671020508,1.163386344909668,1.3995733261108398,1.156205654144287,1.163386344909668,1.182152271270752
qonductor_single_circuit_ibm|row447,qonductor_single_circuit_ibm,0,2.4518496990203857,1.163386344909668,1.2884633541107178,1.156205654144287,1.163386344909668,1.182152271270752
qonductor_single_circuit_ibm|row448,qonductor_single_circuit_ibm,0,2.8179919719696045,1.163386344909668,1.6546056270599365,1.156205654144287,1.163386344909668,1.182152271270752
qonductor_single_circuit_ibm|row4481,qonductor_single_circuit_ibm,0,16.267654418945312,17.369369506835938,1.101715087890625,17.455284118652344,14.429288864135742,17.369369506835938
qonductor_single_circuit_ibm|row449,qonductor_single_circuit_ibm,0,2.7480337619781494,1.163386344909668,1.5846474170684814,1.156205654144287,1.163386344909668,1.182152271270752
qonductor_single_circuit_ibm|row45,qonductor_single_circuit_ibm,0,7.190154552459717,2.818143129348755,4.372011423110962,2.2023422718048096,2.818143129348755,2.9932780265808105
qonductor_single_circuit_ibm|row450,qonductor_single_circuit_ibm,0,2.3047893047332764,1.1633806228637695,1.1414086818695068,1.1561833620071411,1.1633806228637695,1.4594329595565796
qonductor_single_circuit_ibm|row451,qonductor_single_circuit_ibm,0,2.4986324310302734,1.1633806228637695,1.335251808166504,1.1561833620071411,1.1633806228637695,1.4594327211380005
qonductor_single_circuit_ibm|row452,qonductor_single_circuit_ibm,0,2.402841806411743,1.1633806228637695,1.2394611835479736,1.1561833620071411,1.1633806228637695,1.4594327211380005
qonductor_single_circuit_ibm|row453,qonductor_single_circuit_ibm,0,2.4120097160339355,1.1633806228637695,1.248629093170166,1.1561833620071411,1.1633806228637695,1.4594329595565796
qonductor_single_circuit_ibm|row454,qonductor_single_circuit_ibm,0,2.5686073303222656,1.1633806228637695,1.405226707458496,1.1561833620071411,1.1633806228637695,1.4594329595565796
qonductor_single_circuit_ibm|row456,qonductor_single_circuit_ibm,0,3.061142683029175,3.7107977867126465,0.6496551036834717,3.481397867202759,3.774193286895752,3.7107977867126465
qonductor_single_circuit_ibm|row457,qonductor_single_circuit_ibm,0,2.8394994735717773,3.7107977867126465,0.8712983131408691,3.481397867202759,3.7741928100585938,3.7107977867126465
qonductor_single_circuit_ibm|row458,qonductor_single_circuit_ibm,0,3.1353061199188232,3.7107977867126465,0.5754916667938232,3.481397867202759,3.7741916179656982,3.7107977867126465
qonductor_single_circuit_ibm|row459,qonductor_single_circuit_ibm,0,3.097827672958374,3.7107977867126465,0.6129701137542725,3.481398344039917,3.7741920948028564,3.7107977867126465
qonductor_single_circuit_ibm|row46,qonductor_single_circuit_ibm,0,6.7758636474609375,2.818143129348755,3.9577205181121826,2.2023422718048096,2.818143129348755,2.9932780265808105
qonductor_single_circuit_ibm|row460,qonductor_single_circuit_ibm,0,2.958739757537842,3.7107982635498047,0.7520585060119629,3.481397867202759,3.774193286895752,3.7107982635498047
qonductor_single_circuit_ibm|row47,qonductor_single_circuit_ibm,0,6.835768699645996,2.818142890930176,4.01762580871582,2.2023422718048096,2.818142890930176,2.9932780265808105
qonductor_single_circuit_ibm|row472,qonductor_single_circuit_ibm,0,3.146394968032837,3.0948495864868164,0.05154538154602051,2.7874886989593506,3.1333909034729004,3.0948495864868164
qonductor_single_circuit_ibm|row473,qonductor_single_circuit_ibm,0,2.9621083736419678,3.0948495864868164,0.13274121284484863,2.787487745285034,3.1333909034729004,3.0948495864868164
qonductor_single_circuit_ibm|row479,qonductor_single_circuit_ibm,0,2.6208317279815674,2.850832939147949,0.23000121116638184,2.850832939147949,2.7724609375,3.1115407943725586
qonductor_single_circuit_ibm|row48,qonductor_single_circuit_ibm,0,11.807186126708984,2.818142890930176,8.989043235778809,2.2023422718048096,2.818142890930176,2.9932780265808105
qonductor_single_circuit_ibm|row482,qonductor_single_circuit_ibm,0,2.5859804153442383,2.8507823944091797,0.2648019790649414,2.8507823944091797,2.841268539428711,3.2949044704437256
qonductor_single_circuit_ibm|row483,qonductor_single_circuit_ibm,0,2.807133913040161,2.8507821559906006,0.04364824295043945,2.8507821559906006,2.8412699699401855,3.2949044704437256
qonductor_single_circuit_ibm|row49,qonductor_single_circuit_ibm,0,7.496293067932129,2.818143129348755,4.678149938583374,2.2023422718048096,2.818143129348755,2.9932780265808105
qonductor_single_circuit_ibm|row507,qonductor_single_circuit_ibm,0,3.0647308826446533,3.0948500633239746,0.03011918067932129,2.787487745285034,3.1333909034729004,3.0948500633239746
qonductor_single_circuit_ibm|row516,qonductor_single_circuit_ibm,0,3.020545244216919,2.8507821559906006,0.16976308822631836,2.8507821559906006,2.841269016265869,3.2949044704437256
qonductor_single_circuit_ibm|row517,qonductor_single_circuit_ibm,0,2.925806760787964,2.8507821559906006,0.07502460479736328,2.8507821559906006,2.841269016265869,3.2949044704437256
qonductor_single_circuit_ibm|row523,qonductor_single_circuit_ibm,0,4.2165303230285645,3.7394731044769287,0.47705721855163574,3.6049246788024902,3.7394731044769287,4.48642635345459
qonductor_single_circuit_ibm|row531,qonductor_single_circuit_ibm,0,4.199118137359619,4.1528801918029785,0.046237945556640625,4.281990051269531,4.140388011932373,4.1528801918029785
qonductor_single_circuit_ibm|row536,qonductor_single_circuit_ibm,0,2.3201889991760254,2.6174063682556152,0.29721736907958984,2.4188857078552246,2.6174063682556152,2.8610894680023193
qonductor_single_circuit_ibm|row544,qonductor_single_circuit_ibm,0,4.08643913269043,4.109914779663086,0.02347564697265625,4.109914779663086,3.863520383834839,4.111345291137695
qonductor_single_circuit_ibm|row563,qonductor_single_circuit_ibm,0,3.126695156097412,3.0637223720550537,0.0629727840423584,2.929121494293213,3.2031049728393555,3.0637223720550537
qonductor_single_circuit_ibm|row564,qonductor_single_circuit_ibm,0,3.1408650875091553,3.0637223720550537,0.07714271545410156,2.929121494293213,3.2031049728393555,3.0637223720550537
qonductor_single_circuit_ibm|row565,qonductor_single_circuit_ibm,0,3.1966617107391357,3.0637223720550537,0.13293933868408203,2.929121494293213,3.2031049728393555,3.0637223720550537
qonductor_single_circuit_ibm|row567,qonductor_single_circuit_ibm,0,3.08195161819458,3.0637223720550537,0.018229246139526367,2.929121494293213,3.2031044960021973,3.0637223720550537
qonductor_single_circuit_ibm|row570,qonductor_single_circuit_ibm,0,2.0718183517456055,2.6174063682556152,0.5455880165100098,2.4188852310180664,2.6174063682556152,2.8610899448394775
qonductor_single_circuit_ibm|row573,qonductor_single_circuit_ibm,0,2.9701240062713623,2.962405204772949,0.007718801498413086,2.962405204772949,3.0891997814178467,2.9478838443756104
qonductor_single_circuit_ibm|row574,qonductor_single_circuit_ibm,0,2.9838762283325195,2.9624056816101074,0.02147054672241211,2.9624056816101074,3.0891997814178467,2.9478838443756104
qonductor_single_circuit_ibm|row586,qonductor_single_circuit_ibm,0,6.7492356300354,6.647492408752441,0.10174322128295898,6.799129009246826,6.647492408752441,6.5314764976501465
qonductor_single_circuit_ibm|row587,qonductor_single_circuit_ibm,0,2.6171584129333496,2.9650025367736816,0.34784412384033203,2.9623262882232666,3.0988409519195557,2.9650025367736816
qonductor_single_circuit_ibm|row589,qonductor_single_circuit_ibm,0,6.468263149261475,6.966510772705078,0.4982476234436035,7.369025707244873,6.966510772705078,6.932656288146973
qonductor_single_circuit_ibm|row595,qonductor_single_circuit_ibm,0,3.096449613571167,3.106905221939087,0.010455608367919922,2.7452502250671387,3.106905221939087,3.122992992401123
qonductor_single_circuit_ibm|row597,qonductor_single_circuit_ibm,0,6.093459129333496,8.567222595214844,2.4737634658813477,8.324512481689453,8.567222595214844,8.641480445861816
qonductor_single_circuit_ibm|row6,qonductor_single_circuit_ibm,0,1.3447805643081665,4.306317329406738,2.9615367650985718,5.0906476974487305,4.219880104064941,4.306317329406738
qonductor_single_circuit_ibm|row617,qonductor_single_circuit_ibm,0,5.823121070861816,7.245141983032227,1.4220209121704102,7.245141983032227,7.188841819763184,7.316932678222656
qonductor_single_circuit_ibm|row627,qonductor_single_circuit_ibm,0,5.698655605316162,6.84518575668335,1.1465301513671875,6.671316146850586,6.84518575668335,7.003352165222168
qonductor_single_circuit_ibm|row628,qonductor_single_circuit_ibm,0,5.5565924644470215,6.6837944984436035,1.127202033996582,6.01640510559082,6.68630313873291,6.6837944984436035
qonductor_single_circuit_ibm|row634,qonductor_single_circuit_ibm,0,4.5901875495910645,3.9266293048858643,0.6635582447052002,3.8436222076416016,3.9266293048858643,3.9413795471191406
qonductor_single_circuit_ibm|row635,qonductor_single_circuit_ibm,0,3.023617744445801,2.1536338329315186,0.8699839115142822,2.2456042766571045,1.879908561706543,2.1536338329315186
qonductor_single_circuit_ibm|row636,qonductor_single_circuit_ibm,0,2.984445095062256,2.399402141571045,0.5850429534912109,2.399402141571045,2.112109661102295,2.5281147956848145
qonductor_single_circuit_ibm|row637,qonductor_single_circuit_ibm,0,3.008500337600708,2.1766374111175537,0.8318629264831543,2.257777452468872,1.8888357877731323,2.1766374111175537
qonductor_single_circuit_ibm|row643,qonductor_single_circuit_ibm,0,6.267343044281006,6.790496826171875,0.5231537818908691,6.839546203613281,6.313741207122803,6.790496826171875
qonductor_single_circuit_ibm|row646,qonductor_single_circuit_ibm,0,5.981226921081543,6.791499614715576,0.8102726936340332,6.883687496185303,6.327740669250488,6.791499614715576
qonductor_single_circuit_ibm|row649,qonductor_single_circuit_ibm,0,12.213046073913574,11.765531539916992,0.44751453399658203,11.713783264160156,12.604618072509766,11.765531539916992
qonductor_single_circuit_ibm|row65,qonductor_single_circuit_ibm,0,5.472028732299805,4.150027275085449,1.3220014572143555,3.284240961074829,4.936433792114258,4.150027275085449
qonductor_single_circuit_ibm|row66,qonductor_single_circuit_ibm,0,4.749307155609131,4.150027275085449,0.5992798805236816,3.284240961074829,4.936433792114258,4.150027275085449
qonductor_single_circuit_ibm|row67,qonductor_single_circuit_ibm,0,4.946045875549316,4.150027275085449,0.7960186004638672,3.2842421531677246,4.936435699462891,4.150027275085449
qonductor_single_circuit_ibm|row676,qonductor_single_circuit_ibm,0,3.172590494155884,3.0623748302459717,0.11021566390991211,3.0623748302459717,3.143012046813965,2.981290340423584
qonductor_single_circuit_ibm|row678,qonductor_single_circuit_ibm,0,3.194948434829712,3.0623748302459717,0.13257360458374023,3.0623748302459717,3.143012523651123,2.981290340423584
qonductor_single_circuit_ibm|row68,qonductor_single_circuit_ibm,0,5.115294456481934,4.150027275085449,0.9652671813964844,3.2842421531677246,4.936433792114258,4.150027275085449
qonductor_single_circuit_ibm|row69,qonductor_single_circuit_ibm,0,4.858994007110596,4.150027275085449,0.7089667320251465,3.284240961074829,4.936433792114258,4.150027275085449
qonductor_single_circuit_ibm|row7,qonductor_single_circuit_ibm,0,1.347398281097412,4.306317329406738,2.958919048309326,5.0906476974487305,4.219880104064941,4.306317329406738
qonductor_single_circuit_ibm|row70,qonductor_single_circuit_ibm,0,1.4202404022216797,5.43766450881958,4.0174241065979,5.974514007568359,5.43766450881958,5.383559703826904
qonductor_single_circuit_ibm|row703,qonductor_single_circuit_ibm,0,3.0635359287261963,3.062375783920288,0.0011601448059082031,3.062375783920288,3.143012523651123,2.981290340423584
qonductor_single_circuit_ibm|row71,qonductor_single_circuit_ibm,0,1.4505679607391357,5.437664985656738,3.9870970249176025,5.974514961242676,5.437664985656738,5.383559703826904
qonductor_single_circuit_ibm|row717,qonductor_single_circuit_ibm,0,3.040353536605835,2.4183847904205322,0.6219687461853027,2.4183847904205322,2.3259434700012207,2.604200839996338
qonductor_single_circuit_ibm|row718,qonductor_single_circuit_ibm,0,3.092784881591797,2.4183847904205322,0.6744000911712646,2.4183847904205322,2.3259434700012207,2.604200839996338
qonductor_single_circuit_ibm|row72,qonductor_single_circuit_ibm,0,2.562264919281006,5.43766450881958,2.875399589538574,5.974514961242676,5.43766450881958,5.383559703826904
qonductor_single_circuit_ibm|row726,qonductor_single_circuit_ibm,0,3.7417876720428467,3.8504390716552734,0.10865139961242676,3.758751630783081,3.8504390716552734,3.890676736831665
qonductor_single_circuit_ibm|row729,qonductor_single_circuit_ibm,0,3.233891487121582,3.0649518966674805,0.16893959045410156,3.1019492149353027,3.0199005603790283,3.0649518966674805
qonductor_single_circuit_ibm|row73,qonductor_single_circuit_ibm,0,2.6535861492156982,5.43766450881958,2.784078359603882,5.974514961242676,5.43766450881958,5.383559703826904
qonductor_single_circuit_ibm|row730,qonductor_single_circuit_ibm,0,3.0758838653564453,3.0649514198303223,0.010932445526123047,3.1019492149353027,3.0199005603790283,3.0649514198303223
qonductor_single_circuit_ibm|row736,qonductor_single_circuit_ibm,0,2.56681489944458,2.9315197467803955,0.36470484733581543,2.7086551189422607,3.020035743713379,2.9315197467803955
qonductor_single_circuit_ibm|row738,qonductor_single_circuit_ibm,0,2.5959737300872803,2.8755407333374023,0.27956700325012207,2.6207334995269775,2.8969314098358154,2.8755407333374023
qonductor_single_circuit_ibm|row74,qonductor_single_circuit_ibm,0,2.5754716396331787,5.43766450881958,2.8621928691864014,5.974514961242676,5.43766450881958,5.383559703826904
qonductor_single_circuit_ibm|row748,qonductor_single_circuit_ibm,0,3.094724178314209,3.0366151332855225,0.05810904502868652,2.8144335746765137,3.0366151332855225,3.1425211429595947
qonductor_single_circuit_ibm|row758,qonductor_single_circuit_ibm,0,3.234797239303589,3.1018974781036377,0.13289976119995117,2.9367213249206543,3.1018974781036377,3.2403299808502197
qonductor_single_circuit_ibm|row766,qonductor_single_circuit_ibm,0,1.096161127090454,2.5361809730529785,1.4400198459625244,2.4277749061584473,2.5424976348876953,2.5361809730529785
qonductor_single_circuit_ibm|row771,qonductor_single_circuit_ibm,0,3.4772145748138428,3.06237530708313,0.4148392677307129,3.06237530708313,3.143012046813965,2.981290340423584
qonductor_single_circuit_ibm|row772,qonductor_single_circuit_ibm,0,3.176020622253418,3.06237530708313,0.11364531517028809,3.06237530708313,3.143012046813965,2.981290340423584
qonductor_single_circuit_ibm|row774,qonductor_single_circuit_ibm,0,3.196186065673828,3.0623748302459717,0.13381123542785645,3.0623748302459717,3.143012046813965,2.981290340423584
qonductor_single_circuit_ibm|row781,qonductor_single_circuit_ibm,0,4.441286563873291,4.635720729827881,0.19443416595458984,4.561953544616699,4.68602991104126,4.635720729827881
qonductor_single_circuit_ibm|row782,qonductor_single_circuit_ibm,0,4.472713470458984,4.635720729827881,0.16300725936889648,4.561953544616699,4.686028480529785,4.635720729827881
qonductor_single_circuit_ibm|row783,qonductor_single_circuit_ibm,0,4.583428382873535,4.635721206665039,0.052292823791503906,4.561954498291016,4.686028480529785,4.635721206665039
qonductor_single_circuit_ibm|row788,qonductor_single_circuit_ibm,0,3.2136168479919434,3.1018974781036377,0.11171936988830566,2.9367213249206543,3.1018974781036377,3.2403295040130615
qonductor_single_circuit_ibm|row792,qonductor_single_circuit_ibm,0,3.053373336791992,3.1599647998809814,0.10659146308898926,3.1599647998809814,3.0343055725097656,3.2647621631622314
qonductor_single_circuit_ibm|row793,qonductor_single_circuit_ibm,0,2.9545369148254395,3.1599647998809814,0.205427885055542,3.1599647998809814,3.034306049346924,3.2647621631622314
qonductor_single_circuit_ibm|row8,qonductor_single_circuit_ibm,0,1.3961106538772583,4.306317329406738,2.91020667552948,5.090647220611572,4.219880104064941,4.306317329406738
qonductor_single_circuit_ibm|row813,qonductor_single_circuit_ibm,0,3.102194309234619,3.1370797157287598,0.034885406494140625,2.9494409561157227,3.230487585067749,3.1370797157287598
qonductor_single_circuit_ibm|row842,qonductor_single_circuit_ibm,0,2.9748594760894775,2.8752989768981934,0.09956049919128418,2.8752989768981934,2.448057174682617,3.073495864868164
qonductor_single_circuit_ibm|row847,qonductor_single_circuit_ibm,0,3.1851768493652344,3.119580030441284,0.0655968189239502,3.098209857940674,3.119580030441284,3.1913788318634033
qonductor_single_circuit_ibm|row848,qonductor_single_circuit_ibm,0,3.0517587661743164,3.119580030441284,0.06782126426696777,3.098210334777832,3.119580030441284,3.1913788318634033
qonductor_single_circuit_ibm|row85,qonductor_single_circuit_ibm,0,1.236116886138916,1.61588454246521,0.37976765632629395,1.2509421110153198,1.61588454246521,2.031724691390991
qonductor_single_circuit_ibm|row853,qonductor_single_circuit_ibm,0,2.9998910427093506,2.602137804031372,0.3977532386779785,2.602137804031372,2.3486087322235107,2.7787766456604004
qonductor_single_circuit_ibm|row854,qonductor_single_circuit_ibm,0,3.1774773597717285,3.354884147644043,0.17740678787231445,2.972782611846924,3.4348878860473633,3.354884147644043
qonductor_single_circuit_ibm|row857,qonductor_single_circuit_ibm,0,3.222736358642578,3.1831064224243164,0.03962993621826172,3.1635382175445557,3.191396474838257,3.1831064224243164
qonductor_single_circuit_ibm|row86,qonductor_single_circuit_ibm,0,1.2335519790649414,1.6158852577209473,0.38233327865600586,1.2509418725967407,1.6158852577209473,2.031724452972412
qonductor_single_circuit_ibm|row864,qonductor_single_circuit_ibm,0,3.170750379562378,3.1831068992614746,0.01235651969909668,3.1635382175445557,3.191396474838257,3.1831068992614746
qonductor_single_circuit_ibm|row865,qonductor_single_circuit_ibm,0,3.2793827056884766,3.1831064224243164,0.09627628326416016,3.1635382175445557,3.191396474838257,3.1831064224243164
qonductor_single_circuit_ibm|row867,qonductor_single_circuit_ibm,0,3.118272304534912,3.119580030441284,0.0013077259063720703,3.098210334777832,3.119580030441284,3.1913788318634033
qonductor_single_circuit_ibm|row87,qonductor_single_circuit_ibm,0,1.241708517074585,1.6158850193023682,0.3741765022277832,1.2509421110153198,1.6158850193023682,2.031723976135254
qonductor_single_circuit_ibm|row871,qonductor_single_circuit_ibm,0,3.0877845287323,3.0762996673583984,0.011484861373901367,2.9249441623687744,3.0762996673583984,3.210925817489624
qonductor_single_circuit_ibm|row873,qonductor_single_circuit_ibm,0,3.1472747325897217,3.0762996673583984,0.07097506523132324,2.924943685531616,3.0762996673583984,3.210925817489624
qonductor_single_circuit_ibm|row88,qonductor_single_circuit_ibm,0,1.2367093563079834,1.61588454246521,0.37917518615722656,1.2509421110153198,1.61588454246521,2.031724452972412
qonductor_single_circuit_ibm|row882,qonductor_single_circuit_ibm,0,2.647695541381836,3.160303831100464,0.5126082897186279,2.7284438610076904,3.160303831100464,3.6868326663970947
qonductor_single_circuit_ibm|row884,qonductor_single_circuit_ibm,0,3.1391782760620117,3.0762996673583984,0.06287860870361328,2.9249446392059326,3.0762996673583984,3.210925817489624
qonductor_single_circuit_ibm|row89,qonductor_single_circuit_ibm,0,1.2488548755645752,1.6158852577209473,0.36703038215637207,1.2509421110153198,1.6158852577209473,2.031724691390991
qonductor_single_circuit_ibm|row899,qonductor_single_circuit_ibm,0,3.243760585784912,3.2948451042175293,0.05108451843261719,3.203545093536377,3.493562698364258,3.2948451042175293
qonductor_single_circuit_ibm|row902,qonductor_single_circuit_ibm,0,3.3349437713623047,3.165743112564087,0.16920065879821777,3.165743112564087,3.080753803253174,3.4654700756073
qonductor_single_circuit_ibm|row905,qonductor_single_circuit_ibm,0,3.5705068111419678,3.6650638580322266,0.09455704689025879,3.5774006843566895,3.6650638580322266,3.699808120727539
qonductor_single_circuit_ibm|row910,qonductor_single_circuit_ibm,0,3.621372699737549,3.665064811706543,0.04369211196899414,3.5774011611938477,3.665064811706543,3.699808120727539
qonductor_single_circuit_ibm|row914,qonductor_single_circuit_ibm,0,3.1179239749908447,3.479825973510742,0.36190199851989746,3.646991729736328,3.479825973510742,3.1941747665405273
qonductor_single_circuit_ibm|row917,qonductor_single_circuit_ibm,0,3.6702191829681396,3.4160919189453125,0.25412726402282715,3.190544605255127,3.623757839202881,3.4160919189453125
qonductor_single_circuit_ibm|row923,qonductor_single_circuit_ibm,0,3.458705425262451,3.4160919189453125,0.04261350631713867,3.190545082092285,3.6237573623657227,3.4160919189453125
qonductor_single_circuit_ibm|row924,qonductor_single_circuit_ibm,0,3.5642752647399902,3.4160923957824707,0.14818286895751953,3.190545082092285,3.623758554458618,3.4160923957824707
qonductor_single_circuit_ibm|row925,qonductor_single_circuit_ibm,0,3.442150831222534,3.4160919189453125,0.02605891227722168,3.190545082092285,3.6237573623657227,3.4160919189453125
qonductor_single_circuit_ibm|row926,qonductor_single_circuit_ibm,0,3.0366737842559814,2.9934768676757812,0.043196916580200195,3.615386962890625,2.7449944019317627,2.9934768676757812
qonductor_single_circuit_ibm|row929,qonductor_single_circuit_ibm,0,2.937941551208496,2.845794916152954,0.09214663505554199,2.481231451034546,2.845794916152954,3.3653016090393066
qonductor_single_circuit_ibm|row933,qonductor_single_circuit_ibm,0,3.0306458473205566,3.323779582977295,0.2931337356567383,3.323779582977295,3.634119987487793,3.2592785358428955
qonductor_single_circuit_ibm|row939,qonductor_single_circuit_ibm,0,3.2678372859954834,3.119580030441284,0.14825725555419922,3.098210334777832,3.119580030441284,3.1913788318634033
qonductor_single_circuit_ibm|row940,qonductor_single_circuit_ibm,0,2.9872379302978516,3.004650831222534,0.017412900924682617,2.9812746047973633,3.004650831222534,3.2079269886016846
qonductor_single_circuit_ibm|row941,qonductor_single_circuit_ibm,0,3.18101167678833,3.119580030441284,0.0614316463470459,3.098209857940674,3.119580030441284,3.1913788318634033
qonductor_single_circuit_ibm|row942,qonductor_single_circuit_ibm,0,3.1239967346191406,3.0183229446411133,0.10567378997802734,2.8718440532684326,3.0183229446411133,3.191838502883911
qonductor_single_circuit_ibm|row944,qonductor_single_circuit_ibm,0,3.0228278636932373,3.178596258163452,0.15576839447021484,3.08164119720459,3.295233726501465,3.178596258163452
qonductor_single_circuit_ibm|row950,qonductor_single_circuit_ibm,0,2.7828428745269775,3.0241222381591797,0.24127936363220215,2.284658432006836,3.0241222381591797,3.030670404434204
qonductor_single_circuit_ibm|row951,qonductor_single_circuit_ibm,0,2.9184482097625732,2.2334487438201904,0.6849994659423828,2.2334487438201904,1.7072463035583496,2.588653564453125
qonductor_single_circuit_ibm|row960,qonductor_single_circuit_ibm,0,1.9554028511047363,2.322228193283081,0.3668253421783447,2.322228193283081,2.206120729446411,2.9623918533325195
qonductor_single_circuit_ibm|row971,qonductor_single_circuit_ibm,0,2.0443596839904785,2.407531499862671,0.3631718158721924,2.3045382499694824,2.407531499862671,2.5243961811065674
qonductor_single_circuit_ibm|row974,qonductor_single_circuit_ibm,0,1.9639639854431152,2.407531976699829,0.44356799125671387,2.304539203643799,2.407531976699829,2.5243961811065674
qonductor_single_circuit_ibm|row984,qonductor_single_circuit_ibm,0,2.0318589210510254,2.407531976699829,0.3756730556488037,2.3045387268066406,2.407531976699829,2.524395704269409
qonductor_single_circuit_ibm|row988,qonductor_single_circuit_ibm,0,3.2582552433013916,3.0183229446411133,0.23993229866027832,2.8718440532684326,3.0183229446411133,3.191838502883911
qonductor_single_circuit_ibm|row991,qonductor_single_circuit_ibm,0,3.1110522747039795,3.2175378799438477,0.10648560523986816,3.3141939640045166,3.0058412551879883,3.2175378799438477
qonductor_single_circuit_ibm|row992,qonductor_single_circuit_ibm,0,3.0273678302764893,3.217538595199585,0.1901707649230957,3.314192771911621,3.0058412551879883,3.217538595199585
qpack_mcp|row0,qpack_mcp,0,7.001680850982666,5.204858779907227,1.7968220710754395,5.378159046173096,5.137813568115234,5.204858779907227
qpack_mcp|row1,qpack_mcp,0,7.1259355545043945,5.204858779907227,1.921076774597168,5.378159046173096,5.137813568115234,5.204858779907227
qpack_mcp|row10,qpack_mcp,0,6.638428688049316,5.204858779907227,1.4335699081420898,5.378159046173096,5.137813568115234,5.204858779907227
qpack_mcp|row1000,qpack_mcp,0,6.553664684295654,6.214304447174072,0.33936023712158203,6.177529335021973,6.214304447174072,6.242199897766113
qpack_mcp|row1001,qpack_mcp,0,6.471953392028809,6.214304447174072,0.25764894485473633,6.177530288696289,6.214304447174072,6.242199897766113
qpack_mcp|row1002,qpack_mcp,0,9.464656829833984,6.2143049240112305,3.250351905822754,6.177530288696289,6.2143049240112305,6.242199897766113
qpack_mcp|row1003,qpack_mcp,0,6.999886989593506,6.2143049240112305,0.7855820655822754,6.177530288696289,6.2143049240112305,6.242199897766113
qpack_mcp|row1004,qpack_mcp,0,7.082428932189941,6.2143049240112305,0.8681240081787109,6.177530288696289,6.2143049240112305,6.242199897766113
qpack_mcp|row1005,qpack_mcp,0,6.934749603271484,6.2143049240112305,0.7204446792602539,6.177530288696289,6.2143049240112305,6.242199897766113
qpack_mcp|row1006,qpack_mcp,0,6.525251865386963,6.214304447174072,0.3109474182128906,6.177530288696289,6.214304447174072,6.242199897766113
qpack_mcp|row1007,qpack_mcp,0,6.607288837432861,6.2143049240112305,0.39298391342163086,6.177530288696289,6.2143049240112305,6.242199897766113
qpack_mcp|row1008,qpack_mcp,0,7.372612476348877,6.2143049240112305,1.1583075523376465,6.177530288696289,6.2143049240112305,6.242199897766113
qpack_mcp|row1009,qpack_mcp,0,6.992220878601074,6.2143049240112305,0.7779159545898438,6.177530288696289,6.2143049240112305,6.242199897766113
qpack_mcp|row1010,qpack_mcp,0,6.830723762512207,6.2143049240112305,0.6164188385009766,6.177530288696289,6.2143049240112305,6.242199897766113
qpack_mcp|row1011,qpack_mcp,0,6.731021881103516,6.214304447174072,0.5167174339294434,6.177530288696289,6.214304447174072,6.242199897766113
qpack_mcp|row1012,qpack_mcp,0,6.646759033203125,6.214304447174072,0.43245458602905273,6.177530288696289,6.214304447174072,6.242199897766113
qpack_mcp|row1013,qpack_mcp,0,7.105292320251465,6.2143049240112305,0.8909873962402344,6.177532196044922,6.2143049240112305,6.242199897766113
qpack_mcp|row1014,qpack_mcp,0,7.110231399536133,6.2143049240112305,0.8959264755249023,6.177530288696289,6.2143049240112305,6.242199897766113
qpack_mcp|row1015,qpack_mcp,0,7.073518753051758,6.2143049240112305,0.8592138290405273,6.177530288696289,6.2143049240112305,6.242199897766113
qpack_mcp|row1016,qpack_mcp,0,6.926898956298828,6.214304447174072,0.7125945091247559,6.177530288696289,6.214304447174072,6.242199897766113
qpack_mcp|row1017,qpack_mcp,0,6.623517036437988,6.2143049240112305,0.4092121124267578,6.177530288696289,6.2143049240112305,6.242199897766113
qpack_mcp|row1018,qpack_mcp,0,6.624406814575195,6.2143049240112305,0.41010189056396484,6.177530288696289,6.2143049240112305,6.242199897766113
qpack_mcp|row1019,qpack_mcp,0,6.914274215698242,6.2143049240112305,0.6999692916870117,6.177530288696289,6.2143049240112305,6.242199897766113
qpack_mcp|row1020,qpack_mcp,0,7.696101665496826,6.2143049240112305,1.4817967414855957,6.177532196044922,6.2143049240112305,6.242199897766113
qpack_mcp|row1021,qpack_mcp,0,7.090366363525391,6.2143049240112305,0.8760614395141602,6.177530288696289,6.2143049240112305,6.242199897766113
qpack_mcp|row1022,qpack_mcp,0,7.358819484710693,6.2143049240112305,1.144514560699463,6.177530288696289,6.2143049240112305,6.242199897766113
qpack_mcp|row1023,qpack_mcp,0,7.016325950622559,6.2143049240112305,0.8020210266113281,6.177530288696289,6.2143049240112305,6.242199897766113
qpack_mcp|row1024,qpack_mcp,0,7.2340593338012695,6.2143049240112305,1.019754409790039,6.177530288696289,6.2143049240112305,6.242199897766113
qpack_mcp|row1025,qpack_mcp,0,7.435590744018555,6.2143049240112305,1.2212858200073242,6.177530288696289,6.2143049240112305,6.242199897766113
qpack_mcp|row1026,qpack_mcp,0,6.461522579193115,6.2143049240112305,0.24721765518188477,6.177530288696289,6.2143049240112305,6.242199897766113
qpack_mcp|row1027,qpack_mcp,0,6.867517471313477,6.2143049240112305,0.6532125473022461,6.177530288696289,6.2143049240112305,6.242199897766113
qpack_mcp|row1028,qpack_mcp,0,6.563784599304199,6.2143049240112305,0.34947967529296875,6.177530288696289,6.2143049240112305,6.242199897766113
qpack_mcp|row1029,qpack_mcp,0,7.102104187011719,6.2143049240112305,0.8877992630004883,6.177532196044922,6.2143049240112305,6.242199897766113
qpack_mcp|row1030,qpack_mcp,0,7.019223213195801,6.2143049240112305,0.8049182891845703,6.177532196044922,6.2143049240112305,6.242199897766113
qpack_mcp|row1031,qpack_mcp,0,6.912353992462158,6.2143049240112305,0.6980490684509277,6.177530288696289,6.2143049240112305,6.242199897766113
qpack_mcp|row1032,qpack_mcp,0,7.5615105628967285,6.2143049240112305,1.347205638885498,6.177529335021973,6.2143049240112305,6.242199897766113
qpack_mcp|row1033,qpack_mcp,0,7.4229888916015625,6.214304447174072,1.2086844444274902,6.177530288696289,6.214304447174072,6.242199897766113
qpack_mcp|row1034,qpack_mcp,0,6.680108070373535,6.2143049240112305,0.4658031463623047,6.177530288696289,6.2143049240112305,6.242199897766113
qpack_mcp|row1035,qpack_mcp,0,7.24138069152832,6.2143049240112305,1.0270757675170898,6.177530288696289,6.2143049240112305,6.242199897766113
qpack_mcp|row1036,qpack_mcp,0,6.705732822418213,6.2143049240112305,0.4914278984069824,6.177530288696289,6.2143049240112305,6.242199897766113
qpack_mcp|row1037,qpack_mcp,0,6.920617580413818,6.214304447174072,0.7063131332397461,6.177530288696289,6.214304447174072,6.242199897766113
qpack_mcp|row1038,qpack_mcp,0,7.832762718200684,6.214304447174072,1.6184582710266113,6.177530288696289,6.214304447174072,6.242199897766113
qpack_mcp|row1039,qpack_mcp,0,7.111289024353027,6.2143049240112305,0.8969841003417969,6.177530288696289,6.2143049240112305,6.242199897766113
qpack_mcp|row1040,qpack_mcp,0,6.739584922790527,6.2143049240112305,0.5252799987792969,6.177530288696289,6.2143049240112305,6.242199897766113
qpack_mcp|row1041,qpack_mcp,0,7.499291896820068,6.2143049240112305,1.284986972808838,6.177530288696289,6.2143049240112305,6.242199897766113
qpack_mcp|row1042,qpack_mcp,0,7.116682052612305,6.2143049240112305,0.9023771286010742,6.177530288696289,6.2143049240112305,6.242199897766113
qpack_mcp|row1043,qpack_mcp,0,6.698568344116211,6.214304447174072,0.48426389694213867,6.177530288696289,6.214304447174072,6.242199897766113
qpack_mcp|row1044,qpack_mcp,0,6.888509750366211,6.214304447174072,0.6742053031921387,6.177530288696289,6.214304447174072,6.242199897766113
qpack_mcp|row1045,qpack_mcp,0,6.497960090637207,6.2143049240112305,0.28365516662597656,6.177530288696289,6.2143049240112305,6.242199897766113
qpack_mcp|row1046,qpack_mcp,0,6.835855007171631,6.2143049240112305,0.6215500831604004,6.177530288696289,6.2143049240112305,6.242199897766113
qpack_mcp|row1047,qpack_mcp,0,6.9313249588012695,6.2143049240112305,0.7170200347900391,6.177530288696289,6.2143049240112305,6.242199897766113
qpack_mcp|row1048,qpack_mcp,0,6.448666572570801,6.2143049240112305,0.2343616485595703,6.177530288696289,6.2143049240112305,6.242199897766113
qpack_mcp|row1049,qpack_mcp,0,6.532627582550049,6.2143049240112305,0.31832265853881836,6.177530288696289,6.2143049240112305,6.242199897766113
qpack_mcp|row1050,qpack_mcp,0,6.846833229064941,6.2143049240112305,0.6325283050537109,6.177530288696289,6.2143049240112305,6.242199897766113
qpack_mcp|row1051,qpack_mcp,0,6.702834606170654,6.2143049240112305,0.48852968215942383,6.177530288696289,6.2143049240112305,6.242199897766113
qpack_mcp|row1052,qpack_mcp,0,6.572018146514893,6.2143049240112305,0.3577132225036621,6.177532196044922,6.2143049240112305,6.242199897766113
qpack_mcp|row1053,qpack_mcp,0,7.4622802734375,6.214304447174072,1.2479758262634277,6.177530288696289,6.214304447174072,6.242199897766113
qpack_mcp|row1054,qpack_mcp,0,7.388171195983887,6.2143049240112305,1.1738662719726562,6.177530288696289,6.2143049240112305,6.242199897766113
qpack_mcp|row1055,qpack_mcp,0,7.389182090759277,6.2143049240112305,1.1748771667480469,6.177530288696289,6.2143049240112305,6.242199897766113
qpack_mcp|row1056,qpack_mcp,0,6.919924736022949,6.2143049240112305,0.7056198120117188,6.177530288696289,6.2143049240112305,6.242199897766113
qpack_mcp|row1057,qpack_mcp,0,6.739418029785156,6.2143049240112305,0.5251131057739258,6.177532196044922,6.2143049240112305,6.242199897766113
qpack_mcp|row1058,qpack_mcp,0,6.927681922912598,6.2143049240112305,0.7133769989013672,6.177530288696289,6.2143049240112305,6.242199897766113
qpack_mcp|row1059,qpack_mcp,0,6.878530025482178,6.2143049240112305,0.6642251014709473,6.177530288696289,6.2143049240112305,6.242199897766113
qpack_mcp|row1060,qpack_mcp,0,6.6008758544921875,6.214304447174072,0.38657140731811523,6.177530288696289,6.214304447174072,6.242199897766113
qpack_mcp|row1061,qpack_mcp,0,7.1066575050354,6.2143049240112305,0.8923525810241699,6.177530288696289,6.2143049240112305,6.242199897766113
qpack_mcp|row1062,qpack_mcp,0,6.736935138702393,6.2143049240112305,0.5226302146911621,6.177532196044922,6.2143049240112305,6.242199897766113
qpack_mcp|row1063,qpack_mcp,0,7.010822296142578,6.2143049240112305,0.7965173721313477,6.177530288696289,6.2143049240112305,6.242199897766113
qpack_mcp|row11,qpack_mcp,0,6.625279426574707,5.204858779907227,1.4204206466674805,5.378159046173096,5.137813568115234,5.204858779907227
qpack_mcp|row12,qpack_mcp,0,6.800112247467041,5.204858779907227,1.5952534675598145,5.378159046173096,5.137813568115234,5.204858779907227
qpack_mcp|row13,qpack_mcp,0,7.1017303466796875,5.204858779907227,1.896871566772461,5.378159046173096,5.137813568115234,5.204858779907227
qpack_mcp|row14,qpack_mcp,0,6.643679618835449,5.204858779907227,1.4388208389282227,5.378159046173096,5.137813568115234,5.204858779907227
qpack_mcp|row15,qpack_mcp,0,6.85584831237793,5.204858779907227,1.6509895324707031,5.378159046173096,5.137813568115234,5.204858779907227
qpack_mcp|row16,qpack_mcp,0,6.929637432098389,5.204858779907227,1.724778652191162,5.378159046173096,5.137813568115234,5.204858779907227
qpack_mcp|row1674,qpack_mcp,0,6.719681739807129,5.585853576660156,1.1338281631469727,5.650805473327637,5.544151306152344,5.585853576660156
qpack_mcp|row1675,qpack_mcp,0,6.734168529510498,5.58585262298584,1.1483159065246582,5.650805473327637,5.544151306152344,5.58585262298584
qpack_mcp|row1676,qpack_mcp,0,6.645176887512207,5.585853576660156,1.0593233108520508,5.650805473327637,5.544151306152344,5.585853576660156
qpack_mcp|row1677,qpack_mcp,0,7.101119041442871,5.58585262298584,1.5152664184570312,5.650805473327637,5.544151306152344,5.58585262298584
qpack_mcp|row1678,qpack_mcp,0,7.00989294052124,5.585853576660156,1.424039363861084,5.650805473327637,5.544151306152344,5.585853576660156
qpack_mcp|row1679,qpack_mcp,0,7.018319129943848,5.58585262298584,1.4324665069580078,5.650805473327637,5.544151306152344,5.58585262298584
qpack_mcp|row1680,qpack_mcp,0,7.0240912437438965,5.585853576660156,1.4382376670837402,5.650805473327637,5.544151306152344,5.585853576660156
qpack_mcp|row1681,qpack_mcp,0,6.952530860900879,5.58585262298584,1.366678237915039,5.650805473327637,5.544151306152344,5.58585262298584
qpack_mcp|row1682,qpack_mcp,0,7.2277679443359375,5.585853576660156,1.6419143676757812,5.650805473327637,5.544151306152344,5.585853576660156
qpack_mcp|row1683,qpack_mcp,0,6.789399147033691,5.58585262298584,1.2035465240478516,5.650805473327637,5.544151306152344,5.58585262298584
qpack_mcp|row1684,qpack_mcp,0,6.786683082580566,5.585853576660156,1.2008295059204102,5.650805473327637,5.544151306152344,5.585853576660156
qpack_mcp|row1685,qpack_mcp,0,6.706423759460449,5.58585262298584,1.1205711364746094,5.650805473327637,5.544151306152344,5.58585262298584
qpack_mcp|row1686,qpack_mcp,0,6.831333160400391,5.585853576660156,1.2454795837402344,5.650805473327637,5.544151306152344,5.585853576660156
qpack_mcp|row1687,qpack_mcp,0,6.649101257324219,5.58585262298584,1.063248634338379,5.650805473327637,5.544151306152344,5.58585262298584
qpack_mcp|row1688,qpack_mcp,0,6.692131996154785,5.585853576660156,1.106278419494629,5.650805473327637,5.544151306152344,5.585853576660156
qpack_mcp|row1689,qpack_mcp,0,6.670664310455322,5.58585262298584,1.0848116874694824,5.650805473327637,5.544151306152344,5.58585262298584
qpack_mcp|row1690,qpack_mcp,0,6.660938739776611,5.58585262298584,1.0750861167907715,5.650805473327637,5.544151306152344,5.58585262298584
qpack_mcp|row1691,qpack_mcp,0,6.686328887939453,5.58585262298584,1.1004762649536133,5.650805473327637,5.544151306152344,5.58585262298584
qpack_mcp|row1692,qpack_mcp,0,6.698945999145508,5.585853576660156,1.1130924224853516,5.650805473327637,5.544151306152344,5.585853576660156
qpack_mcp|row1693,qpack_mcp,0,6.769430160522461,5.58585262298584,1.183577537536621,5.650805473327637,5.544151306152344,5.58585262298584
qpack_mcp|row1694,qpack_mcp,0,6.7630839347839355,5.585853576660156,1.1772303581237793,5.650805473327637,5.544151306152344,5.585853576660156
qpack_mcp|row1695,qpack_mcp,0,6.718788146972656,5.58585262298584,1.1329355239868164,5.650805473327637,5.544151306152344,5.58585262298584
qpack_mcp|row1696,qpack_mcp,0,6.696383476257324,5.585853576660156,1.110529899597168,5.650805473327637,5.544151306152344,5.585853576660156
qpack_mcp|row1697,qpack_mcp,0,6.670869827270508,5.58585262298584,1.085017204284668,5.650805473327637,5.544151306152344,5.58585262298584
qpack_mcp|row1698,qpack_mcp,0,6.734383583068848,5.585853576660156,1.1485300064086914,5.650805473327637,5.544151306152344,5.585853576660156
qpack_mcp|row1699,qpack_mcp,0,6.7420783042907715,5.58585262298584,1.1562256813049316,5.650805473327637,5.544151306152344,5.58585262298584
qpack_mcp|row17,qpack_mcp,0,6.863692283630371,5.204858779907227,1.6588335037231445,5.378159046173096,5.137813568115234,5.204858779907227
qpack_mcp|row1700,qpack_mcp,0,7.111223220825195,5.58585262298584,1.5253705978393555,5.650805473327637,5.544151306152344,5.58585262298584
qpack_mcp|row1701,qpack_mcp,0,6.683773040771484,5.58585262298584,1.0979204177856445,5.650805473327637,5.544151306152344,5.58585262298584
qpack_mcp|row1702,qpack_mcp,0,6.632325172424316,5.585853576660156,1.0464715957641602,5.650805473327637,5.544151306152344,5.585853576660156
qpack_mcp|row1703,qpack_mcp,0,6.89381217956543,5.58585262298584,1.3079595565795898,5.650805473327637,5.544151306152344,5.58585262298584
qpack_mcp|row1704,qpack_mcp,0,6.818636894226074,5.585853576660156,1.232783317565918,5.650805473327637,5.544151306152344,5.585853576660156
qpack_mcp|row1705,qpack_mcp,0,6.664314270019531,5.58585262298584,1.0784616470336914,5.650805473327637,5.544151306152344,5.58585262298584
qpack_mcp|row1706,qpack_mcp,0,6.605647563934326,5.58585262298584,1.0197949409484863,5.650805473327637,5.544151306152344,5.58585262298584
qpack_mcp|row1707,qpack_mcp,0,6.779122352600098,5.58585262298584,1.1932697296142578,5.650805473327637,5.544151306152344,5.58585262298584
qpack_mcp|row1708,qpack_mcp,0,6.8285231590271,5.585853576660156,1.2426695823669434,5.650805473327637,5.544151306152344,5.585853576660156
qpack_mcp|row1709,qpack_mcp,0,6.646738052368164,5.58585262298584,1.0608854293823242,5.650805473327637,5.544151306152344,5.58585262298584
qpack_mcp|row1710,qpack_mcp,0,6.748142242431641,5.585853576660156,1.1622886657714844,5.650805473327637,5.544151306152344,5.585853576660156
qpack_mcp|row1711,qpack_mcp,0,6.787896156311035,5.58585262298584,1.2020435333251953,5.650805473327637,5.544151306152344,5.58585262298584
qpack_mcp|row1712,qpack_mcp,0,7.214445114135742,5.58585262298584,1.6285924911499023,5.650805473327637,5.544151306152344,5.58585262298584
qpack_mcp|row1713,qpack_mcp,0,7.024413108825684,5.58585262298584,1.4385604858398438,5.650805473327637,5.544151306152344,5.58585262298584
qpack_mcp|row1714,qpack_mcp,0,6.635188102722168,5.585853576660156,1.0493345260620117,5.650805473327637,5.544151306152344,5.585853576660156
qpack_mcp|row1715,qpack_mcp,0,6.755779266357422,5.58585262298584,1.169926643371582,5.650805473327637,5.544151306152344,5.58585262298584
qpack_mcp|row1716,qpack_mcp,0,6.691597938537598,5.58585262298584,1.1057453155517578,5.650805473327637,5.544151306152344,5.58585262298584
qpack_mcp|row1717,qpack_mcp,0,6.718888759613037,5.58585262298584,1.1330361366271973,5.650805473327637,5.544151306152344,5.58585262298584
qpack_mcp|row1718,qpack_mcp,0,6.619298934936523,5.585853576660156,1.0334453582763672,5.650805473327637,5.544151306152344,5.585853576660156
qpack_mcp|row1719,qpack_mcp,0,6.817538261413574,5.58585262298584,1.2316856384277344,5.650805473327637,5.544151306152344,5.58585262298584
qpack_mcp|row1720,qpack_mcp,0,6.673861503601074,5.585853576660156,1.088007926940918,5.650805473327637,5.544151306152344,5.585853576660156
qpack_mcp|row1721,qpack_mcp,0,6.778129577636719,5.58585262298584,1.192276954650879,5.650805473327637,5.544151306152344,5.58585262298584
qpack_mcp|row1722,qpack_mcp,0,6.693842887878418,5.585853576660156,1.1079893112182617,5.650805473327637,5.544151306152344,5.585853576660156
qpack_mcp|row1723,qpack_mcp,0,6.705523490905762,5.58585262298584,1.1196708679199219,5.650805473327637,5.544151306152344,5.58585262298584
qpack_mcp|row1724,qpack_mcp,0,6.683994293212891,5.585853576660156,1.0981407165527344,5.650805473327637,5.544151306152344,5.585853576660156
qpack_mcp|row1725,qpack_mcp,0,7.1050262451171875,5.58585262298584,1.5191736221313477,5.650805473327637,5.544151306152344,5.58585262298584
qpack_mcp|row1726,qpack_mcp,0,7.028712272644043,5.585853576660156,1.4428586959838867,5.650805473327637,5.544151306152344,5.585853576660156
qpack_mcp|row1727,qpack_mcp,0,7.058863639831543,5.58585262298584,1.4730110168457031,5.650805473327637,5.544151306152344,5.58585262298584
qpack_mcp|row1728,qpack_mcp,0,7.243498802185059,5.585853576660156,1.6576452255249023,5.650805473327637,5.544151306152344,5.585853576660156
qpack_mcp|row1729,qpack_mcp,0,7.617513656616211,5.58585262298584,2.031661033630371,5.650805473327637,5.544151306152344,5.58585262298584
qpack_mcp|row173,qpack_mcp,0,6.5134596824646,5.585853576660156,0.9276061058044434,5.650805473327637,5.544151306152344,5.585853576660156
qpack_mcp|row1730,qpack_mcp,0,6.806670665740967,5.585853576660156,1.2208170890808105,5.650805473327637,5.544151306152344,5.585853576660156
qpack_mcp|row1731,qpack_mcp,0,6.715956687927246,5.58585262298584,1.1301040649414062,5.650805473327637,5.544151306152344,5.58585262298584
qpack_mcp|row1732,qpack_mcp,0,6.639439582824707,5.585853576660156,1.0535860061645508,5.650805473327637,5.544151306152344,5.585853576660156
qpack_mcp|row1733,qpack_mcp,0,6.683111190795898,5.585853576660156,1.0972576141357422,5.650805473327637,5.544151306152344,5.585853576660156
qpack_mcp|row1734,qpack_mcp,0,6.612841606140137,5.585853576660156,1.0269880294799805,5.650805473327637,5.544151306152344,5.585853576660156
qpack_mcp|row1735,qpack_mcp,0,6.709869861602783,5.58585262298584,1.1240172386169434,5.650805473327637,5.544151306152344,5.58585262298584
qpack_mcp|row1736,qpack_mcp,0,6.582298278808594,5.585853576660156,0.9964447021484375,5.650805473327637,5.544151306152344,5.585853576660156
qpack_mcp|row1737,qpack_mcp,0,6.7490949630737305,5.58585262298584,1.1632423400878906,5.650805473327637,5.544151306152344,5.58585262298584
qpack_mcp|row1738,qpack_mcp,0,6.714014053344727,5.585853576660156,1.1281604766845703,5.650805473327637,5.544151306152344,5.585853576660156
qpack_mcp|row1739,qpack_mcp,0,6.623358726501465,5.585853576660156,1.0375051498413086,5.650805473327637,5.544151306152344,5.585853576660156
qpack_mcp|row174,qpack_mcp,0,7.126587390899658,5.585853576660156,1.540733814239502,5.650805473327637,5.544151306152344,5.585853576660156
qpack_mcp|row1740,qpack_mcp,0,6.594661235809326,5.585853576660156,1.00880765914917,5.650805473327637,5.544151306152344,5.585853576660156
qpack_mcp|row1741,qpack_mcp,0,6.700969696044922,5.585853576660156,1.1151161193847656,5.650805473327637,5.544151306152344,5.585853576660156
qpack_mcp|row1742,qpack_mcp,0,6.701350212097168,5.585853576660156,1.1154966354370117,5.650805473327637,5.544151306152344,5.585853576660156
qpack_mcp|row1743,qpack_mcp,0,6.831263065338135,5.585853576660156,1.2454094886779785,5.650805473327637,5.544151306152344,5.585853576660156
qpack_mcp|row1744,qpack_mcp,0,6.746824741363525,5.58585262298584,1.1609721183776855,5.650805473327637,5.544151306152344,5.58585262298584
qpack_mcp|row1745,qpack_mcp,0,6.780323028564453,5.585853576660156,1.1944694519042969,5.650805473327637,5.544151306152344,5.585853576660156
qpack_mcp|row1746,qpack_mcp,0,6.640565395355225,5.585853576660156,1.0547118186950684,5.650805473327637,5.544151306152344,5.585853576660156
qpack_mcp|row1747,qpack_mcp,0,6.860128402709961,5.585853576660156,1.2742748260498047,5.650805473327637,5.544151306152344,5.585853576660156
qpack_mcp|row1748,qpack_mcp,0,6.790178298950195,5.58585262298584,1.2043256759643555,5.650805473327637,5.544151306152344,5.58585262298584
qpack_mcp|row1749,qpack_mcp,0,6.615930557250977,5.585853576660156,1.0300769805908203,5.650805473327637,5.544151306152344,5.585853576660156
qpack_mcp|row175,qpack_mcp,0,7.2396955490112305,5.58585262298584,1.6538429260253906,5.650805473327637,5.544151306152344,5.58585262298584
qpack_mcp|row1750,qpack_mcp,0,6.615326881408691,5.585853576660156,1.0294733047485352,5.650805473327637,5.544151306152344,5.585853576660156
qpack_mcp|row1751,qpack_mcp,0,7.068154335021973,5.585853576660156,1.4823007583618164,5.650805473327637,5.544151306152344,5.585853576660156
qpack_mcp|row1752,qpack_mcp,0,7.042640209197998,5.585853576660156,1.4567866325378418,5.650805473327637,5.544151306152344,5.585853576660156
qpack_mcp|row1753,qpack_mcp,0,6.979294776916504,5.585853576660156,1.3934412002563477,5.650805473327637,5.544151306152344,5.585853576660156
qpack_mcp|row1754,qpack_mcp,0,7.1993560791015625,5.585853576660156,1.6135025024414062,5.650805473327637,5.544151306152344,5.585853576660156
qpack_mcp|row1755,qpack_mcp,0,6.882848739624023,5.58585262298584,1.2969961166381836,5.650805473327637,5.544151306152344,5.58585262298584
qpack_mcp|row1756,qpack_mcp,0,7.227550983428955,5.585853576660156,1.6416974067687988,5.650805473327637,5.544151306152344,5.585853576660156
qpack_mcp|row1757,qpack_mcp,0,7.045217514038086,5.585853576660156,1.4593639373779297,5.650805473327637,5.544151306152344,5.585853576660156
qpack_mcp|row1758,qpack_mcp,0,6.825100898742676,5.585853576660156,1.2392473220825195,5.650805473327637,5.544151306152344,5.585853576660156
qpack_mcp|row1759,qpack_mcp,0,6.760064125061035,5.585853576660156,1.174210548400879,5.650805473327637,5.544151306152344,5.585853576660156
qpack_mcp|row176,qpack_mcp,0,7.3354902267456055,5.585853576660156,1.7496366500854492,5.650805473327637,5.544151306152344,5.585853576660156
qpack_mcp|row1760,qpack_mcp,0,6.7680768966674805,5.58585262298584,1.1822242736816406,5.650805473327637,5.544151306152344,5.58585262298584
qpack_mcp|row1761,qpack_mcp,0,6.833169937133789,5.585853576660156,1.2473163604736328,5.650805473327637,5.544151306152344,5.585853576660156
qpack_mcp|row1762,qpack_mcp,0,6.61428165435791,5.585853576660156,1.028428077697754,5.650805473327637,5.544151306152344,5.585853576660156
qpack_mcp|row1763,qpack_mcp,0,6.6994547843933105,5.585853576660156,1.1136012077331543,5.650805473327637,5.544151306152344,5.585853576660156
qpack_mcp|row1764,qpack_mcp,0,6.951464653015137,5.58585262298584,1.3656120300292969,5.650805473327637,5.544151306152344,5.58585262298584
qpack_mcp|row1765,qpack_mcp,0,6.7684221267700195,5.585853576660156,1.1825685501098633,5.650805473327637,5.544151306152344,5.585853576660156
qpack_mcp|row1766,qpack_mcp,0,6.667431354522705,5.58585262298584,1.0815787315368652,5.650805473327637,5.544151306152344,5.58585262298584
qpack_mcp|row1767,qpack_mcp,0,6.798462867736816,5.585853576660156,1.2126092910766602,5.650805473327637,5.544151306152344,5.585853576660156
qpack_mcp|row1768,qpack_mcp,0,6.713085651397705,5.585853576660156,1.1272320747375488,5.650805473327637,5.544151306152344,5.585853576660156
qpack_mcp|row1769,qpack_mcp,0,6.72976541519165,5.585853576660156,1.1439118385314941,5.650805473327637,5.544151306152344,5.585853576660156
qpack_mcp|row177,qpack_mcp,0,6.751145362854004,5.585853576660156,1.1652917861938477,5.650805473327637,5.544151306152344,5.585853576660156
qpack_mcp|row1770,qpack_mcp,0,6.832601547241211,5.585853576660156,1.2467479705810547,5.650805473327637,5.544151306152344,5.585853576660156
qpack_mcp|row1771,qpack_mcp,0,6.603968143463135,5.585853576660156,1.0181145668029785,5.650805473327637,5.544151306152344,5.585853576660156
qpack_mcp|row1772,qpack_mcp,0,6.670845985412598,5.585853576660156,1.0849924087524414,5.650805473327637,5.544151306152344,5.585853576660156
qpack_mcp|row1773,qpack_mcp,0,6.764229774475098,5.58585262298584,1.1783771514892578,5.650805473327637,5.544151306152344,5.58585262298584
qpack_mcp|row1774,qpack_mcp,0,6.983349323272705,5.585853576660156,1.3974957466125488,5.650805473327637,5.544151306152344,5.585853576660156
qpack_mcp|row1775,qpack_mcp,0,6.715218544006348,5.585853576660156,1.1293649673461914,5.650805473327637,5.544151306152344,5.585853576660156
qpack_mcp|row1776,qpack_mcp,0,6.7675065994262695,5.585853576660156,1.1816530227661133,5.650805473327637,5.544151306152344,5.585853576660156
qpack_mcp|row1777,qpack_mcp,0,6.812021255493164,5.58585262298584,1.2261686325073242,5.650805473327637,5.544151306152344,5.58585262298584
qpack_mcp|row1778,qpack_mcp,0,7.24979305267334,5.585853576660156,1.6639394760131836,5.650805473327637,5.544151306152344,5.585853576660156
qpack_mcp|row1779,qpack_mcp,0,7.0939507484436035,5.585853576660156,1.5080971717834473,5.650805473327637,5.544151306152344,5.585853576660156
qpack_mcp|row178,qpack_mcp,0,7.212240219116211,5.585853576660156,1.6263866424560547,5.650805473327637,5.544151306152344,5.585853576660156
qpack_mcp|row1780,qpack_mcp,0,6.8377790451049805,5.585853576660156,1.2519254684448242,5.650805473327637,5.544151306152344,5.585853576660156
qpack_mcp|row1781,qpack_mcp,0,6.756837844848633,5.585853576660156,1.1709842681884766,5.650805473327637,5.544151306152344,5.585853576660156
qpack_mcp|row1782,qpack_mcp,0,6.914521217346191,5.585853576660156,1.3286676406860352,5.650805473327637,5.544151306152344,5.585853576660156
qpack_mcp|row1783,qpack_mcp,0,6.726091384887695,5.585853576660156,1.140237808227539,5.650805473327637,5.544151306152344,5.585853576660156
qpack_mcp|row1784,qpack_mcp,0,6.665158271789551,5.58585262298584,1.079305648803711,5.650805473327637,5.544151306152344,5.58585262298584
qpack_mcp|row1785,qpack_mcp,0,6.574593544006348,5.585853576660156,0.9887399673461914,5.650805473327637,5.544151306152344,5.585853576660156
qpack_mcp|row1786,qpack_mcp,0,6.604909896850586,5.58585262298584,1.019057273864746,5.650805473327637,5.544151306152344,5.58585262298584
qpack_mcp|row1787,qpack_mcp,0,6.5805253982543945,5.585853576660156,0.9946718215942383,5.650805473327637,5.544151306152344,5.585853576660156
qpack_mcp|row1788,qpack_mcp,0,6.945880889892578,5.585853576660156,1.3600273132324219,5.650805473327637,5.544151306152344,5.585853576660156
qpack_mcp|row1789,qpack_mcp,0,6.7266845703125,5.585853576660156,1.1408309936523438,5.650805473327637,5.544151306152344,5.585853576660156
qpack_mcp|row179,qpack_mcp,0,6.893086910247803,5.58585262298584,1.307234287261963,5.650805473327637,5.544151306152344,5.58585262298584
qpack_mcp|row1790,qpack_mcp,0,6.697704792022705,5.585853576660156,1.1118512153625488,5.650805473327637,5.544151306152344,5.585853576660156
qpack_mcp|row1791,qpack_mcp,0,6.62542724609375,5.585853576660156,1.0395736694335938,5.650805473327637,5.544151306152344,5.585853576660156
qpack_mcp|row1792,qpack_mcp,0,6.650786399841309,5.585853576660156,1.0649328231811523,5.650805473327637,5.544151306152344,5.585853576660156
qpack_mcp|row1793,qpack_mcp,0,6.7537736892700195,5.58585262298584,1.1679210662841797,5.650805473327637,5.544151306152344,5.58585262298584
qpack_mcp|row1794,qpack_mcp,0,6.6412672996521,5.585853576660156,1.0554137229919434,5.650805473327637,5.544151306152344,5.585853576660156
qpack_mcp|row1795,qpack_mcp,0,6.657815933227539,5.58585262298584,1.0719633102416992,5.650805473327637,5.544151306152344,5.58585262298584
qpack_mcp|row1796,qpack_mcp,0,6.735622882843018,5.585853576660156,1.1497693061828613,5.650805473327637,5.544151306152344,5.585853576660156
qpack_mcp|row1797,qpack_mcp,0,6.818825721740723,5.585853576660156,1.2329721450805664,5.650805473327637,5.544151306152344,5.585853576660156
qpack_mcp|row1798,qpack_mcp,0,6.632525444030762,5.585853576660156,1.0466718673706055,5.650805473327637,5.544151306152344,5.585853576660156
qpack_mcp|row1799,qpack_mcp,0,6.830075263977051,5.585853576660156,1.2442216873168945,5.650805473327637,5.544151306152344,5.585853576660156
qpack_mcp|row18,qpack_mcp,0,6.906149864196777,5.204858779907227,1.7012910842895508,5.378159046173096,5.137813568115234,5.204858779907227
qpack_mcp|row180,qpack_mcp,0,6.643382549285889,5.58585262298584,1.0575299263000488,5.650805473327637,5.544151306152344,5.58585262298584
qpack_mcp|row1800,qpack_mcp,0,6.934563636779785,5.58585262298584,1.3487110137939453,5.650805473327637,5.544151306152344,5.58585262298584
qpack_mcp|row1801,qpack_mcp,0,6.770957946777344,5.585853576660156,1.1851043701171875,5.650805473327637,5.544151306152344,5.585853576660156
qpack_mcp|row1802,qpack_mcp,0,6.622070789337158,5.58585262298584,1.0362181663513184,5.650805473327637,5.544151306152344,5.58585262298584
qpack_mcp|row1803,qpack_mcp,0,6.635715961456299,5.58585262298584,1.049863338470459,5.650805473327637,5.544151306152344,5.58585262298584
qpack_mcp|row1804,qpack_mcp,0,6.695775032043457,5.58585262298584,1.1099224090576172,5.650805473327637,5.544151306152344,5.58585262298584
qpack_mcp|row1805,qpack_mcp,0,6.639891147613525,5.585853576660156,1.0540375709533691,5.650805473327637,5.544151306152344,5.585853576660156
qpack_mcp|row1806,qpack_mcp,0,6.681268692016602,5.58585262298584,1.0954160690307617,5.650805473327637,5.544151306152344,5.58585262298584
qpack_mcp|row1807,qpack_mcp,0,6.577627658843994,5.585853576660156,0.9917740821838379,5.650805473327637,5.544151306152344,5.585853576660156
qpack_mcp|row1808,qpack_mcp,0,6.61580228805542,5.58585262298584,1.02994966506958,5.650805473327637,5.544151306152344,5.58585262298584
qpack_mcp|row1809,qpack_mcp,0,6.979294776916504,5.585853576660156,1.3934412002563477,5.650805473327637,5.544151306152344,5.585853576660156
qpack_mcp|row181,qpack_mcp,0,6.688175678253174,5.58585262298584,1.102323055267334,5.650805473327637,5.544151306152344,5.58585262298584
qpack_mcp|row1810,qpack_mcp,0,6.65324592590332,5.585853576660156,1.067392349243164,5.650805473327637,5.544151306152344,5.585853576660156
qpack_mcp|row1811,qpack_mcp,0,6.786210536956787,5.58585262298584,1.2003579139709473,5.650805473327637,5.544151306152344,5.58585262298584
qpack_mcp|row1812,qpack_mcp,0,6.822531700134277,5.585853576660156,1.236678123474121,5.650805473327637,5.544151306152344,5.585853576660156
qpack_mcp|row1813,qpack_mcp,0,6.653534889221191,5.58585262298584,1.0676822662353516,5.650805473327637,5.544151306152344,5.58585262298584
qpack_mcp|row1814,qpack_mcp,0,6.753325939178467,5.585853576660156,1.1674723625183105,5.650805473327637,5.544151306152344,5.585853576660156
qpack_mcp|row1815,qpack_mcp,0,6.695588111877441,5.58585262298584,1.1097354888916016,5.650805473327637,5.544151306152344,5.58585262298584
qpack_mcp|row1816,qpack_mcp,0,6.872397422790527,5.585853576660156,1.286543846130371,5.650805473327637,5.544151306152344,5.585853576660156
qpack_mcp|row1817,qpack_mcp,0,6.5514092445373535,5.585853576660156,0.9655556678771973,5.650805473327637,5.544151306152344,5.585853576660156
qpack_mcp|row1818,qpack_mcp,0,6.770394325256348,5.58585262298584,1.1845417022705078,5.650805473327637,5.544151306152344,5.58585262298584
qpack_mcp|row1819,qpack_mcp,0,6.711762428283691,5.585853576660156,1.1259088516235352,5.650805473327637,5.544151306152344,5.585853576660156
qpack_mcp|row182,qpack_mcp,0,6.986215591430664,5.585853576660156,1.4003620147705078,5.650805473327637,5.544151306152344,5.585853576660156
qpack_mcp|row1820,qpack_mcp,0,6.642049789428711,5.585853576660156,1.0561962127685547,5.650805473327637,5.544151306152344,5.585853576660156
qpack_mcp|row1821,qpack_mcp,0,6.536664962768555,5.58585262298584,0.9508123397827148,5.650805473327637,5.544151306152344,5.58585262298584
qpack_mcp|row1822,qpack_mcp,0,6.865780830383301,5.585853576660156,1.2799272537231445,5.650805473327637,5.544151306152344,5.585853576660156
qpack_mcp|row1823,qpack_mcp,0,6.552398681640625,5.58585262298584,0.9665460586547852,5.650805473327637,5.544151306152344,5.58585262298584
qpack_mcp|row1824,qpack_mcp,0,6.685179233551025,5.585853576660156,1.0993256568908691,5.650805473327637,5.544151306152344,5.585853576660156
qpack_mcp|row1825,qpack_mcp,0,6.614383697509766,5.585853576660156,1.0285301208496094,5.650805473327637,5.544151306152344,5.585853576660156
qpack_mcp|row1826,qpack_mcp,0,6.7573981285095215,5.585853576660156,1.1715445518493652,5.650805473327637,5.544151306152344,5.585853576660156
qpack_mcp|row1827,qpack_mcp,0,6.7224321365356445,5.585853576660156,1.1365785598754883,5.650805473327637,5.544151306152344,5.585853576660156
qpack_mcp|row1828,qpack_mcp,0,6.595791816711426,5.585853576660156,1.0099382400512695,5.650805473327637,5.544151306152344,5.585853576660156
qpack_mcp|row1829,qpack_mcp,0,6.737226963043213,5.585853576660156,1.1513733863830566,5.650805473327637,5.544151306152344,5.585853576660156
qpack_mcp|row183,qpack_mcp,0,7.107114791870117,5.585853576660156,1.521261215209961,5.650805473327637,5.544151306152344,5.585853576660156
qpack_mcp|row1830,qpack_mcp,0,6.761183738708496,5.58585262298584,1.1753311157226562,5.650805473327637,5.544151306152344,5.58585262298584
qpack_mcp|row1831,qpack_mcp,0,6.999738693237305,5.585853576660156,1.4138851165771484,5.650805473327637,5.544151306152344,5.585853576660156
qpack_mcp|row1832,qpack_mcp,0,7.028305530548096,5.585853576660156,1.4424519538879395,5.650805473327637,5.544151306152344,5.585853576660156
qpack_mcp|row1833,qpack_mcp,0,7.081819534301758,5.585853576660156,1.4959659576416016,5.650805473327637,5.544151306152344,5.585853576660156
qpack_mcp|row1834,qpack_mcp,0,6.985387802124023,5.58585262298584,1.3995351791381836,5.650805473327637,5.544151306152344,5.58585262298584
qpack_mcp|row1835,qpack_mcp,0,6.791698455810547,5.585853576660156,1.2058448791503906,5.650805473327637,5.544151306152344,5.585853576660156
qpack_mcp|row1836,qpack_mcp,0,6.607608795166016,5.585853576660156,1.0217552185058594,5.650805473327637,5.544151306152344,5.585853576660156
qpack_mcp|row1837,qpack_mcp,0,6.972123146057129,5.585853576660156,1.3862695693969727,5.650805473327637,5.544151306152344,5.585853576660156
qpack_mcp|row1838,qpack_mcp,0,6.634929656982422,5.58585262298584,1.049077033996582,5.650805473327637,5.544151306152344,5.58585262298584
qpack_mcp|row1839,qpack_mcp,0,6.875400543212891,5.585853576660156,1.2895469665527344,5.650805473327637,5.544151306152344,5.585853576660156
qpack_mcp|row184,qpack_mcp,0,6.674041748046875,5.585853576660156,1.0881881713867188,5.650805473327637,5.544151306152344,5.585853576660156
qpack_mcp|row1840,qpack_mcp,0,6.614220142364502,5.585853576660156,1.0283665657043457,5.650805473327637,5.544151306152344,5.585853576660156
qpack_mcp|row1841,qpack_mcp,0,6.733002185821533,5.58585262298584,1.1471495628356934,5.650805473327637,5.544151306152344,5.58585262298584
qpack_mcp|row1842,qpack_mcp,0,6.965093612670898,5.585853576660156,1.3792400360107422,5.650805473327637,5.544151306152344,5.585853576660156
qpack_mcp|row1843,qpack_mcp,0,6.890302658081055,5.585853576660156,1.3044490814208984,5.650805473327637,5.544151306152344,5.585853576660156
qpack_mcp|row1844,qpack_mcp,0,6.73595666885376,5.585853576660156,1.1501030921936035,5.650805473327637,5.544151306152344,5.585853576660156
qpack_mcp|row1845,qpack_mcp,0,6.733843803405762,5.585853576660156,1.1479902267456055,5.650805473327637,5.544151306152344,5.585853576660156
qpack_mcp|row1846,qpack_mcp,0,6.767848014831543,5.585853576660156,1.1819944381713867,5.650805473327637,5.544151306152344,5.585853576660156
qpack_mcp|row1847,qpack_mcp,0,6.807329177856445,5.58585262298584,1.2214765548706055,5.650805473327637,5.544151306152344,5.58585262298584
qpack_mcp|row1848,qpack_mcp,0,6.78024959564209,5.585853576660156,1.1943960189819336,5.650805473327637,5.544151306152344,5.585853576660156
qpack_mcp|row1849,qpack_mcp,0,6.668850898742676,5.585853576660156,1.0829973220825195,5.650805473327637,5.544151306152344,5.585853576660156
qpack_mcp|row185,qpack_mcp,0,7.303741455078125,5.585853576660156,1.7178878784179688,5.650805473327637,5.544151306152344,5.585853576660156
qpack_mcp|row1850,qpack_mcp,0,6.743109703063965,5.58585262298584,1.157257080078125,5.650805473327637,5.544151306152344,5.58585262298584
qpack_mcp|row186,qpack_mcp,0,7.040075302124023,5.585853576660156,1.4542217254638672,5.650805473327637,5.544151306152344,5.585853576660156
qpack_mcp|row187,qpack_mcp,0,6.7109808921813965,5.58585262298584,1.1251282691955566,5.650805473327637,5.544151306152344,5.58585262298584
qpack_mcp|row188,qpack_mcp,0,7.515104293823242,5.585853576660156,1.929250717163086,5.650805473327637,5.544151306152344,5.585853576660156
qpack_mcp|row189,qpack_mcp,0,6.771390914916992,5.585853576660156,1.185537338256836,5.650805473327637,5.544151306152344,5.585853576660156
qpack_mcp|row19,qpack_mcp,0,6.730255126953125,5.204858779907227,1.5253963470458984,5.378159046173096,5.137813568115234,5.204858779907227
qpack_mcp|row190,qpack_mcp,0,6.661078453063965,5.585853576660156,1.0752248764038086,5.650805473327637,5.544151306152344,5.585853576660156
qpack_mcp|row191,qpack_mcp,0,6.580705642700195,5.58585262298584,0.9948530197143555,5.650805473327637,5.544151306152344,5.58585262298584
qpack_mcp|row192,qpack_mcp,0,6.929292678833008,5.58585262298584,1.343440055847168,5.650805473327637,5.544151306152344,5.58585262298584
qpack_mcp|row193,qpack_mcp,0,6.578045845031738,5.58585262298584,0.9921932220458984,5.650805473327637,5.544151306152344,5.58585262298584
qpack_mcp|row194,qpack_mcp,0,6.780364036560059,5.58585262298584,1.1945114135742188,5.650805473327637,5.544151306152344,5.58585262298584
qpack_mcp|row195,qpack_mcp,0,7.231928825378418,5.58585262298584,1.6460762023925781,5.650805473327637,5.544151306152344,5.58585262298584
qpack_mcp|row196,qpack_mcp,0,6.845555305480957,5.58585262298584,1.2597026824951172,5.650805473327637,5.544151306152344,5.58585262298584
qpack_mcp|row197,qpack_mcp,0,6.942004680633545,5.58585262298584,1.356152057647705,5.650805473327637,5.544151306152344,5.58585262298584
qpack_mcp|row198,qpack_mcp,0,6.673089027404785,5.585853576660156,1.087235450744629,5.650805473327637,5.544151306152344,5.585853576660156
qpack_mcp|row199,qpack_mcp,0,6.631053447723389,5.58585262298584,1.0452008247375488,5.650805473327637,5.544151306152344,5.58585262298584
qpack_mcp|row2,qpack_mcp,0,6.599187850952148,5.204858779907227,1.3943290710449219,5.378159046173096,5.137813568115234,5.204858779907227
qpack_mcp|row20,qpack_mcp,0,6.906262397766113,5.204858779907227,1.7014036178588867,5.378159046173096,5.137813568115234,5.204858779907227
qpack_mcp|row200,qpack_mcp,0,6.81395149230957,5.585853576660156,1.228097915649414,5.650805473327637,5.544151306152344,5.585853576660156
qpack_mcp|row201,qpack_mcp,0,7.196758270263672,5.585853576660156,1.6109046936035156,5.650805473327637,5.544151306152344,5.585853576660156
qpack_mcp|row202,qpack_mcp,0,6.681618690490723,5.58585262298584,1.0957660675048828,5.650805473327637,5.544151306152344,5.58585262298584
qpack_mcp|row203,qpack_mcp,0,7.217099666595459,5.585853576660156,1.6312460899353027,5.650805473327637,5.544151306152344,5.585853576660156
qpack_mcp|row204,qpack_mcp,0,6.718772888183594,5.585853576660156,1.1329193115234375,5.650805473327637,5.544151306152344,5.585853576660156
qpack_mcp|row205,qpack_mcp,0,6.537336349487305,5.585853576660156,0.9514827728271484,5.650805473327637,5.544151306152344,5.585853576660156
qpack_mcp|row206,qpack_mcp,0,6.878344535827637,5.585853576660156,1.2924909591674805,5.650805473327637,5.544151306152344,5.585853576660156
qpack_mcp|row207,qpack_mcp,0,6.745368003845215,5.585853576660156,1.1595144271850586,5.650805473327637,5.544151306152344,5.585853576660156
qpack_mcp|row208,qpack_mcp,0,6.614638328552246,5.58585262298584,1.0287857055664062,5.650805473327637,5.544151306152344,5.58585262298584
qpack_mcp|row209,qpack_mcp,0,6.515280723571777,5.585853576660156,0.9294271469116211,5.650805473327637,5.544151306152344,5.585853576660156
qpack_mcp|row21,qpack_mcp,0,6.735771179199219,5.204858779907227,1.5309123992919922,5.378159046173096,5.137813568115234,5.204858779907227
qpack_mcp|row210,qpack_mcp,0,7.289490699768066,5.58585262298584,1.7036380767822266,5.650805473327637,5.544151306152344,5.58585262298584
qpack_mcp|row211,qpack_mcp,0,6.912888526916504,5.58585262298584,1.327035903930664,5.650805473327637,5.544151306152344,5.58585262298584
qpack_mcp|row2112,qpack_mcp,0,7.5635528564453125,7.040427207946777,0.5231256484985352,7.1477460861206055,6.960061073303223,7.040427207946777
qpack_mcp|row2113,qpack_mcp,0,7.135872840881348,7.040427207946777,0.09544563293457031,7.1477460861206055,6.96005916595459,7.040427207946777
qpack_mcp|row2114,qpack_mcp,0,7.220550060272217,7.040427207946777,0.18012285232543945,7.1477460861206055,6.960061073303223,7.040427207946777
qpack_mcp|row2115,qpack_mcp,0,7.372316837310791,7.040427207946777,0.33188962936401367,7.1477460861206055,6.960061073303223,7.040427207946777
qpack_mcp|row2116,qpack_mcp,0,6.836146354675293,7.040427207946777,0.20428085327148438,7.1477460861206055,6.960061073303223,7.040427207946777
qpack_mcp|row2117,qpack_mcp,0,6.8133544921875,7.040427207946777,0.22707271575927734,7.1477460861206055,6.960061073303223,7.040427207946777
qpack_mcp|row2118,qpack_mcp,0,7.204640865325928,7.040427207946777,0.1642136573791504,7.1477460861206055,6.96005916595459,7.040427207946777
qpack_mcp|row2119,qpack_mcp,0,7.13679313659668,7.040427207946777,0.09636592864990234,7.1477460861206055,6.96005916595459,7.040427207946777
qpack_mcp|row212,qpack_mcp,0,6.920265197753906,5.58585262298584,1.3344125747680664,5.650805473327637,5.544151306152344,5.58585262298584
qpack_mcp|row2120,qpack_mcp,0,7.109281539916992,7.040427207946777,0.06885433197021484,7.1477460861206055,6.960061073303223,7.040427207946777
qpack_mcp|row2121,qpack_mcp,0,7.338230133056641,7.040427207946777,0.2978029251098633,7.1477460861206055,6.960061073303223,7.040427207946777
qpack_mcp|row2122,qpack_mcp,0,7.016141891479492,7.040427207946777,0.024285316467285156,7.1477460861206055,6.96005916595459,7.040427207946777
qpack_mcp|row2123,qpack_mcp,0,6.949615478515625,7.040427207946777,0.09081172943115234,7.1477460861206055,6.960061073303223,7.040427207946777
qpack_mcp|row2124,qpack_mcp,0,7.07024621963501,7.040427207946777,0.029819011688232422,7.1477460861206055,6.960061073303223,7.040427207946777
qpack_mcp|row2125,qpack_mcp,0,6.997422218322754,7.040427207946777,0.04300498962402344,7.1477460861206055,6.960061073303223,7.040427207946777
qpack_mcp|row2126,qpack_mcp,0,6.903351783752441,7.040427207946777,0.13707542419433594,7.1477460861206055,6.960061073303223,7.040427207946777
qpack_mcp|row2127,qpack_mcp,0,7.043583393096924,7.040427207946777,0.0031561851501464844,7.147744178771973,6.960061073303223,7.040427207946777
qpack_mcp|row2128,qpack_mcp,0,6.913283348083496,7.040427207946777,0.12714385986328125,7.1477460861206055,6.960061073303223,7.040427207946777
qpack_mcp|row2129,qpack_mcp,0,7.031115531921387,7.040427207946777,0.009311676025390625,7.1477460861206055,6.960061073303223,7.040427207946777
qpack_mcp|row213,qpack_mcp,0,6.7432780265808105,5.585853576660156,1.1574244499206543,5.650805473327637,5.544151306152344,5.585853576660156
qpack_mcp|row2130,qpack_mcp,0,6.909819602966309,7.040427207946777,0.13060760498046875,7.1477460861206055,6.960061073303223,7.040427207946777
qpack_mcp|row2131,qpack_mcp,0,6.77976131439209,7.040427207946777,0.2606658935546875,7.1477460861206055,6.960061073303223,7.040427207946777
qpack_mcp|row2132,qpack_mcp,0,6.937328338623047,7.040427207946777,0.10309886932373047,7.1477460861206055,6.960061073303223,7.040427207946777
qpack_mcp|row2133,qpack_mcp,0,7.137107849121094,7.040427207946777,0.0966806411743164,7.147744178771973,6.960061073303223,7.040427207946777
qpack_mcp|row2134,qpack_mcp,0,6.94202995300293,7.040427207946777,0.09839725494384766,7.1477460861206055,6.96005916595459,7.040427207946777
qpack_mcp|row2135,qpack_mcp,0,7.091247081756592,7.040427207946777,0.05081987380981445,7.1477460861206055,6.960061073303223,7.040427207946777
qpack_mcp|row2136,qpack_mcp,0,7.069024562835693,7.040427207946777,0.028597354888916016,7.1477460861206055,6.960061073303223,7.040427207946777
qpack_mcp|row2137,qpack_mcp,0,7.279378890991211,7.040427207946777,0.2389516830444336,7.1477460861206055,6.96005916595459,7.040427207946777
qpack_mcp|row2138,qpack_mcp,0,7.014461040496826,7.040427207946777,0.025966167449951172,7.1477460861206055,6.960061073303223,7.040427207946777
qpack_mcp|row2139,qpack_mcp,0,7.138553619384766,7.040427207946777,0.09812641143798828,7.1477460861206055,6.960061073303223,7.040427207946777
qpack_mcp|row214,qpack_mcp,0,6.97065544128418,5.585853576660156,1.3848018646240234,5.650805473327637,5.544151306152344,5.585853576660156
qpack_mcp|row2140,qpack_mcp,0,7.009577751159668,7.040427207946777,0.030849456787109375,7.1477460861206055,6.960061073303223,7.040427207946777
qpack_mcp|row2141,qpack_mcp,0,7.14724588394165,7.040427207946777,0.10681867599487305,7.1477460861206055,6.96005916595459,7.040427207946777
qpack_mcp|row2142,qpack_mcp,0,7.117762565612793,7.040427207946777,0.07733535766601562,7.1477460861206055,6.960061073303223,7.040427207946777
qpack_mcp|row2143,qpack_mcp,0,7.112056732177734,7.040427207946777,0.07162952423095703,7.1477460861206055,6.960061073303223,7.040427207946777
qpack_mcp|row2144,qpack_mcp,0,7.164504051208496,7.040427207946777,0.12407684326171875,7.1477460861206055,6.960061073303223,7.040427207946777
qpack_mcp|row2145,qpack_mcp,0,7.329208850860596,7.040427207946777,0.28878164291381836,7.1477460861206055,6.960061073303223,7.040427207946777
qpack_mcp|row2146,qpack_mcp,0,7.358766078948975,7.040427207946777,0.31833887100219727,7.1477460861206055,6.960061073303223,7.040427207946777
qpack_mcp|row2147,qpack_mcp,0,6.911149024963379,7.040427207946777,0.12927818298339844,7.147744178771973,6.96005916595459,7.040427207946777
qpack_mcp|row2148,qpack_mcp,0,7.073962211608887,7.040427207946777,0.033535003662109375,7.147744178771973,6.960061073303223,7.040427207946777
qpack_mcp|row2149,qpack_mcp,0,7.495598316192627,7.040427207946777,0.4551711082458496,7.1477460861206055,6.960061073303223,7.040427207946777
qpack_mcp|row215,qpack_mcp,0,6.6392059326171875,5.585853576660156,1.0533523559570312,5.650805473327637,5.544151306152344,5.585853576660156
qpack_mcp|row2150,qpack_mcp,0,7.435792922973633,7.040427207946777,0.39536571502685547,7.1477460861206055,6.960061073303223,7.040427207946777
qpack_mcp|row2151,qpack_mcp,0,7.392182350158691,7.040427207946777,0.35175514221191406,7.147744178771973,6.96005916595459,7.040427207946777
qpack_mcp|row2152,qpack_mcp,0,7.404508590698242,7.040427207946777,0.36408138275146484,7.1477460861206055,6.960061073303223,7.040427207946777
qpack_mcp|row2153,qpack_mcp,0,7.0558247566223145,7.040427207946777,0.01539754867553711,7.1477460861206055,6.960061073303223,7.040427207946777
qpack_mcp|row2154,qpack_mcp,0,7.040795803070068,7.040427207946777,0.0003685951232910156,7.1477460861206055,6.960061073303223,7.040427207946777
qpack_mcp|row2155,qpack_mcp,0,7.210363388061523,7.040427207946777,0.1699361801147461,7.147744178771973,6.960061073303223,7.040427207946777
qpack_mcp|row2156,qpack_mcp,0,7.080734729766846,7.040427207946777,0.04030752182006836,7.1477460861206055,6.96005916595459,7.040427207946777
qpack_mcp|row2157,qpack_mcp,0,6.951272964477539,7.040427207946777,0.08915424346923828,7.1477460861206055,6.960061073303223,7.040427207946777
qpack_mcp|row2158,qpack_mcp,0,6.821996688842773,7.040427207946777,0.2184305191040039,7.1477460861206055,6.960061073303223,7.040427207946777
qpack_mcp|row2159,qpack_mcp,0,6.912795066833496,7.040427207946777,0.12763214111328125,7.147744178771973,6.96005916595459,7.040427207946777
qpack_mcp|row216,qpack_mcp,0,7.035778045654297,5.58585262298584,1.449925422668457,5.650805473327637,5.544151306152344,5.58585262298584
qpack_mcp|row2160,qpack_mcp,0,6.971113204956055,7.040427207946777,0.06931400299072266,7.1477460861206055,6.960061073303223,7.040427207946777
qpack_mcp|row2161,qpack_mcp,0,7.242094039916992,7.040427207946777,0.20166683197021484,7.1477460861206055,6.960061073303223,7.040427207946777
qpack_mcp|row2162,qpack_mcp,0,6.970505714416504,7.040427207946777,0.06992149353027344,7.1477460861206055,6.960061073303223,7.040427207946777
qpack_mcp|row2163,qpack_mcp,0,7.09699821472168,7.040427207946777,0.056571006774902344,7.1477460861206055,6.96005916595459,7.040427207946777
qpack_mcp|row2164,qpack_mcp,0,6.970863342285156,7.040427207946777,0.0695638656616211,7.1477460861206055,6.960061073303223,7.040427207946777
qpack_mcp|row2165,qpack_mcp,0,7.123194694519043,7.040427207946777,0.08276748657226562,7.1477460861206055,6.96005916595459,7.040427207946777
qpack_mcp|row2166,qpack_mcp,0,7.0395612716674805,7.040427207946777,0.000865936279296875,7.1477460861206055,6.960061073303223,7.040427207946777
qpack_mcp|row2167,qpack_mcp,0,7.4949445724487305,7.040427207946777,0.4545173645019531,7.1477460861206055,6.960061073303223,7.040427207946777
qpack_mcp|row2168,qpack_mcp,0,7.47415828704834,7.040427207946777,0.4337310791015625,7.1477460861206055,6.96005916595459,7.040427207946777
qpack_mcp|row2169,qpack_mcp,0,7.348358154296875,7.040427207946777,0.30793094635009766,7.1477460861206055,6.96005916595459,7.040427207946777
qpack_mcp|row217,qpack_mcp,0,6.877093315124512,5.58585262298584,1.2912406921386719,5.650805473327637,5.544151306152344,5.58585262298584
qpack_mcp|row2170,qpack_mcp,0,7.422331809997559,7.040427207946777,0.38190460205078125,7.1477460861206055,6.96005916595459,7.040427207946777
qpack_mcp|row2171,qpack_mcp,0,7.423731803894043,7.040427207946777,0.3833045959472656,7.1477460861206055,6.960061073303223,7.040427207946777
qpack_mcp|row2172,qpack_mcp,0,7.250044822692871,7.040427207946777,0.20961761474609375,7.147744178771973,6.960061073303223,7.040427207946777
qpack_mcp|row2173,qpack_mcp,0,7.571376800537109,7.040427207946777,0.530949592590332,7.1477460861206055,6.960061073303223,7.040427207946777
qpack_mcp|row2174,qpack_mcp,0,7.175271987915039,7.040427207946777,0.13484477996826172,7.147744178771973,6.960061073303223,7.040427207946777
qpack_mcp|row2175,qpack_mcp,0,6.929762363433838,7.040427207946777,0.11066484451293945,7.1477460861206055,6.960061073303223,7.040427207946777
qpack_mcp|row2176,qpack_mcp,0,7.023747444152832,7.040427207946777,0.016679763793945312,7.147744178771973,6.960061073303223,7.040427207946777
qpack_mcp|row2177,qpack_mcp,0,7.0228166580200195,7.040427207946777,0.017610549926757812,7.147744178771973,6.960061073303223,7.040427207946777
qpack_mcp|row2178,qpack_mcp,0,7.179615020751953,7.040427207946777,0.13918781280517578,7.1477460861206055,6.960061073303223,7.040427207946777
qpack_mcp|row2179,qpack_mcp,0,7.117769241333008,7.040427207946777,0.07734203338623047,7.1477460861206055,6.960061073303223,7.040427207946777
qpack_mcp|row218,qpack_mcp,0,6.748406887054443,5.58585262298584,1.1625542640686035,5.650805473327637,5.544151306152344,5.58585262298584
qpack_mcp|row2180,qpack_mcp,0,7.017362594604492,7.040427207946777,0.023064613342285156,7.147744178771973,6.96005916595459,7.040427207946777
qpack_mcp|row2181,qpack_mcp,0,7.025069236755371,7.040427207946777,0.01535797119140625,7.1477460861206055,6.960061073303223,7.040427207946777
qpack_mcp|row2182,qpack_mcp,0,7.078021049499512,7.040427207946777,0.037593841552734375,7.1477460861206055,6.960061073303223,7.040427207946777
qpack_mcp|row2183,qpack_mcp,0,6.952974319458008,7.040427207946777,0.08745288848876953,7.1477460861206055,6.960061073303223,7.040427207946777
qpack_mcp|row2184,qpack_mcp,0,6.888757228851318,7.040427207946777,0.15166997909545898,7.1477460861206055,6.960061073303223,7.040427207946777
qpack_mcp|row2185,qpack_mcp,0,6.999817371368408,7.040427207946777,0.04060983657836914,7.1477460861206055,6.96005916595459,7.040427207946777
qpack_mcp|row2186,qpack_mcp,0,6.938599586486816,7.040427207946777,0.10182762145996094,7.1477460861206055,6.960061073303223,7.040427207946777
qpack_mcp|row2187,qpack_mcp,0,6.951972007751465,7.040427207946777,0.0884552001953125,7.1477460861206055,6.960061073303223,7.040427207946777
qpack_mcp|row2188,qpack_mcp,0,7.092102527618408,7.040427207946777,0.05167531967163086,7.147744178771973,6.96005916595459,7.040427207946777
qpack_mcp|row2189,qpack_mcp,0,6.870549201965332,7.040427207946777,0.1698780059814453,7.1477460861206055,6.960061073303223,7.040427207946777
qpack_mcp|row219,qpack_mcp,0,7.32243537902832,5.585853576660156,1.736581802368164,5.650805473327637,5.544151306152344,5.585853576660156
qpack_mcp|row2190,qpack_mcp,0,6.900107383728027,7.040427207946777,0.14031982421875,7.1477460861206055,6.960061073303223,7.040427207946777
qpack_mcp|row2191,qpack_mcp,0,7.122929573059082,7.040427207946777,0.08250236511230469,7.1477460861206055,6.96005916595459,7.040427207946777
qpack_mcp|row2192,qpack_mcp,0,7.007620811462402,7.040427207946777,0.032806396484375,7.1477460861206055,6.960061073303223,7.040427207946777
qpack_mcp|row2193,qpack_mcp,0,7.002804756164551,7.040427207946777,0.03762245178222656,7.1477460861206055,6.960061073303223,7.040427207946777
qpack_mcp|row2194,qpack_mcp,0,6.96153450012207,7.040427207946777,0.07889270782470703,7.1477460861206055,6.96005916595459,7.040427207946777
qpack_mcp|row2195,qpack_mcp,0,7.128704071044922,7.040427207946777,0.08827686309814453,7.1477460861206055,6.960061073303223,7.040427207946777
qpack_mcp|row2196,qpack_mcp,0,6.948321342468262,7.040427207946777,0.09210586547851562,7.1477460861206055,6.960061073303223,7.040427207946777
qpack_mcp|row2197,qpack_mcp,0,6.829805374145508,7.040427207946777,0.21062183380126953,7.1477460861206055,6.960061073303223,7.040427207946777
qpack_mcp|row2198,qpack_mcp,0,7.010004043579102,7.040427207946777,0.03042316436767578,7.1477460861206055,6.960061073303223,7.040427207946777
qpack_mcp|row2199,qpack_mcp,0,7.040836811065674,7.040427207946777,0.0004096031188964844,7.1477460861206055,6.960061073303223,7.040427207946777
qpack_mcp|row22,qpack_mcp,0,6.811768531799316,5.204858779907227,1.6069097518920898,5.378159046173096,5.137813568115234,5.204858779907227
qpack_mcp|row220,qpack_mcp,0,7.188943386077881,5.58585262298584,1.603090763092041,5.650805473327637,5.544151306152344,5.58585262298584
qpack_mcp|row2200,qpack_mcp,0,6.816834926605225,7.040427207946777,0.22359228134155273,7.1477460861206055,6.960061073303223,7.040427207946777
qpack_mcp|row2201,qpack_mcp,0,6.903750419616699,7.040427207946777,0.13667678833007812,7.147744178771973,6.960061073303223,7.040427207946777
qpack_mcp|row2202,qpack_mcp,0,7.052969932556152,7.040427207946777,0.012542724609375,7.1477460861206055,6.96005916595459,7.040427207946777
qpack_mcp|row2203,qpack_mcp,0,7.122896671295166,7.040427207946777,0.08246946334838867,7.1477460861206055,6.96005916595459,7.040427207946777
qpack_mcp|row2204,qpack_mcp,0,7.013598442077637,7.040427207946777,0.026828765869140625,7.1477460861206055,6.96005916595459,7.040427207946777
qpack_mcp|row2205,qpack_mcp,0,6.978680610656738,7.040427207946777,0.06174659729003906,7.1477460861206055,6.96005916595459,7.040427207946777
qpack_mcp|row2206,qpack_mcp,0,6.980258464813232,7.040427207946777,0.06016874313354492,7.147744178771973,6.96005916595459,7.040427207946777
qpack_mcp|row2207,qpack_mcp,0,6.881643772125244,7.040427207946777,0.1587834358215332,7.147744178771973,6.960061073303223,7.040427207946777
qpack_mcp|row2208,qpack_mcp,0,7.228067398071289,7.040427207946777,0.18764019012451172,7.1477460861206055,6.960061073303223,7.040427207946777
qpack_mcp|row221,qpack_mcp,0,7.153170585632324,5.58585262298584,1.5673179626464844,5.650805473327637,5.544151306152344,5.58585262298584
qpack_mcp|row222,qpack_mcp,0,7.217843055725098,5.585853576660156,1.6319894790649414,5.650805473327637,5.544151306152344,5.585853576660156
qpack_mcp|row223,qpack_mcp,0,7.232748985290527,5.58585262298584,1.6468963623046875,5.650805473327637,5.544151306152344,5.58585262298584
qpack_mcp|row224,qpack_mcp,0,6.768829345703125,5.585853576660156,1.1829757690429688,5.650805473327637,5.544151306152344,5.585853576660156
qpack_mcp|row225,qpack_mcp,0,6.639596939086914,5.58585262298584,1.0537443161010742,5.650805473327637,5.544151306152344,5.58585262298584
qpack_mcp|row226,qpack_mcp,0,6.932879447937012,5.585853576660156,1.3470258712768555,5.650805473327637,5.544151306152344,5.585853576660156
qpack_mcp|row227,qpack_mcp,0,6.67416524887085,5.58585262298584,1.0883126258850098,5.650805473327637,5.544151306152344,5.58585262298584
qpack_mcp|row228,qpack_mcp,0,6.664923667907715,5.585853576660156,1.0790700912475586,5.650805473327637,5.544151306152344,5.585853576660156
qpack_mcp|row229,qpack_mcp,0,6.671696662902832,5.58585262298584,1.0858440399169922,5.650805473327637,5.544151306152344,5.58585262298584
qpack_mcp|row23,qpack_mcp,0,6.93747091293335,5.204858779907227,1.732612133026123,5.378159046173096,5.137813568115234,5.204858779907227
qpack_mcp|row230,qpack_mcp,0,6.640923500061035,5.585853576660156,1.055069923400879,5.650805473327637,5.544151306152344,5.585853576660156
qpack_mcp|row2301,qpack_mcp,0,7.14510440826416,7.040427207946777,0.10467720031738281,7.1477460861206055,6.960061073303223,7.040427207946777
qpack_mcp|row2302,qpack_mcp,0,7.280090808868408,7.040427207946777,0.23966360092163086,7.1477460861206055,6.960061073303223,7.040427207946777
qpack_mcp|row2303,qpack_mcp,0,7.134966850280762,7.040427207946777,0.09453964233398438,7.1477460861206055,6.960061073303223,7.040427207946777
qpack_mcp|row2304,qpack_mcp,0,7.011496543884277,7.040427207946777,0.0289306640625,7.1477460861206055,6.960061073303223,7.040427207946777
qpack_mcp|row2305,qpack_mcp,0,6.837216377258301,7.040427207946777,0.20321083068847656,7.1477460861206055,6.96005916595459,7.040427207946777
qpack_mcp|row2306,qpack_mcp,0,7.044920921325684,7.040427207946777,0.00449371337890625,7.147744178771973,6.960061073303223,7.040427207946777
qpack_mcp|row2307,qpack_mcp,0,6.853569507598877,7.040427207946777,0.1868577003479004,7.1477460861206055,6.960061073303223,7.040427207946777
qpack_mcp|row2308,qpack_mcp,0,7.271061897277832,7.040427207946777,0.2306346893310547,7.1477460861206055,6.960061073303223,7.040427207946777
qpack_mcp|row2309,qpack_mcp,0,7.052438735961914,7.040427207946777,0.012011528015136719,7.1477460861206055,6.960061073303223,7.040427207946777
qpack_mcp|row231,qpack_mcp,0,7.001497745513916,5.58585262298584,1.4156451225280762,5.650805473327637,5.544151306152344,5.58585262298584
qpack_mcp|row2310,qpack_mcp,0,6.968764781951904,7.040427207946777,0.07166242599487305,7.1477460861206055,6.96005916595459,7.040427207946777
qpack_mcp|row2311,qpack_mcp,0,6.961737155914307,7.040427207946777,0.0786900520324707,7.1477460861206055,6.960061073303223,7.040427207946777
qpack_mcp|row2312,qpack_mcp,0,7.071410655975342,7.040427207946777,0.030983448028564453,7.147744178771973,6.960061073303223,7.040427207946777
qpack_mcp|row2313,qpack_mcp,0,7.018710136413574,7.040427207946777,0.021717071533203125,7.1477460861206055,6.960061073303223,7.040427207946777
qpack_mcp|row2314,qpack_mcp,0,7.251852512359619,7.040427207946777,0.2114253044128418,7.147744178771973,6.960061073303223,7.040427207946777
qpack_mcp|row2315,qpack_mcp,0,6.905474662780762,7.040427207946777,0.13495254516601562,7.1477460861206055,6.960061073303223,7.040427207946777
qpack_mcp|row2316,qpack_mcp,0,7.162631034851074,7.040427207946777,0.12220382690429688,7.147744178771973,6.960061073303223,7.040427207946777
qpack_mcp|row2317,qpack_mcp,0,7.014226913452148,7.040427207946777,0.026200294494628906,7.1477460861206055,6.960061073303223,7.040427207946777
qpack_mcp|row2318,qpack_mcp,0,6.9760332107543945,7.040427207946777,0.06439399719238281,7.1477460861206055,6.96005916595459,7.040427207946777
qpack_mcp|row2319,qpack_mcp,0,7.6819658279418945,7.040427207946777,0.6415386199951172,7.1477460861206055,6.960061073303223,7.040427207946777
qpack_mcp|row232,qpack_mcp,0,6.720720291137695,5.58585262298584,1.1348676681518555,5.650805473327637,5.544151306152344,5.58585262298584
qpack_mcp|row2320,qpack_mcp,0,7.079277038574219,7.040427207946777,0.038849830627441406,7.147744178771973,6.960061073303223,7.040427207946777
qpack_mcp|row2321,qpack_mcp,0,7.265092849731445,7.040427207946777,0.22466564178466797,7.1477460861206055,6.960061073303223,7.040427207946777
qpack_mcp|row2322,qpack_mcp,0,6.99385929107666,7.040427207946777,0.04656791687011719,7.1477460861206055,6.960061073303223,7.040427207946777
qpack_mcp|row2323,qpack_mcp,0,7.037288188934326,7.040427207946777,0.003139019012451172,7.1477460861206055,6.960061073303223,7.040427207946777
qpack_mcp|row2324,qpack_mcp,0,7.075404167175293,7.040427207946777,0.034976959228515625,7.1477460861206055,6.960061073303223,7.040427207946777
qpack_mcp|row2325,qpack_mcp,0,6.991368293762207,7.040427207946777,0.04905891418457031,7.1477460861206055,6.96005916595459,7.040427207946777
qpack_mcp|row2326,qpack_mcp,0,7.155284881591797,7.040427207946777,0.11485767364501953,7.1477460861206055,6.960061073303223,7.040427207946777
qpack_mcp|row2327,qpack_mcp,0,6.909467697143555,7.040427207946777,0.13095951080322266,7.1477460861206055,6.960061073303223,7.040427207946777
qpack_mcp|row2328,qpack_mcp,0,7.144744873046875,7.040427207946777,0.10431766510009766,7.147744178771973,6.96005916595459,7.040427207946777
qpack_mcp|row2329,qpack_mcp,0,7.1103291511535645,7.040427207946777,0.06990194320678711,7.1477460861206055,6.960061073303223,7.040427207946777
qpack_mcp|row233,qpack_mcp,0,6.467049598693848,5.585853576660156,0.8811960220336914,5.650805473327637,5.544151306152344,5.585853576660156
qpack_mcp|row2330,qpack_mcp,0,6.912287712097168,7.040427207946777,0.12813949584960938,7.1477460861206055,6.960061073303223,7.040427207946777
qpack_mcp|row2331,qpack_mcp,0,7.029794692993164,7.040427207946777,0.010632514953613281,7.1477460861206055,6.96005916595459,7.040427207946777
qpack_mcp|row2332,qpack_mcp,0,7.179003715515137,7.040427207946777,0.13857650756835938,7.1477460861206055,6.96005916595459,7.040427207946777
qpack_mcp|row2333,qpack_mcp,0,7.003890037536621,7.040427207946777,0.03653717041015625,7.1477460861206055,6.960061073303223,7.040427207946777
qpack_mcp|row2334,qpack_mcp,0,6.881333351135254,7.040427207946777,0.15909385681152344,7.1477460861206055,6.960061073303223,7.040427207946777
qpack_mcp|row2335,qpack_mcp,0,7.16527795791626,7.040427207946777,0.12485074996948242,7.1477460861206055,6.960061073303223,7.040427207946777
qpack_mcp|row2336,qpack_mcp,0,6.910072326660156,7.040427207946777,0.1303548812866211,7.1477460861206055,6.960061073303223,7.040427207946777
qpack_mcp|row2337,qpack_mcp,0,7.043644905090332,7.040427207946777,0.0032176971435546875,7.1477460861206055,6.96005916595459,7.040427207946777
qpack_mcp|row2338,qpack_mcp,0,7.217887878417969,7.040427207946777,0.1774606704711914,7.1477460861206055,6.96005916595459,7.040427207946777
qpack_mcp|row2339,qpack_mcp,0,7.09757137298584,7.040427207946777,0.0571441650390625,7.1477460861206055,6.960061073303223,7.040427207946777
qpack_mcp|row234,qpack_mcp,0,6.637701034545898,5.585853576660156,1.0518474578857422,5.650805473327637,5.544151306152344,5.585853576660156
qpack_mcp|row2340,qpack_mcp,0,7.080524444580078,7.040427207946777,0.04009723663330078,7.1477460861206055,6.960061073303223,7.040427207946777
qpack_mcp|row2341,qpack_mcp,0,6.9331817626953125,7.040427207946777,0.10724544525146484,7.147744178771973,6.960061073303223,7.040427207946777
qpack_mcp|row2342,qpack_mcp,0,6.952868461608887,7.040427207946777,0.08755874633789062,7.1477460861206055,6.960061073303223,7.040427207946777
qpack_mcp|row2343,qpack_mcp,0,7.099349021911621,7.040427207946777,0.05892181396484375,7.1477460861206055,6.960061073303223,7.040427207946777
qpack_mcp|row2344,qpack_mcp,0,7.299429893493652,7.040427207946777,0.259002685546875,7.1477460861206055,6.960061073303223,7.040427207946777
qpack_mcp|row2345,qpack_mcp,0,7.32405424118042,7.040427207946777,0.2836270332336426,7.147744178771973,6.960061073303223,7.040427207946777
qpack_mcp|row2346,qpack_mcp,0,7.234372615814209,7.040427207946777,0.19394540786743164,7.1477460861206055,6.960061073303223,7.040427207946777
qpack_mcp|row2347,qpack_mcp,0,7.172924518585205,7.040427207946777,0.13249731063842773,7.1477460861206055,6.96005916595459,7.040427207946777
qpack_mcp|row2348,qpack_mcp,0,7.057440280914307,7.040427207946777,0.017013072967529297,7.1477460861206055,6.960061073303223,7.040427207946777
qpack_mcp|row2349,qpack_mcp,0,7.3435869216918945,7.040427207946777,0.3031597137451172,7.1477460861206055,6.960061073303223,7.040427207946777
qpack_mcp|row235,qpack_mcp,0,6.727993011474609,5.585853576660156,1.1421394348144531,5.650805473327637,5.544151306152344,5.585853576660156
qpack_mcp|row2350,qpack_mcp,0,7.2526702880859375,7.040427207946777,0.21224308013916016,7.1477460861206055,6.960061073303223,7.040427207946777
qpack_mcp|row2351,qpack_mcp,0,7.052824020385742,7.040427207946777,0.012396812438964844,7.1477460861206055,6.960061073303223,7.040427207946777
qpack_mcp|row2352,qpack_mcp,0,6.9765825271606445,7.040427207946777,0.06384468078613281,7.1477460861206055,6.960061073303223,7.040427207946777
qpack_mcp|row2353,qpack_mcp,0,6.865535736083984,7.040427207946777,0.17489147186279297,7.1477460861206055,6.960061073303223,7.040427207946777
qpack_mcp|row2354,qpack_mcp,0,6.955002784729004,7.040427207946777,0.08542442321777344,7.1477460861206055,6.960061073303223,7.040427207946777
qpack_mcp|row2355,qpack_mcp,0,7.249831199645996,7.040427207946777,0.20940399169921875,7.1477460861206055,6.960061073303223,7.040427207946777
qpack_mcp|row2356,qpack_mcp,0,7.121292591094971,7.040427207946777,0.08086538314819336,7.1477460861206055,6.96005916595459,7.040427207946777
qpack_mcp|row2357,qpack_mcp,0,6.97487211227417,7.040427207946777,0.06555509567260742,7.147744178771973,6.960061073303223,7.040427207946777
qpack_mcp|row2358,qpack_mcp,0,6.995865345001221,7.040427207946777,0.04456186294555664,7.1477460861206055,6.96005916595459,7.040427207946777
qpack_mcp|row2359,qpack_mcp,0,6.864605903625488,7.040427207946777,0.17582130432128906,7.1477460861206055,6.96005916595459,7.040427207946777
qpack_mcp|row236,qpack_mcp,0,6.567169189453125,5.585853576660156,0.9813156127929688,5.650805473327637,5.544151306152344,5.585853576660156
qpack_mcp|row2360,qpack_mcp,0,6.901589393615723,7.040427207946777,0.1388378143310547,7.1477460861206055,6.96005916595459,7.040427207946777
qpack_mcp|row2361,qpack_mcp,0,7.372476100921631,7.040427207946777,0.3320488929748535,7.1477460861206055,6.960061073303223,7.040427207946777
qpack_mcp|row2362,qpack_mcp,0,6.984376430511475,7.040427207946777,0.056050777435302734,7.1477460861206055,6.96005916595459,7.040427207946777
qpack_mcp|row2363,qpack_mcp,0,7.020722389221191,7.040427207946777,0.019704818725585938,7.1477460861206055,6.96005916595459,7.040427207946777
qpack_mcp|row2364,qpack_mcp,0,7.015379905700684,7.040427207946777,0.02504730224609375,7.1477460861206055,6.960061073303223,7.040427207946777
qpack_mcp|row2365,qpack_mcp,0,7.4260663986206055,7.040427207946777,0.3856391906738281,7.1477460861206055,6.96005916595459,7.040427207946777
qpack_mcp|row2366,qpack_mcp,0,7.3729352951049805,7.040427207946777,0.3325080871582031,7.1477460861206055,6.960061073303223,7.040427207946777
qpack_mcp|row2367,qpack_mcp,0,7.548111438751221,7.040427207946777,0.5076842308044434,7.1477460861206055,6.96005916595459,7.040427207946777
qpack_mcp|row2368,qpack_mcp,0,7.14009952545166,7.040427207946777,0.09967231750488281,7.1477460861206055,6.960061073303223,7.040427207946777
qpack_mcp|row2369,qpack_mcp,0,7.345770835876465,7.040427207946777,0.3053436279296875,7.1477460861206055,6.960061073303223,7.040427207946777
qpack_mcp|row237,qpack_mcp,0,7.201532363891602,5.585853576660156,1.6156787872314453,5.650805473327637,5.544151306152344,5.585853576660156
qpack_mcp|row2370,qpack_mcp,0,6.958128929138184,7.040427207946777,0.08229827880859375,7.1477460861206055,6.960061073303223,7.040427207946777
qpack_mcp|row2371,qpack_mcp,0,7.0784454345703125,7.040427207946777,0.038018226623535156,7.1477460861206055,6.960061073303223,7.040427207946777
qpack_mcp|row2372,qpack_mcp,0,7.090557098388672,7.040427207946777,0.05012989044189453,7.147744178771973,6.960061073303223,7.040427207946777
qpack_mcp|row2373,qpack_mcp,0,7.414425849914551,7.040427207946777,0.37399864196777344,7.1477460861206055,6.960061073303223,7.040427207946777
qpack_mcp|row2374,qpack_mcp,0,7.031064987182617,7.040427207946777,0.009362220764160156,7.147744178771973,6.960061073303223,7.040427207946777
qpack_mcp|row2375,qpack_mcp,0,6.954510688781738,7.040427207946777,0.08591651916503906,7.147744178771973,6.960061073303223,7.040427207946777
qpack_mcp|row2376,qpack_mcp,0,7.172889232635498,7.040427207946777,0.1324620246887207,7.1477460861206055,6.96005916595459,7.040427207946777
qpack_mcp|row2377,qpack_mcp,0,6.873563766479492,7.040427207946777,0.16686344146728516,7.1477460861206055,6.960061073303223,7.040427207946777
qpack_mcp|row2378,qpack_mcp,0,6.890886306762695,7.040427207946777,0.14954090118408203,7.1477460861206055,6.960061073303223,7.040427207946777
qpack_mcp|row2379,qpack_mcp,0,7.17348575592041,7.307572841644287,0.13408708572387695,7.373360633850098,7.047283172607422,7.307572841644287
qpack_mcp|row238,qpack_mcp,0,6.638433933258057,5.585853576660156,1.0525803565979004,5.650805473327637,5.544151306152344,5.585853576660156
qpack_mcp|row2380,qpack_mcp,0,7.229116439819336,7.307572841644287,0.07845640182495117,7.373360633850098,7.047283172607422,7.307572841644287
qpack_mcp|row2381,qpack_mcp,0,7.012328624725342,7.307572841644287,0.2952442169189453,7.373360633850098,7.047283172607422,7.307572841644287
qpack_mcp|row2382,qpack_mcp,0,7.235912322998047,7.307572841644287,0.07166051864624023,7.373360633850098,7.047283172607422,7.307572841644287
qpack_mcp|row2383,qpack_mcp,0,7.035551071166992,7.307572841644287,0.2720217704772949,7.373360633850098,7.047283172607422,7.307572841644287
qpack_mcp|row2384,qpack_mcp,0,7.032146453857422,7.307572841644287,0.27542638778686523,7.373360633850098,7.047283172607422,7.307572841644287
qpack_mcp|row2385,qpack_mcp,0,7.769609451293945,7.307572841644287,0.4620366096496582,7.373360633850098,7.047283172607422,7.307572841644287
qpack_mcp|row2386,qpack_mcp,0,7.383997440338135,7.307572841644287,0.07642459869384766,7.373360633850098,7.047283172607422,7.307572841644287
qpack_mcp|row2387,qpack_mcp,0,7.499150276184082,7.307572841644287,0.19157743453979492,7.373360633850098,7.047283172607422,7.307572841644287
qpack_mcp|row2388,qpack_mcp,0,7.28471565246582,7.307572841644287,0.022857189178466797,7.373360633850098,7.047283172607422,7.307572841644287
qpack_mcp|row2389,qpack_mcp,0,7.3495635986328125,7.307572841644287,0.04199075698852539,7.373358726501465,7.047283172607422,7.307572841644287
qpack_mcp|row239,qpack_mcp,0,7.3408918380737305,5.585853576660156,1.7550382614135742,5.650805473327637,5.544151306152344,5.585853576660156
qpack_mcp|row2390,qpack_mcp,0,7.651461601257324,7.307572841644287,0.3438887596130371,7.373360633850098,7.047283172607422,7.307572841644287
qpack_mcp|row2391,qpack_mcp,0,7.281719207763672,7.307572841644287,0.025853633880615234,7.373360633850098,7.047283172607422,7.307572841644287
qpack_mcp|row2392,qpack_mcp,0,7.494898796081543,7.307572841644287,0.18732595443725586,7.373360633850098,7.047283172607422,7.307572841644287
qpack_mcp|row2393,qpack_mcp,0,7.389134407043457,7.307572841644287,0.08156156539916992,7.373360633850098,7.047283172607422,7.307572841644287
qpack_mcp|row2394,qpack_mcp,0,7.450475215911865,7.307572841644287,0.14290237426757812,7.373360633850098,7.047283172607422,7.307572841644287
qpack_mcp|row2395,qpack_mcp,0,7.354684829711914,7.307572841644287,0.04711198806762695,7.373360633850098,7.047283172607422,7.307572841644287
qpack_mcp|row2396,qpack_mcp,0,7.072205543518066,7.307572841644287,0.2353672981262207,7.373360633850098,7.047283172607422,7.307572841644287
qpack_mcp|row2397,qpack_mcp,0,7.054535865783691,7.307572841644287,0.2530369758605957,7.373360633850098,7.047283172607422,7.307572841644287
qpack_mcp|row2398,qpack_mcp,0,7.209290504455566,7.307572841644287,0.0982823371887207,7.373360633850098,7.047283172607422,7.307572841644287
qpack_mcp|row2399,qpack_mcp,0,7.084738731384277,7.307572841644287,0.22283411026000977,7.373358726501465,7.047283172607422,7.307572841644287
qpack_mcp|row24,qpack_mcp,0,6.881938934326172,5.204858779907227,1.6770801544189453,5.378159046173096,5.137813568115234,5.204858779907227
qpack_mcp|row240,qpack_mcp,0,6.83625602722168,5.585853576660156,1.2504024505615234,5.650805473327637,5.544151306152344,5.585853576660156
qpack_mcp|row2400,qpack_mcp,0,7.346427917480469,7.307572841644287,0.03885507583618164,7.373360633850098,7.047283172607422,7.307572841644287
qpack_mcp|row2401,qpack_mcp,0,7.297942161560059,7.307572841644287,0.009630680084228516,7.373360633850098,7.047283172607422,7.307572841644287
qpack_mcp|row2402,qpack_mcp,0,7.185801982879639,7.307572841644287,0.12177085876464844,7.373360633850098,7.047283172607422,7.307572841644287
qpack_mcp|row2403,qpack_mcp,0,6.97719669342041,7.307572841644287,0.33037614822387695,7.373358726501465,7.047283172607422,7.307572841644287
qpack_mcp|row2404,qpack_mcp,0,7.104050636291504,7.307572841644287,0.2035222053527832,7.373358726501465,7.047283172607422,7.307572841644287
qpack_mcp|row2405,qpack_mcp,0,7.286918640136719,7.307572841644287,0.02065420150756836,7.373360633850098,7.047283172607422,7.307572841644287
qpack_mcp|row2406,qpack_mcp,0,7.051915168762207,7.307572841644287,0.2556576728820801,7.373358726501465,7.047283172607422,7.307572841644287
qpack_mcp|row2407,qpack_mcp,0,7.233044147491455,7.307572841644287,0.07452869415283203,7.373358726501465,7.047283172607422,7.307572841644287
qpack_mcp|row2408,qpack_mcp,0,8.903553009033203,7.307572841644287,1.595980167388916,7.373358726501465,7.047283172607422,7.307572841644287
qpack_mcp|row2409,qpack_mcp,0,7.027621269226074,7.307572841644287,0.2799515724182129,7.373360633850098,7.047283172607422,7.307572841644287
qpack_mcp|row241,qpack_mcp,0,7.035841464996338,5.58585262298584,1.449988842010498,5.650805473327637,5.544151306152344,5.58585262298584
qpack_mcp|row2410,qpack_mcp,0,7.059390068054199,7.307572841644287,0.2481827735900879,7.373360633850098,7.047283172607422,7.307572841644287
qpack_mcp|row2411,qpack_mcp,0,6.884609699249268,7.307572841644287,0.42296314239501953,7.373360633850098,7.047283172607422,7.307572841644287
qpack_mcp|row2412,qpack_mcp,0,7.309940338134766,7.307572841644287,0.0023674964904785156,7.373360633850098,7.047283172607422,7.307572841644287
qpack_mcp|row2413,qpack_mcp,0,7.031203746795654,7.307572841644287,0.2763690948486328,7.373358726501465,7.047283172607422,7.307572841644287
qpack_mcp|row2414,qpack_mcp,0,7.063578128814697,7.307572841644287,0.24399471282958984,7.373358726501465,7.047283172607422,7.307572841644287
qpack_mcp|row2415,qpack_mcp,0,7.020110130310059,7.307572841644287,0.2874627113342285,7.373358726501465,7.047283172607422,7.307572841644287
qpack_mcp|row2416,qpack_mcp,0,7.2752251625061035,7.307572841644287,0.032347679138183594,7.373360633850098,7.047283172607422,7.307572841644287
qpack_mcp|row2417,qpack_mcp,0,7.495697975158691,7.307572841644287,0.1881251335144043,7.373358726501465,7.047283172607422,7.307572841644287
qpack_mcp|row2418,qpack_mcp,0,7.602079391479492,7.307572841644287,0.2945065498352051,7.373360633850098,7.047283172607422,7.307572841644287
qpack_mcp|row2419,qpack_mcp,0,7.664117813110352,7.307572841644287,0.35654497146606445,7.373358726501465,7.047283172607422,7.307572841644287
qpack_mcp|row242,qpack_mcp,0,6.6097612380981445,5.58585262298584,1.0239086151123047,5.650805473327637,5.544151306152344,5.58585262298584
qpack_mcp|row2420,qpack_mcp,0,7.4503984451293945,7.307572841644287,0.14282560348510742,7.373360633850098,7.047283172607422,7.307572841644287
qpack_mcp|row2421,qpack_mcp,0,7.536322593688965,7.307572841644287,0.22874975204467773,7.373360633850098,7.047283172607422,7.307572841644287
qpack_mcp|row2422,qpack_mcp,0,7.464998245239258,7.307572841644287,0.1574254035949707,7.373360633850098,7.047283172607422,7.307572841644287
qpack_mcp|row2423,qpack_mcp,0,7.394966125488281,7.307572841644287,0.08739328384399414,7.373360633850098,7.047283172607422,7.307572841644287
qpack_mcp|row2424,qpack_mcp,0,7.042942523956299,7.307572841644287,0.2646303176879883,7.373360633850098,7.047283172607422,7.307572841644287
qpack_mcp|row2425,qpack_mcp,0,7.130244255065918,7.307572841644287,0.17732858657836914,7.373360633850098,7.047283172607422,7.307572841644287
qpack_mcp|row2426,qpack_mcp,0,7.019578456878662,7.307572841644287,0.287994384765625,7.373360633850098,7.047283172607422,7.307572841644287
qpack_mcp|row2427,qpack_mcp,0,7.130169868469238,7.307572841644287,0.17740297317504883,7.373358726501465,7.047283172607422,7.307572841644287
qpack_mcp|row2428,qpack_mcp,0,7.047454833984375,7.307572841644287,0.2601180076599121,7.373360633850098,7.047283172607422,7.307572841644287
qpack_mcp|row2429,qpack_mcp,0,7.275928497314453,7.307572841644287,0.031644344329833984,7.373360633850098,7.047283172607422,7.307572841644287
qpack_mcp|row243,qpack_mcp,0,6.598869323730469,5.585853576660156,1.0130157470703125,5.650805473327637,5.544151306152344,5.585853576660156
qpack_mcp|row2430,qpack_mcp,0,7.219457626342773,7.307572841644287,0.08811521530151367,7.373360633850098,7.047283172607422,7.307572841644287
qpack_mcp|row2431,qpack_mcp,0,7.008685111999512,7.307572841644287,0.2988877296447754,7.373360633850098,7.047283172607422,7.307572841644287
qpack_mcp|row2432,qpack_mcp,0,7.026686668395996,7.307572841644287,0.280886173248291,7.373360633850098,7.047283172607422,7.307572841644287
qpack_mcp|row2433,qpack_mcp,0,7.077877998352051,7.307572841644287,0.22969484329223633,7.373360633850098,7.047283172607422,7.307572841644287
qpack_mcp|row2434,qpack_mcp,0,7.2491583824157715,7.307572841644287,0.058414459228515625,7.373360633850098,7.047283172607422,7.307572841644287
qpack_mcp|row2435,qpack_mcp,0,7.1859846115112305,7.307572841644287,0.12158823013305664,7.373360633850098,7.047283172607422,7.307572841644287
qpack_mcp|row2436,qpack_mcp,0,7.134888172149658,7.307572841644287,0.1726846694946289,7.373358726501465,7.047283172607422,7.307572841644287
qpack_mcp|row2437,qpack_mcp,0,7.093123435974121,7.307572841644287,0.21444940567016602,7.373358726501465,7.047283172607422,7.307572841644287
qpack_mcp|row2438,qpack_mcp,0,7.275028228759766,7.307572841644287,0.032544612884521484,7.373358726501465,7.047283172607422,7.307572841644287
qpack_mcp|row2439,qpack_mcp,0,7.0704450607299805,7.307572841644287,0.23712778091430664,7.373360633850098,7.047283172607422,7.307572841644287
qpack_mcp|row244,qpack_mcp,0,6.573976993560791,5.58585262298584,0.9881243705749512,5.650805473327637,5.544151306152344,5.58585262298584
qpack_mcp|row2440,qpack_mcp,0,7.185178279876709,7.307572841644287,0.12239456176757812,7.373360633850098,7.047283172607422,7.307572841644287
qpack_mcp|row2441,qpack_mcp,0,7.275708198547363,7.307572841644287,0.03186464309692383,7.373358726501465,7.047283172607422,7.307572841644287
qpack_mcp|row2442,qpack_mcp,0,7.450300216674805,7.307572841644287,0.14272737503051758,7.373358726501465,7.047283172607422,7.307572841644287
qpack_mcp|row2443,qpack_mcp,0,7.142200469970703,7.307572841644287,0.16537237167358398,7.373360633850098,7.047283172607422,7.307572841644287
qpack_mcp|row2444,qpack_mcp,0,7.2410078048706055,7.307572841644287,0.06656503677368164,7.373358726501465,7.047283172607422,7.307572841644287
qpack_mcp|row2445,qpack_mcp,0,7.277655601501465,7.307572841644287,0.029917240142822266,7.373358726501465,7.047283172607422,7.307572841644287
qpack_mcp|row2446,qpack_mcp,0,7.411801338195801,7.307572841644287,0.10422849655151367,7.373360633850098,7.047283172607422,7.307572841644287
qpack_mcp|row2447,qpack_mcp,0,7.04583740234375,7.307572841644287,0.2617354393005371,7.373360633850098,7.047283172607422,7.307572841644287
qpack_mcp|row2448,qpack_mcp,0,7.371062278747559,7.307572841644287,0.06348943710327148,7.373360633850098,7.047283172607422,7.307572841644287
qpack_mcp|row2449,qpack_mcp,0,7.42468786239624,7.307572841644287,0.11711502075195312,7.373358726501465,7.047283172607422,7.307572841644287
qpack_mcp|row245,qpack_mcp,0,6.956831932067871,5.58585262298584,1.3709793090820312,5.650805473327637,5.544151306152344,5.58585262298584
qpack_mcp|row2450,qpack_mcp,0,6.890523433685303,7.307572841644287,0.4170494079589844,7.373358726501465,7.047283172607422,7.307572841644287
qpack_mcp|row2451,qpack_mcp,0,7.035648822784424,7.307572841644287,0.2719240188598633,7.373360633850098,7.047283172607422,7.307572841644287
qpack_mcp|row2452,qpack_mcp,0,7.0331525802612305,7.307572841644287,0.27442026138305664,7.373360633850098,7.047283172607422,7.307572841644287
qpack_mcp|row2453,qpack_mcp,0,7.004508972167969,7.307572841644287,0.30306386947631836,7.373360633850098,7.047283172607422,7.307572841644287
qpack_mcp|row2454,qpack_mcp,0,6.968125343322754,7.307572841644287,0.3394474983215332,7.373360633850098,7.047283172607422,7.307572841644287
qpack_mcp|row2455,qpack_mcp,0,7.116907119750977,7.307572841644287,0.19066572189331055,7.373360633850098,7.047283172607422,7.307572841644287
qpack_mcp|row2456,qpack_mcp,0,7.036457061767578,7.307572841644287,0.271115779876709,7.373358726501465,7.047283172607422,7.307572841644287
qpack_mcp|row2457,qpack_mcp,0,7.266610145568848,7.307572841644287,0.04096269607543945,7.373358726501465,7.047283172607422,7.307572841644287
qpack_mcp|row2458,qpack_mcp,0,7.017765522003174,7.307572841644287,0.2898073196411133,7.373358726501465,7.047283172607422,7.307572841644287
qpack_mcp|row2459,qpack_mcp,0,7.012707710266113,7.307572841644287,0.29486513137817383,7.373358726501465,7.047283172607422,7.307572841644287
qpack_mcp|row246,qpack_mcp,0,6.572346210479736,5.58585262298584,0.9864935874938965,5.650805473327637,5.544151306152344,5.58585262298584
qpack_mcp|row2460,qpack_mcp,0,7.312299728393555,7.307572841644287,0.004726886749267578,7.373360633850098,7.047283172607422,7.307572841644287
qpack_mcp|row2461,qpack_mcp,0,7.540223598480225,7.307572841644287,0.2326507568359375,7.373360633850098,7.047283172607422,7.307572841644287
qpack_mcp|row2462,qpack_mcp,0,6.995662689208984,7.307572841644287,0.31191015243530273,7.373360633850098,7.047283172607422,7.307572841644287
qpack_mcp|row2463,qpack_mcp,0,7.036526203155518,7.307572841644287,0.27104663848876953,7.373360633850098,7.047283172607422,7.307572841644287
qpack_mcp|row2464,qpack_mcp,0,7.001806259155273,7.307572841644287,0.30576658248901367,7.373358726501465,7.047283172607422,7.307572841644287
qpack_mcp|row2465,qpack_mcp,0,6.998230457305908,7.307572841644287,0.3093423843383789,7.373358726501465,7.047283172607422,7.307572841644287
qpack_mcp|row2466,qpack_mcp,0,7.096512794494629,7.307572841644287,0.2110600471496582,7.373358726501465,7.047283172607422,7.307572841644287
qpack_mcp|row2467,qpack_mcp,0,6.871681213378906,7.307572841644287,0.43589162826538086,7.373358726501465,7.047283172607422,7.307572841644287
qpack_mcp|row2468,qpack_mcp,0,6.938756942749023,7.307572841644287,0.36881589889526367,7.373360633850098,7.047283172607422,7.307572841644287
qpack_mcp|row2469,qpack_mcp,0,7.014360427856445,7.307572841644287,0.2932124137878418,7.373360633850098,7.047283172607422,7.307572841644287
qpack_mcp|row247,qpack_mcp,0,7.15775203704834,5.58585262298584,1.5718994140625,5.650805473327637,5.544151306152344,5.58585262298584
qpack_mcp|row2470,qpack_mcp,0,7.170376777648926,7.307572841644287,0.13719606399536133,7.373358726501465,7.047283172607422,7.307572841644287
qpack_mcp|row2471,qpack_mcp,0,6.863461017608643,7.307572841644287,0.44411182403564453,7.373358726501465,7.047283172607422,7.307572841644287
qpack_mcp|row2472,qpack_mcp,0,7.106303691864014,7.307572841644287,0.20126914978027344,7.373360633850098,7.047283172607422,7.307572841644287
qpack_mcp|row2473,qpack_mcp,0,6.945295333862305,7.307572841644287,0.3622775077819824,7.373358726501465,7.047283172607422,7.307572841644287
qpack_mcp|row2474,qpack_mcp,0,7.207408905029297,7.307572841644287,0.10016393661499023,7.373358726501465,7.047283172607422,7.307572841644287
qpack_mcp|row2475,qpack_mcp,0,7.056121826171875,7.307572841644287,0.2514510154724121,7.373358726501465,7.047283172607422,7.307572841644287
qpack_mcp|row2476,qpack_mcp,0,6.985799789428711,7.307572841644287,0.32177305221557617,7.373360633850098,7.047283172607422,7.307572841644287
qpack_mcp|row2477,qpack_mcp,0,6.984046936035156,7.307572841644287,0.32352590560913086,7.373360633850098,7.047283172607422,7.307572841644287
qpack_mcp|row2478,qpack_mcp,0,7.179535388946533,7.307572841644287,0.1280374526977539,7.373358726501465,7.047283172607422,7.307572841644287
qpack_mcp|row2479,qpack_mcp,0,7.357003211975098,7.307572841644287,0.04943037033081055,7.373358726501465,7.047283172607422,7.307572841644287
qpack_mcp|row248,qpack_mcp,0,7.236513137817383,5.58585262298584,1.650660514831543,5.650805473327637,5.544151306152344,5.58585262298584
qpack_mcp|row2480,qpack_mcp,0,7.358194351196289,7.307572841644287,0.05062150955200195,7.373360633850098,7.047283172607422,7.307572841644287
qpack_mcp|row2481,qpack_mcp,0,7.383209228515625,7.307572841644287,0.07563638687133789,7.373360633850098,7.047283172607422,7.307572841644287
qpack_mcp|row2482,qpack_mcp,0,7.3175153732299805,7.307572841644287,0.00994253158569336,7.373360633850098,7.047283172607422,7.307572841644287
qpack_mcp|row2483,qpack_mcp,0,7.331011772155762,7.307572841644287,0.02343893051147461,7.373360633850098,7.047283172607422,7.307572841644287
qpack_mcp|row2484,qpack_mcp,0,7.478044509887695,7.307572841644287,0.1704716682434082,7.373360633850098,7.047283172607422,7.307572841644287
qpack_mcp|row2485,qpack_mcp,0,6.994158744812012,7.307572841644287,0.3134140968322754,7.373358726501465,7.047283172607422,7.307572841644287
qpack_mcp|row2486,qpack_mcp,0,6.923712730407715,7.307572841644287,0.38386011123657227,7.373358726501465,7.047283172607422,7.307572841644287
qpack_mcp|row2487,qpack_mcp,0,6.954954147338867,7.307572841644287,0.3526186943054199,7.373358726501465,7.047283172607422,7.307572841644287
qpack_mcp|row2488,qpack_mcp,0,7.018019676208496,7.307572841644287,0.289553165435791,7.373358726501465,7.047283172607422,7.307572841644287
qpack_mcp|row2489,qpack_mcp,0,6.898918151855469,7.307572841644287,0.40865468978881836,7.373360633850098,7.047283172607422,7.307572841644287
qpack_mcp|row249,qpack_mcp,0,7.0410051345825195,5.58585262298584,1.4551525115966797,5.650805473327637,5.544151306152344,5.58585262298584
qpack_mcp|row2490,qpack_mcp,0,7.193613052368164,7.307572841644287,0.11395978927612305,7.373360633850098,7.047283172607422,7.307572841644287
qpack_mcp|row2491,qpack_mcp,0,7.074462413787842,7.307572841644287,0.2331104278564453,7.373360633850098,7.047283172607422,7.307572841644287
qpack_mcp|row2492,qpack_mcp,0,7.1035919189453125,7.307572841644287,0.2039809226989746,7.373360633850098,7.047283172607422,7.307572841644287
qpack_mcp|row2493,qpack_mcp,0,7.427814483642578,7.307572841644287,0.12024164199829102,7.373358726501465,7.047283172607422,7.307572841644287
qpack_mcp|row2494,qpack_mcp,0,7.3319621086120605,7.307572841644287,0.024389266967773438,7.373358726501465,7.047283172607422,7.307572841644287
qpack_mcp|row2495,qpack_mcp,0,7.034667015075684,7.307572841644287,0.2729058265686035,7.373358726501465,7.047283172607422,7.307572841644287
qpack_mcp|row2496,qpack_mcp,0,7.136808395385742,7.307572841644287,0.17076444625854492,7.373360633850098,7.047283172607422,7.307572841644287
qpack_mcp|row2497,qpack_mcp,0,7.011272430419922,7.307572841644287,0.29630041122436523,7.373360633850098,7.047283172607422,7.307572841644287
qpack_mcp|row2498,qpack_mcp,0,7.137555122375488,7.307572841644287,0.17001771926879883,7.373358726501465,7.047283172607422,7.307572841644287
qpack_mcp|row2499,qpack_mcp,0,7.017180442810059,7.307572841644287,0.2903923988342285,7.373358726501465,7.047283172607422,7.307572841644287
qpack_mcp|row25,qpack_mcp,0,6.593827247619629,5.204858779907227,1.3889684677124023,5.378159046173096,5.137813568115234,5.204858779907227
qpack_mcp|row250,qpack_mcp,0,7.007544040679932,5.58585262298584,1.4216914176940918,5.650805473327637,5.544151306152344,5.58585262298584
qpack_mcp|row2500,qpack_mcp,0,7.164838790893555,7.307572841644287,0.14273405075073242,7.373358726501465,7.047283172607422,7.307572841644287
qpack_mcp|row2501,qpack_mcp,0,7.036370277404785,7.307572841644287,0.27120256423950195,7.373360633850098,7.047283172607422,7.307572841644287
qpack_mcp|row2502,qpack_mcp,0,7.6251678466796875,7.307572841644287,0.3175950050354004,7.373360633850098,7.047283172607422,7.307572841644287
qpack_mcp|row2503,qpack_mcp,0,7.5321269035339355,7.307572841644287,0.22455406188964844,7.373358726501465,7.047283172607422,7.307572841644287
qpack_mcp|row2504,qpack_mcp,0,7.342063903808594,7.307572841644287,0.03449106216430664,7.373360633850098,7.047283172607422,7.307572841644287
qpack_mcp|row2505,qpack_mcp,0,6.919931411743164,7.307572841644287,0.38764142990112305,7.373358726501465,7.047283172607422,7.307572841644287
qpack_mcp|row2506,qpack_mcp,0,7.003375053405762,7.307572841644287,0.3041977882385254,7.373360633850098,7.047283172607422,7.307572841644287
qpack_mcp|row2507,qpack_mcp,0,7.024920463562012,7.307572841644287,0.2826523780822754,7.373360633850098,7.047283172607422,7.307572841644287
qpack_mcp|row2508,qpack_mcp,0,6.9047651290893555,7.307572841644287,0.40280771255493164,7.373360633850098,7.047283172607422,7.307572841644287
qpack_mcp|row2509,qpack_mcp,0,6.9569478034973145,7.307572841644287,0.35062503814697266,7.373360633850098,7.047283172607422,7.307572841644287
qpack_mcp|row251,qpack_mcp,0,7.10899543762207,5.585853576660156,1.523141860961914,5.650805473327637,5.544151306152344,5.585853576660156
qpack_mcp|row2510,qpack_mcp,0,6.880548477172852,7.307572841644287,0.42702436447143555,7.373360633850098,7.047283172607422,7.307572841644287
qpack_mcp|row2511,qpack_mcp,0,6.926294326782227,7.307572841644287,0.38127851486206055,7.373360633850098,7.047283172607422,7.307572841644287
qpack_mcp|row2512,qpack_mcp,0,6.934260368347168,7.307572841644287,0.37331247329711914,7.373358726501465,7.047283172607422,7.307572841644287
qpack_mcp|row2513,qpack_mcp,0,7.064322471618652,7.307572841644287,0.24325037002563477,7.373358726501465,7.047283172607422,7.307572841644287
qpack_mcp|row2514,qpack_mcp,0,7.162520408630371,7.307572841644287,0.14505243301391602,7.373360633850098,7.047283172607422,7.307572841644287
qpack_mcp|row2515,qpack_mcp,0,7.128519058227539,7.307572841644287,0.17905378341674805,7.373360633850098,7.047283172607422,7.307572841644287
qpack_mcp|row2516,qpack_mcp,0,6.916728973388672,7.307572841644287,0.39084386825561523,7.373360633850098,7.047283172607422,7.307572841644287
qpack_mcp|row2517,qpack_mcp,0,7.301516532897949,7.307572841644287,0.006056308746337891,7.373360633850098,7.047283172607422,7.307572841644287
qpack_mcp|row2518,qpack_mcp,0,6.943315505981445,7.307572841644287,0.3642573356628418,7.373360633850098,7.047283172607422,7.307572841644287
qpack_mcp|row2519,qpack_mcp,0,6.965837478637695,7.307572841644287,0.3417353630065918,7.373360633850098,7.047283172607422,7.307572841644287
qpack_mcp|row252,qpack_mcp,0,6.589399337768555,5.585853576660156,1.0035457611083984,5.650805473327637,5.544151306152344,5.585853576660156
qpack_mcp|row2520,qpack_mcp,0,7.24854850769043,7.307572841644287,0.05902433395385742,7.373360633850098,7.047283172607422,7.307572841644287
qpack_mcp|row2521,qpack_mcp,0,7.013410568237305,7.307572841644287,0.2941622734069824,7.373360633850098,7.047283172607422,7.307572841644287
qpack_mcp|row2522,qpack_mcp,0,6.954878330230713,7.307572841644287,0.3526945114135742,7.373360633850098,7.047283172607422,7.307572841644287
qpack_mcp|row2523,qpack_mcp,0,6.935428619384766,7.307572841644287,0.3721442222595215,7.373360633850098,7.047283172607422,7.307572841644287
qpack_mcp|row2524,qpack_mcp,0,7.079014778137207,7.307572841644287,0.22855806350708008,7.373360633850098,7.047283172607422,7.307572841644287
qpack_mcp|row2525,qpack_mcp,0,7.344444274902344,7.307572841644287,0.03687143325805664,7.373360633850098,7.047283172607422,7.307572841644287
qpack_mcp|row2526,qpack_mcp,0,7.077125072479248,7.307572841644287,0.23044776916503906,7.373360633850098,7.047283172607422,7.307572841644287
qpack_mcp|row2527,qpack_mcp,0,7.298980236053467,7.307572841644287,0.008592605590820312,7.373360633850098,7.047283172607422,7.307572841644287
qpack_mcp|row2528,qpack_mcp,0,7.3380584716796875,7.307572841644287,0.03048563003540039,7.373360633850098,7.047283172607422,7.307572841644287
qpack_mcp|row2529,qpack_mcp,0,7.030663967132568,7.307572841644287,0.27690887451171875,7.373358726501465,7.047283172607422,7.307572841644287
qpack_mcp|row253,qpack_mcp,0,6.574443340301514,5.585853576660156,0.9885897636413574,5.650805473327637,5.544151306152344,5.585853576660156
qpack_mcp|row2530,qpack_mcp,0,7.045969009399414,7.307572841644287,0.26160383224487305,7.373360633850098,7.047283172607422,7.307572841644287
qpack_mcp|row2531,qpack_mcp,0,7.156332969665527,7.307572841644287,0.15123987197875977,7.373360633850098,7.047283172607422,7.307572841644287
qpack_mcp|row2532,qpack_mcp,0,7.285892963409424,7.307572841644287,0.02167987823486328,7.373360633850098,7.047283172607422,7.307572841644287
qpack_mcp|row254,qpack_mcp,0,6.615301132202148,5.585853576660156,1.0294475555419922,5.650805473327637,5.544151306152344,5.585853576660156
qpack_mcp|row255,qpack_mcp,0,6.961517333984375,5.58585262298584,1.3756647109985352,5.650805473327637,5.544151306152344,5.58585262298584
qpack_mcp|row256,qpack_mcp,0,6.8699798583984375,5.585853576660156,1.2841262817382812,5.650805473327637,5.544151306152344,5.585853576660156
qpack_mcp|row257,qpack_mcp,0,6.7057623863220215,5.585853576660156,1.1199088096618652,5.650805473327637,5.544151306152344,5.585853576660156
qpack_mcp|row258,qpack_mcp,0,6.730790138244629,5.585853576660156,1.1449365615844727,5.650805473327637,5.544151306152344,5.585853576660156
qpack_mcp|row259,qpack_mcp,0,6.706313133239746,5.585853576660156,1.1204595565795898,5.650805473327637,5.544151306152344,5.585853576660156
qpack_mcp|row26,qpack_mcp,0,6.91080379486084,5.204858779907227,1.7059450149536133,5.378159046173096,5.137813568115234,5.204858779907227
qpack_mcp|row260,qpack_mcp,0,6.531991958618164,5.58585262298584,0.9461393356323242,5.650805473327637,5.544151306152344,5.58585262298584
qpack_mcp|row261,qpack_mcp,0,6.655462741851807,5.585853576660156,1.0696091651916504,5.650805473327637,5.544151306152344,5.585853576660156
qpack_mcp|row262,qpack_mcp,0,6.4693803787231445,5.58585262298584,0.8835277557373047,5.650805473327637,5.544151306152344,5.58585262298584
qpack_mcp|row263,qpack_mcp,0,6.720131874084473,5.585853576660156,1.1342782974243164,5.650805473327637,5.544151306152344,5.585853576660156
qpack_mcp|row264,qpack_mcp,0,6.465085029602051,5.58585262298584,0.8792324066162109,5.650805473327637,5.544151306152344,5.58585262298584
qpack_mcp|row265,qpack_mcp,0,6.587119102478027,5.58585262298584,1.0012664794921875,5.650805473327637,5.544151306152344,5.58585262298584
qpack_mcp|row266,qpack_mcp,0,6.611904144287109,5.58585262298584,1.0260515213012695,5.650805473327637,5.544151306152344,5.58585262298584
qpack_mcp|row267,qpack_mcp,0,6.581218242645264,5.585853576660156,0.9953646659851074,5.650805473327637,5.544151306152344,5.585853576660156
qpack_mcp|row268,qpack_mcp,0,6.876572608947754,5.58585262298584,1.290719985961914,5.650805473327637,5.544151306152344,5.58585262298584
qpack_mcp|row269,qpack_mcp,0,6.6431884765625,5.585853576660156,1.0573348999023438,5.650805473327637,5.544151306152344,5.585853576660156
qpack_mcp|row27,qpack_mcp,0,6.5907111167907715,5.204858779907227,1.385852336883545,5.378159046173096,5.137813568115234,5.204858779907227
qpack_mcp|row28,qpack_mcp,0,6.481308937072754,5.204858779907227,1.2764501571655273,5.378159046173096,5.137813568115234,5.204858779907227
qpack_mcp|row29,qpack_mcp,0,6.567992210388184,5.204858779907227,1.363133430480957,5.378159046173096,5.137813568115234,5.204858779907227
qpack_mcp|row3,qpack_mcp,0,7.019570350646973,5.204858779907227,1.814711570739746,5.378159046173096,5.137813568115234,5.204858779907227
qpack_mcp|row30,qpack_mcp,0,7.0811767578125,5.204858779907227,1.8763179779052734,5.378159046173096,5.137813568115234,5.204858779907227
qpack_mcp|row31,qpack_mcp,0,6.653049468994141,5.204858779907227,1.448190689086914,5.378159046173096,5.137813568115234,5.204858779907227
qpack_mcp|row32,qpack_mcp,0,6.631384372711182,5.204858779907227,1.426525592803955,5.378159046173096,5.137813568115234,5.204858779907227
qpack_mcp|row33,qpack_mcp,0,6.835721969604492,5.204858779907227,1.6308631896972656,5.378159046173096,5.137813568115234,5.204858779907227
qpack_mcp|row34,qpack_mcp,0,6.696165084838867,5.204858779907227,1.4913063049316406,5.378159046173096,5.137813568115234,5.204858779907227
qpack_mcp|row35,qpack_mcp,0,6.842421531677246,5.204858779907227,1.6375627517700195,5.378159046173096,5.137813568115234,5.204858779907227
qpack_mcp|row36,qpack_mcp,0,6.714633941650391,5.204858779907227,1.509775161743164,5.378159046173096,5.137813568115234,5.204858779907227
qpack_mcp|row37,qpack_mcp,0,7.0801215171813965,5.204858779907227,1.87526273727417,5.378159046173096,5.137813568115234,5.204858779907227
qpack_mcp|row3710,qpack_mcp,0,4.436604022979736,6.053814888000488,1.617210865020752,6.102770805358887,5.992879390716553,6.053814888000488
qpack_mcp|row3711,qpack_mcp,0,4.627779483795166,6.053815841674805,1.4260363578796387,6.102770805358887,5.992879390716553,6.053815841674805
qpack_mcp|row3712,qpack_mcp,0,4.519156455993652,6.053815841674805,1.5346593856811523,6.102770805358887,5.992879390716553,6.053815841674805
qpack_mcp|row3713,qpack_mcp,0,4.514423370361328,6.053814888000488,1.5393915176391602,6.102770805358887,5.992879390716553,6.053814888000488
qpack_mcp|row3714,qpack_mcp,0,4.442717552185059,6.053815841674805,1.611098289489746,6.102770805358887,5.992879390716553,6.053815841674805
qpack_mcp|row3715,qpack_mcp,0,4.498129367828369,6.053814888000488,1.5556855201721191,6.102770805358887,5.992879390716553,6.053814888000488
qpack_mcp|row3716,qpack_mcp,0,4.403350830078125,6.053815841674805,1.6504650115966797,6.102770805358887,5.992879390716553,6.053815841674805
qpack_mcp|row3717,qpack_mcp,0,4.43509578704834,6.053815841674805,1.6187200546264648,6.102770805358887,5.992879390716553,6.053815841674805
qpack_mcp|row3718,qpack_mcp,0,4.703487396240234,6.053814888000488,1.350327491760254,6.102770805358887,5.992879390716553,6.053814888000488
qpack_mcp|row3719,qpack_mcp,0,4.453823089599609,6.053815841674805,1.5999927520751953,6.102770805358887,5.992879390716553,6.053815841674805
qpack_mcp|row3720,qpack_mcp,0,4.477217674255371,6.053815841674805,1.5765981674194336,6.102770805358887,5.992879390716553,6.053815841674805
qpack_mcp|row3721,qpack_mcp,0,4.84184455871582,6.053814888000488,1.211970329284668,6.102770805358887,5.992879390716553,6.053814888000488
qpack_mcp|row3722,qpack_mcp,0,4.4999284744262695,6.053814888000488,1.5538864135742188,6.102770805358887,5.992879390716553,6.053814888000488
qpack_mcp|row3723,qpack_mcp,0,4.415984153747559,6.053815841674805,1.637831687927246,6.102770805358887,5.992879390716553,6.053815841674805
qpack_mcp|row3724,qpack_mcp,0,4.826835632324219,6.053814888000488,1.2269792556762695,6.102770805358887,5.992879390716553,6.053814888000488
qpack_mcp|row3725,qpack_mcp,0,4.479384899139404,6.053815841674805,1.5744309425354004,6.102770805358887,5.992879390716553,6.053815841674805
qpack_mcp|row3726,qpack_mcp,0,4.6943278312683105,6.053815841674805,1.3594880104064941,6.102770805358887,5.992879390716553,6.053815841674805
qpack_mcp|row3727,qpack_mcp,0,4.65110969543457,6.053814888000488,1.402705192565918,6.102770805358887,5.992879390716553,6.053814888000488
qpack_mcp|row3728,qpack_mcp,0,4.576955795288086,6.053815841674805,1.4768600463867188,6.102770805358887,5.992879390716553,6.053815841674805
qpack_mcp|row3729,qpack_mcp,0,4.468141555786133,6.053814888000488,1.5856733322143555,6.102770805358887,5.992879390716553,6.053814888000488
qpack_mcp|row3730,qpack_mcp,0,4.438987731933594,6.053815841674805,1.614828109741211,6.102770805358887,5.992879390716553,6.053815841674805
qpack_mcp|row3731,qpack_mcp,0,4.584191799163818,6.053815841674805,1.4696240425109863,6.102770805358887,5.992879390716553,6.053815841674805
qpack_mcp|row3732,qpack_mcp,0,4.373373508453369,6.053814888000488,1.6804413795471191,6.102770805358887,5.992879390716553,6.053814888000488
qpack_mcp|row3733,qpack_mcp,0,4.390564918518066,6.053815841674805,1.6632509231567383,6.102770805358887,5.992879390716553,6.053815841674805
qpack_mcp|row3734,qpack_mcp,0,4.73579740524292,6.053814888000488,1.3180174827575684,6.102770805358887,5.992879390716553,6.053814888000488
qpack_mcp|row3735,qpack_mcp,0,4.485106468200684,6.053815841674805,1.568709373474121,6.102770805358887,5.992879390716553,6.053815841674805
qpack_mcp|row3736,qpack_mcp,0,4.707234859466553,6.053815841674805,1.346580982208252,6.102770805358887,5.992879390716553,6.053815841674805
qpack_mcp|row3737,qpack_mcp,0,4.4443511962890625,6.053814888000488,1.6094636917114258,6.102770805358887,5.992879390716553,6.053814888000488
qpack_mcp|row3738,qpack_mcp,0,4.5111565589904785,6.053815841674805,1.5426592826843262,6.102770805358887,5.992879390716553,6.053815841674805
qpack_mcp|row3739,qpack_mcp,0,4.4093427658081055,6.053814888000488,1.6444721221923828,6.102770805358887,5.992879390716553,6.053814888000488
qpack_mcp|row3740,qpack_mcp,0,4.36992883682251,6.053814888000488,1.6838860511779785,6.102770805358887,5.992879390716553,6.053814888000488
qpack_mcp|row3741,qpack_mcp,0,4.452287673950195,6.053815841674805,1.6015281677246094,6.102770805358887,5.992879390716553,6.053815841674805
qpack_mcp|row3742,qpack_mcp,0,4.417325019836426,6.053815841674805,1.636490821838379,6.102770805358887,5.992879390716553,6.053815841674805
qpack_mcp|row3743,qpack_mcp,0,4.390432357788086,6.053815841674805,1.6633834838867188,6.102770805358887,5.992879390716553,6.053815841674805
qpack_mcp|row3744,qpack_mcp,0,4.43340539932251,6.053815841674805,1.620410442352295,6.102770805358887,5.992879390716553,6.053815841674805
qpack_mcp|row3745,qpack_mcp,0,4.519650459289551,6.053814888000488,1.5341644287109375,6.102770805358887,5.992879390716553,6.053814888000488
qpack_mcp|row3746,qpack_mcp,0,4.538372993469238,6.053814888000488,1.51544189453125,6.102770805358887,5.992879390716553,6.053814888000488
qpack_mcp|row3747,qpack_mcp,0,4.9908342361450195,6.053815841674805,1.0629816055297852,6.102770805358887,5.992879390716553,6.053815841674805
qpack_mcp|row3748,qpack_mcp,0,4.486166477203369,6.053814888000488,1.5676484107971191,6.102770805358887,5.992879390716553,6.053814888000488
qpack_mcp|row3749,qpack_mcp,0,4.504734992980957,6.053815841674805,1.5490808486938477,6.102770805358887,5.992879390716553,6.053815841674805
qpack_mcp|row3750,qpack_mcp,0,4.444223403930664,6.053814888000488,1.6095914840698242,6.102770805358887,5.992879390716553,6.053814888000488
qpack_mcp|row3751,qpack_mcp,0,4.364982604980469,6.053815841674805,1.688833236694336,6.102770805358887,5.992879390716553,6.053815841674805
qpack_mcp|row3752,qpack_mcp,0,4.525602340698242,6.053815841674805,1.5282135009765625,6.102770805358887,5.992879390716553,6.053815841674805
qpack_mcp|row3753,qpack_mcp,0,4.561136245727539,6.053814888000488,1.4926786422729492,6.102770805358887,5.992879390716553,6.053814888000488
qpack_mcp|row3754,qpack_mcp,0,4.402229309082031,6.053814888000488,1.651585578918457,6.102770805358887,5.992879390716553,6.053814888000488
qpack_mcp|row3755,qpack_mcp,0,4.414601802825928,6.053814888000488,1.6392130851745605,6.102770805358887,5.992879390716553,6.053814888000488
qpack_mcp|row3756,qpack_mcp,0,4.400856018066406,6.053814888000488,1.652958869934082,6.102770805358887,5.992879390716553,6.053814888000488
qpack_mcp|row3757,qpack_mcp,0,4.6014533042907715,6.053815841674805,1.4523625373840332,6.102770805358887,5.992879390716553,6.053815841674805
qpack_mcp|row3758,qpack_mcp,0,4.486098289489746,6.053815841674805,1.5677175521850586,6.102770805358887,5.992879390716553,6.053815841674805
qpack_mcp|row3759,qpack_mcp,0,4.465599060058594,6.053814888000488,1.5882158279418945,6.102770805358887,5.992879390716553,6.053814888000488
qpack_mcp|row3760,qpack_mcp,0,4.451933860778809,6.053815841674805,1.601881980895996,6.102770805358887,5.992879390716553,6.053815841674805
qpack_mcp|row3761,qpack_mcp,0,4.455402374267578,6.053814888000488,1.5984125137329102,6.102770805358887,5.992879390716553,6.053814888000488
qpack_mcp|row3762,qpack_mcp,0,4.606573104858398,6.053815841674805,1.4472427368164062,6.102770805358887,5.992879390716553,6.053815841674805
qpack_mcp|row3763,qpack_mcp,0,4.434971809387207,6.053815841674805,1.6188440322875977,6.102770805358887,5.992879390716553,6.053815841674805
qpack_mcp|row3764,qpack_mcp,0,4.4896955490112305,6.053814888000488,1.5641193389892578,6.102770805358887,5.992879390716553,6.053814888000488
qpack_mcp|row3765,qpack_mcp,0,4.4669342041015625,6.053814888000488,1.5868806838989258,6.102770805358887,5.992879390716553,6.053814888000488
qpack_mcp|row3766,qpack_mcp,0,4.597428321838379,6.053814888000488,1.4563865661621094,6.102770805358887,5.992879390716553,6.053814888000488
qpack_mcp|row3767,qpack_mcp,0,4.341605186462402,6.053815841674805,1.7122106552124023,6.102770805358887,5.992879390716553,6.053815841674805
qpack_mcp|row3768,qpack_mcp,0,4.542885780334473,6.053815841674805,1.510930061340332,6.102770805358887,5.992879390716553,6.053815841674805
qpack_mcp|row3769,qpack_mcp,0,4.333272933959961,6.053814888000488,1.7205419540405273,6.102770805358887,5.992879390716553,6.053814888000488
qpack_mcp|row3770,qpack_mcp,0,4.5041327476501465,6.053815841674805,1.5496830940246582,6.102770805358887,5.992879390716553,6.053815841674805
qpack_mcp|row3771,qpack_mcp,0,4.573310852050781,6.053814888000488,1.480504035949707,6.102770805358887,5.992879390716553,6.053814888000488
qpack_mcp|row3772,qpack_mcp,0,4.389214515686035,6.053814888000488,1.6646003723144531,6.102770805358887,5.992879390716553,6.053814888000488
qpack_mcp|row3773,qpack_mcp,0,4.959654808044434,6.053815841674805,1.094161033630371,6.102770805358887,5.992879390716553,6.053815841674805
qpack_mcp|row3774,qpack_mcp,0,4.458209037780762,6.053814888000488,1.5956058502197266,6.102770805358887,5.992879390716553,6.053814888000488
qpack_mcp|row3775,qpack_mcp,0,4.671601295471191,6.053814888000488,1.3822135925292969,6.102770805358887,5.992879390716553,6.053814888000488
qpack_mcp|row3776,qpack_mcp,0,4.418844223022461,6.053815841674805,1.6349716186523438,6.102770805358887,5.992879390716553,6.053815841674805
qpack_mcp|row3777,qpack_mcp,0,4.422573089599609,6.053814888000488,1.631241798400879,6.102770805358887,5.992879390716553,6.053814888000488
qpack_mcp|row3778,qpack_mcp,0,4.344513893127441,6.053815841674805,1.7093019485473633,6.102770805358887,5.992879390716553,6.053815841674805
qpack_mcp|row3779,qpack_mcp,0,4.480866432189941,6.053814888000488,1.5729484558105469,6.102770805358887,5.992879390716553,6.053814888000488
qpack_mcp|row3780,qpack_mcp,0,4.36009407043457,6.053814888000488,1.693720817565918,6.102770805358887,5.992879390716553,6.053814888000488
qpack_mcp|row3781,qpack_mcp,0,4.42782735824585,6.053815841674805,1.625988483428955,6.102770805358887,5.992879390716553,6.053815841674805
qpack_mcp|row3782,qpack_mcp,0,4.576783180236816,6.053814888000488,1.4770317077636719,6.102770805358887,5.992879390716553,6.053814888000488
qpack_mcp|row3783,qpack_mcp,0,4.729029655456543,6.053814888000488,1.3247852325439453,6.102770805358887,5.992879390716553,6.053814888000488
qpack_mcp|row3784,qpack_mcp,0,4.375323295593262,6.053815841674805,1.678492546081543,6.102770805358887,5.992879390716553,6.053815841674805
qpack_mcp|row3785,qpack_mcp,0,4.4845476150512695,6.053814888000488,1.5692672729492188,6.102770805358887,5.992879390716553,6.053814888000488
qpack_mcp|row3786,qpack_mcp,0,4.453034400939941,6.053815841674805,1.6007814407348633,6.102770805358887,5.992879390716553,6.053815841674805
qpack_mcp|row3787,qpack_mcp,0,5.411524772644043,6.053814888000488,0.6422901153564453,6.102770805358887,5.992879390716553,6.053814888000488
qpack_mcp|row3788,qpack_mcp,0,5.003338813781738,6.053814888000488,1.05047607421875,6.102770805358887,5.992879390716553,6.053814888000488
qpack_mcp|row38,qpack_mcp,0,6.862264633178711,5.204858779907227,1.6574058532714844,5.378159046173096,5.137813568115234,5.204858779907227
qpack_mcp|row39,qpack_mcp,0,6.757489204406738,5.204858779907227,1.5526304244995117,5.378159046173096,5.137813568115234,5.204858779907227
qpack_mcp|row4,qpack_mcp,0,6.611934661865234,5.204858779907227,1.4070758819580078,5.378159046173096,5.137813568115234,5.204858779907227
qpack_mcp|row40,qpack_mcp,0,6.5166850090026855,5.204858779907227,1.311826229095459,5.378159046173096,5.137813568115234,5.204858779907227
qpack_mcp|row41,qpack_mcp,0,6.751097679138184,5.204858779907227,1.546238899230957,5.378159046173096,5.137813568115234,5.204858779907227
qpack_mcp|row42,qpack_mcp,0,7.0479736328125,5.204858779907227,1.8431148529052734,5.378159046173096,5.137813568115234,5.204858779907227
qpack_mcp|row43,qpack_mcp,0,6.627385139465332,5.204858779907227,1.4225263595581055,5.378159046173096,5.137813568115234,5.204858779907227
qpack_mcp|row44,qpack_mcp,0,7.212035655975342,5.204858779907227,2.0071768760681152,5.378159046173096,5.137813568115234,5.204858779907227
qpack_mcp|row45,qpack_mcp,0,6.9019060134887695,5.204858779907227,1.697047233581543,5.378159046173096,5.137813568115234,5.204858779907227
qpack_mcp|row46,qpack_mcp,0,6.886227607727051,5.204858779907227,1.6813688278198242,5.378159046173096,5.137813568115234,5.204858779907227
qpack_mcp|row47,qpack_mcp,0,6.937651634216309,5.204858779907227,1.732792854309082,5.378159046173096,5.137813568115234,5.204858779907227
qpack_mcp|row48,qpack_mcp,0,6.652891159057617,5.204858779907227,1.4480323791503906,5.378159046173096,5.137813568115234,5.204858779907227
qpack_mcp|row49,qpack_mcp,0,6.728462219238281,5.204858779907227,1.5236034393310547,5.378159046173096,5.137813568115234,5.204858779907227
qpack_mcp|row5,qpack_mcp,0,6.743497848510742,5.204858779907227,1.5386390686035156,5.378159046173096,5.137813568115234,5.204858779907227
qpack_mcp|row50,qpack_mcp,0,6.62581729888916,5.204858779907227,1.4209585189819336,5.378159046173096,5.137813568115234,5.204858779907227
qpack_mcp|row51,qpack_mcp,0,6.604625225067139,5.204858779907227,1.399766445159912,5.378159046173096,5.137813568115234,5.204858779907227
qpack_mcp|row52,qpack_mcp,0,6.630221366882324,5.204858779907227,1.4253625869750977,5.378159046173096,5.137813568115234,5.204858779907227
qpack_mcp|row53,qpack_mcp,0,7.01338005065918,5.204858779907227,1.8085212707519531,5.378159046173096,5.137813568115234,5.204858779907227
qpack_mcp|row54,qpack_mcp,0,6.582365036010742,5.204858779907227,1.3775062561035156,5.378159046173096,5.137813568115234,5.204858779907227
qpack_mcp|row55,qpack_mcp,0,6.626370429992676,5.204858779907227,1.4215116500854492,5.378159046173096,5.137813568115234,5.204858779907227
qpack_mcp|row56,qpack_mcp,0,7.246558666229248,5.204858779907227,2.0416998863220215,5.378159046173096,5.137813568115234,5.204858779907227
qpack_mcp|row57,qpack_mcp,0,6.8823442459106445,5.204858779907227,1.677485466003418,5.378159046173096,5.137813568115234,5.204858779907227
qpack_mcp|row58,qpack_mcp,0,7.223939895629883,5.204858779907227,2.0190811157226562,5.378159046173096,5.137813568115234,5.204858779907227
qpack_mcp|row59,qpack_mcp,0,6.783900737762451,5.204858779907227,1.5790419578552246,5.378159046173096,5.137813568115234,5.204858779907227
qpack_mcp|row6,qpack_mcp,0,6.959644317626953,5.204858779907227,1.7547855377197266,5.378159046173096,5.137813568115234,5.204858779907227
qpack_mcp|row60,qpack_mcp,0,7.353493690490723,5.204858779907227,2.148634910583496,5.378159046173096,5.137813568115234,5.204858779907227
qpack_mcp|row61,qpack_mcp,0,6.591098785400391,5.204858779907227,1.386240005493164,5.378159046173096,5.137813568115234,5.204858779907227
qpack_mcp|row62,qpack_mcp,0,6.715473175048828,5.204858779907227,1.5106143951416016,5.378159046173096,5.137813568115234,5.204858779907227
qpack_mcp|row63,qpack_mcp,0,6.653688430786133,5.204858779907227,1.4488296508789062,5.378159046173096,5.137813568115234,5.204858779907227
qpack_mcp|row64,qpack_mcp,0,6.7693023681640625,5.204858779907227,1.564443588256836,5.378159046173096,5.137813568115234,5.204858779907227
qpack_mcp|row65,qpack_mcp,0,6.792668342590332,5.204858779907227,1.5878095626831055,5.378159046173096,5.137813568115234,5.204858779907227
qpack_mcp|row66,qpack_mcp,0,6.9437055587768555,5.204858779907227,1.738846778869629,5.378159046173096,5.137813568115234,5.204858779907227
qpack_mcp|row67,qpack_mcp,0,6.610084533691406,5.204858779907227,1.4052257537841797,5.378159046173096,5.137813568115234,5.204858779907227
qpack_mcp|row68,qpack_mcp,0,6.991613388061523,5.204858779907227,1.7867546081542969,5.378159046173096,5.137813568115234,5.204858779907227
qpack_mcp|row69,qpack_mcp,0,6.680952072143555,5.204858779907227,1.4760932922363281,5.378159046173096,5.137813568115234,5.204858779907227
qpack_mcp|row7,qpack_mcp,0,6.780147552490234,5.204858779907227,1.5752887725830078,5.378159046173096,5.137813568115234,5.204858779907227
qpack_mcp|row70,qpack_mcp,0,6.630627632141113,5.204858779907227,1.4257688522338867,5.378159046173096,5.137813568115234,5.204858779907227
qpack_mcp|row71,qpack_mcp,0,7.007298469543457,5.204858779907227,1.8024396896362305,5.378159046173096,5.137813568115234,5.204858779907227
qpack_mcp|row72,qpack_mcp,0,6.7687482833862305,5.204858779907227,1.563889503479004,5.378159046173096,5.137813568115234,5.204858779907227
qpack_mcp|row73,qpack_mcp,0,6.663421630859375,5.204858779907227,1.4585628509521484,5.378159046173096,5.137813568115234,5.204858779907227
qpack_mcp|row74,qpack_mcp,0,6.613794326782227,5.204858779907227,1.408935546875,5.378159046173096,5.137813568115234,5.204858779907227
qpack_mcp|row75,qpack_mcp,0,6.741671562194824,5.204858779907227,1.5368127822875977,5.378159046173096,5.137813568115234,5.204858779907227
qpack_mcp|row76,qpack_mcp,0,6.883014678955078,5.204858779907227,1.6781558990478516,5.378159046173096,5.137813568115234,5.204858779907227
qpack_mcp|row77,qpack_mcp,0,6.993136405944824,5.204858779907227,1.7882776260375977,5.378159046173096,5.137813568115234,5.204858779907227
qpack_mcp|row78,qpack_mcp,0,6.595658302307129,5.204858779907227,1.3907995223999023,5.378159046173096,5.137813568115234,5.204858779907227
qpack_mcp|row79,qpack_mcp,0,6.653120994567871,5.204858779907227,1.4482622146606445,5.378159046173096,5.137813568115234,5.204858779907227
qpack_mcp|row8,qpack_mcp,0,7.686135768890381,5.204858779907227,2.4812769889831543,5.378159046173096,5.137813568115234,5.204858779907227
qpack_mcp|row80,qpack_mcp,0,6.623919486999512,5.204858779907227,1.4190607070922852,5.378159046173096,5.137813568115234,5.204858779907227
qpack_mcp|row81,qpack_mcp,0,6.571331024169922,5.204858779907227,1.3664722442626953,5.378159046173096,5.137813568115234,5.204858779907227
qpack_mcp|row82,qpack_mcp,0,6.570843696594238,5.204858779907227,1.3659849166870117,5.378159046173096,5.137813568115234,5.204858779907227
qpack_mcp|row83,qpack_mcp,0,6.649635314941406,5.204858779907227,1.4447765350341797,5.378159046173096,5.137813568115234,5.204858779907227
qpack_mcp|row84,qpack_mcp,0,6.572044372558594,5.204858779907227,1.3671855926513672,5.378159046173096,5.137813568115234,5.204858779907227
qpack_mcp|row9,qpack_mcp,0,7.176464080810547,5.204858779907227,1.9716053009033203,5.378159046173096,5.137813568115234,5.204858779907227
qpack_mcp|row982,qpack_mcp,0,6.688540935516357,6.214304447174072,0.47423648834228516,6.177530288696289,6.214304447174072,6.242199897766113
qpack_mcp|row983,qpack_mcp,0,6.884198188781738,6.2143049240112305,0.6698932647705078,6.177532196044922,6.2143049240112305,6.242199897766113
qpack_mcp|row984,qpack_mcp,0,6.562931537628174,6.2143049240112305,0.34862661361694336,6.177532196044922,6.2143049240112305,6.242199897766113
qpack_mcp|row985,qpack_mcp,0,6.799422740936279,6.214304447174072,0.585118293762207,6.177530288696289,6.214304447174072,6.242199897766113
qpack_mcp|row986,qpack_mcp,0,6.718750953674316,6.2143049240112305,0.5044460296630859,6.177530288696289,6.2143049240112305,6.242199897766113
qpack_mcp|row987,qpack_mcp,0,6.58001708984375,6.2143049240112305,0.36571216583251953,6.1775312423706055,6.2143049240112305,6.242199897766113
qpack_mcp|row988,qpack_mcp,0,6.5042009353637695,6.2143049240112305,0.28989601135253906,6.177530288696289,6.2143049240112305,6.242199897766113
qpack_mcp|row989,qpack_mcp,0,6.7008466720581055,6.2143049240112305,0.486541748046875,6.1775312423706055,6.2143049240112305,6.242199897766113
qpack_mcp|row990,qpack_mcp,0,6.555729866027832,6.2143049240112305,0.34142494201660156,6.1775312423706055,6.2143049240112305,6.242199897766113
qpack_mcp|row991,qpack_mcp,0,6.54671573638916,6.2143049240112305,0.3324108123779297,6.1775312423706055,6.2143049240112305,6.242199897766113
qpack_mcp|row992,qpack_mcp,0,7.482284069061279,6.2143049240112305,1.2679791450500488,6.177530288696289,6.2143049240112305,6.242199897766113
qpack_mcp|row993,qpack_mcp,0,6.563930988311768,6.2143049240112305,0.3496260643005371,6.1775312423706055,6.2143049240112305,6.242199897766113
qpack_mcp|row994,qpack_mcp,0,6.432305335998535,6.2143049240112305,0.2180004119873047,6.1775312423706055,6.2143049240112305,6.242199897766113
qpack_mcp|row995,qpack_mcp,0,6.484820365905762,6.2143049240112305,0.27051544189453125,6.1775312423706055,6.2143049240112305,6.242199897766113
qpack_mcp|row996,qpack_mcp,0,6.396161079406738,6.2143049240112305,0.1818561553955078,6.177530288696289,6.2143049240112305,6.242199897766113
qpack_mcp|row997,qpack_mcp,0,6.962317943572998,6.2143049240112305,0.7480130195617676,6.177530288696289,6.2143049240112305,6.242199897766113
qpack_mcp|row998,qpack_mcp,0,6.517470836639404,6.2143049240112305,0.30316591262817383,6.1775312423706055,6.2143049240112305,6.242199897766113
qpack_mcp|row999,qpack_mcp,0,6.532261848449707,6.2143049240112305,0.31795692443847656,6.1775312423706055,6.2143049240112305,6.242199897766113
