context_id,precision,method_id,fold,qasm_sha256,assigned_core_oof,target_status,target_seconds,prediction_seconds,status,terminal_reason,train_hash_count,test_hash_count,train_hashes_sha256,test_hashes_sha256,model_params_json,transform_contract,seed,prediction_aggregation,attempt_terminal,seed_prediction_min_seconds,seed_prediction_max_seconds,seed_prediction_range_seconds
cudaq_dense_statevector_fp32,fp32,mali_style_dense_graph,0,040a287609a78a55ab6148ad1a3cc6aa2fcee8b0871b077a9c1a37bee49f69fe,True,ok,0.00021624600049108267,0.0012424738379195333,ok,,113,37,4f89adae38ad3c2443dc3ce15101fa7a0b68f2be1f36fe84326a1e0d541de60d,25a3fc4d9ec55e005531b1ec6b1d9dd567a4b2b6468520df5a79273daa700f7e,"{""architecture"":""three_TransformerConv_64_relu_global_mean_pool_global_7_to_64_to_64_concat_128_to_512_to_512_to_128_to_1"",""batch_size"":32,""early_stopping"":false,""epochs"":500,""fidelity_class"":""architecture_adaptation"",""loss"":""unweighted_mse_log1p_seconds"",""lr"":0.0005,""model_precision"":""float32_no_amp"",""optimizer"":""Adam"",""representation"":""s71-operation-dag-v1 + seven globals"",""seeds"":[42,1234,31415],""weight_decay"":0.0001}","{""gate_vocabulary"":{""__UNK_GATE__"":33,""ccx"":0,""ch"":1,""cp"":2,""crx"":3,""cry"":4,""crz"":5,""cswap"":6,""cu1"":7,""cu3"":8,""cx"":9,""cy"":10,""cz"":11,""h"":12,""measure"":13,""p"":14,""rx"":15,""rxx"":16,""ry"":17,""rz"":18,""rzz"":19,""s"":20,""sdg"":21,""swap"":22,""sx"":23,""sxdg"":24,""t"":25,""tdg"":26,""u"":27,""u1"":28,""u2"":29,""u3"":30,""x"":31,""z"":32},""global_transform"":""log1p then mean/std fitted on outer-training hashes only; std<1e-6 replaced with 1.0"",""global_transform_sha256"":""a2c9ce39027ac3f6ca9c70ebdc5e3dfa6e7c0cc2dacba5840fcb65dcf7180ccf"",""global_transform_values"":{""mean"":[1.8224101498720864,3.1053872687217954,2.8079593283532653,3.0029284361859343,0.27063051723060083,1.8177518211967976,3.496507561466486],""std"":[0.37287327288192307,1.2921888340367358,1.1467136022319648,1.4585236621079292,0.5042543091468591,0.41948136712693684,1.0]},""globals"":[""active_width"",""structural_depth"",""one_qubit_count"",""two_qubit_count"",""swap_like_count"",""measurement_count"",""shots""],""graph"":""outer-train vocabulary; unseen operation maps to __UNK_GATE__; node features gate one-hot + arity-0..3 + parameter-present + normalized wire min/mean/max + wire-present"",""target"":""log1p(target_seconds), inverse=expm1 then clamp at zero"",""unknown_token"":""__UNK_GATE__"",""vocabulary_sha256"":""662765119c886b806641a1fa24ea99cf634664f8459a66458070cd4a9c9018e2""}",,rowwise_median,True,0.0011160025605931878,0.0013423959026113153,0.00022639334201812744
cudaq_dense_statevector_fp32,fp32,mali_style_dense_graph,0,0a43a3dbe4a4294a007fa7ec167a24ea300d3762489b98245c2f80ad29727075,True,ok,7.606200233567506e-05,0.0012424738379195333,ok,,113,37,4f89adae38ad3c2443dc3ce15101fa7a0b68f2be1f36fe84326a1e0d541de60d,25a3fc4d9ec55e005531b1ec6b1d9dd567a4b2b6468520df5a79273daa700f7e,"{""architecture"":""three_TransformerConv_64_relu_global_mean_pool_global_7_to_64_to_64_concat_128_to_512_to_512_to_128_to_1"",""batch_size"":32,""early_stopping"":false,""epochs"":500,""fidelity_class"":""architecture_adaptation"",""loss"":""unweighted_mse_log1p_seconds"",""lr"":0.0005,""model_precision"":""float32_no_amp"",""optimizer"":""Adam"",""representation"":""s71-operation-dag-v1 + seven globals"",""seeds"":[42,1234,31415],""weight_decay"":0.0001}","{""gate_vocabulary"":{""__UNK_GATE__"":33,""ccx"":0,""ch"":1,""cp"":2,""crx"":3,""cry"":4,""crz"":5,""cswap"":6,""cu1"":7,""cu3"":8,""cx"":9,""cy"":10,""cz"":11,""h"":12,""measure"":13,""p"":14,""rx"":15,""rxx"":16,""ry"":17,""rz"":18,""rzz"":19,""s"":20,""sdg"":21,""swap"":22,""sx"":23,""sxdg"":24,""t"":25,""tdg"":26,""u"":27,""u1"":28,""u2"":29,""u3"":30,""x"":31,""z"":32},""global_transform"":""log1p then mean/std fitted on outer-training hashes only; std<1e-6 replaced with 1.0"",""global_transform_sha256"":""a2c9ce39027ac3f6ca9c70ebdc5e3dfa6e7c0cc2dacba5840fcb65dcf7180ccf"",""global_transform_values"":{""mean"":[1.8224101498720864,3.1053872687217954,2.8079593283532653,3.0029284361859343,0.27063051723060083,1.8177518211967976,3.496507561466486],""std"":[0.37287327288192307,1.2921888340367358,1.1467136022319648,1.4585236621079292,0.5042543091468591,0.41948136712693684,1.0]},""globals"":[""active_width"",""structural_depth"",""one_qubit_count"",""two_qubit_count"",""swap_like_count"",""measurement_count"",""shots""],""graph"":""outer-train vocabulary; unseen operation maps to __UNK_GATE__; node features gate one-hot + arity-0..3 + parameter-present + normalized wire min/mean/max + wire-present"",""target"":""log1p(target_seconds), inverse=expm1 then clamp at zero"",""unknown_token"":""__UNK_GATE__"",""vocabulary_sha256"":""662765119c886b806641a1fa24ea99cf634664f8459a66458070cd4a9c9018e2""}",,rowwise_median,True,0.0011160025605931878,0.0013423959026113153,0.00022639334201812744
cudaq_dense_statevector_fp32,fp32,mali_style_dense_graph,0,0a43c652a1c92c83389d952438c22aa0d890a611333da29499d6ff1733925b21,True,ok,0.00042248700628988445,0.0012424738379195333,ok,,113,37,4f89adae38ad3c2443dc3ce15101fa7a0b68f2be1f36fe84326a1e0d541de60d,25a3fc4d9ec55e005531b1ec6b1d9dd567a4b2b6468520df5a79273daa700f7e,"{""architecture"":""three_TransformerConv_64_relu_global_mean_pool_global_7_to_64_to_64_concat_128_to_512_to_512_to_128_to_1"",""batch_size"":32,""early_stopping"":false,""epochs"":500,""fidelity_class"":""architecture_adaptation"",""loss"":""unweighted_mse_log1p_seconds"",""lr"":0.0005,""model_precision"":""float32_no_amp"",""optimizer"":""Adam"",""representation"":""s71-operation-dag-v1 + seven globals"",""seeds"":[42,1234,31415],""weight_decay"":0.0001}","{""gate_vocabulary"":{""__UNK_GATE__"":33,""ccx"":0,""ch"":1,""cp"":2,""crx"":3,""cry"":4,""crz"":5,""cswap"":6,""cu1"":7,""cu3"":8,""cx"":9,""cy"":10,""cz"":11,""h"":12,""measure"":13,""p"":14,""rx"":15,""rxx"":16,""ry"":17,""rz"":18,""rzz"":19,""s"":20,""sdg"":21,""swap"":22,""sx"":23,""sxdg"":24,""t"":25,""tdg"":26,""u"":27,""u1"":28,""u2"":29,""u3"":30,""x"":31,""z"":32},""global_transform"":""log1p then mean/std fitted on outer-training hashes only; std<1e-6 replaced with 1.0"",""global_transform_sha256"":""a2c9ce39027ac3f6ca9c70ebdc5e3dfa6e7c0cc2dacba5840fcb65dcf7180ccf"",""global_transform_values"":{""mean"":[1.8224101498720864,3.1053872687217954,2.8079593283532653,3.0029284361859343,0.27063051723060083,1.8177518211967976,3.496507561466486],""std"":[0.37287327288192307,1.2921888340367358,1.1467136022319648,1.4585236621079292,0.5042543091468591,0.41948136712693684,1.0]},""globals"":[""active_width"",""structural_depth"",""one_qubit_count"",""two_qubit_count"",""swap_like_count"",""measurement_count"",""shots""],""graph"":""outer-train vocabulary; unseen operation maps to __UNK_GATE__; node features gate one-hot + arity-0..3 + parameter-present + normalized wire min/mean/max + wire-present"",""target"":""log1p(target_seconds), inverse=expm1 then clamp at zero"",""unknown_token"":""__UNK_GATE__"",""vocabulary_sha256"":""662765119c886b806641a1fa24ea99cf634664f8459a66458070cd4a9c9018e2""}",,rowwise_median,True,0.0011160025605931878,0.0013423959026113153,0.00022639334201812744
cudaq_dense_statevector_fp32,fp32,mali_style_dense_graph,0,23a9403cafedb94bbd2f39d4d9106aca7f890047719b80231d86ac9fb8382383,True,ok,0.00013782399764750153,0.0012424738379195333,ok,,113,37,4f89adae38ad3c2443dc3ce15101fa7a0b68f2be1f36fe84326a1e0d541de60d,25a3fc4d9ec55e005531b1ec6b1d9dd567a4b2b6468520df5a79273daa700f7e,"{""architecture"":""three_TransformerConv_64_relu_global_mean_pool_global_7_to_64_to_64_concat_128_to_512_to_512_to_128_to_1"",""batch_size"":32,""early_stopping"":false,""epochs"":500,""fidelity_class"":""architecture_adaptation"",""loss"":""unweighted_mse_log1p_seconds"",""lr"":0.0005,""model_precision"":""float32_no_amp"",""optimizer"":""Adam"",""representation"":""s71-operation-dag-v1 + seven globals"",""seeds"":[42,1234,31415],""weight_decay"":0.0001}","{""gate_vocabulary"":{""__UNK_GATE__"":33,""ccx"":0,""ch"":1,""cp"":2,""crx"":3,""cry"":4,""crz"":5,""cswap"":6,""cu1"":7,""cu3"":8,""cx"":9,""cy"":10,""cz"":11,""h"":12,""measure"":13,""p"":14,""rx"":15,""rxx"":16,""ry"":17,""rz"":18,""rzz"":19,""s"":20,""sdg"":21,""swap"":22,""sx"":23,""sxdg"":24,""t"":25,""tdg"":26,""u"":27,""u1"":28,""u2"":29,""u3"":30,""x"":31,""z"":32},""global_transform"":""log1p then mean/std fitted on outer-training hashes only; std<1e-6 replaced with 1.0"",""global_transform_sha256"":""a2c9ce39027ac3f6ca9c70ebdc5e3dfa6e7c0cc2dacba5840fcb65dcf7180ccf"",""global_transform_values"":{""mean"":[1.8224101498720864,3.1053872687217954,2.8079593283532653,3.0029284361859343,0.27063051723060083,1.8177518211967976,3.496507561466486],""std"":[0.37287327288192307,1.2921888340367358,1.1467136022319648,1.4585236621079292,0.5042543091468591,0.41948136712693684,1.0]},""globals"":[""active_width"",""structural_depth"",""one_qubit_count"",""two_qubit_count"",""swap_like_count"",""measurement_count"",""shots""],""graph"":""outer-train vocabulary; unseen operation maps to __UNK_GATE__; node features gate one-hot + arity-0..3 + parameter-present + normalized wire min/mean/max + wire-present"",""target"":""log1p(target_seconds), inverse=expm1 then clamp at zero"",""unknown_token"":""__UNK_GATE__"",""vocabulary_sha256"":""662765119c886b806641a1fa24ea99cf634664f8459a66458070cd4a9c9018e2""}",,rowwise_median,True,0.0011160025605931878,0.0013423959026113153,0.00022639334201812744
cudaq_dense_statevector_fp32,fp32,mali_style_dense_graph,0,35548785a9c99b0ad9409f18dfbfc3baed0e1dcbb1d95eae8c8510dcda120410,True,ok,0.010669012001017109,0.0012424738379195333,ok,,113,37,4f89adae38ad3c2443dc3ce15101fa7a0b68f2be1f36fe84326a1e0d541de60d,25a3fc4d9ec55e005531b1ec6b1d9dd567a4b2b6468520df5a79273daa700f7e,"{""architecture"":""three_TransformerConv_64_relu_global_mean_pool_global_7_to_64_to_64_concat_128_to_512_to_512_to_128_to_1"",""batch_size"":32,""early_stopping"":false,""epochs"":500,""fidelity_class"":""architecture_adaptation"",""loss"":""unweighted_mse_log1p_seconds"",""lr"":0.0005,""model_precision"":""float32_no_amp"",""optimizer"":""Adam"",""representation"":""s71-operation-dag-v1 + seven globals"",""seeds"":[42,1234,31415],""weight_decay"":0.0001}","{""gate_vocabulary"":{""__UNK_GATE__"":33,""ccx"":0,""ch"":1,""cp"":2,""crx"":3,""cry"":4,""crz"":5,""cswap"":6,""cu1"":7,""cu3"":8,""cx"":9,""cy"":10,""cz"":11,""h"":12,""measure"":13,""p"":14,""rx"":15,""rxx"":16,""ry"":17,""rz"":18,""rzz"":19,""s"":20,""sdg"":21,""swap"":22,""sx"":23,""sxdg"":24,""t"":25,""tdg"":26,""u"":27,""u1"":28,""u2"":29,""u3"":30,""x"":31,""z"":32},""global_transform"":""log1p then mean/std fitted on outer-training hashes only; std<1e-6 replaced with 1.0"",""global_transform_sha256"":""a2c9ce39027ac3f6ca9c70ebdc5e3dfa6e7c0cc2dacba5840fcb65dcf7180ccf"",""global_transform_values"":{""mean"":[1.8224101498720864,3.1053872687217954,2.8079593283532653,3.0029284361859343,0.27063051723060083,1.8177518211967976,3.496507561466486],""std"":[0.37287327288192307,1.2921888340367358,1.1467136022319648,1.4585236621079292,0.5042543091468591,0.41948136712693684,1.0]},""globals"":[""active_width"",""structural_depth"",""one_qubit_count"",""two_qubit_count"",""swap_like_count"",""measurement_count"",""shots""],""graph"":""outer-train vocabulary; unseen operation maps to __UNK_GATE__; node features gate one-hot + arity-0..3 + parameter-present + normalized wire min/mean/max + wire-present"",""target"":""log1p(target_seconds), inverse=expm1 then clamp at zero"",""unknown_token"":""__UNK_GATE__"",""vocabulary_sha256"":""662765119c886b806641a1fa24ea99cf634664f8459a66458070cd4a9c9018e2""}",,rowwise_median,True,0.0011160025605931878,0.0013423959026113153,0.00022639334201812744
cudaq_dense_statevector_fp32,fp32,mali_style_dense_graph,0,36bb1354ff108648bc8c9c529a2002a53a68e4bfa9bf3529edce11e5d47f851f,True,ok,0.00019917500321753323,0.0012424738379195333,ok,,113,37,4f89adae38ad3c2443dc3ce15101fa7a0b68f2be1f36fe84326a1e0d541de60d,25a3fc4d9ec55e005531b1ec6b1d9dd567a4b2b6468520df5a79273daa700f7e,"{""architecture"":""three_TransformerConv_64_relu_global_mean_pool_global_7_to_64_to_64_concat_128_to_512_to_512_to_128_to_1"",""batch_size"":32,""early_stopping"":false,""epochs"":500,""fidelity_class"":""architecture_adaptation"",""loss"":""unweighted_mse_log1p_seconds"",""lr"":0.0005,""model_precision"":""float32_no_amp"",""optimizer"":""Adam"",""representation"":""s71-operation-dag-v1 + seven globals"",""seeds"":[42,1234,31415],""weight_decay"":0.0001}","{""gate_vocabulary"":{""__UNK_GATE__"":33,""ccx"":0,""ch"":1,""cp"":2,""crx"":3,""cry"":4,""crz"":5,""cswap"":6,""cu1"":7,""cu3"":8,""cx"":9,""cy"":10,""cz"":11,""h"":12,""measure"":13,""p"":14,""rx"":15,""rxx"":16,""ry"":17,""rz"":18,""rzz"":19,""s"":20,""sdg"":21,""swap"":22,""sx"":23,""sxdg"":24,""t"":25,""tdg"":26,""u"":27,""u1"":28,""u2"":29,""u3"":30,""x"":31,""z"":32},""global_transform"":""log1p then mean/std fitted on outer-training hashes only; std<1e-6 replaced with 1.0"",""global_transform_sha256"":""a2c9ce39027ac3f6ca9c70ebdc5e3dfa6e7c0cc2dacba5840fcb65dcf7180ccf"",""global_transform_values"":{""mean"":[1.8224101498720864,3.1053872687217954,2.8079593283532653,3.0029284361859343,0.27063051723060083,1.8177518211967976,3.496507561466486],""std"":[0.37287327288192307,1.2921888340367358,1.1467136022319648,1.4585236621079292,0.5042543091468591,0.41948136712693684,1.0]},""globals"":[""active_width"",""structural_depth"",""one_qubit_count"",""two_qubit_count"",""swap_like_count"",""measurement_count"",""shots""],""graph"":""outer-train vocabulary; unseen operation maps to __UNK_GATE__; node features gate one-hot + arity-0..3 + parameter-present + normalized wire min/mean/max + wire-present"",""target"":""log1p(target_seconds), inverse=expm1 then clamp at zero"",""unknown_token"":""__UNK_GATE__"",""vocabulary_sha256"":""662765119c886b806641a1fa24ea99cf634664f8459a66458070cd4a9c9018e2""}",,rowwise_median,True,0.0011160025605931878,0.0013423959026113153,0.00022639334201812744
cudaq_dense_statevector_fp32,fp32,mali_style_dense_graph,0,4b24f68f78c4499a295ab28caa04282d174b7ab2a6b0f5333d3bfe630df72f71,True,ok,0.00013226299779489636,0.0012424738379195333,ok,,113,37,4f89adae38ad3c2443dc3ce15101fa7a0b68f2be1f36fe84326a1e0d541de60d,25a3fc4d9ec55e005531b1ec6b1d9dd567a4b2b6468520df5a79273daa700f7e,"{""architecture"":""three_TransformerConv_64_relu_global_mean_pool_global_7_to_64_to_64_concat_128_to_512_to_512_to_128_to_1"",""batch_size"":32,""early_stopping"":false,""epochs"":500,""fidelity_class"":""architecture_adaptation"",""loss"":""unweighted_mse_log1p_seconds"",""lr"":0.0005,""model_precision"":""float32_no_amp"",""optimizer"":""Adam"",""representation"":""s71-operation-dag-v1 + seven globals"",""seeds"":[42,1234,31415],""weight_decay"":0.0001}","{""gate_vocabulary"":{""__UNK_GATE__"":33,""ccx"":0,""ch"":1,""cp"":2,""crx"":3,""cry"":4,""crz"":5,""cswap"":6,""cu1"":7,""cu3"":8,""cx"":9,""cy"":10,""cz"":11,""h"":12,""measure"":13,""p"":14,""rx"":15,""rxx"":16,""ry"":17,""rz"":18,""rzz"":19,""s"":20,""sdg"":21,""swap"":22,""sx"":23,""sxdg"":24,""t"":25,""tdg"":26,""u"":27,""u1"":28,""u2"":29,""u3"":30,""x"":31,""z"":32},""global_transform"":""log1p then mean/std fitted on outer-training hashes only; std<1e-6 replaced with 1.0"",""global_transform_sha256"":""a2c9ce39027ac3f6ca9c70ebdc5e3dfa6e7c0cc2dacba5840fcb65dcf7180ccf"",""global_transform_values"":{""mean"":[1.8224101498720864,3.1053872687217954,2.8079593283532653,3.0029284361859343,0.27063051723060083,1.8177518211967976,3.496507561466486],""std"":[0.37287327288192307,1.2921888340367358,1.1467136022319648,1.4585236621079292,0.5042543091468591,0.41948136712693684,1.0]},""globals"":[""active_width"",""structural_depth"",""one_qubit_count"",""two_qubit_count"",""swap_like_count"",""measurement_count"",""shots""],""graph"":""outer-train vocabulary; unseen operation maps to __UNK_GATE__; node features gate one-hot + arity-0..3 + parameter-present + normalized wire min/mean/max + wire-present"",""target"":""log1p(target_seconds), inverse=expm1 then clamp at zero"",""unknown_token"":""__UNK_GATE__"",""vocabulary_sha256"":""662765119c886b806641a1fa24ea99cf634664f8459a66458070cd4a9c9018e2""}",,rowwise_median,True,0.0011160025605931878,0.0013423959026113153,0.00022639334201812744
cudaq_dense_statevector_fp32,fp32,mali_style_dense_graph,0,4b5542071ea595cd62184de26c4f1dac3f6afa86f6450f50a28dbe8e1f865257,True,ok,0.00013331999070942402,0.0012424738379195333,ok,,113,37,4f89adae38ad3c2443dc3ce15101fa7a0b68f2be1f36fe84326a1e0d541de60d,25a3fc4d9ec55e005531b1ec6b1d9dd567a4b2b6468520df5a79273daa700f7e,"{""architecture"":""three_TransformerConv_64_relu_global_mean_pool_global_7_to_64_to_64_concat_128_to_512_to_512_to_128_to_1"",""batch_size"":32,""early_stopping"":false,""epochs"":500,""fidelity_class"":""architecture_adaptation"",""loss"":""unweighted_mse_log1p_seconds"",""lr"":0.0005,""model_precision"":""float32_no_amp"",""optimizer"":""Adam"",""representation"":""s71-operation-dag-v1 + seven globals"",""seeds"":[42,1234,31415],""weight_decay"":0.0001}","{""gate_vocabulary"":{""__UNK_GATE__"":33,""ccx"":0,""ch"":1,""cp"":2,""crx"":3,""cry"":4,""crz"":5,""cswap"":6,""cu1"":7,""cu3"":8,""cx"":9,""cy"":10,""cz"":11,""h"":12,""measure"":13,""p"":14,""rx"":15,""rxx"":16,""ry"":17,""rz"":18,""rzz"":19,""s"":20,""sdg"":21,""swap"":22,""sx"":23,""sxdg"":24,""t"":25,""tdg"":26,""u"":27,""u1"":28,""u2"":29,""u3"":30,""x"":31,""z"":32},""global_transform"":""log1p then mean/std fitted on outer-training hashes only; std<1e-6 replaced with 1.0"",""global_transform_sha256"":""a2c9ce39027ac3f6ca9c70ebdc5e3dfa6e7c0cc2dacba5840fcb65dcf7180ccf"",""global_transform_values"":{""mean"":[1.8224101498720864,3.1053872687217954,2.8079593283532653,3.0029284361859343,0.27063051723060083,1.8177518211967976,3.496507561466486],""std"":[0.37287327288192307,1.2921888340367358,1.1467136022319648,1.4585236621079292,0.5042543091468591,0.41948136712693684,1.0]},""globals"":[""active_width"",""structural_depth"",""one_qubit_count"",""two_qubit_count"",""swap_like_count"",""measurement_count"",""shots""],""graph"":""outer-train vocabulary; unseen operation maps to __UNK_GATE__; node features gate one-hot + arity-0..3 + parameter-present + normalized wire min/mean/max + wire-present"",""target"":""log1p(target_seconds), inverse=expm1 then clamp at zero"",""unknown_token"":""__UNK_GATE__"",""vocabulary_sha256"":""662765119c886b806641a1fa24ea99cf634664f8459a66458070cd4a9c9018e2""}",,rowwise_median,True,0.0011160025605931878,0.0013423959026113153,0.00022639334201812744
cudaq_dense_statevector_fp32,fp32,mali_style_dense_graph,0,66c9180a271ec04f728ab259ed86a24fe52676e6f40a7614b02f79fd13536c91,True,ok,9.88020037766546e-05,0.0012424738379195333,ok,,113,37,4f89adae38ad3c2443dc3ce15101fa7a0b68f2be1f36fe84326a1e0d541de60d,25a3fc4d9ec55e005531b1ec6b1d9dd567a4b2b6468520df5a79273daa700f7e,"{""architecture"":""three_TransformerConv_64_relu_global_mean_pool_global_7_to_64_to_64_concat_128_to_512_to_512_to_128_to_1"",""batch_size"":32,""early_stopping"":false,""epochs"":500,""fidelity_class"":""architecture_adaptation"",""loss"":""unweighted_mse_log1p_seconds"",""lr"":0.0005,""model_precision"":""float32_no_amp"",""optimizer"":""Adam"",""representation"":""s71-operation-dag-v1 + seven globals"",""seeds"":[42,1234,31415],""weight_decay"":0.0001}","{""gate_vocabulary"":{""__UNK_GATE__"":33,""ccx"":0,""ch"":1,""cp"":2,""crx"":3,""cry"":4,""crz"":5,""cswap"":6,""cu1"":7,""cu3"":8,""cx"":9,""cy"":10,""cz"":11,""h"":12,""measure"":13,""p"":14,""rx"":15,""rxx"":16,""ry"":17,""rz"":18,""rzz"":19,""s"":20,""sdg"":21,""swap"":22,""sx"":23,""sxdg"":24,""t"":25,""tdg"":26,""u"":27,""u1"":28,""u2"":29,""u3"":30,""x"":31,""z"":32},""global_transform"":""log1p then mean/std fitted on outer-training hashes only; std<1e-6 replaced with 1.0"",""global_transform_sha256"":""a2c9ce39027ac3f6ca9c70ebdc5e3dfa6e7c0cc2dacba5840fcb65dcf7180ccf"",""global_transform_values"":{""mean"":[1.8224101498720864,3.1053872687217954,2.8079593283532653,3.0029284361859343,0.27063051723060083,1.8177518211967976,3.496507561466486],""std"":[0.37287327288192307,1.2921888340367358,1.1467136022319648,1.4585236621079292,0.5042543091468591,0.41948136712693684,1.0]},""globals"":[""active_width"",""structural_depth"",""one_qubit_count"",""two_qubit_count"",""swap_like_count"",""measurement_count"",""shots""],""graph"":""outer-train vocabulary; unseen operation maps to __UNK_GATE__; node features gate one-hot + arity-0..3 + parameter-present + normalized wire min/mean/max + wire-present"",""target"":""log1p(target_seconds), inverse=expm1 then clamp at zero"",""unknown_token"":""__UNK_GATE__"",""vocabulary_sha256"":""662765119c886b806641a1fa24ea99cf634664f8459a66458070cd4a9c9018e2""}",,rowwise_median,True,0.0011160025605931878,0.0013423959026113153,0.00022639334201812744
cudaq_dense_statevector_fp32,fp32,mali_style_dense_graph,0,6b2f9fea850557b40ca9b69341ec300b1c4fe1f4bf53e94436af2ba1586bac62,True,ok,0.00011236200225539505,0.0012424738379195333,ok,,113,37,4f89adae38ad3c2443dc3ce15101fa7a0b68f2be1f36fe84326a1e0d541de60d,25a3fc4d9ec55e005531b1ec6b1d9dd567a4b2b6468520df5a79273daa700f7e,"{""architecture"":""three_TransformerConv_64_relu_global_mean_pool_global_7_to_64_to_64_concat_128_to_512_to_512_to_128_to_1"",""batch_size"":32,""early_stopping"":false,""epochs"":500,""fidelity_class"":""architecture_adaptation"",""loss"":""unweighted_mse_log1p_seconds"",""lr"":0.0005,""model_precision"":""float32_no_amp"",""optimizer"":""Adam"",""representation"":""s71-operation-dag-v1 + seven globals"",""seeds"":[42,1234,31415],""weight_decay"":0.0001}","{""gate_vocabulary"":{""__UNK_GATE__"":33,""ccx"":0,""ch"":1,""cp"":2,""crx"":3,""cry"":4,""crz"":5,""cswap"":6,""cu1"":7,""cu3"":8,""cx"":9,""cy"":10,""cz"":11,""h"":12,""measure"":13,""p"":14,""rx"":15,""rxx"":16,""ry"":17,""rz"":18,""rzz"":19,""s"":20,""sdg"":21,""swap"":22,""sx"":23,""sxdg"":24,""t"":25,""tdg"":26,""u"":27,""u1"":28,""u2"":29,""u3"":30,""x"":31,""z"":32},""global_transform"":""log1p then mean/std fitted on outer-training hashes only; std<1e-6 replaced with 1.0"",""global_transform_sha256"":""a2c9ce39027ac3f6ca9c70ebdc5e3dfa6e7c0cc2dacba5840fcb65dcf7180ccf"",""global_transform_values"":{""mean"":[1.8224101498720864,3.1053872687217954,2.8079593283532653,3.0029284361859343,0.27063051723060083,1.8177518211967976,3.496507561466486],""std"":[0.37287327288192307,1.2921888340367358,1.1467136022319648,1.4585236621079292,0.5042543091468591,0.41948136712693684,1.0]},""globals"":[""active_width"",""structural_depth"",""one_qubit_count"",""two_qubit_count"",""swap_like_count"",""measurement_count"",""shots""],""graph"":""outer-train vocabulary; unseen operation maps to __UNK_GATE__; node features gate one-hot + arity-0..3 + parameter-present + normalized wire min/mean/max + wire-present"",""target"":""log1p(target_seconds), inverse=expm1 then clamp at zero"",""unknown_token"":""__UNK_GATE__"",""vocabulary_sha256"":""662765119c886b806641a1fa24ea99cf634664f8459a66458070cd4a9c9018e2""}",,rowwise_median,True,0.0011160025605931878,0.0013423959026113153,0.00022639334201812744
cudaq_dense_statevector_fp32,fp32,mali_style_dense_graph,0,72fb5f837aaa2bec862c3a477efd166f351b72903612c32d444704a431457f4d,True,ok,0.0007719569839537144,0.0012424738379195333,ok,,113,37,4f89adae38ad3c2443dc3ce15101fa7a0b68f2be1f36fe84326a1e0d541de60d,25a3fc4d9ec55e005531b1ec6b1d9dd567a4b2b6468520df5a79273daa700f7e,"{""architecture"":""three_TransformerConv_64_relu_global_mean_pool_global_7_to_64_to_64_concat_128_to_512_to_512_to_128_to_1"",""batch_size"":32,""early_stopping"":false,""epochs"":500,""fidelity_class"":""architecture_adaptation"",""loss"":""unweighted_mse_log1p_seconds"",""lr"":0.0005,""model_precision"":""float32_no_amp"",""optimizer"":""Adam"",""representation"":""s71-operation-dag-v1 + seven globals"",""seeds"":[42,1234,31415],""weight_decay"":0.0001}","{""gate_vocabulary"":{""__UNK_GATE__"":33,""ccx"":0,""ch"":1,""cp"":2,""crx"":3,""cry"":4,""crz"":5,""cswap"":6,""cu1"":7,""cu3"":8,""cx"":9,""cy"":10,""cz"":11,""h"":12,""measure"":13,""p"":14,""rx"":15,""rxx"":16,""ry"":17,""rz"":18,""rzz"":19,""s"":20,""sdg"":21,""swap"":22,""sx"":23,""sxdg"":24,""t"":25,""tdg"":26,""u"":27,""u1"":28,""u2"":29,""u3"":30,""x"":31,""z"":32},""global_transform"":""log1p then mean/std fitted on outer-training hashes only; std<1e-6 replaced with 1.0"",""global_transform_sha256"":""a2c9ce39027ac3f6ca9c70ebdc5e3dfa6e7c0cc2dacba5840fcb65dcf7180ccf"",""global_transform_values"":{""mean"":[1.8224101498720864,3.1053872687217954,2.8079593283532653,3.0029284361859343,0.27063051723060083,1.8177518211967976,3.496507561466486],""std"":[0.37287327288192307,1.2921888340367358,1.1467136022319648,1.4585236621079292,0.5042543091468591,0.41948136712693684,1.0]},""globals"":[""active_width"",""structural_depth"",""one_qubit_count"",""two_qubit_count"",""swap_like_count"",""measurement_count"",""shots""],""graph"":""outer-train vocabulary; unseen operation maps to __UNK_GATE__; node features gate one-hot + arity-0..3 + parameter-present + normalized wire min/mean/max + wire-present"",""target"":""log1p(target_seconds), inverse=expm1 then clamp at zero"",""unknown_token"":""__UNK_GATE__"",""vocabulary_sha256"":""662765119c886b806641a1fa24ea99cf634664f8459a66458070cd4a9c9018e2""}",,rowwise_median,True,0.0011160025605931878,0.0013423959026113153,0.00022639334201812744
cudaq_dense_statevector_fp32,fp32,mali_style_dense_graph,0,7478da09664f4489c33c18a6ea1974cc9dea86d1adda1f912c3eaeff27c2d5fa,True,ok,0.00022490700939670205,0.0012424738379195333,ok,,113,37,4f89adae38ad3c2443dc3ce15101fa7a0b68f2be1f36fe84326a1e0d541de60d,25a3fc4d9ec55e005531b1ec6b1d9dd567a4b2b6468520df5a79273daa700f7e,"{""architecture"":""three_TransformerConv_64_relu_global_mean_pool_global_7_to_64_to_64_concat_128_to_512_to_512_to_128_to_1"",""batch_size"":32,""early_stopping"":false,""epochs"":500,""fidelity_class"":""architecture_adaptation"",""loss"":""unweighted_mse_log1p_seconds"",""lr"":0.0005,""model_precision"":""float32_no_amp"",""optimizer"":""Adam"",""representation"":""s71-operation-dag-v1 + seven globals"",""seeds"":[42,1234,31415],""weight_decay"":0.0001}","{""gate_vocabulary"":{""__UNK_GATE__"":33,""ccx"":0,""ch"":1,""cp"":2,""crx"":3,""cry"":4,""crz"":5,""cswap"":6,""cu1"":7,""cu3"":8,""cx"":9,""cy"":10,""cz"":11,""h"":12,""measure"":13,""p"":14,""rx"":15,""rxx"":16,""ry"":17,""rz"":18,""rzz"":19,""s"":20,""sdg"":21,""swap"":22,""sx"":23,""sxdg"":24,""t"":25,""tdg"":26,""u"":27,""u1"":28,""u2"":29,""u3"":30,""x"":31,""z"":32},""global_transform"":""log1p then mean/std fitted on outer-training hashes only; std<1e-6 replaced with 1.0"",""global_transform_sha256"":""a2c9ce39027ac3f6ca9c70ebdc5e3dfa6e7c0cc2dacba5840fcb65dcf7180ccf"",""global_transform_values"":{""mean"":[1.8224101498720864,3.1053872687217954,2.8079593283532653,3.0029284361859343,0.27063051723060083,1.8177518211967976,3.496507561466486],""std"":[0.37287327288192307,1.2921888340367358,1.1467136022319648,1.4585236621079292,0.5042543091468591,0.41948136712693684,1.0]},""globals"":[""active_width"",""structural_depth"",""one_qubit_count"",""two_qubit_count"",""swap_like_count"",""measurement_count"",""shots""],""graph"":""outer-train vocabulary; unseen operation maps to __UNK_GATE__; node features gate one-hot + arity-0..3 + parameter-present + normalized wire min/mean/max + wire-present"",""target"":""log1p(target_seconds), inverse=expm1 then clamp at zero"",""unknown_token"":""__UNK_GATE__"",""vocabulary_sha256"":""662765119c886b806641a1fa24ea99cf634664f8459a66458070cd4a9c9018e2""}",,rowwise_median,True,0.0011160025605931878,0.0013423959026113153,0.00022639334201812744
cudaq_dense_statevector_fp32,fp32,mali_style_dense_graph,0,7dafebd46e73b9b279f1ef96da32f7d563de3721b856b4570375ab81951e06fc,True,ok,0.000572422010009177,0.0012424738379195333,ok,,113,37,4f89adae38ad3c2443dc3ce15101fa7a0b68f2be1f36fe84326a1e0d541de60d,25a3fc4d9ec55e005531b1ec6b1d9dd567a4b2b6468520df5a79273daa700f7e,"{""architecture"":""three_TransformerConv_64_relu_global_mean_pool_global_7_to_64_to_64_concat_128_to_512_to_512_to_128_to_1"",""batch_size"":32,""early_stopping"":false,""epochs"":500,""fidelity_class"":""architecture_adaptation"",""loss"":""unweighted_mse_log1p_seconds"",""lr"":0.0005,""model_precision"":""float32_no_amp"",""optimizer"":""Adam"",""representation"":""s71-operation-dag-v1 + seven globals"",""seeds"":[42,1234,31415],""weight_decay"":0.0001}","{""gate_vocabulary"":{""__UNK_GATE__"":33,""ccx"":0,""ch"":1,""cp"":2,""crx"":3,""cry"":4,""crz"":5,""cswap"":6,""cu1"":7,""cu3"":8,""cx"":9,""cy"":10,""cz"":11,""h"":12,""measure"":13,""p"":14,""rx"":15,""rxx"":16,""ry"":17,""rz"":18,""rzz"":19,""s"":20,""sdg"":21,""swap"":22,""sx"":23,""sxdg"":24,""t"":25,""tdg"":26,""u"":27,""u1"":28,""u2"":29,""u3"":30,""x"":31,""z"":32},""global_transform"":""log1p then mean/std fitted on outer-training hashes only; std<1e-6 replaced with 1.0"",""global_transform_sha256"":""a2c9ce39027ac3f6ca9c70ebdc5e3dfa6e7c0cc2dacba5840fcb65dcf7180ccf"",""global_transform_values"":{""mean"":[1.8224101498720864,3.1053872687217954,2.8079593283532653,3.0029284361859343,0.27063051723060083,1.8177518211967976,3.496507561466486],""std"":[0.37287327288192307,1.2921888340367358,1.1467136022319648,1.4585236621079292,0.5042543091468591,0.41948136712693684,1.0]},""globals"":[""active_width"",""structural_depth"",""one_qubit_count"",""two_qubit_count"",""swap_like_count"",""measurement_count"",""shots""],""graph"":""outer-train vocabulary; unseen operation maps to __UNK_GATE__; node features gate one-hot + arity-0..3 + parameter-present + normalized wire min/mean/max + wire-present"",""target"":""log1p(target_seconds), inverse=expm1 then clamp at zero"",""unknown_token"":""__UNK_GATE__"",""vocabulary_sha256"":""662765119c886b806641a1fa24ea99cf634664f8459a66458070cd4a9c9018e2""}",,rowwise_median,True,0.0011160025605931878,0.0013423959026113153,0.00022639334201812744
cudaq_dense_statevector_fp32,fp32,mali_style_dense_graph,0,82da8e687716ed31c95e72560edb07e7f6073a5be0f5ebffb17d22aff22c81fd,True,ok,0.00045379099901765585,0.0012424738379195333,ok,,113,37,4f89adae38ad3c2443dc3ce15101fa7a0b68f2be1f36fe84326a1e0d541de60d,25a3fc4d9ec55e005531b1ec6b1d9dd567a4b2b6468520df5a79273daa700f7e,"{""architecture"":""three_TransformerConv_64_relu_global_mean_pool_global_7_to_64_to_64_concat_128_to_512_to_512_to_128_to_1"",""batch_size"":32,""early_stopping"":false,""epochs"":500,""fidelity_class"":""architecture_adaptation"",""loss"":""unweighted_mse_log1p_seconds"",""lr"":0.0005,""model_precision"":""float32_no_amp"",""optimizer"":""Adam"",""representation"":""s71-operation-dag-v1 + seven globals"",""seeds"":[42,1234,31415],""weight_decay"":0.0001}","{""gate_vocabulary"":{""__UNK_GATE__"":33,""ccx"":0,""ch"":1,""cp"":2,""crx"":3,""cry"":4,""crz"":5,""cswap"":6,""cu1"":7,""cu3"":8,""cx"":9,""cy"":10,""cz"":11,""h"":12,""measure"":13,""p"":14,""rx"":15,""rxx"":16,""ry"":17,""rz"":18,""rzz"":19,""s"":20,""sdg"":21,""swap"":22,""sx"":23,""sxdg"":24,""t"":25,""tdg"":26,""u"":27,""u1"":28,""u2"":29,""u3"":30,""x"":31,""z"":32},""global_transform"":""log1p then mean/std fitted on outer-training hashes only; std<1e-6 replaced with 1.0"",""global_transform_sha256"":""a2c9ce39027ac3f6ca9c70ebdc5e3dfa6e7c0cc2dacba5840fcb65dcf7180ccf"",""global_transform_values"":{""mean"":[1.8224101498720864,3.1053872687217954,2.8079593283532653,3.0029284361859343,0.27063051723060083,1.8177518211967976,3.496507561466486],""std"":[0.37287327288192307,1.2921888340367358,1.1467136022319648,1.4585236621079292,0.5042543091468591,0.41948136712693684,1.0]},""globals"":[""active_width"",""structural_depth"",""one_qubit_count"",""two_qubit_count"",""swap_like_count"",""measurement_count"",""shots""],""graph"":""outer-train vocabulary; unseen operation maps to __UNK_GATE__; node features gate one-hot + arity-0..3 + parameter-present + normalized wire min/mean/max + wire-present"",""target"":""log1p(target_seconds), inverse=expm1 then clamp at zero"",""unknown_token"":""__UNK_GATE__"",""vocabulary_sha256"":""662765119c886b806641a1fa24ea99cf634664f8459a66458070cd4a9c9018e2""}",,rowwise_median,True,0.0011160025605931878,0.0013423959026113153,0.00022639334201812744
cudaq_dense_statevector_fp32,fp32,mali_style_dense_graph,0,8c7594c05053bb7af0015bd637170a669e9d39c1da6edce6a769992b6ef5c9cb,True,ok,0.0001945529947988689,0.0012424738379195333,ok,,113,37,4f89adae38ad3c2443dc3ce15101fa7a0b68f2be1f36fe84326a1e0d541de60d,25a3fc4d9ec55e005531b1ec6b1d9dd567a4b2b6468520df5a79273daa700f7e,"{""architecture"":""three_TransformerConv_64_relu_global_mean_pool_global_7_to_64_to_64_concat_128_to_512_to_512_to_128_to_1"",""batch_size"":32,""early_stopping"":false,""epochs"":500,""fidelity_class"":""architecture_adaptation"",""loss"":""unweighted_mse_log1p_seconds"",""lr"":0.0005,""model_precision"":""float32_no_amp"",""optimizer"":""Adam"",""representation"":""s71-operation-dag-v1 + seven globals"",""seeds"":[42,1234,31415],""weight_decay"":0.0001}","{""gate_vocabulary"":{""__UNK_GATE__"":33,""ccx"":0,""ch"":1,""cp"":2,""crx"":3,""cry"":4,""crz"":5,""cswap"":6,""cu1"":7,""cu3"":8,""cx"":9,""cy"":10,""cz"":11,""h"":12,""measure"":13,""p"":14,""rx"":15,""rxx"":16,""ry"":17,""rz"":18,""rzz"":19,""s"":20,""sdg"":21,""swap"":22,""sx"":23,""sxdg"":24,""t"":25,""tdg"":26,""u"":27,""u1"":28,""u2"":29,""u3"":30,""x"":31,""z"":32},""global_transform"":""log1p then mean/std fitted on outer-training hashes only; std<1e-6 replaced with 1.0"",""global_transform_sha256"":""a2c9ce39027ac3f6ca9c70ebdc5e3dfa6e7c0cc2dacba5840fcb65dcf7180ccf"",""global_transform_values"":{""mean"":[1.8224101498720864,3.1053872687217954,2.8079593283532653,3.0029284361859343,0.27063051723060083,1.8177518211967976,3.496507561466486],""std"":[0.37287327288192307,1.2921888340367358,1.1467136022319648,1.4585236621079292,0.5042543091468591,0.41948136712693684,1.0]},""globals"":[""active_width"",""structural_depth"",""one_qubit_count"",""two_qubit_count"",""swap_like_count"",""measurement_count"",""shots""],""graph"":""outer-train vocabulary; unseen operation maps to __UNK_GATE__; node features gate one-hot + arity-0..3 + parameter-present + normalized wire min/mean/max + wire-present"",""target"":""log1p(target_seconds), inverse=expm1 then clamp at zero"",""unknown_token"":""__UNK_GATE__"",""vocabulary_sha256"":""662765119c886b806641a1fa24ea99cf634664f8459a66458070cd4a9c9018e2""}",,rowwise_median,True,0.0011160025605931878,0.0013423959026113153,0.00022639334201812744
cudaq_dense_statevector_fp32,fp32,mali_style_dense_graph,0,8ffee9c3a3af1aeaa766f38df57fcb62de5efa16d7f328d60a8977cb0da39e22,True,ok,0.0008093530050246045,0.0012424738379195333,ok,,113,37,4f89adae38ad3c2443dc3ce15101fa7a0b68f2be1f36fe84326a1e0d541de60d,25a3fc4d9ec55e005531b1ec6b1d9dd567a4b2b6468520df5a79273daa700f7e,"{""architecture"":""three_TransformerConv_64_relu_global_mean_pool_global_7_to_64_to_64_concat_128_to_512_to_512_to_128_to_1"",""batch_size"":32,""early_stopping"":false,""epochs"":500,""fidelity_class"":""architecture_adaptation"",""loss"":""unweighted_mse_log1p_seconds"",""lr"":0.0005,""model_precision"":""float32_no_amp"",""optimizer"":""Adam"",""representation"":""s71-operation-dag-v1 + seven globals"",""seeds"":[42,1234,31415],""weight_decay"":0.0001}","{""gate_vocabulary"":{""__UNK_GATE__"":33,""ccx"":0,""ch"":1,""cp"":2,""crx"":3,""cry"":4,""crz"":5,""cswap"":6,""cu1"":7,""cu3"":8,""cx"":9,""cy"":10,""cz"":11,""h"":12,""measure"":13,""p"":14,""rx"":15,""rxx"":16,""ry"":17,""rz"":18,""rzz"":19,""s"":20,""sdg"":21,""swap"":22,""sx"":23,""sxdg"":24,""t"":25,""tdg"":26,""u"":27,""u1"":28,""u2"":29,""u3"":30,""x"":31,""z"":32},""global_transform"":""log1p then mean/std fitted on outer-training hashes only; std<1e-6 replaced with 1.0"",""global_transform_sha256"":""a2c9ce39027ac3f6ca9c70ebdc5e3dfa6e7c0cc2dacba5840fcb65dcf7180ccf"",""global_transform_values"":{""mean"":[1.8224101498720864,3.1053872687217954,2.8079593283532653,3.0029284361859343,0.27063051723060083,1.8177518211967976,3.496507561466486],""std"":[0.37287327288192307,1.2921888340367358,1.1467136022319648,1.4585236621079292,0.5042543091468591,0.41948136712693684,1.0]},""globals"":[""active_width"",""structural_depth"",""one_qubit_count"",""two_qubit_count"",""swap_like_count"",""measurement_count"",""shots""],""graph"":""outer-train vocabulary; unseen operation maps to __UNK_GATE__; node features gate one-hot + arity-0..3 + parameter-present + normalized wire min/mean/max + wire-present"",""target"":""log1p(target_seconds), inverse=expm1 then clamp at zero"",""unknown_token"":""__UNK_GATE__"",""vocabulary_sha256"":""662765119c886b806641a1fa24ea99cf634664f8459a66458070cd4a9c9018e2""}",,rowwise_median,True,0.0011160025605931878,0.0013423959026113153,0.00022639334201812744
cudaq_dense_statevector_fp32,fp32,mali_style_dense_graph,0,97bdbd3569346cfa4a289ced5de0f3280a495266d423a3af48650bf01484b9be,True,ok,0.005939748996752314,0.0012424738379195333,ok,,113,37,4f89adae38ad3c2443dc3ce15101fa7a0b68f2be1f36fe84326a1e0d541de60d,25a3fc4d9ec55e005531b1ec6b1d9dd567a4b2b6468520df5a79273daa700f7e,"{""architecture"":""three_TransformerConv_64_relu_global_mean_pool_global_7_to_64_to_64_concat_128_to_512_to_512_to_128_to_1"",""batch_size"":32,""early_stopping"":false,""epochs"":500,""fidelity_class"":""architecture_adaptation"",""loss"":""unweighted_mse_log1p_seconds"",""lr"":0.0005,""model_precision"":""float32_no_amp"",""optimizer"":""Adam"",""representation"":""s71-operation-dag-v1 + seven globals"",""seeds"":[42,1234,31415],""weight_decay"":0.0001}","{""gate_vocabulary"":{""__UNK_GATE__"":33,""ccx"":0,""ch"":1,""cp"":2,""crx"":3,""cry"":4,""crz"":5,""cswap"":6,""cu1"":7,""cu3"":8,""cx"":9,""cy"":10,""cz"":11,""h"":12,""measure"":13,""p"":14,""rx"":15,""rxx"":16,""ry"":17,""rz"":18,""rzz"":19,""s"":20,""sdg"":21,""swap"":22,""sx"":23,""sxdg"":24,""t"":25,""tdg"":26,""u"":27,""u1"":28,""u2"":29,""u3"":30,""x"":31,""z"":32},""global_transform"":""log1p then mean/std fitted on outer-training hashes only; std<1e-6 replaced with 1.0"",""global_transform_sha256"":""a2c9ce39027ac3f6ca9c70ebdc5e3dfa6e7c0cc2dacba5840fcb65dcf7180ccf"",""global_transform_values"":{""mean"":[1.8224101498720864,3.1053872687217954,2.8079593283532653,3.0029284361859343,0.27063051723060083,1.8177518211967976,3.496507561466486],""std"":[0.37287327288192307,1.2921888340367358,1.1467136022319648,1.4585236621079292,0.5042543091468591,0.41948136712693684,1.0]},""globals"":[""active_width"",""structural_depth"",""one_qubit_count"",""two_qubit_count"",""swap_like_count"",""measurement_count"",""shots""],""graph"":""outer-train vocabulary; unseen operation maps to __UNK_GATE__; node features gate one-hot + arity-0..3 + parameter-present + normalized wire min/mean/max + wire-present"",""target"":""log1p(target_seconds), inverse=expm1 then clamp at zero"",""unknown_token"":""__UNK_GATE__"",""vocabulary_sha256"":""662765119c886b806641a1fa24ea99cf634664f8459a66458070cd4a9c9018e2""}",,rowwise_median,True,0.0011160025605931878,0.0013423959026113153,0.00022639334201812744
cudaq_dense_statevector_fp32,fp32,mali_style_dense_graph,0,9b4261e2d98678946a9aefea16ba9b8abcae8409f8589f8fb3daa941694f88c6,True,ok,0.0001491839939262718,0.0012424738379195333,ok,,113,37,4f89adae38ad3c2443dc3ce15101fa7a0b68f2be1f36fe84326a1e0d541de60d,25a3fc4d9ec55e005531b1ec6b1d9dd567a4b2b6468520df5a79273daa700f7e,"{""architecture"":""three_TransformerConv_64_relu_global_mean_pool_global_7_to_64_to_64_concat_128_to_512_to_512_to_128_to_1"",""batch_size"":32,""early_stopping"":false,""epochs"":500,""fidelity_class"":""architecture_adaptation"",""loss"":""unweighted_mse_log1p_seconds"",""lr"":0.0005,""model_precision"":""float32_no_amp"",""optimizer"":""Adam"",""representation"":""s71-operation-dag-v1 + seven globals"",""seeds"":[42,1234,31415],""weight_decay"":0.0001}","{""gate_vocabulary"":{""__UNK_GATE__"":33,""ccx"":0,""ch"":1,""cp"":2,""crx"":3,""cry"":4,""crz"":5,""cswap"":6,""cu1"":7,""cu3"":8,""cx"":9,""cy"":10,""cz"":11,""h"":12,""measure"":13,""p"":14,""rx"":15,""rxx"":16,""ry"":17,""rz"":18,""rzz"":19,""s"":20,""sdg"":21,""swap"":22,""sx"":23,""sxdg"":24,""t"":25,""tdg"":26,""u"":27,""u1"":28,""u2"":29,""u3"":30,""x"":31,""z"":32},""global_transform"":""log1p then mean/std fitted on outer-training hashes only; std<1e-6 replaced with 1.0"",""global_transform_sha256"":""a2c9ce39027ac3f6ca9c70ebdc5e3dfa6e7c0cc2dacba5840fcb65dcf7180ccf"",""global_transform_values"":{""mean"":[1.8224101498720864,3.1053872687217954,2.8079593283532653,3.0029284361859343,0.27063051723060083,1.8177518211967976,3.496507561466486],""std"":[0.37287327288192307,1.2921888340367358,1.1467136022319648,1.4585236621079292,0.5042543091468591,0.41948136712693684,1.0]},""globals"":[""active_width"",""structural_depth"",""one_qubit_count"",""two_qubit_count"",""swap_like_count"",""measurement_count"",""shots""],""graph"":""outer-train vocabulary; unseen operation maps to __UNK_GATE__; node features gate one-hot + arity-0..3 + parameter-present + normalized wire min/mean/max + wire-present"",""target"":""log1p(target_seconds), inverse=expm1 then clamp at zero"",""unknown_token"":""__UNK_GATE__"",""vocabulary_sha256"":""662765119c886b806641a1fa24ea99cf634664f8459a66458070cd4a9c9018e2""}",,rowwise_median,True,0.0011160025605931878,0.0013423959026113153,0.00022639334201812744
cudaq_dense_statevector_fp32,fp32,mali_style_dense_graph,0,a53b2a3a1ba8397a96b487c44f825f3cab2e0c714b69298f2ab0a839975b173c,True,ok,0.002428423991659656,0.0012424738379195333,ok,,113,37,4f89adae38ad3c2443dc3ce15101fa7a0b68f2be1f36fe84326a1e0d541de60d,25a3fc4d9ec55e005531b1ec6b1d9dd567a4b2b6468520df5a79273daa700f7e,"{""architecture"":""three_TransformerConv_64_relu_global_mean_pool_global_7_to_64_to_64_concat_128_to_512_to_512_to_128_to_1"",""batch_size"":32,""early_stopping"":false,""epochs"":500,""fidelity_class"":""architecture_adaptation"",""loss"":""unweighted_mse_log1p_seconds"",""lr"":0.0005,""model_precision"":""float32_no_amp"",""optimizer"":""Adam"",""representation"":""s71-operation-dag-v1 + seven globals"",""seeds"":[42,1234,31415],""weight_decay"":0.0001}","{""gate_vocabulary"":{""__UNK_GATE__"":33,""ccx"":0,""ch"":1,""cp"":2,""crx"":3,""cry"":4,""crz"":5,""cswap"":6,""cu1"":7,""cu3"":8,""cx"":9,""cy"":10,""cz"":11,""h"":12,""measure"":13,""p"":14,""rx"":15,""rxx"":16,""ry"":17,""rz"":18,""rzz"":19,""s"":20,""sdg"":21,""swap"":22,""sx"":23,""sxdg"":24,""t"":25,""tdg"":26,""u"":27,""u1"":28,""u2"":29,""u3"":30,""x"":31,""z"":32},""global_transform"":""log1p then mean/std fitted on outer-training hashes only; std<1e-6 replaced with 1.0"",""global_transform_sha256"":""a2c9ce39027ac3f6ca9c70ebdc5e3dfa6e7c0cc2dacba5840fcb65dcf7180ccf"",""global_transform_values"":{""mean"":[1.8224101498720864,3.1053872687217954,2.8079593283532653,3.0029284361859343,0.27063051723060083,1.8177518211967976,3.496507561466486],""std"":[0.37287327288192307,1.2921888340367358,1.1467136022319648,1.4585236621079292,0.5042543091468591,0.41948136712693684,1.0]},""globals"":[""active_width"",""structural_depth"",""one_qubit_count"",""two_qubit_count"",""swap_like_count"",""measurement_count"",""shots""],""graph"":""outer-train vocabulary; unseen operation maps to __UNK_GATE__; node features gate one-hot + arity-0..3 + parameter-present + normalized wire min/mean/max + wire-present"",""target"":""log1p(target_seconds), inverse=expm1 then clamp at zero"",""unknown_token"":""__UNK_GATE__"",""vocabulary_sha256"":""662765119c886b806641a1fa24ea99cf634664f8459a66458070cd4a9c9018e2""}",,rowwise_median,True,0.0011160025605931878,0.0013423959026113153,0.00022639334201812744
cudaq_dense_statevector_fp32,fp32,mali_style_dense_graph,0,b5f6ad96b1eb0fc9087c079e22e8a91398b460e24d616ed0d8829247aee24f18,True,ok,0.00014922300761099905,0.0012424738379195333,ok,,113,37,4f89adae38ad3c2443dc3ce15101fa7a0b68f2be1f36fe84326a1e0d541de60d,25a3fc4d9ec55e005531b1ec6b1d9dd567a4b2b6468520df5a79273daa700f7e,"{""architecture"":""three_TransformerConv_64_relu_global_mean_pool_global_7_to_64_to_64_concat_128_to_512_to_512_to_128_to_1"",""batch_size"":32,""early_stopping"":false,""epochs"":500,""fidelity_class"":""architecture_adaptation"",""loss"":""unweighted_mse_log1p_seconds"",""lr"":0.0005,""model_precision"":""float32_no_amp"",""optimizer"":""Adam"",""representation"":""s71-operation-dag-v1 + seven globals"",""seeds"":[42,1234,31415],""weight_decay"":0.0001}","{""gate_vocabulary"":{""__UNK_GATE__"":33,""ccx"":0,""ch"":1,""cp"":2,""crx"":3,""cry"":4,""crz"":5,""cswap"":6,""cu1"":7,""cu3"":8,""cx"":9,""cy"":10,""cz"":11,""h"":12,""measure"":13,""p"":14,""rx"":15,""rxx"":16,""ry"":17,""rz"":18,""rzz"":19,""s"":20,""sdg"":21,""swap"":22,""sx"":23,""sxdg"":24,""t"":25,""tdg"":26,""u"":27,""u1"":28,""u2"":29,""u3"":30,""x"":31,""z"":32},""global_transform"":""log1p then mean/std fitted on outer-training hashes only; std<1e-6 replaced with 1.0"",""global_transform_sha256"":""a2c9ce39027ac3f6ca9c70ebdc5e3dfa6e7c0cc2dacba5840fcb65dcf7180ccf"",""global_transform_values"":{""mean"":[1.8224101498720864,3.1053872687217954,2.8079593283532653,3.0029284361859343,0.27063051723060083,1.8177518211967976,3.496507561466486],""std"":[0.37287327288192307,1.2921888340367358,1.1467136022319648,1.4585236621079292,0.5042543091468591,0.41948136712693684,1.0]},""globals"":[""active_width"",""structural_depth"",""one_qubit_count"",""two_qubit_count"",""swap_like_count"",""measurement_count"",""shots""],""graph"":""outer-train vocabulary; unseen operation maps to __UNK_GATE__; node features gate one-hot + arity-0..3 + parameter-present + normalized wire min/mean/max + wire-present"",""target"":""log1p(target_seconds), inverse=expm1 then clamp at zero"",""unknown_token"":""__UNK_GATE__"",""vocabulary_sha256"":""662765119c886b806641a1fa24ea99cf634664f8459a66458070cd4a9c9018e2""}",,rowwise_median,True,0.0011160025605931878,0.0013423959026113153,0.00022639334201812744
cudaq_dense_statevector_fp32,fp32,mali_style_dense_graph,0,b6a15d3507225e442ed02c90df5179f09c529df7bf5ee38a8005cc265f4203a6,True,ok,0.003467785005341284,0.0012424738379195333,ok,,113,37,4f89adae38ad3c2443dc3ce15101fa7a0b68f2be1f36fe84326a1e0d541de60d,25a3fc4d9ec55e005531b1ec6b1d9dd567a4b2b6468520df5a79273daa700f7e,"{""architecture"":""three_TransformerConv_64_relu_global_mean_pool_global_7_to_64_to_64_concat_128_to_512_to_512_to_128_to_1"",""batch_size"":32,""early_stopping"":false,""epochs"":500,""fidelity_class"":""architecture_adaptation"",""loss"":""unweighted_mse_log1p_seconds"",""lr"":0.0005,""model_precision"":""float32_no_amp"",""optimizer"":""Adam"",""representation"":""s71-operation-dag-v1 + seven globals"",""seeds"":[42,1234,31415],""weight_decay"":0.0001}","{""gate_vocabulary"":{""__UNK_GATE__"":33,""ccx"":0,""ch"":1,""cp"":2,""crx"":3,""cry"":4,""crz"":5,""cswap"":6,""cu1"":7,""cu3"":8,""cx"":9,""cy"":10,""cz"":11,""h"":12,""measure"":13,""p"":14,""rx"":15,""rxx"":16,""ry"":17,""rz"":18,""rzz"":19,""s"":20,""sdg"":21,""swap"":22,""sx"":23,""sxdg"":24,""t"":25,""tdg"":26,""u"":27,""u1"":28,""u2"":29,""u3"":30,""x"":31,""z"":32},""global_transform"":""log1p then mean/std fitted on outer-training hashes only; std<1e-6 replaced with 1.0"",""global_transform_sha256"":""a2c9ce39027ac3f6ca9c70ebdc5e3dfa6e7c0cc2dacba5840fcb65dcf7180ccf"",""global_transform_values"":{""mean"":[1.8224101498720864,3.1053872687217954,2.8079593283532653,3.0029284361859343,0.27063051723060083,1.8177518211967976,3.496507561466486],""std"":[0.37287327288192307,1.2921888340367358,1.1467136022319648,1.4585236621079292,0.5042543091468591,0.41948136712693684,1.0]},""globals"":[""active_width"",""structural_depth"",""one_qubit_count"",""two_qubit_count"",""swap_like_count"",""measurement_count"",""shots""],""graph"":""outer-train vocabulary; unseen operation maps to __UNK_GATE__; node features gate one-hot + arity-0..3 + parameter-present + normalized wire min/mean/max + wire-present"",""target"":""log1p(target_seconds), inverse=expm1 then clamp at zero"",""unknown_token"":""__UNK_GATE__"",""vocabulary_sha256"":""662765119c886b806641a1fa24ea99cf634664f8459a66458070cd4a9c9018e2""}",,rowwise_median,True,0.0011160025605931878,0.0013423959026113153,0.00022639334201812744
cudaq_dense_statevector_fp32,fp32,mali_style_dense_graph,0,bdd8a427e9747bbc01ad8e77a22d61f0314fe8db0de17786839f2193ab0928bd,True,ok,0.0015384240105049685,0.0012424738379195333,ok,,113,37,4f89adae38ad3c2443dc3ce15101fa7a0b68f2be1f36fe84326a1e0d541de60d,25a3fc4d9ec55e005531b1ec6b1d9dd567a4b2b6468520df5a79273daa700f7e,"{""architecture"":""three_TransformerConv_64_relu_global_mean_pool_global_7_to_64_to_64_concat_128_to_512_to_512_to_128_to_1"",""batch_size"":32,""early_stopping"":false,""epochs"":500,""fidelity_class"":""architecture_adaptation"",""loss"":""unweighted_mse_log1p_seconds"",""lr"":0.0005,""model_precision"":""float32_no_amp"",""optimizer"":""Adam"",""representation"":""s71-operation-dag-v1 + seven globals"",""seeds"":[42,1234,31415],""weight_decay"":0.0001}","{""gate_vocabulary"":{""__UNK_GATE__"":33,""ccx"":0,""ch"":1,""cp"":2,""crx"":3,""cry"":4,""crz"":5,""cswap"":6,""cu1"":7,""cu3"":8,""cx"":9,""cy"":10,""cz"":11,""h"":12,""measure"":13,""p"":14,""rx"":15,""rxx"":16,""ry"":17,""rz"":18,""rzz"":19,""s"":20,""sdg"":21,""swap"":22,""sx"":23,""sxdg"":24,""t"":25,""tdg"":26,""u"":27,""u1"":28,""u2"":29,""u3"":30,""x"":31,""z"":32},""global_transform"":""log1p then mean/std fitted on outer-training hashes only; std<1e-6 replaced with 1.0"",""global_transform_sha256"":""a2c9ce39027ac3f6ca9c70ebdc5e3dfa6e7c0cc2dacba5840fcb65dcf7180ccf"",""global_transform_values"":{""mean"":[1.8224101498720864,3.1053872687217954,2.8079593283532653,3.0029284361859343,0.27063051723060083,1.8177518211967976,3.496507561466486],""std"":[0.37287327288192307,1.2921888340367358,1.1467136022319648,1.4585236621079292,0.5042543091468591,0.41948136712693684,1.0]},""globals"":[""active_width"",""structural_depth"",""one_qubit_count"",""two_qubit_count"",""swap_like_count"",""measurement_count"",""shots""],""graph"":""outer-train vocabulary; unseen operation maps to __UNK_GATE__; node features gate one-hot + arity-0..3 + parameter-present + normalized wire min/mean/max + wire-present"",""target"":""log1p(target_seconds), inverse=expm1 then clamp at zero"",""unknown_token"":""__UNK_GATE__"",""vocabulary_sha256"":""662765119c886b806641a1fa24ea99cf634664f8459a66458070cd4a9c9018e2""}",,rowwise_median,True,0.0011160025605931878,0.0013423959026113153,0.00022639334201812744
cudaq_dense_statevector_fp32,fp32,mali_style_dense_graph,0,c658b0f6c564cc6b7d6d48105e5567caf0660181ca2dbad8b9bdbdd353962fd6,True,ok,0.00029494299087673426,0.0012424738379195333,ok,,113,37,4f89adae38ad3c2443dc3ce15101fa7a0b68f2be1f36fe84326a1e0d541de60d,25a3fc4d9ec55e005531b1ec6b1d9dd567a4b2b6468520df5a79273daa700f7e,"{""architecture"":""three_TransformerConv_64_relu_global_mean_pool_global_7_to_64_to_64_concat_128_to_512_to_512_to_128_to_1"",""batch_size"":32,""early_stopping"":false,""epochs"":500,""fidelity_class"":""architecture_adaptation"",""loss"":""unweighted_mse_log1p_seconds"",""lr"":0.0005,""model_precision"":""float32_no_amp"",""optimizer"":""Adam"",""representation"":""s71-operation-dag-v1 + seven globals"",""seeds"":[42,1234,31415],""weight_decay"":0.0001}","{""gate_vocabulary"":{""__UNK_GATE__"":33,""ccx"":0,""ch"":1,""cp"":2,""crx"":3,""cry"":4,""crz"":5,""cswap"":6,""cu1"":7,""cu3"":8,""cx"":9,""cy"":10,""cz"":11,""h"":12,""measure"":13,""p"":14,""rx"":15,""rxx"":16,""ry"":17,""rz"":18,""rzz"":19,""s"":20,""sdg"":21,""swap"":22,""sx"":23,""sxdg"":24,""t"":25,""tdg"":26,""u"":27,""u1"":28,""u2"":29,""u3"":30,""x"":31,""z"":32},""global_transform"":""log1p then mean/std fitted on outer-training hashes only; std<1e-6 replaced with 1.0"",""global_transform_sha256"":""a2c9ce39027ac3f6ca9c70ebdc5e3dfa6e7c0cc2dacba5840fcb65dcf7180ccf"",""global_transform_values"":{""mean"":[1.8224101498720864,3.1053872687217954,2.8079593283532653,3.0029284361859343,0.27063051723060083,1.8177518211967976,3.496507561466486],""std"":[0.37287327288192307,1.2921888340367358,1.1467136022319648,1.4585236621079292,0.5042543091468591,0.41948136712693684,1.0]},""globals"":[""active_width"",""structural_depth"",""one_qubit_count"",""two_qubit_count"",""swap_like_count"",""measurement_count"",""shots""],""graph"":""outer-train vocabulary; unseen operation maps to __UNK_GATE__; node features gate one-hot + arity-0..3 + parameter-present + normalized wire min/mean/max + wire-present"",""target"":""log1p(target_seconds), inverse=expm1 then clamp at zero"",""unknown_token"":""__UNK_GATE__"",""vocabulary_sha256"":""662765119c886b806641a1fa24ea99cf634664f8459a66458070cd4a9c9018e2""}",,rowwise_median,True,0.0011160025605931878,0.0013423959026113153,0.00022639334201812744
cudaq_dense_statevector_fp32,fp32,mali_style_dense_graph,0,c9931425f0767057491a7e6ab8f1ed937fde917a862097440f57606892bddde9,True,ok,0.0005639059963868931,0.0012424738379195333,ok,,113,37,4f89adae38ad3c2443dc3ce15101fa7a0b68f2be1f36fe84326a1e0d541de60d,25a3fc4d9ec55e005531b1ec6b1d9dd567a4b2b6468520df5a79273daa700f7e,"{""architecture"":""three_TransformerConv_64_relu_global_mean_pool_global_7_to_64_to_64_concat_128_to_512_to_512_to_128_to_1"",""batch_size"":32,""early_stopping"":false,""epochs"":500,""fidelity_class"":""architecture_adaptation"",""loss"":""unweighted_mse_log1p_seconds"",""lr"":0.0005,""model_precision"":""float32_no_amp"",""optimizer"":""Adam"",""representation"":""s71-operation-dag-v1 + seven globals"",""seeds"":[42,1234,31415],""weight_decay"":0.0001}","{""gate_vocabulary"":{""__UNK_GATE__"":33,""ccx"":0,""ch"":1,""cp"":2,""crx"":3,""cry"":4,""crz"":5,""cswap"":6,""cu1"":7,""cu3"":8,""cx"":9,""cy"":10,""cz"":11,""h"":12,""measure"":13,""p"":14,""rx"":15,""rxx"":16,""ry"":17,""rz"":18,""rzz"":19,""s"":20,""sdg"":21,""swap"":22,""sx"":23,""sxdg"":24,""t"":25,""tdg"":26,""u"":27,""u1"":28,""u2"":29,""u3"":30,""x"":31,""z"":32},""global_transform"":""log1p then mean/std fitted on outer-training hashes only; std<1e-6 replaced with 1.0"",""global_transform_sha256"":""a2c9ce39027ac3f6ca9c70ebdc5e3dfa6e7c0cc2dacba5840fcb65dcf7180ccf"",""global_transform_values"":{""mean"":[1.8224101498720864,3.1053872687217954,2.8079593283532653,3.0029284361859343,0.27063051723060083,1.8177518211967976,3.496507561466486],""std"":[0.37287327288192307,1.2921888340367358,1.1467136022319648,1.4585236621079292,0.5042543091468591,0.41948136712693684,1.0]},""globals"":[""active_width"",""structural_depth"",""one_qubit_count"",""two_qubit_count"",""swap_like_count"",""measurement_count"",""shots""],""graph"":""outer-train vocabulary; unseen operation maps to __UNK_GATE__; node features gate one-hot + arity-0..3 + parameter-present + normalized wire min/mean/max + wire-present"",""target"":""log1p(target_seconds), inverse=expm1 then clamp at zero"",""unknown_token"":""__UNK_GATE__"",""vocabulary_sha256"":""662765119c886b806641a1fa24ea99cf634664f8459a66458070cd4a9c9018e2""}",,rowwise_median,True,0.0011160025605931878,0.0013423959026113153,0.00022639334201812744
cudaq_dense_statevector_fp32,fp32,mali_style_dense_graph,0,cfadb6828c07bfc2fac00ca0c9c03935e927b88961597b69936fc199a094b9ea,True,ok,0.00013746900367550552,0.0012424738379195333,ok,,113,37,4f89adae38ad3c2443dc3ce15101fa7a0b68f2be1f36fe84326a1e0d541de60d,25a3fc4d9ec55e005531b1ec6b1d9dd567a4b2b6468520df5a79273daa700f7e,"{""architecture"":""three_TransformerConv_64_relu_global_mean_pool_global_7_to_64_to_64_concat_128_to_512_to_512_to_128_to_1"",""batch_size"":32,""early_stopping"":false,""epochs"":500,""fidelity_class"":""architecture_adaptation"",""loss"":""unweighted_mse_log1p_seconds"",""lr"":0.0005,""model_precision"":""float32_no_amp"",""optimizer"":""Adam"",""representation"":""s71-operation-dag-v1 + seven globals"",""seeds"":[42,1234,31415],""weight_decay"":0.0001}","{""gate_vocabulary"":{""__UNK_GATE__"":33,""ccx"":0,""ch"":1,""cp"":2,""crx"":3,""cry"":4,""crz"":5,""cswap"":6,""cu1"":7,""cu3"":8,""cx"":9,""cy"":10,""cz"":11,""h"":12,""measure"":13,""p"":14,""rx"":15,""rxx"":16,""ry"":17,""rz"":18,""rzz"":19,""s"":20,""sdg"":21,""swap"":22,""sx"":23,""sxdg"":24,""t"":25,""tdg"":26,""u"":27,""u1"":28,""u2"":29,""u3"":30,""x"":31,""z"":32},""global_transform"":""log1p then mean/std fitted on outer-training hashes only; std<1e-6 replaced with 1.0"",""global_transform_sha256"":""a2c9ce39027ac3f6ca9c70ebdc5e3dfa6e7c0cc2dacba5840fcb65dcf7180ccf"",""global_transform_values"":{""mean"":[1.8224101498720864,3.1053872687217954,2.8079593283532653,3.0029284361859343,0.27063051723060083,1.8177518211967976,3.496507561466486],""std"":[0.37287327288192307,1.2921888340367358,1.1467136022319648,1.4585236621079292,0.5042543091468591,0.41948136712693684,1.0]},""globals"":[""active_width"",""structural_depth"",""one_qubit_count"",""two_qubit_count"",""swap_like_count"",""measurement_count"",""shots""],""graph"":""outer-train vocabulary; unseen operation maps to __UNK_GATE__; node features gate one-hot + arity-0..3 + parameter-present + normalized wire min/mean/max + wire-present"",""target"":""log1p(target_seconds), inverse=expm1 then clamp at zero"",""unknown_token"":""__UNK_GATE__"",""vocabulary_sha256"":""662765119c886b806641a1fa24ea99cf634664f8459a66458070cd4a9c9018e2""}",,rowwise_median,True,0.0011160025605931878,0.0013423959026113153,0.00022639334201812744
cudaq_dense_statevector_fp32,fp32,mali_style_dense_graph,0,d06936015124a75ae15e1f94eeb54cc51ab24596726b8110765a69ba66d0e80a,True,ok,0.0003774210053961724,0.0012424738379195333,ok,,113,37,4f89adae38ad3c2443dc3ce15101fa7a0b68f2be1f36fe84326a1e0d541de60d,25a3fc4d9ec55e005531b1ec6b1d9dd567a4b2b6468520df5a79273daa700f7e,"{""architecture"":""three_TransformerConv_64_relu_global_mean_pool_global_7_to_64_to_64_concat_128_to_512_to_512_to_128_to_1"",""batch_size"":32,""early_stopping"":false,""epochs"":500,""fidelity_class"":""architecture_adaptation"",""loss"":""unweighted_mse_log1p_seconds"",""lr"":0.0005,""model_precision"":""float32_no_amp"",""optimizer"":""Adam"",""representation"":""s71-operation-dag-v1 + seven globals"",""seeds"":[42,1234,31415],""weight_decay"":0.0001}","{""gate_vocabulary"":{""__UNK_GATE__"":33,""ccx"":0,""ch"":1,""cp"":2,""crx"":3,""cry"":4,""crz"":5,""cswap"":6,""cu1"":7,""cu3"":8,""cx"":9,""cy"":10,""cz"":11,""h"":12,""measure"":13,""p"":14,""rx"":15,""rxx"":16,""ry"":17,""rz"":18,""rzz"":19,""s"":20,""sdg"":21,""swap"":22,""sx"":23,""sxdg"":24,""t"":25,""tdg"":26,""u"":27,""u1"":28,""u2"":29,""u3"":30,""x"":31,""z"":32},""global_transform"":""log1p then mean/std fitted on outer-training hashes only; std<1e-6 replaced with 1.0"",""global_transform_sha256"":""a2c9ce39027ac3f6ca9c70ebdc5e3dfa6e7c0cc2dacba5840fcb65dcf7180ccf"",""global_transform_values"":{""mean"":[1.8224101498720864,3.1053872687217954,2.8079593283532653,3.0029284361859343,0.27063051723060083,1.8177518211967976,3.496507561466486],""std"":[0.37287327288192307,1.2921888340367358,1.1467136022319648,1.4585236621079292,0.5042543091468591,0.41948136712693684,1.0]},""globals"":[""active_width"",""structural_depth"",""one_qubit_count"",""two_qubit_count"",""swap_like_count"",""measurement_count"",""shots""],""graph"":""outer-train vocabulary; unseen operation maps to __UNK_GATE__; node features gate one-hot + arity-0..3 + parameter-present + normalized wire min/mean/max + wire-present"",""target"":""log1p(target_seconds), inverse=expm1 then clamp at zero"",""unknown_token"":""__UNK_GATE__"",""vocabulary_sha256"":""662765119c886b806641a1fa24ea99cf634664f8459a66458070cd4a9c9018e2""}",,rowwise_median,True,0.0011160025605931878,0.0013423959026113153,0.00022639334201812744
cudaq_dense_statevector_fp32,fp32,mali_style_dense_graph,0,d506e52d304853cd9e55834d3112505279aa22e89e70aa7c00dfc57caad3c72c,True,ok,0.0004952710005454719,0.0012424738379195333,ok,,113,37,4f89adae38ad3c2443dc3ce15101fa7a0b68f2be1f36fe84326a1e0d541de60d,25a3fc4d9ec55e005531b1ec6b1d9dd567a4b2b6468520df5a79273daa700f7e,"{""architecture"":""three_TransformerConv_64_relu_global_mean_pool_global_7_to_64_to_64_concat_128_to_512_to_512_to_128_to_1"",""batch_size"":32,""early_stopping"":false,""epochs"":500,""fidelity_class"":""architecture_adaptation"",""loss"":""unweighted_mse_log1p_seconds"",""lr"":0.0005,""model_precision"":""float32_no_amp"",""optimizer"":""Adam"",""representation"":""s71-operation-dag-v1 + seven globals"",""seeds"":[42,1234,31415],""weight_decay"":0.0001}","{""gate_vocabulary"":{""__UNK_GATE__"":33,""ccx"":0,""ch"":1,""cp"":2,""crx"":3,""cry"":4,""crz"":5,""cswap"":6,""cu1"":7,""cu3"":8,""cx"":9,""cy"":10,""cz"":11,""h"":12,""measure"":13,""p"":14,""rx"":15,""rxx"":16,""ry"":17,""rz"":18,""rzz"":19,""s"":20,""sdg"":21,""swap"":22,""sx"":23,""sxdg"":24,""t"":25,""tdg"":26,""u"":27,""u1"":28,""u2"":29,""u3"":30,""x"":31,""z"":32},""global_transform"":""log1p then mean/std fitted on outer-training hashes only; std<1e-6 replaced with 1.0"",""global_transform_sha256"":""a2c9ce39027ac3f6ca9c70ebdc5e3dfa6e7c0cc2dacba5840fcb65dcf7180ccf"",""global_transform_values"":{""mean"":[1.8224101498720864,3.1053872687217954,2.8079593283532653,3.0029284361859343,0.27063051723060083,1.8177518211967976,3.496507561466486],""std"":[0.37287327288192307,1.2921888340367358,1.1467136022319648,1.4585236621079292,0.5042543091468591,0.41948136712693684,1.0]},""globals"":[""active_width"",""structural_depth"",""one_qubit_count"",""two_qubit_count"",""swap_like_count"",""measurement_count"",""shots""],""graph"":""outer-train vocabulary; unseen operation maps to __UNK_GATE__; node features gate one-hot + arity-0..3 + parameter-present + normalized wire min/mean/max + wire-present"",""target"":""log1p(target_seconds), inverse=expm1 then clamp at zero"",""unknown_token"":""__UNK_GATE__"",""vocabulary_sha256"":""662765119c886b806641a1fa24ea99cf634664f8459a66458070cd4a9c9018e2""}",,rowwise_median,True,0.0011160025605931878,0.0013423959026113153,0.00022639334201812744
cudaq_dense_statevector_fp32,fp32,mali_style_dense_graph,0,d7a22ac29418bcf9f00346732fe1b985f8e0b9df60273404dabbf4a62027715f,True,ok,0.00014626499614678323,0.0012424738379195333,ok,,113,37,4f89adae38ad3c2443dc3ce15101fa7a0b68f2be1f36fe84326a1e0d541de60d,25a3fc4d9ec55e005531b1ec6b1d9dd567a4b2b6468520df5a79273daa700f7e,"{""architecture"":""three_TransformerConv_64_relu_global_mean_pool_global_7_to_64_to_64_concat_128_to_512_to_512_to_128_to_1"",""batch_size"":32,""early_stopping"":false,""epochs"":500,""fidelity_class"":""architecture_adaptation"",""loss"":""unweighted_mse_log1p_seconds"",""lr"":0.0005,""model_precision"":""float32_no_amp"",""optimizer"":""Adam"",""representation"":""s71-operation-dag-v1 + seven globals"",""seeds"":[42,1234,31415],""weight_decay"":0.0001}","{""gate_vocabulary"":{""__UNK_GATE__"":33,""ccx"":0,""ch"":1,""cp"":2,""crx"":3,""cry"":4,""crz"":5,""cswap"":6,""cu1"":7,""cu3"":8,""cx"":9,""cy"":10,""cz"":11,""h"":12,""measure"":13,""p"":14,""rx"":15,""rxx"":16,""ry"":17,""rz"":18,""rzz"":19,""s"":20,""sdg"":21,""swap"":22,""sx"":23,""sxdg"":24,""t"":25,""tdg"":26,""u"":27,""u1"":28,""u2"":29,""u3"":30,""x"":31,""z"":32},""global_transform"":""log1p then mean/std fitted on outer-training hashes only; std<1e-6 replaced with 1.0"",""global_transform_sha256"":""a2c9ce39027ac3f6ca9c70ebdc5e3dfa6e7c0cc2dacba5840fcb65dcf7180ccf"",""global_transform_values"":{""mean"":[1.8224101498720864,3.1053872687217954,2.8079593283532653,3.0029284361859343,0.27063051723060083,1.8177518211967976,3.496507561466486],""std"":[0.37287327288192307,1.2921888340367358,1.1467136022319648,1.4585236621079292,0.5042543091468591,0.41948136712693684,1.0]},""globals"":[""active_width"",""structural_depth"",""one_qubit_count"",""two_qubit_count"",""swap_like_count"",""measurement_count"",""shots""],""graph"":""outer-train vocabulary; unseen operation maps to __UNK_GATE__; node features gate one-hot + arity-0..3 + parameter-present + normalized wire min/mean/max + wire-present"",""target"":""log1p(target_seconds), inverse=expm1 then clamp at zero"",""unknown_token"":""__UNK_GATE__"",""vocabulary_sha256"":""662765119c886b806641a1fa24ea99cf634664f8459a66458070cd4a9c9018e2""}",,rowwise_median,True,0.0011160025605931878,0.0013423959026113153,0.00022639334201812744
cudaq_dense_statevector_fp32,fp32,mali_style_dense_graph,0,dbfb4dd8bf80cda30461759a3169ec60ac535a27409cf938f691179c6a121ebd,True,ok,0.00020459499501157552,0.0012424738379195333,ok,,113,37,4f89adae38ad3c2443dc3ce15101fa7a0b68f2be1f36fe84326a1e0d541de60d,25a3fc4d9ec55e005531b1ec6b1d9dd567a4b2b6468520df5a79273daa700f7e,"{""architecture"":""three_TransformerConv_64_relu_global_mean_pool_global_7_to_64_to_64_concat_128_to_512_to_512_to_128_to_1"",""batch_size"":32,""early_stopping"":false,""epochs"":500,""fidelity_class"":""architecture_adaptation"",""loss"":""unweighted_mse_log1p_seconds"",""lr"":0.0005,""model_precision"":""float32_no_amp"",""optimizer"":""Adam"",""representation"":""s71-operation-dag-v1 + seven globals"",""seeds"":[42,1234,31415],""weight_decay"":0.0001}","{""gate_vocabulary"":{""__UNK_GATE__"":33,""ccx"":0,""ch"":1,""cp"":2,""crx"":3,""cry"":4,""crz"":5,""cswap"":6,""cu1"":7,""cu3"":8,""cx"":9,""cy"":10,""cz"":11,""h"":12,""measure"":13,""p"":14,""rx"":15,""rxx"":16,""ry"":17,""rz"":18,""rzz"":19,""s"":20,""sdg"":21,""swap"":22,""sx"":23,""sxdg"":24,""t"":25,""tdg"":26,""u"":27,""u1"":28,""u2"":29,""u3"":30,""x"":31,""z"":32},""global_transform"":""log1p then mean/std fitted on outer-training hashes only; std<1e-6 replaced with 1.0"",""global_transform_sha256"":""a2c9ce39027ac3f6ca9c70ebdc5e3dfa6e7c0cc2dacba5840fcb65dcf7180ccf"",""global_transform_values"":{""mean"":[1.8224101498720864,3.1053872687217954,2.8079593283532653,3.0029284361859343,0.27063051723060083,1.8177518211967976,3.496507561466486],""std"":[0.37287327288192307,1.2921888340367358,1.1467136022319648,1.4585236621079292,0.5042543091468591,0.41948136712693684,1.0]},""globals"":[""active_width"",""structural_depth"",""one_qubit_count"",""two_qubit_count"",""swap_like_count"",""measurement_count"",""shots""],""graph"":""outer-train vocabulary; unseen operation maps to __UNK_GATE__; node features gate one-hot + arity-0..3 + parameter-present + normalized wire min/mean/max + wire-present"",""target"":""log1p(target_seconds), inverse=expm1 then clamp at zero"",""unknown_token"":""__UNK_GATE__"",""vocabulary_sha256"":""662765119c886b806641a1fa24ea99cf634664f8459a66458070cd4a9c9018e2""}",,rowwise_median,True,0.0011160025605931878,0.0013423959026113153,0.00022639334201812744
cudaq_dense_statevector_fp32,fp32,mali_style_dense_graph,0,de56c0798eca25bd1510d4d10f11e996f0bad2a11ce94a265da0635c161cbcae,True,ok,8.681099279783666e-05,0.0012424738379195333,ok,,113,37,4f89adae38ad3c2443dc3ce15101fa7a0b68f2be1f36fe84326a1e0d541de60d,25a3fc4d9ec55e005531b1ec6b1d9dd567a4b2b6468520df5a79273daa700f7e,"{""architecture"":""three_TransformerConv_64_relu_global_mean_pool_global_7_to_64_to_64_concat_128_to_512_to_512_to_128_to_1"",""batch_size"":32,""early_stopping"":false,""epochs"":500,""fidelity_class"":""architecture_adaptation"",""loss"":""unweighted_mse_log1p_seconds"",""lr"":0.0005,""model_precision"":""float32_no_amp"",""optimizer"":""Adam"",""representation"":""s71-operation-dag-v1 + seven globals"",""seeds"":[42,1234,31415],""weight_decay"":0.0001}","{""gate_vocabulary"":{""__UNK_GATE__"":33,""ccx"":0,""ch"":1,""cp"":2,""crx"":3,""cry"":4,""crz"":5,""cswap"":6,""cu1"":7,""cu3"":8,""cx"":9,""cy"":10,""cz"":11,""h"":12,""measure"":13,""p"":14,""rx"":15,""rxx"":16,""ry"":17,""rz"":18,""rzz"":19,""s"":20,""sdg"":21,""swap"":22,""sx"":23,""sxdg"":24,""t"":25,""tdg"":26,""u"":27,""u1"":28,""u2"":29,""u3"":30,""x"":31,""z"":32},""global_transform"":""log1p then mean/std fitted on outer-training hashes only; std<1e-6 replaced with 1.0"",""global_transform_sha256"":""a2c9ce39027ac3f6ca9c70ebdc5e3dfa6e7c0cc2dacba5840fcb65dcf7180ccf"",""global_transform_values"":{""mean"":[1.8224101498720864,3.1053872687217954,2.8079593283532653,3.0029284361859343,0.27063051723060083,1.8177518211967976,3.496507561466486],""std"":[0.37287327288192307,1.2921888340367358,1.1467136022319648,1.4585236621079292,0.5042543091468591,0.41948136712693684,1.0]},""globals"":[""active_width"",""structural_depth"",""one_qubit_count"",""two_qubit_count"",""swap_like_count"",""measurement_count"",""shots""],""graph"":""outer-train vocabulary; unseen operation maps to __UNK_GATE__; node features gate one-hot + arity-0..3 + parameter-present + normalized wire min/mean/max + wire-present"",""target"":""log1p(target_seconds), inverse=expm1 then clamp at zero"",""unknown_token"":""__UNK_GATE__"",""vocabulary_sha256"":""662765119c886b806641a1fa24ea99cf634664f8459a66458070cd4a9c9018e2""}",,rowwise_median,True,0.0011160025605931878,0.0013423959026113153,0.00022639334201812744
cudaq_dense_statevector_fp32,fp32,mali_style_dense_graph,0,e0c3acec67c0fb535add575a46e01889b30ec7970005214fd2188b94ae3a55a5,True,ok,0.0005258710007183254,0.0012424738379195333,ok,,113,37,4f89adae38ad3c2443dc3ce15101fa7a0b68f2be1f36fe84326a1e0d541de60d,25a3fc4d9ec55e005531b1ec6b1d9dd567a4b2b6468520df5a79273daa700f7e,"{""architecture"":""three_TransformerConv_64_relu_global_mean_pool_global_7_to_64_to_64_concat_128_to_512_to_512_to_128_to_1"",""batch_size"":32,""early_stopping"":false,""epochs"":500,""fidelity_class"":""architecture_adaptation"",""loss"":""unweighted_mse_log1p_seconds"",""lr"":0.0005,""model_precision"":""float32_no_amp"",""optimizer"":""Adam"",""representation"":""s71-operation-dag-v1 + seven globals"",""seeds"":[42,1234,31415],""weight_decay"":0.0001}","{""gate_vocabulary"":{""__UNK_GATE__"":33,""ccx"":0,""ch"":1,""cp"":2,""crx"":3,""cry"":4,""crz"":5,""cswap"":6,""cu1"":7,""cu3"":8,""cx"":9,""cy"":10,""cz"":11,""h"":12,""measure"":13,""p"":14,""rx"":15,""rxx"":16,""ry"":17,""rz"":18,""rzz"":19,""s"":20,""sdg"":21,""swap"":22,""sx"":23,""sxdg"":24,""t"":25,""tdg"":26,""u"":27,""u1"":28,""u2"":29,""u3"":30,""x"":31,""z"":32},""global_transform"":""log1p then mean/std fitted on outer-training hashes only; std<1e-6 replaced with 1.0"",""global_transform_sha256"":""a2c9ce39027ac3f6ca9c70ebdc5e3dfa6e7c0cc2dacba5840fcb65dcf7180ccf"",""global_transform_values"":{""mean"":[1.8224101498720864,3.1053872687217954,2.8079593283532653,3.0029284361859343,0.27063051723060083,1.8177518211967976,3.496507561466486],""std"":[0.37287327288192307,1.2921888340367358,1.1467136022319648,1.4585236621079292,0.5042543091468591,0.41948136712693684,1.0]},""globals"":[""active_width"",""structural_depth"",""one_qubit_count"",""two_qubit_count"",""swap_like_count"",""measurement_count"",""shots""],""graph"":""outer-train vocabulary; unseen operation maps to __UNK_GATE__; node features gate one-hot + arity-0..3 + parameter-present + normalized wire min/mean/max + wire-present"",""target"":""log1p(target_seconds), inverse=expm1 then clamp at zero"",""unknown_token"":""__UNK_GATE__"",""vocabulary_sha256"":""662765119c886b806641a1fa24ea99cf634664f8459a66458070cd4a9c9018e2""}",,rowwise_median,True,0.0011160025605931878,0.0013423959026113153,0.00022639334201812744
cudaq_dense_statevector_fp32,fp32,mali_style_dense_graph,0,e8037a4f622df36c65c0e756e11a6c6e3b8b40fbabaffb6cd59ff1cc79f49063,True,ok,0.1037646860058885,0.0012424738379195333,ok,,113,37,4f89adae38ad3c2443dc3ce15101fa7a0b68f2be1f36fe84326a1e0d541de60d,25a3fc4d9ec55e005531b1ec6b1d9dd567a4b2b6468520df5a79273daa700f7e,"{""architecture"":""three_TransformerConv_64_relu_global_mean_pool_global_7_to_64_to_64_concat_128_to_512_to_512_to_128_to_1"",""batch_size"":32,""early_stopping"":false,""epochs"":500,""fidelity_class"":""architecture_adaptation"",""loss"":""unweighted_mse_log1p_seconds"",""lr"":0.0005,""model_precision"":""float32_no_amp"",""optimizer"":""Adam"",""representation"":""s71-operation-dag-v1 + seven globals"",""seeds"":[42,1234,31415],""weight_decay"":0.0001}","{""gate_vocabulary"":{""__UNK_GATE__"":33,""ccx"":0,""ch"":1,""cp"":2,""crx"":3,""cry"":4,""crz"":5,""cswap"":6,""cu1"":7,""cu3"":8,""cx"":9,""cy"":10,""cz"":11,""h"":12,""measure"":13,""p"":14,""rx"":15,""rxx"":16,""ry"":17,""rz"":18,""rzz"":19,""s"":20,""sdg"":21,""swap"":22,""sx"":23,""sxdg"":24,""t"":25,""tdg"":26,""u"":27,""u1"":28,""u2"":29,""u3"":30,""x"":31,""z"":32},""global_transform"":""log1p then mean/std fitted on outer-training hashes only; std<1e-6 replaced with 1.0"",""global_transform_sha256"":""a2c9ce39027ac3f6ca9c70ebdc5e3dfa6e7c0cc2dacba5840fcb65dcf7180ccf"",""global_transform_values"":{""mean"":[1.8224101498720864,3.1053872687217954,2.8079593283532653,3.0029284361859343,0.27063051723060083,1.8177518211967976,3.496507561466486],""std"":[0.37287327288192307,1.2921888340367358,1.1467136022319648,1.4585236621079292,0.5042543091468591,0.41948136712693684,1.0]},""globals"":[""active_width"",""structural_depth"",""one_qubit_count"",""two_qubit_count"",""swap_like_count"",""measurement_count"",""shots""],""graph"":""outer-train vocabulary; unseen operation maps to __UNK_GATE__; node features gate one-hot + arity-0..3 + parameter-present + normalized wire min/mean/max + wire-present"",""target"":""log1p(target_seconds), inverse=expm1 then clamp at zero"",""unknown_token"":""__UNK_GATE__"",""vocabulary_sha256"":""662765119c886b806641a1fa24ea99cf634664f8459a66458070cd4a9c9018e2""}",,rowwise_median,True,0.0011160025605931878,0.0013423959026113153,0.00022639334201812744
cudaq_dense_statevector_fp32,fp32,mali_style_dense_graph,0,ea84355871fa77560419766f8000de4dcb0eea29468bcb0d89a1c84edff34f61,True,ok,0.00012986200454179198,0.0012424738379195333,ok,,113,37,4f89adae38ad3c2443dc3ce15101fa7a0b68f2be1f36fe84326a1e0d541de60d,25a3fc4d9ec55e005531b1ec6b1d9dd567a4b2b6468520df5a79273daa700f7e,"{""architecture"":""three_TransformerConv_64_relu_global_mean_pool_global_7_to_64_to_64_concat_128_to_512_to_512_to_128_to_1"",""batch_size"":32,""early_stopping"":false,""epochs"":500,""fidelity_class"":""architecture_adaptation"",""loss"":""unweighted_mse_log1p_seconds"",""lr"":0.0005,""model_precision"":""float32_no_amp"",""optimizer"":""Adam"",""representation"":""s71-operation-dag-v1 + seven globals"",""seeds"":[42,1234,31415],""weight_decay"":0.0001}","{""gate_vocabulary"":{""__UNK_GATE__"":33,""ccx"":0,""ch"":1,""cp"":2,""crx"":3,""cry"":4,""crz"":5,""cswap"":6,""cu1"":7,""cu3"":8,""cx"":9,""cy"":10,""cz"":11,""h"":12,""measure"":13,""p"":14,""rx"":15,""rxx"":16,""ry"":17,""rz"":18,""rzz"":19,""s"":20,""sdg"":21,""swap"":22,""sx"":23,""sxdg"":24,""t"":25,""tdg"":26,""u"":27,""u1"":28,""u2"":29,""u3"":30,""x"":31,""z"":32},""global_transform"":""log1p then mean/std fitted on outer-training hashes only; std<1e-6 replaced with 1.0"",""global_transform_sha256"":""a2c9ce39027ac3f6ca9c70ebdc5e3dfa6e7c0cc2dacba5840fcb65dcf7180ccf"",""global_transform_values"":{""mean"":[1.8224101498720864,3.1053872687217954,2.8079593283532653,3.0029284361859343,0.27063051723060083,1.8177518211967976,3.496507561466486],""std"":[0.37287327288192307,1.2921888340367358,1.1467136022319648,1.4585236621079292,0.5042543091468591,0.41948136712693684,1.0]},""globals"":[""active_width"",""structural_depth"",""one_qubit_count"",""two_qubit_count"",""swap_like_count"",""measurement_count"",""shots""],""graph"":""outer-train vocabulary; unseen operation maps to __UNK_GATE__; node features gate one-hot + arity-0..3 + parameter-present + normalized wire min/mean/max + wire-present"",""target"":""log1p(target_seconds), inverse=expm1 then clamp at zero"",""unknown_token"":""__UNK_GATE__"",""vocabulary_sha256"":""662765119c886b806641a1fa24ea99cf634664f8459a66458070cd4a9c9018e2""}",,rowwise_median,True,0.0011160025605931878,0.0013423959026113153,0.00022639334201812744
cudaq_dense_statevector_fp32,fp32,mali_style_dense_graph,0,eb43007109ad9707544629854cfc7259b0e6aa70c5a618cedacbb7d26dd746a0,True,ok,0.000949009001487866,0.0012424738379195333,ok,,113,37,4f89adae38ad3c2443dc3ce15101fa7a0b68f2be1f36fe84326a1e0d541de60d,25a3fc4d9ec55e005531b1ec6b1d9dd567a4b2b6468520df5a79273daa700f7e,"{""architecture"":""three_TransformerConv_64_relu_global_mean_pool_global_7_to_64_to_64_concat_128_to_512_to_512_to_128_to_1"",""batch_size"":32,""early_stopping"":false,""epochs"":500,""fidelity_class"":""architecture_adaptation"",""loss"":""unweighted_mse_log1p_seconds"",""lr"":0.0005,""model_precision"":""float32_no_amp"",""optimizer"":""Adam"",""representation"":""s71-operation-dag-v1 + seven globals"",""seeds"":[42,1234,31415],""weight_decay"":0.0001}","{""gate_vocabulary"":{""__UNK_GATE__"":33,""ccx"":0,""ch"":1,""cp"":2,""crx"":3,""cry"":4,""crz"":5,""cswap"":6,""cu1"":7,""cu3"":8,""cx"":9,""cy"":10,""cz"":11,""h"":12,""measure"":13,""p"":14,""rx"":15,""rxx"":16,""ry"":17,""rz"":18,""rzz"":19,""s"":20,""sdg"":21,""swap"":22,""sx"":23,""sxdg"":24,""t"":25,""tdg"":26,""u"":27,""u1"":28,""u2"":29,""u3"":30,""x"":31,""z"":32},""global_transform"":""log1p then mean/std fitted on outer-training hashes only; std<1e-6 replaced with 1.0"",""global_transform_sha256"":""a2c9ce39027ac3f6ca9c70ebdc5e3dfa6e7c0cc2dacba5840fcb65dcf7180ccf"",""global_transform_values"":{""mean"":[1.8224101498720864,3.1053872687217954,2.8079593283532653,3.0029284361859343,0.27063051723060083,1.8177518211967976,3.496507561466486],""std"":[0.37287327288192307,1.2921888340367358,1.1467136022319648,1.4585236621079292,0.5042543091468591,0.41948136712693684,1.0]},""globals"":[""active_width"",""structural_depth"",""one_qubit_count"",""two_qubit_count"",""swap_like_count"",""measurement_count"",""shots""],""graph"":""outer-train vocabulary; unseen operation maps to __UNK_GATE__; node features gate one-hot + arity-0..3 + parameter-present + normalized wire min/mean/max + wire-present"",""target"":""log1p(target_seconds), inverse=expm1 then clamp at zero"",""unknown_token"":""__UNK_GATE__"",""vocabulary_sha256"":""662765119c886b806641a1fa24ea99cf634664f8459a66458070cd4a9c9018e2""}",,rowwise_median,True,0.0011160025605931878,0.0013423959026113153,0.00022639334201812744
cudaq_dense_statevector_fp32,fp32,mali_style_dense_graph,0,f12c9439f3dfce19e2f161aed74fdafb33146528cdb8524425608579de8b6741,True,ok,0.00013675600348506123,0.0012424738379195333,ok,,113,37,4f89adae38ad3c2443dc3ce15101fa7a0b68f2be1f36fe84326a1e0d541de60d,25a3fc4d9ec55e005531b1ec6b1d9dd567a4b2b6468520df5a79273daa700f7e,"{""architecture"":""three_TransformerConv_64_relu_global_mean_pool_global_7_to_64_to_64_concat_128_to_512_to_512_to_128_to_1"",""batch_size"":32,""early_stopping"":false,""epochs"":500,""fidelity_class"":""architecture_adaptation"",""loss"":""unweighted_mse_log1p_seconds"",""lr"":0.0005,""model_precision"":""float32_no_amp"",""optimizer"":""Adam"",""representation"":""s71-operation-dag-v1 + seven globals"",""seeds"":[42,1234,31415],""weight_decay"":0.0001}","{""gate_vocabulary"":{""__UNK_GATE__"":33,""ccx"":0,""ch"":1,""cp"":2,""crx"":3,""cry"":4,""crz"":5,""cswap"":6,""cu1"":7,""cu3"":8,""cx"":9,""cy"":10,""cz"":11,""h"":12,""measure"":13,""p"":14,""rx"":15,""rxx"":16,""ry"":17,""rz"":18,""rzz"":19,""s"":20,""sdg"":21,""swap"":22,""sx"":23,""sxdg"":24,""t"":25,""tdg"":26,""u"":27,""u1"":28,""u2"":29,""u3"":30,""x"":31,""z"":32},""global_transform"":""log1p then mean/std fitted on outer-training hashes only; std<1e-6 replaced with 1.0"",""global_transform_sha256"":""a2c9ce39027ac3f6ca9c70ebdc5e3dfa6e7c0cc2dacba5840fcb65dcf7180ccf"",""global_transform_values"":{""mean"":[1.8224101498720864,3.1053872687217954,2.8079593283532653,3.0029284361859343,0.27063051723060083,1.8177518211967976,3.496507561466486],""std"":[0.37287327288192307,1.2921888340367358,1.1467136022319648,1.4585236621079292,0.5042543091468591,0.41948136712693684,1.0]},""globals"":[""active_width"",""structural_depth"",""one_qubit_count"",""two_qubit_count"",""swap_like_count"",""measurement_count"",""shots""],""graph"":""outer-train vocabulary; unseen operation maps to __UNK_GATE__; node features gate one-hot + arity-0..3 + parameter-present + normalized wire min/mean/max + wire-present"",""target"":""log1p(target_seconds), inverse=expm1 then clamp at zero"",""unknown_token"":""__UNK_GATE__"",""vocabulary_sha256"":""662765119c886b806641a1fa24ea99cf634664f8459a66458070cd4a9c9018e2""}",,rowwise_median,True,0.0011160025605931878,0.0013423959026113153,0.00022639334201812744
cudaq_dense_statevector_fp32,fp32,mali_style_dense_graph,0,f2ce48d725be79c1ea5cbfeb36811261c4e74460588e911c3b2916a9303c1cf5,True,ok,0.0002858020015992224,0.0012424738379195333,ok,,113,37,4f89adae38ad3c2443dc3ce15101fa7a0b68f2be1f36fe84326a1e0d541de60d,25a3fc4d9ec55e005531b1ec6b1d9dd567a4b2b6468520df5a79273daa700f7e,"{""architecture"":""three_TransformerConv_64_relu_global_mean_pool_global_7_to_64_to_64_concat_128_to_512_to_512_to_128_to_1"",""batch_size"":32,""early_stopping"":false,""epochs"":500,""fidelity_class"":""architecture_adaptation"",""loss"":""unweighted_mse_log1p_seconds"",""lr"":0.0005,""model_precision"":""float32_no_amp"",""optimizer"":""Adam"",""representation"":""s71-operation-dag-v1 + seven globals"",""seeds"":[42,1234,31415],""weight_decay"":0.0001}","{""gate_vocabulary"":{""__UNK_GATE__"":33,""ccx"":0,""ch"":1,""cp"":2,""crx"":3,""cry"":4,""crz"":5,""cswap"":6,""cu1"":7,""cu3"":8,""cx"":9,""cy"":10,""cz"":11,""h"":12,""measure"":13,""p"":14,""rx"":15,""rxx"":16,""ry"":17,""rz"":18,""rzz"":19,""s"":20,""sdg"":21,""swap"":22,""sx"":23,""sxdg"":24,""t"":25,""tdg"":26,""u"":27,""u1"":28,""u2"":29,""u3"":30,""x"":31,""z"":32},""global_transform"":""log1p then mean/std fitted on outer-training hashes only; std<1e-6 replaced with 1.0"",""global_transform_sha256"":""a2c9ce39027ac3f6ca9c70ebdc5e3dfa6e7c0cc2dacba5840fcb65dcf7180ccf"",""global_transform_values"":{""mean"":[1.8224101498720864,3.1053872687217954,2.8079593283532653,3.0029284361859343,0.27063051723060083,1.8177518211967976,3.496507561466486],""std"":[0.37287327288192307,1.2921888340367358,1.1467136022319648,1.4585236621079292,0.5042543091468591,0.41948136712693684,1.0]},""globals"":[""active_width"",""structural_depth"",""one_qubit_count"",""two_qubit_count"",""swap_like_count"",""measurement_count"",""shots""],""graph"":""outer-train vocabulary; unseen operation maps to __UNK_GATE__; node features gate one-hot + arity-0..3 + parameter-present + normalized wire min/mean/max + wire-present"",""target"":""log1p(target_seconds), inverse=expm1 then clamp at zero"",""unknown_token"":""__UNK_GATE__"",""vocabulary_sha256"":""662765119c886b806641a1fa24ea99cf634664f8459a66458070cd4a9c9018e2""}",,rowwise_median,True,0.0011160025605931878,0.0013423959026113153,0.00022639334201812744
cudaq_dense_statevector_fp32,fp32,mali_style_dense_graph,0,f8d88243c9d36e41e0eedeff4898e325d59ba4d8ceb4b81c7b48757ade1e94b4,True,ok,0.0013024229992879555,0.0012424738379195333,ok,,113,37,4f89adae38ad3c2443dc3ce15101fa7a0b68f2be1f36fe84326a1e0d541de60d,25a3fc4d9ec55e005531b1ec6b1d9dd567a4b2b6468520df5a79273daa700f7e,"{""architecture"":""three_TransformerConv_64_relu_global_mean_pool_global_7_to_64_to_64_concat_128_to_512_to_512_to_128_to_1"",""batch_size"":32,""early_stopping"":false,""epochs"":500,""fidelity_class"":""architecture_adaptation"",""loss"":""unweighted_mse_log1p_seconds"",""lr"":0.0005,""model_precision"":""float32_no_amp"",""optimizer"":""Adam"",""representation"":""s71-operation-dag-v1 + seven globals"",""seeds"":[42,1234,31415],""weight_decay"":0.0001}","{""gate_vocabulary"":{""__UNK_GATE__"":33,""ccx"":0,""ch"":1,""cp"":2,""crx"":3,""cry"":4,""crz"":5,""cswap"":6,""cu1"":7,""cu3"":8,""cx"":9,""cy"":10,""cz"":11,""h"":12,""measure"":13,""p"":14,""rx"":15,""rxx"":16,""ry"":17,""rz"":18,""rzz"":19,""s"":20,""sdg"":21,""swap"":22,""sx"":23,""sxdg"":24,""t"":25,""tdg"":26,""u"":27,""u1"":28,""u2"":29,""u3"":30,""x"":31,""z"":32},""global_transform"":""log1p then mean/std fitted on outer-training hashes only; std<1e-6 replaced with 1.0"",""global_transform_sha256"":""a2c9ce39027ac3f6ca9c70ebdc5e3dfa6e7c0cc2dacba5840fcb65dcf7180ccf"",""global_transform_values"":{""mean"":[1.8224101498720864,3.1053872687217954,2.8079593283532653,3.0029284361859343,0.27063051723060083,1.8177518211967976,3.496507561466486],""std"":[0.37287327288192307,1.2921888340367358,1.1467136022319648,1.4585236621079292,0.5042543091468591,0.41948136712693684,1.0]},""globals"":[""active_width"",""structural_depth"",""one_qubit_count"",""two_qubit_count"",""swap_like_count"",""measurement_count"",""shots""],""graph"":""outer-train vocabulary; unseen operation maps to __UNK_GATE__; node features gate one-hot + arity-0..3 + parameter-present + normalized wire min/mean/max + wire-present"",""target"":""log1p(target_seconds), inverse=expm1 then clamp at zero"",""unknown_token"":""__UNK_GATE__"",""vocabulary_sha256"":""662765119c886b806641a1fa24ea99cf634664f8459a66458070cd4a9c9018e2""}",,rowwise_median,True,0.0011160025605931878,0.0013423959026113153,0.00022639334201812744
cudaq_dense_statevector_fp32,fp32,matched_metadata_mlp,0,040a287609a78a55ab6148ad1a3cc6aa2fcee8b0871b077a9c1a37bee49f69fe,True,ok,0.00021624600049108267,0.0012304187985137105,ok,,113,37,4f89adae38ad3c2443dc3ce15101fa7a0b68f2be1f36fe84326a1e0d541de60d,25a3fc4d9ec55e005531b1ec6b1d9dd567a4b2b6468520df5a79273daa700f7e,"{""architecture"":""7_to_64_to_64_to_512_to_512_to_128_to_1_fully_connected_relu"",""batch_size"":32,""early_stopping"":false,""epochs"":500,""fidelity_class"":""matched_feature_baseline"",""loss"":""unweighted_mse_log1p_seconds"",""lr"":0.0005,""model_precision"":""float32_no_amp"",""optimizer"":""Adam"",""representation"":""seven globals only"",""seeds"":[42,1234,31415],""weight_decay"":0.0001}","{""global_transform"":""log1p then mean/std fitted on outer-training hashes only; std<1e-6 replaced with 1.0"",""global_transform_sha256"":""a2c9ce39027ac3f6ca9c70ebdc5e3dfa6e7c0cc2dacba5840fcb65dcf7180ccf"",""global_transform_values"":{""mean"":[1.8224101498720864,3.1053872687217954,2.8079593283532653,3.0029284361859343,0.27063051723060083,1.8177518211967976,3.496507561466486],""std"":[0.37287327288192307,1.2921888340367358,1.1467136022319648,1.4585236621079292,0.5042543091468591,0.41948136712693684,1.0]},""globals"":[""active_width"",""structural_depth"",""one_qubit_count"",""two_qubit_count"",""swap_like_count"",""measurement_count"",""shots""],""representation"":""seven global features only; no operation vocabulary or graph structure"",""target"":""log1p(target_seconds), inverse=expm1 then clamp at zero""}",,rowwise_median,True,0.0012013075174763799,0.0013567389687523246,0.0001554314512759447
cudaq_dense_statevector_fp32,fp32,matched_metadata_mlp,0,0a43a3dbe4a4294a007fa7ec167a24ea300d3762489b98245c2f80ad29727075,True,ok,7.606200233567506e-05,0.0012304187985137105,ok,,113,37,4f89adae38ad3c2443dc3ce15101fa7a0b68f2be1f36fe84326a1e0d541de60d,25a3fc4d9ec55e005531b1ec6b1d9dd567a4b2b6468520df5a79273daa700f7e,"{""architecture"":""7_to_64_to_64_to_512_to_512_to_128_to_1_fully_connected_relu"",""batch_size"":32,""early_stopping"":false,""epochs"":500,""fidelity_class"":""matched_feature_baseline"",""loss"":""unweighted_mse_log1p_seconds"",""lr"":0.0005,""model_precision"":""float32_no_amp"",""optimizer"":""Adam"",""representation"":""seven globals only"",""seeds"":[42,1234,31415],""weight_decay"":0.0001}","{""global_transform"":""log1p then mean/std fitted on outer-training hashes only; std<1e-6 replaced with 1.0"",""global_transform_sha256"":""a2c9ce39027ac3f6ca9c70ebdc5e3dfa6e7c0cc2dacba5840fcb65dcf7180ccf"",""global_transform_values"":{""mean"":[1.8224101498720864,3.1053872687217954,2.8079593283532653,3.0029284361859343,0.27063051723060083,1.8177518211967976,3.496507561466486],""std"":[0.37287327288192307,1.2921888340367358,1.1467136022319648,1.4585236621079292,0.5042543091468591,0.41948136712693684,1.0]},""globals"":[""active_width"",""structural_depth"",""one_qubit_count"",""two_qubit_count"",""swap_like_count"",""measurement_count"",""shots""],""representation"":""seven global features only; no operation vocabulary or graph structure"",""target"":""log1p(target_seconds), inverse=expm1 then clamp at zero""}",,rowwise_median,True,0.0012013075174763799,0.0013567389687523246,0.0001554314512759447
cudaq_dense_statevector_fp32,fp32,matched_metadata_mlp,0,0a43c652a1c92c83389d952438c22aa0d890a611333da29499d6ff1733925b21,True,ok,0.00042248700628988445,0.0012304187985137105,ok,,113,37,4f89adae38ad3c2443dc3ce15101fa7a0b68f2be1f36fe84326a1e0d541de60d,25a3fc4d9ec55e005531b1ec6b1d9dd567a4b2b6468520df5a79273daa700f7e,"{""architecture"":""7_to_64_to_64_to_512_to_512_to_128_to_1_fully_connected_relu"",""batch_size"":32,""early_stopping"":false,""epochs"":500,""fidelity_class"":""matched_feature_baseline"",""loss"":""unweighted_mse_log1p_seconds"",""lr"":0.0005,""model_precision"":""float32_no_amp"",""optimizer"":""Adam"",""representation"":""seven globals only"",""seeds"":[42,1234,31415],""weight_decay"":0.0001}","{""global_transform"":""log1p then mean/std fitted on outer-training hashes only; std<1e-6 replaced with 1.0"",""global_transform_sha256"":""a2c9ce39027ac3f6ca9c70ebdc5e3dfa6e7c0cc2dacba5840fcb65dcf7180ccf"",""global_transform_values"":{""mean"":[1.8224101498720864,3.1053872687217954,2.8079593283532653,3.0029284361859343,0.27063051723060083,1.8177518211967976,3.496507561466486],""std"":[0.37287327288192307,1.2921888340367358,1.1467136022319648,1.4585236621079292,0.5042543091468591,0.41948136712693684,1.0]},""globals"":[""active_width"",""structural_depth"",""one_qubit_count"",""two_qubit_count"",""swap_like_count"",""measurement_count"",""shots""],""representation"":""seven global features only; no operation vocabulary or graph structure"",""target"":""log1p(target_seconds), inverse=expm1 then clamp at zero""}",,rowwise_median,True,0.0012013075174763799,0.0013567389687523246,0.0001554314512759447
cudaq_dense_statevector_fp32,fp32,matched_metadata_mlp,0,23a9403cafedb94bbd2f39d4d9106aca7f890047719b80231d86ac9fb8382383,True,ok,0.00013782399764750153,0.0012304187985137105,ok,,113,37,4f89adae38ad3c2443dc3ce15101fa7a0b68f2be1f36fe84326a1e0d541de60d,25a3fc4d9ec55e005531b1ec6b1d9dd567a4b2b6468520df5a79273daa700f7e,"{""architecture"":""7_to_64_to_64_to_512_to_512_to_128_to_1_fully_connected_relu"",""batch_size"":32,""early_stopping"":false,""epochs"":500,""fidelity_class"":""matched_feature_baseline"",""loss"":""unweighted_mse_log1p_seconds"",""lr"":0.0005,""model_precision"":""float32_no_amp"",""optimizer"":""Adam"",""representation"":""seven globals only"",""seeds"":[42,1234,31415],""weight_decay"":0.0001}","{""global_transform"":""log1p then mean/std fitted on outer-training hashes only; std<1e-6 replaced with 1.0"",""global_transform_sha256"":""a2c9ce39027ac3f6ca9c70ebdc5e3dfa6e7c0cc2dacba5840fcb65dcf7180ccf"",""global_transform_values"":{""mean"":[1.8224101498720864,3.1053872687217954,2.8079593283532653,3.0029284361859343,0.27063051723060083,1.8177518211967976,3.496507561466486],""std"":[0.37287327288192307,1.2921888340367358,1.1467136022319648,1.4585236621079292,0.5042543091468591,0.41948136712693684,1.0]},""globals"":[""active_width"",""structural_depth"",""one_qubit_count"",""two_qubit_count"",""swap_like_count"",""measurement_count"",""shots""],""representation"":""seven global features only; no operation vocabulary or graph structure"",""target"":""log1p(target_seconds), inverse=expm1 then clamp at zero""}",,rowwise_median,True,0.0012013075174763799,0.0013567389687523246,0.0001554314512759447
cudaq_dense_statevector_fp32,fp32,matched_metadata_mlp,0,35548785a9c99b0ad9409f18dfbfc3baed0e1dcbb1d95eae8c8510dcda120410,True,ok,0.010669012001017109,0.0012304187985137105,ok,,113,37,4f89adae38ad3c2443dc3ce15101fa7a0b68f2be1f36fe84326a1e0d541de60d,25a3fc4d9ec55e005531b1ec6b1d9dd567a4b2b6468520df5a79273daa700f7e,"{""architecture"":""7_to_64_to_64_to_512_to_512_to_128_to_1_fully_connected_relu"",""batch_size"":32,""early_stopping"":false,""epochs"":500,""fidelity_class"":""matched_feature_baseline"",""loss"":""unweighted_mse_log1p_seconds"",""lr"":0.0005,""model_precision"":""float32_no_amp"",""optimizer"":""Adam"",""representation"":""seven globals only"",""seeds"":[42,1234,31415],""weight_decay"":0.0001}","{""global_transform"":""log1p then mean/std fitted on outer-training hashes only; std<1e-6 replaced with 1.0"",""global_transform_sha256"":""a2c9ce39027ac3f6ca9c70ebdc5e3dfa6e7c0cc2dacba5840fcb65dcf7180ccf"",""global_transform_values"":{""mean"":[1.8224101498720864,3.1053872687217954,2.8079593283532653,3.0029284361859343,0.27063051723060083,1.8177518211967976,3.496507561466486],""std"":[0.37287327288192307,1.2921888340367358,1.1467136022319648,1.4585236621079292,0.5042543091468591,0.41948136712693684,1.0]},""globals"":[""active_width"",""structural_depth"",""one_qubit_count"",""two_qubit_count"",""swap_like_count"",""measurement_count"",""shots""],""representation"":""seven global features only; no operation vocabulary or graph structure"",""target"":""log1p(target_seconds), inverse=expm1 then clamp at zero""}",,rowwise_median,True,0.0012013075174763799,0.0013567389687523246,0.0001554314512759447
cudaq_dense_statevector_fp32,fp32,matched_metadata_mlp,0,36bb1354ff108648bc8c9c529a2002a53a68e4bfa9bf3529edce11e5d47f851f,True,ok,0.00019917500321753323,0.0012304187985137105,ok,,113,37,4f89adae38ad3c2443dc3ce15101fa7a0b68f2be1f36fe84326a1e0d541de60d,25a3fc4d9ec55e005531b1ec6b1d9dd567a4b2b6468520df5a79273daa700f7e,"{""architecture"":""7_to_64_to_64_to_512_to_512_to_128_to_1_fully_connected_relu"",""batch_size"":32,""early_stopping"":false,""epochs"":500,""fidelity_class"":""matched_feature_baseline"",""loss"":""unweighted_mse_log1p_seconds"",""lr"":0.0005,""model_precision"":""float32_no_amp"",""optimizer"":""Adam"",""representation"":""seven globals only"",""seeds"":[42,1234,31415],""weight_decay"":0.0001}","{""global_transform"":""log1p then mean/std fitted on outer-training hashes only; std<1e-6 replaced with 1.0"",""global_transform_sha256"":""a2c9ce39027ac3f6ca9c70ebdc5e3dfa6e7c0cc2dacba5840fcb65dcf7180ccf"",""global_transform_values"":{""mean"":[1.8224101498720864,3.1053872687217954,2.8079593283532653,3.0029284361859343,0.27063051723060083,1.8177518211967976,3.496507561466486],""std"":[0.37287327288192307,1.2921888340367358,1.1467136022319648,1.4585236621079292,0.5042543091468591,0.41948136712693684,1.0]},""globals"":[""active_width"",""structural_depth"",""one_qubit_count"",""two_qubit_count"",""swap_like_count"",""measurement_count"",""shots""],""representation"":""seven global features only; no operation vocabulary or graph structure"",""target"":""log1p(target_seconds), inverse=expm1 then clamp at zero""}",,rowwise_median,True,0.0012013075174763799,0.0013567389687523246,0.0001554314512759447
cudaq_dense_statevector_fp32,fp32,matched_metadata_mlp,0,4b24f68f78c4499a295ab28caa04282d174b7ab2a6b0f5333d3bfe630df72f71,True,ok,0.00013226299779489636,0.0012304187985137105,ok,,113,37,4f89adae38ad3c2443dc3ce15101fa7a0b68f2be1f36fe84326a1e0d541de60d,25a3fc4d9ec55e005531b1ec6b1d9dd567a4b2b6468520df5a79273daa700f7e,"{""architecture"":""7_to_64_to_64_to_512_to_512_to_128_to_1_fully_connected_relu"",""batch_size"":32,""early_stopping"":false,""epochs"":500,""fidelity_class"":""matched_feature_baseline"",""loss"":""unweighted_mse_log1p_seconds"",""lr"":0.0005,""model_precision"":""float32_no_amp"",""optimizer"":""Adam"",""representation"":""seven globals only"",""seeds"":[42,1234,31415],""weight_decay"":0.0001}","{""global_transform"":""log1p then mean/std fitted on outer-training hashes only; std<1e-6 replaced with 1.0"",""global_transform_sha256"":""a2c9ce39027ac3f6ca9c70ebdc5e3dfa6e7c0cc2dacba5840fcb65dcf7180ccf"",""global_transform_values"":{""mean"":[1.8224101498720864,3.1053872687217954,2.8079593283532653,3.0029284361859343,0.27063051723060083,1.8177518211967976,3.496507561466486],""std"":[0.37287327288192307,1.2921888340367358,1.1467136022319648,1.4585236621079292,0.5042543091468591,0.41948136712693684,1.0]},""globals"":[""active_width"",""structural_depth"",""one_qubit_count"",""two_qubit_count"",""swap_like_count"",""measurement_count"",""shots""],""representation"":""seven global features only; no operation vocabulary or graph structure"",""target"":""log1p(target_seconds), inverse=expm1 then clamp at zero""}",,rowwise_median,True,0.0012013075174763799,0.0013567389687523246,0.0001554314512759447
cudaq_dense_statevector_fp32,fp32,matched_metadata_mlp,0,4b5542071ea595cd62184de26c4f1dac3f6afa86f6450f50a28dbe8e1f865257,True,ok,0.00013331999070942402,0.0012304187985137105,ok,,113,37,4f89adae38ad3c2443dc3ce15101fa7a0b68f2be1f36fe84326a1e0d541de60d,25a3fc4d9ec55e005531b1ec6b1d9dd567a4b2b6468520df5a79273daa700f7e,"{""architecture"":""7_to_64_to_64_to_512_to_512_to_128_to_1_fully_connected_relu"",""batch_size"":32,""early_stopping"":false,""epochs"":500,""fidelity_class"":""matched_feature_baseline"",""loss"":""unweighted_mse_log1p_seconds"",""lr"":0.0005,""model_precision"":""float32_no_amp"",""optimizer"":""Adam"",""representation"":""seven globals only"",""seeds"":[42,1234,31415],""weight_decay"":0.0001}","{""global_transform"":""log1p then mean/std fitted on outer-training hashes only; std<1e-6 replaced with 1.0"",""global_transform_sha256"":""a2c9ce39027ac3f6ca9c70ebdc5e3dfa6e7c0cc2dacba5840fcb65dcf7180ccf"",""global_transform_values"":{""mean"":[1.8224101498720864,3.1053872687217954,2.8079593283532653,3.0029284361859343,0.27063051723060083,1.8177518211967976,3.496507561466486],""std"":[0.37287327288192307,1.2921888340367358,1.1467136022319648,1.4585236621079292,0.5042543091468591,0.41948136712693684,1.0]},""globals"":[""active_width"",""structural_depth"",""one_qubit_count"",""two_qubit_count"",""swap_like_count"",""measurement_count"",""shots""],""representation"":""seven global features only; no operation vocabulary or graph structure"",""target"":""log1p(target_seconds), inverse=expm1 then clamp at zero""}",,rowwise_median,True,0.0012013075174763799,0.0013567389687523246,0.0001554314512759447
cudaq_dense_statevector_fp32,fp32,matched_metadata_mlp,0,66c9180a271ec04f728ab259ed86a24fe52676e6f40a7614b02f79fd13536c91,True,ok,9.88020037766546e-05,0.0012304187985137105,ok,,113,37,4f89adae38ad3c2443dc3ce15101fa7a0b68f2be1f36fe84326a1e0d541de60d,25a3fc4d9ec55e005531b1ec6b1d9dd567a4b2b6468520df5a79273daa700f7e,"{""architecture"":""7_to_64_to_64_to_512_to_512_to_128_to_1_fully_connected_relu"",""batch_size"":32,""early_stopping"":false,""epochs"":500,""fidelity_class"":""matched_feature_baseline"",""loss"":""unweighted_mse_log1p_seconds"",""lr"":0.0005,""model_precision"":""float32_no_amp"",""optimizer"":""Adam"",""representation"":""seven globals only"",""seeds"":[42,1234,31415],""weight_decay"":0.0001}","{""global_transform"":""log1p then mean/std fitted on outer-training hashes only; std<1e-6 replaced with 1.0"",""global_transform_sha256"":""a2c9ce39027ac3f6ca9c70ebdc5e3dfa6e7c0cc2dacba5840fcb65dcf7180ccf"",""global_transform_values"":{""mean"":[1.8224101498720864,3.1053872687217954,2.8079593283532653,3.0029284361859343,0.27063051723060083,1.8177518211967976,3.496507561466486],""std"":[0.37287327288192307,1.2921888340367358,1.1467136022319648,1.4585236621079292,0.5042543091468591,0.41948136712693684,1.0]},""globals"":[""active_width"",""structural_depth"",""one_qubit_count"",""two_qubit_count"",""swap_like_count"",""measurement_count"",""shots""],""representation"":""seven global features only; no operation vocabulary or graph structure"",""target"":""log1p(target_seconds), inverse=expm1 then clamp at zero""}",,rowwise_median,True,0.0012013075174763799,0.0013567389687523246,0.0001554314512759447
cudaq_dense_statevector_fp32,fp32,matched_metadata_mlp,0,6b2f9fea850557b40ca9b69341ec300b1c4fe1f4bf53e94436af2ba1586bac62,True,ok,0.00011236200225539505,0.0012304187985137105,ok,,113,37,4f89adae38ad3c2443dc3ce15101fa7a0b68f2be1f36fe84326a1e0d541de60d,25a3fc4d9ec55e005531b1ec6b1d9dd567a4b2b6468520df5a79273daa700f7e,"{""architecture"":""7_to_64_to_64_to_512_to_512_to_128_to_1_fully_connected_relu"",""batch_size"":32,""early_stopping"":false,""epochs"":500,""fidelity_class"":""matched_feature_baseline"",""loss"":""unweighted_mse_log1p_seconds"",""lr"":0.0005,""model_precision"":""float32_no_amp"",""optimizer"":""Adam"",""representation"":""seven globals only"",""seeds"":[42,1234,31415],""weight_decay"":0.0001}","{""global_transform"":""log1p then mean/std fitted on outer-training hashes only; std<1e-6 replaced with 1.0"",""global_transform_sha256"":""a2c9ce39027ac3f6ca9c70ebdc5e3dfa6e7c0cc2dacba5840fcb65dcf7180ccf"",""global_transform_values"":{""mean"":[1.8224101498720864,3.1053872687217954,2.8079593283532653,3.0029284361859343,0.27063051723060083,1.8177518211967976,3.496507561466486],""std"":[0.37287327288192307,1.2921888340367358,1.1467136022319648,1.4585236621079292,0.5042543091468591,0.41948136712693684,1.0]},""globals"":[""active_width"",""structural_depth"",""one_qubit_count"",""two_qubit_count"",""swap_like_count"",""measurement_count"",""shots""],""representation"":""seven global features only; no operation vocabulary or graph structure"",""target"":""log1p(target_seconds), inverse=expm1 then clamp at zero""}",,rowwise_median,True,0.0012013075174763799,0.0013567389687523246,0.0001554314512759447
cudaq_dense_statevector_fp32,fp32,matched_metadata_mlp,0,72fb5f837aaa2bec862c3a477efd166f351b72903612c32d444704a431457f4d,True,ok,0.0007719569839537144,0.0012304187985137105,ok,,113,37,4f89adae38ad3c2443dc3ce15101fa7a0b68f2be1f36fe84326a1e0d541de60d,25a3fc4d9ec55e005531b1ec6b1d9dd567a4b2b6468520df5a79273daa700f7e,"{""architecture"":""7_to_64_to_64_to_512_to_512_to_128_to_1_fully_connected_relu"",""batch_size"":32,""early_stopping"":false,""epochs"":500,""fidelity_class"":""matched_feature_baseline"",""loss"":""unweighted_mse_log1p_seconds"",""lr"":0.0005,""model_precision"":""float32_no_amp"",""optimizer"":""Adam"",""representation"":""seven globals only"",""seeds"":[42,1234,31415],""weight_decay"":0.0001}","{""global_transform"":""log1p then mean/std fitted on outer-training hashes only; std<1e-6 replaced with 1.0"",""global_transform_sha256"":""a2c9ce39027ac3f6ca9c70ebdc5e3dfa6e7c0cc2dacba5840fcb65dcf7180ccf"",""global_transform_values"":{""mean"":[1.8224101498720864,3.1053872687217954,2.8079593283532653,3.0029284361859343,0.27063051723060083,1.8177518211967976,3.496507561466486],""std"":[0.37287327288192307,1.2921888340367358,1.1467136022319648,1.4585236621079292,0.5042543091468591,0.41948136712693684,1.0]},""globals"":[""active_width"",""structural_depth"",""one_qubit_count"",""two_qubit_count"",""swap_like_count"",""measurement_count"",""shots""],""representation"":""seven global features only; no operation vocabulary or graph structure"",""target"":""log1p(target_seconds), inverse=expm1 then clamp at zero""}",,rowwise_median,True,0.0012013075174763799,0.0013567389687523246,0.0001554314512759447
cudaq_dense_statevector_fp32,fp32,matched_metadata_mlp,0,7478da09664f4489c33c18a6ea1974cc9dea86d1adda1f912c3eaeff27c2d5fa,True,ok,0.00022490700939670205,0.0012304187985137105,ok,,113,37,4f89adae38ad3c2443dc3ce15101fa7a0b68f2be1f36fe84326a1e0d541de60d,25a3fc4d9ec55e005531b1ec6b1d9dd567a4b2b6468520df5a79273daa700f7e,"{""architecture"":""7_to_64_to_64_to_512_to_512_to_128_to_1_fully_connected_relu"",""batch_size"":32,""early_stopping"":false,""epochs"":500,""fidelity_class"":""matched_feature_baseline"",""loss"":""unweighted_mse_log1p_seconds"",""lr"":0.0005,""model_precision"":""float32_no_amp"",""optimizer"":""Adam"",""representation"":""seven globals only"",""seeds"":[42,1234,31415],""weight_decay"":0.0001}","{""global_transform"":""log1p then mean/std fitted on outer-training hashes only; std<1e-6 replaced with 1.0"",""global_transform_sha256"":""a2c9ce39027ac3f6ca9c70ebdc5e3dfa6e7c0cc2dacba5840fcb65dcf7180ccf"",""global_transform_values"":{""mean"":[1.8224101498720864,3.1053872687217954,2.8079593283532653,3.0029284361859343,0.27063051723060083,1.8177518211967976,3.496507561466486],""std"":[0.37287327288192307,1.2921888340367358,1.1467136022319648,1.4585236621079292,0.5042543091468591,0.41948136712693684,1.0]},""globals"":[""active_width"",""structural_depth"",""one_qubit_count"",""two_qubit_count"",""swap_like_count"",""measurement_count"",""shots""],""representation"":""seven global features only; no operation vocabulary or graph structure"",""target"":""log1p(target_seconds), inverse=expm1 then clamp at zero""}",,rowwise_median,True,0.0012013075174763799,0.0013567389687523246,0.0001554314512759447
cudaq_dense_statevector_fp32,fp32,matched_metadata_mlp,0,7dafebd46e73b9b279f1ef96da32f7d563de3721b856b4570375ab81951e06fc,True,ok,0.000572422010009177,0.0012304187985137105,ok,,113,37,4f89adae38ad3c2443dc3ce15101fa7a0b68f2be1f36fe84326a1e0d541de60d,25a3fc4d9ec55e005531b1ec6b1d9dd567a4b2b6468520df5a79273daa700f7e,"{""architecture"":""7_to_64_to_64_to_512_to_512_to_128_to_1_fully_connected_relu"",""batch_size"":32,""early_stopping"":false,""epochs"":500,""fidelity_class"":""matched_feature_baseline"",""loss"":""unweighted_mse_log1p_seconds"",""lr"":0.0005,""model_precision"":""float32_no_amp"",""optimizer"":""Adam"",""representation"":""seven globals only"",""seeds"":[42,1234,31415],""weight_decay"":0.0001}","{""global_transform"":""log1p then mean/std fitted on outer-training hashes only; std<1e-6 replaced with 1.0"",""global_transform_sha256"":""a2c9ce39027ac3f6ca9c70ebdc5e3dfa6e7c0cc2dacba5840fcb65dcf7180ccf"",""global_transform_values"":{""mean"":[1.8224101498720864,3.1053872687217954,2.8079593283532653,3.0029284361859343,0.27063051723060083,1.8177518211967976,3.496507561466486],""std"":[0.37287327288192307,1.2921888340367358,1.1467136022319648,1.4585236621079292,0.5042543091468591,0.41948136712693684,1.0]},""globals"":[""active_width"",""structural_depth"",""one_qubit_count"",""two_qubit_count"",""swap_like_count"",""measurement_count"",""shots""],""representation"":""seven global features only; no operation vocabulary or graph structure"",""target"":""log1p(target_seconds), inverse=expm1 then clamp at zero""}",,rowwise_median,True,0.0012013075174763799,0.0013567389687523246,0.0001554314512759447
cudaq_dense_statevector_fp32,fp32,matched_metadata_mlp,0,82da8e687716ed31c95e72560edb07e7f6073a5be0f5ebffb17d22aff22c81fd,True,ok,0.00045379099901765585,0.0012304187985137105,ok,,113,37,4f89adae38ad3c2443dc3ce15101fa7a0b68f2be1f36fe84326a1e0d541de60d,25a3fc4d9ec55e005531b1ec6b1d9dd567a4b2b6468520df5a79273daa700f7e,"{""architecture"":""7_to_64_to_64_to_512_to_512_to_128_to_1_fully_connected_relu"",""batch_size"":32,""early_stopping"":false,""epochs"":500,""fidelity_class"":""matched_feature_baseline"",""loss"":""unweighted_mse_log1p_seconds"",""lr"":0.0005,""model_precision"":""float32_no_amp"",""optimizer"":""Adam"",""representation"":""seven globals only"",""seeds"":[42,1234,31415],""weight_decay"":0.0001}","{""global_transform"":""log1p then mean/std fitted on outer-training hashes only; std<1e-6 replaced with 1.0"",""global_transform_sha256"":""a2c9ce39027ac3f6ca9c70ebdc5e3dfa6e7c0cc2dacba5840fcb65dcf7180ccf"",""global_transform_values"":{""mean"":[1.8224101498720864,3.1053872687217954,2.8079593283532653,3.0029284361859343,0.27063051723060083,1.8177518211967976,3.496507561466486],""std"":[0.37287327288192307,1.2921888340367358,1.1467136022319648,1.4585236621079292,0.5042543091468591,0.41948136712693684,1.0]},""globals"":[""active_width"",""structural_depth"",""one_qubit_count"",""two_qubit_count"",""swap_like_count"",""measurement_count"",""shots""],""representation"":""seven global features only; no operation vocabulary or graph structure"",""target"":""log1p(target_seconds), inverse=expm1 then clamp at zero""}",,rowwise_median,True,0.0012013075174763799,0.0013567389687523246,0.0001554314512759447
cudaq_dense_statevector_fp32,fp32,matched_metadata_mlp,0,8c7594c05053bb7af0015bd637170a669e9d39c1da6edce6a769992b6ef5c9cb,True,ok,0.0001945529947988689,0.0012304187985137105,ok,,113,37,4f89adae38ad3c2443dc3ce15101fa7a0b68f2be1f36fe84326a1e0d541de60d,25a3fc4d9ec55e005531b1ec6b1d9dd567a4b2b6468520df5a79273daa700f7e,"{""architecture"":""7_to_64_to_64_to_512_to_512_to_128_to_1_fully_connected_relu"",""batch_size"":32,""early_stopping"":false,""epochs"":500,""fidelity_class"":""matched_feature_baseline"",""loss"":""unweighted_mse_log1p_seconds"",""lr"":0.0005,""model_precision"":""float32_no_amp"",""optimizer"":""Adam"",""representation"":""seven globals only"",""seeds"":[42,1234,31415],""weight_decay"":0.0001}","{""global_transform"":""log1p then mean/std fitted on outer-training hashes only; std<1e-6 replaced with 1.0"",""global_transform_sha256"":""a2c9ce39027ac3f6ca9c70ebdc5e3dfa6e7c0cc2dacba5840fcb65dcf7180ccf"",""global_transform_values"":{""mean"":[1.8224101498720864,3.1053872687217954,2.8079593283532653,3.0029284361859343,0.27063051723060083,1.8177518211967976,3.496507561466486],""std"":[0.37287327288192307,1.2921888340367358,1.1467136022319648,1.4585236621079292,0.5042543091468591,0.41948136712693684,1.0]},""globals"":[""active_width"",""structural_depth"",""one_qubit_count"",""two_qubit_count"",""swap_like_count"",""measurement_count"",""shots""],""representation"":""seven global features only; no operation vocabulary or graph structure"",""target"":""log1p(target_seconds), inverse=expm1 then clamp at zero""}",,rowwise_median,True,0.0012013075174763799,0.0013567389687523246,0.0001554314512759447
cudaq_dense_statevector_fp32,fp32,matched_metadata_mlp,0,8ffee9c3a3af1aeaa766f38df57fcb62de5efa16d7f328d60a8977cb0da39e22,True,ok,0.0008093530050246045,0.0012304187985137105,ok,,113,37,4f89adae38ad3c2443dc3ce15101fa7a0b68f2be1f36fe84326a1e0d541de60d,25a3fc4d9ec55e005531b1ec6b1d9dd567a4b2b6468520df5a79273daa700f7e,"{""architecture"":""7_to_64_to_64_to_512_to_512_to_128_to_1_fully_connected_relu"",""batch_size"":32,""early_stopping"":false,""epochs"":500,""fidelity_class"":""matched_feature_baseline"",""loss"":""unweighted_mse_log1p_seconds"",""lr"":0.0005,""model_precision"":""float32_no_amp"",""optimizer"":""Adam"",""representation"":""seven globals only"",""seeds"":[42,1234,31415],""weight_decay"":0.0001}","{""global_transform"":""log1p then mean/std fitted on outer-training hashes only; std<1e-6 replaced with 1.0"",""global_transform_sha256"":""a2c9ce39027ac3f6ca9c70ebdc5e3dfa6e7c0cc2dacba5840fcb65dcf7180ccf"",""global_transform_values"":{""mean"":[1.8224101498720864,3.1053872687217954,2.8079593283532653,3.0029284361859343,0.27063051723060083,1.8177518211967976,3.496507561466486],""std"":[0.37287327288192307,1.2921888340367358,1.1467136022319648,1.4585236621079292,0.5042543091468591,0.41948136712693684,1.0]},""globals"":[""active_width"",""structural_depth"",""one_qubit_count"",""two_qubit_count"",""swap_like_count"",""measurement_count"",""shots""],""representation"":""seven global features only; no operation vocabulary or graph structure"",""target"":""log1p(target_seconds), inverse=expm1 then clamp at zero""}",,rowwise_median,True,0.0012013075174763799,0.0013567389687523246,0.0001554314512759447
cudaq_dense_statevector_fp32,fp32,matched_metadata_mlp,0,97bdbd3569346cfa4a289ced5de0f3280a495266d423a3af48650bf01484b9be,True,ok,0.005939748996752314,0.0012304187985137105,ok,,113,37,4f89adae38ad3c2443dc3ce15101fa7a0b68f2be1f36fe84326a1e0d541de60d,25a3fc4d9ec55e005531b1ec6b1d9dd567a4b2b6468520df5a79273daa700f7e,"{""architecture"":""7_to_64_to_64_to_512_to_512_to_128_to_1_fully_connected_relu"",""batch_size"":32,""early_stopping"":false,""epochs"":500,""fidelity_class"":""matched_feature_baseline"",""loss"":""unweighted_mse_log1p_seconds"",""lr"":0.0005,""model_precision"":""float32_no_amp"",""optimizer"":""Adam"",""representation"":""seven globals only"",""seeds"":[42,1234,31415],""weight_decay"":0.0001}","{""global_transform"":""log1p then mean/std fitted on outer-training hashes only; std<1e-6 replaced with 1.0"",""global_transform_sha256"":""a2c9ce39027ac3f6ca9c70ebdc5e3dfa6e7c0cc2dacba5840fcb65dcf7180ccf"",""global_transform_values"":{""mean"":[1.8224101498720864,3.1053872687217954,2.8079593283532653,3.0029284361859343,0.27063051723060083,1.8177518211967976,3.496507561466486],""std"":[0.37287327288192307,1.2921888340367358,1.1467136022319648,1.4585236621079292,0.5042543091468591,0.41948136712693684,1.0]},""globals"":[""active_width"",""structural_depth"",""one_qubit_count"",""two_qubit_count"",""swap_like_count"",""measurement_count"",""shots""],""representation"":""seven global features only; no operation vocabulary or graph structure"",""target"":""log1p(target_seconds), inverse=expm1 then clamp at zero""}",,rowwise_median,True,0.0012013075174763799,0.0013567389687523246,0.0001554314512759447
cudaq_dense_statevector_fp32,fp32,matched_metadata_mlp,0,9b4261e2d98678946a9aefea16ba9b8abcae8409f8589f8fb3daa941694f88c6,True,ok,0.0001491839939262718,0.0012304187985137105,ok,,113,37,4f89adae38ad3c2443dc3ce15101fa7a0b68f2be1f36fe84326a1e0d541de60d,25a3fc4d9ec55e005531b1ec6b1d9dd567a4b2b6468520df5a79273daa700f7e,"{""architecture"":""7_to_64_to_64_to_512_to_512_to_128_to_1_fully_connected_relu"",""batch_size"":32,""early_stopping"":false,""epochs"":500,""fidelity_class"":""matched_feature_baseline"",""loss"":""unweighted_mse_log1p_seconds"",""lr"":0.0005,""model_precision"":""float32_no_amp"",""optimizer"":""Adam"",""representation"":""seven globals only"",""seeds"":[42,1234,31415],""weight_decay"":0.0001}","{""global_transform"":""log1p then mean/std fitted on outer-training hashes only; std<1e-6 replaced with 1.0"",""global_transform_sha256"":""a2c9ce39027ac3f6ca9c70ebdc5e3dfa6e7c0cc2dacba5840fcb65dcf7180ccf"",""global_transform_values"":{""mean"":[1.8224101498720864,3.1053872687217954,2.8079593283532653,3.0029284361859343,0.27063051723060083,1.8177518211967976,3.496507561466486],""std"":[0.37287327288192307,1.2921888340367358,1.1467136022319648,1.4585236621079292,0.5042543091468591,0.41948136712693684,1.0]},""globals"":[""active_width"",""structural_depth"",""one_qubit_count"",""two_qubit_count"",""swap_like_count"",""measurement_count"",""shots""],""representation"":""seven global features only; no operation vocabulary or graph structure"",""target"":""log1p(target_seconds), inverse=expm1 then clamp at zero""}",,rowwise_median,True,0.0012013075174763799,0.0013567389687523246,0.0001554314512759447
cudaq_dense_statevector_fp32,fp32,matched_metadata_mlp,0,a53b2a3a1ba8397a96b487c44f825f3cab2e0c714b69298f2ab0a839975b173c,True,ok,0.002428423991659656,0.0012304187985137105,ok,,113,37,4f89adae38ad3c2443dc3ce15101fa7a0b68f2be1f36fe84326a1e0d541de60d,25a3fc4d9ec55e005531b1ec6b1d9dd567a4b2b6468520df5a79273daa700f7e,"{""architecture"":""7_to_64_to_64_to_512_to_512_to_128_to_1_fully_connected_relu"",""batch_size"":32,""early_stopping"":false,""epochs"":500,""fidelity_class"":""matched_feature_baseline"",""loss"":""unweighted_mse_log1p_seconds"",""lr"":0.0005,""model_precision"":""float32_no_amp"",""optimizer"":""Adam"",""representation"":""seven globals only"",""seeds"":[42,1234,31415],""weight_decay"":0.0001}","{""global_transform"":""log1p then mean/std fitted on outer-training hashes only; std<1e-6 replaced with 1.0"",""global_transform_sha256"":""a2c9ce39027ac3f6ca9c70ebdc5e3dfa6e7c0cc2dacba5840fcb65dcf7180ccf"",""global_transform_values"":{""mean"":[1.8224101498720864,3.1053872687217954,2.8079593283532653,3.0029284361859343,0.27063051723060083,1.8177518211967976,3.496507561466486],""std"":[0.37287327288192307,1.2921888340367358,1.1467136022319648,1.4585236621079292,0.5042543091468591,0.41948136712693684,1.0]},""globals"":[""active_width"",""structural_depth"",""one_qubit_count"",""two_qubit_count"",""swap_like_count"",""measurement_count"",""shots""],""representation"":""seven global features only; no operation vocabulary or graph structure"",""target"":""log1p(target_seconds), inverse=expm1 then clamp at zero""}",,rowwise_median,True,0.0012013075174763799,0.0013567389687523246,0.0001554314512759447
cudaq_dense_statevector_fp32,fp32,matched_metadata_mlp,0,b5f6ad96b1eb0fc9087c079e22e8a91398b460e24d616ed0d8829247aee24f18,True,ok,0.00014922300761099905,0.0012304187985137105,ok,,113,37,4f89adae38ad3c2443dc3ce15101fa7a0b68f2be1f36fe84326a1e0d541de60d,25a3fc4d9ec55e005531b1ec6b1d9dd567a4b2b6468520df5a79273daa700f7e,"{""architecture"":""7_to_64_to_64_to_512_to_512_to_128_to_1_fully_connected_relu"",""batch_size"":32,""early_stopping"":false,""epochs"":500,""fidelity_class"":""matched_feature_baseline"",""loss"":""unweighted_mse_log1p_seconds"",""lr"":0.0005,""model_precision"":""float32_no_amp"",""optimizer"":""Adam"",""representation"":""seven globals only"",""seeds"":[42,1234,31415],""weight_decay"":0.0001}","{""global_transform"":""log1p then mean/std fitted on outer-training hashes only; std<1e-6 replaced with 1.0"",""global_transform_sha256"":""a2c9ce39027ac3f6ca9c70ebdc5e3dfa6e7c0cc2dacba5840fcb65dcf7180ccf"",""global_transform_values"":{""mean"":[1.8224101498720864,3.1053872687217954,2.8079593283532653,3.0029284361859343,0.27063051723060083,1.8177518211967976,3.496507561466486],""std"":[0.37287327288192307,1.2921888340367358,1.1467136022319648,1.4585236621079292,0.5042543091468591,0.41948136712693684,1.0]},""globals"":[""active_width"",""structural_depth"",""one_qubit_count"",""two_qubit_count"",""swap_like_count"",""measurement_count"",""shots""],""representation"":""seven global features only; no operation vocabulary or graph structure"",""target"":""log1p(target_seconds), inverse=expm1 then clamp at zero""}",,rowwise_median,True,0.0012013075174763799,0.0013567389687523246,0.0001554314512759447
cudaq_dense_statevector_fp32,fp32,matched_metadata_mlp,0,b6a15d3507225e442ed02c90df5179f09c529df7bf5ee38a8005cc265f4203a6,True,ok,0.003467785005341284,0.0012304187985137105,ok,,113,37,4f89adae38ad3c2443dc3ce15101fa7a0b68f2be1f36fe84326a1e0d541de60d,25a3fc4d9ec55e005531b1ec6b1d9dd567a4b2b6468520df5a79273daa700f7e,"{""architecture"":""7_to_64_to_64_to_512_to_512_to_128_to_1_fully_connected_relu"",""batch_size"":32,""early_stopping"":false,""epochs"":500,""fidelity_class"":""matched_feature_baseline"",""loss"":""unweighted_mse_log1p_seconds"",""lr"":0.0005,""model_precision"":""float32_no_amp"",""optimizer"":""Adam"",""representation"":""seven globals only"",""seeds"":[42,1234,31415],""weight_decay"":0.0001}","{""global_transform"":""log1p then mean/std fitted on outer-training hashes only; std<1e-6 replaced with 1.0"",""global_transform_sha256"":""a2c9ce39027ac3f6ca9c70ebdc5e3dfa6e7c0cc2dacba5840fcb65dcf7180ccf"",""global_transform_values"":{""mean"":[1.8224101498720864,3.1053872687217954,2.8079593283532653,3.0029284361859343,0.27063051723060083,1.8177518211967976,3.496507561466486],""std"":[0.37287327288192307,1.2921888340367358,1.1467136022319648,1.4585236621079292,0.5042543091468591,0.41948136712693684,1.0]},""globals"":[""active_width"",""structural_depth"",""one_qubit_count"",""two_qubit_count"",""swap_like_count"",""measurement_count"",""shots""],""representation"":""seven global features only; no operation vocabulary or graph structure"",""target"":""log1p(target_seconds), inverse=expm1 then clamp at zero""}",,rowwise_median,True,0.0012013075174763799,0.0013567389687523246,0.0001554314512759447
cudaq_dense_statevector_fp32,fp32,matched_metadata_mlp,0,bdd8a427e9747bbc01ad8e77a22d61f0314fe8db0de17786839f2193ab0928bd,True,ok,0.0015384240105049685,0.0012304187985137105,ok,,113,37,4f89adae38ad3c2443dc3ce15101fa7a0b68f2be1f36fe84326a1e0d541de60d,25a3fc4d9ec55e005531b1ec6b1d9dd567a4b2b6468520df5a79273daa700f7e,"{""architecture"":""7_to_64_to_64_to_512_to_512_to_128_to_1_fully_connected_relu"",""batch_size"":32,""early_stopping"":false,""epochs"":500,""fidelity_class"":""matched_feature_baseline"",""loss"":""unweighted_mse_log1p_seconds"",""lr"":0.0005,""model_precision"":""float32_no_amp"",""optimizer"":""Adam"",""representation"":""seven globals only"",""seeds"":[42,1234,31415],""weight_decay"":0.0001}","{""global_transform"":""log1p then mean/std fitted on outer-training hashes only; std<1e-6 replaced with 1.0"",""global_transform_sha256"":""a2c9ce39027ac3f6ca9c70ebdc5e3dfa6e7c0cc2dacba5840fcb65dcf7180ccf"",""global_transform_values"":{""mean"":[1.8224101498720864,3.1053872687217954,2.8079593283532653,3.0029284361859343,0.27063051723060083,1.8177518211967976,3.496507561466486],""std"":[0.37287327288192307,1.2921888340367358,1.1467136022319648,1.4585236621079292,0.5042543091468591,0.41948136712693684,1.0]},""globals"":[""active_width"",""structural_depth"",""one_qubit_count"",""two_qubit_count"",""swap_like_count"",""measurement_count"",""shots""],""representation"":""seven global features only; no operation vocabulary or graph structure"",""target"":""log1p(target_seconds), inverse=expm1 then clamp at zero""}",,rowwise_median,True,0.0012013075174763799,0.0013567389687523246,0.0001554314512759447
cudaq_dense_statevector_fp32,fp32,matched_metadata_mlp,0,c658b0f6c564cc6b7d6d48105e5567caf0660181ca2dbad8b9bdbdd353962fd6,True,ok,0.00029494299087673426,0.0012304187985137105,ok,,113,37,4f89adae38ad3c2443dc3ce15101fa7a0b68f2be1f36fe84326a1e0d541de60d,25a3fc4d9ec55e005531b1ec6b1d9dd567a4b2b6468520df5a79273daa700f7e,"{""architecture"":""7_to_64_to_64_to_512_to_512_to_128_to_1_fully_connected_relu"",""batch_size"":32,""early_stopping"":false,""epochs"":500,""fidelity_class"":""matched_feature_baseline"",""loss"":""unweighted_mse_log1p_seconds"",""lr"":0.0005,""model_precision"":""float32_no_amp"",""optimizer"":""Adam"",""representation"":""seven globals only"",""seeds"":[42,1234,31415],""weight_decay"":0.0001}","{""global_transform"":""log1p then mean/std fitted on outer-training hashes only; std<1e-6 replaced with 1.0"",""global_transform_sha256"":""a2c9ce39027ac3f6ca9c70ebdc5e3dfa6e7c0cc2dacba5840fcb65dcf7180ccf"",""global_transform_values"":{""mean"":[1.8224101498720864,3.1053872687217954,2.8079593283532653,3.0029284361859343,0.27063051723060083,1.8177518211967976,3.496507561466486],""std"":[0.37287327288192307,1.2921888340367358,1.1467136022319648,1.4585236621079292,0.5042543091468591,0.41948136712693684,1.0]},""globals"":[""active_width"",""structural_depth"",""one_qubit_count"",""two_qubit_count"",""swap_like_count"",""measurement_count"",""shots""],""representation"":""seven global features only; no operation vocabulary or graph structure"",""target"":""log1p(target_seconds), inverse=expm1 then clamp at zero""}",,rowwise_median,True,0.0012013075174763799,0.0013567389687523246,0.0001554314512759447
cudaq_dense_statevector_fp32,fp32,matched_metadata_mlp,0,c9931425f0767057491a7e6ab8f1ed937fde917a862097440f57606892bddde9,True,ok,0.0005639059963868931,0.0012304187985137105,ok,,113,37,4f89adae38ad3c2443dc3ce15101fa7a0b68f2be1f36fe84326a1e0d541de60d,25a3fc4d9ec55e005531b1ec6b1d9dd567a4b2b6468520df5a79273daa700f7e,"{""architecture"":""7_to_64_to_64_to_512_to_512_to_128_to_1_fully_connected_relu"",""batch_size"":32,""early_stopping"":false,""epochs"":500,""fidelity_class"":""matched_feature_baseline"",""loss"":""unweighted_mse_log1p_seconds"",""lr"":0.0005,""model_precision"":""float32_no_amp"",""optimizer"":""Adam"",""representation"":""seven globals only"",""seeds"":[42,1234,31415],""weight_decay"":0.0001}","{""global_transform"":""log1p then mean/std fitted on outer-training hashes only; std<1e-6 replaced with 1.0"",""global_transform_sha256"":""a2c9ce39027ac3f6ca9c70ebdc5e3dfa6e7c0cc2dacba5840fcb65dcf7180ccf"",""global_transform_values"":{""mean"":[1.8224101498720864,3.1053872687217954,2.8079593283532653,3.0029284361859343,0.27063051723060083,1.8177518211967976,3.496507561466486],""std"":[0.37287327288192307,1.2921888340367358,1.1467136022319648,1.4585236621079292,0.5042543091468591,0.41948136712693684,1.0]},""globals"":[""active_width"",""structural_depth"",""one_qubit_count"",""two_qubit_count"",""swap_like_count"",""measurement_count"",""shots""],""representation"":""seven global features only; no operation vocabulary or graph structure"",""target"":""log1p(target_seconds), inverse=expm1 then clamp at zero""}",,rowwise_median,True,0.0012013075174763799,0.0013567389687523246,0.0001554314512759447
cudaq_dense_statevector_fp32,fp32,matched_metadata_mlp,0,cfadb6828c07bfc2fac00ca0c9c03935e927b88961597b69936fc199a094b9ea,True,ok,0.00013746900367550552,0.0012304187985137105,ok,,113,37,4f89adae38ad3c2443dc3ce15101fa7a0b68f2be1f36fe84326a1e0d541de60d,25a3fc4d9ec55e005531b1ec6b1d9dd567a4b2b6468520df5a79273daa700f7e,"{""architecture"":""7_to_64_to_64_to_512_to_512_to_128_to_1_fully_connected_relu"",""batch_size"":32,""early_stopping"":false,""epochs"":500,""fidelity_class"":""matched_feature_baseline"",""loss"":""unweighted_mse_log1p_seconds"",""lr"":0.0005,""model_precision"":""float32_no_amp"",""optimizer"":""Adam"",""representation"":""seven globals only"",""seeds"":[42,1234,31415],""weight_decay"":0.0001}","{""global_transform"":""log1p then mean/std fitted on outer-training hashes only; std<1e-6 replaced with 1.0"",""global_transform_sha256"":""a2c9ce39027ac3f6ca9c70ebdc5e3dfa6e7c0cc2dacba5840fcb65dcf7180ccf"",""global_transform_values"":{""mean"":[1.8224101498720864,3.1053872687217954,2.8079593283532653,3.0029284361859343,0.27063051723060083,1.8177518211967976,3.496507561466486],""std"":[0.37287327288192307,1.2921888340367358,1.1467136022319648,1.4585236621079292,0.5042543091468591,0.41948136712693684,1.0]},""globals"":[""active_width"",""structural_depth"",""one_qubit_count"",""two_qubit_count"",""swap_like_count"",""measurement_count"",""shots""],""representation"":""seven global features only; no operation vocabulary or graph structure"",""target"":""log1p(target_seconds), inverse=expm1 then clamp at zero""}",,rowwise_median,True,0.0012013075174763799,0.0013567389687523246,0.0001554314512759447
cudaq_dense_statevector_fp32,fp32,matched_metadata_mlp,0,d06936015124a75ae15e1f94eeb54cc51ab24596726b8110765a69ba66d0e80a,True,ok,0.0003774210053961724,0.0012304187985137105,ok,,113,37,4f89adae38ad3c2443dc3ce15101fa7a0b68f2be1f36fe84326a1e0d541de60d,25a3fc4d9ec55e005531b1ec6b1d9dd567a4b2b6468520df5a79273daa700f7e,"{""architecture"":""7_to_64_to_64_to_512_to_512_to_128_to_1_fully_connected_relu"",""batch_size"":32,""early_stopping"":false,""epochs"":500,""fidelity_class"":""matched_feature_baseline"",""loss"":""unweighted_mse_log1p_seconds"",""lr"":0.0005,""model_precision"":""float32_no_amp"",""optimizer"":""Adam"",""representation"":""seven globals only"",""seeds"":[42,1234,31415],""weight_decay"":0.0001}","{""global_transform"":""log1p then mean/std fitted on outer-training hashes only; std<1e-6 replaced with 1.0"",""global_transform_sha256"":""a2c9ce39027ac3f6ca9c70ebdc5e3dfa6e7c0cc2dacba5840fcb65dcf7180ccf"",""global_transform_values"":{""mean"":[1.8224101498720864,3.1053872687217954,2.8079593283532653,3.0029284361859343,0.27063051723060083,1.8177518211967976,3.496507561466486],""std"":[0.37287327288192307,1.2921888340367358,1.1467136022319648,1.4585236621079292,0.5042543091468591,0.41948136712693684,1.0]},""globals"":[""active_width"",""structural_depth"",""one_qubit_count"",""two_qubit_count"",""swap_like_count"",""measurement_count"",""shots""],""representation"":""seven global features only; no operation vocabulary or graph structure"",""target"":""log1p(target_seconds), inverse=expm1 then clamp at zero""}",,rowwise_median,True,0.0012013075174763799,0.0013567389687523246,0.0001554314512759447
cudaq_dense_statevector_fp32,fp32,matched_metadata_mlp,0,d506e52d304853cd9e55834d3112505279aa22e89e70aa7c00dfc57caad3c72c,True,ok,0.0004952710005454719,0.0012304187985137105,ok,,113,37,4f89adae38ad3c2443dc3ce15101fa7a0b68f2be1f36fe84326a1e0d541de60d,25a3fc4d9ec55e005531b1ec6b1d9dd567a4b2b6468520df5a79273daa700f7e,"{""architecture"":""7_to_64_to_64_to_512_to_512_to_128_to_1_fully_connected_relu"",""batch_size"":32,""early_stopping"":false,""epochs"":500,""fidelity_class"":""matched_feature_baseline"",""loss"":""unweighted_mse_log1p_seconds"",""lr"":0.0005,""model_precision"":""float32_no_amp"",""optimizer"":""Adam"",""representation"":""seven globals only"",""seeds"":[42,1234,31415],""weight_decay"":0.0001}","{""global_transform"":""log1p then mean/std fitted on outer-training hashes only; std<1e-6 replaced with 1.0"",""global_transform_sha256"":""a2c9ce39027ac3f6ca9c70ebdc5e3dfa6e7c0cc2dacba5840fcb65dcf7180ccf"",""global_transform_values"":{""mean"":[1.8224101498720864,3.1053872687217954,2.8079593283532653,3.0029284361859343,0.27063051723060083,1.8177518211967976,3.496507561466486],""std"":[0.37287327288192307,1.2921888340367358,1.1467136022319648,1.4585236621079292,0.5042543091468591,0.41948136712693684,1.0]},""globals"":[""active_width"",""structural_depth"",""one_qubit_count"",""two_qubit_count"",""swap_like_count"",""measurement_count"",""shots""],""representation"":""seven global features only; no operation vocabulary or graph structure"",""target"":""log1p(target_seconds), inverse=expm1 then clamp at zero""}",,rowwise_median,True,0.0012013075174763799,0.0013567389687523246,0.0001554314512759447
cudaq_dense_statevector_fp32,fp32,matched_metadata_mlp,0,d7a22ac29418bcf9f00346732fe1b985f8e0b9df60273404dabbf4a62027715f,True,ok,0.00014626499614678323,0.0012304187985137105,ok,,113,37,4f89adae38ad3c2443dc3ce15101fa7a0b68f2be1f36fe84326a1e0d541de60d,25a3fc4d9ec55e005531b1ec6b1d9dd567a4b2b6468520df5a79273daa700f7e,"{""architecture"":""7_to_64_to_64_to_512_to_512_to_128_to_1_fully_connected_relu"",""batch_size"":32,""early_stopping"":false,""epochs"":500,""fidelity_class"":""matched_feature_baseline"",""loss"":""unweighted_mse_log1p_seconds"",""lr"":0.0005,""model_precision"":""float32_no_amp"",""optimizer"":""Adam"",""representation"":""seven globals only"",""seeds"":[42,1234,31415],""weight_decay"":0.0001}","{""global_transform"":""log1p then mean/std fitted on outer-training hashes only; std<1e-6 replaced with 1.0"",""global_transform_sha256"":""a2c9ce39027ac3f6ca9c70ebdc5e3dfa6e7c0cc2dacba5840fcb65dcf7180ccf"",""global_transform_values"":{""mean"":[1.8224101498720864,3.1053872687217954,2.8079593283532653,3.0029284361859343,0.27063051723060083,1.8177518211967976,3.496507561466486],""std"":[0.37287327288192307,1.2921888340367358,1.1467136022319648,1.4585236621079292,0.5042543091468591,0.41948136712693684,1.0]},""globals"":[""active_width"",""structural_depth"",""one_qubit_count"",""two_qubit_count"",""swap_like_count"",""measurement_count"",""shots""],""representation"":""seven global features only; no operation vocabulary or graph structure"",""target"":""log1p(target_seconds), inverse=expm1 then clamp at zero""}",,rowwise_median,True,0.0012013075174763799,0.0013567389687523246,0.0001554314512759447
cudaq_dense_statevector_fp32,fp32,matched_metadata_mlp,0,dbfb4dd8bf80cda30461759a3169ec60ac535a27409cf938f691179c6a121ebd,True,ok,0.00020459499501157552,0.0012304187985137105,ok,,113,37,4f89adae38ad3c2443dc3ce15101fa7a0b68f2be1f36fe84326a1e0d541de60d,25a3fc4d9ec55e005531b1ec6b1d9dd567a4b2b6468520df5a79273daa700f7e,"{""architecture"":""7_to_64_to_64_to_512_to_512_to_128_to_1_fully_connected_relu"",""batch_size"":32,""early_stopping"":false,""epochs"":500,""fidelity_class"":""matched_feature_baseline"",""loss"":""unweighted_mse_log1p_seconds"",""lr"":0.0005,""model_precision"":""float32_no_amp"",""optimizer"":""Adam"",""representation"":""seven globals only"",""seeds"":[42,1234,31415],""weight_decay"":0.0001}","{""global_transform"":""log1p then mean/std fitted on outer-training hashes only; std<1e-6 replaced with 1.0"",""global_transform_sha256"":""a2c9ce39027ac3f6ca9c70ebdc5e3dfa6e7c0cc2dacba5840fcb65dcf7180ccf"",""global_transform_values"":{""mean"":[1.8224101498720864,3.1053872687217954,2.8079593283532653,3.0029284361859343,0.27063051723060083,1.8177518211967976,3.496507561466486],""std"":[0.37287327288192307,1.2921888340367358,1.1467136022319648,1.4585236621079292,0.5042543091468591,0.41948136712693684,1.0]},""globals"":[""active_width"",""structural_depth"",""one_qubit_count"",""two_qubit_count"",""swap_like_count"",""measurement_count"",""shots""],""representation"":""seven global features only; no operation vocabulary or graph structure"",""target"":""log1p(target_seconds), inverse=expm1 then clamp at zero""}",,rowwise_median,True,0.0012013075174763799,0.0013567389687523246,0.0001554314512759447
cudaq_dense_statevector_fp32,fp32,matched_metadata_mlp,0,de56c0798eca25bd1510d4d10f11e996f0bad2a11ce94a265da0635c161cbcae,True,ok,8.681099279783666e-05,0.0012304187985137105,ok,,113,37,4f89adae38ad3c2443dc3ce15101fa7a0b68f2be1f36fe84326a1e0d541de60d,25a3fc4d9ec55e005531b1ec6b1d9dd567a4b2b6468520df5a79273daa700f7e,"{""architecture"":""7_to_64_to_64_to_512_to_512_to_128_to_1_fully_connected_relu"",""batch_size"":32,""early_stopping"":false,""epochs"":500,""fidelity_class"":""matched_feature_baseline"",""loss"":""unweighted_mse_log1p_seconds"",""lr"":0.0005,""model_precision"":""float32_no_amp"",""optimizer"":""Adam"",""representation"":""seven globals only"",""seeds"":[42,1234,31415],""weight_decay"":0.0001}","{""global_transform"":""log1p then mean/std fitted on outer-training hashes only; std<1e-6 replaced with 1.0"",""global_transform_sha256"":""a2c9ce39027ac3f6ca9c70ebdc5e3dfa6e7c0cc2dacba5840fcb65dcf7180ccf"",""global_transform_values"":{""mean"":[1.8224101498720864,3.1053872687217954,2.8079593283532653,3.0029284361859343,0.27063051723060083,1.8177518211967976,3.496507561466486],""std"":[0.37287327288192307,1.2921888340367358,1.1467136022319648,1.4585236621079292,0.5042543091468591,0.41948136712693684,1.0]},""globals"":[""active_width"",""structural_depth"",""one_qubit_count"",""two_qubit_count"",""swap_like_count"",""measurement_count"",""shots""],""representation"":""seven global features only; no operation vocabulary or graph structure"",""target"":""log1p(target_seconds), inverse=expm1 then clamp at zero""}",,rowwise_median,True,0.0012013075174763799,0.0013567389687523246,0.0001554314512759447
cudaq_dense_statevector_fp32,fp32,matched_metadata_mlp,0,e0c3acec67c0fb535add575a46e01889b30ec7970005214fd2188b94ae3a55a5,True,ok,0.0005258710007183254,0.0012304187985137105,ok,,113,37,4f89adae38ad3c2443dc3ce15101fa7a0b68f2be1f36fe84326a1e0d541de60d,25a3fc4d9ec55e005531b1ec6b1d9dd567a4b2b6468520df5a79273daa700f7e,"{""architecture"":""7_to_64_to_64_to_512_to_512_to_128_to_1_fully_connected_relu"",""batch_size"":32,""early_stopping"":false,""epochs"":500,""fidelity_class"":""matched_feature_baseline"",""loss"":""unweighted_mse_log1p_seconds"",""lr"":0.0005,""model_precision"":""float32_no_amp"",""optimizer"":""Adam"",""representation"":""seven globals only"",""seeds"":[42,1234,31415],""weight_decay"":0.0001}","{""global_transform"":""log1p then mean/std fitted on outer-training hashes only; std<1e-6 replaced with 1.0"",""global_transform_sha256"":""a2c9ce39027ac3f6ca9c70ebdc5e3dfa6e7c0cc2dacba5840fcb65dcf7180ccf"",""global_transform_values"":{""mean"":[1.8224101498720864,3.1053872687217954,2.8079593283532653,3.0029284361859343,0.27063051723060083,1.8177518211967976,3.496507561466486],""std"":[0.37287327288192307,1.2921888340367358,1.1467136022319648,1.4585236621079292,0.5042543091468591,0.41948136712693684,1.0]},""globals"":[""active_width"",""structural_depth"",""one_qubit_count"",""two_qubit_count"",""swap_like_count"",""measurement_count"",""shots""],""representation"":""seven global features only; no operation vocabulary or graph structure"",""target"":""log1p(target_seconds), inverse=expm1 then clamp at zero""}",,rowwise_median,True,0.0012013075174763799,0.0013567389687523246,0.0001554314512759447
cudaq_dense_statevector_fp32,fp32,matched_metadata_mlp,0,e8037a4f622df36c65c0e756e11a6c6e3b8b40fbabaffb6cd59ff1cc79f49063,True,ok,0.1037646860058885,0.0012304187985137105,ok,,113,37,4f89adae38ad3c2443dc3ce15101fa7a0b68f2be1f36fe84326a1e0d541de60d,25a3fc4d9ec55e005531b1ec6b1d9dd567a4b2b6468520df5a79273daa700f7e,"{""architecture"":""7_to_64_to_64_to_512_to_512_to_128_to_1_fully_connected_relu"",""batch_size"":32,""early_stopping"":false,""epochs"":500,""fidelity_class"":""matched_feature_baseline"",""loss"":""unweighted_mse_log1p_seconds"",""lr"":0.0005,""model_precision"":""float32_no_amp"",""optimizer"":""Adam"",""representation"":""seven globals only"",""seeds"":[42,1234,31415],""weight_decay"":0.0001}","{""global_transform"":""log1p then mean/std fitted on outer-training hashes only; std<1e-6 replaced with 1.0"",""global_transform_sha256"":""a2c9ce39027ac3f6ca9c70ebdc5e3dfa6e7c0cc2dacba5840fcb65dcf7180ccf"",""global_transform_values"":{""mean"":[1.8224101498720864,3.1053872687217954,2.8079593283532653,3.0029284361859343,0.27063051723060083,1.8177518211967976,3.496507561466486],""std"":[0.37287327288192307,1.2921888340367358,1.1467136022319648,1.4585236621079292,0.5042543091468591,0.41948136712693684,1.0]},""globals"":[""active_width"",""structural_depth"",""one_qubit_count"",""two_qubit_count"",""swap_like_count"",""measurement_count"",""shots""],""representation"":""seven global features only; no operation vocabulary or graph structure"",""target"":""log1p(target_seconds), inverse=expm1 then clamp at zero""}",,rowwise_median,True,0.0012013075174763799,0.0013567389687523246,0.0001554314512759447
cudaq_dense_statevector_fp32,fp32,matched_metadata_mlp,0,ea84355871fa77560419766f8000de4dcb0eea29468bcb0d89a1c84edff34f61,True,ok,0.00012986200454179198,0.0012304187985137105,ok,,113,37,4f89adae38ad3c2443dc3ce15101fa7a0b68f2be1f36fe84326a1e0d541de60d,25a3fc4d9ec55e005531b1ec6b1d9dd567a4b2b6468520df5a79273daa700f7e,"{""architecture"":""7_to_64_to_64_to_512_to_512_to_128_to_1_fully_connected_relu"",""batch_size"":32,""early_stopping"":false,""epochs"":500,""fidelity_class"":""matched_feature_baseline"",""loss"":""unweighted_mse_log1p_seconds"",""lr"":0.0005,""model_precision"":""float32_no_amp"",""optimizer"":""Adam"",""representation"":""seven globals only"",""seeds"":[42,1234,31415],""weight_decay"":0.0001}","{""global_transform"":""log1p then mean/std fitted on outer-training hashes only; std<1e-6 replaced with 1.0"",""global_transform_sha256"":""a2c9ce39027ac3f6ca9c70ebdc5e3dfa6e7c0cc2dacba5840fcb65dcf7180ccf"",""global_transform_values"":{""mean"":[1.8224101498720864,3.1053872687217954,2.8079593283532653,3.0029284361859343,0.27063051723060083,1.8177518211967976,3.496507561466486],""std"":[0.37287327288192307,1.2921888340367358,1.1467136022319648,1.4585236621079292,0.5042543091468591,0.41948136712693684,1.0]},""globals"":[""active_width"",""structural_depth"",""one_qubit_count"",""two_qubit_count"",""swap_like_count"",""measurement_count"",""shots""],""representation"":""seven global features only; no operation vocabulary or graph structure"",""target"":""log1p(target_seconds), inverse=expm1 then clamp at zero""}",,rowwise_median,True,0.0012013075174763799,0.0013567389687523246,0.0001554314512759447
cudaq_dense_statevector_fp32,fp32,matched_metadata_mlp,0,eb43007109ad9707544629854cfc7259b0e6aa70c5a618cedacbb7d26dd746a0,True,ok,0.000949009001487866,0.0012304187985137105,ok,,113,37,4f89adae38ad3c2443dc3ce15101fa7a0b68f2be1f36fe84326a1e0d541de60d,25a3fc4d9ec55e005531b1ec6b1d9dd567a4b2b6468520df5a79273daa700f7e,"{""architecture"":""7_to_64_to_64_to_512_to_512_to_128_to_1_fully_connected_relu"",""batch_size"":32,""early_stopping"":false,""epochs"":500,""fidelity_class"":""matched_feature_baseline"",""loss"":""unweighted_mse_log1p_seconds"",""lr"":0.0005,""model_precision"":""float32_no_amp"",""optimizer"":""Adam"",""representation"":""seven globals only"",""seeds"":[42,1234,31415],""weight_decay"":0.0001}","{""global_transform"":""log1p then mean/std fitted on outer-training hashes only; std<1e-6 replaced with 1.0"",""global_transform_sha256"":""a2c9ce39027ac3f6ca9c70ebdc5e3dfa6e7c0cc2dacba5840fcb65dcf7180ccf"",""global_transform_values"":{""mean"":[1.8224101498720864,3.1053872687217954,2.8079593283532653,3.0029284361859343,0.27063051723060083,1.8177518211967976,3.496507561466486],""std"":[0.37287327288192307,1.2921888340367358,1.1467136022319648,1.4585236621079292,0.5042543091468591,0.41948136712693684,1.0]},""globals"":[""active_width"",""structural_depth"",""one_qubit_count"",""two_qubit_count"",""swap_like_count"",""measurement_count"",""shots""],""representation"":""seven global features only; no operation vocabulary or graph structure"",""target"":""log1p(target_seconds), inverse=expm1 then clamp at zero""}",,rowwise_median,True,0.0012013075174763799,0.0013567389687523246,0.0001554314512759447
cudaq_dense_statevector_fp32,fp32,matched_metadata_mlp,0,f12c9439f3dfce19e2f161aed74fdafb33146528cdb8524425608579de8b6741,True,ok,0.00013675600348506123,0.0012304187985137105,ok,,113,37,4f89adae38ad3c2443dc3ce15101fa7a0b68f2be1f36fe84326a1e0d541de60d,25a3fc4d9ec55e005531b1ec6b1d9dd567a4b2b6468520df5a79273daa700f7e,"{""architecture"":""7_to_64_to_64_to_512_to_512_to_128_to_1_fully_connected_relu"",""batch_size"":32,""early_stopping"":false,""epochs"":500,""fidelity_class"":""matched_feature_baseline"",""loss"":""unweighted_mse_log1p_seconds"",""lr"":0.0005,""model_precision"":""float32_no_amp"",""optimizer"":""Adam"",""representation"":""seven globals only"",""seeds"":[42,1234,31415],""weight_decay"":0.0001}","{""global_transform"":""log1p then mean/std fitted on outer-training hashes only; std<1e-6 replaced with 1.0"",""global_transform_sha256"":""a2c9ce39027ac3f6ca9c70ebdc5e3dfa6e7c0cc2dacba5840fcb65dcf7180ccf"",""global_transform_values"":{""mean"":[1.8224101498720864,3.1053872687217954,2.8079593283532653,3.0029284361859343,0.27063051723060083,1.8177518211967976,3.496507561466486],""std"":[0.37287327288192307,1.2921888340367358,1.1467136022319648,1.4585236621079292,0.5042543091468591,0.41948136712693684,1.0]},""globals"":[""active_width"",""structural_depth"",""one_qubit_count"",""two_qubit_count"",""swap_like_count"",""measurement_count"",""shots""],""representation"":""seven global features only; no operation vocabulary or graph structure"",""target"":""log1p(target_seconds), inverse=expm1 then clamp at zero""}",,rowwise_median,True,0.0012013075174763799,0.0013567389687523246,0.0001554314512759447
cudaq_dense_statevector_fp32,fp32,matched_metadata_mlp,0,f2ce48d725be79c1ea5cbfeb36811261c4e74460588e911c3b2916a9303c1cf5,True,ok,0.0002858020015992224,0.0012304187985137105,ok,,113,37,4f89adae38ad3c2443dc3ce15101fa7a0b68f2be1f36fe84326a1e0d541de60d,25a3fc4d9ec55e005531b1ec6b1d9dd567a4b2b6468520df5a79273daa700f7e,"{""architecture"":""7_to_64_to_64_to_512_to_512_to_128_to_1_fully_connected_relu"",""batch_size"":32,""early_stopping"":false,""epochs"":500,""fidelity_class"":""matched_feature_baseline"",""loss"":""unweighted_mse_log1p_seconds"",""lr"":0.0005,""model_precision"":""float32_no_amp"",""optimizer"":""Adam"",""representation"":""seven globals only"",""seeds"":[42,1234,31415],""weight_decay"":0.0001}","{""global_transform"":""log1p then mean/std fitted on outer-training hashes only; std<1e-6 replaced with 1.0"",""global_transform_sha256"":""a2c9ce39027ac3f6ca9c70ebdc5e3dfa6e7c0cc2dacba5840fcb65dcf7180ccf"",""global_transform_values"":{""mean"":[1.8224101498720864,3.1053872687217954,2.8079593283532653,3.0029284361859343,0.27063051723060083,1.8177518211967976,3.496507561466486],""std"":[0.37287327288192307,1.2921888340367358,1.1467136022319648,1.4585236621079292,0.5042543091468591,0.41948136712693684,1.0]},""globals"":[""active_width"",""structural_depth"",""one_qubit_count"",""two_qubit_count"",""swap_like_count"",""measurement_count"",""shots""],""representation"":""seven global features only; no operation vocabulary or graph structure"",""target"":""log1p(target_seconds), inverse=expm1 then clamp at zero""}",,rowwise_median,True,0.0012013075174763799,0.0013567389687523246,0.0001554314512759447
cudaq_dense_statevector_fp32,fp32,matched_metadata_mlp,0,f8d88243c9d36e41e0eedeff4898e325d59ba4d8ceb4b81c7b48757ade1e94b4,True,ok,0.0013024229992879555,0.0012304187985137105,ok,,113,37,4f89adae38ad3c2443dc3ce15101fa7a0b68f2be1f36fe84326a1e0d541de60d,25a3fc4d9ec55e005531b1ec6b1d9dd567a4b2b6468520df5a79273daa700f7e,"{""architecture"":""7_to_64_to_64_to_512_to_512_to_128_to_1_fully_connected_relu"",""batch_size"":32,""early_stopping"":false,""epochs"":500,""fidelity_class"":""matched_feature_baseline"",""loss"":""unweighted_mse_log1p_seconds"",""lr"":0.0005,""model_precision"":""float32_no_amp"",""optimizer"":""Adam"",""representation"":""seven globals only"",""seeds"":[42,1234,31415],""weight_decay"":0.0001}","{""global_transform"":""log1p then mean/std fitted on outer-training hashes only; std<1e-6 replaced with 1.0"",""global_transform_sha256"":""a2c9ce39027ac3f6ca9c70ebdc5e3dfa6e7c0cc2dacba5840fcb65dcf7180ccf"",""global_transform_values"":{""mean"":[1.8224101498720864,3.1053872687217954,2.8079593283532653,3.0029284361859343,0.27063051723060083,1.8177518211967976,3.496507561466486],""std"":[0.37287327288192307,1.2921888340367358,1.1467136022319648,1.4585236621079292,0.5042543091468591,0.41948136712693684,1.0]},""globals"":[""active_width"",""structural_depth"",""one_qubit_count"",""two_qubit_count"",""swap_like_count"",""measurement_count"",""shots""],""representation"":""seven global features only; no operation vocabulary or graph structure"",""target"":""log1p(target_seconds), inverse=expm1 then clamp at zero""}",,rowwise_median,True,0.0012013075174763799,0.0013567389687523246,0.0001554314512759447
