panel_member_id,source_sha256,fold,method_id,method_family,view,seed,target_seconds,member_observed_seconds,prediction_seconds,status,terminal_reason
sim_common_q16_v1::ae_indep_qiskit_2,de56c0798eca25bd1510d4d10f11e996f0bad2a11ce94a265da0635c161cbcae,0,classical_linear_regression_source,classical_linear_regression,source,1234,0.6445786120020784,0.6445786120020784,0.5473221228713423,predicted,
sim_common_q16_v1::ae_indep_qiskit_3,6b2f9fea850557b40ca9b69341ec300b1c4fe1f4bf53e94436af2ba1586bac62,0,classical_linear_regression_source,classical_linear_regression,source,1234,0.6324521900023683,0.6324521900023683,0.5780743029490958,predicted,
sim_common_q16_v1::ae_indep_qiskit_4,9b4261e2d98678946a9aefea16ba9b8abcae8409f8589f8fb3daa941694f88c6,0,classical_linear_regression_source,classical_linear_regression,source,1234,0.6257052269975247,0.6257052269975247,0.5812903413917856,predicted,
sim_common_q16_v1::ae_indep_qiskit_5,8e4821df72704634cb81ea4d738477a8d596a49cba641e6198fdc9970e1d5d2f,1,classical_linear_regression_source,classical_linear_regression,source,1234,0.6429755230019509,0.6429755230019509,0.5822717488286946,predicted,
sim_common_q16_v1::ae_indep_qiskit_6,585424315575b559a664523f6ce6236189739069b3872eea4ccdb995a29f8701,2,classical_linear_regression_source,classical_linear_regression,source,1234,0.6249196000026132,0.6249196000026132,0.6561554076665582,predicted,
sim_common_q16_v1::ae_indep_qiskit_7,a70c5b796698f145c5992d324b3a0b5e28eb7301e6f306652a316a55c68f1ae8,4,classical_linear_regression_source,classical_linear_regression,source,1234,0.6728184880012122,0.6728184880012122,0.6868192527680712,predicted,
sim_common_q16_v1::ae_indep_qiskit_8,78d3420407751ab52a65abe926510d585ebd3a5d1934ac31c13b28eca5c5ee8a,4,classical_linear_regression_source,classical_linear_regression,source,1234,0.7626127499970607,0.7626127499970607,0.7198580187042722,predicted,
sim_common_q16_v1::ae_indep_qiskit_9,78ecec267502f433ab148452979221600becf679520b50ad454009e0ca097af5,3,classical_linear_regression_source,classical_linear_regression,source,1234,0.7365946390018507,0.7365946390018507,0.8401180512256752,predicted,
sim_common_q16_v1::dj_indep_qiskit_2,242786b0f7d73c715a317cbdc0725596836f08d98ecd6eb06b3b4ac4f3f563fb,4,classical_linear_regression_source,classical_linear_regression,source,1234,0.6235974270020961,0.6235974270020961,0.5787155882147114,predicted,
sim_common_q16_v1::dj_indep_qiskit_3,bc8cb33a3a242fb3ab35191a36313674faaca8fe1839cfa05d79788052424d1d,1,classical_linear_regression_source,classical_linear_regression,source,1234,0.6417426940024598,0.6417426940024598,0.6350137455690574,predicted,
sim_common_q16_v1::dj_indep_qiskit_4,3e4560adf43b5c5102bf22f235abcb9dd2ed5e34930cdb929a128226f96e4ea5,1,classical_linear_regression_source,classical_linear_regression,source,1234,0.6125353499992343,0.6125353499992343,0.6950726981515845,predicted,
sim_common_q16_v1::dj_indep_qiskit_5,f12c9439f3dfce19e2f161aed74fdafb33146528cdb8524425608579de8b6741,0,classical_linear_regression_source,classical_linear_regression,source,1234,0.6494606499982183,0.6494606499982183,0.6598698056968817,predicted,
sim_common_q16_v1::dj_indep_qiskit_6,b5736e26e119a619b687dcc0cf8065475e3805bc0c6180b480e0e36badc289db,2,classical_linear_regression_source,classical_linear_regression,source,1234,0.7272395580002922,0.7272395580002922,0.9245955531713229,predicted,
sim_common_q16_v1::dj_indep_qiskit_7,9fc54c185186ff8c504ebdac4e3fa109beb4cf46f86196a3376b3153a7f72962,3,classical_linear_regression_source,classical_linear_regression,source,1234,0.6525007039999764,0.6525007039999764,1.3255226734987784,predicted,
sim_common_q16_v1::dj_indep_qiskit_9,db0e077b1674f90860a270d014aa8226822880dbf36c819dad0bea17881b7eb5,3,classical_linear_regression_source,classical_linear_regression,source,1234,0.6677595889996155,0.6677595889996155,1.841601193219644,predicted,
sim_common_q16_v1::ghz_indep_qiskit_2,fcd9497c7764bb185a96cc8b6d1c7878851e9b87e64de7ebf47aa1d16eb3ee0a,4,classical_linear_regression_source,classical_linear_regression,source,1234,0.6328717180003878,0.6328717180003878,0.766941544222588,predicted,
sim_common_q16_v1::ghz_indep_qiskit_3,7344fd4d264c475e52edca02e3426225c78af7ed0bdaae137741a04685725a5d,2,classical_linear_regression_source,classical_linear_regression,source,1234,0.6362690579990158,0.6362690579990158,0.6636267168383365,predicted,
sim_common_q16_v1::ghz_indep_qiskit_4,01bfdd8291d6badf1219dd3bf6d7e12559976b8ccb3e67d2548e729dc0c0dc82,2,classical_linear_regression_source,classical_linear_regression,source,1234,0.6424375300011889,0.6424375300011889,0.6122112459676408,predicted,
sim_common_q16_v1::ghz_indep_qiskit_5,de4639e0b84f220ce7281521fbce5104129cc70befb85198bf93def8d4ba7a65,4,classical_linear_regression_source,classical_linear_regression,source,1234,0.6349322169990046,0.6349322169990046,0.5650919007403634,predicted,
sim_common_q16_v1::ghz_indep_qiskit_6,c67a77f55c658ad1270fd52c8cbc66319b72ceaa5ca5d4015d775b44e8edd85a,2,classical_linear_regression_source,classical_linear_regression,source,1234,0.6285922220013163,0.6285922220013163,0.6358116306153598,predicted,
sim_common_q16_v1::ghz_indep_qiskit_7,4b24f68f78c4499a295ab28caa04282d174b7ab2a6b0f5333d3bfe630df72f71,0,classical_linear_regression_source,classical_linear_regression,source,1234,0.6354831150019891,0.6354831150019891,0.6801774878288839,predicted,
sim_common_q16_v1::ghz_indep_qiskit_8,2e57556a1b12802c7368ef21e0eb8e5c9863f768a48a9a4d0771725e60b8a616,3,classical_linear_regression_source,classical_linear_regression,source,1234,0.644572266999603,0.644572266999603,0.8216620151472291,predicted,
sim_common_q16_v1::ghz_indep_qiskit_9,b5f6ad96b1eb0fc9087c079e22e8a91398b460e24d616ed0d8829247aee24f18,0,classical_linear_regression_source,classical_linear_regression,source,1234,0.7290791659979732,0.7290791659979732,0.7287799405047939,predicted,
sim_common_q16_v1::graphstate_indep_qiskit_3,51e3c5bc60da502bf92a6ed65a7c728a8b957b427652ac8fdaa002b9afc50d40,4,classical_linear_regression_source,classical_linear_regression,source,1234,0.645907268000883,0.645907268000883,0.7067899087053126,predicted,
sim_common_q16_v1::graphstate_indep_qiskit_4,13721ab5a328b17bf3f8c3692cda844a7e538a8c92530d0c1236f43d3ad5a884,3,classical_linear_regression_source,classical_linear_regression,source,1234,0.6307967300017481,0.6307967300017481,0.8760817904157632,predicted,
sim_common_q16_v1::graphstate_indep_qiskit_5,cfadb6828c07bfc2fac00ca0c9c03935e927b88961597b69936fc199a094b9ea,0,classical_linear_regression_source,classical_linear_regression,source,1234,0.6335009460017318,0.6335009460017318,0.8180263142287159,predicted,
sim_common_q16_v1::graphstate_indep_qiskit_6,7b944ad7e38d98fae66177b6c014ae2878d62bcd1765103c19941653817e7996,1,classical_linear_regression_source,classical_linear_regression,source,1234,4.12037888100167,4.12037888100167,0.8679862582509473,predicted,
sim_common_q16_v1::graphstate_indep_qiskit_7,551dfe6ad672d4157a761610fc4c1061ea844868f2106407374764552251d63a,1,classical_linear_regression_source,classical_linear_regression,source,1234,0.6352743349998491,0.6352743349998491,1.2107001187292332,predicted,
sim_common_q16_v1::graphstate_indep_qiskit_8,b6afb1122e1baece13144a1d0da78738759129107f453e9579e99e8789e057fe,3,classical_linear_regression_source,classical_linear_regression,source,1234,0.7141289200008032,0.7141289200008032,1.677505387083245,predicted,
sim_common_q16_v1::graphstate_indep_qiskit_9,040a287609a78a55ab6148ad1a3cc6aa2fcee8b0871b077a9c1a37bee49f69fe,0,classical_linear_regression_source,classical_linear_regression,source,1234,3.4133249820006317,3.4133249820006317,1.16029795981188,predicted,
sim_common_q16_v1::grover-noancilla_indep_qiskit_2,55746e6a2fd8d9c4b8c813443f2db46b072f75db1632dd252298c735fbc72bf0,1,classical_linear_regression_source,classical_linear_regression,source,1234,0.6316192150006827,0.6274016160023166,0.7040007041148035,predicted,
sim_common_q16_v1::grover-v-chain_indep_qiskit_2,55746e6a2fd8d9c4b8c813443f2db46b072f75db1632dd252298c735fbc72bf0,1,classical_linear_regression_source,classical_linear_regression,source,1234,0.6316192150006827,0.6358368139990489,0.7040007041148035,predicted,
sim_common_q16_v1::grover-noancilla_indep_qiskit_3,bc77f4afad8bbb19a6b320c11bc8f8110a330e395e5c509895e0b6c566cab5e9,4,classical_linear_regression_source,classical_linear_regression,source,1234,0.6336756905002403,0.6221831709990511,0.599364536638608,predicted,
sim_common_q16_v1::grover-v-chain_indep_qiskit_3,bc77f4afad8bbb19a6b320c11bc8f8110a330e395e5c509895e0b6c566cab5e9,4,classical_linear_regression_source,classical_linear_regression,source,1234,0.6336756905002403,0.6451682100014295,0.599364536638608,predicted,
sim_common_q16_v1::grover-noancilla_indep_qiskit_4,edc62038c489069da135981ccefd5c5a2f3cc0a991fa6da4defa393abdb0d2a4,4,classical_linear_regression_source,classical_linear_regression,source,1234,0.6425279779978155,0.6347441939979035,0.8208072266826768,predicted,
sim_common_q16_v1::grover-v-chain_indep_qiskit_4,edc62038c489069da135981ccefd5c5a2f3cc0a991fa6da4defa393abdb0d2a4,4,classical_linear_regression_source,classical_linear_regression,source,1234,0.6425279779978155,0.6503117619977274,0.8208072266826768,predicted,
sim_common_q16_v1::grover-noancilla_indep_qiskit_5,dd514cba6fbc94c48a3eb8f2ff2210ef74259e76e7f796394066418bfd93ee86,2,classical_linear_regression_source,classical_linear_regression,source,1234,0.6749066180018417,0.6749066180018417,0.9406557315010771,predicted,
sim_common_q16_v1::grover-noancilla_indep_qiskit_6,b6a15d3507225e442ed02c90df5179f09c529df7bf5ee38a8005cc265f4203a6,0,classical_linear_regression_source,classical_linear_regression,source,1234,0.8617562030012778,0.8617562030012778,1.2161886248466702,predicted,
sim_common_q16_v1::grover-noancilla_indep_qiskit_7,35548785a9c99b0ad9409f18dfbfc3baed0e1dcbb1d95eae8c8510dcda120410,0,classical_linear_regression_source,classical_linear_regression,source,1234,2.755100520000269,2.755100520000269,1.261307441945879,predicted,
sim_common_q16_v1::grover-noancilla_indep_qiskit_8,a3b7d67bad6cd47cb522addfaf763294b1ea99017f443c03052055a2f0074009,4,classical_linear_regression_source,classical_linear_regression,source,1234,3.8077989039993554,3.8077989039993554,59.13586716712642,predicted,
sim_common_q16_v1::grover-v-chain_indep_qiskit_5,5042c6dd513b1366c0a145850de9e534b0e38aabc818b994ab8c4b6cad7ad5c8,3,classical_linear_regression_source,classical_linear_regression,source,1234,0.6741303899980267,0.6741303899980267,0.8771090486033641,predicted,
sim_common_q16_v1::grover-v-chain_indep_qiskit_7,84056291d9ff227b3c615cc378349fa1154f5a122bcd0eb6bc04045bbf3affa0,4,classical_linear_regression_source,classical_linear_regression,source,1234,1.1920864250023442,1.1920864250023442,1.1180534728965004,predicted,
sim_common_q16_v1::grover-v-chain_indep_qiskit_9,3d37464cf8c53831d2867c0c111a83e03a820e90fa26f77d01a4a85f4f9d6875,1,classical_linear_regression_source,classical_linear_regression,source,1234,3.409926619999169,3.409926619999169,2.127098597000268,predicted,
sim_common_q16_v1::portfolioqaoa_indep_qiskit_3,47e6743e95c380a13dc5947d9e9b3db26e541efabd4a27134ff26aa14c00ba7d,1,classical_linear_regression_source,classical_linear_regression,source,1234,0.6487017560029926,0.6487017560029926,0.5551386853749134,predicted,
sim_common_q16_v1::portfolioqaoa_indep_qiskit_4,568570a69663949a1aaac2fe16e74d3d065c7a8e6013e21368a9d8add886d6dc,2,classical_linear_regression_source,classical_linear_regression,source,1234,0.6451116749994981,0.6451116749994981,0.7255692807951719,predicted,
sim_common_q16_v1::portfolioqaoa_indep_qiskit_5,0f7836c0a3a429dd9b4f2b55a4fab5d6d112458814cb34efb22309ec614c801f,2,classical_linear_regression_source,classical_linear_regression,source,1234,0.6517559040003107,0.6517559040003107,0.7754150222579412,predicted,
sim_common_q16_v1::portfolioqaoa_indep_qiskit_6,4dd5e72918722dff3c88e277e20e3ecc1e06dfd0601343e784eeb454470800b7,4,classical_linear_regression_source,classical_linear_regression,source,1234,0.6879031880016555,0.6879031880016555,0.7555307270950098,predicted,
sim_common_q16_v1::portfolioqaoa_indep_qiskit_7,f8d88243c9d36e41e0eedeff4898e325d59ba4d8ceb4b81c7b48757ade1e94b4,0,classical_linear_regression_source,classical_linear_regression,source,1234,0.8747539370015147,0.8747539370015147,0.7125570301540431,predicted,
sim_common_q16_v1::portfolioqaoa_indep_qiskit_8,2372d3228c3e3e38e3351feb553380bce5a543c936f73a400de0e54ab470599a,1,classical_linear_regression_source,classical_linear_regression,source,1234,0.7452616640002816,0.7452616640002816,0.9223971965774965,predicted,
sim_common_q16_v1::portfolioqaoa_indep_qiskit_9,a53b2a3a1ba8397a96b487c44f825f3cab2e0c714b69298f2ab0a839975b173c,0,classical_linear_regression_source,classical_linear_regression,source,1234,1.0392779800022254,1.0392779800022254,0.6433409622468051,predicted,
sim_common_q16_v1::portfoliovqe_indep_qiskit_3,4b5542071ea595cd62184de26c4f1dac3f6afa86f6450f50a28dbe8e1f865257,0,classical_linear_regression_source,classical_linear_regression,source,1234,0.6282423720003862,0.6282423720003862,0.565744703641095,predicted,
sim_common_q16_v1::portfoliovqe_indep_qiskit_4,36bb1354ff108648bc8c9c529a2002a53a68e4bfa9bf3529edce11e5d47f851f,0,classical_linear_regression_source,classical_linear_regression,source,1234,0.6387674009965849,0.6387674009965849,0.5828382966204724,predicted,
sim_common_q16_v1::portfoliovqe_indep_qiskit_5,28b9eac87132bbff64970708737a94c408cfa435ce16cd395a57ab6fbfe5a6f7,2,classical_linear_regression_source,classical_linear_regression,source,1234,0.7472729069995694,0.7472729069995694,0.6343720162855624,predicted,
sim_common_q16_v1::portfoliovqe_indep_qiskit_6,7dafebd46e73b9b279f1ef96da32f7d563de3721b856b4570375ab81951e06fc,0,classical_linear_regression_source,classical_linear_regression,source,1234,0.672533150001982,0.672533150001982,0.7069534629262255,predicted,
sim_common_q16_v1::portfoliovqe_indep_qiskit_7,99e0865dc3fced630c02b5b2710b24fd9257ba31d54112cde08a769e974f53c4,3,classical_linear_regression_source,classical_linear_regression,source,1234,0.7434713800030295,0.7434713800030295,0.7728756168275557,predicted,
sim_common_q16_v1::portfoliovqe_indep_qiskit_8,eb43007109ad9707544629854cfc7259b0e6aa70c5a618cedacbb7d26dd746a0,0,classical_linear_regression_source,classical_linear_regression,source,1234,0.7341747549980937,0.7341747549980937,0.920959471479591,predicted,
sim_common_q16_v1::portfoliovqe_indep_qiskit_9,615d076a941f3eec9d225a20b894c8d30a0c90d4834d03fa0ebd5d13e4b46ded,2,classical_linear_regression_source,classical_linear_regression,source,1234,1.0230367410003964,1.0230367410003964,0.9285407068948489,predicted,
sim_common_q16_v1::qaoa_indep_qiskit_3,45ca196e391297302c92dc6ea0fd119efa62b2ee88e3b85260561e5fbafa7400,3,classical_linear_regression_source,classical_linear_regression,source,1234,0.6362355410019518,0.6362355410019518,0.8590278191652977,predicted,
sim_common_q16_v1::qaoa_indep_qiskit_4,9649572da691c86252b1620cba73350902b9ba3cf4dbdb3fb2e3531588da98c4,1,classical_linear_regression_source,classical_linear_regression,source,1234,0.6444687240000349,0.6444687240000349,0.6205064834044549,predicted,
sim_common_q16_v1::qaoa_indep_qiskit_5,f2ce48d725be79c1ea5cbfeb36811261c4e74460588e911c3b2916a9303c1cf5,0,classical_linear_regression_source,classical_linear_regression,source,1234,0.6301084189981339,0.6301084189981339,1.7983075813716751,predicted,
sim_common_q16_v1::qaoa_indep_qiskit_6,6a475a20ac3d09839e2b43104ca187037db5ff813b811e0d7356adac93d25244,1,classical_linear_regression_source,classical_linear_regression,source,1234,0.6421520209987648,0.6421520209987648,0.686803239913637,predicted,
sim_common_q16_v1::qaoa_indep_qiskit_7,8e1c1014680274215f87d97c833f99474ed19b3393b2b8eea20a36bde517708b,4,classical_linear_regression_source,classical_linear_regression,source,1234,0.6511161570015247,0.6511161570015247,2.2059463953932954,predicted,
sim_common_q16_v1::qaoa_indep_qiskit_8,0a43c652a1c92c83389d952438c22aa0d890a611333da29499d6ff1733925b21,0,classical_linear_regression_source,classical_linear_regression,source,1234,0.6687408600009803,0.6687408600009803,3.214380753289727,predicted,
sim_common_q16_v1::qaoa_indep_qiskit_9,a4a7b8b8d556570de9ea2db286aaa4245fa50f4619f25f0f7414b16d503458d8,1,classical_linear_regression_source,classical_linear_regression,source,1234,17.55494177699802,17.55494177699802,0.6877282155580109,predicted,
sim_common_q16_v1::qft_indep_qiskit_2,aa91238ec5978b739b87b3a657746a8786de113397a5abeadf726d1dd9c836b3,2,classical_linear_regression_source,classical_linear_regression,source,1234,0.7182261369998741,0.7182261369998741,0.7700958192592277,predicted,
sim_common_q16_v1::qft_indep_qiskit_3,7f613ccae98ac8124d086ee9a39d94b1ed019520da8c3277395b109fd22d7d4d,4,classical_linear_regression_source,classical_linear_regression,source,1234,0.638093072000629,0.638093072000629,0.6076372724558771,predicted,
sim_common_q16_v1::qft_indep_qiskit_4,ea84355871fa77560419766f8000de4dcb0eea29468bcb0d89a1c84edff34f61,0,classical_linear_regression_source,classical_linear_regression,source,1234,0.6269083859988314,0.6269083859988314,0.5335352045062329,predicted,
sim_common_q16_v1::qft_indep_qiskit_5,0285fd21a0dd1ca29cd386de85a1a8af49cc7d71f5c86f6451b55a11c68864a8,3,classical_linear_regression_source,classical_linear_regression,source,1234,0.6442288310026925,0.6442288310026925,0.5369541259053763,predicted,
sim_common_q16_v1::qft_indep_qiskit_6,cbe1ca5505b485bd87b2e68f2b38ecae377e29f823c30e4c44d3f5f87d4266f7,1,classical_linear_regression_source,classical_linear_regression,source,1234,0.651070706997416,0.651070706997416,0.628920935612913,predicted,
sim_common_q16_v1::qft_indep_qiskit_7,01de4bb89da48a3fc09c31d41d509c1446c6a4a3b329612c5baf0d39c56a922e,1,classical_linear_regression_source,classical_linear_regression,source,1234,0.6848869749992446,0.6848869749992446,0.6772237114530569,predicted,
sim_common_q16_v1::qft_indep_qiskit_8,e4664972befc3ffed396f3842bf910be22c2fbe7f293d3c295b971dfe094d398,3,classical_linear_regression_source,classical_linear_regression,source,1234,0.6876082300004782,0.6876082300004782,0.5586673086786629,predicted,
sim_common_q16_v1::qft_indep_qiskit_9,e0c3acec67c0fb535add575a46e01889b30ec7970005214fd2188b94ae3a55a5,0,classical_linear_regression_source,classical_linear_regression,source,1234,0.7909492459984904,0.7909492459984904,0.6859777491778793,predicted,
sim_common_q16_v1::qftentangled_indep_qiskit_2,02d66e8b66849fdd0f0581b84924adbd1bd2d7603e25e5e9faa447ac2a6708d0,2,classical_linear_regression_source,classical_linear_regression,source,1234,0.6421512939996319,0.6421512939996319,0.8123136349528439,predicted,
sim_common_q16_v1::qftentangled_indep_qiskit_3,5ab4253ed51b729f331c9f3cc78bfecd3ecb2fed2e98818816bf3f64e22f1bfe,2,classical_linear_regression_source,classical_linear_regression,source,1234,0.6430523449998873,0.6430523449998873,0.6578066245504716,predicted,
sim_common_q16_v1::qftentangled_indep_qiskit_4,d7a22ac29418bcf9f00346732fe1b985f8e0b9df60273404dabbf4a62027715f,0,classical_linear_regression_source,classical_linear_regression,source,1234,0.718577378000191,0.718577378000191,0.5759872866659673,predicted,
sim_common_q16_v1::qftentangled_indep_qiskit_5,4ee5846eef239e2b0e0d3f950f78b5b4b8af213f0063eb50be6bf50bdbb4385d,4,classical_linear_regression_source,classical_linear_regression,source,1234,0.711588597001537,0.711588597001537,0.6174699609829744,predicted,
sim_common_q16_v1::qftentangled_indep_qiskit_6,7c8832728feaaf34fac1fda49dfcbfbf655902b5b4eb3f1b11e43f21d15de5bf,2,classical_linear_regression_source,classical_linear_regression,source,1234,0.6466906070018013,0.6466906070018013,0.6344649740073907,predicted,
sim_common_q16_v1::qftentangled_indep_qiskit_7,f0e0170b510412a7e964e82f14793115a9e53a1b250283a74abd893a45b5f20e,3,classical_linear_regression_source,classical_linear_regression,source,1234,0.7955734110000776,0.7955734110000776,0.6649287367375689,predicted,
sim_common_q16_v1::qftentangled_indep_qiskit_8,8711737782301f568af1980707e62c989655488357aa858d6c63bb8e206ae4fc,4,classical_linear_regression_source,classical_linear_regression,source,1234,0.6800704039997072,0.6800704039997072,0.662455090156453,predicted,
sim_common_q16_v1::qftentangled_indep_qiskit_9,fea8eb37e38bc24d3352d9446471b5cf8f6b8af6ae4c0f931d5942564936274c,3,classical_linear_regression_source,classical_linear_regression,source,1234,0.8116922409972176,0.8116922409972176,0.7136190318467197,predicted,
sim_common_q16_v1::qnn_indep_qiskit_2,3c0ed99f7e5a0409bdadc636b8b7a5dd911304ccbe2e87b32589b91dd44a6a5a,3,classical_linear_regression_source,classical_linear_regression,source,1234,0.6364995420008199,0.6364995420008199,0.6443681174554335,predicted,
sim_common_q16_v1::qnn_indep_qiskit_3,15e80264fdff1398ab38bbd9144f853a3a2317e95163fda15a1e9ec2657beecb,3,classical_linear_regression_source,classical_linear_regression,source,1234,0.7232230859990523,0.7232230859990523,0.6079892286465659,predicted,
sim_common_q16_v1::qnn_indep_qiskit_4,451bd8177acaca0301a8bb4d61cb192f26dce1f81d8ab04ca0aded562d525c58,1,classical_linear_regression_source,classical_linear_regression,source,1234,0.6316140970011475,0.6316140970011475,0.6628385490030322,predicted,
sim_common_q16_v1::qnn_indep_qiskit_5,d506e52d304853cd9e55834d3112505279aa22e89e70aa7c00dfc57caad3c72c,0,classical_linear_regression_source,classical_linear_regression,source,1234,0.6502378280019911,0.6502378280019911,0.5672647397502621,predicted,
sim_common_q16_v1::qnn_indep_qiskit_6,720a3cec5f9b39a53aa0d59f0ecc24f42f2948fbe56164a033262c628e2ba875,1,classical_linear_regression_source,classical_linear_regression,source,1234,0.6810264529995038,0.6810264529995038,0.7553559986709351,predicted,
sim_common_q16_v1::qnn_indep_qiskit_7,6cf91acdbcfc0321d1ffcee7c2197fec29f2b9dd83e7c3b56dbe8d583332ccdb,1,classical_linear_regression_source,classical_linear_regression,source,1234,0.7633359889987332,0.7633359889987332,0.7936746856670583,predicted,
sim_common_q16_v1::qnn_indep_qiskit_8,f76953672a13f3e92397fe3586ff6557882560261e995147a67b931d701c7fcf,4,classical_linear_regression_source,classical_linear_regression,source,1234,0.8227666269995098,0.8227666269995098,0.8466260555670697,predicted,
sim_common_q16_v1::qnn_indep_qiskit_9,4df5b36e58378649053c461bf5ee1478fa114ac65c0c14551536b820ce8eafc7,1,classical_linear_regression_source,classical_linear_regression,source,1234,0.9238195639991318,0.9238195639991318,0.8478160950344916,predicted,
sim_common_q16_v1::qpeexact_indep_qiskit_2,0a43a3dbe4a4294a007fa7ec167a24ea300d3762489b98245c2f80ad29727075,0,classical_linear_regression_source,classical_linear_regression,source,1234,0.6283055000021704,0.6283055000021704,0.614565535154739,predicted,
sim_common_q16_v1::qpeexact_indep_qiskit_3,56289d5fdefe63c89244b0849f2e22753ce30832776d74b79de4603006db32f4,4,classical_linear_regression_source,classical_linear_regression,source,1234,0.7184256109976559,0.7184256109976559,0.6429920667847541,predicted,
sim_common_q16_v1::qpeexact_indep_qiskit_4,af7e7c49ba06f5c554580173d3dcd73bc9d5a9dd9c6e3d3cd8c94d494fa4b969,2,classical_linear_regression_source,classical_linear_regression,source,1234,0.6284069449975505,0.6284069449975505,0.6868956967707569,predicted,
sim_common_q16_v1::qpeexact_indep_qiskit_5,7478da09664f4489c33c18a6ea1974cc9dea86d1adda1f912c3eaeff27c2d5fa,0,classical_linear_regression_source,classical_linear_regression,source,1234,0.6475399470000411,0.6475399470000411,0.667443323907444,predicted,
sim_common_q16_v1::qpeexact_indep_qiskit_6,abe368f160ce73db792b3af14a6e120eda4838b15f01376daa204a680d07c5bc,2,classical_linear_regression_source,classical_linear_regression,source,1234,0.6475595259980764,0.6475595259980764,0.7654607703559091,predicted,
sim_common_q16_v1::qpeexact_indep_qiskit_7,d06936015124a75ae15e1f94eeb54cc51ab24596726b8110765a69ba66d0e80a,0,classical_linear_regression_source,classical_linear_regression,source,1234,0.6782379760006734,0.6782379760006734,0.8129910669921864,predicted,
sim_common_q16_v1::qpeexact_indep_qiskit_8,5d3cc38ff0e2b9054c927b6309c6a8dfaba491733eab08b06cc06f2d333da23d,4,classical_linear_regression_source,classical_linear_regression,source,1234,0.686445900999388,0.686445900999388,0.9298781649977794,predicted,
sim_common_q16_v1::qpeexact_indep_qiskit_9,31f7b2533d8a3c05d59b44a9b2d93f44bc48da630d1884cf9df0012199e10a74,1,classical_linear_regression_source,classical_linear_regression,source,1234,0.7935242480016313,0.7935242480016313,0.821738046502658,predicted,
sim_common_q16_v1::qpeinexact_indep_qiskit_2,acacd76111e7f23e4224342ca0ab5340b1bdaad3b6eba8893e4036ba14896362,1,classical_linear_regression_source,classical_linear_regression,source,1234,0.6258419089972449,0.6258419089972449,0.6384313202179823,predicted,
sim_common_q16_v1::qpeinexact_indep_qiskit_3,afa0cd93480bae81feca2afdcb909ab13c2934f76b139c27872b18658e5c1f28,2,classical_linear_regression_source,classical_linear_regression,source,1234,0.6425586090008437,0.6425586090008437,0.6197841121086903,predicted,
sim_common_q16_v1::qpeinexact_indep_qiskit_4,1d76cd981622e5ca02125654d00534f3aec623bbb2b95b7ea894049f76916577,4,classical_linear_regression_source,classical_linear_regression,source,1234,0.6402722480015655,0.6402722480015655,0.6776310263900396,predicted,
sim_common_q16_v1::qpeinexact_indep_qiskit_5,f37f599f25c5024b4069e866a31563a6daf0b1495d17d25343f7b3cfac1169ee,1,classical_linear_regression_source,classical_linear_regression,source,1234,0.6406791050030733,0.6406791050030733,0.6198053972106934,predicted,
sim_common_q16_v1::qpeinexact_indep_qiskit_6,c658b0f6c564cc6b7d6d48105e5567caf0660181ca2dbad8b9bdbdd353962fd6,0,classical_linear_regression_source,classical_linear_regression,source,1234,0.6522649979997368,0.6522649979997368,0.7595587149465115,predicted,
sim_common_q16_v1::qpeinexact_indep_qiskit_7,093af0605e834bf0a4f2aef0b46600d12c6b1c913e791fb13e2513048a6b1c70,4,classical_linear_regression_source,classical_linear_regression,source,1234,0.7007861210004194,0.7007861210004194,0.8032758522826493,predicted,
sim_common_q16_v1::qpeinexact_indep_qiskit_8,82da8e687716ed31c95e72560edb07e7f6073a5be0f5ebffb17d22aff22c81fd,0,classical_linear_regression_source,classical_linear_regression,source,1234,0.6688155289994029,0.6688155289994029,0.9038992413008661,predicted,
sim_common_q16_v1::qpeinexact_indep_qiskit_9,81a66b1daaf97d148a8a075515daf8702349d257883a1dd88e26993c1622351f,3,classical_linear_regression_source,classical_linear_regression,source,1234,0.8898592920013471,0.8898592920013471,0.9002533259203991,predicted,
sim_common_q16_v1::qwalk-noancilla_indep_qiskit_3,9110b8773ad1c544b5ec91feaaa99c96975f7577fe6966b0f0df52dab84bef92,4,classical_linear_regression_source,classical_linear_regression,source,1234,0.6806762745000015,0.6374438919992826,0.8033061434221784,predicted,
sim_common_q16_v1::qwalk-v-chain_indep_qiskit_3,9110b8773ad1c544b5ec91feaaa99c96975f7577fe6966b0f0df52dab84bef92,4,classical_linear_regression_source,classical_linear_regression,source,1234,0.6806762745000015,0.7239086570007203,0.8033061434221784,predicted,
sim_common_q16_v1::qwalk-noancilla_indep_qiskit_4,2df018ddcd5f44fd33cd5d80af349db5f84e36d6a5f905ef4611e5e5cc0d03f4,4,classical_linear_regression_source,classical_linear_regression,source,1234,0.6810126529999252,0.6810126529999252,3.400708627023433,predicted,
sim_common_q16_v1::qwalk-noancilla_indep_qiskit_5,7e02b8d5bbea94c5e0eabb2edd6a74e15949ae6b737fabb55e66a61d47181912,4,classical_linear_regression_source,classical_linear_regression,source,1234,0.7063868340010231,0.7063868340010231,1.2202517794585965,predicted,
sim_common_q16_v1::qwalk-noancilla_indep_qiskit_6,97bdbd3569346cfa4a289ced5de0f3280a495266d423a3af48650bf01484b9be,0,classical_linear_regression_source,classical_linear_regression,source,1234,1.015744493000966,1.015744493000966,1.3908328874732216,predicted,
sim_common_q16_v1::qwalk-noancilla_indep_qiskit_7,73abe6179f1e84e36777e1d953028143ee3ff00662ddb793d55022d9344b4940,2,classical_linear_regression_source,classical_linear_regression,source,1234,2.998404195997864,2.998404195997864,1.8603101262326234,predicted,
sim_common_q16_v1::qwalk-noancilla_indep_qiskit_8,b23a0318d268fcffc78b4f6ce920c98f33487ec34a71cf7b6225b9b6eb93f1bb,4,classical_linear_regression_source,classical_linear_regression,source,1234,3.649332992998097,3.649332992998097,4.762302199428005,predicted,
sim_common_q16_v1::qwalk-noancilla_indep_qiskit_9,e8037a4f622df36c65c0e756e11a6c6e3b8b40fbabaffb6cd59ff1cc79f49063,0,classical_linear_regression_source,classical_linear_regression,source,1234,18.4117178100023,18.4117178100023,10.40803743961575,predicted,
sim_common_q16_v1::qwalk-v-chain_indep_qiskit_5,72fb5f837aaa2bec862c3a477efd166f351b72903612c32d444704a431457f4d,0,classical_linear_regression_source,classical_linear_regression,source,1234,0.6463327589990513,0.6463327589990513,0.5782066754870192,predicted,
sim_common_q16_v1::qwalk-v-chain_indep_qiskit_7,3d8107599f669ba102c734a8796433a6a348197dd98a74c63f172d7790b5c9a2,2,classical_linear_regression_source,classical_linear_regression,source,1234,0.984092689002864,0.984092689002864,1.0324607118046705,predicted,
sim_common_q16_v1::qwalk-v-chain_indep_qiskit_9,8650fb4f2d0816cd59c97df1ed4051936ecb3b5c31d39ba97cdc5cd2af374a8a,4,classical_linear_regression_source,classical_linear_regression,source,1234,1.861087077002594,1.861087077002594,0.37927303658967865,predicted,
sim_common_q16_v1::random_indep_qiskit_2,433844fca892218b1218ca028aafb0eddf1929d5ca52fdea53b3cb324e4055bd,1,classical_linear_regression_source,classical_linear_regression,source,1234,0.6350642280012835,0.6350642280012835,0.5537882556820871,predicted,
sim_common_q16_v1::random_indep_qiskit_3,d7ecd343052e510bdf5fa0f67f2fdbc3ee5ddccd19f39548c2853114a94dece2,4,classical_linear_regression_source,classical_linear_regression,source,1234,0.6280151889986882,0.6280151889986882,0.8542285082251035,predicted,
sim_common_q16_v1::random_indep_qiskit_4,212e0f8a693a745c9fc792b876e7be6ddb0ba051c1b0f558e0819e1437a8a2fb,2,classical_linear_regression_source,classical_linear_regression,source,1234,0.7269409180007642,0.7269409180007642,0.638657439472053,predicted,
sim_common_q16_v1::random_indep_qiskit_5,8f11cd416ae9672f06a39e5ee3a27a70bcbf31d7177cb47270c0cd8512c95381,1,classical_linear_regression_source,classical_linear_regression,source,1234,0.7345396679993428,0.7345396679993428,0.8895609995117935,predicted,
sim_common_q16_v1::random_indep_qiskit_6,4d5b55eb4b8a0aea0af4bde721618cbe79ed66e0636398ffddc79ace483672a6,3,classical_linear_regression_source,classical_linear_regression,source,1234,0.6658408169969334,0.6658408169969334,0.7812207210663178,predicted,
sim_common_q16_v1::random_indep_qiskit_7,8ffee9c3a3af1aeaa766f38df57fcb62de5efa16d7f328d60a8977cb0da39e22,0,classical_linear_regression_source,classical_linear_regression,source,1234,0.7144554340011382,0.7144554340011382,0.22385478578362544,predicted,
sim_common_q16_v1::random_indep_qiskit_8,fa595f88d0ab98542a799af4492f53b2a5e2e88ebc442a9b508abac209d0afcc,3,classical_linear_regression_source,classical_linear_regression,source,1234,0.6867609079999966,0.6867609079999966,1.0584236509420921,predicted,
sim_common_q16_v1::random_indep_qiskit_9,93eff191c23e0c3d13a127f38595909e7092290f5119c9be24a1ccc61fff5767,1,classical_linear_regression_source,classical_linear_regression,source,1234,0.9196448500006228,0.9196448500006228,0.9047124725657237,predicted,
sim_common_q16_v1::realamprandom_indep_qiskit_2,806f1844d225682cd7d5d0b276b5567caa23697f73064d8a20347024bb03fe40,1,classical_linear_regression_source,classical_linear_regression,source,1234,0.6811683435007581,0.7270244620012818,0.6025105986867181,predicted,
sim_common_q16_v1::twolocalrandom_indep_qiskit_2,806f1844d225682cd7d5d0b276b5567caa23697f73064d8a20347024bb03fe40,1,classical_linear_regression_source,classical_linear_regression,source,1234,0.6811683435007581,0.6353122250002343,0.6025105986867181,predicted,
sim_common_q16_v1::realamprandom_indep_qiskit_3,79b8fdfbfe6897a226612f9b9e27a4533aac4b48258335fb7746c5f10989cedc,3,classical_linear_regression_source,classical_linear_regression,source,1234,0.6289825359999668,0.6333517960010795,0.4950723704156679,predicted,
sim_common_q16_v1::twolocalrandom_indep_qiskit_3,79b8fdfbfe6897a226612f9b9e27a4533aac4b48258335fb7746c5f10989cedc,3,classical_linear_regression_source,classical_linear_regression,source,1234,0.6289825359999668,0.6246132759988541,0.4950723704156679,predicted,
sim_common_q16_v1::realamprandom_indep_qiskit_4,187d76ac82884dc3202418b0e06077eec26afed0c625b228d76b4416e6bfa480,3,classical_linear_regression_source,classical_linear_regression,source,1234,0.690793351001048,0.6371145330012951,0.508435973851062,predicted,
sim_common_q16_v1::twolocalrandom_indep_qiskit_4,187d76ac82884dc3202418b0e06077eec26afed0c625b228d76b4416e6bfa480,3,classical_linear_regression_source,classical_linear_regression,source,1234,0.690793351001048,0.7444721690008009,0.508435973851062,predicted,
sim_common_q16_v1::realamprandom_indep_qiskit_5,8d3b3ff10a3a80d0dda4e7043cce2b222aaf9e3cc19caa194b8e87da40266ac5,3,classical_linear_regression_source,classical_linear_regression,source,1234,0.6970405395004491,0.6386868430017785,0.5576475981609059,predicted,
sim_common_q16_v1::twolocalrandom_indep_qiskit_5,8d3b3ff10a3a80d0dda4e7043cce2b222aaf9e3cc19caa194b8e87da40266ac5,3,classical_linear_regression_source,classical_linear_regression,source,1234,0.6970405395004491,0.7553942359991197,0.5576475981609059,predicted,
sim_common_q16_v1::realamprandom_indep_qiskit_6,c9931425f0767057491a7e6ab8f1ed937fde917a862097440f57606892bddde9,0,classical_linear_regression_source,classical_linear_regression,source,1234,0.7250354759999027,0.669643510998867,0.6556439607399548,predicted,
sim_common_q16_v1::twolocalrandom_indep_qiskit_6,c9931425f0767057491a7e6ab8f1ed937fde917a862097440f57606892bddde9,0,classical_linear_regression_source,classical_linear_regression,source,1234,0.7250354759999027,0.7804274410009384,0.6556439607399548,predicted,
sim_common_q16_v1::realamprandom_indep_qiskit_7,af19d23c83544c8b7f6be5c42e0254336c9902c1ef454c06b9d45c4582d2fd3d,2,classical_linear_regression_source,classical_linear_regression,source,1234,0.7604988409984799,0.7463375029983581,0.7479566126561841,predicted,
sim_common_q16_v1::twolocalrandom_indep_qiskit_7,af19d23c83544c8b7f6be5c42e0254336c9902c1ef454c06b9d45c4582d2fd3d,2,classical_linear_regression_source,classical_linear_regression,source,1234,0.7604988409984799,0.7746601789986016,0.7479566126561841,predicted,
sim_common_q16_v1::realamprandom_indep_qiskit_8,8ea085ea0c0185c560746ab5988221e203c457e2afbb475976fb99f718e2dad1,4,classical_linear_regression_source,classical_linear_regression,source,1234,0.7514831415010121,0.7581430490026833,0.8796201690269202,predicted,
sim_common_q16_v1::twolocalrandom_indep_qiskit_8,8ea085ea0c0185c560746ab5988221e203c457e2afbb475976fb99f718e2dad1,4,classical_linear_regression_source,classical_linear_regression,source,1234,0.7514831415010121,0.744823233999341,0.8796201690269202,predicted,
sim_common_q16_v1::realamprandom_indep_qiskit_9,bdd8a427e9747bbc01ad8e77a22d61f0314fe8db0de17786839f2193ab0928bd,0,classical_linear_regression_source,classical_linear_regression,source,1234,1.027857403500093,1.0256131179994554,0.9182112940440533,predicted,
sim_common_q16_v1::twolocalrandom_indep_qiskit_9,bdd8a427e9747bbc01ad8e77a22d61f0314fe8db0de17786839f2193ab0928bd,0,classical_linear_regression_source,classical_linear_regression,source,1234,1.027857403500093,1.0301016890007304,0.9182112940440533,predicted,
sim_common_q16_v1::su2random_indep_qiskit_2,66c9180a271ec04f728ab259ed86a24fe52676e6f40a7614b02f79fd13536c91,0,classical_linear_regression_source,classical_linear_regression,source,1234,0.73017823400005,0.73017823400005,0.5086497577573121,predicted,
sim_common_q16_v1::su2random_indep_qiskit_3,c69c35c09a4dcfe7dd09af0b73be8e5f608531bf0baadd794f6861bcf237e40c,3,classical_linear_regression_source,classical_linear_regression,source,1234,0.7221970069986128,0.7221970069986128,0.5397571129184939,predicted,
sim_common_q16_v1::su2random_indep_qiskit_4,7fabc879bc998db5c05d7cc5b83db2d1704d7587139b714da9cf82639f4f093e,4,classical_linear_regression_source,classical_linear_regression,source,1234,0.6280798560001131,0.6280798560001131,0.5945301902891069,predicted,
sim_common_q16_v1::su2random_indep_qiskit_5,c1572e3b6e41c965a5943c21ceacdbad56fc868b4ee02ff4ef8af2d2054a0602,2,classical_linear_regression_source,classical_linear_regression,source,1234,0.7392793660001189,0.7392793660001189,0.6700092112703772,predicted,
sim_common_q16_v1::su2random_indep_qiskit_6,2f497b92b87e3e9f44c1ae23dfbffc7309c1550756e6829eb694d42dd4f2ed03,4,classical_linear_regression_source,classical_linear_regression,source,1234,0.7643177909994847,0.7643177909994847,0.70553611215843,predicted,
sim_common_q16_v1::su2random_indep_qiskit_7,4f2368cad1a087f01b7598f13a9afa3b7cea2d6f9e96f79eb390f62213c97af7,2,classical_linear_regression_source,classical_linear_regression,source,1234,0.7721899220014166,0.7721899220014166,0.8134370733895736,predicted,
sim_common_q16_v1::su2random_indep_qiskit_8,3157278e31c54e80e45de35bfb793aac89eb413e21aabe08b2e0e140de8c0d39,3,classical_linear_regression_source,classical_linear_regression,source,1234,0.738525782002398,0.738525782002398,0.9736558803695476,predicted,
sim_common_q16_v1::su2random_indep_qiskit_9,c6ee0cb7c958cecf010796ce2ad0bb148b9fd660dd52393972c541d9ae422eca,4,classical_linear_regression_source,classical_linear_regression,source,1234,1.0278606899992155,1.0278606899992155,1.0035126440449282,predicted,
sim_common_q16_v1::vqe_indep_qiskit_3,92c02520f591e3d46218c6839b62acb2a1d5fbcc2ceba197b9265653f1737b24,4,classical_linear_regression_source,classical_linear_regression,source,1234,0.6360782570009178,0.6360782570009178,0.5730244423006174,predicted,
sim_common_q16_v1::vqe_indep_qiskit_4,23a9403cafedb94bbd2f39d4d9106aca7f890047719b80231d86ac9fb8382383,0,classical_linear_regression_source,classical_linear_regression,source,1234,0.633112699000776,0.633112699000776,0.6008713663980146,predicted,
sim_common_q16_v1::vqe_indep_qiskit_5,8c7594c05053bb7af0015bd637170a669e9d39c1da6edce6a769992b6ef5c9cb,0,classical_linear_regression_source,classical_linear_regression,source,1234,0.7155582859995775,0.7155582859995775,0.6390571103043613,predicted,
sim_common_q16_v1::vqe_indep_qiskit_6,58501be4f197f4efd57535977a245f6adb39216116363b46836664cd6ca29e10,2,classical_linear_regression_source,classical_linear_regression,source,1234,0.6403484270012996,0.6403484270012996,0.6694885598753191,predicted,
sim_common_q16_v1::vqe_indep_qiskit_7,63b92ee6c5b54da107e9016de97e2cb7768bfb970ebc025650706533e47d3caf,2,classical_linear_regression_source,classical_linear_regression,source,1234,0.739464948001114,0.739464948001114,0.7252239271204246,predicted,
sim_common_q16_v1::vqe_indep_qiskit_8,6e066adb38de82d96650b3f806e398374e88912fd4688ab9c98f3c94dcd33e16,4,classical_linear_regression_source,classical_linear_regression,source,1234,0.6498198089975631,0.6498198089975631,0.8760753293414025,predicted,
sim_common_q16_v1::vqe_indep_qiskit_9,bbafe35368c1a915635c383f6aaa4ec709a7c6e055550875d4de11ca0983dbb5,4,classical_linear_regression_source,classical_linear_regression,source,1234,0.6784349429981376,0.6784349429981376,0.9585762181684907,predicted,
sim_common_q16_v1::wstate_indep_qiskit_2,75b1db396e34d1f1b234ea8dcdc253203a770cecce7f48bb8a126860723c43df,1,classical_linear_regression_source,classical_linear_regression,source,1234,0.6422257209997042,0.6422257209997042,0.6733562711265326,predicted,
sim_common_q16_v1::wstate_indep_qiskit_3,50a5fc62010017f60b77f8c81e9ddf9bd95419be272d2ec5ed1445aae0c7ac92,3,classical_linear_regression_source,classical_linear_regression,source,1234,0.6512624009992578,0.6512624009992578,0.5406136883215031,predicted,
sim_common_q16_v1::wstate_indep_qiskit_4,387f2f6f12a10e034ae5b68c11336a9874e87f20871579eec585bfd7311f38c8,4,classical_linear_regression_source,classical_linear_regression,source,1234,0.629814787000214,0.629814787000214,0.5668745313327312,predicted,
sim_common_q16_v1::wstate_indep_qiskit_5,dc97062e3adcbcaf813cae5e970c8a0357a239b8d4a09e77a4e3e4625532d209,1,classical_linear_regression_source,classical_linear_regression,source,1234,0.6107438010003534,0.6107438010003534,0.6183604389363582,predicted,
sim_common_q16_v1::wstate_indep_qiskit_6,dbfb4dd8bf80cda30461759a3169ec60ac535a27409cf938f691179c6a121ebd,0,classical_linear_regression_source,classical_linear_regression,source,1234,0.7103313010011334,0.7103313010011334,0.6631614445534914,predicted,
sim_common_q16_v1::wstate_indep_qiskit_7,1dab21c93a580f711efff03a0f4a1d82985cf201219e886ab246e03a9011735c,1,classical_linear_regression_source,classical_linear_regression,source,1234,0.6361640809991513,0.6361640809991513,0.6453525642548361,predicted,
sim_common_q16_v1::wstate_indep_qiskit_8,e2fba21685e6e7d22d625d8babcc9c51a8911815153e52fc89277e0efe117045,3,classical_linear_regression_source,classical_linear_regression,source,1234,0.7347158170014154,0.7347158170014154,0.7972650701031672,predicted,
sim_common_q16_v1::wstate_indep_qiskit_9,84c07c56eef046e3c72823b20fb674075b1ab68a85dc6a06baf7f35983e2bd17,2,classical_linear_regression_source,classical_linear_regression,source,1234,0.6752045199973509,0.6752045199973509,0.8615437883809655,predicted,
sim_common_q16_v1::ae_indep_qiskit_2,de56c0798eca25bd1510d4d10f11e996f0bad2a11ce94a265da0635c161cbcae,0,classical_linear_regression_hybrid,classical_linear_regression,hybrid,1234,0.6445786120020784,0.6445786120020784,0.6481151459212025,predicted,
sim_common_q16_v1::ae_indep_qiskit_3,6b2f9fea850557b40ca9b69341ec300b1c4fe1f4bf53e94436af2ba1586bac62,0,classical_linear_regression_hybrid,classical_linear_regression,hybrid,1234,0.6324521900023683,0.6324521900023683,0.5893506556897724,predicted,
sim_common_q16_v1::ae_indep_qiskit_4,9b4261e2d98678946a9aefea16ba9b8abcae8409f8589f8fb3daa941694f88c6,0,classical_linear_regression_hybrid,classical_linear_regression,hybrid,1234,0.6257052269975247,0.6257052269975247,0.5695434095436209,predicted,
sim_common_q16_v1::ae_indep_qiskit_5,8e4821df72704634cb81ea4d738477a8d596a49cba641e6198fdc9970e1d5d2f,1,classical_linear_regression_hybrid,classical_linear_regression,hybrid,1234,0.6429755230019509,0.6429755230019509,0.6363547694198284,predicted,
sim_common_q16_v1::ae_indep_qiskit_6,585424315575b559a664523f6ce6236189739069b3872eea4ccdb995a29f8701,2,classical_linear_regression_hybrid,classical_linear_regression,hybrid,1234,0.6249196000026132,0.6249196000026132,0.5910972752866976,predicted,
sim_common_q16_v1::ae_indep_qiskit_7,a70c5b796698f145c5992d324b3a0b5e28eb7301e6f306652a316a55c68f1ae8,4,classical_linear_regression_hybrid,classical_linear_regression,hybrid,1234,0.6728184880012122,0.6728184880012122,0.654054658632296,predicted,
sim_common_q16_v1::ae_indep_qiskit_8,78d3420407751ab52a65abe926510d585ebd3a5d1934ac31c13b28eca5c5ee8a,4,classical_linear_regression_hybrid,classical_linear_regression,hybrid,1234,0.7626127499970607,0.7626127499970607,0.8061609872153399,predicted,
sim_common_q16_v1::ae_indep_qiskit_9,78ecec267502f433ab148452979221600becf679520b50ad454009e0ca097af5,3,classical_linear_regression_hybrid,classical_linear_regression,hybrid,1234,0.7365946390018507,0.7365946390018507,0.7525995827871675,predicted,
sim_common_q16_v1::dj_indep_qiskit_2,242786b0f7d73c715a317cbdc0725596836f08d98ecd6eb06b3b4ac4f3f563fb,4,classical_linear_regression_hybrid,classical_linear_regression,hybrid,1234,0.6235974270020961,0.6235974270020961,0.580719332240404,predicted,
sim_common_q16_v1::dj_indep_qiskit_3,bc8cb33a3a242fb3ab35191a36313674faaca8fe1839cfa05d79788052424d1d,1,classical_linear_regression_hybrid,classical_linear_regression,hybrid,1234,0.6417426940024598,0.6417426940024598,0.42037625624585084,predicted,
sim_common_q16_v1::dj_indep_qiskit_4,3e4560adf43b5c5102bf22f235abcb9dd2ed5e34930cdb929a128226f96e4ea5,1,classical_linear_regression_hybrid,classical_linear_regression,hybrid,1234,0.6125353499992343,0.6125353499992343,0.4922975777991602,predicted,
sim_common_q16_v1::dj_indep_qiskit_5,f12c9439f3dfce19e2f161aed74fdafb33146528cdb8524425608579de8b6741,0,classical_linear_regression_hybrid,classical_linear_regression,hybrid,1234,0.6494606499982183,0.6494606499982183,0.6240964746911828,predicted,
sim_common_q16_v1::dj_indep_qiskit_6,b5736e26e119a619b687dcc0cf8065475e3805bc0c6180b480e0e36badc289db,2,classical_linear_regression_hybrid,classical_linear_regression,hybrid,1234,0.7272395580002922,0.7272395580002922,1.2591009498810468,predicted,
sim_common_q16_v1::dj_indep_qiskit_7,9fc54c185186ff8c504ebdac4e3fa109beb4cf46f86196a3376b3153a7f72962,3,classical_linear_regression_hybrid,classical_linear_regression,hybrid,1234,0.6525007039999764,0.6525007039999764,1.29179233447243,predicted,
sim_common_q16_v1::dj_indep_qiskit_9,db0e077b1674f90860a270d014aa8226822880dbf36c819dad0bea17881b7eb5,3,classical_linear_regression_hybrid,classical_linear_regression,hybrid,1234,0.6677595889996155,0.6677595889996155,1.3210131505792084,predicted,
sim_common_q16_v1::ghz_indep_qiskit_2,fcd9497c7764bb185a96cc8b6d1c7878851e9b87e64de7ebf47aa1d16eb3ee0a,4,classical_linear_regression_hybrid,classical_linear_regression,hybrid,1234,0.6328717180003878,0.6328717180003878,1.0486902676233432,predicted,
sim_common_q16_v1::ghz_indep_qiskit_3,7344fd4d264c475e52edca02e3426225c78af7ed0bdaae137741a04685725a5d,2,classical_linear_regression_hybrid,classical_linear_regression,hybrid,1234,0.6362690579990158,0.6362690579990158,0.7117257365425693,predicted,
sim_common_q16_v1::ghz_indep_qiskit_4,01bfdd8291d6badf1219dd3bf6d7e12559976b8ccb3e67d2548e729dc0c0dc82,2,classical_linear_regression_hybrid,classical_linear_regression,hybrid,1234,0.6424375300011889,0.6424375300011889,0.6137897649565268,predicted,
sim_common_q16_v1::ghz_indep_qiskit_5,de4639e0b84f220ce7281521fbce5104129cc70befb85198bf93def8d4ba7a65,4,classical_linear_regression_hybrid,classical_linear_regression,hybrid,1234,0.6349322169990046,0.6349322169990046,0.5244115012402766,predicted,
sim_common_q16_v1::ghz_indep_qiskit_6,c67a77f55c658ad1270fd52c8cbc66319b72ceaa5ca5d4015d775b44e8edd85a,2,classical_linear_regression_hybrid,classical_linear_regression,hybrid,1234,0.6285922220013163,0.6285922220013163,0.584652664600972,predicted,
sim_common_q16_v1::ghz_indep_qiskit_7,4b24f68f78c4499a295ab28caa04282d174b7ab2a6b0f5333d3bfe630df72f71,0,classical_linear_regression_hybrid,classical_linear_regression,hybrid,1234,0.6354831150019891,0.6354831150019891,0.6655404960193922,predicted,
sim_common_q16_v1::ghz_indep_qiskit_8,2e57556a1b12802c7368ef21e0eb8e5c9863f768a48a9a4d0771725e60b8a616,3,classical_linear_regression_hybrid,classical_linear_regression,hybrid,1234,0.644572266999603,0.644572266999603,0.7225469348207079,predicted,
sim_common_q16_v1::ghz_indep_qiskit_9,b5f6ad96b1eb0fc9087c079e22e8a91398b460e24d616ed0d8829247aee24f18,0,classical_linear_regression_hybrid,classical_linear_regression,hybrid,1234,0.7290791659979732,0.7290791659979732,0.7675902762771192,predicted,
sim_common_q16_v1::graphstate_indep_qiskit_3,51e3c5bc60da502bf92a6ed65a7c728a8b957b427652ac8fdaa002b9afc50d40,4,classical_linear_regression_hybrid,classical_linear_regression,hybrid,1234,0.645907268000883,0.645907268000883,0.6690830730005995,predicted,
sim_common_q16_v1::graphstate_indep_qiskit_4,13721ab5a328b17bf3f8c3692cda844a7e538a8c92530d0c1236f43d3ad5a884,3,classical_linear_regression_hybrid,classical_linear_regression,hybrid,1234,0.6307967300017481,0.6307967300017481,0.4826130939020611,predicted,
sim_common_q16_v1::graphstate_indep_qiskit_5,cfadb6828c07bfc2fac00ca0c9c03935e927b88961597b69936fc199a094b9ea,0,classical_linear_regression_hybrid,classical_linear_regression,hybrid,1234,0.6335009460017318,0.6335009460017318,0.3959481425664283,predicted,
sim_common_q16_v1::graphstate_indep_qiskit_6,7b944ad7e38d98fae66177b6c014ae2878d62bcd1765103c19941653817e7996,1,classical_linear_regression_hybrid,classical_linear_regression,hybrid,1234,4.12037888100167,4.12037888100167,9.59741950168935,predicted,
sim_common_q16_v1::graphstate_indep_qiskit_7,551dfe6ad672d4157a761610fc4c1061ea844868f2106407374764552251d63a,1,classical_linear_regression_hybrid,classical_linear_regression,hybrid,1234,0.6352743349998491,0.6352743349998491,0.9039530932203103,predicted,
sim_common_q16_v1::graphstate_indep_qiskit_8,b6afb1122e1baece13144a1d0da78738759129107f453e9579e99e8789e057fe,3,classical_linear_regression_hybrid,classical_linear_regression,hybrid,1234,0.7141289200008032,0.7141289200008032,0.5388163559723294,predicted,
sim_common_q16_v1::graphstate_indep_qiskit_9,040a287609a78a55ab6148ad1a3cc6aa2fcee8b0871b077a9c1a37bee49f69fe,0,classical_linear_regression_hybrid,classical_linear_regression,hybrid,1234,3.4133249820006317,3.4133249820006317,1.2893582956636271,predicted,
sim_common_q16_v1::grover-noancilla_indep_qiskit_2,55746e6a2fd8d9c4b8c813443f2db46b072f75db1632dd252298c735fbc72bf0,1,classical_linear_regression_hybrid,classical_linear_regression,hybrid,1234,0.6316192150006827,0.6274016160023166,0.099388370343882,predicted,
sim_common_q16_v1::grover-v-chain_indep_qiskit_2,55746e6a2fd8d9c4b8c813443f2db46b072f75db1632dd252298c735fbc72bf0,1,classical_linear_regression_hybrid,classical_linear_regression,hybrid,1234,0.6316192150006827,0.6358368139990489,0.099388370343882,predicted,
sim_common_q16_v1::grover-noancilla_indep_qiskit_3,bc77f4afad8bbb19a6b320c11bc8f8110a330e395e5c509895e0b6c566cab5e9,4,classical_linear_regression_hybrid,classical_linear_regression,hybrid,1234,0.6336756905002403,0.6221831709990511,0.6639885060904196,predicted,
sim_common_q16_v1::grover-v-chain_indep_qiskit_3,bc77f4afad8bbb19a6b320c11bc8f8110a330e395e5c509895e0b6c566cab5e9,4,classical_linear_regression_hybrid,classical_linear_regression,hybrid,1234,0.6336756905002403,0.6451682100014295,0.6639885060904196,predicted,
sim_common_q16_v1::grover-noancilla_indep_qiskit_4,edc62038c489069da135981ccefd5c5a2f3cc0a991fa6da4defa393abdb0d2a4,4,classical_linear_regression_hybrid,classical_linear_regression,hybrid,1234,0.6425279779978155,0.6347441939979035,0.813552922127335,predicted,
sim_common_q16_v1::grover-v-chain_indep_qiskit_4,edc62038c489069da135981ccefd5c5a2f3cc0a991fa6da4defa393abdb0d2a4,4,classical_linear_regression_hybrid,classical_linear_regression,hybrid,1234,0.6425279779978155,0.6503117619977274,0.813552922127335,predicted,
sim_common_q16_v1::grover-noancilla_indep_qiskit_5,dd514cba6fbc94c48a3eb8f2ff2210ef74259e76e7f796394066418bfd93ee86,2,classical_linear_regression_hybrid,classical_linear_regression,hybrid,1234,0.6749066180018417,0.6749066180018417,0.9952674412946242,predicted,
sim_common_q16_v1::grover-noancilla_indep_qiskit_6,b6a15d3507225e442ed02c90df5179f09c529df7bf5ee38a8005cc265f4203a6,0,classical_linear_regression_hybrid,classical_linear_regression,hybrid,1234,0.8617562030012778,0.8617562030012778,1.0548668266818906,predicted,
sim_common_q16_v1::grover-noancilla_indep_qiskit_7,35548785a9c99b0ad9409f18dfbfc3baed0e1dcbb1d95eae8c8510dcda120410,0,classical_linear_regression_hybrid,classical_linear_regression,hybrid,1234,2.755100520000269,2.755100520000269,0.7725725464303468,predicted,
sim_common_q16_v1::grover-noancilla_indep_qiskit_8,a3b7d67bad6cd47cb522addfaf763294b1ea99017f443c03052055a2f0074009,4,classical_linear_regression_hybrid,classical_linear_regression,hybrid,1234,3.8077989039993554,3.8077989039993554,270.62735391700477,predicted,
sim_common_q16_v1::grover-v-chain_indep_qiskit_5,5042c6dd513b1366c0a145850de9e534b0e38aabc818b994ab8c4b6cad7ad5c8,3,classical_linear_regression_hybrid,classical_linear_regression,hybrid,1234,0.6741303899980267,0.6741303899980267,0.5572653020225657,predicted,
sim_common_q16_v1::grover-v-chain_indep_qiskit_7,84056291d9ff227b3c615cc378349fa1154f5a122bcd0eb6bc04045bbf3affa0,4,classical_linear_regression_hybrid,classical_linear_regression,hybrid,1234,1.1920864250023442,1.1920864250023442,1.4192557459901867,predicted,
sim_common_q16_v1::grover-v-chain_indep_qiskit_9,3d37464cf8c53831d2867c0c111a83e03a820e90fa26f77d01a4a85f4f9d6875,1,classical_linear_regression_hybrid,classical_linear_regression,hybrid,1234,3.409926619999169,3.409926619999169,2.424754120474711,predicted,
sim_common_q16_v1::portfolioqaoa_indep_qiskit_3,47e6743e95c380a13dc5947d9e9b3db26e541efabd4a27134ff26aa14c00ba7d,1,classical_linear_regression_hybrid,classical_linear_regression,hybrid,1234,0.6487017560029926,0.6487017560029926,0.4108650578944706,predicted,
sim_common_q16_v1::portfolioqaoa_indep_qiskit_4,568570a69663949a1aaac2fe16e74d3d065c7a8e6013e21368a9d8add886d6dc,2,classical_linear_regression_hybrid,classical_linear_regression,hybrid,1234,0.6451116749994981,0.6451116749994981,0.6806844300098209,predicted,
sim_common_q16_v1::portfolioqaoa_indep_qiskit_5,0f7836c0a3a429dd9b4f2b55a4fab5d6d112458814cb34efb22309ec614c801f,2,classical_linear_regression_hybrid,classical_linear_regression,hybrid,1234,0.6517559040003107,0.6517559040003107,0.726251390658106,predicted,
sim_common_q16_v1::portfolioqaoa_indep_qiskit_6,4dd5e72918722dff3c88e277e20e3ecc1e06dfd0601343e784eeb454470800b7,4,classical_linear_regression_hybrid,classical_linear_regression,hybrid,1234,0.6879031880016555,0.6879031880016555,0.6263953278617649,predicted,
sim_common_q16_v1::portfolioqaoa_indep_qiskit_7,f8d88243c9d36e41e0eedeff4898e325d59ba4d8ceb4b81c7b48757ade1e94b4,0,classical_linear_regression_hybrid,classical_linear_regression,hybrid,1234,0.8747539370015147,0.8747539370015147,0.6837635911917439,predicted,
sim_common_q16_v1::portfolioqaoa_indep_qiskit_8,2372d3228c3e3e38e3351feb553380bce5a543c936f73a400de0e54ab470599a,1,classical_linear_regression_hybrid,classical_linear_regression,hybrid,1234,0.7452616640002816,0.7452616640002816,1.023038172197273,predicted,
sim_common_q16_v1::portfolioqaoa_indep_qiskit_9,a53b2a3a1ba8397a96b487c44f825f3cab2e0c714b69298f2ab0a839975b173c,0,classical_linear_regression_hybrid,classical_linear_regression,hybrid,1234,1.0392779800022254,1.0392779800022254,1.3035103361603024,predicted,
sim_common_q16_v1::portfoliovqe_indep_qiskit_3,4b5542071ea595cd62184de26c4f1dac3f6afa86f6450f50a28dbe8e1f865257,0,classical_linear_regression_hybrid,classical_linear_regression,hybrid,1234,0.6282423720003862,0.6282423720003862,0.5447890013535248,predicted,
sim_common_q16_v1::portfoliovqe_indep_qiskit_4,36bb1354ff108648bc8c9c529a2002a53a68e4bfa9bf3529edce11e5d47f851f,0,classical_linear_regression_hybrid,classical_linear_regression,hybrid,1234,0.6387674009965849,0.6387674009965849,0.6061470269911293,predicted,
sim_common_q16_v1::portfoliovqe_indep_qiskit_5,28b9eac87132bbff64970708737a94c408cfa435ce16cd395a57ab6fbfe5a6f7,2,classical_linear_regression_hybrid,classical_linear_regression,hybrid,1234,0.7472729069995694,0.7472729069995694,0.6608988565992309,predicted,
sim_common_q16_v1::portfoliovqe_indep_qiskit_6,7dafebd46e73b9b279f1ef96da32f7d563de3721b856b4570375ab81951e06fc,0,classical_linear_regression_hybrid,classical_linear_regression,hybrid,1234,0.672533150001982,0.672533150001982,0.5984519754732296,predicted,
sim_common_q16_v1::portfoliovqe_indep_qiskit_7,99e0865dc3fced630c02b5b2710b24fd9257ba31d54112cde08a769e974f53c4,3,classical_linear_regression_hybrid,classical_linear_regression,hybrid,1234,0.7434713800030295,0.7434713800030295,0.7549719451323827,predicted,
sim_common_q16_v1::portfoliovqe_indep_qiskit_8,eb43007109ad9707544629854cfc7259b0e6aa70c5a618cedacbb7d26dd746a0,0,classical_linear_regression_hybrid,classical_linear_regression,hybrid,1234,0.7341747549980937,0.7341747549980937,0.43879434406303264,predicted,
sim_common_q16_v1::portfoliovqe_indep_qiskit_9,615d076a941f3eec9d225a20b894c8d30a0c90d4834d03fa0ebd5d13e4b46ded,2,classical_linear_regression_hybrid,classical_linear_regression,hybrid,1234,1.0230367410003964,1.0230367410003964,0.9462161166691693,predicted,
sim_common_q16_v1::qaoa_indep_qiskit_3,45ca196e391297302c92dc6ea0fd119efa62b2ee88e3b85260561e5fbafa7400,3,classical_linear_regression_hybrid,classical_linear_regression,hybrid,1234,0.6362355410019518,0.6362355410019518,0.8043167557844922,predicted,
sim_common_q16_v1::qaoa_indep_qiskit_4,9649572da691c86252b1620cba73350902b9ba3cf4dbdb3fb2e3531588da98c4,1,classical_linear_regression_hybrid,classical_linear_regression,hybrid,1234,0.6444687240000349,0.6444687240000349,0.5960703800221656,predicted,
sim_common_q16_v1::qaoa_indep_qiskit_5,f2ce48d725be79c1ea5cbfeb36811261c4e74460588e911c3b2916a9303c1cf5,0,classical_linear_regression_hybrid,classical_linear_regression,hybrid,1234,0.6301084189981339,0.6301084189981339,1.322184973095391,predicted,
sim_common_q16_v1::qaoa_indep_qiskit_6,6a475a20ac3d09839e2b43104ca187037db5ff813b811e0d7356adac93d25244,1,classical_linear_regression_hybrid,classical_linear_regression,hybrid,1234,0.6421520209987648,0.6421520209987648,0.6616189572818489,predicted,
sim_common_q16_v1::qaoa_indep_qiskit_7,8e1c1014680274215f87d97c833f99474ed19b3393b2b8eea20a36bde517708b,4,classical_linear_regression_hybrid,classical_linear_regression,hybrid,1234,0.6511161570015247,0.6511161570015247,1.0072429927174065,predicted,
sim_common_q16_v1::qaoa_indep_qiskit_8,0a43c652a1c92c83389d952438c22aa0d890a611333da29499d6ff1733925b21,0,classical_linear_regression_hybrid,classical_linear_regression,hybrid,1234,0.6687408600009803,0.6687408600009803,3.128777646343227,predicted,
sim_common_q16_v1::qaoa_indep_qiskit_9,a4a7b8b8d556570de9ea2db286aaa4245fa50f4619f25f0f7414b16d503458d8,1,classical_linear_regression_hybrid,classical_linear_regression,hybrid,1234,17.55494177699802,17.55494177699802,3.2354040929437025,predicted,
sim_common_q16_v1::qft_indep_qiskit_2,aa91238ec5978b739b87b3a657746a8786de113397a5abeadf726d1dd9c836b3,2,classical_linear_regression_hybrid,classical_linear_regression,hybrid,1234,0.7182261369998741,0.7182261369998741,0.8052710173466037,predicted,
sim_common_q16_v1::qft_indep_qiskit_3,7f613ccae98ac8124d086ee9a39d94b1ed019520da8c3277395b109fd22d7d4d,4,classical_linear_regression_hybrid,classical_linear_regression,hybrid,1234,0.638093072000629,0.638093072000629,0.6591964397762996,predicted,
sim_common_q16_v1::qft_indep_qiskit_4,ea84355871fa77560419766f8000de4dcb0eea29468bcb0d89a1c84edff34f61,0,classical_linear_regression_hybrid,classical_linear_regression,hybrid,1234,0.6269083859988314,0.6269083859988314,0.49041416852445463,predicted,
sim_common_q16_v1::qft_indep_qiskit_5,0285fd21a0dd1ca29cd386de85a1a8af49cc7d71f5c86f6451b55a11c68864a8,3,classical_linear_regression_hybrid,classical_linear_regression,hybrid,1234,0.6442288310026925,0.6442288310026925,0.6397096210272011,predicted,
sim_common_q16_v1::qft_indep_qiskit_6,cbe1ca5505b485bd87b2e68f2b38ecae377e29f823c30e4c44d3f5f87d4266f7,1,classical_linear_regression_hybrid,classical_linear_regression,hybrid,1234,0.651070706997416,0.651070706997416,0.6691891913094583,predicted,
sim_common_q16_v1::qft_indep_qiskit_7,01de4bb89da48a3fc09c31d41d509c1446c6a4a3b329612c5baf0d39c56a922e,1,classical_linear_regression_hybrid,classical_linear_regression,hybrid,1234,0.6848869749992446,0.6848869749992446,0.7272837896103448,predicted,
sim_common_q16_v1::qft_indep_qiskit_8,e4664972befc3ffed396f3842bf910be22c2fbe7f293d3c295b971dfe094d398,3,classical_linear_regression_hybrid,classical_linear_regression,hybrid,1234,0.6876082300004782,0.6876082300004782,0.6824284132187071,predicted,
sim_common_q16_v1::qft_indep_qiskit_9,e0c3acec67c0fb535add575a46e01889b30ec7970005214fd2188b94ae3a55a5,0,classical_linear_regression_hybrid,classical_linear_regression,hybrid,1234,0.7909492459984904,0.7909492459984904,0.8291045509402937,predicted,
sim_common_q16_v1::qftentangled_indep_qiskit_2,02d66e8b66849fdd0f0581b84924adbd1bd2d7603e25e5e9faa447ac2a6708d0,2,classical_linear_regression_hybrid,classical_linear_regression,hybrid,1234,0.6421512939996319,0.6421512939996319,0.8045216571445197,predicted,
sim_common_q16_v1::qftentangled_indep_qiskit_3,5ab4253ed51b729f331c9f3cc78bfecd3ecb2fed2e98818816bf3f64e22f1bfe,2,classical_linear_regression_hybrid,classical_linear_regression,hybrid,1234,0.6430523449998873,0.6430523449998873,0.5613190233917625,predicted,
sim_common_q16_v1::qftentangled_indep_qiskit_4,d7a22ac29418bcf9f00346732fe1b985f8e0b9df60273404dabbf4a62027715f,0,classical_linear_regression_hybrid,classical_linear_regression,hybrid,1234,0.718577378000191,0.718577378000191,0.6097755643543267,predicted,
sim_common_q16_v1::qftentangled_indep_qiskit_5,4ee5846eef239e2b0e0d3f950f78b5b4b8af213f0063eb50be6bf50bdbb4385d,4,classical_linear_regression_hybrid,classical_linear_regression,hybrid,1234,0.711588597001537,0.711588597001537,0.7097265764959338,predicted,
sim_common_q16_v1::qftentangled_indep_qiskit_6,7c8832728feaaf34fac1fda49dfcbfbf655902b5b4eb3f1b11e43f21d15de5bf,2,classical_linear_regression_hybrid,classical_linear_regression,hybrid,1234,0.6466906070018013,0.6466906070018013,0.6105599326906257,predicted,
sim_common_q16_v1::qftentangled_indep_qiskit_7,f0e0170b510412a7e964e82f14793115a9e53a1b250283a74abd893a45b5f20e,3,classical_linear_regression_hybrid,classical_linear_regression,hybrid,1234,0.7955734110000776,0.7955734110000776,0.5825472495264955,predicted,
sim_common_q16_v1::qftentangled_indep_qiskit_8,8711737782301f568af1980707e62c989655488357aa858d6c63bb8e206ae4fc,4,classical_linear_regression_hybrid,classical_linear_regression,hybrid,1234,0.6800704039997072,0.6800704039997072,0.6666371063187223,predicted,
sim_common_q16_v1::qftentangled_indep_qiskit_9,fea8eb37e38bc24d3352d9446471b5cf8f6b8af6ae4c0f931d5942564936274c,3,classical_linear_regression_hybrid,classical_linear_regression,hybrid,1234,0.8116922409972176,0.8116922409972176,0.7854692178116044,predicted,
sim_common_q16_v1::qnn_indep_qiskit_2,3c0ed99f7e5a0409bdadc636b8b7a5dd911304ccbe2e87b32589b91dd44a6a5a,3,classical_linear_regression_hybrid,classical_linear_regression,hybrid,1234,0.6364995420008199,0.6364995420008199,0.8321290225552342,predicted,
sim_common_q16_v1::qnn_indep_qiskit_3,15e80264fdff1398ab38bbd9144f853a3a2317e95163fda15a1e9ec2657beecb,3,classical_linear_regression_hybrid,classical_linear_regression,hybrid,1234,0.7232230859990523,0.7232230859990523,0.6637433842304917,predicted,
sim_common_q16_v1::qnn_indep_qiskit_4,451bd8177acaca0301a8bb4d61cb192f26dce1f81d8ab04ca0aded562d525c58,1,classical_linear_regression_hybrid,classical_linear_regression,hybrid,1234,0.6316140970011475,0.6316140970011475,0.6832614830869268,predicted,
sim_common_q16_v1::qnn_indep_qiskit_5,d506e52d304853cd9e55834d3112505279aa22e89e70aa7c00dfc57caad3c72c,0,classical_linear_regression_hybrid,classical_linear_regression,hybrid,1234,0.6502378280019911,0.6502378280019911,0.7127299866039496,predicted,
sim_common_q16_v1::qnn_indep_qiskit_6,720a3cec5f9b39a53aa0d59f0ecc24f42f2948fbe56164a033262c628e2ba875,1,classical_linear_regression_hybrid,classical_linear_regression,hybrid,1234,0.6810264529995038,0.6810264529995038,0.6544686131095653,predicted,
sim_common_q16_v1::qnn_indep_qiskit_7,6cf91acdbcfc0321d1ffcee7c2197fec29f2b9dd83e7c3b56dbe8d583332ccdb,1,classical_linear_regression_hybrid,classical_linear_regression,hybrid,1234,0.7633359889987332,0.7633359889987332,0.8207922793740104,predicted,
sim_common_q16_v1::qnn_indep_qiskit_8,f76953672a13f3e92397fe3586ff6557882560261e995147a67b931d701c7fcf,4,classical_linear_regression_hybrid,classical_linear_regression,hybrid,1234,0.8227666269995098,0.8227666269995098,0.933571845940858,predicted,
sim_common_q16_v1::qnn_indep_qiskit_9,4df5b36e58378649053c461bf5ee1478fa114ac65c0c14551536b820ce8eafc7,1,classical_linear_regression_hybrid,classical_linear_regression,hybrid,1234,0.9238195639991318,0.9238195639991318,0.6174785086821057,predicted,
sim_common_q16_v1::qpeexact_indep_qiskit_2,0a43a3dbe4a4294a007fa7ec167a24ea300d3762489b98245c2f80ad29727075,0,classical_linear_regression_hybrid,classical_linear_regression,hybrid,1234,0.6283055000021704,0.6283055000021704,0.752301603345609,predicted,
sim_common_q16_v1::qpeexact_indep_qiskit_3,56289d5fdefe63c89244b0849f2e22753ce30832776d74b79de4603006db32f4,4,classical_linear_regression_hybrid,classical_linear_regression,hybrid,1234,0.7184256109976559,0.7184256109976559,0.3763918689708115,predicted,
sim_common_q16_v1::qpeexact_indep_qiskit_4,af7e7c49ba06f5c554580173d3dcd73bc9d5a9dd9c6e3d3cd8c94d494fa4b969,2,classical_linear_regression_hybrid,classical_linear_regression,hybrid,1234,0.6284069449975505,0.6284069449975505,0.5283804699976331,predicted,
sim_common_q16_v1::qpeexact_indep_qiskit_5,7478da09664f4489c33c18a6ea1974cc9dea86d1adda1f912c3eaeff27c2d5fa,0,classical_linear_regression_hybrid,classical_linear_regression,hybrid,1234,0.6475399470000411,0.6475399470000411,0.653461952592888,predicted,
sim_common_q16_v1::qpeexact_indep_qiskit_6,abe368f160ce73db792b3af14a6e120eda4838b15f01376daa204a680d07c5bc,2,classical_linear_regression_hybrid,classical_linear_regression,hybrid,1234,0.6475595259980764,0.6475595259980764,0.7176167816690021,predicted,
sim_common_q16_v1::qpeexact_indep_qiskit_7,d06936015124a75ae15e1f94eeb54cc51ab24596726b8110765a69ba66d0e80a,0,classical_linear_regression_hybrid,classical_linear_regression,hybrid,1234,0.6782379760006734,0.6782379760006734,0.7663984792241312,predicted,
sim_common_q16_v1::qpeexact_indep_qiskit_8,5d3cc38ff0e2b9054c927b6309c6a8dfaba491733eab08b06cc06f2d333da23d,4,classical_linear_regression_hybrid,classical_linear_regression,hybrid,1234,0.686445900999388,0.686445900999388,0.706470607523674,predicted,
sim_common_q16_v1::qpeexact_indep_qiskit_9,31f7b2533d8a3c05d59b44a9b2d93f44bc48da630d1884cf9df0012199e10a74,1,classical_linear_regression_hybrid,classical_linear_regression,hybrid,1234,0.7935242480016313,0.7935242480016313,0.9861495877436763,predicted,
sim_common_q16_v1::qpeinexact_indep_qiskit_2,acacd76111e7f23e4224342ca0ab5340b1bdaad3b6eba8893e4036ba14896362,1,classical_linear_regression_hybrid,classical_linear_regression,hybrid,1234,0.6258419089972449,0.6258419089972449,0.625015614569693,predicted,
sim_common_q16_v1::qpeinexact_indep_qiskit_3,afa0cd93480bae81feca2afdcb909ab13c2934f76b139c27872b18658e5c1f28,2,classical_linear_regression_hybrid,classical_linear_regression,hybrid,1234,0.6425586090008437,0.6425586090008437,0.5245966173322505,predicted,
sim_common_q16_v1::qpeinexact_indep_qiskit_4,1d76cd981622e5ca02125654d00534f3aec623bbb2b95b7ea894049f76916577,4,classical_linear_regression_hybrid,classical_linear_regression,hybrid,1234,0.6402722480015655,0.6402722480015655,0.3506937755129181,predicted,
sim_common_q16_v1::qpeinexact_indep_qiskit_5,f37f599f25c5024b4069e866a31563a6daf0b1495d17d25343f7b3cfac1169ee,1,classical_linear_regression_hybrid,classical_linear_regression,hybrid,1234,0.6406791050030733,0.6406791050030733,0.5783555357851318,predicted,
sim_common_q16_v1::qpeinexact_indep_qiskit_6,c658b0f6c564cc6b7d6d48105e5567caf0660181ca2dbad8b9bdbdd353962fd6,0,classical_linear_regression_hybrid,classical_linear_regression,hybrid,1234,0.6522649979997368,0.6522649979997368,0.7244631420008156,predicted,
sim_common_q16_v1::qpeinexact_indep_qiskit_7,093af0605e834bf0a4f2aef0b46600d12c6b1c913e791fb13e2513048a6b1c70,4,classical_linear_regression_hybrid,classical_linear_regression,hybrid,1234,0.7007861210004194,0.7007861210004194,0.7197015711581627,predicted,
sim_common_q16_v1::qpeinexact_indep_qiskit_8,82da8e687716ed31c95e72560edb07e7f6073a5be0f5ebffb17d22aff22c81fd,0,classical_linear_regression_hybrid,classical_linear_regression,hybrid,1234,0.6688155289994029,0.6688155289994029,0.7576248343164951,predicted,
sim_common_q16_v1::qpeinexact_indep_qiskit_9,81a66b1daaf97d148a8a075515daf8702349d257883a1dd88e26993c1622351f,3,classical_linear_regression_hybrid,classical_linear_regression,hybrid,1234,0.8898592920013471,0.8898592920013471,0.9344660520227508,predicted,
sim_common_q16_v1::qwalk-noancilla_indep_qiskit_3,9110b8773ad1c544b5ec91feaaa99c96975f7577fe6966b0f0df52dab84bef92,4,classical_linear_regression_hybrid,classical_linear_regression,hybrid,1234,0.6806762745000015,0.6374438919992826,0.5899838151772528,predicted,
sim_common_q16_v1::qwalk-v-chain_indep_qiskit_3,9110b8773ad1c544b5ec91feaaa99c96975f7577fe6966b0f0df52dab84bef92,4,classical_linear_regression_hybrid,classical_linear_regression,hybrid,1234,0.6806762745000015,0.7239086570007203,0.5899838151772528,predicted,
sim_common_q16_v1::qwalk-noancilla_indep_qiskit_4,2df018ddcd5f44fd33cd5d80af349db5f84e36d6a5f905ef4611e5e5cc0d03f4,4,classical_linear_regression_hybrid,classical_linear_regression,hybrid,1234,0.6810126529999252,0.6810126529999252,3.6728705507359343,predicted,
sim_common_q16_v1::qwalk-noancilla_indep_qiskit_5,7e02b8d5bbea94c5e0eabb2edd6a74e15949ae6b737fabb55e66a61d47181912,4,classical_linear_regression_hybrid,classical_linear_regression,hybrid,1234,0.7063868340010231,0.7063868340010231,0.5962143575932376,predicted,
sim_common_q16_v1::qwalk-noancilla_indep_qiskit_6,97bdbd3569346cfa4a289ced5de0f3280a495266d423a3af48650bf01484b9be,0,classical_linear_regression_hybrid,classical_linear_regression,hybrid,1234,1.015744493000966,1.015744493000966,1.4118119010022172,predicted,
sim_common_q16_v1::qwalk-noancilla_indep_qiskit_7,73abe6179f1e84e36777e1d953028143ee3ff00662ddb793d55022d9344b4940,2,classical_linear_regression_hybrid,classical_linear_regression,hybrid,1234,2.998404195997864,2.998404195997864,2.63858209870876,predicted,
sim_common_q16_v1::qwalk-noancilla_indep_qiskit_8,b23a0318d268fcffc78b4f6ce920c98f33487ec34a71cf7b6225b9b6eb93f1bb,4,classical_linear_regression_hybrid,classical_linear_regression,hybrid,1234,3.649332992998097,3.649332992998097,133.69376526259228,predicted,
sim_common_q16_v1::qwalk-noancilla_indep_qiskit_9,e8037a4f622df36c65c0e756e11a6c6e3b8b40fbabaffb6cd59ff1cc79f49063,0,classical_linear_regression_hybrid,classical_linear_regression,hybrid,1234,18.4117178100023,18.4117178100023,4.850281933789531,predicted,
sim_common_q16_v1::qwalk-v-chain_indep_qiskit_5,72fb5f837aaa2bec862c3a477efd166f351b72903612c32d444704a431457f4d,0,classical_linear_regression_hybrid,classical_linear_regression,hybrid,1234,0.6463327589990513,0.6463327589990513,0.7352095354686032,predicted,
sim_common_q16_v1::qwalk-v-chain_indep_qiskit_7,3d8107599f669ba102c734a8796433a6a348197dd98a74c63f172d7790b5c9a2,2,classical_linear_regression_hybrid,classical_linear_regression,hybrid,1234,0.984092689002864,0.984092689002864,1.2197191121640487,predicted,
sim_common_q16_v1::qwalk-v-chain_indep_qiskit_9,8650fb4f2d0816cd59c97df1ed4051936ecb3b5c31d39ba97cdc5cd2af374a8a,4,classical_linear_regression_hybrid,classical_linear_regression,hybrid,1234,1.861087077002594,1.861087077002594,2.2616462319182293,predicted,
sim_common_q16_v1::random_indep_qiskit_2,433844fca892218b1218ca028aafb0eddf1929d5ca52fdea53b3cb324e4055bd,1,classical_linear_regression_hybrid,classical_linear_regression,hybrid,1234,0.6350642280012835,0.6350642280012835,0.5424104397504019,predicted,
sim_common_q16_v1::random_indep_qiskit_3,d7ecd343052e510bdf5fa0f67f2fdbc3ee5ddccd19f39548c2853114a94dece2,4,classical_linear_regression_hybrid,classical_linear_regression,hybrid,1234,0.6280151889986882,0.6280151889986882,0.7888352957901119,predicted,
sim_common_q16_v1::random_indep_qiskit_4,212e0f8a693a745c9fc792b876e7be6ddb0ba051c1b0f558e0819e1437a8a2fb,2,classical_linear_regression_hybrid,classical_linear_regression,hybrid,1234,0.7269409180007642,0.7269409180007642,0.7380107379192646,predicted,
sim_common_q16_v1::random_indep_qiskit_5,8f11cd416ae9672f06a39e5ee3a27a70bcbf31d7177cb47270c0cd8512c95381,1,classical_linear_regression_hybrid,classical_linear_regression,hybrid,1234,0.7345396679993428,0.7345396679993428,0.6376903372796925,predicted,
sim_common_q16_v1::random_indep_qiskit_6,4d5b55eb4b8a0aea0af4bde721618cbe79ed66e0636398ffddc79ace483672a6,3,classical_linear_regression_hybrid,classical_linear_regression,hybrid,1234,0.6658408169969334,0.6658408169969334,0.39431239146687713,predicted,
sim_common_q16_v1::random_indep_qiskit_7,8ffee9c3a3af1aeaa766f38df57fcb62de5efa16d7f328d60a8977cb0da39e22,0,classical_linear_regression_hybrid,classical_linear_regression,hybrid,1234,0.7144554340011382,0.7144554340011382,0.6298494541406199,predicted,
sim_common_q16_v1::random_indep_qiskit_8,fa595f88d0ab98542a799af4492f53b2a5e2e88ebc442a9b508abac209d0afcc,3,classical_linear_regression_hybrid,classical_linear_regression,hybrid,1234,0.6867609079999966,0.6867609079999966,0.8932299044649572,predicted,
sim_common_q16_v1::random_indep_qiskit_9,93eff191c23e0c3d13a127f38595909e7092290f5119c9be24a1ccc61fff5767,1,classical_linear_regression_hybrid,classical_linear_regression,hybrid,1234,0.9196448500006228,0.9196448500006228,0.542177665045469,predicted,
sim_common_q16_v1::realamprandom_indep_qiskit_2,806f1844d225682cd7d5d0b276b5567caa23697f73064d8a20347024bb03fe40,1,classical_linear_regression_hybrid,classical_linear_regression,hybrid,1234,0.6811683435007581,0.7270244620012818,0.5926415863228367,predicted,
sim_common_q16_v1::twolocalrandom_indep_qiskit_2,806f1844d225682cd7d5d0b276b5567caa23697f73064d8a20347024bb03fe40,1,classical_linear_regression_hybrid,classical_linear_regression,hybrid,1234,0.6811683435007581,0.6353122250002343,0.5926415863228367,predicted,
sim_common_q16_v1::realamprandom_indep_qiskit_3,79b8fdfbfe6897a226612f9b9e27a4533aac4b48258335fb7746c5f10989cedc,3,classical_linear_regression_hybrid,classical_linear_regression,hybrid,1234,0.6289825359999668,0.6333517960010795,0.515646088208854,predicted,
sim_common_q16_v1::twolocalrandom_indep_qiskit_3,79b8fdfbfe6897a226612f9b9e27a4533aac4b48258335fb7746c5f10989cedc,3,classical_linear_regression_hybrid,classical_linear_regression,hybrid,1234,0.6289825359999668,0.6246132759988541,0.515646088208854,predicted,
sim_common_q16_v1::realamprandom_indep_qiskit_4,187d76ac82884dc3202418b0e06077eec26afed0c625b228d76b4416e6bfa480,3,classical_linear_regression_hybrid,classical_linear_regression,hybrid,1234,0.690793351001048,0.6371145330012951,0.6045013571295168,predicted,
sim_common_q16_v1::twolocalrandom_indep_qiskit_4,187d76ac82884dc3202418b0e06077eec26afed0c625b228d76b4416e6bfa480,3,classical_linear_regression_hybrid,classical_linear_regression,hybrid,1234,0.690793351001048,0.7444721690008009,0.6045013571295168,predicted,
sim_common_q16_v1::realamprandom_indep_qiskit_5,8d3b3ff10a3a80d0dda4e7043cce2b222aaf9e3cc19caa194b8e87da40266ac5,3,classical_linear_regression_hybrid,classical_linear_regression,hybrid,1234,0.6970405395004491,0.6386868430017785,0.6518277362180189,predicted,
sim_common_q16_v1::twolocalrandom_indep_qiskit_5,8d3b3ff10a3a80d0dda4e7043cce2b222aaf9e3cc19caa194b8e87da40266ac5,3,classical_linear_regression_hybrid,classical_linear_regression,hybrid,1234,0.6970405395004491,0.7553942359991197,0.6518277362180189,predicted,
sim_common_q16_v1::realamprandom_indep_qiskit_6,c9931425f0767057491a7e6ab8f1ed937fde917a862097440f57606892bddde9,0,classical_linear_regression_hybrid,classical_linear_regression,hybrid,1234,0.7250354759999027,0.669643510998867,0.732709245671707,predicted,
sim_common_q16_v1::twolocalrandom_indep_qiskit_6,c9931425f0767057491a7e6ab8f1ed937fde917a862097440f57606892bddde9,0,classical_linear_regression_hybrid,classical_linear_regression,hybrid,1234,0.7250354759999027,0.7804274410009384,0.732709245671707,predicted,
sim_common_q16_v1::realamprandom_indep_qiskit_7,af19d23c83544c8b7f6be5c42e0254336c9902c1ef454c06b9d45c4582d2fd3d,2,classical_linear_regression_hybrid,classical_linear_regression,hybrid,1234,0.7604988409984799,0.7463375029983581,0.7703398623009302,predicted,
sim_common_q16_v1::twolocalrandom_indep_qiskit_7,af19d23c83544c8b7f6be5c42e0254336c9902c1ef454c06b9d45c4582d2fd3d,2,classical_linear_regression_hybrid,classical_linear_regression,hybrid,1234,0.7604988409984799,0.7746601789986016,0.7703398623009302,predicted,
sim_common_q16_v1::realamprandom_indep_qiskit_8,8ea085ea0c0185c560746ab5988221e203c457e2afbb475976fb99f718e2dad1,4,classical_linear_regression_hybrid,classical_linear_regression,hybrid,1234,0.7514831415010121,0.7581430490026833,0.7658252795899567,predicted,
sim_common_q16_v1::twolocalrandom_indep_qiskit_8,8ea085ea0c0185c560746ab5988221e203c457e2afbb475976fb99f718e2dad1,4,classical_linear_regression_hybrid,classical_linear_regression,hybrid,1234,0.7514831415010121,0.744823233999341,0.7658252795899567,predicted,
sim_common_q16_v1::realamprandom_indep_qiskit_9,bdd8a427e9747bbc01ad8e77a22d61f0314fe8db0de17786839f2193ab0928bd,0,classical_linear_regression_hybrid,classical_linear_regression,hybrid,1234,1.027857403500093,1.0256131179994554,1.3205961287011108,predicted,
sim_common_q16_v1::twolocalrandom_indep_qiskit_9,bdd8a427e9747bbc01ad8e77a22d61f0314fe8db0de17786839f2193ab0928bd,0,classical_linear_regression_hybrid,classical_linear_regression,hybrid,1234,1.027857403500093,1.0301016890007304,1.3205961287011108,predicted,
sim_common_q16_v1::su2random_indep_qiskit_2,66c9180a271ec04f728ab259ed86a24fe52676e6f40a7614b02f79fd13536c91,0,classical_linear_regression_hybrid,classical_linear_regression,hybrid,1234,0.73017823400005,0.73017823400005,0.540003019275596,predicted,
sim_common_q16_v1::su2random_indep_qiskit_3,c69c35c09a4dcfe7dd09af0b73be8e5f608531bf0baadd794f6861bcf237e40c,3,classical_linear_regression_hybrid,classical_linear_regression,hybrid,1234,0.7221970069986128,0.7221970069986128,0.619311906273303,predicted,
sim_common_q16_v1::su2random_indep_qiskit_4,7fabc879bc998db5c05d7cc5b83db2d1704d7587139b714da9cf82639f4f093e,4,classical_linear_regression_hybrid,classical_linear_regression,hybrid,1234,0.6280798560001131,0.6280798560001131,0.7112158119715979,predicted,
sim_common_q16_v1::su2random_indep_qiskit_5,c1572e3b6e41c965a5943c21ceacdbad56fc868b4ee02ff4ef8af2d2054a0602,2,classical_linear_regression_hybrid,classical_linear_regression,hybrid,1234,0.7392793660001189,0.7392793660001189,0.729799709749595,predicted,
sim_common_q16_v1::su2random_indep_qiskit_6,2f497b92b87e3e9f44c1ae23dfbffc7309c1550756e6829eb694d42dd4f2ed03,4,classical_linear_regression_hybrid,classical_linear_regression,hybrid,1234,0.7643177909994847,0.7643177909994847,0.7601329314269032,predicted,
sim_common_q16_v1::su2random_indep_qiskit_7,4f2368cad1a087f01b7598f13a9afa3b7cea2d6f9e96f79eb390f62213c97af7,2,classical_linear_regression_hybrid,classical_linear_regression,hybrid,1234,0.7721899220014166,0.7721899220014166,0.7720297292063808,predicted,
sim_common_q16_v1::su2random_indep_qiskit_8,3157278e31c54e80e45de35bfb793aac89eb413e21aabe08b2e0e140de8c0d39,3,classical_linear_regression_hybrid,classical_linear_regression,hybrid,1234,0.738525782002398,0.738525782002398,0.8893019790498249,predicted,
sim_common_q16_v1::su2random_indep_qiskit_9,c6ee0cb7c958cecf010796ce2ad0bb148b9fd660dd52393972c541d9ae422eca,4,classical_linear_regression_hybrid,classical_linear_regression,hybrid,1234,1.0278606899992155,1.0278606899992155,0.9881077096138011,predicted,
sim_common_q16_v1::vqe_indep_qiskit_3,92c02520f591e3d46218c6839b62acb2a1d5fbcc2ceba197b9265653f1737b24,4,classical_linear_regression_hybrid,classical_linear_regression,hybrid,1234,0.6360782570009178,0.6360782570009178,0.6111366719600289,predicted,
sim_common_q16_v1::vqe_indep_qiskit_4,23a9403cafedb94bbd2f39d4d9106aca7f890047719b80231d86ac9fb8382383,0,classical_linear_regression_hybrid,classical_linear_regression,hybrid,1234,0.633112699000776,0.633112699000776,0.4925800921639054,predicted,
sim_common_q16_v1::vqe_indep_qiskit_5,8c7594c05053bb7af0015bd637170a669e9d39c1da6edce6a769992b6ef5c9cb,0,classical_linear_regression_hybrid,classical_linear_regression,hybrid,1234,0.7155582859995775,0.7155582859995775,0.4639206691701031,predicted,
sim_common_q16_v1::vqe_indep_qiskit_6,58501be4f197f4efd57535977a245f6adb39216116363b46836664cd6ca29e10,2,classical_linear_regression_hybrid,classical_linear_regression,hybrid,1234,0.6403484270012996,0.6403484270012996,0.5489825106844795,predicted,
sim_common_q16_v1::vqe_indep_qiskit_7,63b92ee6c5b54da107e9016de97e2cb7768bfb970ebc025650706533e47d3caf,2,classical_linear_regression_hybrid,classical_linear_regression,hybrid,1234,0.739464948001114,0.739464948001114,0.5886484784706993,predicted,
sim_common_q16_v1::vqe_indep_qiskit_8,6e066adb38de82d96650b3f806e398374e88912fd4688ab9c98f3c94dcd33e16,4,classical_linear_regression_hybrid,classical_linear_regression,hybrid,1234,0.6498198089975631,0.6498198089975631,0.7955296487094399,predicted,
sim_common_q16_v1::vqe_indep_qiskit_9,bbafe35368c1a915635c383f6aaa4ec709a7c6e055550875d4de11ca0983dbb5,4,classical_linear_regression_hybrid,classical_linear_regression,hybrid,1234,0.6784349429981376,0.6784349429981376,0.9168377661838794,predicted,
sim_common_q16_v1::wstate_indep_qiskit_2,75b1db396e34d1f1b234ea8dcdc253203a770cecce7f48bb8a126860723c43df,1,classical_linear_regression_hybrid,classical_linear_regression,hybrid,1234,0.6422257209997042,0.6422257209997042,0.778450675626694,predicted,
sim_common_q16_v1::wstate_indep_qiskit_3,50a5fc62010017f60b77f8c81e9ddf9bd95419be272d2ec5ed1445aae0c7ac92,3,classical_linear_regression_hybrid,classical_linear_regression,hybrid,1234,0.6512624009992578,0.6512624009992578,0.6913680638911756,predicted,
sim_common_q16_v1::wstate_indep_qiskit_4,387f2f6f12a10e034ae5b68c11336a9874e87f20871579eec585bfd7311f38c8,4,classical_linear_regression_hybrid,classical_linear_regression,hybrid,1234,0.629814787000214,0.629814787000214,0.45349867467761235,predicted,
sim_common_q16_v1::wstate_indep_qiskit_5,dc97062e3adcbcaf813cae5e970c8a0357a239b8d4a09e77a4e3e4625532d209,1,classical_linear_regression_hybrid,classical_linear_regression,hybrid,1234,0.6107438010003534,0.6107438010003534,0.6892476922972552,predicted,
sim_common_q16_v1::wstate_indep_qiskit_6,dbfb4dd8bf80cda30461759a3169ec60ac535a27409cf938f691179c6a121ebd,0,classical_linear_regression_hybrid,classical_linear_regression,hybrid,1234,0.7103313010011334,0.7103313010011334,0.5926884975490396,predicted,
sim_common_q16_v1::wstate_indep_qiskit_7,1dab21c93a580f711efff03a0f4a1d82985cf201219e886ab246e03a9011735c,1,classical_linear_regression_hybrid,classical_linear_regression,hybrid,1234,0.6361640809991513,0.6361640809991513,0.6893384843925594,predicted,
sim_common_q16_v1::wstate_indep_qiskit_8,e2fba21685e6e7d22d625d8babcc9c51a8911815153e52fc89277e0efe117045,3,classical_linear_regression_hybrid,classical_linear_regression,hybrid,1234,0.7347158170014154,0.7347158170014154,0.7709189200129872,predicted,
sim_common_q16_v1::wstate_indep_qiskit_9,84c07c56eef046e3c72823b20fb674075b1ab68a85dc6a06baf7f35983e2bd17,2,classical_linear_regression_hybrid,classical_linear_regression,hybrid,1234,0.6752045199973509,0.6752045199973509,0.8199539044992861,predicted,
sim_common_q16_v1::ae_indep_qiskit_2,de56c0798eca25bd1510d4d10f11e996f0bad2a11ce94a265da0635c161cbcae,0,classical_linear_regression_transpiled,classical_linear_regression,transpiled,1234,0.6445786120020784,0.6445786120020784,0.6451677619066493,predicted,
sim_common_q16_v1::ae_indep_qiskit_3,6b2f9fea850557b40ca9b69341ec300b1c4fe1f4bf53e94436af2ba1586bac62,0,classical_linear_regression_transpiled,classical_linear_regression,transpiled,1234,0.6324521900023683,0.6324521900023683,0.5263362377470339,predicted,
sim_common_q16_v1::ae_indep_qiskit_4,9b4261e2d98678946a9aefea16ba9b8abcae8409f8589f8fb3daa941694f88c6,0,classical_linear_regression_transpiled,classical_linear_regression,transpiled,1234,0.6257052269975247,0.6257052269975247,0.6373665018016226,predicted,
sim_common_q16_v1::ae_indep_qiskit_5,8e4821df72704634cb81ea4d738477a8d596a49cba641e6198fdc9970e1d5d2f,1,classical_linear_regression_transpiled,classical_linear_regression,transpiled,1234,0.6429755230019509,0.6429755230019509,0.6675426569605306,predicted,
sim_common_q16_v1::ae_indep_qiskit_6,585424315575b559a664523f6ce6236189739069b3872eea4ccdb995a29f8701,2,classical_linear_regression_transpiled,classical_linear_regression,transpiled,1234,0.6249196000026132,0.6249196000026132,0.7420114993072453,predicted,
sim_common_q16_v1::ae_indep_qiskit_7,a70c5b796698f145c5992d324b3a0b5e28eb7301e6f306652a316a55c68f1ae8,4,classical_linear_regression_transpiled,classical_linear_regression,transpiled,1234,0.6728184880012122,0.6728184880012122,0.8656493947841055,predicted,
sim_common_q16_v1::ae_indep_qiskit_8,78d3420407751ab52a65abe926510d585ebd3a5d1934ac31c13b28eca5c5ee8a,4,classical_linear_regression_transpiled,classical_linear_regression,transpiled,1234,0.7626127499970607,0.7626127499970607,1.0064950051448862,predicted,
sim_common_q16_v1::ae_indep_qiskit_9,78ecec267502f433ab148452979221600becf679520b50ad454009e0ca097af5,3,classical_linear_regression_transpiled,classical_linear_regression,transpiled,1234,0.7365946390018507,0.7365946390018507,1.1222742883136663,predicted,
sim_common_q16_v1::dj_indep_qiskit_2,242786b0f7d73c715a317cbdc0725596836f08d98ecd6eb06b3b4ac4f3f563fb,4,classical_linear_regression_transpiled,classical_linear_regression,transpiled,1234,0.6235974270020961,0.6235974270020961,0.28387794437848324,predicted,
sim_common_q16_v1::dj_indep_qiskit_3,bc8cb33a3a242fb3ab35191a36313674faaca8fe1839cfa05d79788052424d1d,1,classical_linear_regression_transpiled,classical_linear_regression,transpiled,1234,0.6417426940024598,0.6417426940024598,0.5094902871137323,predicted,
sim_common_q16_v1::dj_indep_qiskit_4,3e4560adf43b5c5102bf22f235abcb9dd2ed5e34930cdb929a128226f96e4ea5,1,classical_linear_regression_transpiled,classical_linear_regression,transpiled,1234,0.6125353499992343,0.6125353499992343,0.7157037100812487,predicted,
sim_common_q16_v1::dj_indep_qiskit_5,f12c9439f3dfce19e2f161aed74fdafb33146528cdb8524425608579de8b6741,0,classical_linear_regression_transpiled,classical_linear_regression,transpiled,1234,0.6494606499982183,0.6494606499982183,0.7716925228354591,predicted,
sim_common_q16_v1::dj_indep_qiskit_6,b5736e26e119a619b687dcc0cf8065475e3805bc0c6180b480e0e36badc289db,2,classical_linear_regression_transpiled,classical_linear_regression,transpiled,1234,0.7272395580002922,0.7272395580002922,1.0851126576397871,predicted,
sim_common_q16_v1::dj_indep_qiskit_7,9fc54c185186ff8c504ebdac4e3fa109beb4cf46f86196a3376b3153a7f72962,3,classical_linear_regression_transpiled,classical_linear_regression,transpiled,1234,0.6525007039999764,0.6525007039999764,1.2547018479655976,predicted,
sim_common_q16_v1::dj_indep_qiskit_9,db0e077b1674f90860a270d014aa8226822880dbf36c819dad0bea17881b7eb5,3,classical_linear_regression_transpiled,classical_linear_regression,transpiled,1234,0.6677595889996155,0.6677595889996155,1.4785879058951354,predicted,
sim_common_q16_v1::ghz_indep_qiskit_2,fcd9497c7764bb185a96cc8b6d1c7878851e9b87e64de7ebf47aa1d16eb3ee0a,4,classical_linear_regression_transpiled,classical_linear_regression,transpiled,1234,0.6328717180003878,0.6328717180003878,0.43171636565817373,predicted,
sim_common_q16_v1::ghz_indep_qiskit_3,7344fd4d264c475e52edca02e3426225c78af7ed0bdaae137741a04685725a5d,2,classical_linear_regression_transpiled,classical_linear_regression,transpiled,1234,0.6362690579990158,0.6362690579990158,0.6295653303852076,predicted,
sim_common_q16_v1::ghz_indep_qiskit_4,01bfdd8291d6badf1219dd3bf6d7e12559976b8ccb3e67d2548e729dc0c0dc82,2,classical_linear_regression_transpiled,classical_linear_regression,transpiled,1234,0.6424375300011889,0.6424375300011889,0.7289842768507847,predicted,
sim_common_q16_v1::ghz_indep_qiskit_5,de4639e0b84f220ce7281521fbce5104129cc70befb85198bf93def8d4ba7a65,4,classical_linear_regression_transpiled,classical_linear_regression,transpiled,1234,0.6349322169990046,0.6349322169990046,0.8248506933132975,predicted,
sim_common_q16_v1::ghz_indep_qiskit_6,c67a77f55c658ad1270fd52c8cbc66319b72ceaa5ca5d4015d775b44e8edd85a,2,classical_linear_regression_transpiled,classical_linear_regression,transpiled,1234,0.6285922220013163,0.6285922220013163,0.9625708038554835,predicted,
sim_common_q16_v1::ghz_indep_qiskit_7,4b24f68f78c4499a295ab28caa04282d174b7ab2a6b0f5333d3bfe630df72f71,0,classical_linear_regression_transpiled,classical_linear_regression,transpiled,1234,0.6354831150019891,0.6354831150019891,1.1617129607131107,predicted,
sim_common_q16_v1::ghz_indep_qiskit_8,2e57556a1b12802c7368ef21e0eb8e5c9863f768a48a9a4d0771725e60b8a616,3,classical_linear_regression_transpiled,classical_linear_regression,transpiled,1234,0.644572266999603,0.644572266999603,1.3422202994835446,predicted,
sim_common_q16_v1::ghz_indep_qiskit_9,b5f6ad96b1eb0fc9087c079e22e8a91398b460e24d616ed0d8829247aee24f18,0,classical_linear_regression_transpiled,classical_linear_regression,transpiled,1234,0.7290791659979732,0.7290791659979732,1.5063402010685731,predicted,
sim_common_q16_v1::graphstate_indep_qiskit_3,51e3c5bc60da502bf92a6ed65a7c728a8b957b427652ac8fdaa002b9afc50d40,4,classical_linear_regression_transpiled,classical_linear_regression,transpiled,1234,0.645907268000883,0.645907268000883,0.5095081371611879,predicted,
sim_common_q16_v1::graphstate_indep_qiskit_4,13721ab5a328b17bf3f8c3692cda844a7e538a8c92530d0c1236f43d3ad5a884,3,classical_linear_regression_transpiled,classical_linear_regression,transpiled,1234,0.6307967300017481,0.6307967300017481,0.4609814588714223,predicted,
sim_common_q16_v1::graphstate_indep_qiskit_5,cfadb6828c07bfc2fac00ca0c9c03935e927b88961597b69936fc199a094b9ea,0,classical_linear_regression_transpiled,classical_linear_regression,transpiled,1234,0.6335009460017318,0.6335009460017318,0.5807087956763344,predicted,
sim_common_q16_v1::graphstate_indep_qiskit_6,7b944ad7e38d98fae66177b6c014ae2878d62bcd1765103c19941653817e7996,1,classical_linear_regression_transpiled,classical_linear_regression,transpiled,1234,4.12037888100167,4.12037888100167,1.2746106430627833,predicted,
sim_common_q16_v1::graphstate_indep_qiskit_7,551dfe6ad672d4157a761610fc4c1061ea844868f2106407374764552251d63a,1,classical_linear_regression_transpiled,classical_linear_regression,transpiled,1234,0.6352743349998491,0.6352743349998491,0.6840271397195764,predicted,
sim_common_q16_v1::graphstate_indep_qiskit_8,b6afb1122e1baece13144a1d0da78738759129107f453e9579e99e8789e057fe,3,classical_linear_regression_transpiled,classical_linear_regression,transpiled,1234,0.7141289200008032,0.7141289200008032,0.7759565243918173,predicted,
sim_common_q16_v1::graphstate_indep_qiskit_9,040a287609a78a55ab6148ad1a3cc6aa2fcee8b0871b077a9c1a37bee49f69fe,0,classical_linear_regression_transpiled,classical_linear_regression,transpiled,1234,3.4133249820006317,3.4133249820006317,1.4798401587114813,predicted,
sim_common_q16_v1::grover-noancilla_indep_qiskit_2,55746e6a2fd8d9c4b8c813443f2db46b072f75db1632dd252298c735fbc72bf0,1,classical_linear_regression_transpiled,classical_linear_regression,transpiled,1234,0.6316192150006827,0.6274016160023166,1.4222099839265303,predicted,
sim_common_q16_v1::grover-v-chain_indep_qiskit_2,55746e6a2fd8d9c4b8c813443f2db46b072f75db1632dd252298c735fbc72bf0,1,classical_linear_regression_transpiled,classical_linear_regression,transpiled,1234,0.6316192150006827,0.6358368139990489,1.4222099839265303,predicted,
sim_common_q16_v1::grover-noancilla_indep_qiskit_3,bc77f4afad8bbb19a6b320c11bc8f8110a330e395e5c509895e0b6c566cab5e9,4,classical_linear_regression_transpiled,classical_linear_regression,transpiled,1234,0.6336756905002403,0.6221831709990511,0.5377948150459644,predicted,
sim_common_q16_v1::grover-v-chain_indep_qiskit_3,bc77f4afad8bbb19a6b320c11bc8f8110a330e395e5c509895e0b6c566cab5e9,4,classical_linear_regression_transpiled,classical_linear_regression,transpiled,1234,0.6336756905002403,0.6451682100014295,0.5377948150459644,predicted,
sim_common_q16_v1::grover-noancilla_indep_qiskit_4,edc62038c489069da135981ccefd5c5a2f3cc0a991fa6da4defa393abdb0d2a4,4,classical_linear_regression_transpiled,classical_linear_regression,transpiled,1234,0.6425279779978155,0.6347441939979035,0.44427526725536465,predicted,
sim_common_q16_v1::grover-v-chain_indep_qiskit_4,edc62038c489069da135981ccefd5c5a2f3cc0a991fa6da4defa393abdb0d2a4,4,classical_linear_regression_transpiled,classical_linear_regression,transpiled,1234,0.6425279779978155,0.6503117619977274,0.44427526725536465,predicted,
sim_common_q16_v1::grover-noancilla_indep_qiskit_5,dd514cba6fbc94c48a3eb8f2ff2210ef74259e76e7f796394066418bfd93ee86,2,classical_linear_regression_transpiled,classical_linear_regression,transpiled,1234,0.6749066180018417,0.6749066180018417,0.7414142942388021,predicted,
sim_common_q16_v1::grover-noancilla_indep_qiskit_6,b6a15d3507225e442ed02c90df5179f09c529df7bf5ee38a8005cc265f4203a6,0,classical_linear_regression_transpiled,classical_linear_regression,transpiled,1234,0.8617562030012778,0.8617562030012778,1.025501966304846,predicted,
sim_common_q16_v1::grover-noancilla_indep_qiskit_7,35548785a9c99b0ad9409f18dfbfc3baed0e1dcbb1d95eae8c8510dcda120410,0,classical_linear_regression_transpiled,classical_linear_regression,transpiled,1234,2.755100520000269,2.755100520000269,1.6372331050984372,predicted,
sim_common_q16_v1::grover-noancilla_indep_qiskit_8,a3b7d67bad6cd47cb522addfaf763294b1ea99017f443c03052055a2f0074009,4,classical_linear_regression_transpiled,classical_linear_regression,transpiled,1234,3.8077989039993554,3.8077989039993554,4.272943374833809,predicted,
sim_common_q16_v1::grover-v-chain_indep_qiskit_5,5042c6dd513b1366c0a145850de9e534b0e38aabc818b994ab8c4b6cad7ad5c8,3,classical_linear_regression_transpiled,classical_linear_regression,transpiled,1234,0.6741303899980267,0.6741303899980267,0.7062608002657111,predicted,
sim_common_q16_v1::grover-v-chain_indep_qiskit_7,84056291d9ff227b3c615cc378349fa1154f5a122bcd0eb6bc04045bbf3affa0,4,classical_linear_regression_transpiled,classical_linear_regression,transpiled,1234,1.1920864250023442,1.1920864250023442,1.0895061268893291,predicted,
sim_common_q16_v1::grover-v-chain_indep_qiskit_9,3d37464cf8c53831d2867c0c111a83e03a820e90fa26f77d01a4a85f4f9d6875,1,classical_linear_regression_transpiled,classical_linear_regression,transpiled,1234,3.409926619999169,3.409926619999169,1.4194011118583012,predicted,
sim_common_q16_v1::portfolioqaoa_indep_qiskit_3,47e6743e95c380a13dc5947d9e9b3db26e541efabd4a27134ff26aa14c00ba7d,1,classical_linear_regression_transpiled,classical_linear_regression,transpiled,1234,0.6487017560029926,0.6487017560029926,0.6028047652453501,predicted,
sim_common_q16_v1::portfolioqaoa_indep_qiskit_4,568570a69663949a1aaac2fe16e74d3d065c7a8e6013e21368a9d8add886d6dc,2,classical_linear_regression_transpiled,classical_linear_regression,transpiled,1234,0.6451116749994981,0.6451116749994981,0.5202980533686034,predicted,
sim_common_q16_v1::portfolioqaoa_indep_qiskit_5,0f7836c0a3a429dd9b4f2b55a4fab5d6d112458814cb34efb22309ec614c801f,2,classical_linear_regression_transpiled,classical_linear_regression,transpiled,1234,0.6517559040003107,0.6517559040003107,0.5694838475429764,predicted,
sim_common_q16_v1::portfolioqaoa_indep_qiskit_6,4dd5e72918722dff3c88e277e20e3ecc1e06dfd0601343e784eeb454470800b7,4,classical_linear_regression_transpiled,classical_linear_regression,transpiled,1234,0.6879031880016555,0.6879031880016555,0.7018498287337266,predicted,
sim_common_q16_v1::portfolioqaoa_indep_qiskit_7,f8d88243c9d36e41e0eedeff4898e325d59ba4d8ceb4b81c7b48757ade1e94b4,0,classical_linear_regression_transpiled,classical_linear_regression,transpiled,1234,0.8747539370015147,0.8747539370015147,0.8166118374547101,predicted,
sim_common_q16_v1::portfolioqaoa_indep_qiskit_8,2372d3228c3e3e38e3351feb553380bce5a543c936f73a400de0e54ab470599a,1,classical_linear_regression_transpiled,classical_linear_regression,transpiled,1234,0.7452616640002816,0.7452616640002816,0.9769009488095709,predicted,
sim_common_q16_v1::portfolioqaoa_indep_qiskit_9,a53b2a3a1ba8397a96b487c44f825f3cab2e0c714b69298f2ab0a839975b173c,0,classical_linear_regression_transpiled,classical_linear_regression,transpiled,1234,1.0392779800022254,1.0392779800022254,1.1404890056760109,predicted,
sim_common_q16_v1::portfoliovqe_indep_qiskit_3,4b5542071ea595cd62184de26c4f1dac3f6afa86f6450f50a28dbe8e1f865257,0,classical_linear_regression_transpiled,classical_linear_regression,transpiled,1234,0.6282423720003862,0.6282423720003862,0.49346691994463976,predicted,
sim_common_q16_v1::portfoliovqe_indep_qiskit_4,36bb1354ff108648bc8c9c529a2002a53a68e4bfa9bf3529edce11e5d47f851f,0,classical_linear_regression_transpiled,classical_linear_regression,transpiled,1234,0.6387674009965849,0.6387674009965849,0.49529670729228426,predicted,
sim_common_q16_v1::portfoliovqe_indep_qiskit_5,28b9eac87132bbff64970708737a94c408cfa435ce16cd395a57ab6fbfe5a6f7,2,classical_linear_regression_transpiled,classical_linear_regression,transpiled,1234,0.7472729069995694,0.7472729069995694,0.610823037848854,predicted,
sim_common_q16_v1::portfoliovqe_indep_qiskit_6,7dafebd46e73b9b279f1ef96da32f7d563de3721b856b4570375ab81951e06fc,0,classical_linear_regression_transpiled,classical_linear_regression,transpiled,1234,0.672533150001982,0.672533150001982,0.7300068891904461,predicted,
sim_common_q16_v1::portfoliovqe_indep_qiskit_7,99e0865dc3fced630c02b5b2710b24fd9257ba31d54112cde08a769e974f53c4,3,classical_linear_regression_transpiled,classical_linear_regression,transpiled,1234,0.7434713800030295,0.7434713800030295,0.9448033119979183,predicted,
sim_common_q16_v1::portfoliovqe_indep_qiskit_8,eb43007109ad9707544629854cfc7259b0e6aa70c5a618cedacbb7d26dd746a0,0,classical_linear_regression_transpiled,classical_linear_regression,transpiled,1234,0.7341747549980937,0.7341747549980937,1.0676228384537536,predicted,
sim_common_q16_v1::portfoliovqe_indep_qiskit_9,615d076a941f3eec9d225a20b894c8d30a0c90d4834d03fa0ebd5d13e4b46ded,2,classical_linear_regression_transpiled,classical_linear_regression,transpiled,1234,1.0230367410003964,1.0230367410003964,1.5258813270406868,predicted,
sim_common_q16_v1::qaoa_indep_qiskit_3,45ca196e391297302c92dc6ea0fd119efa62b2ee88e3b85260561e5fbafa7400,3,classical_linear_regression_transpiled,classical_linear_regression,transpiled,1234,0.6362355410019518,0.6362355410019518,0.5121181658576208,predicted,
sim_common_q16_v1::qaoa_indep_qiskit_4,9649572da691c86252b1620cba73350902b9ba3cf4dbdb3fb2e3531588da98c4,1,classical_linear_regression_transpiled,classical_linear_regression,transpiled,1234,0.6444687240000349,0.6444687240000349,0.6215794563272897,predicted,
sim_common_q16_v1::qaoa_indep_qiskit_5,f2ce48d725be79c1ea5cbfeb36811261c4e74460588e911c3b2916a9303c1cf5,0,classical_linear_regression_transpiled,classical_linear_regression,transpiled,1234,0.6301084189981339,0.6301084189981339,0.5787166674670924,predicted,
sim_common_q16_v1::qaoa_indep_qiskit_6,6a475a20ac3d09839e2b43104ca187037db5ff813b811e0d7356adac93d25244,1,classical_linear_regression_transpiled,classical_linear_regression,transpiled,1234,0.6421520209987648,0.6421520209987648,0.7200378894023814,predicted,
sim_common_q16_v1::qaoa_indep_qiskit_7,8e1c1014680274215f87d97c833f99474ed19b3393b2b8eea20a36bde517708b,4,classical_linear_regression_transpiled,classical_linear_regression,transpiled,1234,0.6511161570015247,0.6511161570015247,0.5886588623215077,predicted,
sim_common_q16_v1::qaoa_indep_qiskit_8,0a43c652a1c92c83389d952438c22aa0d890a611333da29499d6ff1733925b21,0,classical_linear_regression_transpiled,classical_linear_regression,transpiled,1234,0.6687408600009803,0.6687408600009803,1.0986819548955002,predicted,
sim_common_q16_v1::qaoa_indep_qiskit_9,a4a7b8b8d556570de9ea2db286aaa4245fa50f4619f25f0f7414b16d503458d8,1,classical_linear_regression_transpiled,classical_linear_regression,transpiled,1234,17.55494177699802,17.55494177699802,1.1073155997861917,predicted,
sim_common_q16_v1::qft_indep_qiskit_2,aa91238ec5978b739b87b3a657746a8786de113397a5abeadf726d1dd9c836b3,2,classical_linear_regression_transpiled,classical_linear_regression,transpiled,1234,0.7182261369998741,0.7182261369998741,0.44982011172957287,predicted,
sim_common_q16_v1::qft_indep_qiskit_3,7f613ccae98ac8124d086ee9a39d94b1ed019520da8c3277395b109fd22d7d4d,4,classical_linear_regression_transpiled,classical_linear_regression,transpiled,1234,0.638093072000629,0.638093072000629,0.5569901438030518,predicted,
sim_common_q16_v1::qft_indep_qiskit_4,ea84355871fa77560419766f8000de4dcb0eea29468bcb0d89a1c84edff34f61,0,classical_linear_regression_transpiled,classical_linear_regression,transpiled,1234,0.6269083859988314,0.6269083859988314,0.5179216013919692,predicted,
sim_common_q16_v1::qft_indep_qiskit_5,0285fd21a0dd1ca29cd386de85a1a8af49cc7d71f5c86f6451b55a11c68864a8,3,classical_linear_regression_transpiled,classical_linear_regression,transpiled,1234,0.6442288310026925,0.6442288310026925,0.6894311739455612,predicted,
sim_common_q16_v1::qft_indep_qiskit_6,cbe1ca5505b485bd87b2e68f2b38ecae377e29f823c30e4c44d3f5f87d4266f7,1,classical_linear_regression_transpiled,classical_linear_regression,transpiled,1234,0.651070706997416,0.651070706997416,0.7009472512570114,predicted,
sim_common_q16_v1::qft_indep_qiskit_7,01de4bb89da48a3fc09c31d41d509c1446c6a4a3b329612c5baf0d39c56a922e,1,classical_linear_regression_transpiled,classical_linear_regression,transpiled,1234,0.6848869749992446,0.6848869749992446,0.7359362682327073,predicted,
sim_common_q16_v1::qft_indep_qiskit_8,e4664972befc3ffed396f3842bf910be22c2fbe7f293d3c295b971dfe094d398,3,classical_linear_regression_transpiled,classical_linear_regression,transpiled,1234,0.6876082300004782,0.6876082300004782,0.9444658290983466,predicted,
sim_common_q16_v1::qft_indep_qiskit_9,e0c3acec67c0fb535add575a46e01889b30ec7970005214fd2188b94ae3a55a5,0,classical_linear_regression_transpiled,classical_linear_regression,transpiled,1234,0.7909492459984904,0.7909492459984904,1.0519356987354218,predicted,
sim_common_q16_v1::qftentangled_indep_qiskit_2,02d66e8b66849fdd0f0581b84924adbd1bd2d7603e25e5e9faa447ac2a6708d0,2,classical_linear_regression_transpiled,classical_linear_regression,transpiled,1234,0.6421512939996319,0.6421512939996319,0.43339357287684416,predicted,
sim_common_q16_v1::qftentangled_indep_qiskit_3,5ab4253ed51b729f331c9f3cc78bfecd3ecb2fed2e98818816bf3f64e22f1bfe,2,classical_linear_regression_transpiled,classical_linear_regression,transpiled,1234,0.6430523449998873,0.6430523449998873,0.47992267145451983,predicted,
sim_common_q16_v1::qftentangled_indep_qiskit_4,d7a22ac29418bcf9f00346732fe1b985f8e0b9df60273404dabbf4a62027715f,0,classical_linear_regression_transpiled,classical_linear_regression,transpiled,1234,0.718577378000191,0.718577378000191,0.6137185583765377,predicted,
sim_common_q16_v1::qftentangled_indep_qiskit_5,4ee5846eef239e2b0e0d3f950f78b5b4b8af213f0063eb50be6bf50bdbb4385d,4,classical_linear_regression_transpiled,classical_linear_regression,transpiled,1234,0.711588597001537,0.711588597001537,0.6177869312624696,predicted,
sim_common_q16_v1::qftentangled_indep_qiskit_6,7c8832728feaaf34fac1fda49dfcbfbf655902b5b4eb3f1b11e43f21d15de5bf,2,classical_linear_regression_transpiled,classical_linear_regression,transpiled,1234,0.6466906070018013,0.6466906070018013,0.6767731078496715,predicted,
sim_common_q16_v1::qftentangled_indep_qiskit_7,f0e0170b510412a7e964e82f14793115a9e53a1b250283a74abd893a45b5f20e,3,classical_linear_regression_transpiled,classical_linear_regression,transpiled,1234,0.7955734110000776,0.7955734110000776,0.771143095306831,predicted,
sim_common_q16_v1::qftentangled_indep_qiskit_8,8711737782301f568af1980707e62c989655488357aa858d6c63bb8e206ae4fc,4,classical_linear_regression_transpiled,classical_linear_regression,transpiled,1234,0.6800704039997072,0.6800704039997072,0.926956518358538,predicted,
sim_common_q16_v1::qftentangled_indep_qiskit_9,fea8eb37e38bc24d3352d9446471b5cf8f6b8af6ae4c0f931d5942564936274c,3,classical_linear_regression_transpiled,classical_linear_regression,transpiled,1234,0.8116922409972176,0.8116922409972176,1.089830297949266,predicted,
sim_common_q16_v1::qnn_indep_qiskit_2,3c0ed99f7e5a0409bdadc636b8b7a5dd911304ccbe2e87b32589b91dd44a6a5a,3,classical_linear_regression_transpiled,classical_linear_regression,transpiled,1234,0.6364995420008199,0.6364995420008199,0.6098181651509174,predicted,
sim_common_q16_v1::qnn_indep_qiskit_3,15e80264fdff1398ab38bbd9144f853a3a2317e95163fda15a1e9ec2657beecb,3,classical_linear_regression_transpiled,classical_linear_regression,transpiled,1234,0.7232230859990523,0.7232230859990523,0.517016630301786,predicted,
sim_common_q16_v1::qnn_indep_qiskit_4,451bd8177acaca0301a8bb4d61cb192f26dce1f81d8ab04ca0aded562d525c58,1,classical_linear_regression_transpiled,classical_linear_regression,transpiled,1234,0.6316140970011475,0.6316140970011475,0.6437098496332461,predicted,
sim_common_q16_v1::qnn_indep_qiskit_5,d506e52d304853cd9e55834d3112505279aa22e89e70aa7c00dfc57caad3c72c,0,classical_linear_regression_transpiled,classical_linear_regression,transpiled,1234,0.6502378280019911,0.6502378280019911,0.6310658122190347,predicted,
sim_common_q16_v1::qnn_indep_qiskit_6,720a3cec5f9b39a53aa0d59f0ecc24f42f2948fbe56164a033262c628e2ba875,1,classical_linear_regression_transpiled,classical_linear_regression,transpiled,1234,0.6810264529995038,0.6810264529995038,0.7199866097062666,predicted,
sim_common_q16_v1::qnn_indep_qiskit_7,6cf91acdbcfc0321d1ffcee7c2197fec29f2b9dd83e7c3b56dbe8d583332ccdb,1,classical_linear_regression_transpiled,classical_linear_regression,transpiled,1234,0.7633359889987332,0.7633359889987332,0.9351708675288374,predicted,
sim_common_q16_v1::qnn_indep_qiskit_8,f76953672a13f3e92397fe3586ff6557882560261e995147a67b931d701c7fcf,4,classical_linear_regression_transpiled,classical_linear_regression,transpiled,1234,0.8227666269995098,0.8227666269995098,1.063065086524886,predicted,
sim_common_q16_v1::qnn_indep_qiskit_9,4df5b36e58378649053c461bf5ee1478fa114ac65c0c14551536b820ce8eafc7,1,classical_linear_regression_transpiled,classical_linear_regression,transpiled,1234,0.9238195639991318,0.9238195639991318,0.9897217454567266,predicted,
sim_common_q16_v1::qpeexact_indep_qiskit_2,0a43a3dbe4a4294a007fa7ec167a24ea300d3762489b98245c2f80ad29727075,0,classical_linear_regression_transpiled,classical_linear_regression,transpiled,1234,0.6283055000021704,0.6283055000021704,0.45781109684884136,predicted,
sim_common_q16_v1::qpeexact_indep_qiskit_3,56289d5fdefe63c89244b0849f2e22753ce30832776d74b79de4603006db32f4,4,classical_linear_regression_transpiled,classical_linear_regression,transpiled,1234,0.7184256109976559,0.7184256109976559,0.3717563635447415,predicted,
sim_common_q16_v1::qpeexact_indep_qiskit_4,af7e7c49ba06f5c554580173d3dcd73bc9d5a9dd9c6e3d3cd8c94d494fa4b969,2,classical_linear_regression_transpiled,classical_linear_regression,transpiled,1234,0.6284069449975505,0.6284069449975505,0.5940613548256015,predicted,
sim_common_q16_v1::qpeexact_indep_qiskit_5,7478da09664f4489c33c18a6ea1974cc9dea86d1adda1f912c3eaeff27c2d5fa,0,classical_linear_regression_transpiled,classical_linear_regression,transpiled,1234,0.6475399470000411,0.6475399470000411,0.6401404491128853,predicted,
sim_common_q16_v1::qpeexact_indep_qiskit_6,abe368f160ce73db792b3af14a6e120eda4838b15f01376daa204a680d07c5bc,2,classical_linear_regression_transpiled,classical_linear_regression,transpiled,1234,0.6475595259980764,0.6475595259980764,0.7820359543897983,predicted,
sim_common_q16_v1::qpeexact_indep_qiskit_7,d06936015124a75ae15e1f94eeb54cc51ab24596726b8110765a69ba66d0e80a,0,classical_linear_regression_transpiled,classical_linear_regression,transpiled,1234,0.6782379760006734,0.6782379760006734,0.8532075489208584,predicted,
sim_common_q16_v1::qpeexact_indep_qiskit_8,5d3cc38ff0e2b9054c927b6309c6a8dfaba491733eab08b06cc06f2d333da23d,4,classical_linear_regression_transpiled,classical_linear_regression,transpiled,1234,0.686445900999388,0.686445900999388,0.9535233706396078,predicted,
sim_common_q16_v1::qpeexact_indep_qiskit_9,31f7b2533d8a3c05d59b44a9b2d93f44bc48da630d1884cf9df0012199e10a74,1,classical_linear_regression_transpiled,classical_linear_regression,transpiled,1234,0.7935242480016313,0.7935242480016313,0.9366494146337975,predicted,
sim_common_q16_v1::qpeinexact_indep_qiskit_2,acacd76111e7f23e4224342ca0ab5340b1bdaad3b6eba8893e4036ba14896362,1,classical_linear_regression_transpiled,classical_linear_regression,transpiled,1234,0.6258419089972449,0.6258419089972449,0.6336988520681661,predicted,
sim_common_q16_v1::qpeinexact_indep_qiskit_3,afa0cd93480bae81feca2afdcb909ab13c2934f76b139c27872b18658e5c1f28,2,classical_linear_regression_transpiled,classical_linear_regression,transpiled,1234,0.6425586090008437,0.6425586090008437,0.4390016886152226,predicted,
sim_common_q16_v1::qpeinexact_indep_qiskit_4,1d76cd981622e5ca02125654d00534f3aec623bbb2b95b7ea894049f76916577,4,classical_linear_regression_transpiled,classical_linear_regression,transpiled,1234,0.6402722480015655,0.6402722480015655,0.4859982300103557,predicted,
sim_common_q16_v1::qpeinexact_indep_qiskit_5,f37f599f25c5024b4069e866a31563a6daf0b1495d17d25343f7b3cfac1169ee,1,classical_linear_regression_transpiled,classical_linear_regression,transpiled,1234,0.6406791050030733,0.6406791050030733,0.6841092253751293,predicted,
sim_common_q16_v1::qpeinexact_indep_qiskit_6,c658b0f6c564cc6b7d6d48105e5567caf0660181ca2dbad8b9bdbdd353962fd6,0,classical_linear_regression_transpiled,classical_linear_regression,transpiled,1234,0.6522649979997368,0.6522649979997368,0.7155306456057975,predicted,
sim_common_q16_v1::qpeinexact_indep_qiskit_7,093af0605e834bf0a4f2aef0b46600d12c6b1c913e791fb13e2513048a6b1c70,4,classical_linear_regression_transpiled,classical_linear_regression,transpiled,1234,0.7007861210004194,0.7007861210004194,0.8656180380078353,predicted,
sim_common_q16_v1::qpeinexact_indep_qiskit_8,82da8e687716ed31c95e72560edb07e7f6073a5be0f5ebffb17d22aff22c81fd,0,classical_linear_regression_transpiled,classical_linear_regression,transpiled,1234,0.6688155289994029,0.6688155289994029,0.9870243938691293,predicted,
sim_common_q16_v1::qpeinexact_indep_qiskit_9,81a66b1daaf97d148a8a075515daf8702349d257883a1dd88e26993c1622351f,3,classical_linear_regression_transpiled,classical_linear_regression,transpiled,1234,0.8898592920013471,0.8898592920013471,1.2286298401167501,predicted,
sim_common_q16_v1::qwalk-noancilla_indep_qiskit_3,9110b8773ad1c544b5ec91feaaa99c96975f7577fe6966b0f0df52dab84bef92,4,classical_linear_regression_transpiled,classical_linear_regression,transpiled,1234,0.6806762745000015,0.6374438919992826,0.4525006624449345,predicted,
sim_common_q16_v1::qwalk-v-chain_indep_qiskit_3,9110b8773ad1c544b5ec91feaaa99c96975f7577fe6966b0f0df52dab84bef92,4,classical_linear_regression_transpiled,classical_linear_regression,transpiled,1234,0.6806762745000015,0.7239086570007203,0.4525006624449345,predicted,
sim_common_q16_v1::qwalk-noancilla_indep_qiskit_4,2df018ddcd5f44fd33cd5d80af349db5f84e36d6a5f905ef4611e5e5cc0d03f4,4,classical_linear_regression_transpiled,classical_linear_regression,transpiled,1234,0.6810126529999252,0.6810126529999252,0.7988426670614521,predicted,
sim_common_q16_v1::qwalk-noancilla_indep_qiskit_5,7e02b8d5bbea94c5e0eabb2edd6a74e15949ae6b737fabb55e66a61d47181912,4,classical_linear_regression_transpiled,classical_linear_regression,transpiled,1234,0.7063868340010231,0.7063868340010231,0.5903635151149775,predicted,
sim_common_q16_v1::qwalk-noancilla_indep_qiskit_6,97bdbd3569346cfa4a289ced5de0f3280a495266d423a3af48650bf01484b9be,0,classical_linear_regression_transpiled,classical_linear_regression,transpiled,1234,1.015744493000966,1.015744493000966,1.5412451851174527,predicted,
sim_common_q16_v1::qwalk-noancilla_indep_qiskit_7,73abe6179f1e84e36777e1d953028143ee3ff00662ddb793d55022d9344b4940,2,classical_linear_regression_transpiled,classical_linear_regression,transpiled,1234,2.998404195997864,2.998404195997864,2.9947616395140884,predicted,
sim_common_q16_v1::qwalk-noancilla_indep_qiskit_8,b23a0318d268fcffc78b4f6ce920c98f33487ec34a71cf7b6225b9b6eb93f1bb,4,classical_linear_regression_transpiled,classical_linear_regression,transpiled,1234,3.649332992998097,3.649332992998097,4.080037293182265,predicted,
sim_common_q16_v1::qwalk-noancilla_indep_qiskit_9,e8037a4f622df36c65c0e756e11a6c6e3b8b40fbabaffb6cd59ff1cc79f49063,0,classical_linear_regression_transpiled,classical_linear_regression,transpiled,1234,18.4117178100023,18.4117178100023,38.228624108412845,predicted,
sim_common_q16_v1::qwalk-v-chain_indep_qiskit_5,72fb5f837aaa2bec862c3a477efd166f351b72903612c32d444704a431457f4d,0,classical_linear_regression_transpiled,classical_linear_regression,transpiled,1234,0.6463327589990513,0.6463327589990513,0.7487307901909479,predicted,
sim_common_q16_v1::qwalk-v-chain_indep_qiskit_7,3d8107599f669ba102c734a8796433a6a348197dd98a74c63f172d7790b5c9a2,2,classical_linear_regression_transpiled,classical_linear_regression,transpiled,1234,0.984092689002864,0.984092689002864,1.2475578458086842,predicted,
sim_common_q16_v1::qwalk-v-chain_indep_qiskit_9,8650fb4f2d0816cd59c97df1ed4051936ecb3b5c31d39ba97cdc5cd2af374a8a,4,classical_linear_regression_transpiled,classical_linear_regression,transpiled,1234,1.861087077002594,1.861087077002594,1.848922964561765,predicted,
sim_common_q16_v1::random_indep_qiskit_2,433844fca892218b1218ca028aafb0eddf1929d5ca52fdea53b3cb324e4055bd,1,classical_linear_regression_transpiled,classical_linear_regression,transpiled,1234,0.6350642280012835,0.6350642280012835,0.600162149557291,predicted,
sim_common_q16_v1::random_indep_qiskit_3,d7ecd343052e510bdf5fa0f67f2fdbc3ee5ddccd19f39548c2853114a94dece2,4,classical_linear_regression_transpiled,classical_linear_regression,transpiled,1234,0.6280151889986882,0.6280151889986882,0.4430577659270158,predicted,
sim_common_q16_v1::random_indep_qiskit_4,212e0f8a693a745c9fc792b876e7be6ddb0ba051c1b0f558e0819e1437a8a2fb,2,classical_linear_regression_transpiled,classical_linear_regression,transpiled,1234,0.7269409180007642,0.7269409180007642,0.5413041326484956,predicted,
sim_common_q16_v1::random_indep_qiskit_5,8f11cd416ae9672f06a39e5ee3a27a70bcbf31d7177cb47270c0cd8512c95381,1,classical_linear_regression_transpiled,classical_linear_regression,transpiled,1234,0.7345396679993428,0.7345396679993428,0.6078719689917731,predicted,
sim_common_q16_v1::random_indep_qiskit_6,4d5b55eb4b8a0aea0af4bde721618cbe79ed66e0636398ffddc79ace483672a6,3,classical_linear_regression_transpiled,classical_linear_regression,transpiled,1234,0.6658408169969334,0.6658408169969334,0.7922291851254528,predicted,
sim_common_q16_v1::random_indep_qiskit_7,8ffee9c3a3af1aeaa766f38df57fcb62de5efa16d7f328d60a8977cb0da39e22,0,classical_linear_regression_transpiled,classical_linear_regression,transpiled,1234,0.7144554340011382,0.7144554340011382,0.7845843182801919,predicted,
sim_common_q16_v1::random_indep_qiskit_8,fa595f88d0ab98542a799af4492f53b2a5e2e88ebc442a9b508abac209d0afcc,3,classical_linear_regression_transpiled,classical_linear_regression,transpiled,1234,0.6867609079999966,0.6867609079999966,1.025648253252551,predicted,
sim_common_q16_v1::random_indep_qiskit_9,93eff191c23e0c3d13a127f38595909e7092290f5119c9be24a1ccc61fff5767,1,classical_linear_regression_transpiled,classical_linear_regression,transpiled,1234,0.9196448500006228,0.9196448500006228,0.8910738210502437,predicted,
sim_common_q16_v1::realamprandom_indep_qiskit_2,806f1844d225682cd7d5d0b276b5567caa23697f73064d8a20347024bb03fe40,1,classical_linear_regression_transpiled,classical_linear_regression,transpiled,1234,0.6811683435007581,0.7270244620012818,0.7483694065784207,predicted,
sim_common_q16_v1::twolocalrandom_indep_qiskit_2,806f1844d225682cd7d5d0b276b5567caa23697f73064d8a20347024bb03fe40,1,classical_linear_regression_transpiled,classical_linear_regression,transpiled,1234,0.6811683435007581,0.6353122250002343,0.7483694065784207,predicted,
sim_common_q16_v1::realamprandom_indep_qiskit_3,79b8fdfbfe6897a226612f9b9e27a4533aac4b48258335fb7746c5f10989cedc,3,classical_linear_regression_transpiled,classical_linear_regression,transpiled,1234,0.6289825359999668,0.6333517960010795,0.4836915585960616,predicted,
sim_common_q16_v1::twolocalrandom_indep_qiskit_3,79b8fdfbfe6897a226612f9b9e27a4533aac4b48258335fb7746c5f10989cedc,3,classical_linear_regression_transpiled,classical_linear_regression,transpiled,1234,0.6289825359999668,0.6246132759988541,0.4836915585960616,predicted,
sim_common_q16_v1::realamprandom_indep_qiskit_4,187d76ac82884dc3202418b0e06077eec26afed0c625b228d76b4416e6bfa480,3,classical_linear_regression_transpiled,classical_linear_regression,transpiled,1234,0.690793351001048,0.6371145330012951,0.5315607386201584,predicted,
sim_common_q16_v1::twolocalrandom_indep_qiskit_4,187d76ac82884dc3202418b0e06077eec26afed0c625b228d76b4416e6bfa480,3,classical_linear_regression_transpiled,classical_linear_regression,transpiled,1234,0.690793351001048,0.7444721690008009,0.5315607386201584,predicted,
sim_common_q16_v1::realamprandom_indep_qiskit_5,8d3b3ff10a3a80d0dda4e7043cce2b222aaf9e3cc19caa194b8e87da40266ac5,3,classical_linear_regression_transpiled,classical_linear_regression,transpiled,1234,0.6970405395004491,0.6386868430017785,0.6261935745687195,predicted,
sim_common_q16_v1::twolocalrandom_indep_qiskit_5,8d3b3ff10a3a80d0dda4e7043cce2b222aaf9e3cc19caa194b8e87da40266ac5,3,classical_linear_regression_transpiled,classical_linear_regression,transpiled,1234,0.6970405395004491,0.7553942359991197,0.6261935745687195,predicted,
sim_common_q16_v1::realamprandom_indep_qiskit_6,c9931425f0767057491a7e6ab8f1ed937fde917a862097440f57606892bddde9,0,classical_linear_regression_transpiled,classical_linear_regression,transpiled,1234,0.7250354759999027,0.669643510998867,0.7421223983891728,predicted,
sim_common_q16_v1::twolocalrandom_indep_qiskit_6,c9931425f0767057491a7e6ab8f1ed937fde917a862097440f57606892bddde9,0,classical_linear_regression_transpiled,classical_linear_regression,transpiled,1234,0.7250354759999027,0.7804274410009384,0.7421223983891728,predicted,
sim_common_q16_v1::realamprandom_indep_qiskit_7,af19d23c83544c8b7f6be5c42e0254336c9902c1ef454c06b9d45c4582d2fd3d,2,classical_linear_regression_transpiled,classical_linear_regression,transpiled,1234,0.7604988409984799,0.7463375029983581,0.9296562599914979,predicted,
sim_common_q16_v1::twolocalrandom_indep_qiskit_7,af19d23c83544c8b7f6be5c42e0254336c9902c1ef454c06b9d45c4582d2fd3d,2,classical_linear_regression_transpiled,classical_linear_regression,transpiled,1234,0.7604988409984799,0.7746601789986016,0.9296562599914979,predicted,
sim_common_q16_v1::realamprandom_indep_qiskit_8,8ea085ea0c0185c560746ab5988221e203c457e2afbb475976fb99f718e2dad1,4,classical_linear_regression_transpiled,classical_linear_regression,transpiled,1234,0.7514831415010121,0.7581430490026833,1.1236642297926192,predicted,
sim_common_q16_v1::twolocalrandom_indep_qiskit_8,8ea085ea0c0185c560746ab5988221e203c457e2afbb475976fb99f718e2dad1,4,classical_linear_regression_transpiled,classical_linear_regression,transpiled,1234,0.7514831415010121,0.744823233999341,1.1236642297926192,predicted,
sim_common_q16_v1::realamprandom_indep_qiskit_9,bdd8a427e9747bbc01ad8e77a22d61f0314fe8db0de17786839f2193ab0928bd,0,classical_linear_regression_transpiled,classical_linear_regression,transpiled,1234,1.027857403500093,1.0256131179994554,1.461183225786426,predicted,
sim_common_q16_v1::twolocalrandom_indep_qiskit_9,bdd8a427e9747bbc01ad8e77a22d61f0314fe8db0de17786839f2193ab0928bd,0,classical_linear_regression_transpiled,classical_linear_regression,transpiled,1234,1.027857403500093,1.0301016890007304,1.461183225786426,predicted,
sim_common_q16_v1::su2random_indep_qiskit_2,66c9180a271ec04f728ab259ed86a24fe52676e6f40a7614b02f79fd13536c91,0,classical_linear_regression_transpiled,classical_linear_regression,transpiled,1234,0.73017823400005,0.73017823400005,0.7528744858723587,predicted,
sim_common_q16_v1::su2random_indep_qiskit_3,c69c35c09a4dcfe7dd09af0b73be8e5f608531bf0baadd794f6861bcf237e40c,3,classical_linear_regression_transpiled,classical_linear_regression,transpiled,1234,0.7221970069986128,0.7221970069986128,0.5678238969697667,predicted,
sim_common_q16_v1::su2random_indep_qiskit_4,7fabc879bc998db5c05d7cc5b83db2d1704d7587139b714da9cf82639f4f093e,4,classical_linear_regression_transpiled,classical_linear_regression,transpiled,1234,0.6280798560001131,0.6280798560001131,0.5366266458237327,predicted,
sim_common_q16_v1::su2random_indep_qiskit_5,c1572e3b6e41c965a5943c21ceacdbad56fc868b4ee02ff4ef8af2d2054a0602,2,classical_linear_regression_transpiled,classical_linear_regression,transpiled,1234,0.7392793660001189,0.7392793660001189,0.611659589068793,predicted,
sim_common_q16_v1::su2random_indep_qiskit_6,2f497b92b87e3e9f44c1ae23dfbffc7309c1550756e6829eb694d42dd4f2ed03,4,classical_linear_regression_transpiled,classical_linear_regression,transpiled,1234,0.7643177909994847,0.7643177909994847,0.7182734548797414,predicted,
sim_common_q16_v1::su2random_indep_qiskit_7,4f2368cad1a087f01b7598f13a9afa3b7cea2d6f9e96f79eb390f62213c97af7,2,classical_linear_regression_transpiled,classical_linear_regression,transpiled,1234,0.7721899220014166,0.7721899220014166,0.8616450569384505,predicted,
sim_common_q16_v1::su2random_indep_qiskit_8,3157278e31c54e80e45de35bfb793aac89eb413e21aabe08b2e0e140de8c0d39,3,classical_linear_regression_transpiled,classical_linear_regression,transpiled,1234,0.738525782002398,0.738525782002398,1.0677080936439818,predicted,
sim_common_q16_v1::su2random_indep_qiskit_9,c6ee0cb7c958cecf010796ce2ad0bb148b9fd660dd52393972c541d9ae422eca,4,classical_linear_regression_transpiled,classical_linear_regression,transpiled,1234,1.0278606899992155,1.0278606899992155,1.2027489158774076,predicted,
sim_common_q16_v1::vqe_indep_qiskit_3,92c02520f591e3d46218c6839b62acb2a1d5fbcc2ceba197b9265653f1737b24,4,classical_linear_regression_transpiled,classical_linear_regression,transpiled,1234,0.6360782570009178,0.6360782570009178,0.7040637734225323,predicted,
sim_common_q16_v1::vqe_indep_qiskit_4,23a9403cafedb94bbd2f39d4d9106aca7f890047719b80231d86ac9fb8382383,0,classical_linear_regression_transpiled,classical_linear_regression,transpiled,1234,0.633112699000776,0.633112699000776,0.6290578475200416,predicted,
sim_common_q16_v1::vqe_indep_qiskit_5,8c7594c05053bb7af0015bd637170a669e9d39c1da6edce6a769992b6ef5c9cb,0,classical_linear_regression_transpiled,classical_linear_regression,transpiled,1234,0.7155582859995775,0.7155582859995775,0.6234406784145501,predicted,
sim_common_q16_v1::vqe_indep_qiskit_6,58501be4f197f4efd57535977a245f6adb39216116363b46836664cd6ca29e10,2,classical_linear_regression_transpiled,classical_linear_regression,transpiled,1234,0.6403484270012996,0.6403484270012996,0.7242439897710972,predicted,
sim_common_q16_v1::vqe_indep_qiskit_7,63b92ee6c5b54da107e9016de97e2cb7768bfb970ebc025650706533e47d3caf,2,classical_linear_regression_transpiled,classical_linear_regression,transpiled,1234,0.739464948001114,0.739464948001114,0.8056352115168283,predicted,
sim_common_q16_v1::vqe_indep_qiskit_8,6e066adb38de82d96650b3f806e398374e88912fd4688ab9c98f3c94dcd33e16,4,classical_linear_regression_transpiled,classical_linear_regression,transpiled,1234,0.6498198089975631,0.6498198089975631,0.9864014725763496,predicted,
sim_common_q16_v1::vqe_indep_qiskit_9,bbafe35368c1a915635c383f6aaa4ec709a7c6e055550875d4de11ca0983dbb5,4,classical_linear_regression_transpiled,classical_linear_regression,transpiled,1234,0.6784349429981376,0.6784349429981376,1.105256605255126,predicted,
sim_common_q16_v1::wstate_indep_qiskit_2,75b1db396e34d1f1b234ea8dcdc253203a770cecce7f48bb8a126860723c43df,1,classical_linear_regression_transpiled,classical_linear_regression,transpiled,1234,0.6422257209997042,0.6422257209997042,0.6513603104910888,predicted,
sim_common_q16_v1::wstate_indep_qiskit_3,50a5fc62010017f60b77f8c81e9ddf9bd95419be272d2ec5ed1445aae0c7ac92,3,classical_linear_regression_transpiled,classical_linear_regression,transpiled,1234,0.6512624009992578,0.6512624009992578,0.6734132209591541,predicted,
sim_common_q16_v1::wstate_indep_qiskit_4,387f2f6f12a10e034ae5b68c11336a9874e87f20871579eec585bfd7311f38c8,4,classical_linear_regression_transpiled,classical_linear_regression,transpiled,1234,0.629814787000214,0.629814787000214,0.6061829139984056,predicted,
sim_common_q16_v1::wstate_indep_qiskit_5,dc97062e3adcbcaf813cae5e970c8a0357a239b8d4a09e77a4e3e4625532d209,1,classical_linear_regression_transpiled,classical_linear_regression,transpiled,1234,0.6107438010003534,0.6107438010003534,0.6671165348107455,predicted,
sim_common_q16_v1::wstate_indep_qiskit_6,dbfb4dd8bf80cda30461759a3169ec60ac535a27409cf938f691179c6a121ebd,0,classical_linear_regression_transpiled,classical_linear_regression,transpiled,1234,0.7103313010011334,0.7103313010011334,0.7079211829916716,predicted,
sim_common_q16_v1::wstate_indep_qiskit_7,1dab21c93a580f711efff03a0f4a1d82985cf201219e886ab246e03a9011735c,1,classical_linear_regression_transpiled,classical_linear_regression,transpiled,1234,0.6361640809991513,0.6361640809991513,0.7172285036916349,predicted,
sim_common_q16_v1::wstate_indep_qiskit_8,e2fba21685e6e7d22d625d8babcc9c51a8911815153e52fc89277e0efe117045,3,classical_linear_regression_transpiled,classical_linear_regression,transpiled,1234,0.7347158170014154,0.7347158170014154,0.9840471738150903,predicted,
sim_common_q16_v1::wstate_indep_qiskit_9,84c07c56eef046e3c72823b20fb674075b1ab68a85dc6a06baf7f35983e2bd17,2,classical_linear_regression_transpiled,classical_linear_regression,transpiled,1234,0.6752045199973509,0.6752045199973509,1.0832027166329055,predicted,
sim_common_q16_v1::ae_indep_qiskit_2,de56c0798eca25bd1510d4d10f11e996f0bad2a11ce94a265da0635c161cbcae,0,classical_ridge_source,classical_ridge,source,1234,0.6445786120020784,0.6445786120020784,0.5339480413823163,predicted,
sim_common_q16_v1::ae_indep_qiskit_3,6b2f9fea850557b40ca9b69341ec300b1c4fe1f4bf53e94436af2ba1586bac62,0,classical_ridge_source,classical_ridge,source,1234,0.6324521900023683,0.6324521900023683,0.5556892375895741,predicted,
sim_common_q16_v1::ae_indep_qiskit_4,9b4261e2d98678946a9aefea16ba9b8abcae8409f8589f8fb3daa941694f88c6,0,classical_ridge_source,classical_ridge,source,1234,0.6257052269975247,0.6257052269975247,0.5638778468564601,predicted,
sim_common_q16_v1::ae_indep_qiskit_5,8e4821df72704634cb81ea4d738477a8d596a49cba641e6198fdc9970e1d5d2f,1,classical_ridge_source,classical_ridge,source,1234,0.6429755230019509,0.6429755230019509,0.5908091706598357,predicted,
sim_common_q16_v1::ae_indep_qiskit_6,585424315575b559a664523f6ce6236189739069b3872eea4ccdb995a29f8701,2,classical_ridge_source,classical_ridge,source,1234,0.6249196000026132,0.6249196000026132,0.6490529426425962,predicted,
sim_common_q16_v1::ae_indep_qiskit_7,a70c5b796698f145c5992d324b3a0b5e28eb7301e6f306652a316a55c68f1ae8,4,classical_ridge_source,classical_ridge,source,1234,0.6728184880012122,0.6728184880012122,0.6960642534848193,predicted,
sim_common_q16_v1::ae_indep_qiskit_8,78d3420407751ab52a65abe926510d585ebd3a5d1934ac31c13b28eca5c5ee8a,4,classical_ridge_source,classical_ridge,source,1234,0.7626127499970607,0.7626127499970607,0.7688624965182459,predicted,
sim_common_q16_v1::ae_indep_qiskit_9,78ecec267502f433ab148452979221600becf679520b50ad454009e0ca097af5,3,classical_ridge_source,classical_ridge,source,1234,0.7365946390018507,0.7365946390018507,0.9094973815721215,predicted,
sim_common_q16_v1::dj_indep_qiskit_2,242786b0f7d73c715a317cbdc0725596836f08d98ecd6eb06b3b4ac4f3f563fb,4,classical_ridge_source,classical_ridge,source,1234,0.6235974270020961,0.6235974270020961,0.5520382840296052,predicted,
sim_common_q16_v1::dj_indep_qiskit_3,bc8cb33a3a242fb3ab35191a36313674faaca8fe1839cfa05d79788052424d1d,1,classical_ridge_source,classical_ridge,source,1234,0.6417426940024598,0.6417426940024598,0.6416779950716844,predicted,
sim_common_q16_v1::dj_indep_qiskit_4,3e4560adf43b5c5102bf22f235abcb9dd2ed5e34930cdb929a128226f96e4ea5,1,classical_ridge_source,classical_ridge,source,1234,0.6125353499992343,0.6125353499992343,0.7004334304784428,predicted,
sim_common_q16_v1::dj_indep_qiskit_5,f12c9439f3dfce19e2f161aed74fdafb33146528cdb8524425608579de8b6741,0,classical_ridge_source,classical_ridge,source,1234,0.6494606499982183,0.6494606499982183,0.6671718378884397,predicted,
sim_common_q16_v1::dj_indep_qiskit_6,b5736e26e119a619b687dcc0cf8065475e3805bc0c6180b480e0e36badc289db,2,classical_ridge_source,classical_ridge,source,1234,0.7272395580002922,0.7272395580002922,0.8927762117596756,predicted,
sim_common_q16_v1::dj_indep_qiskit_7,9fc54c185186ff8c504ebdac4e3fa109beb4cf46f86196a3376b3153a7f72962,3,classical_ridge_source,classical_ridge,source,1234,0.6525007039999764,0.6525007039999764,1.1486145025412926,predicted,
sim_common_q16_v1::dj_indep_qiskit_9,db0e077b1674f90860a270d014aa8226822880dbf36c819dad0bea17881b7eb5,3,classical_ridge_source,classical_ridge,source,1234,0.6677595889996155,0.6677595889996155,1.5240089036207274,predicted,
sim_common_q16_v1::ghz_indep_qiskit_2,fcd9497c7764bb185a96cc8b6d1c7878851e9b87e64de7ebf47aa1d16eb3ee0a,4,classical_ridge_source,classical_ridge,source,1234,0.6328717180003878,0.6328717180003878,0.7617605114124764,predicted,
sim_common_q16_v1::ghz_indep_qiskit_3,7344fd4d264c475e52edca02e3426225c78af7ed0bdaae137741a04685725a5d,2,classical_ridge_source,classical_ridge,source,1234,0.6362690579990158,0.6362690579990158,0.6698320293972201,predicted,
sim_common_q16_v1::ghz_indep_qiskit_4,01bfdd8291d6badf1219dd3bf6d7e12559976b8ccb3e67d2548e729dc0c0dc82,2,classical_ridge_source,classical_ridge,source,1234,0.6424375300011889,0.6424375300011889,0.6406614040453982,predicted,
sim_common_q16_v1::ghz_indep_qiskit_5,de4639e0b84f220ce7281521fbce5104129cc70befb85198bf93def8d4ba7a65,4,classical_ridge_source,classical_ridge,source,1234,0.6349322169990046,0.6349322169990046,0.6281202069442884,predicted,
sim_common_q16_v1::ghz_indep_qiskit_6,c67a77f55c658ad1270fd52c8cbc66319b72ceaa5ca5d4015d775b44e8edd85a,2,classical_ridge_source,classical_ridge,source,1234,0.6285922220013163,0.6285922220013163,0.6718599037784234,predicted,
sim_common_q16_v1::ghz_indep_qiskit_7,4b24f68f78c4499a295ab28caa04282d174b7ab2a6b0f5333d3bfe630df72f71,0,classical_ridge_source,classical_ridge,source,1234,0.6354831150019891,0.6354831150019891,0.6814205422375118,predicted,
sim_common_q16_v1::ghz_indep_qiskit_8,2e57556a1b12802c7368ef21e0eb8e5c9863f768a48a9a4d0771725e60b8a616,3,classical_ridge_source,classical_ridge,source,1234,0.644572266999603,0.644572266999603,0.8208880136599221,predicted,
sim_common_q16_v1::ghz_indep_qiskit_9,b5f6ad96b1eb0fc9087c079e22e8a91398b460e24d616ed0d8829247aee24f18,0,classical_ridge_source,classical_ridge,source,1234,0.7290791659979732,0.7290791659979732,0.7426992386197733,predicted,
sim_common_q16_v1::graphstate_indep_qiskit_3,51e3c5bc60da502bf92a6ed65a7c728a8b957b427652ac8fdaa002b9afc50d40,4,classical_ridge_source,classical_ridge,source,1234,0.645907268000883,0.645907268000883,0.6918385696846061,predicted,
sim_common_q16_v1::graphstate_indep_qiskit_4,13721ab5a328b17bf3f8c3692cda844a7e538a8c92530d0c1236f43d3ad5a884,3,classical_ridge_source,classical_ridge,source,1234,0.6307967300017481,0.6307967300017481,0.857143745650408,predicted,
sim_common_q16_v1::graphstate_indep_qiskit_5,cfadb6828c07bfc2fac00ca0c9c03935e927b88961597b69936fc199a094b9ea,0,classical_ridge_source,classical_ridge,source,1234,0.6335009460017318,0.6335009460017318,0.804032529973581,predicted,
sim_common_q16_v1::graphstate_indep_qiskit_6,7b944ad7e38d98fae66177b6c014ae2878d62bcd1765103c19941653817e7996,1,classical_ridge_source,classical_ridge,source,1234,4.12037888100167,4.12037888100167,0.8636982989158938,predicted,
sim_common_q16_v1::graphstate_indep_qiskit_7,551dfe6ad672d4157a761610fc4c1061ea844868f2106407374764552251d63a,1,classical_ridge_source,classical_ridge,source,1234,0.6352743349998491,0.6352743349998491,1.1441218937489812,predicted,
sim_common_q16_v1::graphstate_indep_qiskit_8,b6afb1122e1baece13144a1d0da78738759129107f453e9579e99e8789e057fe,3,classical_ridge_source,classical_ridge,source,1234,0.7141289200008032,0.7141289200008032,1.5122784037107144,predicted,
sim_common_q16_v1::graphstate_indep_qiskit_9,040a287609a78a55ab6148ad1a3cc6aa2fcee8b0871b077a9c1a37bee49f69fe,0,classical_ridge_source,classical_ridge,source,1234,3.4133249820006317,3.4133249820006317,1.1563408862675988,predicted,
sim_common_q16_v1::grover-noancilla_indep_qiskit_2,55746e6a2fd8d9c4b8c813443f2db46b072f75db1632dd252298c735fbc72bf0,1,classical_ridge_source,classical_ridge,source,1234,0.6316192150006827,0.6274016160023166,0.7839424169635494,predicted,
sim_common_q16_v1::grover-v-chain_indep_qiskit_2,55746e6a2fd8d9c4b8c813443f2db46b072f75db1632dd252298c735fbc72bf0,1,classical_ridge_source,classical_ridge,source,1234,0.6316192150006827,0.6358368139990489,0.7839424169635494,predicted,
sim_common_q16_v1::grover-noancilla_indep_qiskit_3,bc77f4afad8bbb19a6b320c11bc8f8110a330e395e5c509895e0b6c566cab5e9,4,classical_ridge_source,classical_ridge,source,1234,0.6336756905002403,0.6221831709990511,0.6454178946450104,predicted,
sim_common_q16_v1::grover-v-chain_indep_qiskit_3,bc77f4afad8bbb19a6b320c11bc8f8110a330e395e5c509895e0b6c566cab5e9,4,classical_ridge_source,classical_ridge,source,1234,0.6336756905002403,0.6451682100014295,0.6454178946450104,predicted,
sim_common_q16_v1::grover-noancilla_indep_qiskit_4,edc62038c489069da135981ccefd5c5a2f3cc0a991fa6da4defa393abdb0d2a4,4,classical_ridge_source,classical_ridge,source,1234,0.6425279779978155,0.6347441939979035,0.7094550432016478,predicted,
sim_common_q16_v1::grover-v-chain_indep_qiskit_4,edc62038c489069da135981ccefd5c5a2f3cc0a991fa6da4defa393abdb0d2a4,4,classical_ridge_source,classical_ridge,source,1234,0.6425279779978155,0.6503117619977274,0.7094550432016478,predicted,
sim_common_q16_v1::grover-noancilla_indep_qiskit_5,dd514cba6fbc94c48a3eb8f2ff2210ef74259e76e7f796394066418bfd93ee86,2,classical_ridge_source,classical_ridge,source,1234,0.6749066180018417,0.6749066180018417,0.8457037433950605,predicted,
sim_common_q16_v1::grover-noancilla_indep_qiskit_6,b6a15d3507225e442ed02c90df5179f09c529df7bf5ee38a8005cc265f4203a6,0,classical_ridge_source,classical_ridge,source,1234,0.8617562030012778,0.8617562030012778,1.1915458055178545,predicted,
sim_common_q16_v1::grover-noancilla_indep_qiskit_7,35548785a9c99b0ad9409f18dfbfc3baed0e1dcbb1d95eae8c8510dcda120410,0,classical_ridge_source,classical_ridge,source,1234,2.755100520000269,2.755100520000269,1.4709323251639894,predicted,
sim_common_q16_v1::grover-noancilla_indep_qiskit_8,a3b7d67bad6cd47cb522addfaf763294b1ea99017f443c03052055a2f0074009,4,classical_ridge_source,classical_ridge,source,1234,3.8077989039993554,3.8077989039993554,16.90827180205299,predicted,
sim_common_q16_v1::grover-v-chain_indep_qiskit_5,5042c6dd513b1366c0a145850de9e534b0e38aabc818b994ab8c4b6cad7ad5c8,3,classical_ridge_source,classical_ridge,source,1234,0.6741303899980267,0.6741303899980267,0.9514939337227566,predicted,
sim_common_q16_v1::grover-v-chain_indep_qiskit_7,84056291d9ff227b3c615cc378349fa1154f5a122bcd0eb6bc04045bbf3affa0,4,classical_ridge_source,classical_ridge,source,1234,1.1920864250023442,1.1920864250023442,1.2841577082652877,predicted,
sim_common_q16_v1::grover-v-chain_indep_qiskit_9,3d37464cf8c53831d2867c0c111a83e03a820e90fa26f77d01a4a85f4f9d6875,1,classical_ridge_source,classical_ridge,source,1234,3.409926619999169,3.409926619999169,2.1179660882649,predicted,
sim_common_q16_v1::portfolioqaoa_indep_qiskit_3,47e6743e95c380a13dc5947d9e9b3db26e541efabd4a27134ff26aa14c00ba7d,1,classical_ridge_source,classical_ridge,source,1234,0.6487017560029926,0.6487017560029926,0.5568842353606244,predicted,
sim_common_q16_v1::portfolioqaoa_indep_qiskit_4,568570a69663949a1aaac2fe16e74d3d065c7a8e6013e21368a9d8add886d6dc,2,classical_ridge_source,classical_ridge,source,1234,0.6451116749994981,0.6451116749994981,0.7268676495857931,predicted,
sim_common_q16_v1::portfolioqaoa_indep_qiskit_5,0f7836c0a3a429dd9b4f2b55a4fab5d6d112458814cb34efb22309ec614c801f,2,classical_ridge_source,classical_ridge,source,1234,0.6517559040003107,0.6517559040003107,0.7740433543542004,predicted,
sim_common_q16_v1::portfolioqaoa_indep_qiskit_6,4dd5e72918722dff3c88e277e20e3ecc1e06dfd0601343e784eeb454470800b7,4,classical_ridge_source,classical_ridge,source,1234,0.6879031880016555,0.6879031880016555,0.7945611751825234,predicted,
sim_common_q16_v1::portfolioqaoa_indep_qiskit_7,f8d88243c9d36e41e0eedeff4898e325d59ba4d8ceb4b81c7b48757ade1e94b4,0,classical_ridge_source,classical_ridge,source,1234,0.8747539370015147,0.8747539370015147,0.7238327987264646,predicted,
sim_common_q16_v1::portfolioqaoa_indep_qiskit_8,2372d3228c3e3e38e3351feb553380bce5a543c936f73a400de0e54ab470599a,1,classical_ridge_source,classical_ridge,source,1234,0.7452616640002816,0.7452616640002816,0.918383024638812,predicted,
sim_common_q16_v1::portfolioqaoa_indep_qiskit_9,a53b2a3a1ba8397a96b487c44f825f3cab2e0c714b69298f2ab0a839975b173c,0,classical_ridge_source,classical_ridge,source,1234,1.0392779800022254,1.0392779800022254,0.6009914438631141,predicted,
sim_common_q16_v1::portfoliovqe_indep_qiskit_3,4b5542071ea595cd62184de26c4f1dac3f6afa86f6450f50a28dbe8e1f865257,0,classical_ridge_source,classical_ridge,source,1234,0.6282423720003862,0.6282423720003862,0.5736755027209739,predicted,
sim_common_q16_v1::portfoliovqe_indep_qiskit_4,36bb1354ff108648bc8c9c529a2002a53a68e4bfa9bf3529edce11e5d47f851f,0,classical_ridge_source,classical_ridge,source,1234,0.6387674009965849,0.6387674009965849,0.6076669311716383,predicted,
sim_common_q16_v1::portfoliovqe_indep_qiskit_5,28b9eac87132bbff64970708737a94c408cfa435ce16cd395a57ab6fbfe5a6f7,2,classical_ridge_source,classical_ridge,source,1234,0.7472729069995694,0.7472729069995694,0.640828076959628,predicted,
sim_common_q16_v1::portfoliovqe_indep_qiskit_6,7dafebd46e73b9b279f1ef96da32f7d563de3721b856b4570375ab81951e06fc,0,classical_ridge_source,classical_ridge,source,1234,0.672533150001982,0.672533150001982,0.7357865125094938,predicted,
sim_common_q16_v1::portfoliovqe_indep_qiskit_7,99e0865dc3fced630c02b5b2710b24fd9257ba31d54112cde08a769e974f53c4,3,classical_ridge_source,classical_ridge,source,1234,0.7434713800030295,0.7434713800030295,0.7869588345212081,predicted,
sim_common_q16_v1::portfoliovqe_indep_qiskit_8,eb43007109ad9707544629854cfc7259b0e6aa70c5a618cedacbb7d26dd746a0,0,classical_ridge_source,classical_ridge,source,1234,0.7341747549980937,0.7341747549980937,0.92169317897804,predicted,
sim_common_q16_v1::portfoliovqe_indep_qiskit_9,615d076a941f3eec9d225a20b894c8d30a0c90d4834d03fa0ebd5d13e4b46ded,2,classical_ridge_source,classical_ridge,source,1234,1.0230367410003964,1.0230367410003964,0.9331776484644887,predicted,
sim_common_q16_v1::qaoa_indep_qiskit_3,45ca196e391297302c92dc6ea0fd119efa62b2ee88e3b85260561e5fbafa7400,3,classical_ridge_source,classical_ridge,source,1234,0.6362355410019518,0.6362355410019518,0.8770886022135395,predicted,
sim_common_q16_v1::qaoa_indep_qiskit_4,9649572da691c86252b1620cba73350902b9ba3cf4dbdb3fb2e3531588da98c4,1,classical_ridge_source,classical_ridge,source,1234,0.6444687240000349,0.6444687240000349,0.6327736910883588,predicted,
sim_common_q16_v1::qaoa_indep_qiskit_5,f2ce48d725be79c1ea5cbfeb36811261c4e74460588e911c3b2916a9303c1cf5,0,classical_ridge_source,classical_ridge,source,1234,0.6301084189981339,0.6301084189981339,1.7675563268954968,predicted,
sim_common_q16_v1::qaoa_indep_qiskit_6,6a475a20ac3d09839e2b43104ca187037db5ff813b811e0d7356adac93d25244,1,classical_ridge_source,classical_ridge,source,1234,0.6421520209987648,0.6421520209987648,0.6912562459967106,predicted,
sim_common_q16_v1::qaoa_indep_qiskit_7,8e1c1014680274215f87d97c833f99474ed19b3393b2b8eea20a36bde517708b,4,classical_ridge_source,classical_ridge,source,1234,0.6511161570015247,0.6511161570015247,2.1795423084554475,predicted,
sim_common_q16_v1::qaoa_indep_qiskit_8,0a43c652a1c92c83389d952438c22aa0d890a611333da29499d6ff1733925b21,0,classical_ridge_source,classical_ridge,source,1234,0.6687408600009803,0.6687408600009803,3.1720224839039326,predicted,
sim_common_q16_v1::qaoa_indep_qiskit_9,a4a7b8b8d556570de9ea2db286aaa4245fa50f4619f25f0f7414b16d503458d8,1,classical_ridge_source,classical_ridge,source,1234,17.55494177699802,17.55494177699802,0.6869286831419461,predicted,
sim_common_q16_v1::qft_indep_qiskit_2,aa91238ec5978b739b87b3a657746a8786de113397a5abeadf726d1dd9c836b3,2,classical_ridge_source,classical_ridge,source,1234,0.7182261369998741,0.7182261369998741,0.6923012354326348,predicted,
sim_common_q16_v1::qft_indep_qiskit_3,7f613ccae98ac8124d086ee9a39d94b1ed019520da8c3277395b109fd22d7d4d,4,classical_ridge_source,classical_ridge,source,1234,0.638093072000629,0.638093072000629,0.579819052852586,predicted,
sim_common_q16_v1::qft_indep_qiskit_4,ea84355871fa77560419766f8000de4dcb0eea29468bcb0d89a1c84edff34f61,0,classical_ridge_source,classical_ridge,source,1234,0.6269083859988314,0.6269083859988314,0.542121365268419,predicted,
sim_common_q16_v1::qft_indep_qiskit_5,0285fd21a0dd1ca29cd386de85a1a8af49cc7d71f5c86f6451b55a11c68864a8,3,classical_ridge_source,classical_ridge,source,1234,0.6442288310026925,0.6442288310026925,0.5309623296950331,predicted,
sim_common_q16_v1::qft_indep_qiskit_6,cbe1ca5505b485bd87b2e68f2b38ecae377e29f823c30e4c44d3f5f87d4266f7,1,classical_ridge_source,classical_ridge,source,1234,0.651070706997416,0.651070706997416,0.62027212991564,predicted,
sim_common_q16_v1::qft_indep_qiskit_7,01de4bb89da48a3fc09c31d41d509c1446c6a4a3b329612c5baf0d39c56a922e,1,classical_ridge_source,classical_ridge,source,1234,0.6848869749992446,0.6848869749992446,0.6767441600904189,predicted,
sim_common_q16_v1::qft_indep_qiskit_8,e4664972befc3ffed396f3842bf910be22c2fbe7f293d3c295b971dfe094d398,3,classical_ridge_source,classical_ridge,source,1234,0.6876082300004782,0.6876082300004782,0.5624361991454183,predicted,
sim_common_q16_v1::qft_indep_qiskit_9,e0c3acec67c0fb535add575a46e01889b30ec7970005214fd2188b94ae3a55a5,0,classical_ridge_source,classical_ridge,source,1234,0.7909492459984904,0.7909492459984904,0.7047006215221213,predicted,
sim_common_q16_v1::qftentangled_indep_qiskit_2,02d66e8b66849fdd0f0581b84924adbd1bd2d7603e25e5e9faa447ac2a6708d0,2,classical_ridge_source,classical_ridge,source,1234,0.6421512939996319,0.6421512939996319,0.7255352048612737,predicted,
sim_common_q16_v1::qftentangled_indep_qiskit_3,5ab4253ed51b729f331c9f3cc78bfecd3ecb2fed2e98818816bf3f64e22f1bfe,2,classical_ridge_source,classical_ridge,source,1234,0.6430523449998873,0.6430523449998873,0.6324965906242221,predicted,
sim_common_q16_v1::qftentangled_indep_qiskit_4,d7a22ac29418bcf9f00346732fe1b985f8e0b9df60273404dabbf4a62027715f,0,classical_ridge_source,classical_ridge,source,1234,0.718577378000191,0.718577378000191,0.5839278677401858,predicted,
sim_common_q16_v1::qftentangled_indep_qiskit_5,4ee5846eef239e2b0e0d3f950f78b5b4b8af213f0063eb50be6bf50bdbb4385d,4,classical_ridge_source,classical_ridge,source,1234,0.711588597001537,0.711588597001537,0.599004234277037,predicted,
sim_common_q16_v1::qftentangled_indep_qiskit_6,7c8832728feaaf34fac1fda49dfcbfbf655902b5b4eb3f1b11e43f21d15de5bf,2,classical_ridge_source,classical_ridge,source,1234,0.6466906070018013,0.6466906070018013,0.5983485565080138,predicted,
sim_common_q16_v1::qftentangled_indep_qiskit_7,f0e0170b510412a7e964e82f14793115a9e53a1b250283a74abd893a45b5f20e,3,classical_ridge_source,classical_ridge,source,1234,0.7955734110000776,0.7955734110000776,0.6532568515575461,predicted,
sim_common_q16_v1::qftentangled_indep_qiskit_8,8711737782301f568af1980707e62c989655488357aa858d6c63bb8e206ae4fc,4,classical_ridge_source,classical_ridge,source,1234,0.6800704039997072,0.6800704039997072,0.6461150346494438,predicted,
sim_common_q16_v1::qftentangled_indep_qiskit_9,fea8eb37e38bc24d3352d9446471b5cf8f6b8af6ae4c0f931d5942564936274c,3,classical_ridge_source,classical_ridge,source,1234,0.8116922409972176,0.8116922409972176,0.7521274446276047,predicted,
sim_common_q16_v1::qnn_indep_qiskit_2,3c0ed99f7e5a0409bdadc636b8b7a5dd911304ccbe2e87b32589b91dd44a6a5a,3,classical_ridge_source,classical_ridge,source,1234,0.6364995420008199,0.6364995420008199,0.6101233111622479,predicted,
sim_common_q16_v1::qnn_indep_qiskit_3,15e80264fdff1398ab38bbd9144f853a3a2317e95163fda15a1e9ec2657beecb,3,classical_ridge_source,classical_ridge,source,1234,0.7232230859990523,0.7232230859990523,0.5779392665533952,predicted,
sim_common_q16_v1::qnn_indep_qiskit_4,451bd8177acaca0301a8bb4d61cb192f26dce1f81d8ab04ca0aded562d525c58,1,classical_ridge_source,classical_ridge,source,1234,0.6316140970011475,0.6316140970011475,0.6542670730282587,predicted,
sim_common_q16_v1::qnn_indep_qiskit_5,d506e52d304853cd9e55834d3112505279aa22e89e70aa7c00dfc57caad3c72c,0,classical_ridge_source,classical_ridge,source,1234,0.6502378280019911,0.6502378280019911,0.6032336620073863,predicted,
sim_common_q16_v1::qnn_indep_qiskit_6,720a3cec5f9b39a53aa0d59f0ecc24f42f2948fbe56164a033262c628e2ba875,1,classical_ridge_source,classical_ridge,source,1234,0.6810264529995038,0.6810264529995038,0.770174673600865,predicted,
sim_common_q16_v1::qnn_indep_qiskit_7,6cf91acdbcfc0321d1ffcee7c2197fec29f2b9dd83e7c3b56dbe8d583332ccdb,1,classical_ridge_source,classical_ridge,source,1234,0.7633359889987332,0.7633359889987332,0.8346835134349734,predicted,
sim_common_q16_v1::qnn_indep_qiskit_8,f76953672a13f3e92397fe3586ff6557882560261e995147a67b931d701c7fcf,4,classical_ridge_source,classical_ridge,source,1234,0.8227666269995098,0.8227666269995098,0.88577864164964,predicted,
sim_common_q16_v1::qnn_indep_qiskit_9,4df5b36e58378649053c461bf5ee1478fa114ac65c0c14551536b820ce8eafc7,1,classical_ridge_source,classical_ridge,source,1234,0.9238195639991318,0.9238195639991318,0.9781911512382206,predicted,
sim_common_q16_v1::qpeexact_indep_qiskit_2,0a43a3dbe4a4294a007fa7ec167a24ea300d3762489b98245c2f80ad29727075,0,classical_ridge_source,classical_ridge,source,1234,0.6283055000021704,0.6283055000021704,0.5919702664805948,predicted,
sim_common_q16_v1::qpeexact_indep_qiskit_3,56289d5fdefe63c89244b0849f2e22753ce30832776d74b79de4603006db32f4,4,classical_ridge_source,classical_ridge,source,1234,0.7184256109976559,0.7184256109976559,0.6404471363231252,predicted,
sim_common_q16_v1::qpeexact_indep_qiskit_4,af7e7c49ba06f5c554580173d3dcd73bc9d5a9dd9c6e3d3cd8c94d494fa4b969,2,classical_ridge_source,classical_ridge,source,1234,0.6284069449975505,0.6284069449975505,0.6947774024460346,predicted,
sim_common_q16_v1::qpeexact_indep_qiskit_5,7478da09664f4489c33c18a6ea1974cc9dea86d1adda1f912c3eaeff27c2d5fa,0,classical_ridge_source,classical_ridge,source,1234,0.6475399470000411,0.6475399470000411,0.6586941559570044,predicted,
sim_common_q16_v1::qpeexact_indep_qiskit_6,abe368f160ce73db792b3af14a6e120eda4838b15f01376daa204a680d07c5bc,2,classical_ridge_source,classical_ridge,source,1234,0.6475595259980764,0.6475595259980764,0.775033918762396,predicted,
sim_common_q16_v1::qpeexact_indep_qiskit_7,d06936015124a75ae15e1f94eeb54cc51ab24596726b8110765a69ba66d0e80a,0,classical_ridge_source,classical_ridge,source,1234,0.6782379760006734,0.6782379760006734,0.8080156865389463,predicted,
sim_common_q16_v1::qpeexact_indep_qiskit_8,5d3cc38ff0e2b9054c927b6309c6a8dfaba491733eab08b06cc06f2d333da23d,4,classical_ridge_source,classical_ridge,source,1234,0.686445900999388,0.686445900999388,0.976331700349678,predicted,
sim_common_q16_v1::qpeexact_indep_qiskit_9,31f7b2533d8a3c05d59b44a9b2d93f44bc48da630d1884cf9df0012199e10a74,1,classical_ridge_source,classical_ridge,source,1234,0.7935242480016313,0.7935242480016313,0.8353951943013477,predicted,
sim_common_q16_v1::qpeinexact_indep_qiskit_2,acacd76111e7f23e4224342ca0ab5340b1bdaad3b6eba8893e4036ba14896362,1,classical_ridge_source,classical_ridge,source,1234,0.6258419089972449,0.6258419089972449,0.6538121476495729,predicted,
sim_common_q16_v1::qpeinexact_indep_qiskit_3,afa0cd93480bae81feca2afdcb909ab13c2934f76b139c27872b18658e5c1f28,2,classical_ridge_source,classical_ridge,source,1234,0.6425586090008437,0.6425586090008437,0.6131435080615307,predicted,
sim_common_q16_v1::qpeinexact_indep_qiskit_4,1d76cd981622e5ca02125654d00534f3aec623bbb2b95b7ea894049f76916577,4,classical_ridge_source,classical_ridge,source,1234,0.6402722480015655,0.6402722480015655,0.6785897328810625,predicted,
sim_common_q16_v1::qpeinexact_indep_qiskit_5,f37f599f25c5024b4069e866a31563a6daf0b1495d17d25343f7b3cfac1169ee,1,classical_ridge_source,classical_ridge,source,1234,0.6406791050030733,0.6406791050030733,0.6314590617814595,predicted,
sim_common_q16_v1::qpeinexact_indep_qiskit_6,c658b0f6c564cc6b7d6d48105e5567caf0660181ca2dbad8b9bdbdd353962fd6,0,classical_ridge_source,classical_ridge,source,1234,0.6522649979997368,0.6522649979997368,0.7517207670468793,predicted,
sim_common_q16_v1::qpeinexact_indep_qiskit_7,093af0605e834bf0a4f2aef0b46600d12c6b1c913e791fb13e2513048a6b1c70,4,classical_ridge_source,classical_ridge,source,1234,0.7007861210004194,0.7007861210004194,0.804896551925264,predicted,
sim_common_q16_v1::qpeinexact_indep_qiskit_8,82da8e687716ed31c95e72560edb07e7f6073a5be0f5ebffb17d22aff22c81fd,0,classical_ridge_source,classical_ridge,source,1234,0.6688155289994029,0.6688155289994029,0.894655144658464,predicted,
sim_common_q16_v1::qpeinexact_indep_qiskit_9,81a66b1daaf97d148a8a075515daf8702349d257883a1dd88e26993c1622351f,3,classical_ridge_source,classical_ridge,source,1234,0.8898592920013471,0.8898592920013471,0.9626521207839465,predicted,
sim_common_q16_v1::qwalk-noancilla_indep_qiskit_3,9110b8773ad1c544b5ec91feaaa99c96975f7577fe6966b0f0df52dab84bef92,4,classical_ridge_source,classical_ridge,source,1234,0.6806762745000015,0.6374438919992826,0.6450769658158283,predicted,
sim_common_q16_v1::qwalk-v-chain_indep_qiskit_3,9110b8773ad1c544b5ec91feaaa99c96975f7577fe6966b0f0df52dab84bef92,4,classical_ridge_source,classical_ridge,source,1234,0.6806762745000015,0.7239086570007203,0.6450769658158283,predicted,
sim_common_q16_v1::qwalk-noancilla_indep_qiskit_4,2df018ddcd5f44fd33cd5d80af349db5f84e36d6a5f905ef4611e5e5cc0d03f4,4,classical_ridge_source,classical_ridge,source,1234,0.6810126529999252,0.6810126529999252,1.0080161842245314,predicted,
sim_common_q16_v1::qwalk-noancilla_indep_qiskit_5,7e02b8d5bbea94c5e0eabb2edd6a74e15949ae6b737fabb55e66a61d47181912,4,classical_ridge_source,classical_ridge,source,1234,0.7063868340010231,0.7063868340010231,0.764597837317138,predicted,
sim_common_q16_v1::qwalk-noancilla_indep_qiskit_6,97bdbd3569346cfa4a289ced5de0f3280a495266d423a3af48650bf01484b9be,0,classical_ridge_source,classical_ridge,source,1234,1.015744493000966,1.015744493000966,1.401685544959109,predicted,
sim_common_q16_v1::qwalk-noancilla_indep_qiskit_7,73abe6179f1e84e36777e1d953028143ee3ff00662ddb793d55022d9344b4940,2,classical_ridge_source,classical_ridge,source,1234,2.998404195997864,2.998404195997864,1.8892080047105257,predicted,
sim_common_q16_v1::qwalk-noancilla_indep_qiskit_8,b23a0318d268fcffc78b4f6ce920c98f33487ec34a71cf7b6225b9b6eb93f1bb,4,classical_ridge_source,classical_ridge,source,1234,3.649332992998097,3.649332992998097,5.208322558546772,predicted,
sim_common_q16_v1::qwalk-noancilla_indep_qiskit_9,e8037a4f622df36c65c0e756e11a6c6e3b8b40fbabaffb6cd59ff1cc79f49063,0,classical_ridge_source,classical_ridge,source,1234,18.4117178100023,18.4117178100023,10.091939420409423,predicted,
sim_common_q16_v1::qwalk-v-chain_indep_qiskit_5,72fb5f837aaa2bec862c3a477efd166f351b72903612c32d444704a431457f4d,0,classical_ridge_source,classical_ridge,source,1234,0.6463327589990513,0.6463327589990513,0.5990666447378019,predicted,
sim_common_q16_v1::qwalk-v-chain_indep_qiskit_7,3d8107599f669ba102c734a8796433a6a348197dd98a74c63f172d7790b5c9a2,2,classical_ridge_source,classical_ridge,source,1234,0.984092689002864,0.984092689002864,1.0742343332963067,predicted,
sim_common_q16_v1::qwalk-v-chain_indep_qiskit_9,8650fb4f2d0816cd59c97df1ed4051936ecb3b5c31d39ba97cdc5cd2af374a8a,4,classical_ridge_source,classical_ridge,source,1234,1.861087077002594,1.861087077002594,1.2529097890475125,predicted,
sim_common_q16_v1::random_indep_qiskit_2,433844fca892218b1218ca028aafb0eddf1929d5ca52fdea53b3cb324e4055bd,1,classical_ridge_source,classical_ridge,source,1234,0.6350642280012835,0.6350642280012835,0.5557083808673209,predicted,
sim_common_q16_v1::random_indep_qiskit_3,d7ecd343052e510bdf5fa0f67f2fdbc3ee5ddccd19f39548c2853114a94dece2,4,classical_ridge_source,classical_ridge,source,1234,0.6280151889986882,0.6280151889986882,0.724736351109061,predicted,
sim_common_q16_v1::random_indep_qiskit_4,212e0f8a693a745c9fc792b876e7be6ddb0ba051c1b0f558e0819e1437a8a2fb,2,classical_ridge_source,classical_ridge,source,1234,0.7269409180007642,0.7269409180007642,0.6458099744436876,predicted,
sim_common_q16_v1::random_indep_qiskit_5,8f11cd416ae9672f06a39e5ee3a27a70bcbf31d7177cb47270c0cd8512c95381,1,classical_ridge_source,classical_ridge,source,1234,0.7345396679993428,0.7345396679993428,0.8617434053846095,predicted,
sim_common_q16_v1::random_indep_qiskit_6,4d5b55eb4b8a0aea0af4bde721618cbe79ed66e0636398ffddc79ace483672a6,3,classical_ridge_source,classical_ridge,source,1234,0.6658408169969334,0.6658408169969334,0.6211255653174819,predicted,
sim_common_q16_v1::random_indep_qiskit_7,8ffee9c3a3af1aeaa766f38df57fcb62de5efa16d7f328d60a8977cb0da39e22,0,classical_ridge_source,classical_ridge,source,1234,0.7144554340011382,0.7144554340011382,0.2846550688193213,predicted,
sim_common_q16_v1::random_indep_qiskit_8,fa595f88d0ab98542a799af4492f53b2a5e2e88ebc442a9b508abac209d0afcc,3,classical_ridge_source,classical_ridge,source,1234,0.6867609079999966,0.6867609079999966,1.2811208092402855,predicted,
sim_common_q16_v1::random_indep_qiskit_9,93eff191c23e0c3d13a127f38595909e7092290f5119c9be24a1ccc61fff5767,1,classical_ridge_source,classical_ridge,source,1234,0.9196448500006228,0.9196448500006228,0.8413770961313902,predicted,
sim_common_q16_v1::realamprandom_indep_qiskit_2,806f1844d225682cd7d5d0b276b5567caa23697f73064d8a20347024bb03fe40,1,classical_ridge_source,classical_ridge,source,1234,0.6811683435007581,0.7270244620012818,0.6069306174034459,predicted,
sim_common_q16_v1::twolocalrandom_indep_qiskit_2,806f1844d225682cd7d5d0b276b5567caa23697f73064d8a20347024bb03fe40,1,classical_ridge_source,classical_ridge,source,1234,0.6811683435007581,0.6353122250002343,0.6069306174034459,predicted,
sim_common_q16_v1::realamprandom_indep_qiskit_3,79b8fdfbfe6897a226612f9b9e27a4533aac4b48258335fb7746c5f10989cedc,3,classical_ridge_source,classical_ridge,source,1234,0.6289825359999668,0.6333517960010795,0.519899981497742,predicted,
sim_common_q16_v1::twolocalrandom_indep_qiskit_3,79b8fdfbfe6897a226612f9b9e27a4533aac4b48258335fb7746c5f10989cedc,3,classical_ridge_source,classical_ridge,source,1234,0.6289825359999668,0.6246132759988541,0.519899981497742,predicted,
sim_common_q16_v1::realamprandom_indep_qiskit_4,187d76ac82884dc3202418b0e06077eec26afed0c625b228d76b4416e6bfa480,3,classical_ridge_source,classical_ridge,source,1234,0.690793351001048,0.6371145330012951,0.5301419218096729,predicted,
sim_common_q16_v1::twolocalrandom_indep_qiskit_4,187d76ac82884dc3202418b0e06077eec26afed0c625b228d76b4416e6bfa480,3,classical_ridge_source,classical_ridge,source,1234,0.690793351001048,0.7444721690008009,0.5301419218096729,predicted,
sim_common_q16_v1::realamprandom_indep_qiskit_5,8d3b3ff10a3a80d0dda4e7043cce2b222aaf9e3cc19caa194b8e87da40266ac5,3,classical_ridge_source,classical_ridge,source,1234,0.6970405395004491,0.6386868430017785,0.5659608959106845,predicted,
sim_common_q16_v1::twolocalrandom_indep_qiskit_5,8d3b3ff10a3a80d0dda4e7043cce2b222aaf9e3cc19caa194b8e87da40266ac5,3,classical_ridge_source,classical_ridge,source,1234,0.6970405395004491,0.7553942359991197,0.5659608959106845,predicted,
sim_common_q16_v1::realamprandom_indep_qiskit_6,c9931425f0767057491a7e6ab8f1ed937fde917a862097440f57606892bddde9,0,classical_ridge_source,classical_ridge,source,1234,0.7250354759999027,0.669643510998867,0.663582598560887,predicted,
sim_common_q16_v1::twolocalrandom_indep_qiskit_6,c9931425f0767057491a7e6ab8f1ed937fde917a862097440f57606892bddde9,0,classical_ridge_source,classical_ridge,source,1234,0.7250354759999027,0.7804274410009384,0.663582598560887,predicted,
sim_common_q16_v1::realamprandom_indep_qiskit_7,af19d23c83544c8b7f6be5c42e0254336c9902c1ef454c06b9d45c4582d2fd3d,2,classical_ridge_source,classical_ridge,source,1234,0.7604988409984799,0.7463375029983581,0.7161238483342267,predicted,
sim_common_q16_v1::twolocalrandom_indep_qiskit_7,af19d23c83544c8b7f6be5c42e0254336c9902c1ef454c06b9d45c4582d2fd3d,2,classical_ridge_source,classical_ridge,source,1234,0.7604988409984799,0.7746601789986016,0.7161238483342267,predicted,
sim_common_q16_v1::realamprandom_indep_qiskit_8,8ea085ea0c0185c560746ab5988221e203c457e2afbb475976fb99f718e2dad1,4,classical_ridge_source,classical_ridge,source,1234,0.7514831415010121,0.7581430490026833,0.8321338207850397,predicted,
sim_common_q16_v1::twolocalrandom_indep_qiskit_8,8ea085ea0c0185c560746ab5988221e203c457e2afbb475976fb99f718e2dad1,4,classical_ridge_source,classical_ridge,source,1234,0.7514831415010121,0.744823233999341,0.8321338207850397,predicted,
sim_common_q16_v1::realamprandom_indep_qiskit_9,bdd8a427e9747bbc01ad8e77a22d61f0314fe8db0de17786839f2193ab0928bd,0,classical_ridge_source,classical_ridge,source,1234,1.027857403500093,1.0256131179994554,0.8392467701930042,predicted,
sim_common_q16_v1::twolocalrandom_indep_qiskit_9,bdd8a427e9747bbc01ad8e77a22d61f0314fe8db0de17786839f2193ab0928bd,0,classical_ridge_source,classical_ridge,source,1234,1.027857403500093,1.0301016890007304,0.8392467701930042,predicted,
sim_common_q16_v1::su2random_indep_qiskit_2,66c9180a271ec04f728ab259ed86a24fe52676e6f40a7614b02f79fd13536c91,0,classical_ridge_source,classical_ridge,source,1234,0.73017823400005,0.73017823400005,0.5196946771131278,predicted,
sim_common_q16_v1::su2random_indep_qiskit_3,c69c35c09a4dcfe7dd09af0b73be8e5f608531bf0baadd794f6861bcf237e40c,3,classical_ridge_source,classical_ridge,source,1234,0.7221970069986128,0.7221970069986128,0.5830023992283069,predicted,
sim_common_q16_v1::su2random_indep_qiskit_4,7fabc879bc998db5c05d7cc5b83db2d1704d7587139b714da9cf82639f4f093e,4,classical_ridge_source,classical_ridge,source,1234,0.6280798560001131,0.6280798560001131,0.6053405701927257,predicted,
sim_common_q16_v1::su2random_indep_qiskit_5,c1572e3b6e41c965a5943c21ceacdbad56fc868b4ee02ff4ef8af2d2054a0602,2,classical_ridge_source,classical_ridge,source,1234,0.7392793660001189,0.7392793660001189,0.683440518442344,predicted,
sim_common_q16_v1::su2random_indep_qiskit_6,2f497b92b87e3e9f44c1ae23dfbffc7309c1550756e6829eb694d42dd4f2ed03,4,classical_ridge_source,classical_ridge,source,1234,0.7643177909994847,0.7643177909994847,0.7119096204932238,predicted,
sim_common_q16_v1::su2random_indep_qiskit_7,4f2368cad1a087f01b7598f13a9afa3b7cea2d6f9e96f79eb390f62213c97af7,2,classical_ridge_source,classical_ridge,source,1234,0.7721899220014166,0.7721899220014166,0.8143965471462337,predicted,
sim_common_q16_v1::su2random_indep_qiskit_8,3157278e31c54e80e45de35bfb793aac89eb413e21aabe08b2e0e140de8c0d39,3,classical_ridge_source,classical_ridge,source,1234,0.738525782002398,0.738525782002398,0.9455219386595421,predicted,
sim_common_q16_v1::su2random_indep_qiskit_9,c6ee0cb7c958cecf010796ce2ad0bb148b9fd660dd52393972c541d9ae422eca,4,classical_ridge_source,classical_ridge,source,1234,1.0278606899992155,1.0278606899992155,0.9426358883631679,predicted,
sim_common_q16_v1::vqe_indep_qiskit_3,92c02520f591e3d46218c6839b62acb2a1d5fbcc2ceba197b9265653f1737b24,4,classical_ridge_source,classical_ridge,source,1234,0.6360782570009178,0.6360782570009178,0.5743094475371426,predicted,
sim_common_q16_v1::vqe_indep_qiskit_4,23a9403cafedb94bbd2f39d4d9106aca7f890047719b80231d86ac9fb8382383,0,classical_ridge_source,classical_ridge,source,1234,0.633112699000776,0.633112699000776,0.6014286523573956,predicted,
sim_common_q16_v1::vqe_indep_qiskit_5,8c7594c05053bb7af0015bd637170a669e9d39c1da6edce6a769992b6ef5c9cb,0,classical_ridge_source,classical_ridge,source,1234,0.7155582859995775,0.7155582859995775,0.6429789298698954,predicted,
sim_common_q16_v1::vqe_indep_qiskit_6,58501be4f197f4efd57535977a245f6adb39216116363b46836664cd6ca29e10,2,classical_ridge_source,classical_ridge,source,1234,0.6403484270012996,0.6403484270012996,0.6922489129687178,predicted,
sim_common_q16_v1::vqe_indep_qiskit_7,63b92ee6c5b54da107e9016de97e2cb7768bfb970ebc025650706533e47d3caf,2,classical_ridge_source,classical_ridge,source,1234,0.739464948001114,0.739464948001114,0.7454204777999307,predicted,
sim_common_q16_v1::vqe_indep_qiskit_8,6e066adb38de82d96650b3f806e398374e88912fd4688ab9c98f3c94dcd33e16,4,classical_ridge_source,classical_ridge,source,1234,0.6498198089975631,0.6498198089975631,0.8689406490244589,predicted,
sim_common_q16_v1::vqe_indep_qiskit_9,bbafe35368c1a915635c383f6aaa4ec709a7c6e055550875d4de11ca0983dbb5,4,classical_ridge_source,classical_ridge,source,1234,0.6784349429981376,0.6784349429981376,0.9389479643042792,predicted,
sim_common_q16_v1::wstate_indep_qiskit_2,75b1db396e34d1f1b234ea8dcdc253203a770cecce7f48bb8a126860723c43df,1,classical_ridge_source,classical_ridge,source,1234,0.6422257209997042,0.6422257209997042,0.6617442720625648,predicted,
sim_common_q16_v1::wstate_indep_qiskit_3,50a5fc62010017f60b77f8c81e9ddf9bd95419be272d2ec5ed1445aae0c7ac92,3,classical_ridge_source,classical_ridge,source,1234,0.6512624009992578,0.6512624009992578,0.5797858246576049,predicted,
sim_common_q16_v1::wstate_indep_qiskit_4,387f2f6f12a10e034ae5b68c11336a9874e87f20871579eec585bfd7311f38c8,4,classical_ridge_source,classical_ridge,source,1234,0.629814787000214,0.629814787000214,0.6253924952333889,predicted,
sim_common_q16_v1::wstate_indep_qiskit_5,dc97062e3adcbcaf813cae5e970c8a0357a239b8d4a09e77a4e3e4625532d209,1,classical_ridge_source,classical_ridge,source,1234,0.6107438010003534,0.6107438010003534,0.6423846076446146,predicted,
sim_common_q16_v1::wstate_indep_qiskit_6,dbfb4dd8bf80cda30461759a3169ec60ac535a27409cf938f691179c6a121ebd,0,classical_ridge_source,classical_ridge,source,1234,0.7103313010011334,0.7103313010011334,0.6616954235340771,predicted,
sim_common_q16_v1::wstate_indep_qiskit_7,1dab21c93a580f711efff03a0f4a1d82985cf201219e886ab246e03a9011735c,1,classical_ridge_source,classical_ridge,source,1234,0.6361640809991513,0.6361640809991513,0.6621583725371811,predicted,
sim_common_q16_v1::wstate_indep_qiskit_8,e2fba21685e6e7d22d625d8babcc9c51a8911815153e52fc89277e0efe117045,3,classical_ridge_source,classical_ridge,source,1234,0.7347158170014154,0.7347158170014154,0.8007451242429973,predicted,
sim_common_q16_v1::wstate_indep_qiskit_9,84c07c56eef046e3c72823b20fb674075b1ab68a85dc6a06baf7f35983e2bd17,2,classical_ridge_source,classical_ridge,source,1234,0.6752045199973509,0.6752045199973509,0.8583289390522337,predicted,
sim_common_q16_v1::ae_indep_qiskit_2,de56c0798eca25bd1510d4d10f11e996f0bad2a11ce94a265da0635c161cbcae,0,classical_ridge_hybrid,classical_ridge,hybrid,1234,0.6445786120020784,0.6445786120020784,0.6579500748552589,predicted,
sim_common_q16_v1::ae_indep_qiskit_3,6b2f9fea850557b40ca9b69341ec300b1c4fe1f4bf53e94436af2ba1586bac62,0,classical_ridge_hybrid,classical_ridge,hybrid,1234,0.6324521900023683,0.6324521900023683,0.5563597455479176,predicted,
sim_common_q16_v1::ae_indep_qiskit_4,9b4261e2d98678946a9aefea16ba9b8abcae8409f8589f8fb3daa941694f88c6,0,classical_ridge_hybrid,classical_ridge,hybrid,1234,0.6257052269975247,0.6257052269975247,0.57194343638248,predicted,
sim_common_q16_v1::ae_indep_qiskit_5,8e4821df72704634cb81ea4d738477a8d596a49cba641e6198fdc9970e1d5d2f,1,classical_ridge_hybrid,classical_ridge,hybrid,1234,0.6429755230019509,0.6429755230019509,0.5946068111654609,predicted,
sim_common_q16_v1::ae_indep_qiskit_6,585424315575b559a664523f6ce6236189739069b3872eea4ccdb995a29f8701,2,classical_ridge_hybrid,classical_ridge,hybrid,1234,0.6249196000026132,0.6249196000026132,0.6202742138948352,predicted,
sim_common_q16_v1::ae_indep_qiskit_7,a70c5b796698f145c5992d324b3a0b5e28eb7301e6f306652a316a55c68f1ae8,4,classical_ridge_hybrid,classical_ridge,hybrid,1234,0.6728184880012122,0.6728184880012122,0.6876893704612824,predicted,
sim_common_q16_v1::ae_indep_qiskit_8,78d3420407751ab52a65abe926510d585ebd3a5d1934ac31c13b28eca5c5ee8a,4,classical_ridge_hybrid,classical_ridge,hybrid,1234,0.7626127499970607,0.7626127499970607,0.8138051667075318,predicted,
sim_common_q16_v1::ae_indep_qiskit_9,78ecec267502f433ab148452979221600becf679520b50ad454009e0ca097af5,3,classical_ridge_hybrid,classical_ridge,hybrid,1234,0.7365946390018507,0.7365946390018507,0.8975309600957329,predicted,
sim_common_q16_v1::dj_indep_qiskit_2,242786b0f7d73c715a317cbdc0725596836f08d98ecd6eb06b3b4ac4f3f563fb,4,classical_ridge_hybrid,classical_ridge,hybrid,1234,0.6235974270020961,0.6235974270020961,0.4859058371383311,predicted,
sim_common_q16_v1::dj_indep_qiskit_3,bc8cb33a3a242fb3ab35191a36313674faaca8fe1839cfa05d79788052424d1d,1,classical_ridge_hybrid,classical_ridge,hybrid,1234,0.6417426940024598,0.6417426940024598,0.5410561633063206,predicted,
sim_common_q16_v1::dj_indep_qiskit_4,3e4560adf43b5c5102bf22f235abcb9dd2ed5e34930cdb929a128226f96e4ea5,1,classical_ridge_hybrid,classical_ridge,hybrid,1234,0.6125353499992343,0.6125353499992343,0.6497053296455673,predicted,
sim_common_q16_v1::dj_indep_qiskit_5,f12c9439f3dfce19e2f161aed74fdafb33146528cdb8524425608579de8b6741,0,classical_ridge_hybrid,classical_ridge,hybrid,1234,0.6494606499982183,0.6494606499982183,0.548901247706615,predicted,
sim_common_q16_v1::dj_indep_qiskit_6,b5736e26e119a619b687dcc0cf8065475e3805bc0c6180b480e0e36badc289db,2,classical_ridge_hybrid,classical_ridge,hybrid,1234,0.7272395580002922,0.7272395580002922,1.2846114459043858,predicted,
sim_common_q16_v1::dj_indep_qiskit_7,9fc54c185186ff8c504ebdac4e3fa109beb4cf46f86196a3376b3153a7f72962,3,classical_ridge_hybrid,classical_ridge,hybrid,1234,0.6525007039999764,0.6525007039999764,1.1749225169293944,predicted,
sim_common_q16_v1::dj_indep_qiskit_9,db0e077b1674f90860a270d014aa8226822880dbf36c819dad0bea17881b7eb5,3,classical_ridge_hybrid,classical_ridge,hybrid,1234,0.6677595889996155,0.6677595889996155,1.1507384869128536,predicted,
sim_common_q16_v1::ghz_indep_qiskit_2,fcd9497c7764bb185a96cc8b6d1c7878851e9b87e64de7ebf47aa1d16eb3ee0a,4,classical_ridge_hybrid,classical_ridge,hybrid,1234,0.6328717180003878,0.6328717180003878,0.8092005744051727,predicted,
sim_common_q16_v1::ghz_indep_qiskit_3,7344fd4d264c475e52edca02e3426225c78af7ed0bdaae137741a04685725a5d,2,classical_ridge_hybrid,classical_ridge,hybrid,1234,0.6362690579990158,0.6362690579990158,0.6869637562243396,predicted,
sim_common_q16_v1::ghz_indep_qiskit_4,01bfdd8291d6badf1219dd3bf6d7e12559976b8ccb3e67d2548e729dc0c0dc82,2,classical_ridge_hybrid,classical_ridge,hybrid,1234,0.6424375300011889,0.6424375300011889,0.615860299612667,predicted,
sim_common_q16_v1::ghz_indep_qiskit_5,de4639e0b84f220ce7281521fbce5104129cc70befb85198bf93def8d4ba7a65,4,classical_ridge_hybrid,classical_ridge,hybrid,1234,0.6349322169990046,0.6349322169990046,0.5809940856237754,predicted,
sim_common_q16_v1::ghz_indep_qiskit_6,c67a77f55c658ad1270fd52c8cbc66319b72ceaa5ca5d4015d775b44e8edd85a,2,classical_ridge_hybrid,classical_ridge,hybrid,1234,0.6285922220013163,0.6285922220013163,0.597337028811683,predicted,
sim_common_q16_v1::ghz_indep_qiskit_7,4b24f68f78c4499a295ab28caa04282d174b7ab2a6b0f5333d3bfe630df72f71,0,classical_ridge_hybrid,classical_ridge,hybrid,1234,0.6354831150019891,0.6354831150019891,0.580556178760843,predicted,
sim_common_q16_v1::ghz_indep_qiskit_8,2e57556a1b12802c7368ef21e0eb8e5c9863f768a48a9a4d0771725e60b8a616,3,classical_ridge_hybrid,classical_ridge,hybrid,1234,0.644572266999603,0.644572266999603,0.7281491259707447,predicted,
sim_common_q16_v1::ghz_indep_qiskit_9,b5f6ad96b1eb0fc9087c079e22e8a91398b460e24d616ed0d8829247aee24f18,0,classical_ridge_hybrid,classical_ridge,hybrid,1234,0.7290791659979732,0.7290791659979732,0.623372132968298,predicted,
sim_common_q16_v1::graphstate_indep_qiskit_3,51e3c5bc60da502bf92a6ed65a7c728a8b957b427652ac8fdaa002b9afc50d40,4,classical_ridge_hybrid,classical_ridge,hybrid,1234,0.645907268000883,0.645907268000883,0.6596913054034177,predicted,
sim_common_q16_v1::graphstate_indep_qiskit_4,13721ab5a328b17bf3f8c3692cda844a7e538a8c92530d0c1236f43d3ad5a884,3,classical_ridge_hybrid,classical_ridge,hybrid,1234,0.6307967300017481,0.6307967300017481,0.6039731930734356,predicted,
sim_common_q16_v1::graphstate_indep_qiskit_5,cfadb6828c07bfc2fac00ca0c9c03935e927b88961597b69936fc199a094b9ea,0,classical_ridge_hybrid,classical_ridge,hybrid,1234,0.6335009460017318,0.6335009460017318,0.5344742814367844,predicted,
sim_common_q16_v1::graphstate_indep_qiskit_6,7b944ad7e38d98fae66177b6c014ae2878d62bcd1765103c19941653817e7996,1,classical_ridge_hybrid,classical_ridge,hybrid,1234,4.12037888100167,4.12037888100167,3.3710449726313128,predicted,
sim_common_q16_v1::graphstate_indep_qiskit_7,551dfe6ad672d4157a761610fc4c1061ea844868f2106407374764552251d63a,1,classical_ridge_hybrid,classical_ridge,hybrid,1234,0.6352743349998491,0.6352743349998491,0.944194507566381,predicted,
sim_common_q16_v1::graphstate_indep_qiskit_8,b6afb1122e1baece13144a1d0da78738759129107f453e9579e99e8789e057fe,3,classical_ridge_hybrid,classical_ridge,hybrid,1234,0.7141289200008032,0.7141289200008032,0.5710842395992942,predicted,
sim_common_q16_v1::graphstate_indep_qiskit_9,040a287609a78a55ab6148ad1a3cc6aa2fcee8b0871b077a9c1a37bee49f69fe,0,classical_ridge_hybrid,classical_ridge,hybrid,1234,3.4133249820006317,3.4133249820006317,1.3319881122698534,predicted,
sim_common_q16_v1::grover-noancilla_indep_qiskit_2,55746e6a2fd8d9c4b8c813443f2db46b072f75db1632dd252298c735fbc72bf0,1,classical_ridge_hybrid,classical_ridge,hybrid,1234,0.6316192150006827,0.6274016160023166,0.5224293828482673,predicted,
sim_common_q16_v1::grover-v-chain_indep_qiskit_2,55746e6a2fd8d9c4b8c813443f2db46b072f75db1632dd252298c735fbc72bf0,1,classical_ridge_hybrid,classical_ridge,hybrid,1234,0.6316192150006827,0.6358368139990489,0.5224293828482673,predicted,
sim_common_q16_v1::grover-noancilla_indep_qiskit_3,bc77f4afad8bbb19a6b320c11bc8f8110a330e395e5c509895e0b6c566cab5e9,4,classical_ridge_hybrid,classical_ridge,hybrid,1234,0.6336756905002403,0.6221831709990511,0.6695053194244547,predicted,
sim_common_q16_v1::grover-v-chain_indep_qiskit_3,bc77f4afad8bbb19a6b320c11bc8f8110a330e395e5c509895e0b6c566cab5e9,4,classical_ridge_hybrid,classical_ridge,hybrid,1234,0.6336756905002403,0.6451682100014295,0.6695053194244547,predicted,
sim_common_q16_v1::grover-noancilla_indep_qiskit_4,edc62038c489069da135981ccefd5c5a2f3cc0a991fa6da4defa393abdb0d2a4,4,classical_ridge_hybrid,classical_ridge,hybrid,1234,0.6425279779978155,0.6347441939979035,0.5541823377540281,predicted,
sim_common_q16_v1::grover-v-chain_indep_qiskit_4,edc62038c489069da135981ccefd5c5a2f3cc0a991fa6da4defa393abdb0d2a4,4,classical_ridge_hybrid,classical_ridge,hybrid,1234,0.6425279779978155,0.6503117619977274,0.5541823377540281,predicted,
sim_common_q16_v1::grover-noancilla_indep_qiskit_5,dd514cba6fbc94c48a3eb8f2ff2210ef74259e76e7f796394066418bfd93ee86,2,classical_ridge_hybrid,classical_ridge,hybrid,1234,0.6749066180018417,0.6749066180018417,0.7026530654772176,predicted,
sim_common_q16_v1::grover-noancilla_indep_qiskit_6,b6a15d3507225e442ed02c90df5179f09c529df7bf5ee38a8005cc265f4203a6,0,classical_ridge_hybrid,classical_ridge,hybrid,1234,0.8617562030012778,0.8617562030012778,1.3101179202867863,predicted,
sim_common_q16_v1::grover-noancilla_indep_qiskit_7,35548785a9c99b0ad9409f18dfbfc3baed0e1dcbb1d95eae8c8510dcda120410,0,classical_ridge_hybrid,classical_ridge,hybrid,1234,2.755100520000269,2.755100520000269,1.5379992565505893,predicted,
sim_common_q16_v1::grover-noancilla_indep_qiskit_8,a3b7d67bad6cd47cb522addfaf763294b1ea99017f443c03052055a2f0074009,4,classical_ridge_hybrid,classical_ridge,hybrid,1234,3.8077989039993554,3.8077989039993554,17.36417443501442,predicted,
sim_common_q16_v1::grover-v-chain_indep_qiskit_5,5042c6dd513b1366c0a145850de9e534b0e38aabc818b994ab8c4b6cad7ad5c8,3,classical_ridge_hybrid,classical_ridge,hybrid,1234,0.6741303899980267,0.6741303899980267,0.9138569030183394,predicted,
sim_common_q16_v1::grover-v-chain_indep_qiskit_7,84056291d9ff227b3c615cc378349fa1154f5a122bcd0eb6bc04045bbf3affa0,4,classical_ridge_hybrid,classical_ridge,hybrid,1234,1.1920864250023442,1.1920864250023442,1.1719428609001563,predicted,
sim_common_q16_v1::grover-v-chain_indep_qiskit_9,3d37464cf8c53831d2867c0c111a83e03a820e90fa26f77d01a4a85f4f9d6875,1,classical_ridge_hybrid,classical_ridge,hybrid,1234,3.409926619999169,3.409926619999169,2.0459514706883737,predicted,
sim_common_q16_v1::portfolioqaoa_indep_qiskit_3,47e6743e95c380a13dc5947d9e9b3db26e541efabd4a27134ff26aa14c00ba7d,1,classical_ridge_hybrid,classical_ridge,hybrid,1234,0.6487017560029926,0.6487017560029926,0.5739062895482245,predicted,
sim_common_q16_v1::portfolioqaoa_indep_qiskit_4,568570a69663949a1aaac2fe16e74d3d065c7a8e6013e21368a9d8add886d6dc,2,classical_ridge_hybrid,classical_ridge,hybrid,1234,0.6451116749994981,0.6451116749994981,0.6211629953451772,predicted,
sim_common_q16_v1::portfolioqaoa_indep_qiskit_5,0f7836c0a3a429dd9b4f2b55a4fab5d6d112458814cb34efb22309ec614c801f,2,classical_ridge_hybrid,classical_ridge,hybrid,1234,0.6517559040003107,0.6517559040003107,0.7193852344607569,predicted,
sim_common_q16_v1::portfolioqaoa_indep_qiskit_6,4dd5e72918722dff3c88e277e20e3ecc1e06dfd0601343e784eeb454470800b7,4,classical_ridge_hybrid,classical_ridge,hybrid,1234,0.6879031880016555,0.6879031880016555,0.8076751160129438,predicted,
sim_common_q16_v1::portfolioqaoa_indep_qiskit_7,f8d88243c9d36e41e0eedeff4898e325d59ba4d8ceb4b81c7b48757ade1e94b4,0,classical_ridge_hybrid,classical_ridge,hybrid,1234,0.8747539370015147,0.8747539370015147,0.7186734491226234,predicted,
sim_common_q16_v1::portfolioqaoa_indep_qiskit_8,2372d3228c3e3e38e3351feb553380bce5a543c936f73a400de0e54ab470599a,1,classical_ridge_hybrid,classical_ridge,hybrid,1234,0.7452616640002816,0.7452616640002816,0.8978707634069832,predicted,
sim_common_q16_v1::portfolioqaoa_indep_qiskit_9,a53b2a3a1ba8397a96b487c44f825f3cab2e0c714b69298f2ab0a839975b173c,0,classical_ridge_hybrid,classical_ridge,hybrid,1234,1.0392779800022254,1.0392779800022254,0.9020717969126364,predicted,
sim_common_q16_v1::portfoliovqe_indep_qiskit_3,4b5542071ea595cd62184de26c4f1dac3f6afa86f6450f50a28dbe8e1f865257,0,classical_ridge_hybrid,classical_ridge,hybrid,1234,0.6282423720003862,0.6282423720003862,0.5344357753446841,predicted,
sim_common_q16_v1::portfoliovqe_indep_qiskit_4,36bb1354ff108648bc8c9c529a2002a53a68e4bfa9bf3529edce11e5d47f851f,0,classical_ridge_hybrid,classical_ridge,hybrid,1234,0.6387674009965849,0.6387674009965849,0.560274011850912,predicted,
sim_common_q16_v1::portfoliovqe_indep_qiskit_5,28b9eac87132bbff64970708737a94c408cfa435ce16cd395a57ab6fbfe5a6f7,2,classical_ridge_hybrid,classical_ridge,hybrid,1234,0.7472729069995694,0.7472729069995694,0.633974247463075,predicted,
sim_common_q16_v1::portfoliovqe_indep_qiskit_6,7dafebd46e73b9b279f1ef96da32f7d563de3721b856b4570375ab81951e06fc,0,classical_ridge_hybrid,classical_ridge,hybrid,1234,0.672533150001982,0.672533150001982,0.6850061126476865,predicted,
sim_common_q16_v1::portfoliovqe_indep_qiskit_7,99e0865dc3fced630c02b5b2710b24fd9257ba31d54112cde08a769e974f53c4,3,classical_ridge_hybrid,classical_ridge,hybrid,1234,0.7434713800030295,0.7434713800030295,0.8145707129325271,predicted,
sim_common_q16_v1::portfoliovqe_indep_qiskit_8,eb43007109ad9707544629854cfc7259b0e6aa70c5a618cedacbb7d26dd746a0,0,classical_ridge_hybrid,classical_ridge,hybrid,1234,0.7341747549980937,0.7341747549980937,0.8685681341182904,predicted,
sim_common_q16_v1::portfoliovqe_indep_qiskit_9,615d076a941f3eec9d225a20b894c8d30a0c90d4834d03fa0ebd5d13e4b46ded,2,classical_ridge_hybrid,classical_ridge,hybrid,1234,1.0230367410003964,1.0230367410003964,0.8013150702630815,predicted,
sim_common_q16_v1::qaoa_indep_qiskit_3,45ca196e391297302c92dc6ea0fd119efa62b2ee88e3b85260561e5fbafa7400,3,classical_ridge_hybrid,classical_ridge,hybrid,1234,0.6362355410019518,0.6362355410019518,0.8475003591960837,predicted,
sim_common_q16_v1::qaoa_indep_qiskit_4,9649572da691c86252b1620cba73350902b9ba3cf4dbdb3fb2e3531588da98c4,1,classical_ridge_hybrid,classical_ridge,hybrid,1234,0.6444687240000349,0.6444687240000349,0.619324517068496,predicted,
sim_common_q16_v1::qaoa_indep_qiskit_5,f2ce48d725be79c1ea5cbfeb36811261c4e74460588e911c3b2916a9303c1cf5,0,classical_ridge_hybrid,classical_ridge,hybrid,1234,0.6301084189981339,0.6301084189981339,1.3366332777456553,predicted,
sim_common_q16_v1::qaoa_indep_qiskit_6,6a475a20ac3d09839e2b43104ca187037db5ff813b811e0d7356adac93d25244,1,classical_ridge_hybrid,classical_ridge,hybrid,1234,0.6421520209987648,0.6421520209987648,0.6830250696853728,predicted,
sim_common_q16_v1::qaoa_indep_qiskit_7,8e1c1014680274215f87d97c833f99474ed19b3393b2b8eea20a36bde517708b,4,classical_ridge_hybrid,classical_ridge,hybrid,1234,0.6511161570015247,0.6511161570015247,1.2095684146466832,predicted,
sim_common_q16_v1::qaoa_indep_qiskit_8,0a43c652a1c92c83389d952438c22aa0d890a611333da29499d6ff1733925b21,0,classical_ridge_hybrid,classical_ridge,hybrid,1234,0.6687408600009803,0.6687408600009803,2.4965697744803217,predicted,
sim_common_q16_v1::qaoa_indep_qiskit_9,a4a7b8b8d556570de9ea2db286aaa4245fa50f4619f25f0f7414b16d503458d8,1,classical_ridge_hybrid,classical_ridge,hybrid,1234,17.55494177699802,17.55494177699802,1.7270446271440631,predicted,
sim_common_q16_v1::qft_indep_qiskit_2,aa91238ec5978b739b87b3a657746a8786de113397a5abeadf726d1dd9c836b3,2,classical_ridge_hybrid,classical_ridge,hybrid,1234,0.7182261369998741,0.7182261369998741,0.7132238472239525,predicted,
sim_common_q16_v1::qft_indep_qiskit_3,7f613ccae98ac8124d086ee9a39d94b1ed019520da8c3277395b109fd22d7d4d,4,classical_ridge_hybrid,classical_ridge,hybrid,1234,0.638093072000629,0.638093072000629,0.5977990304722403,predicted,
sim_common_q16_v1::qft_indep_qiskit_4,ea84355871fa77560419766f8000de4dcb0eea29468bcb0d89a1c84edff34f61,0,classical_ridge_hybrid,classical_ridge,hybrid,1234,0.6269083859988314,0.6269083859988314,0.5944248805281054,predicted,
sim_common_q16_v1::qft_indep_qiskit_5,0285fd21a0dd1ca29cd386de85a1a8af49cc7d71f5c86f6451b55a11c68864a8,3,classical_ridge_hybrid,classical_ridge,hybrid,1234,0.6442288310026925,0.6442288310026925,0.6306082896025091,predicted,
sim_common_q16_v1::qft_indep_qiskit_6,cbe1ca5505b485bd87b2e68f2b38ecae377e29f823c30e4c44d3f5f87d4266f7,1,classical_ridge_hybrid,classical_ridge,hybrid,1234,0.651070706997416,0.651070706997416,0.6307886326279947,predicted,
sim_common_q16_v1::qft_indep_qiskit_7,01de4bb89da48a3fc09c31d41d509c1446c6a4a3b329612c5baf0d39c56a922e,1,classical_ridge_hybrid,classical_ridge,hybrid,1234,0.6848869749992446,0.6848869749992446,0.690922428357735,predicted,
sim_common_q16_v1::qft_indep_qiskit_8,e4664972befc3ffed396f3842bf910be22c2fbe7f293d3c295b971dfe094d398,3,classical_ridge_hybrid,classical_ridge,hybrid,1234,0.6876082300004782,0.6876082300004782,0.6789268386787981,predicted,
sim_common_q16_v1::qft_indep_qiskit_9,e0c3acec67c0fb535add575a46e01889b30ec7970005214fd2188b94ae3a55a5,0,classical_ridge_hybrid,classical_ridge,hybrid,1234,0.7909492459984904,0.7909492459984904,0.7793746744815255,predicted,
sim_common_q16_v1::qftentangled_indep_qiskit_2,02d66e8b66849fdd0f0581b84924adbd1bd2d7603e25e5e9faa447ac2a6708d0,2,classical_ridge_hybrid,classical_ridge,hybrid,1234,0.6421512939996319,0.6421512939996319,0.7121104310994554,predicted,
sim_common_q16_v1::qftentangled_indep_qiskit_3,5ab4253ed51b729f331c9f3cc78bfecd3ecb2fed2e98818816bf3f64e22f1bfe,2,classical_ridge_hybrid,classical_ridge,hybrid,1234,0.6430523449998873,0.6430523449998873,0.5754882564972613,predicted,
sim_common_q16_v1::qftentangled_indep_qiskit_4,d7a22ac29418bcf9f00346732fe1b985f8e0b9df60273404dabbf4a62027715f,0,classical_ridge_hybrid,classical_ridge,hybrid,1234,0.718577378000191,0.718577378000191,0.6136795546102733,predicted,
sim_common_q16_v1::qftentangled_indep_qiskit_5,4ee5846eef239e2b0e0d3f950f78b5b4b8af213f0063eb50be6bf50bdbb4385d,4,classical_ridge_hybrid,classical_ridge,hybrid,1234,0.711588597001537,0.711588597001537,0.6619329381111176,predicted,
sim_common_q16_v1::qftentangled_indep_qiskit_6,7c8832728feaaf34fac1fda49dfcbfbf655902b5b4eb3f1b11e43f21d15de5bf,2,classical_ridge_hybrid,classical_ridge,hybrid,1234,0.6466906070018013,0.6466906070018013,0.6283429985580624,predicted,
sim_common_q16_v1::qftentangled_indep_qiskit_7,f0e0170b510412a7e964e82f14793115a9e53a1b250283a74abd893a45b5f20e,3,classical_ridge_hybrid,classical_ridge,hybrid,1234,0.7955734110000776,0.7955734110000776,0.6479841080334869,predicted,
sim_common_q16_v1::qftentangled_indep_qiskit_8,8711737782301f568af1980707e62c989655488357aa858d6c63bb8e206ae4fc,4,classical_ridge_hybrid,classical_ridge,hybrid,1234,0.6800704039997072,0.6800704039997072,0.6651966312350763,predicted,
sim_common_q16_v1::qftentangled_indep_qiskit_9,fea8eb37e38bc24d3352d9446471b5cf8f6b8af6ae4c0f931d5942564936274c,3,classical_ridge_hybrid,classical_ridge,hybrid,1234,0.8116922409972176,0.8116922409972176,0.7720191942824981,predicted,
sim_common_q16_v1::qnn_indep_qiskit_2,3c0ed99f7e5a0409bdadc636b8b7a5dd911304ccbe2e87b32589b91dd44a6a5a,3,classical_ridge_hybrid,classical_ridge,hybrid,1234,0.6364995420008199,0.6364995420008199,0.7473929557368981,predicted,
sim_common_q16_v1::qnn_indep_qiskit_3,15e80264fdff1398ab38bbd9144f853a3a2317e95163fda15a1e9ec2657beecb,3,classical_ridge_hybrid,classical_ridge,hybrid,1234,0.7232230859990523,0.7232230859990523,0.5889606669130993,predicted,
sim_common_q16_v1::qnn_indep_qiskit_4,451bd8177acaca0301a8bb4d61cb192f26dce1f81d8ab04ca0aded562d525c58,1,classical_ridge_hybrid,classical_ridge,hybrid,1234,0.6316140970011475,0.6316140970011475,0.6561692855910832,predicted,
sim_common_q16_v1::qnn_indep_qiskit_5,d506e52d304853cd9e55834d3112505279aa22e89e70aa7c00dfc57caad3c72c,0,classical_ridge_hybrid,classical_ridge,hybrid,1234,0.6502378280019911,0.6502378280019911,0.6455280459006918,predicted,
sim_common_q16_v1::qnn_indep_qiskit_6,720a3cec5f9b39a53aa0d59f0ecc24f42f2948fbe56164a033262c628e2ba875,1,classical_ridge_hybrid,classical_ridge,hybrid,1234,0.6810264529995038,0.6810264529995038,0.7689650265394274,predicted,
sim_common_q16_v1::qnn_indep_qiskit_7,6cf91acdbcfc0321d1ffcee7c2197fec29f2b9dd83e7c3b56dbe8d583332ccdb,1,classical_ridge_hybrid,classical_ridge,hybrid,1234,0.7633359889987332,0.7633359889987332,0.8357962912330745,predicted,
sim_common_q16_v1::qnn_indep_qiskit_8,f76953672a13f3e92397fe3586ff6557882560261e995147a67b931d701c7fcf,4,classical_ridge_hybrid,classical_ridge,hybrid,1234,0.8227666269995098,0.8227666269995098,0.8616260775818745,predicted,
sim_common_q16_v1::qnn_indep_qiskit_9,4df5b36e58378649053c461bf5ee1478fa114ac65c0c14551536b820ce8eafc7,1,classical_ridge_hybrid,classical_ridge,hybrid,1234,0.9238195639991318,0.9238195639991318,0.9889636079482528,predicted,
sim_common_q16_v1::qpeexact_indep_qiskit_2,0a43a3dbe4a4294a007fa7ec167a24ea300d3762489b98245c2f80ad29727075,0,classical_ridge_hybrid,classical_ridge,hybrid,1234,0.6283055000021704,0.6283055000021704,0.6285439338187749,predicted,
sim_common_q16_v1::qpeexact_indep_qiskit_3,56289d5fdefe63c89244b0849f2e22753ce30832776d74b79de4603006db32f4,4,classical_ridge_hybrid,classical_ridge,hybrid,1234,0.7184256109976559,0.7184256109976559,0.4023554550983063,predicted,
sim_common_q16_v1::qpeexact_indep_qiskit_4,af7e7c49ba06f5c554580173d3dcd73bc9d5a9dd9c6e3d3cd8c94d494fa4b969,2,classical_ridge_hybrid,classical_ridge,hybrid,1234,0.6284069449975505,0.6284069449975505,0.5347649760272268,predicted,
sim_common_q16_v1::qpeexact_indep_qiskit_5,7478da09664f4489c33c18a6ea1974cc9dea86d1adda1f912c3eaeff27c2d5fa,0,classical_ridge_hybrid,classical_ridge,hybrid,1234,0.6475399470000411,0.6475399470000411,0.6438108754190854,predicted,
sim_common_q16_v1::qpeexact_indep_qiskit_6,abe368f160ce73db792b3af14a6e120eda4838b15f01376daa204a680d07c5bc,2,classical_ridge_hybrid,classical_ridge,hybrid,1234,0.6475595259980764,0.6475595259980764,0.7158259211375773,predicted,
sim_common_q16_v1::qpeexact_indep_qiskit_7,d06936015124a75ae15e1f94eeb54cc51ab24596726b8110765a69ba66d0e80a,0,classical_ridge_hybrid,classical_ridge,hybrid,1234,0.6782379760006734,0.6782379760006734,0.7531844783182887,predicted,
sim_common_q16_v1::qpeexact_indep_qiskit_8,5d3cc38ff0e2b9054c927b6309c6a8dfaba491733eab08b06cc06f2d333da23d,4,classical_ridge_hybrid,classical_ridge,hybrid,1234,0.686445900999388,0.686445900999388,0.9057251601097395,predicted,
sim_common_q16_v1::qpeexact_indep_qiskit_9,31f7b2533d8a3c05d59b44a9b2d93f44bc48da630d1884cf9df0012199e10a74,1,classical_ridge_hybrid,classical_ridge,hybrid,1234,0.7935242480016313,0.7935242480016313,0.8361976048161635,predicted,
sim_common_q16_v1::qpeinexact_indep_qiskit_2,acacd76111e7f23e4224342ca0ab5340b1bdaad3b6eba8893e4036ba14896362,1,classical_ridge_hybrid,classical_ridge,hybrid,1234,0.6258419089972449,0.6258419089972449,0.6659848546672797,predicted,
sim_common_q16_v1::qpeinexact_indep_qiskit_3,afa0cd93480bae81feca2afdcb909ab13c2934f76b139c27872b18658e5c1f28,2,classical_ridge_hybrid,classical_ridge,hybrid,1234,0.6425586090008437,0.6425586090008437,0.529963025607701,predicted,
sim_common_q16_v1::qpeinexact_indep_qiskit_4,1d76cd981622e5ca02125654d00534f3aec623bbb2b95b7ea894049f76916577,4,classical_ridge_hybrid,classical_ridge,hybrid,1234,0.6402722480015655,0.6402722480015655,0.4805244335755316,predicted,
sim_common_q16_v1::qpeinexact_indep_qiskit_5,f37f599f25c5024b4069e866a31563a6daf0b1495d17d25343f7b3cfac1169ee,1,classical_ridge_hybrid,classical_ridge,hybrid,1234,0.6406791050030733,0.6406791050030733,0.6296518302924192,predicted,
sim_common_q16_v1::qpeinexact_indep_qiskit_6,c658b0f6c564cc6b7d6d48105e5567caf0660181ca2dbad8b9bdbdd353962fd6,0,classical_ridge_hybrid,classical_ridge,hybrid,1234,0.6522649979997368,0.6522649979997368,0.6724675877602473,predicted,
sim_common_q16_v1::qpeinexact_indep_qiskit_7,093af0605e834bf0a4f2aef0b46600d12c6b1c913e791fb13e2513048a6b1c70,4,classical_ridge_hybrid,classical_ridge,hybrid,1234,0.7007861210004194,0.7007861210004194,0.728446920470613,predicted,
sim_common_q16_v1::qpeinexact_indep_qiskit_8,82da8e687716ed31c95e72560edb07e7f6073a5be0f5ebffb17d22aff22c81fd,0,classical_ridge_hybrid,classical_ridge,hybrid,1234,0.6688155289994029,0.6688155289994029,0.792515286232384,predicted,
sim_common_q16_v1::qpeinexact_indep_qiskit_9,81a66b1daaf97d148a8a075515daf8702349d257883a1dd88e26993c1622351f,3,classical_ridge_hybrid,classical_ridge,hybrid,1234,0.8898592920013471,0.8898592920013471,0.8930282808377201,predicted,
sim_common_q16_v1::qwalk-noancilla_indep_qiskit_3,9110b8773ad1c544b5ec91feaaa99c96975f7577fe6966b0f0df52dab84bef92,4,classical_ridge_hybrid,classical_ridge,hybrid,1234,0.6806762745000015,0.6374438919992826,0.6710218741894423,predicted,
sim_common_q16_v1::qwalk-v-chain_indep_qiskit_3,9110b8773ad1c544b5ec91feaaa99c96975f7577fe6966b0f0df52dab84bef92,4,classical_ridge_hybrid,classical_ridge,hybrid,1234,0.6806762745000015,0.7239086570007203,0.6710218741894423,predicted,
sim_common_q16_v1::qwalk-noancilla_indep_qiskit_4,2df018ddcd5f44fd33cd5d80af349db5f84e36d6a5f905ef4611e5e5cc0d03f4,4,classical_ridge_hybrid,classical_ridge,hybrid,1234,0.6810126529999252,0.6810126529999252,0.5251233322963907,predicted,
sim_common_q16_v1::qwalk-noancilla_indep_qiskit_5,7e02b8d5bbea94c5e0eabb2edd6a74e15949ae6b737fabb55e66a61d47181912,4,classical_ridge_hybrid,classical_ridge,hybrid,1234,0.7063868340010231,0.7063868340010231,0.8656327896155981,predicted,
sim_common_q16_v1::qwalk-noancilla_indep_qiskit_6,97bdbd3569346cfa4a289ced5de0f3280a495266d423a3af48650bf01484b9be,0,classical_ridge_hybrid,classical_ridge,hybrid,1234,1.015744493000966,1.015744493000966,1.4254786355560722,predicted,
sim_common_q16_v1::qwalk-noancilla_indep_qiskit_7,73abe6179f1e84e36777e1d953028143ee3ff00662ddb793d55022d9344b4940,2,classical_ridge_hybrid,classical_ridge,hybrid,1234,2.998404195997864,2.998404195997864,1.7702715235499475,predicted,
sim_common_q16_v1::qwalk-noancilla_indep_qiskit_8,b23a0318d268fcffc78b4f6ce920c98f33487ec34a71cf7b6225b9b6eb93f1bb,4,classical_ridge_hybrid,classical_ridge,hybrid,1234,3.649332992998097,3.649332992998097,5.160244798361078,predicted,
sim_common_q16_v1::qwalk-noancilla_indep_qiskit_9,e8037a4f622df36c65c0e756e11a6c6e3b8b40fbabaffb6cd59ff1cc79f49063,0,classical_ridge_hybrid,classical_ridge,hybrid,1234,18.4117178100023,18.4117178100023,11.288581430990972,predicted,
sim_common_q16_v1::qwalk-v-chain_indep_qiskit_5,72fb5f837aaa2bec862c3a477efd166f351b72903612c32d444704a431457f4d,0,classical_ridge_hybrid,classical_ridge,hybrid,1234,0.6463327589990513,0.6463327589990513,0.5518563729642718,predicted,
sim_common_q16_v1::qwalk-v-chain_indep_qiskit_7,3d8107599f669ba102c734a8796433a6a348197dd98a74c63f172d7790b5c9a2,2,classical_ridge_hybrid,classical_ridge,hybrid,1234,0.984092689002864,0.984092689002864,1.1534814904882502,predicted,
sim_common_q16_v1::qwalk-v-chain_indep_qiskit_9,8650fb4f2d0816cd59c97df1ed4051936ecb3b5c31d39ba97cdc5cd2af374a8a,4,classical_ridge_hybrid,classical_ridge,hybrid,1234,1.861087077002594,1.861087077002594,1.5217569606675672,predicted,
sim_common_q16_v1::random_indep_qiskit_2,433844fca892218b1218ca028aafb0eddf1929d5ca52fdea53b3cb324e4055bd,1,classical_ridge_hybrid,classical_ridge,hybrid,1234,0.6350642280012835,0.6350642280012835,0.5468020972591515,predicted,
sim_common_q16_v1::random_indep_qiskit_3,d7ecd343052e510bdf5fa0f67f2fdbc3ee5ddccd19f39548c2853114a94dece2,4,classical_ridge_hybrid,classical_ridge,hybrid,1234,0.6280151889986882,0.6280151889986882,0.5840874622846646,predicted,
sim_common_q16_v1::random_indep_qiskit_4,212e0f8a693a745c9fc792b876e7be6ddb0ba051c1b0f558e0819e1437a8a2fb,2,classical_ridge_hybrid,classical_ridge,hybrid,1234,0.7269409180007642,0.7269409180007642,0.6882990072074338,predicted,
sim_common_q16_v1::random_indep_qiskit_5,8f11cd416ae9672f06a39e5ee3a27a70bcbf31d7177cb47270c0cd8512c95381,1,classical_ridge_hybrid,classical_ridge,hybrid,1234,0.7345396679993428,0.7345396679993428,0.8261794720617006,predicted,
sim_common_q16_v1::random_indep_qiskit_6,4d5b55eb4b8a0aea0af4bde721618cbe79ed66e0636398ffddc79ace483672a6,3,classical_ridge_hybrid,classical_ridge,hybrid,1234,0.6658408169969334,0.6658408169969334,0.5869753419427297,predicted,
sim_common_q16_v1::random_indep_qiskit_7,8ffee9c3a3af1aeaa766f38df57fcb62de5efa16d7f328d60a8977cb0da39e22,0,classical_ridge_hybrid,classical_ridge,hybrid,1234,0.7144554340011382,0.7144554340011382,0.4519283779646999,predicted,
sim_common_q16_v1::random_indep_qiskit_8,fa595f88d0ab98542a799af4492f53b2a5e2e88ebc442a9b508abac209d0afcc,3,classical_ridge_hybrid,classical_ridge,hybrid,1234,0.6867609079999966,0.6867609079999966,1.1281084887029174,predicted,
sim_common_q16_v1::random_indep_qiskit_9,93eff191c23e0c3d13a127f38595909e7092290f5119c9be24a1ccc61fff5767,1,classical_ridge_hybrid,classical_ridge,hybrid,1234,0.9196448500006228,0.9196448500006228,0.7590715833706367,predicted,
sim_common_q16_v1::realamprandom_indep_qiskit_2,806f1844d225682cd7d5d0b276b5567caa23697f73064d8a20347024bb03fe40,1,classical_ridge_hybrid,classical_ridge,hybrid,1234,0.6811683435007581,0.7270244620012818,0.6245352329603899,predicted,
sim_common_q16_v1::twolocalrandom_indep_qiskit_2,806f1844d225682cd7d5d0b276b5567caa23697f73064d8a20347024bb03fe40,1,classical_ridge_hybrid,classical_ridge,hybrid,1234,0.6811683435007581,0.6353122250002343,0.6245352329603899,predicted,
sim_common_q16_v1::realamprandom_indep_qiskit_3,79b8fdfbfe6897a226612f9b9e27a4533aac4b48258335fb7746c5f10989cedc,3,classical_ridge_hybrid,classical_ridge,hybrid,1234,0.6289825359999668,0.6333517960010795,0.48674378859365486,predicted,
sim_common_q16_v1::twolocalrandom_indep_qiskit_3,79b8fdfbfe6897a226612f9b9e27a4533aac4b48258335fb7746c5f10989cedc,3,classical_ridge_hybrid,classical_ridge,hybrid,1234,0.6289825359999668,0.6246132759988541,0.48674378859365486,predicted,
sim_common_q16_v1::realamprandom_indep_qiskit_4,187d76ac82884dc3202418b0e06077eec26afed0c625b228d76b4416e6bfa480,3,classical_ridge_hybrid,classical_ridge,hybrid,1234,0.690793351001048,0.6371145330012951,0.5346690689045438,predicted,
sim_common_q16_v1::twolocalrandom_indep_qiskit_4,187d76ac82884dc3202418b0e06077eec26afed0c625b228d76b4416e6bfa480,3,classical_ridge_hybrid,classical_ridge,hybrid,1234,0.690793351001048,0.7444721690008009,0.5346690689045438,predicted,
sim_common_q16_v1::realamprandom_indep_qiskit_5,8d3b3ff10a3a80d0dda4e7043cce2b222aaf9e3cc19caa194b8e87da40266ac5,3,classical_ridge_hybrid,classical_ridge,hybrid,1234,0.6970405395004491,0.6386868430017785,0.6258662189947715,predicted,
sim_common_q16_v1::twolocalrandom_indep_qiskit_5,8d3b3ff10a3a80d0dda4e7043cce2b222aaf9e3cc19caa194b8e87da40266ac5,3,classical_ridge_hybrid,classical_ridge,hybrid,1234,0.6970405395004491,0.7553942359991197,0.6258662189947715,predicted,
sim_common_q16_v1::realamprandom_indep_qiskit_6,c9931425f0767057491a7e6ab8f1ed937fde917a862097440f57606892bddde9,0,classical_ridge_hybrid,classical_ridge,hybrid,1234,0.7250354759999027,0.669643510998867,0.6868055885709328,predicted,
sim_common_q16_v1::twolocalrandom_indep_qiskit_6,c9931425f0767057491a7e6ab8f1ed937fde917a862097440f57606892bddde9,0,classical_ridge_hybrid,classical_ridge,hybrid,1234,0.7250354759999027,0.7804274410009384,0.6868055885709328,predicted,
sim_common_q16_v1::realamprandom_indep_qiskit_7,af19d23c83544c8b7f6be5c42e0254336c9902c1ef454c06b9d45c4582d2fd3d,2,classical_ridge_hybrid,classical_ridge,hybrid,1234,0.7604988409984799,0.7463375029983581,0.768978020667739,predicted,
sim_common_q16_v1::twolocalrandom_indep_qiskit_7,af19d23c83544c8b7f6be5c42e0254336c9902c1ef454c06b9d45c4582d2fd3d,2,classical_ridge_hybrid,classical_ridge,hybrid,1234,0.7604988409984799,0.7746601789986016,0.768978020667739,predicted,
sim_common_q16_v1::realamprandom_indep_qiskit_8,8ea085ea0c0185c560746ab5988221e203c457e2afbb475976fb99f718e2dad1,4,classical_ridge_hybrid,classical_ridge,hybrid,1234,0.7514831415010121,0.7581430490026833,0.9545495279185326,predicted,
sim_common_q16_v1::twolocalrandom_indep_qiskit_8,8ea085ea0c0185c560746ab5988221e203c457e2afbb475976fb99f718e2dad1,4,classical_ridge_hybrid,classical_ridge,hybrid,1234,0.7514831415010121,0.744823233999341,0.9545495279185326,predicted,
sim_common_q16_v1::realamprandom_indep_qiskit_9,bdd8a427e9747bbc01ad8e77a22d61f0314fe8db0de17786839f2193ab0928bd,0,classical_ridge_hybrid,classical_ridge,hybrid,1234,1.027857403500093,1.0256131179994554,0.9603614010955278,predicted,
sim_common_q16_v1::twolocalrandom_indep_qiskit_9,bdd8a427e9747bbc01ad8e77a22d61f0314fe8db0de17786839f2193ab0928bd,0,classical_ridge_hybrid,classical_ridge,hybrid,1234,1.027857403500093,1.0301016890007304,0.9603614010955278,predicted,
sim_common_q16_v1::su2random_indep_qiskit_2,66c9180a271ec04f728ab259ed86a24fe52676e6f40a7614b02f79fd13536c91,0,classical_ridge_hybrid,classical_ridge,hybrid,1234,0.73017823400005,0.73017823400005,0.8625079284970684,predicted,
sim_common_q16_v1::su2random_indep_qiskit_3,c69c35c09a4dcfe7dd09af0b73be8e5f608531bf0baadd794f6861bcf237e40c,3,classical_ridge_hybrid,classical_ridge,hybrid,1234,0.7221970069986128,0.7221970069986128,0.604091285933988,predicted,
sim_common_q16_v1::su2random_indep_qiskit_4,7fabc879bc998db5c05d7cc5b83db2d1704d7587139b714da9cf82639f4f093e,4,classical_ridge_hybrid,classical_ridge,hybrid,1234,0.6280798560001131,0.6280798560001131,0.573149852525237,predicted,
sim_common_q16_v1::su2random_indep_qiskit_5,c1572e3b6e41c965a5943c21ceacdbad56fc868b4ee02ff4ef8af2d2054a0602,2,classical_ridge_hybrid,classical_ridge,hybrid,1234,0.7392793660001189,0.7392793660001189,0.7150649173987503,predicted,
sim_common_q16_v1::su2random_indep_qiskit_6,2f497b92b87e3e9f44c1ae23dfbffc7309c1550756e6829eb694d42dd4f2ed03,4,classical_ridge_hybrid,classical_ridge,hybrid,1234,0.7643177909994847,0.7643177909994847,0.7319570807150777,predicted,
sim_common_q16_v1::su2random_indep_qiskit_7,4f2368cad1a087f01b7598f13a9afa3b7cea2d6f9e96f79eb390f62213c97af7,2,classical_ridge_hybrid,classical_ridge,hybrid,1234,0.7721899220014166,0.7721899220014166,0.8367169394269629,predicted,
sim_common_q16_v1::su2random_indep_qiskit_8,3157278e31c54e80e45de35bfb793aac89eb413e21aabe08b2e0e140de8c0d39,3,classical_ridge_hybrid,classical_ridge,hybrid,1234,0.738525782002398,0.738525782002398,0.9993828806933444,predicted,
sim_common_q16_v1::su2random_indep_qiskit_9,c6ee0cb7c958cecf010796ce2ad0bb148b9fd660dd52393972c541d9ae422eca,4,classical_ridge_hybrid,classical_ridge,hybrid,1234,1.0278606899992155,1.0278606899992155,0.8017086796578448,predicted,
sim_common_q16_v1::vqe_indep_qiskit_3,92c02520f591e3d46218c6839b62acb2a1d5fbcc2ceba197b9265653f1737b24,4,classical_ridge_hybrid,classical_ridge,hybrid,1234,0.6360782570009178,0.6360782570009178,0.6368280275612285,predicted,
sim_common_q16_v1::vqe_indep_qiskit_4,23a9403cafedb94bbd2f39d4d9106aca7f890047719b80231d86ac9fb8382383,0,classical_ridge_hybrid,classical_ridge,hybrid,1234,0.633112699000776,0.633112699000776,0.6319973351462967,predicted,
sim_common_q16_v1::vqe_indep_qiskit_5,8c7594c05053bb7af0015bd637170a669e9d39c1da6edce6a769992b6ef5c9cb,0,classical_ridge_hybrid,classical_ridge,hybrid,1234,0.7155582859995775,0.7155582859995775,0.6607209117507903,predicted,
sim_common_q16_v1::vqe_indep_qiskit_6,58501be4f197f4efd57535977a245f6adb39216116363b46836664cd6ca29e10,2,classical_ridge_hybrid,classical_ridge,hybrid,1234,0.6403484270012996,0.6403484270012996,0.6525284493766766,predicted,
sim_common_q16_v1::vqe_indep_qiskit_7,63b92ee6c5b54da107e9016de97e2cb7768bfb970ebc025650706533e47d3caf,2,classical_ridge_hybrid,classical_ridge,hybrid,1234,0.739464948001114,0.739464948001114,0.6998733600131424,predicted,
sim_common_q16_v1::vqe_indep_qiskit_8,6e066adb38de82d96650b3f806e398374e88912fd4688ab9c98f3c94dcd33e16,4,classical_ridge_hybrid,classical_ridge,hybrid,1234,0.6498198089975631,0.6498198089975631,0.7513989782430234,predicted,
sim_common_q16_v1::vqe_indep_qiskit_9,bbafe35368c1a915635c383f6aaa4ec709a7c6e055550875d4de11ca0983dbb5,4,classical_ridge_hybrid,classical_ridge,hybrid,1234,0.6784349429981376,0.6784349429981376,0.8520826705511467,predicted,
sim_common_q16_v1::wstate_indep_qiskit_2,75b1db396e34d1f1b234ea8dcdc253203a770cecce7f48bb8a126860723c43df,1,classical_ridge_hybrid,classical_ridge,hybrid,1234,0.6422257209997042,0.6422257209997042,0.7083061938171324,predicted,
sim_common_q16_v1::wstate_indep_qiskit_3,50a5fc62010017f60b77f8c81e9ddf9bd95419be272d2ec5ed1445aae0c7ac92,3,classical_ridge_hybrid,classical_ridge,hybrid,1234,0.6512624009992578,0.6512624009992578,0.6280865183357343,predicted,
sim_common_q16_v1::wstate_indep_qiskit_4,387f2f6f12a10e034ae5b68c11336a9874e87f20871579eec585bfd7311f38c8,4,classical_ridge_hybrid,classical_ridge,hybrid,1234,0.629814787000214,0.629814787000214,0.5790390298517892,predicted,
sim_common_q16_v1::wstate_indep_qiskit_5,dc97062e3adcbcaf813cae5e970c8a0357a239b8d4a09e77a4e3e4625532d209,1,classical_ridge_hybrid,classical_ridge,hybrid,1234,0.6107438010003534,0.6107438010003534,0.6289087261853468,predicted,
sim_common_q16_v1::wstate_indep_qiskit_6,dbfb4dd8bf80cda30461759a3169ec60ac535a27409cf938f691179c6a121ebd,0,classical_ridge_hybrid,classical_ridge,hybrid,1234,0.7103313010011334,0.7103313010011334,0.612322637732351,predicted,
sim_common_q16_v1::wstate_indep_qiskit_7,1dab21c93a580f711efff03a0f4a1d82985cf201219e886ab246e03a9011735c,1,classical_ridge_hybrid,classical_ridge,hybrid,1234,0.6361640809991513,0.6361640809991513,0.6553576191403282,predicted,
sim_common_q16_v1::wstate_indep_qiskit_8,e2fba21685e6e7d22d625d8babcc9c51a8911815153e52fc89277e0efe117045,3,classical_ridge_hybrid,classical_ridge,hybrid,1234,0.7347158170014154,0.7347158170014154,0.7572368069170259,predicted,
sim_common_q16_v1::wstate_indep_qiskit_9,84c07c56eef046e3c72823b20fb674075b1ab68a85dc6a06baf7f35983e2bd17,2,classical_ridge_hybrid,classical_ridge,hybrid,1234,0.6752045199973509,0.6752045199973509,0.8384582196457925,predicted,
sim_common_q16_v1::ae_indep_qiskit_2,de56c0798eca25bd1510d4d10f11e996f0bad2a11ce94a265da0635c161cbcae,0,classical_ridge_transpiled,classical_ridge,transpiled,1234,0.6445786120020784,0.6445786120020784,0.49973958501587046,predicted,
sim_common_q16_v1::ae_indep_qiskit_3,6b2f9fea850557b40ca9b69341ec300b1c4fe1f4bf53e94436af2ba1586bac62,0,classical_ridge_transpiled,classical_ridge,transpiled,1234,0.6324521900023683,0.6324521900023683,0.5197380408597574,predicted,
sim_common_q16_v1::ae_indep_qiskit_4,9b4261e2d98678946a9aefea16ba9b8abcae8409f8589f8fb3daa941694f88c6,0,classical_ridge_transpiled,classical_ridge,transpiled,1234,0.6257052269975247,0.6257052269975247,0.6278196911524341,predicted,
sim_common_q16_v1::ae_indep_qiskit_5,8e4821df72704634cb81ea4d738477a8d596a49cba641e6198fdc9970e1d5d2f,1,classical_ridge_transpiled,classical_ridge,transpiled,1234,0.6429755230019509,0.6429755230019509,0.6934481060134396,predicted,
sim_common_q16_v1::ae_indep_qiskit_6,585424315575b559a664523f6ce6236189739069b3872eea4ccdb995a29f8701,2,classical_ridge_transpiled,classical_ridge,transpiled,1234,0.6249196000026132,0.6249196000026132,0.7975960555191337,predicted,
sim_common_q16_v1::ae_indep_qiskit_7,a70c5b796698f145c5992d324b3a0b5e28eb7301e6f306652a316a55c68f1ae8,4,classical_ridge_transpiled,classical_ridge,transpiled,1234,0.6728184880012122,0.6728184880012122,0.9014846737443206,predicted,
sim_common_q16_v1::ae_indep_qiskit_8,78d3420407751ab52a65abe926510d585ebd3a5d1934ac31c13b28eca5c5ee8a,4,classical_ridge_transpiled,classical_ridge,transpiled,1234,0.7626127499970607,0.7626127499970607,1.055837104871386,predicted,
sim_common_q16_v1::ae_indep_qiskit_9,78ecec267502f433ab148452979221600becf679520b50ad454009e0ca097af5,3,classical_ridge_transpiled,classical_ridge,transpiled,1234,0.7365946390018507,0.7365946390018507,1.2514751166448093,predicted,
sim_common_q16_v1::dj_indep_qiskit_2,242786b0f7d73c715a317cbdc0725596836f08d98ecd6eb06b3b4ac4f3f563fb,4,classical_ridge_transpiled,classical_ridge,transpiled,1234,0.6235974270020961,0.6235974270020961,0.33709008873251955,predicted,
sim_common_q16_v1::dj_indep_qiskit_3,bc8cb33a3a242fb3ab35191a36313674faaca8fe1839cfa05d79788052424d1d,1,classical_ridge_transpiled,classical_ridge,transpiled,1234,0.6417426940024598,0.6417426940024598,0.6142539350571156,predicted,
sim_common_q16_v1::dj_indep_qiskit_4,3e4560adf43b5c5102bf22f235abcb9dd2ed5e34930cdb929a128226f96e4ea5,1,classical_ridge_transpiled,classical_ridge,transpiled,1234,0.6125353499992343,0.6125353499992343,0.6479196652278123,predicted,
sim_common_q16_v1::dj_indep_qiskit_5,f12c9439f3dfce19e2f161aed74fdafb33146528cdb8524425608579de8b6741,0,classical_ridge_transpiled,classical_ridge,transpiled,1234,0.6494606499982183,0.6494606499982183,0.7364122437268739,predicted,
sim_common_q16_v1::dj_indep_qiskit_6,b5736e26e119a619b687dcc0cf8065475e3805bc0c6180b480e0e36badc289db,2,classical_ridge_transpiled,classical_ridge,transpiled,1234,0.7272395580002922,0.7272395580002922,1.0611818154169108,predicted,
sim_common_q16_v1::dj_indep_qiskit_7,9fc54c185186ff8c504ebdac4e3fa109beb4cf46f86196a3376b3153a7f72962,3,classical_ridge_transpiled,classical_ridge,transpiled,1234,0.6525007039999764,0.6525007039999764,1.19283797223544,predicted,
sim_common_q16_v1::dj_indep_qiskit_9,db0e077b1674f90860a270d014aa8226822880dbf36c819dad0bea17881b7eb5,3,classical_ridge_transpiled,classical_ridge,transpiled,1234,0.6677595889996155,0.6677595889996155,1.3847643143721884,predicted,
sim_common_q16_v1::ghz_indep_qiskit_2,fcd9497c7764bb185a96cc8b6d1c7878851e9b87e64de7ebf47aa1d16eb3ee0a,4,classical_ridge_transpiled,classical_ridge,transpiled,1234,0.6328717180003878,0.6328717180003878,0.41188817036370723,predicted,
sim_common_q16_v1::ghz_indep_qiskit_3,7344fd4d264c475e52edca02e3426225c78af7ed0bdaae137741a04685725a5d,2,classical_ridge_transpiled,classical_ridge,transpiled,1234,0.6362690579990158,0.6362690579990158,0.5926646984668625,predicted,
sim_common_q16_v1::ghz_indep_qiskit_4,01bfdd8291d6badf1219dd3bf6d7e12559976b8ccb3e67d2548e729dc0c0dc82,2,classical_ridge_transpiled,classical_ridge,transpiled,1234,0.6424375300011889,0.6424375300011889,0.6913334848044006,predicted,
sim_common_q16_v1::ghz_indep_qiskit_5,de4639e0b84f220ce7281521fbce5104129cc70befb85198bf93def8d4ba7a65,4,classical_ridge_transpiled,classical_ridge,transpiled,1234,0.6349322169990046,0.6349322169990046,0.7856306356180233,predicted,
sim_common_q16_v1::ghz_indep_qiskit_6,c67a77f55c658ad1270fd52c8cbc66319b72ceaa5ca5d4015d775b44e8edd85a,2,classical_ridge_transpiled,classical_ridge,transpiled,1234,0.6285922220013163,0.6285922220013163,0.9011978843704832,predicted,
sim_common_q16_v1::ghz_indep_qiskit_7,4b24f68f78c4499a295ab28caa04282d174b7ab2a6b0f5333d3bfe630df72f71,0,classical_ridge_transpiled,classical_ridge,transpiled,1234,0.6354831150019891,0.6354831150019891,1.0264579117241674,predicted,
sim_common_q16_v1::ghz_indep_qiskit_8,2e57556a1b12802c7368ef21e0eb8e5c9863f768a48a9a4d0771725e60b8a616,3,classical_ridge_transpiled,classical_ridge,transpiled,1234,0.644572266999603,0.644572266999603,1.2143142779787108,predicted,
sim_common_q16_v1::ghz_indep_qiskit_9,b5f6ad96b1eb0fc9087c079e22e8a91398b460e24d616ed0d8829247aee24f18,0,classical_ridge_transpiled,classical_ridge,transpiled,1234,0.7290791659979732,0.7290791659979732,1.297426176532553,predicted,
sim_common_q16_v1::graphstate_indep_qiskit_3,51e3c5bc60da502bf92a6ed65a7c728a8b957b427652ac8fdaa002b9afc50d40,4,classical_ridge_transpiled,classical_ridge,transpiled,1234,0.645907268000883,0.645907268000883,0.49827806780844247,predicted,
sim_common_q16_v1::graphstate_indep_qiskit_4,13721ab5a328b17bf3f8c3692cda844a7e538a8c92530d0c1236f43d3ad5a884,3,classical_ridge_transpiled,classical_ridge,transpiled,1234,0.6307967300017481,0.6307967300017481,0.513240328846468,predicted,
sim_common_q16_v1::graphstate_indep_qiskit_5,cfadb6828c07bfc2fac00ca0c9c03935e927b88961597b69936fc199a094b9ea,0,classical_ridge_transpiled,classical_ridge,transpiled,1234,0.6335009460017318,0.6335009460017318,0.6281759231767576,predicted,
sim_common_q16_v1::graphstate_indep_qiskit_6,7b944ad7e38d98fae66177b6c014ae2878d62bcd1765103c19941653817e7996,1,classical_ridge_transpiled,classical_ridge,transpiled,1234,4.12037888100167,4.12037888100167,1.147865102084726,predicted,
sim_common_q16_v1::graphstate_indep_qiskit_7,551dfe6ad672d4157a761610fc4c1061ea844868f2106407374764552251d63a,1,classical_ridge_transpiled,classical_ridge,transpiled,1234,0.6352743349998491,0.6352743349998491,0.6881359356589096,predicted,
sim_common_q16_v1::graphstate_indep_qiskit_8,b6afb1122e1baece13144a1d0da78738759129107f453e9579e99e8789e057fe,3,classical_ridge_transpiled,classical_ridge,transpiled,1234,0.7141289200008032,0.7141289200008032,0.7627781029104839,predicted,
sim_common_q16_v1::graphstate_indep_qiskit_9,040a287609a78a55ab6148ad1a3cc6aa2fcee8b0871b077a9c1a37bee49f69fe,0,classical_ridge_transpiled,classical_ridge,transpiled,1234,3.4133249820006317,3.4133249820006317,1.401226680999292,predicted,
sim_common_q16_v1::grover-noancilla_indep_qiskit_2,55746e6a2fd8d9c4b8c813443f2db46b072f75db1632dd252298c735fbc72bf0,1,classical_ridge_transpiled,classical_ridge,transpiled,1234,0.6316192150006827,0.6274016160023166,0.5508870489580059,predicted,
sim_common_q16_v1::grover-v-chain_indep_qiskit_2,55746e6a2fd8d9c4b8c813443f2db46b072f75db1632dd252298c735fbc72bf0,1,classical_ridge_transpiled,classical_ridge,transpiled,1234,0.6316192150006827,0.6358368139990489,0.5508870489580059,predicted,
sim_common_q16_v1::grover-noancilla_indep_qiskit_3,bc77f4afad8bbb19a6b320c11bc8f8110a330e395e5c509895e0b6c566cab5e9,4,classical_ridge_transpiled,classical_ridge,transpiled,1234,0.6336756905002403,0.6221831709990511,0.5154011664928835,predicted,
sim_common_q16_v1::grover-v-chain_indep_qiskit_3,bc77f4afad8bbb19a6b320c11bc8f8110a330e395e5c509895e0b6c566cab5e9,4,classical_ridge_transpiled,classical_ridge,transpiled,1234,0.6336756905002403,0.6451682100014295,0.5154011664928835,predicted,
sim_common_q16_v1::grover-noancilla_indep_qiskit_4,edc62038c489069da135981ccefd5c5a2f3cc0a991fa6da4defa393abdb0d2a4,4,classical_ridge_transpiled,classical_ridge,transpiled,1234,0.6425279779978155,0.6347441939979035,0.5326016749567184,predicted,
sim_common_q16_v1::grover-v-chain_indep_qiskit_4,edc62038c489069da135981ccefd5c5a2f3cc0a991fa6da4defa393abdb0d2a4,4,classical_ridge_transpiled,classical_ridge,transpiled,1234,0.6425279779978155,0.6503117619977274,0.5326016749567184,predicted,
sim_common_q16_v1::grover-noancilla_indep_qiskit_5,dd514cba6fbc94c48a3eb8f2ff2210ef74259e76e7f796394066418bfd93ee86,2,classical_ridge_transpiled,classical_ridge,transpiled,1234,0.6749066180018417,0.6749066180018417,0.682546986573493,predicted,
sim_common_q16_v1::grover-noancilla_indep_qiskit_6,b6a15d3507225e442ed02c90df5179f09c529df7bf5ee38a8005cc265f4203a6,0,classical_ridge_transpiled,classical_ridge,transpiled,1234,0.8617562030012778,0.8617562030012778,0.9637665699521304,predicted,
sim_common_q16_v1::grover-noancilla_indep_qiskit_7,35548785a9c99b0ad9409f18dfbfc3baed0e1dcbb1d95eae8c8510dcda120410,0,classical_ridge_transpiled,classical_ridge,transpiled,1234,2.755100520000269,2.755100520000269,1.6584195335310803,predicted,
sim_common_q16_v1::grover-noancilla_indep_qiskit_8,a3b7d67bad6cd47cb522addfaf763294b1ea99017f443c03052055a2f0074009,4,classical_ridge_transpiled,classical_ridge,transpiled,1234,3.8077989039993554,3.8077989039993554,5.655896945614422,predicted,
sim_common_q16_v1::grover-v-chain_indep_qiskit_5,5042c6dd513b1366c0a145850de9e534b0e38aabc818b994ab8c4b6cad7ad5c8,3,classical_ridge_transpiled,classical_ridge,transpiled,1234,0.6741303899980267,0.6741303899980267,0.7531840259090833,predicted,
sim_common_q16_v1::grover-v-chain_indep_qiskit_7,84056291d9ff227b3c615cc378349fa1154f5a122bcd0eb6bc04045bbf3affa0,4,classical_ridge_transpiled,classical_ridge,transpiled,1234,1.1920864250023442,1.1920864250023442,1.0794089663869268,predicted,
sim_common_q16_v1::grover-v-chain_indep_qiskit_9,3d37464cf8c53831d2867c0c111a83e03a820e90fa26f77d01a4a85f4f9d6875,1,classical_ridge_transpiled,classical_ridge,transpiled,1234,3.409926619999169,3.409926619999169,1.5224101461162698,predicted,
sim_common_q16_v1::portfolioqaoa_indep_qiskit_3,47e6743e95c380a13dc5947d9e9b3db26e541efabd4a27134ff26aa14c00ba7d,1,classical_ridge_transpiled,classical_ridge,transpiled,1234,0.6487017560029926,0.6487017560029926,0.6173510094158373,predicted,
sim_common_q16_v1::portfolioqaoa_indep_qiskit_4,568570a69663949a1aaac2fe16e74d3d065c7a8e6013e21368a9d8add886d6dc,2,classical_ridge_transpiled,classical_ridge,transpiled,1234,0.6451116749994981,0.6451116749994981,0.5568786015892067,predicted,
sim_common_q16_v1::portfolioqaoa_indep_qiskit_5,0f7836c0a3a429dd9b4f2b55a4fab5d6d112458814cb34efb22309ec614c801f,2,classical_ridge_transpiled,classical_ridge,transpiled,1234,0.6517559040003107,0.6517559040003107,0.6754583141059886,predicted,
sim_common_q16_v1::portfolioqaoa_indep_qiskit_6,4dd5e72918722dff3c88e277e20e3ecc1e06dfd0601343e784eeb454470800b7,4,classical_ridge_transpiled,classical_ridge,transpiled,1234,0.6879031880016555,0.6879031880016555,0.765545149413198,predicted,
sim_common_q16_v1::portfolioqaoa_indep_qiskit_7,f8d88243c9d36e41e0eedeff4898e325d59ba4d8ceb4b81c7b48757ade1e94b4,0,classical_ridge_transpiled,classical_ridge,transpiled,1234,0.8747539370015147,0.8747539370015147,0.8723546034788772,predicted,
sim_common_q16_v1::portfolioqaoa_indep_qiskit_8,2372d3228c3e3e38e3351feb553380bce5a543c936f73a400de0e54ab470599a,1,classical_ridge_transpiled,classical_ridge,transpiled,1234,0.7452616640002816,0.7452616640002816,0.8697454628820805,predicted,
sim_common_q16_v1::portfolioqaoa_indep_qiskit_9,a53b2a3a1ba8397a96b487c44f825f3cab2e0c714b69298f2ab0a839975b173c,0,classical_ridge_transpiled,classical_ridge,transpiled,1234,1.0392779800022254,1.0392779800022254,1.124560792668205,predicted,
sim_common_q16_v1::portfoliovqe_indep_qiskit_3,4b5542071ea595cd62184de26c4f1dac3f6afa86f6450f50a28dbe8e1f865257,0,classical_ridge_transpiled,classical_ridge,transpiled,1234,0.6282423720003862,0.6282423720003862,0.5041007732768515,predicted,
sim_common_q16_v1::portfoliovqe_indep_qiskit_4,36bb1354ff108648bc8c9c529a2002a53a68e4bfa9bf3529edce11e5d47f851f,0,classical_ridge_transpiled,classical_ridge,transpiled,1234,0.6387674009965849,0.6387674009965849,0.5440781247795272,predicted,
sim_common_q16_v1::portfoliovqe_indep_qiskit_5,28b9eac87132bbff64970708737a94c408cfa435ce16cd395a57ab6fbfe5a6f7,2,classical_ridge_transpiled,classical_ridge,transpiled,1234,0.7472729069995694,0.7472729069995694,0.6239458439627383,predicted,
sim_common_q16_v1::portfoliovqe_indep_qiskit_6,7dafebd46e73b9b279f1ef96da32f7d563de3721b856b4570375ab81951e06fc,0,classical_ridge_transpiled,classical_ridge,transpiled,1234,0.672533150001982,0.672533150001982,0.7217677149151238,predicted,
sim_common_q16_v1::portfoliovqe_indep_qiskit_7,99e0865dc3fced630c02b5b2710b24fd9257ba31d54112cde08a769e974f53c4,3,classical_ridge_transpiled,classical_ridge,transpiled,1234,0.7434713800030295,0.7434713800030295,0.8449012903704636,predicted,
sim_common_q16_v1::portfoliovqe_indep_qiskit_8,eb43007109ad9707544629854cfc7259b0e6aa70c5a618cedacbb7d26dd746a0,0,classical_ridge_transpiled,classical_ridge,transpiled,1234,0.7341747549980937,0.7341747549980937,0.9537179032250123,predicted,
sim_common_q16_v1::portfoliovqe_indep_qiskit_9,615d076a941f3eec9d225a20b894c8d30a0c90d4834d03fa0ebd5d13e4b46ded,2,classical_ridge_transpiled,classical_ridge,transpiled,1234,1.0230367410003964,1.0230367410003964,1.0130396143947404,predicted,
sim_common_q16_v1::qaoa_indep_qiskit_3,45ca196e391297302c92dc6ea0fd119efa62b2ee88e3b85260561e5fbafa7400,3,classical_ridge_transpiled,classical_ridge,transpiled,1234,0.6362355410019518,0.6362355410019518,0.5094040570800723,predicted,
sim_common_q16_v1::qaoa_indep_qiskit_4,9649572da691c86252b1620cba73350902b9ba3cf4dbdb3fb2e3531588da98c4,1,classical_ridge_transpiled,classical_ridge,transpiled,1234,0.6444687240000349,0.6444687240000349,0.6425445510706154,predicted,
sim_common_q16_v1::qaoa_indep_qiskit_5,f2ce48d725be79c1ea5cbfeb36811261c4e74460588e911c3b2916a9303c1cf5,0,classical_ridge_transpiled,classical_ridge,transpiled,1234,0.6301084189981339,0.6301084189981339,0.6204078227854288,predicted,
sim_common_q16_v1::qaoa_indep_qiskit_6,6a475a20ac3d09839e2b43104ca187037db5ff813b811e0d7356adac93d25244,1,classical_ridge_transpiled,classical_ridge,transpiled,1234,0.6421520209987648,0.6421520209987648,0.7158168508427454,predicted,
sim_common_q16_v1::qaoa_indep_qiskit_7,8e1c1014680274215f87d97c833f99474ed19b3393b2b8eea20a36bde517708b,4,classical_ridge_transpiled,classical_ridge,transpiled,1234,0.6511161570015247,0.6511161570015247,0.7381517739123998,predicted,
sim_common_q16_v1::qaoa_indep_qiskit_8,0a43c652a1c92c83389d952438c22aa0d890a611333da29499d6ff1733925b21,0,classical_ridge_transpiled,classical_ridge,transpiled,1234,0.6687408600009803,0.6687408600009803,0.9484627918283507,predicted,
sim_common_q16_v1::qaoa_indep_qiskit_9,a4a7b8b8d556570de9ea2db286aaa4245fa50f4619f25f0f7414b16d503458d8,1,classical_ridge_transpiled,classical_ridge,transpiled,1234,17.55494177699802,17.55494177699802,1.0370719674803297,predicted,
sim_common_q16_v1::qft_indep_qiskit_2,aa91238ec5978b739b87b3a657746a8786de113397a5abeadf726d1dd9c836b3,2,classical_ridge_transpiled,classical_ridge,transpiled,1234,0.7182261369998741,0.7182261369998741,0.42846269026706807,predicted,
sim_common_q16_v1::qft_indep_qiskit_3,7f613ccae98ac8124d086ee9a39d94b1ed019520da8c3277395b109fd22d7d4d,4,classical_ridge_transpiled,classical_ridge,transpiled,1234,0.638093072000629,0.638093072000629,0.5332877164028611,predicted,
sim_common_q16_v1::qft_indep_qiskit_4,ea84355871fa77560419766f8000de4dcb0eea29468bcb0d89a1c84edff34f61,0,classical_ridge_transpiled,classical_ridge,transpiled,1234,0.6269083859988314,0.6269083859988314,0.5789132278456024,predicted,
sim_common_q16_v1::qft_indep_qiskit_5,0285fd21a0dd1ca29cd386de85a1a8af49cc7d71f5c86f6451b55a11c68864a8,3,classical_ridge_transpiled,classical_ridge,transpiled,1234,0.6442288310026925,0.6442288310026925,0.7269905913894237,predicted,
sim_common_q16_v1::qft_indep_qiskit_6,cbe1ca5505b485bd87b2e68f2b38ecae377e29f823c30e4c44d3f5f87d4266f7,1,classical_ridge_transpiled,classical_ridge,transpiled,1234,0.651070706997416,0.651070706997416,0.7271178837488999,predicted,
sim_common_q16_v1::qft_indep_qiskit_7,01de4bb89da48a3fc09c31d41d509c1446c6a4a3b329612c5baf0d39c56a922e,1,classical_ridge_transpiled,classical_ridge,transpiled,1234,0.6848869749992446,0.6848869749992446,0.777389209422221,predicted,
sim_common_q16_v1::qft_indep_qiskit_8,e4664972befc3ffed396f3842bf910be22c2fbe7f293d3c295b971dfe094d398,3,classical_ridge_transpiled,classical_ridge,transpiled,1234,0.6876082300004782,0.6876082300004782,1.0562311545572087,predicted,
sim_common_q16_v1::qft_indep_qiskit_9,e0c3acec67c0fb535add575a46e01889b30ec7970005214fd2188b94ae3a55a5,0,classical_ridge_transpiled,classical_ridge,transpiled,1234,0.7909492459984904,0.7909492459984904,1.127919384657905,predicted,
sim_common_q16_v1::qftentangled_indep_qiskit_2,02d66e8b66849fdd0f0581b84924adbd1bd2d7603e25e5e9faa447ac2a6708d0,2,classical_ridge_transpiled,classical_ridge,transpiled,1234,0.6421512939996319,0.6421512939996319,0.4180768869271788,predicted,
sim_common_q16_v1::qftentangled_indep_qiskit_3,5ab4253ed51b729f331c9f3cc78bfecd3ecb2fed2e98818816bf3f64e22f1bfe,2,classical_ridge_transpiled,classical_ridge,transpiled,1234,0.6430523449998873,0.6430523449998873,0.48990540180794523,predicted,
sim_common_q16_v1::qftentangled_indep_qiskit_4,d7a22ac29418bcf9f00346732fe1b985f8e0b9df60273404dabbf4a62027715f,0,classical_ridge_transpiled,classical_ridge,transpiled,1234,0.718577378000191,0.718577378000191,0.6126197282637524,predicted,
sim_common_q16_v1::qftentangled_indep_qiskit_5,4ee5846eef239e2b0e0d3f950f78b5b4b8af213f0063eb50be6bf50bdbb4385d,4,classical_ridge_transpiled,classical_ridge,transpiled,1234,0.711588597001537,0.711588597001537,0.6701411667632197,predicted,
sim_common_q16_v1::qftentangled_indep_qiskit_6,7c8832728feaaf34fac1fda49dfcbfbf655902b5b4eb3f1b11e43f21d15de5bf,2,classical_ridge_transpiled,classical_ridge,transpiled,1234,0.6466906070018013,0.6466906070018013,0.7383297715751487,predicted,
sim_common_q16_v1::qftentangled_indep_qiskit_7,f0e0170b510412a7e964e82f14793115a9e53a1b250283a74abd893a45b5f20e,3,classical_ridge_transpiled,classical_ridge,transpiled,1234,0.7955734110000776,0.7955734110000776,0.8594348505344931,predicted,
sim_common_q16_v1::qftentangled_indep_qiskit_8,8711737782301f568af1980707e62c989655488357aa858d6c63bb8e206ae4fc,4,classical_ridge_transpiled,classical_ridge,transpiled,1234,0.6800704039997072,0.6800704039997072,0.9800200797286884,predicted,
sim_common_q16_v1::qftentangled_indep_qiskit_9,fea8eb37e38bc24d3352d9446471b5cf8f6b8af6ae4c0f931d5942564936274c,3,classical_ridge_transpiled,classical_ridge,transpiled,1234,0.8116922409972176,0.8116922409972176,1.1590724974736526,predicted,
sim_common_q16_v1::qnn_indep_qiskit_2,3c0ed99f7e5a0409bdadc636b8b7a5dd911304ccbe2e87b32589b91dd44a6a5a,3,classical_ridge_transpiled,classical_ridge,transpiled,1234,0.6364995420008199,0.6364995420008199,0.49693321435450327,predicted,
sim_common_q16_v1::qnn_indep_qiskit_3,15e80264fdff1398ab38bbd9144f853a3a2317e95163fda15a1e9ec2657beecb,3,classical_ridge_transpiled,classical_ridge,transpiled,1234,0.7232230859990523,0.7232230859990523,0.5097716455101249,predicted,
sim_common_q16_v1::qnn_indep_qiskit_4,451bd8177acaca0301a8bb4d61cb192f26dce1f81d8ab04ca0aded562d525c58,1,classical_ridge_transpiled,classical_ridge,transpiled,1234,0.6316140970011475,0.6316140970011475,0.6575919585424349,predicted,
sim_common_q16_v1::qnn_indep_qiskit_5,d506e52d304853cd9e55834d3112505279aa22e89e70aa7c00dfc57caad3c72c,0,classical_ridge_transpiled,classical_ridge,transpiled,1234,0.6502378280019911,0.6502378280019911,0.6735667933333997,predicted,
sim_common_q16_v1::qnn_indep_qiskit_6,720a3cec5f9b39a53aa0d59f0ecc24f42f2948fbe56164a033262c628e2ba875,1,classical_ridge_transpiled,classical_ridge,transpiled,1234,0.6810264529995038,0.6810264529995038,0.7454605203175174,predicted,
sim_common_q16_v1::qnn_indep_qiskit_7,6cf91acdbcfc0321d1ffcee7c2197fec29f2b9dd83e7c3b56dbe8d583332ccdb,1,classical_ridge_transpiled,classical_ridge,transpiled,1234,0.7633359889987332,0.7633359889987332,0.7842166796389491,predicted,
sim_common_q16_v1::qnn_indep_qiskit_8,f76953672a13f3e92397fe3586ff6557882560261e995147a67b931d701c7fcf,4,classical_ridge_transpiled,classical_ridge,transpiled,1234,0.8227666269995098,0.8227666269995098,0.9569089573542298,predicted,
sim_common_q16_v1::qnn_indep_qiskit_9,4df5b36e58378649053c461bf5ee1478fa114ac65c0c14551536b820ce8eafc7,1,classical_ridge_transpiled,classical_ridge,transpiled,1234,0.9238195639991318,0.9238195639991318,0.8941922271350136,predicted,
sim_common_q16_v1::qpeexact_indep_qiskit_2,0a43a3dbe4a4294a007fa7ec167a24ea300d3762489b98245c2f80ad29727075,0,classical_ridge_transpiled,classical_ridge,transpiled,1234,0.6283055000021704,0.6283055000021704,0.44321169698746576,predicted,
sim_common_q16_v1::qpeexact_indep_qiskit_3,56289d5fdefe63c89244b0849f2e22753ce30832776d74b79de4603006db32f4,4,classical_ridge_transpiled,classical_ridge,transpiled,1234,0.7184256109976559,0.7184256109976559,0.4162056128178081,predicted,
sim_common_q16_v1::qpeexact_indep_qiskit_4,af7e7c49ba06f5c554580173d3dcd73bc9d5a9dd9c6e3d3cd8c94d494fa4b969,2,classical_ridge_transpiled,classical_ridge,transpiled,1234,0.6284069449975505,0.6284069449975505,0.5955964318904508,predicted,
sim_common_q16_v1::qpeexact_indep_qiskit_5,7478da09664f4489c33c18a6ea1974cc9dea86d1adda1f912c3eaeff27c2d5fa,0,classical_ridge_transpiled,classical_ridge,transpiled,1234,0.6475399470000411,0.6475399470000411,0.6881063773844576,predicted,
sim_common_q16_v1::qpeexact_indep_qiskit_6,abe368f160ce73db792b3af14a6e120eda4838b15f01376daa204a680d07c5bc,2,classical_ridge_transpiled,classical_ridge,transpiled,1234,0.6475595259980764,0.6475595259980764,0.8160703392984241,predicted,
sim_common_q16_v1::qpeexact_indep_qiskit_7,d06936015124a75ae15e1f94eeb54cc51ab24596726b8110765a69ba66d0e80a,0,classical_ridge_transpiled,classical_ridge,transpiled,1234,0.6782379760006734,0.6782379760006734,0.9057539419623041,predicted,
sim_common_q16_v1::qpeexact_indep_qiskit_8,5d3cc38ff0e2b9054c927b6309c6a8dfaba491733eab08b06cc06f2d333da23d,4,classical_ridge_transpiled,classical_ridge,transpiled,1234,0.686445900999388,0.686445900999388,1.0481464132993703,predicted,
sim_common_q16_v1::qpeexact_indep_qiskit_9,31f7b2533d8a3c05d59b44a9b2d93f44bc48da630d1884cf9df0012199e10a74,1,classical_ridge_transpiled,classical_ridge,transpiled,1234,0.7935242480016313,0.7935242480016313,0.8754534609111353,predicted,
sim_common_q16_v1::qpeinexact_indep_qiskit_2,acacd76111e7f23e4224342ca0ab5340b1bdaad3b6eba8893e4036ba14896362,1,classical_ridge_transpiled,classical_ridge,transpiled,1234,0.6258419089972449,0.6258419089972449,0.5764833514834364,predicted,
sim_common_q16_v1::qpeinexact_indep_qiskit_3,afa0cd93480bae81feca2afdcb909ab13c2934f76b139c27872b18658e5c1f28,2,classical_ridge_transpiled,classical_ridge,transpiled,1234,0.6425586090008437,0.6425586090008437,0.45973301832093094,predicted,
sim_common_q16_v1::qpeinexact_indep_qiskit_4,1d76cd981622e5ca02125654d00534f3aec623bbb2b95b7ea894049f76916577,4,classical_ridge_transpiled,classical_ridge,transpiled,1234,0.6402722480015655,0.6402722480015655,0.5281294831556143,predicted,
sim_common_q16_v1::qpeinexact_indep_qiskit_5,f37f599f25c5024b4069e866a31563a6daf0b1495d17d25343f7b3cfac1169ee,1,classical_ridge_transpiled,classical_ridge,transpiled,1234,0.6406791050030733,0.6406791050030733,0.692576311799552,predicted,
sim_common_q16_v1::qpeinexact_indep_qiskit_6,c658b0f6c564cc6b7d6d48105e5567caf0660181ca2dbad8b9bdbdd353962fd6,0,classical_ridge_transpiled,classical_ridge,transpiled,1234,0.6522649979997368,0.6522649979997368,0.7741442419510842,predicted,
sim_common_q16_v1::qpeinexact_indep_qiskit_7,093af0605e834bf0a4f2aef0b46600d12c6b1c913e791fb13e2513048a6b1c70,4,classical_ridge_transpiled,classical_ridge,transpiled,1234,0.7007861210004194,0.7007861210004194,0.903054459705582,predicted,
sim_common_q16_v1::qpeinexact_indep_qiskit_8,82da8e687716ed31c95e72560edb07e7f6073a5be0f5ebffb17d22aff22c81fd,0,classical_ridge_transpiled,classical_ridge,transpiled,1234,0.6688155289994029,0.6688155289994029,1.033718683742002,predicted,
sim_common_q16_v1::qpeinexact_indep_qiskit_9,81a66b1daaf97d148a8a075515daf8702349d257883a1dd88e26993c1622351f,3,classical_ridge_transpiled,classical_ridge,transpiled,1234,0.8898592920013471,0.8898592920013471,1.269602459630697,predicted,
sim_common_q16_v1::qwalk-noancilla_indep_qiskit_3,9110b8773ad1c544b5ec91feaaa99c96975f7577fe6966b0f0df52dab84bef92,4,classical_ridge_transpiled,classical_ridge,transpiled,1234,0.6806762745000015,0.6374438919992826,0.47152082488868563,predicted,
sim_common_q16_v1::qwalk-v-chain_indep_qiskit_3,9110b8773ad1c544b5ec91feaaa99c96975f7577fe6966b0f0df52dab84bef92,4,classical_ridge_transpiled,classical_ridge,transpiled,1234,0.6806762745000015,0.7239086570007203,0.47152082488868563,predicted,
sim_common_q16_v1::qwalk-noancilla_indep_qiskit_4,2df018ddcd5f44fd33cd5d80af349db5f84e36d6a5f905ef4611e5e5cc0d03f4,4,classical_ridge_transpiled,classical_ridge,transpiled,1234,0.6810126529999252,0.6810126529999252,0.5471643577794003,predicted,
sim_common_q16_v1::qwalk-noancilla_indep_qiskit_5,7e02b8d5bbea94c5e0eabb2edd6a74e15949ae6b737fabb55e66a61d47181912,4,classical_ridge_transpiled,classical_ridge,transpiled,1234,0.7063868340010231,0.7063868340010231,0.7965571432557419,predicted,
sim_common_q16_v1::qwalk-noancilla_indep_qiskit_6,97bdbd3569346cfa4a289ced5de0f3280a495266d423a3af48650bf01484b9be,0,classical_ridge_transpiled,classical_ridge,transpiled,1234,1.015744493000966,1.015744493000966,1.1723134787031524,predicted,
sim_common_q16_v1::qwalk-noancilla_indep_qiskit_7,73abe6179f1e84e36777e1d953028143ee3ff00662ddb793d55022d9344b4940,2,classical_ridge_transpiled,classical_ridge,transpiled,1234,2.998404195997864,2.998404195997864,1.950953733027974,predicted,
sim_common_q16_v1::qwalk-noancilla_indep_qiskit_8,b23a0318d268fcffc78b4f6ce920c98f33487ec34a71cf7b6225b9b6eb93f1bb,4,classical_ridge_transpiled,classical_ridge,transpiled,1234,3.649332992998097,3.649332992998097,5.3106685903880795,predicted,
sim_common_q16_v1::qwalk-noancilla_indep_qiskit_9,e8037a4f622df36c65c0e756e11a6c6e3b8b40fbabaffb6cd59ff1cc79f49063,0,classical_ridge_transpiled,classical_ridge,transpiled,1234,18.4117178100023,18.4117178100023,15.068445436972368,predicted,
sim_common_q16_v1::qwalk-v-chain_indep_qiskit_5,72fb5f837aaa2bec862c3a477efd166f351b72903612c32d444704a431457f4d,0,classical_ridge_transpiled,classical_ridge,transpiled,1234,0.6463327589990513,0.6463327589990513,0.6707535038928442,predicted,
sim_common_q16_v1::qwalk-v-chain_indep_qiskit_7,3d8107599f669ba102c734a8796433a6a348197dd98a74c63f172d7790b5c9a2,2,classical_ridge_transpiled,classical_ridge,transpiled,1234,0.984092689002864,0.984092689002864,1.0068125242454216,predicted,
sim_common_q16_v1::qwalk-v-chain_indep_qiskit_9,8650fb4f2d0816cd59c97df1ed4051936ecb3b5c31d39ba97cdc5cd2af374a8a,4,classical_ridge_transpiled,classical_ridge,transpiled,1234,1.861087077002594,1.861087077002594,1.3906948895348208,predicted,
sim_common_q16_v1::random_indep_qiskit_2,433844fca892218b1218ca028aafb0eddf1929d5ca52fdea53b3cb324e4055bd,1,classical_ridge_transpiled,classical_ridge,transpiled,1234,0.6350642280012835,0.6350642280012835,0.579667633578719,predicted,
sim_common_q16_v1::random_indep_qiskit_3,d7ecd343052e510bdf5fa0f67f2fdbc3ee5ddccd19f39548c2853114a94dece2,4,classical_ridge_transpiled,classical_ridge,transpiled,1234,0.6280151889986882,0.6280151889986882,0.46816566615049127,predicted,
sim_common_q16_v1::random_indep_qiskit_4,212e0f8a693a745c9fc792b876e7be6ddb0ba051c1b0f558e0819e1437a8a2fb,2,classical_ridge_transpiled,classical_ridge,transpiled,1234,0.7269409180007642,0.7269409180007642,0.59039385063732,predicted,
sim_common_q16_v1::random_indep_qiskit_5,8f11cd416ae9672f06a39e5ee3a27a70bcbf31d7177cb47270c0cd8512c95381,1,classical_ridge_transpiled,classical_ridge,transpiled,1234,0.7345396679993428,0.7345396679993428,0.6766873815011969,predicted,
sim_common_q16_v1::random_indep_qiskit_6,4d5b55eb4b8a0aea0af4bde721618cbe79ed66e0636398ffddc79ace483672a6,3,classical_ridge_transpiled,classical_ridge,transpiled,1234,0.6658408169969334,0.6658408169969334,0.839740718257849,predicted,
sim_common_q16_v1::random_indep_qiskit_7,8ffee9c3a3af1aeaa766f38df57fcb62de5efa16d7f328d60a8977cb0da39e22,0,classical_ridge_transpiled,classical_ridge,transpiled,1234,0.7144554340011382,0.7144554340011382,0.8653073712209793,predicted,
sim_common_q16_v1::random_indep_qiskit_8,fa595f88d0ab98542a799af4492f53b2a5e2e88ebc442a9b508abac209d0afcc,3,classical_ridge_transpiled,classical_ridge,transpiled,1234,0.6867609079999966,0.6867609079999966,1.0939242199397297,predicted,
sim_common_q16_v1::random_indep_qiskit_9,93eff191c23e0c3d13a127f38595909e7092290f5119c9be24a1ccc61fff5767,1,classical_ridge_transpiled,classical_ridge,transpiled,1234,0.9196448500006228,0.9196448500006228,0.891276256785541,predicted,
sim_common_q16_v1::realamprandom_indep_qiskit_2,806f1844d225682cd7d5d0b276b5567caa23697f73064d8a20347024bb03fe40,1,classical_ridge_transpiled,classical_ridge,transpiled,1234,0.6811683435007581,0.7270244620012818,0.577165497199034,predicted,
sim_common_q16_v1::twolocalrandom_indep_qiskit_2,806f1844d225682cd7d5d0b276b5567caa23697f73064d8a20347024bb03fe40,1,classical_ridge_transpiled,classical_ridge,transpiled,1234,0.6811683435007581,0.6353122250002343,0.577165497199034,predicted,
sim_common_q16_v1::realamprandom_indep_qiskit_3,79b8fdfbfe6897a226612f9b9e27a4533aac4b48258335fb7746c5f10989cedc,3,classical_ridge_transpiled,classical_ridge,transpiled,1234,0.6289825359999668,0.6333517960010795,0.47630653136991385,predicted,
sim_common_q16_v1::twolocalrandom_indep_qiskit_3,79b8fdfbfe6897a226612f9b9e27a4533aac4b48258335fb7746c5f10989cedc,3,classical_ridge_transpiled,classical_ridge,transpiled,1234,0.6289825359999668,0.6246132759988541,0.47630653136991385,predicted,
sim_common_q16_v1::realamprandom_indep_qiskit_4,187d76ac82884dc3202418b0e06077eec26afed0c625b228d76b4416e6bfa480,3,classical_ridge_transpiled,classical_ridge,transpiled,1234,0.690793351001048,0.6371145330012951,0.5414389927550525,predicted,
sim_common_q16_v1::twolocalrandom_indep_qiskit_4,187d76ac82884dc3202418b0e06077eec26afed0c625b228d76b4416e6bfa480,3,classical_ridge_transpiled,classical_ridge,transpiled,1234,0.690793351001048,0.7444721690008009,0.5414389927550525,predicted,
sim_common_q16_v1::realamprandom_indep_qiskit_5,8d3b3ff10a3a80d0dda4e7043cce2b222aaf9e3cc19caa194b8e87da40266ac5,3,classical_ridge_transpiled,classical_ridge,transpiled,1234,0.6970405395004491,0.6386868430017785,0.6564122612594655,predicted,
sim_common_q16_v1::twolocalrandom_indep_qiskit_5,8d3b3ff10a3a80d0dda4e7043cce2b222aaf9e3cc19caa194b8e87da40266ac5,3,classical_ridge_transpiled,classical_ridge,transpiled,1234,0.6970405395004491,0.7553942359991197,0.6564122612594655,predicted,
sim_common_q16_v1::realamprandom_indep_qiskit_6,c9931425f0767057491a7e6ab8f1ed937fde917a862097440f57606892bddde9,0,classical_ridge_transpiled,classical_ridge,transpiled,1234,0.7250354759999027,0.669643510998867,0.7477135114487946,predicted,
sim_common_q16_v1::twolocalrandom_indep_qiskit_6,c9931425f0767057491a7e6ab8f1ed937fde917a862097440f57606892bddde9,0,classical_ridge_transpiled,classical_ridge,transpiled,1234,0.7250354759999027,0.7804274410009384,0.7477135114487946,predicted,
sim_common_q16_v1::realamprandom_indep_qiskit_7,af19d23c83544c8b7f6be5c42e0254336c9902c1ef454c06b9d45c4582d2fd3d,2,classical_ridge_transpiled,classical_ridge,transpiled,1234,0.7604988409984799,0.7463375029983581,0.8187456922342609,predicted,
sim_common_q16_v1::twolocalrandom_indep_qiskit_7,af19d23c83544c8b7f6be5c42e0254336c9902c1ef454c06b9d45c4582d2fd3d,2,classical_ridge_transpiled,classical_ridge,transpiled,1234,0.7604988409984799,0.7746601789986016,0.8187456922342609,predicted,
sim_common_q16_v1::realamprandom_indep_qiskit_8,8ea085ea0c0185c560746ab5988221e203c457e2afbb475976fb99f718e2dad1,4,classical_ridge_transpiled,classical_ridge,transpiled,1234,0.7514831415010121,0.7581430490026833,0.9821269084198349,predicted,
sim_common_q16_v1::twolocalrandom_indep_qiskit_8,8ea085ea0c0185c560746ab5988221e203c457e2afbb475976fb99f718e2dad1,4,classical_ridge_transpiled,classical_ridge,transpiled,1234,0.7514831415010121,0.744823233999341,0.9821269084198349,predicted,
sim_common_q16_v1::realamprandom_indep_qiskit_9,bdd8a427e9747bbc01ad8e77a22d61f0314fe8db0de17786839f2193ab0928bd,0,classical_ridge_transpiled,classical_ridge,transpiled,1234,1.027857403500093,1.0256131179994554,1.079266318750664,predicted,
sim_common_q16_v1::twolocalrandom_indep_qiskit_9,bdd8a427e9747bbc01ad8e77a22d61f0314fe8db0de17786839f2193ab0928bd,0,classical_ridge_transpiled,classical_ridge,transpiled,1234,1.027857403500093,1.0301016890007304,1.079266318750664,predicted,
sim_common_q16_v1::su2random_indep_qiskit_2,66c9180a271ec04f728ab259ed86a24fe52676e6f40a7614b02f79fd13536c91,0,classical_ridge_transpiled,classical_ridge,transpiled,1234,0.73017823400005,0.73017823400005,0.6264654743613214,predicted,
sim_common_q16_v1::su2random_indep_qiskit_3,c69c35c09a4dcfe7dd09af0b73be8e5f608531bf0baadd794f6861bcf237e40c,3,classical_ridge_transpiled,classical_ridge,transpiled,1234,0.7221970069986128,0.7221970069986128,0.537601514351311,predicted,
sim_common_q16_v1::su2random_indep_qiskit_4,7fabc879bc998db5c05d7cc5b83db2d1704d7587139b714da9cf82639f4f093e,4,classical_ridge_transpiled,classical_ridge,transpiled,1234,0.6280798560001131,0.6280798560001131,0.5595911010784882,predicted,
sim_common_q16_v1::su2random_indep_qiskit_5,c1572e3b6e41c965a5943c21ceacdbad56fc868b4ee02ff4ef8af2d2054a0602,2,classical_ridge_transpiled,classical_ridge,transpiled,1234,0.7392793660001189,0.7392793660001189,0.6704811140834193,predicted,
sim_common_q16_v1::su2random_indep_qiskit_6,2f497b92b87e3e9f44c1ae23dfbffc7309c1550756e6829eb694d42dd4f2ed03,4,classical_ridge_transpiled,classical_ridge,transpiled,1234,0.7643177909994847,0.7643177909994847,0.7628697311635864,predicted,
sim_common_q16_v1::su2random_indep_qiskit_7,4f2368cad1a087f01b7598f13a9afa3b7cea2d6f9e96f79eb390f62213c97af7,2,classical_ridge_transpiled,classical_ridge,transpiled,1234,0.7721899220014166,0.7721899220014166,0.8434753151974215,predicted,
sim_common_q16_v1::su2random_indep_qiskit_8,3157278e31c54e80e45de35bfb793aac89eb413e21aabe08b2e0e140de8c0d39,3,classical_ridge_transpiled,classical_ridge,transpiled,1234,0.738525782002398,0.738525782002398,1.0269477213388523,predicted,
sim_common_q16_v1::su2random_indep_qiskit_9,c6ee0cb7c958cecf010796ce2ad0bb148b9fd660dd52393972c541d9ae422eca,4,classical_ridge_transpiled,classical_ridge,transpiled,1234,1.0278606899992155,1.0278606899992155,1.123256535623842,predicted,
sim_common_q16_v1::vqe_indep_qiskit_3,92c02520f591e3d46218c6839b62acb2a1d5fbcc2ceba197b9265653f1737b24,4,classical_ridge_transpiled,classical_ridge,transpiled,1234,0.6360782570009178,0.6360782570009178,0.6437245246811582,predicted,
sim_common_q16_v1::vqe_indep_qiskit_4,23a9403cafedb94bbd2f39d4d9106aca7f890047719b80231d86ac9fb8382383,0,classical_ridge_transpiled,classical_ridge,transpiled,1234,0.633112699000776,0.633112699000776,0.6837408264762798,predicted,
sim_common_q16_v1::vqe_indep_qiskit_5,8c7594c05053bb7af0015bd637170a669e9d39c1da6edce6a769992b6ef5c9cb,0,classical_ridge_transpiled,classical_ridge,transpiled,1234,0.7155582859995775,0.7155582859995775,0.7722900382739095,predicted,
sim_common_q16_v1::vqe_indep_qiskit_6,58501be4f197f4efd57535977a245f6adb39216116363b46836664cd6ca29e10,2,classical_ridge_transpiled,classical_ridge,transpiled,1234,0.6403484270012996,0.6403484270012996,0.8824196374790774,predicted,
sim_common_q16_v1::vqe_indep_qiskit_7,63b92ee6c5b54da107e9016de97e2cb7768bfb970ebc025650706533e47d3caf,2,classical_ridge_transpiled,classical_ridge,transpiled,1234,0.739464948001114,0.739464948001114,1.0042498310924635,predicted,
sim_common_q16_v1::vqe_indep_qiskit_8,6e066adb38de82d96650b3f806e398374e88912fd4688ab9c98f3c94dcd33e16,4,classical_ridge_transpiled,classical_ridge,transpiled,1234,0.6498198089975631,0.6498198089975631,1.1328184319651569,predicted,
sim_common_q16_v1::vqe_indep_qiskit_9,bbafe35368c1a915635c383f6aaa4ec709a7c6e055550875d4de11ca0983dbb5,4,classical_ridge_transpiled,classical_ridge,transpiled,1234,0.6784349429981376,0.6784349429981376,1.310332286923181,predicted,
sim_common_q16_v1::wstate_indep_qiskit_2,75b1db396e34d1f1b234ea8dcdc253203a770cecce7f48bb8a126860723c43df,1,classical_ridge_transpiled,classical_ridge,transpiled,1234,0.6422257209997042,0.6422257209997042,0.5729279772945512,predicted,
sim_common_q16_v1::wstate_indep_qiskit_3,50a5fc62010017f60b77f8c81e9ddf9bd95419be272d2ec5ed1445aae0c7ac92,3,classical_ridge_transpiled,classical_ridge,transpiled,1234,0.6512624009992578,0.6512624009992578,0.5949241863968568,predicted,
sim_common_q16_v1::wstate_indep_qiskit_4,387f2f6f12a10e034ae5b68c11336a9874e87f20871579eec585bfd7311f38c8,4,classical_ridge_transpiled,classical_ridge,transpiled,1234,0.629814787000214,0.629814787000214,0.6321368870281305,predicted,
sim_common_q16_v1::wstate_indep_qiskit_5,dc97062e3adcbcaf813cae5e970c8a0357a239b8d4a09e77a4e3e4625532d209,1,classical_ridge_transpiled,classical_ridge,transpiled,1234,0.6107438010003534,0.6107438010003534,0.6746826960558172,predicted,
sim_common_q16_v1::wstate_indep_qiskit_6,dbfb4dd8bf80cda30461759a3169ec60ac535a27409cf938f691179c6a121ebd,0,classical_ridge_transpiled,classical_ridge,transpiled,1234,0.7103313010011334,0.7103313010011334,0.8374253900686375,predicted,
sim_common_q16_v1::wstate_indep_qiskit_7,1dab21c93a580f711efff03a0f4a1d82985cf201219e886ab246e03a9011735c,1,classical_ridge_transpiled,classical_ridge,transpiled,1234,0.6361640809991513,0.6361640809991513,0.7488919937097323,predicted,
sim_common_q16_v1::wstate_indep_qiskit_8,e2fba21685e6e7d22d625d8babcc9c51a8911815153e52fc89277e0efe117045,3,classical_ridge_transpiled,classical_ridge,transpiled,1234,0.7347158170014154,0.7347158170014154,1.1582025070220843,predicted,
sim_common_q16_v1::wstate_indep_qiskit_9,84c07c56eef046e3c72823b20fb674075b1ab68a85dc6a06baf7f35983e2bd17,2,classical_ridge_transpiled,classical_ridge,transpiled,1234,0.6752045199973509,0.6752045199973509,1.2844476150302113,predicted,
sim_common_q16_v1::ae_indep_qiskit_2,de56c0798eca25bd1510d4d10f11e996f0bad2a11ce94a265da0635c161cbcae,0,classical_svr_rbf_source,classical_svr_rbf,source,1234,0.6445786120020784,0.6445786120020784,0.629442824645001,predicted,
sim_common_q16_v1::ae_indep_qiskit_3,6b2f9fea850557b40ca9b69341ec300b1c4fe1f4bf53e94436af2ba1586bac62,0,classical_svr_rbf_source,classical_svr_rbf,source,1234,0.6324521900023683,0.6324521900023683,0.6415201095429413,predicted,
sim_common_q16_v1::ae_indep_qiskit_4,9b4261e2d98678946a9aefea16ba9b8abcae8409f8589f8fb3daa941694f88c6,0,classical_svr_rbf_source,classical_svr_rbf,source,1234,0.6257052269975247,0.6257052269975247,0.6313687436213733,predicted,
sim_common_q16_v1::ae_indep_qiskit_5,8e4821df72704634cb81ea4d738477a8d596a49cba641e6198fdc9970e1d5d2f,1,classical_svr_rbf_source,classical_svr_rbf,source,1234,0.6429755230019509,0.6429755230019509,0.6124074431907139,predicted,
sim_common_q16_v1::ae_indep_qiskit_6,585424315575b559a664523f6ce6236189739069b3872eea4ccdb995a29f8701,2,classical_svr_rbf_source,classical_svr_rbf,source,1234,0.6249196000026132,0.6249196000026132,0.6557671939817495,predicted,
sim_common_q16_v1::ae_indep_qiskit_7,a70c5b796698f145c5992d324b3a0b5e28eb7301e6f306652a316a55c68f1ae8,4,classical_svr_rbf_source,classical_svr_rbf,source,1234,0.6728184880012122,0.6728184880012122,0.6562544571950146,predicted,
sim_common_q16_v1::ae_indep_qiskit_8,78d3420407751ab52a65abe926510d585ebd3a5d1934ac31c13b28eca5c5ee8a,4,classical_svr_rbf_source,classical_svr_rbf,source,1234,0.7626127499970607,0.7626127499970607,0.6972677985486693,predicted,
sim_common_q16_v1::ae_indep_qiskit_9,78ecec267502f433ab148452979221600becf679520b50ad454009e0ca097af5,3,classical_svr_rbf_source,classical_svr_rbf,source,1234,0.7365946390018507,0.7365946390018507,0.8378162490016782,predicted,
sim_common_q16_v1::dj_indep_qiskit_2,242786b0f7d73c715a317cbdc0725596836f08d98ecd6eb06b3b4ac4f3f563fb,4,classical_svr_rbf_source,classical_svr_rbf,source,1234,0.6235974270020961,0.6235974270020961,0.6591999603563143,predicted,
sim_common_q16_v1::dj_indep_qiskit_3,bc8cb33a3a242fb3ab35191a36313674faaca8fe1839cfa05d79788052424d1d,1,classical_svr_rbf_source,classical_svr_rbf,source,1234,0.6417426940024598,0.6417426940024598,0.643933264921642,predicted,
sim_common_q16_v1::dj_indep_qiskit_4,3e4560adf43b5c5102bf22f235abcb9dd2ed5e34930cdb929a128226f96e4ea5,1,classical_svr_rbf_source,classical_svr_rbf,source,1234,0.6125353499992343,0.6125353499992343,0.6580022594398653,predicted,
sim_common_q16_v1::dj_indep_qiskit_5,f12c9439f3dfce19e2f161aed74fdafb33146528cdb8524425608579de8b6741,0,classical_svr_rbf_source,classical_svr_rbf,source,1234,0.6494606499982183,0.6494606499982183,0.6457630572137244,predicted,
sim_common_q16_v1::dj_indep_qiskit_6,b5736e26e119a619b687dcc0cf8065475e3805bc0c6180b480e0e36badc289db,2,classical_svr_rbf_source,classical_svr_rbf,source,1234,0.7272395580002922,0.7272395580002922,0.6462335287046861,predicted,
sim_common_q16_v1::dj_indep_qiskit_7,9fc54c185186ff8c504ebdac4e3fa109beb4cf46f86196a3376b3153a7f72962,3,classical_svr_rbf_source,classical_svr_rbf,source,1234,0.6525007039999764,0.6525007039999764,0.8129757823742665,predicted,
sim_common_q16_v1::dj_indep_qiskit_9,db0e077b1674f90860a270d014aa8226822880dbf36c819dad0bea17881b7eb5,3,classical_svr_rbf_source,classical_svr_rbf,source,1234,0.6677595889996155,0.6677595889996155,1.1194217957376211,predicted,
sim_common_q16_v1::ghz_indep_qiskit_2,fcd9497c7764bb185a96cc8b6d1c7878851e9b87e64de7ebf47aa1d16eb3ee0a,4,classical_svr_rbf_source,classical_svr_rbf,source,1234,0.6328717180003878,0.6328717180003878,0.7105971656627857,predicted,
sim_common_q16_v1::ghz_indep_qiskit_3,7344fd4d264c475e52edca02e3426225c78af7ed0bdaae137741a04685725a5d,2,classical_svr_rbf_source,classical_svr_rbf,source,1234,0.6362690579990158,0.6362690579990158,0.6313243114302103,predicted,
sim_common_q16_v1::ghz_indep_qiskit_4,01bfdd8291d6badf1219dd3bf6d7e12559976b8ccb3e67d2548e729dc0c0dc82,2,classical_svr_rbf_source,classical_svr_rbf,source,1234,0.6424375300011889,0.6424375300011889,0.6207270743893182,predicted,
sim_common_q16_v1::ghz_indep_qiskit_5,de4639e0b84f220ce7281521fbce5104129cc70befb85198bf93def8d4ba7a65,4,classical_svr_rbf_source,classical_svr_rbf,source,1234,0.6349322169990046,0.6349322169990046,0.6193141561808868,predicted,
sim_common_q16_v1::ghz_indep_qiskit_6,c67a77f55c658ad1270fd52c8cbc66319b72ceaa5ca5d4015d775b44e8edd85a,2,classical_svr_rbf_source,classical_svr_rbf,source,1234,0.6285922220013163,0.6285922220013163,0.6252997425964597,predicted,
sim_common_q16_v1::ghz_indep_qiskit_7,4b24f68f78c4499a295ab28caa04282d174b7ab2a6b0f5333d3bfe630df72f71,0,classical_svr_rbf_source,classical_svr_rbf,source,1234,0.6354831150019891,0.6354831150019891,0.6511701670335959,predicted,
sim_common_q16_v1::ghz_indep_qiskit_8,2e57556a1b12802c7368ef21e0eb8e5c9863f768a48a9a4d0771725e60b8a616,3,classical_svr_rbf_source,classical_svr_rbf,source,1234,0.644572266999603,0.644572266999603,0.6917881742039913,predicted,
sim_common_q16_v1::ghz_indep_qiskit_9,b5f6ad96b1eb0fc9087c079e22e8a91398b460e24d616ed0d8829247aee24f18,0,classical_svr_rbf_source,classical_svr_rbf,source,1234,0.7290791659979732,0.7290791659979732,0.6746080223715468,predicted,
sim_common_q16_v1::graphstate_indep_qiskit_3,51e3c5bc60da502bf92a6ed65a7c728a8b957b427652ac8fdaa002b9afc50d40,4,classical_svr_rbf_source,classical_svr_rbf,source,1234,0.645907268000883,0.645907268000883,0.6516811258772868,predicted,
sim_common_q16_v1::graphstate_indep_qiskit_4,13721ab5a328b17bf3f8c3692cda844a7e538a8c92530d0c1236f43d3ad5a884,3,classical_svr_rbf_source,classical_svr_rbf,source,1234,0.6307967300017481,0.6307967300017481,0.6047509165339733,predicted,
sim_common_q16_v1::graphstate_indep_qiskit_5,cfadb6828c07bfc2fac00ca0c9c03935e927b88961597b69936fc199a094b9ea,0,classical_svr_rbf_source,classical_svr_rbf,source,1234,0.6335009460017318,0.6335009460017318,0.6985817391835022,predicted,
sim_common_q16_v1::graphstate_indep_qiskit_6,7b944ad7e38d98fae66177b6c014ae2878d62bcd1765103c19941653817e7996,1,classical_svr_rbf_source,classical_svr_rbf,source,1234,4.12037888100167,4.12037888100167,0.6792353305186603,predicted,
sim_common_q16_v1::graphstate_indep_qiskit_7,551dfe6ad672d4157a761610fc4c1061ea844868f2106407374764552251d63a,1,classical_svr_rbf_source,classical_svr_rbf,source,1234,0.6352743349998491,0.6352743349998491,0.6088790056324754,predicted,
sim_common_q16_v1::graphstate_indep_qiskit_8,b6afb1122e1baece13144a1d0da78738759129107f453e9579e99e8789e057fe,3,classical_svr_rbf_source,classical_svr_rbf,source,1234,0.7141289200008032,0.7141289200008032,1.1210526695304612,predicted,
sim_common_q16_v1::graphstate_indep_qiskit_9,040a287609a78a55ab6148ad1a3cc6aa2fcee8b0871b077a9c1a37bee49f69fe,0,classical_svr_rbf_source,classical_svr_rbf,source,1234,3.4133249820006317,3.4133249820006317,0.8350909029269094,predicted,
sim_common_q16_v1::grover-noancilla_indep_qiskit_2,55746e6a2fd8d9c4b8c813443f2db46b072f75db1632dd252298c735fbc72bf0,1,classical_svr_rbf_source,classical_svr_rbf,source,1234,0.6316192150006827,0.6274016160023166,1.0307009283894921,predicted,
sim_common_q16_v1::grover-v-chain_indep_qiskit_2,55746e6a2fd8d9c4b8c813443f2db46b072f75db1632dd252298c735fbc72bf0,1,classical_svr_rbf_source,classical_svr_rbf,source,1234,0.6316192150006827,0.6358368139990489,1.0307009283894921,predicted,
sim_common_q16_v1::grover-noancilla_indep_qiskit_3,bc77f4afad8bbb19a6b320c11bc8f8110a330e395e5c509895e0b6c566cab5e9,4,classical_svr_rbf_source,classical_svr_rbf,source,1234,0.6336756905002403,0.6221831709990511,0.640481895078863,predicted,
sim_common_q16_v1::grover-v-chain_indep_qiskit_3,bc77f4afad8bbb19a6b320c11bc8f8110a330e395e5c509895e0b6c566cab5e9,4,classical_svr_rbf_source,classical_svr_rbf,source,1234,0.6336756905002403,0.6451682100014295,0.640481895078863,predicted,
sim_common_q16_v1::grover-noancilla_indep_qiskit_4,edc62038c489069da135981ccefd5c5a2f3cc0a991fa6da4defa393abdb0d2a4,4,classical_svr_rbf_source,classical_svr_rbf,source,1234,0.6425279779978155,0.6347441939979035,0.608896774497712,predicted,
sim_common_q16_v1::grover-v-chain_indep_qiskit_4,edc62038c489069da135981ccefd5c5a2f3cc0a991fa6da4defa393abdb0d2a4,4,classical_svr_rbf_source,classical_svr_rbf,source,1234,0.6425279779978155,0.6503117619977274,0.608896774497712,predicted,
sim_common_q16_v1::grover-noancilla_indep_qiskit_5,dd514cba6fbc94c48a3eb8f2ff2210ef74259e76e7f796394066418bfd93ee86,2,classical_svr_rbf_source,classical_svr_rbf,source,1234,0.6749066180018417,0.6749066180018417,0.8178901970848065,predicted,
sim_common_q16_v1::grover-noancilla_indep_qiskit_6,b6a15d3507225e442ed02c90df5179f09c529df7bf5ee38a8005cc265f4203a6,0,classical_svr_rbf_source,classical_svr_rbf,source,1234,0.8617562030012778,0.8617562030012778,1.1516284646904542,predicted,
sim_common_q16_v1::grover-noancilla_indep_qiskit_7,35548785a9c99b0ad9409f18dfbfc3baed0e1dcbb1d95eae8c8510dcda120410,0,classical_svr_rbf_source,classical_svr_rbf,source,1234,2.755100520000269,2.755100520000269,1.964780427498692,predicted,
sim_common_q16_v1::grover-noancilla_indep_qiskit_8,a3b7d67bad6cd47cb522addfaf763294b1ea99017f443c03052055a2f0074009,4,classical_svr_rbf_source,classical_svr_rbf,source,1234,3.8077989039993554,3.8077989039993554,1.5154160063148097,predicted,
sim_common_q16_v1::grover-v-chain_indep_qiskit_5,5042c6dd513b1366c0a145850de9e534b0e38aabc818b994ab8c4b6cad7ad5c8,3,classical_svr_rbf_source,classical_svr_rbf,source,1234,0.6741303899980267,0.6741303899980267,0.7303553525156403,predicted,
sim_common_q16_v1::grover-v-chain_indep_qiskit_7,84056291d9ff227b3c615cc378349fa1154f5a122bcd0eb6bc04045bbf3affa0,4,classical_svr_rbf_source,classical_svr_rbf,source,1234,1.1920864250023442,1.1920864250023442,1.1604459412769905,predicted,
sim_common_q16_v1::grover-v-chain_indep_qiskit_9,3d37464cf8c53831d2867c0c111a83e03a820e90fa26f77d01a4a85f4f9d6875,1,classical_svr_rbf_source,classical_svr_rbf,source,1234,3.409926619999169,3.409926619999169,2.6250840490010936,predicted,
sim_common_q16_v1::portfolioqaoa_indep_qiskit_3,47e6743e95c380a13dc5947d9e9b3db26e541efabd4a27134ff26aa14c00ba7d,1,classical_svr_rbf_source,classical_svr_rbf,source,1234,0.6487017560029926,0.6487017560029926,0.6492970513537839,predicted,
sim_common_q16_v1::portfolioqaoa_indep_qiskit_4,568570a69663949a1aaac2fe16e74d3d065c7a8e6013e21368a9d8add886d6dc,2,classical_svr_rbf_source,classical_svr_rbf,source,1234,0.6451116749994981,0.6451116749994981,0.6607615839816159,predicted,
sim_common_q16_v1::portfolioqaoa_indep_qiskit_5,0f7836c0a3a429dd9b4f2b55a4fab5d6d112458814cb34efb22309ec614c801f,2,classical_svr_rbf_source,classical_svr_rbf,source,1234,0.6517559040003107,0.6517559040003107,0.6835638989533119,predicted,
sim_common_q16_v1::portfolioqaoa_indep_qiskit_6,4dd5e72918722dff3c88e277e20e3ecc1e06dfd0601343e784eeb454470800b7,4,classical_svr_rbf_source,classical_svr_rbf,source,1234,0.6879031880016555,0.6879031880016555,0.7419068069976471,predicted,
sim_common_q16_v1::portfolioqaoa_indep_qiskit_7,f8d88243c9d36e41e0eedeff4898e325d59ba4d8ceb4b81c7b48757ade1e94b4,0,classical_svr_rbf_source,classical_svr_rbf,source,1234,0.8747539370015147,0.8747539370015147,0.7222533931565189,predicted,
sim_common_q16_v1::portfolioqaoa_indep_qiskit_8,2372d3228c3e3e38e3351feb553380bce5a543c936f73a400de0e54ab470599a,1,classical_svr_rbf_source,classical_svr_rbf,source,1234,0.7452616640002816,0.7452616640002816,1.0144938130313739,predicted,
sim_common_q16_v1::portfolioqaoa_indep_qiskit_9,a53b2a3a1ba8397a96b487c44f825f3cab2e0c714b69298f2ab0a839975b173c,0,classical_svr_rbf_source,classical_svr_rbf,source,1234,1.0392779800022254,1.0392779800022254,0.847845334137261,predicted,
sim_common_q16_v1::portfoliovqe_indep_qiskit_3,4b5542071ea595cd62184de26c4f1dac3f6afa86f6450f50a28dbe8e1f865257,0,classical_svr_rbf_source,classical_svr_rbf,source,1234,0.6282423720003862,0.6282423720003862,0.6684109869272687,predicted,
sim_common_q16_v1::portfoliovqe_indep_qiskit_4,36bb1354ff108648bc8c9c529a2002a53a68e4bfa9bf3529edce11e5d47f851f,0,classical_svr_rbf_source,classical_svr_rbf,source,1234,0.6387674009965849,0.6387674009965849,0.7029636842007205,predicted,
sim_common_q16_v1::portfoliovqe_indep_qiskit_5,28b9eac87132bbff64970708737a94c408cfa435ce16cd395a57ab6fbfe5a6f7,2,classical_svr_rbf_source,classical_svr_rbf,source,1234,0.7472729069995694,0.7472729069995694,0.6495957289412471,predicted,
sim_common_q16_v1::portfoliovqe_indep_qiskit_6,7dafebd46e73b9b279f1ef96da32f7d563de3721b856b4570375ab81951e06fc,0,classical_svr_rbf_source,classical_svr_rbf,source,1234,0.672533150001982,0.672533150001982,0.7411321376509138,predicted,
sim_common_q16_v1::portfoliovqe_indep_qiskit_7,99e0865dc3fced630c02b5b2710b24fd9257ba31d54112cde08a769e974f53c4,3,classical_svr_rbf_source,classical_svr_rbf,source,1234,0.7434713800030295,0.7434713800030295,0.685449764373566,predicted,
sim_common_q16_v1::portfoliovqe_indep_qiskit_8,eb43007109ad9707544629854cfc7259b0e6aa70c5a618cedacbb7d26dd746a0,0,classical_svr_rbf_source,classical_svr_rbf,source,1234,0.7341747549980937,0.7341747549980937,0.8363693233916034,predicted,
sim_common_q16_v1::portfoliovqe_indep_qiskit_9,615d076a941f3eec9d225a20b894c8d30a0c90d4834d03fa0ebd5d13e4b46ded,2,classical_svr_rbf_source,classical_svr_rbf,source,1234,1.0230367410003964,1.0230367410003964,0.8264762185491722,predicted,
sim_common_q16_v1::qaoa_indep_qiskit_3,45ca196e391297302c92dc6ea0fd119efa62b2ee88e3b85260561e5fbafa7400,3,classical_svr_rbf_source,classical_svr_rbf,source,1234,0.6362355410019518,0.6362355410019518,0.7504015983136659,predicted,
sim_common_q16_v1::qaoa_indep_qiskit_4,9649572da691c86252b1620cba73350902b9ba3cf4dbdb3fb2e3531588da98c4,1,classical_svr_rbf_source,classical_svr_rbf,source,1234,0.6444687240000349,0.6444687240000349,0.5993357327065527,predicted,
sim_common_q16_v1::qaoa_indep_qiskit_5,f2ce48d725be79c1ea5cbfeb36811261c4e74460588e911c3b2916a9303c1cf5,0,classical_svr_rbf_source,classical_svr_rbf,source,1234,0.6301084189981339,0.6301084189981339,0.46392134107797894,predicted,
sim_common_q16_v1::qaoa_indep_qiskit_6,6a475a20ac3d09839e2b43104ca187037db5ff813b811e0d7356adac93d25244,1,classical_svr_rbf_source,classical_svr_rbf,source,1234,0.6421520209987648,0.6421520209987648,0.5955990907947234,predicted,
sim_common_q16_v1::qaoa_indep_qiskit_7,8e1c1014680274215f87d97c833f99474ed19b3393b2b8eea20a36bde517708b,4,classical_svr_rbf_source,classical_svr_rbf,source,1234,0.6511161570015247,0.6511161570015247,1.0765566416396048,predicted,
sim_common_q16_v1::qaoa_indep_qiskit_8,0a43c652a1c92c83389d952438c22aa0d890a611333da29499d6ff1733925b21,0,classical_svr_rbf_source,classical_svr_rbf,source,1234,0.6687408600009803,0.6687408600009803,2.10859847891739,predicted,
sim_common_q16_v1::qaoa_indep_qiskit_9,a4a7b8b8d556570de9ea2db286aaa4245fa50f4619f25f0f7414b16d503458d8,1,classical_svr_rbf_source,classical_svr_rbf,source,1234,17.55494177699802,17.55494177699802,0.776936498393169,predicted,
sim_common_q16_v1::qft_indep_qiskit_2,aa91238ec5978b739b87b3a657746a8786de113397a5abeadf726d1dd9c836b3,2,classical_svr_rbf_source,classical_svr_rbf,source,1234,0.7182261369998741,0.7182261369998741,0.6723967644657349,predicted,
sim_common_q16_v1::qft_indep_qiskit_3,7f613ccae98ac8124d086ee9a39d94b1ed019520da8c3277395b109fd22d7d4d,4,classical_svr_rbf_source,classical_svr_rbf,source,1234,0.638093072000629,0.638093072000629,0.6685928110888693,predicted,
sim_common_q16_v1::qft_indep_qiskit_4,ea84355871fa77560419766f8000de4dcb0eea29468bcb0d89a1c84edff34f61,0,classical_svr_rbf_source,classical_svr_rbf,source,1234,0.6269083859988314,0.6269083859988314,0.6404442316196182,predicted,
sim_common_q16_v1::qft_indep_qiskit_5,0285fd21a0dd1ca29cd386de85a1a8af49cc7d71f5c86f6451b55a11c68864a8,3,classical_svr_rbf_source,classical_svr_rbf,source,1234,0.6442288310026925,0.6442288310026925,0.6866320157655608,predicted,
sim_common_q16_v1::qft_indep_qiskit_6,cbe1ca5505b485bd87b2e68f2b38ecae377e29f823c30e4c44d3f5f87d4266f7,1,classical_svr_rbf_source,classical_svr_rbf,source,1234,0.651070706997416,0.651070706997416,0.6506478514154882,predicted,
sim_common_q16_v1::qft_indep_qiskit_7,01de4bb89da48a3fc09c31d41d509c1446c6a4a3b329612c5baf0d39c56a922e,1,classical_svr_rbf_source,classical_svr_rbf,source,1234,0.6848869749992446,0.6848869749992446,0.6718703130449271,predicted,
sim_common_q16_v1::qft_indep_qiskit_8,e4664972befc3ffed396f3842bf910be22c2fbe7f293d3c295b971dfe094d398,3,classical_svr_rbf_source,classical_svr_rbf,source,1234,0.6876082300004782,0.6876082300004782,0.7104862703392054,predicted,
sim_common_q16_v1::qft_indep_qiskit_9,e0c3acec67c0fb535add575a46e01889b30ec7970005214fd2188b94ae3a55a5,0,classical_svr_rbf_source,classical_svr_rbf,source,1234,0.7909492459984904,0.7909492459984904,0.7719020071823122,predicted,
sim_common_q16_v1::qftentangled_indep_qiskit_2,02d66e8b66849fdd0f0581b84924adbd1bd2d7603e25e5e9faa447ac2a6708d0,2,classical_svr_rbf_source,classical_svr_rbf,source,1234,0.6421512939996319,0.6421512939996319,0.6828160663932366,predicted,
sim_common_q16_v1::qftentangled_indep_qiskit_3,5ab4253ed51b729f331c9f3cc78bfecd3ecb2fed2e98818816bf3f64e22f1bfe,2,classical_svr_rbf_source,classical_svr_rbf,source,1234,0.6430523449998873,0.6430523449998873,0.6814418289374714,predicted,
sim_common_q16_v1::qftentangled_indep_qiskit_4,d7a22ac29418bcf9f00346732fe1b985f8e0b9df60273404dabbf4a62027715f,0,classical_svr_rbf_source,classical_svr_rbf,source,1234,0.718577378000191,0.718577378000191,0.6546292051615556,predicted,
sim_common_q16_v1::qftentangled_indep_qiskit_5,4ee5846eef239e2b0e0d3f950f78b5b4b8af213f0063eb50be6bf50bdbb4385d,4,classical_svr_rbf_source,classical_svr_rbf,source,1234,0.711588597001537,0.711588597001537,0.656773273659556,predicted,
sim_common_q16_v1::qftentangled_indep_qiskit_6,7c8832728feaaf34fac1fda49dfcbfbf655902b5b4eb3f1b11e43f21d15de5bf,2,classical_svr_rbf_source,classical_svr_rbf,source,1234,0.6466906070018013,0.6466906070018013,0.70578609849326,predicted,
sim_common_q16_v1::qftentangled_indep_qiskit_7,f0e0170b510412a7e964e82f14793115a9e53a1b250283a74abd893a45b5f20e,3,classical_svr_rbf_source,classical_svr_rbf,source,1234,0.7955734110000776,0.7955734110000776,0.6776514114103817,predicted,
sim_common_q16_v1::qftentangled_indep_qiskit_8,8711737782301f568af1980707e62c989655488357aa858d6c63bb8e206ae4fc,4,classical_svr_rbf_source,classical_svr_rbf,source,1234,0.6800704039997072,0.6800704039997072,0.733008815024585,predicted,
sim_common_q16_v1::qftentangled_indep_qiskit_9,fea8eb37e38bc24d3352d9446471b5cf8f6b8af6ae4c0f931d5942564936274c,3,classical_svr_rbf_source,classical_svr_rbf,source,1234,0.8116922409972176,0.8116922409972176,0.7653223080221183,predicted,
sim_common_q16_v1::qnn_indep_qiskit_2,3c0ed99f7e5a0409bdadc636b8b7a5dd911304ccbe2e87b32589b91dd44a6a5a,3,classical_svr_rbf_source,classical_svr_rbf,source,1234,0.6364995420008199,0.6364995420008199,0.6257781211075276,predicted,
sim_common_q16_v1::qnn_indep_qiskit_3,15e80264fdff1398ab38bbd9144f853a3a2317e95163fda15a1e9ec2657beecb,3,classical_svr_rbf_source,classical_svr_rbf,source,1234,0.7232230859990523,0.7232230859990523,0.5835747670869205,predicted,
sim_common_q16_v1::qnn_indep_qiskit_4,451bd8177acaca0301a8bb4d61cb192f26dce1f81d8ab04ca0aded562d525c58,1,classical_svr_rbf_source,classical_svr_rbf,source,1234,0.6316140970011475,0.6316140970011475,0.6784216870344255,predicted,
sim_common_q16_v1::qnn_indep_qiskit_5,d506e52d304853cd9e55834d3112505279aa22e89e70aa7c00dfc57caad3c72c,0,classical_svr_rbf_source,classical_svr_rbf,source,1234,0.6502378280019911,0.6502378280019911,0.6627200169721776,predicted,
sim_common_q16_v1::qnn_indep_qiskit_6,720a3cec5f9b39a53aa0d59f0ecc24f42f2948fbe56164a033262c628e2ba875,1,classical_svr_rbf_source,classical_svr_rbf,source,1234,0.6810264529995038,0.6810264529995038,0.6715121437446707,predicted,
sim_common_q16_v1::qnn_indep_qiskit_7,6cf91acdbcfc0321d1ffcee7c2197fec29f2b9dd83e7c3b56dbe8d583332ccdb,1,classical_svr_rbf_source,classical_svr_rbf,source,1234,0.7633359889987332,0.7633359889987332,0.7128097337833467,predicted,
sim_common_q16_v1::qnn_indep_qiskit_8,f76953672a13f3e92397fe3586ff6557882560261e995147a67b931d701c7fcf,4,classical_svr_rbf_source,classical_svr_rbf,source,1234,0.8227666269995098,0.8227666269995098,0.838508862911701,predicted,
sim_common_q16_v1::qnn_indep_qiskit_9,4df5b36e58378649053c461bf5ee1478fa114ac65c0c14551536b820ce8eafc7,1,classical_svr_rbf_source,classical_svr_rbf,source,1234,0.9238195639991318,0.9238195639991318,0.9529238993045294,predicted,
sim_common_q16_v1::qpeexact_indep_qiskit_2,0a43a3dbe4a4294a007fa7ec167a24ea300d3762489b98245c2f80ad29727075,0,classical_svr_rbf_source,classical_svr_rbf,source,1234,0.6283055000021704,0.6283055000021704,0.6195630924704263,predicted,
sim_common_q16_v1::qpeexact_indep_qiskit_3,56289d5fdefe63c89244b0849f2e22753ce30832776d74b79de4603006db32f4,4,classical_svr_rbf_source,classical_svr_rbf,source,1234,0.7184256109976559,0.7184256109976559,0.6454471863796158,predicted,
sim_common_q16_v1::qpeexact_indep_qiskit_4,af7e7c49ba06f5c554580173d3dcd73bc9d5a9dd9c6e3d3cd8c94d494fa4b969,2,classical_svr_rbf_source,classical_svr_rbf,source,1234,0.6284069449975505,0.6284069449975505,0.6874943745719013,predicted,
sim_common_q16_v1::qpeexact_indep_qiskit_5,7478da09664f4489c33c18a6ea1974cc9dea86d1adda1f912c3eaeff27c2d5fa,0,classical_svr_rbf_source,classical_svr_rbf,source,1234,0.6475399470000411,0.6475399470000411,0.6269465385405222,predicted,
sim_common_q16_v1::qpeexact_indep_qiskit_6,abe368f160ce73db792b3af14a6e120eda4838b15f01376daa204a680d07c5bc,2,classical_svr_rbf_source,classical_svr_rbf,source,1234,0.6475595259980764,0.6475595259980764,0.6500921256281308,predicted,
sim_common_q16_v1::qpeexact_indep_qiskit_7,d06936015124a75ae15e1f94eeb54cc51ab24596726b8110765a69ba66d0e80a,0,classical_svr_rbf_source,classical_svr_rbf,source,1234,0.6782379760006734,0.6782379760006734,0.6535475750387435,predicted,
sim_common_q16_v1::qpeexact_indep_qiskit_8,5d3cc38ff0e2b9054c927b6309c6a8dfaba491733eab08b06cc06f2d333da23d,4,classical_svr_rbf_source,classical_svr_rbf,source,1234,0.686445900999388,0.686445900999388,0.7365164392076109,predicted,
sim_common_q16_v1::qpeexact_indep_qiskit_9,31f7b2533d8a3c05d59b44a9b2d93f44bc48da630d1884cf9df0012199e10a74,1,classical_svr_rbf_source,classical_svr_rbf,source,1234,0.7935242480016313,0.7935242480016313,0.8682634312941409,predicted,
sim_common_q16_v1::qpeinexact_indep_qiskit_2,acacd76111e7f23e4224342ca0ab5340b1bdaad3b6eba8893e4036ba14896362,1,classical_svr_rbf_source,classical_svr_rbf,source,1234,0.6258419089972449,0.6258419089972449,0.6256931775378851,predicted,
sim_common_q16_v1::qpeinexact_indep_qiskit_3,afa0cd93480bae81feca2afdcb909ab13c2934f76b139c27872b18658e5c1f28,2,classical_svr_rbf_source,classical_svr_rbf,source,1234,0.6425586090008437,0.6425586090008437,0.6665577384621719,predicted,
sim_common_q16_v1::qpeinexact_indep_qiskit_4,1d76cd981622e5ca02125654d00534f3aec623bbb2b95b7ea894049f76916577,4,classical_svr_rbf_source,classical_svr_rbf,source,1234,0.6402722480015655,0.6402722480015655,0.6542150793459793,predicted,
sim_common_q16_v1::qpeinexact_indep_qiskit_5,f37f599f25c5024b4069e866a31563a6daf0b1495d17d25343f7b3cfac1169ee,1,classical_svr_rbf_source,classical_svr_rbf,source,1234,0.6406791050030733,0.6406791050030733,0.6307715195211487,predicted,
sim_common_q16_v1::qpeinexact_indep_qiskit_6,c658b0f6c564cc6b7d6d48105e5567caf0660181ca2dbad8b9bdbdd353962fd6,0,classical_svr_rbf_source,classical_svr_rbf,source,1234,0.6522649979997368,0.6522649979997368,0.6645611941041569,predicted,
sim_common_q16_v1::qpeinexact_indep_qiskit_7,093af0605e834bf0a4f2aef0b46600d12c6b1c913e791fb13e2513048a6b1c70,4,classical_svr_rbf_source,classical_svr_rbf,source,1234,0.7007861210004194,0.7007861210004194,0.6681689934325249,predicted,
sim_common_q16_v1::qpeinexact_indep_qiskit_8,82da8e687716ed31c95e72560edb07e7f6073a5be0f5ebffb17d22aff22c81fd,0,classical_svr_rbf_source,classical_svr_rbf,source,1234,0.6688155289994029,0.6688155289994029,0.7684959516415829,predicted,
sim_common_q16_v1::qpeinexact_indep_qiskit_9,81a66b1daaf97d148a8a075515daf8702349d257883a1dd88e26993c1622351f,3,classical_svr_rbf_source,classical_svr_rbf,source,1234,0.8898592920013471,0.8898592920013471,0.7659262077528282,predicted,
sim_common_q16_v1::qwalk-noancilla_indep_qiskit_3,9110b8773ad1c544b5ec91feaaa99c96975f7577fe6966b0f0df52dab84bef92,4,classical_svr_rbf_source,classical_svr_rbf,source,1234,0.6806762745000015,0.6374438919992826,0.6486173775263016,predicted,
sim_common_q16_v1::qwalk-v-chain_indep_qiskit_3,9110b8773ad1c544b5ec91feaaa99c96975f7577fe6966b0f0df52dab84bef92,4,classical_svr_rbf_source,classical_svr_rbf,source,1234,0.6806762745000015,0.7239086570007203,0.6486173775263016,predicted,
sim_common_q16_v1::qwalk-noancilla_indep_qiskit_4,2df018ddcd5f44fd33cd5d80af349db5f84e36d6a5f905ef4611e5e5cc0d03f4,4,classical_svr_rbf_source,classical_svr_rbf,source,1234,0.6810126529999252,0.6810126529999252,0.8798130794345455,predicted,
sim_common_q16_v1::qwalk-noancilla_indep_qiskit_5,7e02b8d5bbea94c5e0eabb2edd6a74e15949ae6b737fabb55e66a61d47181912,4,classical_svr_rbf_source,classical_svr_rbf,source,1234,0.7063868340010231,0.7063868340010231,0.4807267886713144,predicted,
sim_common_q16_v1::qwalk-noancilla_indep_qiskit_6,97bdbd3569346cfa4a289ced5de0f3280a495266d423a3af48650bf01484b9be,0,classical_svr_rbf_source,classical_svr_rbf,source,1234,1.015744493000966,1.015744493000966,1.2958943415478155,predicted,
sim_common_q16_v1::qwalk-noancilla_indep_qiskit_7,73abe6179f1e84e36777e1d953028143ee3ff00662ddb793d55022d9344b4940,2,classical_svr_rbf_source,classical_svr_rbf,source,1234,2.998404195997864,2.998404195997864,1.6549374026209505,predicted,
sim_common_q16_v1::qwalk-noancilla_indep_qiskit_8,b23a0318d268fcffc78b4f6ce920c98f33487ec34a71cf7b6225b9b6eb93f1bb,4,classical_svr_rbf_source,classical_svr_rbf,source,1234,3.649332992998097,3.649332992998097,4.990948115374594,predicted,
sim_common_q16_v1::qwalk-noancilla_indep_qiskit_9,e8037a4f622df36c65c0e756e11a6c6e3b8b40fbabaffb6cd59ff1cc79f49063,0,classical_svr_rbf_source,classical_svr_rbf,source,1234,18.4117178100023,18.4117178100023,1.3570125874646557,predicted,
sim_common_q16_v1::qwalk-v-chain_indep_qiskit_5,72fb5f837aaa2bec862c3a477efd166f351b72903612c32d444704a431457f4d,0,classical_svr_rbf_source,classical_svr_rbf,source,1234,0.6463327589990513,0.6463327589990513,0.6817111633976921,predicted,
sim_common_q16_v1::qwalk-v-chain_indep_qiskit_7,3d8107599f669ba102c734a8796433a6a348197dd98a74c63f172d7790b5c9a2,2,classical_svr_rbf_source,classical_svr_rbf,source,1234,0.984092689002864,0.984092689002864,1.183900253277221,predicted,
sim_common_q16_v1::qwalk-v-chain_indep_qiskit_9,8650fb4f2d0816cd59c97df1ed4051936ecb3b5c31d39ba97cdc5cd2af374a8a,4,classical_svr_rbf_source,classical_svr_rbf,source,1234,1.861087077002594,1.861087077002594,1.4438596139869204,predicted,
sim_common_q16_v1::random_indep_qiskit_2,433844fca892218b1218ca028aafb0eddf1929d5ca52fdea53b3cb324e4055bd,1,classical_svr_rbf_source,classical_svr_rbf,source,1234,0.6350642280012835,0.6350642280012835,0.960280508155639,predicted,
sim_common_q16_v1::random_indep_qiskit_3,d7ecd343052e510bdf5fa0f67f2fdbc3ee5ddccd19f39548c2853114a94dece2,4,classical_svr_rbf_source,classical_svr_rbf,source,1234,0.6280151889986882,0.6280151889986882,1.2764005628556623,predicted,
sim_common_q16_v1::random_indep_qiskit_4,212e0f8a693a745c9fc792b876e7be6ddb0ba051c1b0f558e0819e1437a8a2fb,2,classical_svr_rbf_source,classical_svr_rbf,source,1234,0.7269409180007642,0.7269409180007642,0.846604456836614,predicted,
sim_common_q16_v1::random_indep_qiskit_5,8f11cd416ae9672f06a39e5ee3a27a70bcbf31d7177cb47270c0cd8512c95381,1,classical_svr_rbf_source,classical_svr_rbf,source,1234,0.7345396679993428,0.7345396679993428,1.532975142806911,predicted,
sim_common_q16_v1::random_indep_qiskit_6,4d5b55eb4b8a0aea0af4bde721618cbe79ed66e0636398ffddc79ace483672a6,3,classical_svr_rbf_source,classical_svr_rbf,source,1234,0.6658408169969334,0.6658408169969334,1.633079796360878,predicted,
sim_common_q16_v1::random_indep_qiskit_7,8ffee9c3a3af1aeaa766f38df57fcb62de5efa16d7f328d60a8977cb0da39e22,0,classical_svr_rbf_source,classical_svr_rbf,source,1234,0.7144554340011382,0.7144554340011382,1.3497556498157526,predicted,
sim_common_q16_v1::random_indep_qiskit_8,fa595f88d0ab98542a799af4492f53b2a5e2e88ebc442a9b508abac209d0afcc,3,classical_svr_rbf_source,classical_svr_rbf,source,1234,0.6867609079999966,0.6867609079999966,1.6329418194317609,predicted,
sim_common_q16_v1::random_indep_qiskit_9,93eff191c23e0c3d13a127f38595909e7092290f5119c9be24a1ccc61fff5767,1,classical_svr_rbf_source,classical_svr_rbf,source,1234,0.9196448500006228,0.9196448500006228,1.535202359517037,predicted,
sim_common_q16_v1::realamprandom_indep_qiskit_2,806f1844d225682cd7d5d0b276b5567caa23697f73064d8a20347024bb03fe40,1,classical_svr_rbf_source,classical_svr_rbf,source,1234,0.6811683435007581,0.7270244620012818,0.6390906656976026,predicted,
sim_common_q16_v1::twolocalrandom_indep_qiskit_2,806f1844d225682cd7d5d0b276b5567caa23697f73064d8a20347024bb03fe40,1,classical_svr_rbf_source,classical_svr_rbf,source,1234,0.6811683435007581,0.6353122250002343,0.6390906656976026,predicted,
sim_common_q16_v1::realamprandom_indep_qiskit_3,79b8fdfbfe6897a226612f9b9e27a4533aac4b48258335fb7746c5f10989cedc,3,classical_svr_rbf_source,classical_svr_rbf,source,1234,0.6289825359999668,0.6333517960010795,0.5969654004714664,predicted,
sim_common_q16_v1::twolocalrandom_indep_qiskit_3,79b8fdfbfe6897a226612f9b9e27a4533aac4b48258335fb7746c5f10989cedc,3,classical_svr_rbf_source,classical_svr_rbf,source,1234,0.6289825359999668,0.6246132759988541,0.5969654004714664,predicted,
sim_common_q16_v1::realamprandom_indep_qiskit_4,187d76ac82884dc3202418b0e06077eec26afed0c625b228d76b4416e6bfa480,3,classical_svr_rbf_source,classical_svr_rbf,source,1234,0.690793351001048,0.6371145330012951,0.6284796741235843,predicted,
sim_common_q16_v1::twolocalrandom_indep_qiskit_4,187d76ac82884dc3202418b0e06077eec26afed0c625b228d76b4416e6bfa480,3,classical_svr_rbf_source,classical_svr_rbf,source,1234,0.690793351001048,0.7444721690008009,0.6284796741235843,predicted,
sim_common_q16_v1::realamprandom_indep_qiskit_5,8d3b3ff10a3a80d0dda4e7043cce2b222aaf9e3cc19caa194b8e87da40266ac5,3,classical_svr_rbf_source,classical_svr_rbf,source,1234,0.6970405395004491,0.6386868430017785,0.6605094750916272,predicted,
sim_common_q16_v1::twolocalrandom_indep_qiskit_5,8d3b3ff10a3a80d0dda4e7043cce2b222aaf9e3cc19caa194b8e87da40266ac5,3,classical_svr_rbf_source,classical_svr_rbf,source,1234,0.6970405395004491,0.7553942359991197,0.6605094750916272,predicted,
sim_common_q16_v1::realamprandom_indep_qiskit_6,c9931425f0767057491a7e6ab8f1ed937fde917a862097440f57606892bddde9,0,classical_svr_rbf_source,classical_svr_rbf,source,1234,0.7250354759999027,0.669643510998867,0.7308640602961907,predicted,
sim_common_q16_v1::twolocalrandom_indep_qiskit_6,c9931425f0767057491a7e6ab8f1ed937fde917a862097440f57606892bddde9,0,classical_svr_rbf_source,classical_svr_rbf,source,1234,0.7250354759999027,0.7804274410009384,0.7308640602961907,predicted,
sim_common_q16_v1::realamprandom_indep_qiskit_7,af19d23c83544c8b7f6be5c42e0254336c9902c1ef454c06b9d45c4582d2fd3d,2,classical_svr_rbf_source,classical_svr_rbf,source,1234,0.7604988409984799,0.7463375029983581,0.8067302593100119,predicted,
sim_common_q16_v1::twolocalrandom_indep_qiskit_7,af19d23c83544c8b7f6be5c42e0254336c9902c1ef454c06b9d45c4582d2fd3d,2,classical_svr_rbf_source,classical_svr_rbf,source,1234,0.7604988409984799,0.7746601789986016,0.8067302593100119,predicted,
sim_common_q16_v1::realamprandom_indep_qiskit_8,8ea085ea0c0185c560746ab5988221e203c457e2afbb475976fb99f718e2dad1,4,classical_svr_rbf_source,classical_svr_rbf,source,1234,0.7514831415010121,0.7581430490026833,0.8818441091318441,predicted,
sim_common_q16_v1::twolocalrandom_indep_qiskit_8,8ea085ea0c0185c560746ab5988221e203c457e2afbb475976fb99f718e2dad1,4,classical_svr_rbf_source,classical_svr_rbf,source,1234,0.7514831415010121,0.744823233999341,0.8818441091318441,predicted,
sim_common_q16_v1::realamprandom_indep_qiskit_9,bdd8a427e9747bbc01ad8e77a22d61f0314fe8db0de17786839f2193ab0928bd,0,classical_svr_rbf_source,classical_svr_rbf,source,1234,1.027857403500093,1.0256131179994554,0.7857534739784853,predicted,
sim_common_q16_v1::twolocalrandom_indep_qiskit_9,bdd8a427e9747bbc01ad8e77a22d61f0314fe8db0de17786839f2193ab0928bd,0,classical_svr_rbf_source,classical_svr_rbf,source,1234,1.027857403500093,1.0301016890007304,0.7857534739784853,predicted,
sim_common_q16_v1::su2random_indep_qiskit_2,66c9180a271ec04f728ab259ed86a24fe52676e6f40a7614b02f79fd13536c91,0,classical_svr_rbf_source,classical_svr_rbf,source,1234,0.73017823400005,0.73017823400005,0.7131504152685468,predicted,
sim_common_q16_v1::su2random_indep_qiskit_3,c69c35c09a4dcfe7dd09af0b73be8e5f608531bf0baadd794f6861bcf237e40c,3,classical_svr_rbf_source,classical_svr_rbf,source,1234,0.7221970069986128,0.7221970069986128,0.5986294206375197,predicted,
sim_common_q16_v1::su2random_indep_qiskit_4,7fabc879bc998db5c05d7cc5b83db2d1704d7587139b714da9cf82639f4f093e,4,classical_svr_rbf_source,classical_svr_rbf,source,1234,0.6280798560001131,0.6280798560001131,0.7288646729954656,predicted,
sim_common_q16_v1::su2random_indep_qiskit_5,c1572e3b6e41c965a5943c21ceacdbad56fc868b4ee02ff4ef8af2d2054a0602,2,classical_svr_rbf_source,classical_svr_rbf,source,1234,0.7392793660001189,0.7392793660001189,0.6991600068940739,predicted,
sim_common_q16_v1::su2random_indep_qiskit_6,2f497b92b87e3e9f44c1ae23dfbffc7309c1550756e6829eb694d42dd4f2ed03,4,classical_svr_rbf_source,classical_svr_rbf,source,1234,0.7643177909994847,0.7643177909994847,0.7499084480269593,predicted,
sim_common_q16_v1::su2random_indep_qiskit_7,4f2368cad1a087f01b7598f13a9afa3b7cea2d6f9e96f79eb390f62213c97af7,2,classical_svr_rbf_source,classical_svr_rbf,source,1234,0.7721899220014166,0.7721899220014166,0.817099374431366,predicted,
sim_common_q16_v1::su2random_indep_qiskit_8,3157278e31c54e80e45de35bfb793aac89eb413e21aabe08b2e0e140de8c0d39,3,classical_svr_rbf_source,classical_svr_rbf,source,1234,0.738525782002398,0.738525782002398,0.9037368033244136,predicted,
sim_common_q16_v1::su2random_indep_qiskit_9,c6ee0cb7c958cecf010796ce2ad0bb148b9fd660dd52393972c541d9ae422eca,4,classical_svr_rbf_source,classical_svr_rbf,source,1234,1.0278606899992155,1.0278606899992155,0.7579091628552923,predicted,
sim_common_q16_v1::vqe_indep_qiskit_3,92c02520f591e3d46218c6839b62acb2a1d5fbcc2ceba197b9265653f1737b24,4,classical_svr_rbf_source,classical_svr_rbf,source,1234,0.6360782570009178,0.6360782570009178,0.6473697376431107,predicted,
sim_common_q16_v1::vqe_indep_qiskit_4,23a9403cafedb94bbd2f39d4d9106aca7f890047719b80231d86ac9fb8382383,0,classical_svr_rbf_source,classical_svr_rbf,source,1234,0.633112699000776,0.633112699000776,0.640431487124034,predicted,
sim_common_q16_v1::vqe_indep_qiskit_5,8c7594c05053bb7af0015bd637170a669e9d39c1da6edce6a769992b6ef5c9cb,0,classical_svr_rbf_source,classical_svr_rbf,source,1234,0.7155582859995775,0.7155582859995775,0.6388101810350464,predicted,
sim_common_q16_v1::vqe_indep_qiskit_6,58501be4f197f4efd57535977a245f6adb39216116363b46836664cd6ca29e10,2,classical_svr_rbf_source,classical_svr_rbf,source,1234,0.6403484270012996,0.6403484270012996,0.6457336973552719,predicted,
sim_common_q16_v1::vqe_indep_qiskit_7,63b92ee6c5b54da107e9016de97e2cb7768bfb970ebc025650706533e47d3caf,2,classical_svr_rbf_source,classical_svr_rbf,source,1234,0.739464948001114,0.739464948001114,0.6519004594737651,predicted,
sim_common_q16_v1::vqe_indep_qiskit_8,6e066adb38de82d96650b3f806e398374e88912fd4688ab9c98f3c94dcd33e16,4,classical_svr_rbf_source,classical_svr_rbf,source,1234,0.6498198089975631,0.6498198089975631,0.7649328162048976,predicted,
sim_common_q16_v1::vqe_indep_qiskit_9,bbafe35368c1a915635c383f6aaa4ec709a7c6e055550875d4de11ca0983dbb5,4,classical_svr_rbf_source,classical_svr_rbf,source,1234,0.6784349429981376,0.6784349429981376,0.8141633811282056,predicted,
sim_common_q16_v1::wstate_indep_qiskit_2,75b1db396e34d1f1b234ea8dcdc253203a770cecce7f48bb8a126860723c43df,1,classical_svr_rbf_source,classical_svr_rbf,source,1234,0.6422257209997042,0.6422257209997042,0.6261107635758365,predicted,
sim_common_q16_v1::wstate_indep_qiskit_3,50a5fc62010017f60b77f8c81e9ddf9bd95419be272d2ec5ed1445aae0c7ac92,3,classical_svr_rbf_source,classical_svr_rbf,source,1234,0.6512624009992578,0.6512624009992578,0.604017243414272,predicted,
sim_common_q16_v1::wstate_indep_qiskit_4,387f2f6f12a10e034ae5b68c11336a9874e87f20871579eec585bfd7311f38c8,4,classical_svr_rbf_source,classical_svr_rbf,source,1234,0.629814787000214,0.629814787000214,0.6244693128065528,predicted,
sim_common_q16_v1::wstate_indep_qiskit_5,dc97062e3adcbcaf813cae5e970c8a0357a239b8d4a09e77a4e3e4625532d209,1,classical_svr_rbf_source,classical_svr_rbf,source,1234,0.6107438010003534,0.6107438010003534,0.6849119518820364,predicted,
sim_common_q16_v1::wstate_indep_qiskit_6,dbfb4dd8bf80cda30461759a3169ec60ac535a27409cf938f691179c6a121ebd,0,classical_svr_rbf_source,classical_svr_rbf,source,1234,0.7103313010011334,0.7103313010011334,0.6370304327116865,predicted,
sim_common_q16_v1::wstate_indep_qiskit_7,1dab21c93a580f711efff03a0f4a1d82985cf201219e886ab246e03a9011735c,1,classical_svr_rbf_source,classical_svr_rbf,source,1234,0.6361640809991513,0.6361640809991513,0.6957484385875593,predicted,
sim_common_q16_v1::wstate_indep_qiskit_8,e2fba21685e6e7d22d625d8babcc9c51a8911815153e52fc89277e0efe117045,3,classical_svr_rbf_source,classical_svr_rbf,source,1234,0.7347158170014154,0.7347158170014154,0.6697206115380119,predicted,
sim_common_q16_v1::wstate_indep_qiskit_9,84c07c56eef046e3c72823b20fb674075b1ab68a85dc6a06baf7f35983e2bd17,2,classical_svr_rbf_source,classical_svr_rbf,source,1234,0.6752045199973509,0.6752045199973509,0.7687228727705606,predicted,
sim_common_q16_v1::ae_indep_qiskit_2,de56c0798eca25bd1510d4d10f11e996f0bad2a11ce94a265da0635c161cbcae,0,classical_svr_rbf_hybrid,classical_svr_rbf,hybrid,1234,0.6445786120020784,0.6445786120020784,0.6168839801698944,predicted,
sim_common_q16_v1::ae_indep_qiskit_3,6b2f9fea850557b40ca9b69341ec300b1c4fe1f4bf53e94436af2ba1586bac62,0,classical_svr_rbf_hybrid,classical_svr_rbf,hybrid,1234,0.6324521900023683,0.6324521900023683,0.6117387548040474,predicted,
sim_common_q16_v1::ae_indep_qiskit_4,9b4261e2d98678946a9aefea16ba9b8abcae8409f8589f8fb3daa941694f88c6,0,classical_svr_rbf_hybrid,classical_svr_rbf,hybrid,1234,0.6257052269975247,0.6257052269975247,0.6214126935947669,predicted,
sim_common_q16_v1::ae_indep_qiskit_5,8e4821df72704634cb81ea4d738477a8d596a49cba641e6198fdc9970e1d5d2f,1,classical_svr_rbf_hybrid,classical_svr_rbf,hybrid,1234,0.6429755230019509,0.6429755230019509,0.6273975712150172,predicted,
sim_common_q16_v1::ae_indep_qiskit_6,585424315575b559a664523f6ce6236189739069b3872eea4ccdb995a29f8701,2,classical_svr_rbf_hybrid,classical_svr_rbf,hybrid,1234,0.6249196000026132,0.6249196000026132,0.6508774056646479,predicted,
sim_common_q16_v1::ae_indep_qiskit_7,a70c5b796698f145c5992d324b3a0b5e28eb7301e6f306652a316a55c68f1ae8,4,classical_svr_rbf_hybrid,classical_svr_rbf,hybrid,1234,0.6728184880012122,0.6728184880012122,0.6421664899279258,predicted,
sim_common_q16_v1::ae_indep_qiskit_8,78d3420407751ab52a65abe926510d585ebd3a5d1934ac31c13b28eca5c5ee8a,4,classical_svr_rbf_hybrid,classical_svr_rbf,hybrid,1234,0.7626127499970607,0.7626127499970607,0.6900359473041215,predicted,
sim_common_q16_v1::ae_indep_qiskit_9,78ecec267502f433ab148452979221600becf679520b50ad454009e0ca097af5,3,classical_svr_rbf_hybrid,classical_svr_rbf,hybrid,1234,0.7365946390018507,0.7365946390018507,0.9250032815994667,predicted,
sim_common_q16_v1::dj_indep_qiskit_2,242786b0f7d73c715a317cbdc0725596836f08d98ecd6eb06b3b4ac4f3f563fb,4,classical_svr_rbf_hybrid,classical_svr_rbf,hybrid,1234,0.6235974270020961,0.6235974270020961,0.6457756669592314,predicted,
sim_common_q16_v1::dj_indep_qiskit_3,bc8cb33a3a242fb3ab35191a36313674faaca8fe1839cfa05d79788052424d1d,1,classical_svr_rbf_hybrid,classical_svr_rbf,hybrid,1234,0.6417426940024598,0.6417426940024598,0.666413710304732,predicted,
sim_common_q16_v1::dj_indep_qiskit_4,3e4560adf43b5c5102bf22f235abcb9dd2ed5e34930cdb929a128226f96e4ea5,1,classical_svr_rbf_hybrid,classical_svr_rbf,hybrid,1234,0.6125353499992343,0.6125353499992343,0.6681169963069044,predicted,
sim_common_q16_v1::dj_indep_qiskit_5,f12c9439f3dfce19e2f161aed74fdafb33146528cdb8524425608579de8b6741,0,classical_svr_rbf_hybrid,classical_svr_rbf,hybrid,1234,0.6494606499982183,0.6494606499982183,0.5710860117519863,predicted,
sim_common_q16_v1::dj_indep_qiskit_6,b5736e26e119a619b687dcc0cf8065475e3805bc0c6180b480e0e36badc289db,2,classical_svr_rbf_hybrid,classical_svr_rbf,hybrid,1234,0.7272395580002922,0.7272395580002922,0.7747838481345981,predicted,
sim_common_q16_v1::dj_indep_qiskit_7,9fc54c185186ff8c504ebdac4e3fa109beb4cf46f86196a3376b3153a7f72962,3,classical_svr_rbf_hybrid,classical_svr_rbf,hybrid,1234,0.6525007039999764,0.6525007039999764,0.7564181106232556,predicted,
sim_common_q16_v1::dj_indep_qiskit_9,db0e077b1674f90860a270d014aa8226822880dbf36c819dad0bea17881b7eb5,3,classical_svr_rbf_hybrid,classical_svr_rbf,hybrid,1234,0.6677595889996155,0.6677595889996155,0.9158287363434048,predicted,
sim_common_q16_v1::ghz_indep_qiskit_2,fcd9497c7764bb185a96cc8b6d1c7878851e9b87e64de7ebf47aa1d16eb3ee0a,4,classical_svr_rbf_hybrid,classical_svr_rbf,hybrid,1234,0.6328717180003878,0.6328717180003878,0.6262494904527188,predicted,
sim_common_q16_v1::ghz_indep_qiskit_3,7344fd4d264c475e52edca02e3426225c78af7ed0bdaae137741a04685725a5d,2,classical_svr_rbf_hybrid,classical_svr_rbf,hybrid,1234,0.6362690579990158,0.6362690579990158,0.6885588198799764,predicted,
sim_common_q16_v1::ghz_indep_qiskit_4,01bfdd8291d6badf1219dd3bf6d7e12559976b8ccb3e67d2548e729dc0c0dc82,2,classical_svr_rbf_hybrid,classical_svr_rbf,hybrid,1234,0.6424375300011889,0.6424375300011889,0.6655973267835502,predicted,
sim_common_q16_v1::ghz_indep_qiskit_5,de4639e0b84f220ce7281521fbce5104129cc70befb85198bf93def8d4ba7a65,4,classical_svr_rbf_hybrid,classical_svr_rbf,hybrid,1234,0.6349322169990046,0.6349322169990046,0.6173230978115583,predicted,
sim_common_q16_v1::ghz_indep_qiskit_6,c67a77f55c658ad1270fd52c8cbc66319b72ceaa5ca5d4015d775b44e8edd85a,2,classical_svr_rbf_hybrid,classical_svr_rbf,hybrid,1234,0.6285922220013163,0.6285922220013163,0.6180215528973296,predicted,
sim_common_q16_v1::ghz_indep_qiskit_7,4b24f68f78c4499a295ab28caa04282d174b7ab2a6b0f5333d3bfe630df72f71,0,classical_svr_rbf_hybrid,classical_svr_rbf,hybrid,1234,0.6354831150019891,0.6354831150019891,0.6304826892826102,predicted,
sim_common_q16_v1::ghz_indep_qiskit_8,2e57556a1b12802c7368ef21e0eb8e5c9863f768a48a9a4d0771725e60b8a616,3,classical_svr_rbf_hybrid,classical_svr_rbf,hybrid,1234,0.644572266999603,0.644572266999603,0.6775178665117858,predicted,
sim_common_q16_v1::ghz_indep_qiskit_9,b5f6ad96b1eb0fc9087c079e22e8a91398b460e24d616ed0d8829247aee24f18,0,classical_svr_rbf_hybrid,classical_svr_rbf,hybrid,1234,0.7290791659979732,0.7290791659979732,0.7082430892537845,predicted,
sim_common_q16_v1::graphstate_indep_qiskit_3,51e3c5bc60da502bf92a6ed65a7c728a8b957b427652ac8fdaa002b9afc50d40,4,classical_svr_rbf_hybrid,classical_svr_rbf,hybrid,1234,0.645907268000883,0.645907268000883,0.6220648026285635,predicted,
sim_common_q16_v1::graphstate_indep_qiskit_4,13721ab5a328b17bf3f8c3692cda844a7e538a8c92530d0c1236f43d3ad5a884,3,classical_svr_rbf_hybrid,classical_svr_rbf,hybrid,1234,0.6307967300017481,0.6307967300017481,0.6142478027990896,predicted,
sim_common_q16_v1::graphstate_indep_qiskit_5,cfadb6828c07bfc2fac00ca0c9c03935e927b88961597b69936fc199a094b9ea,0,classical_svr_rbf_hybrid,classical_svr_rbf,hybrid,1234,0.6335009460017318,0.6335009460017318,0.5752458599731771,predicted,
sim_common_q16_v1::graphstate_indep_qiskit_6,7b944ad7e38d98fae66177b6c014ae2878d62bcd1765103c19941653817e7996,1,classical_svr_rbf_hybrid,classical_svr_rbf,hybrid,1234,4.12037888100167,4.12037888100167,3.4464971715518207,predicted,
sim_common_q16_v1::graphstate_indep_qiskit_7,551dfe6ad672d4157a761610fc4c1061ea844868f2106407374764552251d63a,1,classical_svr_rbf_hybrid,classical_svr_rbf,hybrid,1234,0.6352743349998491,0.6352743349998491,0.39666203689843516,predicted,
sim_common_q16_v1::graphstate_indep_qiskit_8,b6afb1122e1baece13144a1d0da78738759129107f453e9579e99e8789e057fe,3,classical_svr_rbf_hybrid,classical_svr_rbf,hybrid,1234,0.7141289200008032,0.7141289200008032,1.3114104062216085,predicted,
sim_common_q16_v1::graphstate_indep_qiskit_9,040a287609a78a55ab6148ad1a3cc6aa2fcee8b0871b077a9c1a37bee49f69fe,0,classical_svr_rbf_hybrid,classical_svr_rbf,hybrid,1234,3.4133249820006317,3.4133249820006317,1.389140892435727,predicted,
sim_common_q16_v1::grover-noancilla_indep_qiskit_2,55746e6a2fd8d9c4b8c813443f2db46b072f75db1632dd252298c735fbc72bf0,1,classical_svr_rbf_hybrid,classical_svr_rbf,hybrid,1234,0.6316192150006827,0.6274016160023166,1.206940794319919,predicted,
sim_common_q16_v1::grover-v-chain_indep_qiskit_2,55746e6a2fd8d9c4b8c813443f2db46b072f75db1632dd252298c735fbc72bf0,1,classical_svr_rbf_hybrid,classical_svr_rbf,hybrid,1234,0.6316192150006827,0.6358368139990489,1.206940794319919,predicted,
sim_common_q16_v1::grover-noancilla_indep_qiskit_3,bc77f4afad8bbb19a6b320c11bc8f8110a330e395e5c509895e0b6c566cab5e9,4,classical_svr_rbf_hybrid,classical_svr_rbf,hybrid,1234,0.6336756905002403,0.6221831709990511,0.620026149472263,predicted,
sim_common_q16_v1::grover-v-chain_indep_qiskit_3,bc77f4afad8bbb19a6b320c11bc8f8110a330e395e5c509895e0b6c566cab5e9,4,classical_svr_rbf_hybrid,classical_svr_rbf,hybrid,1234,0.6336756905002403,0.6451682100014295,0.620026149472263,predicted,
sim_common_q16_v1::grover-noancilla_indep_qiskit_4,edc62038c489069da135981ccefd5c5a2f3cc0a991fa6da4defa393abdb0d2a4,4,classical_svr_rbf_hybrid,classical_svr_rbf,hybrid,1234,0.6425279779978155,0.6347441939979035,0.5670026755019236,predicted,
sim_common_q16_v1::grover-v-chain_indep_qiskit_4,edc62038c489069da135981ccefd5c5a2f3cc0a991fa6da4defa393abdb0d2a4,4,classical_svr_rbf_hybrid,classical_svr_rbf,hybrid,1234,0.6425279779978155,0.6503117619977274,0.5670026755019236,predicted,
sim_common_q16_v1::grover-noancilla_indep_qiskit_5,dd514cba6fbc94c48a3eb8f2ff2210ef74259e76e7f796394066418bfd93ee86,2,classical_svr_rbf_hybrid,classical_svr_rbf,hybrid,1234,0.6749066180018417,0.6749066180018417,0.6912057030674312,predicted,
sim_common_q16_v1::grover-noancilla_indep_qiskit_6,b6a15d3507225e442ed02c90df5179f09c529df7bf5ee38a8005cc265f4203a6,0,classical_svr_rbf_hybrid,classical_svr_rbf,hybrid,1234,0.8617562030012778,0.8617562030012778,1.17871634828429,predicted,
sim_common_q16_v1::grover-noancilla_indep_qiskit_7,35548785a9c99b0ad9409f18dfbfc3baed0e1dcbb1d95eae8c8510dcda120410,0,classical_svr_rbf_hybrid,classical_svr_rbf,hybrid,1234,2.755100520000269,2.755100520000269,2.30659424456997,predicted,
sim_common_q16_v1::grover-noancilla_indep_qiskit_8,a3b7d67bad6cd47cb522addfaf763294b1ea99017f443c03052055a2f0074009,4,classical_svr_rbf_hybrid,classical_svr_rbf,hybrid,1234,3.8077989039993554,3.8077989039993554,1.3640317390054277,predicted,
sim_common_q16_v1::grover-v-chain_indep_qiskit_5,5042c6dd513b1366c0a145850de9e534b0e38aabc818b994ab8c4b6cad7ad5c8,3,classical_svr_rbf_hybrid,classical_svr_rbf,hybrid,1234,0.6741303899980267,0.6741303899980267,0.7264523640820582,predicted,
sim_common_q16_v1::grover-v-chain_indep_qiskit_7,84056291d9ff227b3c615cc378349fa1154f5a122bcd0eb6bc04045bbf3affa0,4,classical_svr_rbf_hybrid,classical_svr_rbf,hybrid,1234,1.1920864250023442,1.1920864250023442,1.1506365346915666,predicted,
sim_common_q16_v1::grover-v-chain_indep_qiskit_9,3d37464cf8c53831d2867c0c111a83e03a820e90fa26f77d01a4a85f4f9d6875,1,classical_svr_rbf_hybrid,classical_svr_rbf,hybrid,1234,3.409926619999169,3.409926619999169,2.339755560209727,predicted,
sim_common_q16_v1::portfolioqaoa_indep_qiskit_3,47e6743e95c380a13dc5947d9e9b3db26e541efabd4a27134ff26aa14c00ba7d,1,classical_svr_rbf_hybrid,classical_svr_rbf,hybrid,1234,0.6487017560029926,0.6487017560029926,0.6669001468387601,predicted,
sim_common_q16_v1::portfolioqaoa_indep_qiskit_4,568570a69663949a1aaac2fe16e74d3d065c7a8e6013e21368a9d8add886d6dc,2,classical_svr_rbf_hybrid,classical_svr_rbf,hybrid,1234,0.6451116749994981,0.6451116749994981,0.601962179313233,predicted,
sim_common_q16_v1::portfolioqaoa_indep_qiskit_5,0f7836c0a3a429dd9b4f2b55a4fab5d6d112458814cb34efb22309ec614c801f,2,classical_svr_rbf_hybrid,classical_svr_rbf,hybrid,1234,0.6517559040003107,0.6517559040003107,0.6463169728906761,predicted,
sim_common_q16_v1::portfolioqaoa_indep_qiskit_6,4dd5e72918722dff3c88e277e20e3ecc1e06dfd0601343e784eeb454470800b7,4,classical_svr_rbf_hybrid,classical_svr_rbf,hybrid,1234,0.6879031880016555,0.6879031880016555,0.7683346535783182,predicted,
sim_common_q16_v1::portfolioqaoa_indep_qiskit_7,f8d88243c9d36e41e0eedeff4898e325d59ba4d8ceb4b81c7b48757ade1e94b4,0,classical_svr_rbf_hybrid,classical_svr_rbf,hybrid,1234,0.8747539370015147,0.8747539370015147,0.7037109109564699,predicted,
sim_common_q16_v1::portfolioqaoa_indep_qiskit_8,2372d3228c3e3e38e3351feb553380bce5a543c936f73a400de0e54ab470599a,1,classical_svr_rbf_hybrid,classical_svr_rbf,hybrid,1234,0.7452616640002816,0.7452616640002816,1.0629025134916232,predicted,
sim_common_q16_v1::portfolioqaoa_indep_qiskit_9,a53b2a3a1ba8397a96b487c44f825f3cab2e0c714b69298f2ab0a839975b173c,0,classical_svr_rbf_hybrid,classical_svr_rbf,hybrid,1234,1.0392779800022254,1.0392779800022254,1.005297625525004,predicted,
sim_common_q16_v1::portfoliovqe_indep_qiskit_3,4b5542071ea595cd62184de26c4f1dac3f6afa86f6450f50a28dbe8e1f865257,0,classical_svr_rbf_hybrid,classical_svr_rbf,hybrid,1234,0.6282423720003862,0.6282423720003862,0.6603826119422974,predicted,
sim_common_q16_v1::portfoliovqe_indep_qiskit_4,36bb1354ff108648bc8c9c529a2002a53a68e4bfa9bf3529edce11e5d47f851f,0,classical_svr_rbf_hybrid,classical_svr_rbf,hybrid,1234,0.6387674009965849,0.6387674009965849,0.6893854897246889,predicted,
sim_common_q16_v1::portfoliovqe_indep_qiskit_5,28b9eac87132bbff64970708737a94c408cfa435ce16cd395a57ab6fbfe5a6f7,2,classical_svr_rbf_hybrid,classical_svr_rbf,hybrid,1234,0.7472729069995694,0.7472729069995694,0.6602027943476299,predicted,
sim_common_q16_v1::portfoliovqe_indep_qiskit_6,7dafebd46e73b9b279f1ef96da32f7d563de3721b856b4570375ab81951e06fc,0,classical_svr_rbf_hybrid,classical_svr_rbf,hybrid,1234,0.672533150001982,0.672533150001982,0.7387945911698839,predicted,
sim_common_q16_v1::portfoliovqe_indep_qiskit_7,99e0865dc3fced630c02b5b2710b24fd9257ba31d54112cde08a769e974f53c4,3,classical_svr_rbf_hybrid,classical_svr_rbf,hybrid,1234,0.7434713800030295,0.7434713800030295,0.6868941939887494,predicted,
sim_common_q16_v1::portfoliovqe_indep_qiskit_8,eb43007109ad9707544629854cfc7259b0e6aa70c5a618cedacbb7d26dd746a0,0,classical_svr_rbf_hybrid,classical_svr_rbf,hybrid,1234,0.7341747549980937,0.7341747549980937,0.8077674009006739,predicted,
sim_common_q16_v1::portfoliovqe_indep_qiskit_9,615d076a941f3eec9d225a20b894c8d30a0c90d4834d03fa0ebd5d13e4b46ded,2,classical_svr_rbf_hybrid,classical_svr_rbf,hybrid,1234,1.0230367410003964,1.0230367410003964,0.9435106763761252,predicted,
sim_common_q16_v1::qaoa_indep_qiskit_3,45ca196e391297302c92dc6ea0fd119efa62b2ee88e3b85260561e5fbafa7400,3,classical_svr_rbf_hybrid,classical_svr_rbf,hybrid,1234,0.6362355410019518,0.6362355410019518,0.9260244499218154,predicted,
sim_common_q16_v1::qaoa_indep_qiskit_4,9649572da691c86252b1620cba73350902b9ba3cf4dbdb3fb2e3531588da98c4,1,classical_svr_rbf_hybrid,classical_svr_rbf,hybrid,1234,0.6444687240000349,0.6444687240000349,0.6455834923268919,predicted,
sim_common_q16_v1::qaoa_indep_qiskit_5,f2ce48d725be79c1ea5cbfeb36811261c4e74460588e911c3b2916a9303c1cf5,0,classical_svr_rbf_hybrid,classical_svr_rbf,hybrid,1234,0.6301084189981339,0.6301084189981339,0.4498856299327877,predicted,
sim_common_q16_v1::qaoa_indep_qiskit_6,6a475a20ac3d09839e2b43104ca187037db5ff813b811e0d7356adac93d25244,1,classical_svr_rbf_hybrid,classical_svr_rbf,hybrid,1234,0.6421520209987648,0.6421520209987648,0.8698888470609393,predicted,
sim_common_q16_v1::qaoa_indep_qiskit_7,8e1c1014680274215f87d97c833f99474ed19b3393b2b8eea20a36bde517708b,4,classical_svr_rbf_hybrid,classical_svr_rbf,hybrid,1234,0.6511161570015247,0.6511161570015247,0.5424216095894152,predicted,
sim_common_q16_v1::qaoa_indep_qiskit_8,0a43c652a1c92c83389d952438c22aa0d890a611333da29499d6ff1733925b21,0,classical_svr_rbf_hybrid,classical_svr_rbf,hybrid,1234,0.6687408600009803,0.6687408600009803,2.839517546083062,predicted,
sim_common_q16_v1::qaoa_indep_qiskit_9,a4a7b8b8d556570de9ea2db286aaa4245fa50f4619f25f0f7414b16d503458d8,1,classical_svr_rbf_hybrid,classical_svr_rbf,hybrid,1234,17.55494177699802,17.55494177699802,1.4845055590886167,predicted,
sim_common_q16_v1::qft_indep_qiskit_2,aa91238ec5978b739b87b3a657746a8786de113397a5abeadf726d1dd9c836b3,2,classical_svr_rbf_hybrid,classical_svr_rbf,hybrid,1234,0.7182261369998741,0.7182261369998741,0.6838376956448058,predicted,
sim_common_q16_v1::qft_indep_qiskit_3,7f613ccae98ac8124d086ee9a39d94b1ed019520da8c3277395b109fd22d7d4d,4,classical_svr_rbf_hybrid,classical_svr_rbf,hybrid,1234,0.638093072000629,0.638093072000629,0.6741117673560757,predicted,
sim_common_q16_v1::qft_indep_qiskit_4,ea84355871fa77560419766f8000de4dcb0eea29468bcb0d89a1c84edff34f61,0,classical_svr_rbf_hybrid,classical_svr_rbf,hybrid,1234,0.6269083859988314,0.6269083859988314,0.6613373092383479,predicted,
sim_common_q16_v1::qft_indep_qiskit_5,0285fd21a0dd1ca29cd386de85a1a8af49cc7d71f5c86f6451b55a11c68864a8,3,classical_svr_rbf_hybrid,classical_svr_rbf,hybrid,1234,0.6442288310026925,0.6442288310026925,0.6735434695614142,predicted,
sim_common_q16_v1::qft_indep_qiskit_6,cbe1ca5505b485bd87b2e68f2b38ecae377e29f823c30e4c44d3f5f87d4266f7,1,classical_svr_rbf_hybrid,classical_svr_rbf,hybrid,1234,0.651070706997416,0.651070706997416,0.6462361493229765,predicted,
sim_common_q16_v1::qft_indep_qiskit_7,01de4bb89da48a3fc09c31d41d509c1446c6a4a3b329612c5baf0d39c56a922e,1,classical_svr_rbf_hybrid,classical_svr_rbf,hybrid,1234,0.6848869749992446,0.6848869749992446,0.6620775415723616,predicted,
sim_common_q16_v1::qft_indep_qiskit_8,e4664972befc3ffed396f3842bf910be22c2fbe7f293d3c295b971dfe094d398,3,classical_svr_rbf_hybrid,classical_svr_rbf,hybrid,1234,0.6876082300004782,0.6876082300004782,0.6705669541522609,predicted,
sim_common_q16_v1::qft_indep_qiskit_9,e0c3acec67c0fb535add575a46e01889b30ec7970005214fd2188b94ae3a55a5,0,classical_svr_rbf_hybrid,classical_svr_rbf,hybrid,1234,0.7909492459984904,0.7909492459984904,0.7404236312507153,predicted,
sim_common_q16_v1::qftentangled_indep_qiskit_2,02d66e8b66849fdd0f0581b84924adbd1bd2d7603e25e5e9faa447ac2a6708d0,2,classical_svr_rbf_hybrid,classical_svr_rbf,hybrid,1234,0.6421512939996319,0.6421512939996319,0.6854047494620182,predicted,
sim_common_q16_v1::qftentangled_indep_qiskit_3,5ab4253ed51b729f331c9f3cc78bfecd3ecb2fed2e98818816bf3f64e22f1bfe,2,classical_svr_rbf_hybrid,classical_svr_rbf,hybrid,1234,0.6430523449998873,0.6430523449998873,0.6711704544429491,predicted,
sim_common_q16_v1::qftentangled_indep_qiskit_4,d7a22ac29418bcf9f00346732fe1b985f8e0b9df60273404dabbf4a62027715f,0,classical_svr_rbf_hybrid,classical_svr_rbf,hybrid,1234,0.718577378000191,0.718577378000191,0.668199173066213,predicted,
sim_common_q16_v1::qftentangled_indep_qiskit_5,4ee5846eef239e2b0e0d3f950f78b5b4b8af213f0063eb50be6bf50bdbb4385d,4,classical_svr_rbf_hybrid,classical_svr_rbf,hybrid,1234,0.711588597001537,0.711588597001537,0.6626969585269051,predicted,
sim_common_q16_v1::qftentangled_indep_qiskit_6,7c8832728feaaf34fac1fda49dfcbfbf655902b5b4eb3f1b11e43f21d15de5bf,2,classical_svr_rbf_hybrid,classical_svr_rbf,hybrid,1234,0.6466906070018013,0.6466906070018013,0.6931800738041497,predicted,
sim_common_q16_v1::qftentangled_indep_qiskit_7,f0e0170b510412a7e964e82f14793115a9e53a1b250283a74abd893a45b5f20e,3,classical_svr_rbf_hybrid,classical_svr_rbf,hybrid,1234,0.7955734110000776,0.7955734110000776,0.7221206795896314,predicted,
sim_common_q16_v1::qftentangled_indep_qiskit_8,8711737782301f568af1980707e62c989655488357aa858d6c63bb8e206ae4fc,4,classical_svr_rbf_hybrid,classical_svr_rbf,hybrid,1234,0.6800704039997072,0.6800704039997072,0.7289347667963989,predicted,
sim_common_q16_v1::qftentangled_indep_qiskit_9,fea8eb37e38bc24d3352d9446471b5cf8f6b8af6ae4c0f931d5942564936274c,3,classical_svr_rbf_hybrid,classical_svr_rbf,hybrid,1234,0.8116922409972176,0.8116922409972176,0.8375263218633636,predicted,
sim_common_q16_v1::qnn_indep_qiskit_2,3c0ed99f7e5a0409bdadc636b8b7a5dd911304ccbe2e87b32589b91dd44a6a5a,3,classical_svr_rbf_hybrid,classical_svr_rbf,hybrid,1234,0.6364995420008199,0.6364995420008199,0.6197475461433388,predicted,
sim_common_q16_v1::qnn_indep_qiskit_3,15e80264fdff1398ab38bbd9144f853a3a2317e95163fda15a1e9ec2657beecb,3,classical_svr_rbf_hybrid,classical_svr_rbf,hybrid,1234,0.7232230859990523,0.7232230859990523,0.6079242208414746,predicted,
sim_common_q16_v1::qnn_indep_qiskit_4,451bd8177acaca0301a8bb4d61cb192f26dce1f81d8ab04ca0aded562d525c58,1,classical_svr_rbf_hybrid,classical_svr_rbf,hybrid,1234,0.6316140970011475,0.6316140970011475,0.6946261801432101,predicted,
sim_common_q16_v1::qnn_indep_qiskit_5,d506e52d304853cd9e55834d3112505279aa22e89e70aa7c00dfc57caad3c72c,0,classical_svr_rbf_hybrid,classical_svr_rbf,hybrid,1234,0.6502378280019911,0.6502378280019911,0.6550511057340728,predicted,
sim_common_q16_v1::qnn_indep_qiskit_6,720a3cec5f9b39a53aa0d59f0ecc24f42f2948fbe56164a033262c628e2ba875,1,classical_svr_rbf_hybrid,classical_svr_rbf,hybrid,1234,0.6810264529995038,0.6810264529995038,0.6652365989784661,predicted,
sim_common_q16_v1::qnn_indep_qiskit_7,6cf91acdbcfc0321d1ffcee7c2197fec29f2b9dd83e7c3b56dbe8d583332ccdb,1,classical_svr_rbf_hybrid,classical_svr_rbf,hybrid,1234,0.7633359889987332,0.7633359889987332,0.7249942950040891,predicted,
sim_common_q16_v1::qnn_indep_qiskit_8,f76953672a13f3e92397fe3586ff6557882560261e995147a67b931d701c7fcf,4,classical_svr_rbf_hybrid,classical_svr_rbf,hybrid,1234,0.8227666269995098,0.8227666269995098,0.8913932904638613,predicted,
sim_common_q16_v1::qnn_indep_qiskit_9,4df5b36e58378649053c461bf5ee1478fa114ac65c0c14551536b820ce8eafc7,1,classical_svr_rbf_hybrid,classical_svr_rbf,hybrid,1234,0.9238195639991318,0.9238195639991318,0.8520647691460781,predicted,
sim_common_q16_v1::qpeexact_indep_qiskit_2,0a43a3dbe4a4294a007fa7ec167a24ea300d3762489b98245c2f80ad29727075,0,classical_svr_rbf_hybrid,classical_svr_rbf,hybrid,1234,0.6283055000021704,0.6283055000021704,0.6278849672514158,predicted,
sim_common_q16_v1::qpeexact_indep_qiskit_3,56289d5fdefe63c89244b0849f2e22753ce30832776d74b79de4603006db32f4,4,classical_svr_rbf_hybrid,classical_svr_rbf,hybrid,1234,0.7184256109976559,0.7184256109976559,0.6336798368210326,predicted,
sim_common_q16_v1::qpeexact_indep_qiskit_4,af7e7c49ba06f5c554580173d3dcd73bc9d5a9dd9c6e3d3cd8c94d494fa4b969,2,classical_svr_rbf_hybrid,classical_svr_rbf,hybrid,1234,0.6284069449975505,0.6284069449975505,0.6330918904508777,predicted,
sim_common_q16_v1::qpeexact_indep_qiskit_5,7478da09664f4489c33c18a6ea1974cc9dea86d1adda1f912c3eaeff27c2d5fa,0,classical_svr_rbf_hybrid,classical_svr_rbf,hybrid,1234,0.6475399470000411,0.6475399470000411,0.6344803787854212,predicted,
sim_common_q16_v1::qpeexact_indep_qiskit_6,abe368f160ce73db792b3af14a6e120eda4838b15f01376daa204a680d07c5bc,2,classical_svr_rbf_hybrid,classical_svr_rbf,hybrid,1234,0.6475595259980764,0.6475595259980764,0.6513966852779833,predicted,
sim_common_q16_v1::qpeexact_indep_qiskit_7,d06936015124a75ae15e1f94eeb54cc51ab24596726b8110765a69ba66d0e80a,0,classical_svr_rbf_hybrid,classical_svr_rbf,hybrid,1234,0.6782379760006734,0.6782379760006734,0.6685626844322036,predicted,
sim_common_q16_v1::qpeexact_indep_qiskit_8,5d3cc38ff0e2b9054c927b6309c6a8dfaba491733eab08b06cc06f2d333da23d,4,classical_svr_rbf_hybrid,classical_svr_rbf,hybrid,1234,0.686445900999388,0.686445900999388,0.716574927306655,predicted,
sim_common_q16_v1::qpeexact_indep_qiskit_9,31f7b2533d8a3c05d59b44a9b2d93f44bc48da630d1884cf9df0012199e10a74,1,classical_svr_rbf_hybrid,classical_svr_rbf,hybrid,1234,0.7935242480016313,0.7935242480016313,0.9201589046734698,predicted,
sim_common_q16_v1::qpeinexact_indep_qiskit_2,acacd76111e7f23e4224342ca0ab5340b1bdaad3b6eba8893e4036ba14896362,1,classical_svr_rbf_hybrid,classical_svr_rbf,hybrid,1234,0.6258419089972449,0.6258419089972449,0.6346806140763864,predicted,
sim_common_q16_v1::qpeinexact_indep_qiskit_3,afa0cd93480bae81feca2afdcb909ab13c2934f76b139c27872b18658e5c1f28,2,classical_svr_rbf_hybrid,classical_svr_rbf,hybrid,1234,0.6425586090008437,0.6425586090008437,0.6931518964176073,predicted,
sim_common_q16_v1::qpeinexact_indep_qiskit_4,1d76cd981622e5ca02125654d00534f3aec623bbb2b95b7ea894049f76916577,4,classical_svr_rbf_hybrid,classical_svr_rbf,hybrid,1234,0.6402722480015655,0.6402722480015655,0.5915531923027608,predicted,
sim_common_q16_v1::qpeinexact_indep_qiskit_5,f37f599f25c5024b4069e866a31563a6daf0b1495d17d25343f7b3cfac1169ee,1,classical_svr_rbf_hybrid,classical_svr_rbf,hybrid,1234,0.6406791050030733,0.6406791050030733,0.6327402152804283,predicted,
sim_common_q16_v1::qpeinexact_indep_qiskit_6,c658b0f6c564cc6b7d6d48105e5567caf0660181ca2dbad8b9bdbdd353962fd6,0,classical_svr_rbf_hybrid,classical_svr_rbf,hybrid,1234,0.6522649979997368,0.6522649979997368,0.6456951761904024,predicted,
sim_common_q16_v1::qpeinexact_indep_qiskit_7,093af0605e834bf0a4f2aef0b46600d12c6b1c913e791fb13e2513048a6b1c70,4,classical_svr_rbf_hybrid,classical_svr_rbf,hybrid,1234,0.7007861210004194,0.7007861210004194,0.6571169771336676,predicted,
sim_common_q16_v1::qpeinexact_indep_qiskit_8,82da8e687716ed31c95e72560edb07e7f6073a5be0f5ebffb17d22aff22c81fd,0,classical_svr_rbf_hybrid,classical_svr_rbf,hybrid,1234,0.6688155289994029,0.6688155289994029,0.7282247632840464,predicted,
sim_common_q16_v1::qpeinexact_indep_qiskit_9,81a66b1daaf97d148a8a075515daf8702349d257883a1dd88e26993c1622351f,3,classical_svr_rbf_hybrid,classical_svr_rbf,hybrid,1234,0.8898592920013471,0.8898592920013471,0.7364284250746839,predicted,
sim_common_q16_v1::qwalk-noancilla_indep_qiskit_3,9110b8773ad1c544b5ec91feaaa99c96975f7577fe6966b0f0df52dab84bef92,4,classical_svr_rbf_hybrid,classical_svr_rbf,hybrid,1234,0.6806762745000015,0.6374438919992826,0.6269652218384114,predicted,
sim_common_q16_v1::qwalk-v-chain_indep_qiskit_3,9110b8773ad1c544b5ec91feaaa99c96975f7577fe6966b0f0df52dab84bef92,4,classical_svr_rbf_hybrid,classical_svr_rbf,hybrid,1234,0.6806762745000015,0.7239086570007203,0.6269652218384114,predicted,
sim_common_q16_v1::qwalk-noancilla_indep_qiskit_4,2df018ddcd5f44fd33cd5d80af349db5f84e36d6a5f905ef4611e5e5cc0d03f4,4,classical_svr_rbf_hybrid,classical_svr_rbf,hybrid,1234,0.6810126529999252,0.6810126529999252,0.7318245469701012,predicted,
sim_common_q16_v1::qwalk-noancilla_indep_qiskit_5,7e02b8d5bbea94c5e0eabb2edd6a74e15949ae6b737fabb55e66a61d47181912,4,classical_svr_rbf_hybrid,classical_svr_rbf,hybrid,1234,0.7063868340010231,0.7063868340010231,0.6049757816065449,predicted,
sim_common_q16_v1::qwalk-noancilla_indep_qiskit_6,97bdbd3569346cfa4a289ced5de0f3280a495266d423a3af48650bf01484b9be,0,classical_svr_rbf_hybrid,classical_svr_rbf,hybrid,1234,1.015744493000966,1.015744493000966,1.2852220947342978,predicted,
sim_common_q16_v1::qwalk-noancilla_indep_qiskit_7,73abe6179f1e84e36777e1d953028143ee3ff00662ddb793d55022d9344b4940,2,classical_svr_rbf_hybrid,classical_svr_rbf,hybrid,1234,2.998404195997864,2.998404195997864,1.8833045260087278,predicted,
sim_common_q16_v1::qwalk-noancilla_indep_qiskit_8,b23a0318d268fcffc78b4f6ce920c98f33487ec34a71cf7b6225b9b6eb93f1bb,4,classical_svr_rbf_hybrid,classical_svr_rbf,hybrid,1234,3.649332992998097,3.649332992998097,1.9796528663685695,predicted,
sim_common_q16_v1::qwalk-noancilla_indep_qiskit_9,e8037a4f622df36c65c0e756e11a6c6e3b8b40fbabaffb6cd59ff1cc79f49063,0,classical_svr_rbf_hybrid,classical_svr_rbf,hybrid,1234,18.4117178100023,18.4117178100023,1.4147887714081586,predicted,
sim_common_q16_v1::qwalk-v-chain_indep_qiskit_5,72fb5f837aaa2bec862c3a477efd166f351b72903612c32d444704a431457f4d,0,classical_svr_rbf_hybrid,classical_svr_rbf,hybrid,1234,0.6463327589990513,0.6463327589990513,0.6996886421938068,predicted,
sim_common_q16_v1::qwalk-v-chain_indep_qiskit_7,3d8107599f669ba102c734a8796433a6a348197dd98a74c63f172d7790b5c9a2,2,classical_svr_rbf_hybrid,classical_svr_rbf,hybrid,1234,0.984092689002864,0.984092689002864,1.14969367858666,predicted,
sim_common_q16_v1::qwalk-v-chain_indep_qiskit_9,8650fb4f2d0816cd59c97df1ed4051936ecb3b5c31d39ba97cdc5cd2af374a8a,4,classical_svr_rbf_hybrid,classical_svr_rbf,hybrid,1234,1.861087077002594,1.861087077002594,1.312913336959154,predicted,
sim_common_q16_v1::random_indep_qiskit_2,433844fca892218b1218ca028aafb0eddf1929d5ca52fdea53b3cb324e4055bd,1,classical_svr_rbf_hybrid,classical_svr_rbf,hybrid,1234,0.6350642280012835,0.6350642280012835,0.8422041886548617,predicted,
sim_common_q16_v1::random_indep_qiskit_3,d7ecd343052e510bdf5fa0f67f2fdbc3ee5ddccd19f39548c2853114a94dece2,4,classical_svr_rbf_hybrid,classical_svr_rbf,hybrid,1234,0.6280151889986882,0.6280151889986882,1.0951758659717872,predicted,
sim_common_q16_v1::random_indep_qiskit_4,212e0f8a693a745c9fc792b876e7be6ddb0ba051c1b0f558e0819e1437a8a2fb,2,classical_svr_rbf_hybrid,classical_svr_rbf,hybrid,1234,0.7269409180007642,0.7269409180007642,0.793934585990773,predicted,
sim_common_q16_v1::random_indep_qiskit_5,8f11cd416ae9672f06a39e5ee3a27a70bcbf31d7177cb47270c0cd8512c95381,1,classical_svr_rbf_hybrid,classical_svr_rbf,hybrid,1234,0.7345396679993428,0.7345396679993428,1.38425325151619,predicted,
sim_common_q16_v1::random_indep_qiskit_6,4d5b55eb4b8a0aea0af4bde721618cbe79ed66e0636398ffddc79ace483672a6,3,classical_svr_rbf_hybrid,classical_svr_rbf,hybrid,1234,0.6658408169969334,0.6658408169969334,1.599529707354205,predicted,
sim_common_q16_v1::random_indep_qiskit_7,8ffee9c3a3af1aeaa766f38df57fcb62de5efa16d7f328d60a8977cb0da39e22,0,classical_svr_rbf_hybrid,classical_svr_rbf,hybrid,1234,0.7144554340011382,0.7144554340011382,1.4080005476824984,predicted,
sim_common_q16_v1::random_indep_qiskit_8,fa595f88d0ab98542a799af4492f53b2a5e2e88ebc442a9b508abac209d0afcc,3,classical_svr_rbf_hybrid,classical_svr_rbf,hybrid,1234,0.6867609079999966,0.6867609079999966,1.5983671237535788,predicted,
sim_common_q16_v1::random_indep_qiskit_9,93eff191c23e0c3d13a127f38595909e7092290f5119c9be24a1ccc61fff5767,1,classical_svr_rbf_hybrid,classical_svr_rbf,hybrid,1234,0.9196448500006228,0.9196448500006228,1.3902277483457408,predicted,
sim_common_q16_v1::realamprandom_indep_qiskit_2,806f1844d225682cd7d5d0b276b5567caa23697f73064d8a20347024bb03fe40,1,classical_svr_rbf_hybrid,classical_svr_rbf,hybrid,1234,0.6811683435007581,0.7270244620012818,0.5997364644038585,predicted,
sim_common_q16_v1::twolocalrandom_indep_qiskit_2,806f1844d225682cd7d5d0b276b5567caa23697f73064d8a20347024bb03fe40,1,classical_svr_rbf_hybrid,classical_svr_rbf,hybrid,1234,0.6811683435007581,0.6353122250002343,0.5997364644038585,predicted,
sim_common_q16_v1::realamprandom_indep_qiskit_3,79b8fdfbfe6897a226612f9b9e27a4533aac4b48258335fb7746c5f10989cedc,3,classical_svr_rbf_hybrid,classical_svr_rbf,hybrid,1234,0.6289825359999668,0.6333517960010795,0.6076164173853833,predicted,
sim_common_q16_v1::twolocalrandom_indep_qiskit_3,79b8fdfbfe6897a226612f9b9e27a4533aac4b48258335fb7746c5f10989cedc,3,classical_svr_rbf_hybrid,classical_svr_rbf,hybrid,1234,0.6289825359999668,0.6246132759988541,0.6076164173853833,predicted,
sim_common_q16_v1::realamprandom_indep_qiskit_4,187d76ac82884dc3202418b0e06077eec26afed0c625b228d76b4416e6bfa480,3,classical_svr_rbf_hybrid,classical_svr_rbf,hybrid,1234,0.690793351001048,0.6371145330012951,0.6587510948340534,predicted,
sim_common_q16_v1::twolocalrandom_indep_qiskit_4,187d76ac82884dc3202418b0e06077eec26afed0c625b228d76b4416e6bfa480,3,classical_svr_rbf_hybrid,classical_svr_rbf,hybrid,1234,0.690793351001048,0.7444721690008009,0.6587510948340534,predicted,
sim_common_q16_v1::realamprandom_indep_qiskit_5,8d3b3ff10a3a80d0dda4e7043cce2b222aaf9e3cc19caa194b8e87da40266ac5,3,classical_svr_rbf_hybrid,classical_svr_rbf,hybrid,1234,0.6970405395004491,0.6386868430017785,0.7181093956903505,predicted,
sim_common_q16_v1::twolocalrandom_indep_qiskit_5,8d3b3ff10a3a80d0dda4e7043cce2b222aaf9e3cc19caa194b8e87da40266ac5,3,classical_svr_rbf_hybrid,classical_svr_rbf,hybrid,1234,0.6970405395004491,0.7553942359991197,0.7181093956903505,predicted,
sim_common_q16_v1::realamprandom_indep_qiskit_6,c9931425f0767057491a7e6ab8f1ed937fde917a862097440f57606892bddde9,0,classical_svr_rbf_hybrid,classical_svr_rbf,hybrid,1234,0.7250354759999027,0.669643510998867,0.7375752991472333,predicted,
sim_common_q16_v1::twolocalrandom_indep_qiskit_6,c9931425f0767057491a7e6ab8f1ed937fde917a862097440f57606892bddde9,0,classical_svr_rbf_hybrid,classical_svr_rbf,hybrid,1234,0.7250354759999027,0.7804274410009384,0.7375752991472333,predicted,
sim_common_q16_v1::realamprandom_indep_qiskit_7,af19d23c83544c8b7f6be5c42e0254336c9902c1ef454c06b9d45c4582d2fd3d,2,classical_svr_rbf_hybrid,classical_svr_rbf,hybrid,1234,0.7604988409984799,0.7463375029983581,0.761587011389241,predicted,
sim_common_q16_v1::twolocalrandom_indep_qiskit_7,af19d23c83544c8b7f6be5c42e0254336c9902c1ef454c06b9d45c4582d2fd3d,2,classical_svr_rbf_hybrid,classical_svr_rbf,hybrid,1234,0.7604988409984799,0.7746601789986016,0.761587011389241,predicted,
sim_common_q16_v1::realamprandom_indep_qiskit_8,8ea085ea0c0185c560746ab5988221e203c457e2afbb475976fb99f718e2dad1,4,classical_svr_rbf_hybrid,classical_svr_rbf,hybrid,1234,0.7514831415010121,0.7581430490026833,0.8067491426146476,predicted,
sim_common_q16_v1::twolocalrandom_indep_qiskit_8,8ea085ea0c0185c560746ab5988221e203c457e2afbb475976fb99f718e2dad1,4,classical_svr_rbf_hybrid,classical_svr_rbf,hybrid,1234,0.7514831415010121,0.744823233999341,0.8067491426146476,predicted,
sim_common_q16_v1::realamprandom_indep_qiskit_9,bdd8a427e9747bbc01ad8e77a22d61f0314fe8db0de17786839f2193ab0928bd,0,classical_svr_rbf_hybrid,classical_svr_rbf,hybrid,1234,1.027857403500093,1.0256131179994554,0.9694483221477369,predicted,
sim_common_q16_v1::twolocalrandom_indep_qiskit_9,bdd8a427e9747bbc01ad8e77a22d61f0314fe8db0de17786839f2193ab0928bd,0,classical_svr_rbf_hybrid,classical_svr_rbf,hybrid,1234,1.027857403500093,1.0301016890007304,0.9694483221477369,predicted,
sim_common_q16_v1::su2random_indep_qiskit_2,66c9180a271ec04f728ab259ed86a24fe52676e6f40a7614b02f79fd13536c91,0,classical_svr_rbf_hybrid,classical_svr_rbf,hybrid,1234,0.73017823400005,0.73017823400005,0.7888207448216547,predicted,
sim_common_q16_v1::su2random_indep_qiskit_3,c69c35c09a4dcfe7dd09af0b73be8e5f608531bf0baadd794f6861bcf237e40c,3,classical_svr_rbf_hybrid,classical_svr_rbf,hybrid,1234,0.7221970069986128,0.7221970069986128,0.591702211069992,predicted,
sim_common_q16_v1::su2random_indep_qiskit_4,7fabc879bc998db5c05d7cc5b83db2d1704d7587139b714da9cf82639f4f093e,4,classical_svr_rbf_hybrid,classical_svr_rbf,hybrid,1234,0.6280798560001131,0.6280798560001131,0.7303183788875628,predicted,
sim_common_q16_v1::su2random_indep_qiskit_5,c1572e3b6e41c965a5943c21ceacdbad56fc868b4ee02ff4ef8af2d2054a0602,2,classical_svr_rbf_hybrid,classical_svr_rbf,hybrid,1234,0.7392793660001189,0.7392793660001189,0.7354897131994377,predicted,
sim_common_q16_v1::su2random_indep_qiskit_6,2f497b92b87e3e9f44c1ae23dfbffc7309c1550756e6829eb694d42dd4f2ed03,4,classical_svr_rbf_hybrid,classical_svr_rbf,hybrid,1234,0.7643177909994847,0.7643177909994847,0.7399971191987185,predicted,
sim_common_q16_v1::su2random_indep_qiskit_7,4f2368cad1a087f01b7598f13a9afa3b7cea2d6f9e96f79eb390f62213c97af7,2,classical_svr_rbf_hybrid,classical_svr_rbf,hybrid,1234,0.7721899220014166,0.7721899220014166,0.7479128097115608,predicted,
sim_common_q16_v1::su2random_indep_qiskit_8,3157278e31c54e80e45de35bfb793aac89eb413e21aabe08b2e0e140de8c0d39,3,classical_svr_rbf_hybrid,classical_svr_rbf,hybrid,1234,0.738525782002398,0.738525782002398,0.8601742237447012,predicted,
sim_common_q16_v1::su2random_indep_qiskit_9,c6ee0cb7c958cecf010796ce2ad0bb148b9fd660dd52393972c541d9ae422eca,4,classical_svr_rbf_hybrid,classical_svr_rbf,hybrid,1234,1.0278606899992155,1.0278606899992155,0.8621071602262758,predicted,
sim_common_q16_v1::vqe_indep_qiskit_3,92c02520f591e3d46218c6839b62acb2a1d5fbcc2ceba197b9265653f1737b24,4,classical_svr_rbf_hybrid,classical_svr_rbf,hybrid,1234,0.6360782570009178,0.6360782570009178,0.6532013255226392,predicted,
sim_common_q16_v1::vqe_indep_qiskit_4,23a9403cafedb94bbd2f39d4d9106aca7f890047719b80231d86ac9fb8382383,0,classical_svr_rbf_hybrid,classical_svr_rbf,hybrid,1234,0.633112699000776,0.633112699000776,0.648129813196415,predicted,
sim_common_q16_v1::vqe_indep_qiskit_5,8c7594c05053bb7af0015bd637170a669e9d39c1da6edce6a769992b6ef5c9cb,0,classical_svr_rbf_hybrid,classical_svr_rbf,hybrid,1234,0.7155582859995775,0.7155582859995775,0.6547366923979551,predicted,
sim_common_q16_v1::vqe_indep_qiskit_6,58501be4f197f4efd57535977a245f6adb39216116363b46836664cd6ca29e10,2,classical_svr_rbf_hybrid,classical_svr_rbf,hybrid,1234,0.6403484270012996,0.6403484270012996,0.6736249384924007,predicted,
sim_common_q16_v1::vqe_indep_qiskit_7,63b92ee6c5b54da107e9016de97e2cb7768bfb970ebc025650706533e47d3caf,2,classical_svr_rbf_hybrid,classical_svr_rbf,hybrid,1234,0.739464948001114,0.739464948001114,0.6727940920095745,predicted,
sim_common_q16_v1::vqe_indep_qiskit_8,6e066adb38de82d96650b3f806e398374e88912fd4688ab9c98f3c94dcd33e16,4,classical_svr_rbf_hybrid,classical_svr_rbf,hybrid,1234,0.6498198089975631,0.6498198089975631,0.7482958861364544,predicted,
sim_common_q16_v1::vqe_indep_qiskit_9,bbafe35368c1a915635c383f6aaa4ec709a7c6e055550875d4de11ca0983dbb5,4,classical_svr_rbf_hybrid,classical_svr_rbf,hybrid,1234,0.6784349429981376,0.6784349429981376,0.8038229043619629,predicted,
sim_common_q16_v1::wstate_indep_qiskit_2,75b1db396e34d1f1b234ea8dcdc253203a770cecce7f48bb8a126860723c43df,1,classical_svr_rbf_hybrid,classical_svr_rbf,hybrid,1234,0.6422257209997042,0.6422257209997042,0.660504457537985,predicted,
sim_common_q16_v1::wstate_indep_qiskit_3,50a5fc62010017f60b77f8c81e9ddf9bd95419be272d2ec5ed1445aae0c7ac92,3,classical_svr_rbf_hybrid,classical_svr_rbf,hybrid,1234,0.6512624009992578,0.6512624009992578,0.6190499920087693,predicted,
sim_common_q16_v1::wstate_indep_qiskit_4,387f2f6f12a10e034ae5b68c11336a9874e87f20871579eec585bfd7311f38c8,4,classical_svr_rbf_hybrid,classical_svr_rbf,hybrid,1234,0.629814787000214,0.629814787000214,0.6251290923696825,predicted,
sim_common_q16_v1::wstate_indep_qiskit_5,dc97062e3adcbcaf813cae5e970c8a0357a239b8d4a09e77a4e3e4625532d209,1,classical_svr_rbf_hybrid,classical_svr_rbf,hybrid,1234,0.6107438010003534,0.6107438010003534,0.6707419301188744,predicted,
sim_common_q16_v1::wstate_indep_qiskit_6,dbfb4dd8bf80cda30461759a3169ec60ac535a27409cf938f691179c6a121ebd,0,classical_svr_rbf_hybrid,classical_svr_rbf,hybrid,1234,0.7103313010011334,0.7103313010011334,0.6358220077496937,predicted,
sim_common_q16_v1::wstate_indep_qiskit_7,1dab21c93a580f711efff03a0f4a1d82985cf201219e886ab246e03a9011735c,1,classical_svr_rbf_hybrid,classical_svr_rbf,hybrid,1234,0.6361640809991513,0.6361640809991513,0.7077662491918297,predicted,
sim_common_q16_v1::wstate_indep_qiskit_8,e2fba21685e6e7d22d625d8babcc9c51a8911815153e52fc89277e0efe117045,3,classical_svr_rbf_hybrid,classical_svr_rbf,hybrid,1234,0.7347158170014154,0.7347158170014154,0.6685940530927578,predicted,
sim_common_q16_v1::wstate_indep_qiskit_9,84c07c56eef046e3c72823b20fb674075b1ab68a85dc6a06baf7f35983e2bd17,2,classical_svr_rbf_hybrid,classical_svr_rbf,hybrid,1234,0.6752045199973509,0.6752045199973509,0.7984376138795201,predicted,
sim_common_q16_v1::ae_indep_qiskit_2,de56c0798eca25bd1510d4d10f11e996f0bad2a11ce94a265da0635c161cbcae,0,classical_svr_rbf_transpiled,classical_svr_rbf,transpiled,1234,0.6445786120020784,0.6445786120020784,0.6442747022434975,predicted,
sim_common_q16_v1::ae_indep_qiskit_3,6b2f9fea850557b40ca9b69341ec300b1c4fe1f4bf53e94436af2ba1586bac62,0,classical_svr_rbf_transpiled,classical_svr_rbf,transpiled,1234,0.6324521900023683,0.6324521900023683,0.6746549958425518,predicted,
sim_common_q16_v1::ae_indep_qiskit_4,9b4261e2d98678946a9aefea16ba9b8abcae8409f8589f8fb3daa941694f88c6,0,classical_svr_rbf_transpiled,classical_svr_rbf,transpiled,1234,0.6257052269975247,0.6257052269975247,0.6231513659702625,predicted,
sim_common_q16_v1::ae_indep_qiskit_5,8e4821df72704634cb81ea4d738477a8d596a49cba641e6198fdc9970e1d5d2f,1,classical_svr_rbf_transpiled,classical_svr_rbf,transpiled,1234,0.6429755230019509,0.6429755230019509,0.6499451840260974,predicted,
sim_common_q16_v1::ae_indep_qiskit_6,585424315575b559a664523f6ce6236189739069b3872eea4ccdb995a29f8701,2,classical_svr_rbf_transpiled,classical_svr_rbf,transpiled,1234,0.6249196000026132,0.6249196000026132,0.6419363250622709,predicted,
sim_common_q16_v1::ae_indep_qiskit_7,a70c5b796698f145c5992d324b3a0b5e28eb7301e6f306652a316a55c68f1ae8,4,classical_svr_rbf_transpiled,classical_svr_rbf,transpiled,1234,0.6728184880012122,0.6728184880012122,0.668304054526093,predicted,
sim_common_q16_v1::ae_indep_qiskit_8,78d3420407751ab52a65abe926510d585ebd3a5d1934ac31c13b28eca5c5ee8a,4,classical_svr_rbf_transpiled,classical_svr_rbf,transpiled,1234,0.7626127499970607,0.7626127499970607,0.6874677114381038,predicted,
sim_common_q16_v1::ae_indep_qiskit_9,78ecec267502f433ab148452979221600becf679520b50ad454009e0ca097af5,3,classical_svr_rbf_transpiled,classical_svr_rbf,transpiled,1234,0.7365946390018507,0.7365946390018507,0.7891496499988816,predicted,
sim_common_q16_v1::dj_indep_qiskit_2,242786b0f7d73c715a317cbdc0725596836f08d98ecd6eb06b3b4ac4f3f563fb,4,classical_svr_rbf_transpiled,classical_svr_rbf,transpiled,1234,0.6235974270020961,0.6235974270020961,0.6152533255443444,predicted,
sim_common_q16_v1::dj_indep_qiskit_3,bc8cb33a3a242fb3ab35191a36313674faaca8fe1839cfa05d79788052424d1d,1,classical_svr_rbf_transpiled,classical_svr_rbf,transpiled,1234,0.6417426940024598,0.6417426940024598,0.7612168818303424,predicted,
sim_common_q16_v1::dj_indep_qiskit_4,3e4560adf43b5c5102bf22f235abcb9dd2ed5e34930cdb929a128226f96e4ea5,1,classical_svr_rbf_transpiled,classical_svr_rbf,transpiled,1234,0.6125353499992343,0.6125353499992343,0.6381580499601117,predicted,
sim_common_q16_v1::dj_indep_qiskit_5,f12c9439f3dfce19e2f161aed74fdafb33146528cdb8524425608579de8b6741,0,classical_svr_rbf_transpiled,classical_svr_rbf,transpiled,1234,0.6494606499982183,0.6494606499982183,0.646770610537786,predicted,
sim_common_q16_v1::dj_indep_qiskit_6,b5736e26e119a619b687dcc0cf8065475e3805bc0c6180b480e0e36badc289db,2,classical_svr_rbf_transpiled,classical_svr_rbf,transpiled,1234,0.7272395580002922,0.7272395580002922,0.6585043443164058,predicted,
sim_common_q16_v1::dj_indep_qiskit_7,9fc54c185186ff8c504ebdac4e3fa109beb4cf46f86196a3376b3153a7f72962,3,classical_svr_rbf_transpiled,classical_svr_rbf,transpiled,1234,0.6525007039999764,0.6525007039999764,0.7131164074519061,predicted,
sim_common_q16_v1::dj_indep_qiskit_9,db0e077b1674f90860a270d014aa8226822880dbf36c819dad0bea17881b7eb5,3,classical_svr_rbf_transpiled,classical_svr_rbf,transpiled,1234,0.6677595889996155,0.6677595889996155,0.7506869105297626,predicted,
sim_common_q16_v1::ghz_indep_qiskit_2,fcd9497c7764bb185a96cc8b6d1c7878851e9b87e64de7ebf47aa1d16eb3ee0a,4,classical_svr_rbf_transpiled,classical_svr_rbf,transpiled,1234,0.6328717180003878,0.6328717180003878,0.6261938349867338,predicted,
sim_common_q16_v1::ghz_indep_qiskit_3,7344fd4d264c475e52edca02e3426225c78af7ed0bdaae137741a04685725a5d,2,classical_svr_rbf_transpiled,classical_svr_rbf,transpiled,1234,0.6362690579990158,0.6362690579990158,0.6465660451780568,predicted,
sim_common_q16_v1::ghz_indep_qiskit_4,01bfdd8291d6badf1219dd3bf6d7e12559976b8ccb3e67d2548e729dc0c0dc82,2,classical_svr_rbf_transpiled,classical_svr_rbf,transpiled,1234,0.6424375300011889,0.6424375300011889,0.650030983452299,predicted,
sim_common_q16_v1::ghz_indep_qiskit_5,de4639e0b84f220ce7281521fbce5104129cc70befb85198bf93def8d4ba7a65,4,classical_svr_rbf_transpiled,classical_svr_rbf,transpiled,1234,0.6349322169990046,0.6349322169990046,0.6386543001227145,predicted,
sim_common_q16_v1::ghz_indep_qiskit_6,c67a77f55c658ad1270fd52c8cbc66319b72ceaa5ca5d4015d775b44e8edd85a,2,classical_svr_rbf_transpiled,classical_svr_rbf,transpiled,1234,0.6285922220013163,0.6285922220013163,0.6437239176688458,predicted,
sim_common_q16_v1::ghz_indep_qiskit_7,4b24f68f78c4499a295ab28caa04282d174b7ab2a6b0f5333d3bfe630df72f71,0,classical_svr_rbf_transpiled,classical_svr_rbf,transpiled,1234,0.6354831150019891,0.6354831150019891,0.6431838261348664,predicted,
sim_common_q16_v1::ghz_indep_qiskit_8,2e57556a1b12802c7368ef21e0eb8e5c9863f768a48a9a4d0771725e60b8a616,3,classical_svr_rbf_transpiled,classical_svr_rbf,transpiled,1234,0.644572266999603,0.644572266999603,0.6809059438138108,predicted,
sim_common_q16_v1::ghz_indep_qiskit_9,b5f6ad96b1eb0fc9087c079e22e8a91398b460e24d616ed0d8829247aee24f18,0,classical_svr_rbf_transpiled,classical_svr_rbf,transpiled,1234,0.7290791659979732,0.7290791659979732,0.6863017964588545,predicted,
sim_common_q16_v1::graphstate_indep_qiskit_3,51e3c5bc60da502bf92a6ed65a7c728a8b957b427652ac8fdaa002b9afc50d40,4,classical_svr_rbf_transpiled,classical_svr_rbf,transpiled,1234,0.645907268000883,0.645907268000883,0.666784397198388,predicted,
sim_common_q16_v1::graphstate_indep_qiskit_4,13721ab5a328b17bf3f8c3692cda844a7e538a8c92530d0c1236f43d3ad5a884,3,classical_svr_rbf_transpiled,classical_svr_rbf,transpiled,1234,0.6307967300017481,0.6307967300017481,0.6583313200536234,predicted,
sim_common_q16_v1::graphstate_indep_qiskit_5,cfadb6828c07bfc2fac00ca0c9c03935e927b88961597b69936fc199a094b9ea,0,classical_svr_rbf_transpiled,classical_svr_rbf,transpiled,1234,0.6335009460017318,0.6335009460017318,0.6786599658818648,predicted,
sim_common_q16_v1::graphstate_indep_qiskit_6,7b944ad7e38d98fae66177b6c014ae2878d62bcd1765103c19941653817e7996,1,classical_svr_rbf_transpiled,classical_svr_rbf,transpiled,1234,4.12037888100167,4.12037888100167,4.883664382634801,predicted,
sim_common_q16_v1::graphstate_indep_qiskit_7,551dfe6ad672d4157a761610fc4c1061ea844868f2106407374764552251d63a,1,classical_svr_rbf_transpiled,classical_svr_rbf,transpiled,1234,0.6352743349998491,0.6352743349998491,0.6111972151081901,predicted,
sim_common_q16_v1::graphstate_indep_qiskit_8,b6afb1122e1baece13144a1d0da78738759129107f453e9579e99e8789e057fe,3,classical_svr_rbf_transpiled,classical_svr_rbf,transpiled,1234,0.7141289200008032,0.7141289200008032,0.6910568175755919,predicted,
sim_common_q16_v1::graphstate_indep_qiskit_9,040a287609a78a55ab6148ad1a3cc6aa2fcee8b0871b077a9c1a37bee49f69fe,0,classical_svr_rbf_transpiled,classical_svr_rbf,transpiled,1234,3.4133249820006317,3.4133249820006317,1.0799530280439726,predicted,
sim_common_q16_v1::grover-noancilla_indep_qiskit_2,55746e6a2fd8d9c4b8c813443f2db46b072f75db1632dd252298c735fbc72bf0,1,classical_svr_rbf_transpiled,classical_svr_rbf,transpiled,1234,0.6316192150006827,0.6274016160023166,1.8278050613499424,predicted,
sim_common_q16_v1::grover-v-chain_indep_qiskit_2,55746e6a2fd8d9c4b8c813443f2db46b072f75db1632dd252298c735fbc72bf0,1,classical_svr_rbf_transpiled,classical_svr_rbf,transpiled,1234,0.6316192150006827,0.6358368139990489,1.8278050613499424,predicted,
sim_common_q16_v1::grover-noancilla_indep_qiskit_3,bc77f4afad8bbb19a6b320c11bc8f8110a330e395e5c509895e0b6c566cab5e9,4,classical_svr_rbf_transpiled,classical_svr_rbf,transpiled,1234,0.6336756905002403,0.6221831709990511,0.6391521476179296,predicted,
sim_common_q16_v1::grover-v-chain_indep_qiskit_3,bc77f4afad8bbb19a6b320c11bc8f8110a330e395e5c509895e0b6c566cab5e9,4,classical_svr_rbf_transpiled,classical_svr_rbf,transpiled,1234,0.6336756905002403,0.6451682100014295,0.6391521476179296,predicted,
sim_common_q16_v1::grover-noancilla_indep_qiskit_4,edc62038c489069da135981ccefd5c5a2f3cc0a991fa6da4defa393abdb0d2a4,4,classical_svr_rbf_transpiled,classical_svr_rbf,transpiled,1234,0.6425279779978155,0.6347441939979035,0.6456363372039975,predicted,
sim_common_q16_v1::grover-v-chain_indep_qiskit_4,edc62038c489069da135981ccefd5c5a2f3cc0a991fa6da4defa393abdb0d2a4,4,classical_svr_rbf_transpiled,classical_svr_rbf,transpiled,1234,0.6425279779978155,0.6503117619977274,0.6456363372039975,predicted,
sim_common_q16_v1::grover-noancilla_indep_qiskit_5,dd514cba6fbc94c48a3eb8f2ff2210ef74259e76e7f796394066418bfd93ee86,2,classical_svr_rbf_transpiled,classical_svr_rbf,transpiled,1234,0.6749066180018417,0.6749066180018417,0.694465762435021,predicted,
sim_common_q16_v1::grover-noancilla_indep_qiskit_6,b6a15d3507225e442ed02c90df5179f09c529df7bf5ee38a8005cc265f4203a6,0,classical_svr_rbf_transpiled,classical_svr_rbf,transpiled,1234,0.8617562030012778,0.8617562030012778,1.0629085910827474,predicted,
sim_common_q16_v1::grover-noancilla_indep_qiskit_7,35548785a9c99b0ad9409f18dfbfc3baed0e1dcbb1d95eae8c8510dcda120410,0,classical_svr_rbf_transpiled,classical_svr_rbf,transpiled,1234,2.755100520000269,2.755100520000269,2.996165461579338,predicted,
sim_common_q16_v1::grover-noancilla_indep_qiskit_8,a3b7d67bad6cd47cb522addfaf763294b1ea99017f443c03052055a2f0074009,4,classical_svr_rbf_transpiled,classical_svr_rbf,transpiled,1234,3.8077989039993554,3.8077989039993554,2.0533365911360364,predicted,
sim_common_q16_v1::grover-v-chain_indep_qiskit_5,5042c6dd513b1366c0a145850de9e534b0e38aabc818b994ab8c4b6cad7ad5c8,3,classical_svr_rbf_transpiled,classical_svr_rbf,transpiled,1234,0.6741303899980267,0.6741303899980267,0.6682718523237617,predicted,
sim_common_q16_v1::grover-v-chain_indep_qiskit_7,84056291d9ff227b3c615cc378349fa1154f5a122bcd0eb6bc04045bbf3affa0,4,classical_svr_rbf_transpiled,classical_svr_rbf,transpiled,1234,1.1920864250023442,1.1920864250023442,0.9878733711608096,predicted,
sim_common_q16_v1::grover-v-chain_indep_qiskit_9,3d37464cf8c53831d2867c0c111a83e03a820e90fa26f77d01a4a85f4f9d6875,1,classical_svr_rbf_transpiled,classical_svr_rbf,transpiled,1234,3.409926619999169,3.409926619999169,3.826057403533071,predicted,
sim_common_q16_v1::portfolioqaoa_indep_qiskit_3,47e6743e95c380a13dc5947d9e9b3db26e541efabd4a27134ff26aa14c00ba7d,1,classical_svr_rbf_transpiled,classical_svr_rbf,transpiled,1234,0.6487017560029926,0.6487017560029926,0.6463031978302405,predicted,
sim_common_q16_v1::portfolioqaoa_indep_qiskit_4,568570a69663949a1aaac2fe16e74d3d065c7a8e6013e21368a9d8add886d6dc,2,classical_svr_rbf_transpiled,classical_svr_rbf,transpiled,1234,0.6451116749994981,0.6451116749994981,0.6395608368223551,predicted,
sim_common_q16_v1::portfolioqaoa_indep_qiskit_5,0f7836c0a3a429dd9b4f2b55a4fab5d6d112458814cb34efb22309ec614c801f,2,classical_svr_rbf_transpiled,classical_svr_rbf,transpiled,1234,0.6517559040003107,0.6517559040003107,0.6620786825923966,predicted,
sim_common_q16_v1::portfolioqaoa_indep_qiskit_6,4dd5e72918722dff3c88e277e20e3ecc1e06dfd0601343e784eeb454470800b7,4,classical_svr_rbf_transpiled,classical_svr_rbf,transpiled,1234,0.6879031880016555,0.6879031880016555,0.6811060496664663,predicted,
sim_common_q16_v1::portfolioqaoa_indep_qiskit_7,f8d88243c9d36e41e0eedeff4898e325d59ba4d8ceb4b81c7b48757ade1e94b4,0,classical_svr_rbf_transpiled,classical_svr_rbf,transpiled,1234,0.8747539370015147,0.8747539370015147,0.7075656069346468,predicted,
sim_common_q16_v1::portfolioqaoa_indep_qiskit_8,2372d3228c3e3e38e3351feb553380bce5a543c936f73a400de0e54ab470599a,1,classical_svr_rbf_transpiled,classical_svr_rbf,transpiled,1234,0.7452616640002816,0.7452616640002816,0.7826829801711593,predicted,
sim_common_q16_v1::portfolioqaoa_indep_qiskit_9,a53b2a3a1ba8397a96b487c44f825f3cab2e0c714b69298f2ab0a839975b173c,0,classical_svr_rbf_transpiled,classical_svr_rbf,transpiled,1234,1.0392779800022254,1.0392779800022254,1.032012128050726,predicted,
sim_common_q16_v1::portfoliovqe_indep_qiskit_3,4b5542071ea595cd62184de26c4f1dac3f6afa86f6450f50a28dbe8e1f865257,0,classical_svr_rbf_transpiled,classical_svr_rbf,transpiled,1234,0.6282423720003862,0.6282423720003862,0.6742756819683445,predicted,
sim_common_q16_v1::portfoliovqe_indep_qiskit_4,36bb1354ff108648bc8c9c529a2002a53a68e4bfa9bf3529edce11e5d47f851f,0,classical_svr_rbf_transpiled,classical_svr_rbf,transpiled,1234,0.6387674009965849,0.6387674009965849,0.6939560489817808,predicted,
sim_common_q16_v1::portfoliovqe_indep_qiskit_5,28b9eac87132bbff64970708737a94c408cfa435ce16cd395a57ab6fbfe5a6f7,2,classical_svr_rbf_transpiled,classical_svr_rbf,transpiled,1234,0.7472729069995694,0.7472729069995694,0.6705359961455388,predicted,
sim_common_q16_v1::portfoliovqe_indep_qiskit_6,7dafebd46e73b9b279f1ef96da32f7d563de3721b856b4570375ab81951e06fc,0,classical_svr_rbf_transpiled,classical_svr_rbf,transpiled,1234,0.672533150001982,0.672533150001982,0.7612311639437893,predicted,
sim_common_q16_v1::portfoliovqe_indep_qiskit_7,99e0865dc3fced630c02b5b2710b24fd9257ba31d54112cde08a769e974f53c4,3,classical_svr_rbf_transpiled,classical_svr_rbf,transpiled,1234,0.7434713800030295,0.7434713800030295,0.7119886387988368,predicted,
sim_common_q16_v1::portfoliovqe_indep_qiskit_8,eb43007109ad9707544629854cfc7259b0e6aa70c5a618cedacbb7d26dd746a0,0,classical_svr_rbf_transpiled,classical_svr_rbf,transpiled,1234,0.7341747549980937,0.7341747549980937,0.7881243076053244,predicted,
sim_common_q16_v1::portfoliovqe_indep_qiskit_9,615d076a941f3eec9d225a20b894c8d30a0c90d4834d03fa0ebd5d13e4b46ded,2,classical_svr_rbf_transpiled,classical_svr_rbf,transpiled,1234,1.0230367410003964,1.0230367410003964,1.0138974510050391,predicted,
sim_common_q16_v1::qaoa_indep_qiskit_3,45ca196e391297302c92dc6ea0fd119efa62b2ee88e3b85260561e5fbafa7400,3,classical_svr_rbf_transpiled,classical_svr_rbf,transpiled,1234,0.6362355410019518,0.6362355410019518,0.6460050704839061,predicted,
sim_common_q16_v1::qaoa_indep_qiskit_4,9649572da691c86252b1620cba73350902b9ba3cf4dbdb3fb2e3531588da98c4,1,classical_svr_rbf_transpiled,classical_svr_rbf,transpiled,1234,0.6444687240000349,0.6444687240000349,0.609344032915724,predicted,
sim_common_q16_v1::qaoa_indep_qiskit_5,f2ce48d725be79c1ea5cbfeb36811261c4e74460588e911c3b2916a9303c1cf5,0,classical_svr_rbf_transpiled,classical_svr_rbf,transpiled,1234,0.6301084189981339,0.6301084189981339,0.7236295872819578,predicted,
sim_common_q16_v1::qaoa_indep_qiskit_6,6a475a20ac3d09839e2b43104ca187037db5ff813b811e0d7356adac93d25244,1,classical_svr_rbf_transpiled,classical_svr_rbf,transpiled,1234,0.6421520209987648,0.6421520209987648,0.652102484115513,predicted,
sim_common_q16_v1::qaoa_indep_qiskit_7,8e1c1014680274215f87d97c833f99474ed19b3393b2b8eea20a36bde517708b,4,classical_svr_rbf_transpiled,classical_svr_rbf,transpiled,1234,0.6511161570015247,0.6511161570015247,0.7739567116911535,predicted,
sim_common_q16_v1::qaoa_indep_qiskit_8,0a43c652a1c92c83389d952438c22aa0d890a611333da29499d6ff1733925b21,0,classical_svr_rbf_transpiled,classical_svr_rbf,transpiled,1234,0.6687408600009803,0.6687408600009803,1.0317082143859109,predicted,
sim_common_q16_v1::qaoa_indep_qiskit_9,a4a7b8b8d556570de9ea2db286aaa4245fa50f4619f25f0f7414b16d503458d8,1,classical_svr_rbf_transpiled,classical_svr_rbf,transpiled,1234,17.55494177699802,17.55494177699802,2.1667209575519992,predicted,
sim_common_q16_v1::qft_indep_qiskit_2,aa91238ec5978b739b87b3a657746a8786de113397a5abeadf726d1dd9c836b3,2,classical_svr_rbf_transpiled,classical_svr_rbf,transpiled,1234,0.7182261369998741,0.7182261369998741,0.6255708088364282,predicted,
sim_common_q16_v1::qft_indep_qiskit_3,7f613ccae98ac8124d086ee9a39d94b1ed019520da8c3277395b109fd22d7d4d,4,classical_svr_rbf_transpiled,classical_svr_rbf,transpiled,1234,0.638093072000629,0.638093072000629,0.6506072074127853,predicted,
sim_common_q16_v1::qft_indep_qiskit_4,ea84355871fa77560419766f8000de4dcb0eea29468bcb0d89a1c84edff34f61,0,classical_svr_rbf_transpiled,classical_svr_rbf,transpiled,1234,0.6269083859988314,0.6269083859988314,0.6275005558656501,predicted,
sim_common_q16_v1::qft_indep_qiskit_5,0285fd21a0dd1ca29cd386de85a1a8af49cc7d71f5c86f6451b55a11c68864a8,3,classical_svr_rbf_transpiled,classical_svr_rbf,transpiled,1234,0.6442288310026925,0.6442288310026925,0.6543995446099786,predicted,
sim_common_q16_v1::qft_indep_qiskit_6,cbe1ca5505b485bd87b2e68f2b38ecae377e29f823c30e4c44d3f5f87d4266f7,1,classical_svr_rbf_transpiled,classical_svr_rbf,transpiled,1234,0.651070706997416,0.651070706997416,0.6905360336953529,predicted,
sim_common_q16_v1::qft_indep_qiskit_7,01de4bb89da48a3fc09c31d41d509c1446c6a4a3b329612c5baf0d39c56a922e,1,classical_svr_rbf_transpiled,classical_svr_rbf,transpiled,1234,0.6848869749992446,0.6848869749992446,0.7026886545778133,predicted,
sim_common_q16_v1::qft_indep_qiskit_8,e4664972befc3ffed396f3842bf910be22c2fbe7f293d3c295b971dfe094d398,3,classical_svr_rbf_transpiled,classical_svr_rbf,transpiled,1234,0.6876082300004782,0.6876082300004782,0.7006039203102254,predicted,
sim_common_q16_v1::qft_indep_qiskit_9,e0c3acec67c0fb535add575a46e01889b30ec7970005214fd2188b94ae3a55a5,0,classical_svr_rbf_transpiled,classical_svr_rbf,transpiled,1234,0.7909492459984904,0.7909492459984904,0.7608005196053762,predicted,
sim_common_q16_v1::qftentangled_indep_qiskit_2,02d66e8b66849fdd0f0581b84924adbd1bd2d7603e25e5e9faa447ac2a6708d0,2,classical_svr_rbf_transpiled,classical_svr_rbf,transpiled,1234,0.6421512939996319,0.6421512939996319,0.624430898097663,predicted,
sim_common_q16_v1::qftentangled_indep_qiskit_3,5ab4253ed51b729f331c9f3cc78bfecd3ecb2fed2e98818816bf3f64e22f1bfe,2,classical_svr_rbf_transpiled,classical_svr_rbf,transpiled,1234,0.6430523449998873,0.6430523449998873,0.6437797201524009,predicted,
sim_common_q16_v1::qftentangled_indep_qiskit_4,d7a22ac29418bcf9f00346732fe1b985f8e0b9df60273404dabbf4a62027715f,0,classical_svr_rbf_transpiled,classical_svr_rbf,transpiled,1234,0.718577378000191,0.718577378000191,0.6685306072668268,predicted,
sim_common_q16_v1::qftentangled_indep_qiskit_5,4ee5846eef239e2b0e0d3f950f78b5b4b8af213f0063eb50be6bf50bdbb4385d,4,classical_svr_rbf_transpiled,classical_svr_rbf,transpiled,1234,0.711588597001537,0.711588597001537,0.6652164860410148,predicted,
sim_common_q16_v1::qftentangled_indep_qiskit_6,7c8832728feaaf34fac1fda49dfcbfbf655902b5b4eb3f1b11e43f21d15de5bf,2,classical_svr_rbf_transpiled,classical_svr_rbf,transpiled,1234,0.6466906070018013,0.6466906070018013,0.6763658359148152,predicted,
sim_common_q16_v1::qftentangled_indep_qiskit_7,f0e0170b510412a7e964e82f14793115a9e53a1b250283a74abd893a45b5f20e,3,classical_svr_rbf_transpiled,classical_svr_rbf,transpiled,1234,0.7955734110000776,0.7955734110000776,0.6525794237402971,predicted,
sim_common_q16_v1::qftentangled_indep_qiskit_8,8711737782301f568af1980707e62c989655488357aa858d6c63bb8e206ae4fc,4,classical_svr_rbf_transpiled,classical_svr_rbf,transpiled,1234,0.6800704039997072,0.6800704039997072,0.7521011329406555,predicted,
sim_common_q16_v1::qftentangled_indep_qiskit_9,fea8eb37e38bc24d3352d9446471b5cf8f6b8af6ae4c0f931d5942564936274c,3,classical_svr_rbf_transpiled,classical_svr_rbf,transpiled,1234,0.8116922409972176,0.8116922409972176,0.8824856664967836,predicted,
sim_common_q16_v1::qnn_indep_qiskit_2,3c0ed99f7e5a0409bdadc636b8b7a5dd911304ccbe2e87b32589b91dd44a6a5a,3,classical_svr_rbf_transpiled,classical_svr_rbf,transpiled,1234,0.6364995420008199,0.6364995420008199,0.6518425850995291,predicted,
sim_common_q16_v1::qnn_indep_qiskit_3,15e80264fdff1398ab38bbd9144f853a3a2317e95163fda15a1e9ec2657beecb,3,classical_svr_rbf_transpiled,classical_svr_rbf,transpiled,1234,0.7232230859990523,0.7232230859990523,0.6488024001621197,predicted,
sim_common_q16_v1::qnn_indep_qiskit_4,451bd8177acaca0301a8bb4d61cb192f26dce1f81d8ab04ca0aded562d525c58,1,classical_svr_rbf_transpiled,classical_svr_rbf,transpiled,1234,0.6316140970011475,0.6316140970011475,0.6592382988414125,predicted,
sim_common_q16_v1::qnn_indep_qiskit_5,d506e52d304853cd9e55834d3112505279aa22e89e70aa7c00dfc57caad3c72c,0,classical_svr_rbf_transpiled,classical_svr_rbf,transpiled,1234,0.6502378280019911,0.6502378280019911,0.6686445920061931,predicted,
sim_common_q16_v1::qnn_indep_qiskit_6,720a3cec5f9b39a53aa0d59f0ecc24f42f2948fbe56164a033262c628e2ba875,1,classical_svr_rbf_transpiled,classical_svr_rbf,transpiled,1234,0.6810264529995038,0.6810264529995038,0.6926334135065441,predicted,
sim_common_q16_v1::qnn_indep_qiskit_7,6cf91acdbcfc0321d1ffcee7c2197fec29f2b9dd83e7c3b56dbe8d583332ccdb,1,classical_svr_rbf_transpiled,classical_svr_rbf,transpiled,1234,0.7633359889987332,0.7633359889987332,0.705546039331244,predicted,
sim_common_q16_v1::qnn_indep_qiskit_8,f76953672a13f3e92397fe3586ff6557882560261e995147a67b931d701c7fcf,4,classical_svr_rbf_transpiled,classical_svr_rbf,transpiled,1234,0.8227666269995098,0.8227666269995098,0.8143704566569484,predicted,
sim_common_q16_v1::qnn_indep_qiskit_9,4df5b36e58378649053c461bf5ee1478fa114ac65c0c14551536b820ce8eafc7,1,classical_svr_rbf_transpiled,classical_svr_rbf,transpiled,1234,0.9238195639991318,0.9238195639991318,0.8154972894908619,predicted,
sim_common_q16_v1::qpeexact_indep_qiskit_2,0a43a3dbe4a4294a007fa7ec167a24ea300d3762489b98245c2f80ad29727075,0,classical_svr_rbf_transpiled,classical_svr_rbf,transpiled,1234,0.6283055000021704,0.6283055000021704,0.6282751330190343,predicted,
sim_common_q16_v1::qpeexact_indep_qiskit_3,56289d5fdefe63c89244b0849f2e22753ce30832776d74b79de4603006db32f4,4,classical_svr_rbf_transpiled,classical_svr_rbf,transpiled,1234,0.7184256109976559,0.7184256109976559,0.6226883532192832,predicted,
sim_common_q16_v1::qpeexact_indep_qiskit_4,af7e7c49ba06f5c554580173d3dcd73bc9d5a9dd9c6e3d3cd8c94d494fa4b969,2,classical_svr_rbf_transpiled,classical_svr_rbf,transpiled,1234,0.6284069449975505,0.6284069449975505,0.6449230396866058,predicted,
sim_common_q16_v1::qpeexact_indep_qiskit_5,7478da09664f4489c33c18a6ea1974cc9dea86d1adda1f912c3eaeff27c2d5fa,0,classical_svr_rbf_transpiled,classical_svr_rbf,transpiled,1234,0.6475399470000411,0.6475399470000411,0.6437880461268468,predicted,
sim_common_q16_v1::qpeexact_indep_qiskit_6,abe368f160ce73db792b3af14a6e120eda4838b15f01376daa204a680d07c5bc,2,classical_svr_rbf_transpiled,classical_svr_rbf,transpiled,1234,0.6475595259980764,0.6475595259980764,0.6581909985473884,predicted,
sim_common_q16_v1::qpeexact_indep_qiskit_7,d06936015124a75ae15e1f94eeb54cc51ab24596726b8110765a69ba66d0e80a,0,classical_svr_rbf_transpiled,classical_svr_rbf,transpiled,1234,0.6782379760006734,0.6782379760006734,0.6913126416940671,predicted,
sim_common_q16_v1::qpeexact_indep_qiskit_8,5d3cc38ff0e2b9054c927b6309c6a8dfaba491733eab08b06cc06f2d333da23d,4,classical_svr_rbf_transpiled,classical_svr_rbf,transpiled,1234,0.686445900999388,0.686445900999388,0.7348720355451839,predicted,
sim_common_q16_v1::qpeexact_indep_qiskit_9,31f7b2533d8a3c05d59b44a9b2d93f44bc48da630d1884cf9df0012199e10a74,1,classical_svr_rbf_transpiled,classical_svr_rbf,transpiled,1234,0.7935242480016313,0.7935242480016313,0.8360512815955423,predicted,
sim_common_q16_v1::qpeinexact_indep_qiskit_2,acacd76111e7f23e4224342ca0ab5340b1bdaad3b6eba8893e4036ba14896362,1,classical_svr_rbf_transpiled,classical_svr_rbf,transpiled,1234,0.6258419089972449,0.6258419089972449,0.6601321782456275,predicted,
sim_common_q16_v1::qpeinexact_indep_qiskit_3,afa0cd93480bae81feca2afdcb909ab13c2934f76b139c27872b18658e5c1f28,2,classical_svr_rbf_transpiled,classical_svr_rbf,transpiled,1234,0.6425586090008437,0.6425586090008437,0.6464846219238016,predicted,
sim_common_q16_v1::qpeinexact_indep_qiskit_4,1d76cd981622e5ca02125654d00534f3aec623bbb2b95b7ea894049f76916577,4,classical_svr_rbf_transpiled,classical_svr_rbf,transpiled,1234,0.6402722480015655,0.6402722480015655,0.6443236048970709,predicted,
sim_common_q16_v1::qpeinexact_indep_qiskit_5,f37f599f25c5024b4069e866a31563a6daf0b1495d17d25343f7b3cfac1169ee,1,classical_svr_rbf_transpiled,classical_svr_rbf,transpiled,1234,0.6406791050030733,0.6406791050030733,0.6469504936414807,predicted,
sim_common_q16_v1::qpeinexact_indep_qiskit_6,c658b0f6c564cc6b7d6d48105e5567caf0660181ca2dbad8b9bdbdd353962fd6,0,classical_svr_rbf_transpiled,classical_svr_rbf,transpiled,1234,0.6522649979997368,0.6522649979997368,0.6764952751682771,predicted,
sim_common_q16_v1::qpeinexact_indep_qiskit_7,093af0605e834bf0a4f2aef0b46600d12c6b1c913e791fb13e2513048a6b1c70,4,classical_svr_rbf_transpiled,classical_svr_rbf,transpiled,1234,0.7007861210004194,0.7007861210004194,0.663989014348779,predicted,
sim_common_q16_v1::qpeinexact_indep_qiskit_8,82da8e687716ed31c95e72560edb07e7f6073a5be0f5ebffb17d22aff22c81fd,0,classical_svr_rbf_transpiled,classical_svr_rbf,transpiled,1234,0.6688155289994029,0.6688155289994029,0.753133579640922,predicted,
sim_common_q16_v1::qpeinexact_indep_qiskit_9,81a66b1daaf97d148a8a075515daf8702349d257883a1dd88e26993c1622351f,3,classical_svr_rbf_transpiled,classical_svr_rbf,transpiled,1234,0.8898592920013471,0.8898592920013471,0.8548787898723287,predicted,
sim_common_q16_v1::qwalk-noancilla_indep_qiskit_3,9110b8773ad1c544b5ec91feaaa99c96975f7577fe6966b0f0df52dab84bef92,4,classical_svr_rbf_transpiled,classical_svr_rbf,transpiled,1234,0.6806762745000015,0.6374438919992826,0.6550438081861766,predicted,
sim_common_q16_v1::qwalk-v-chain_indep_qiskit_3,9110b8773ad1c544b5ec91feaaa99c96975f7577fe6966b0f0df52dab84bef92,4,classical_svr_rbf_transpiled,classical_svr_rbf,transpiled,1234,0.6806762745000015,0.7239086570007203,0.6550438081861766,predicted,
sim_common_q16_v1::qwalk-noancilla_indep_qiskit_4,2df018ddcd5f44fd33cd5d80af349db5f84e36d6a5f905ef4611e5e5cc0d03f4,4,classical_svr_rbf_transpiled,classical_svr_rbf,transpiled,1234,0.6810126529999252,0.6810126529999252,0.6218907427053636,predicted,
sim_common_q16_v1::qwalk-noancilla_indep_qiskit_5,7e02b8d5bbea94c5e0eabb2edd6a74e15949ae6b737fabb55e66a61d47181912,4,classical_svr_rbf_transpiled,classical_svr_rbf,transpiled,1234,0.7063868340010231,0.7063868340010231,0.6654059494508558,predicted,
sim_common_q16_v1::qwalk-noancilla_indep_qiskit_6,97bdbd3569346cfa4a289ced5de0f3280a495266d423a3af48650bf01484b9be,0,classical_svr_rbf_transpiled,classical_svr_rbf,transpiled,1234,1.015744493000966,1.015744493000966,1.6819400536057243,predicted,
sim_common_q16_v1::qwalk-noancilla_indep_qiskit_7,73abe6179f1e84e36777e1d953028143ee3ff00662ddb793d55022d9344b4940,2,classical_svr_rbf_transpiled,classical_svr_rbf,transpiled,1234,2.998404195997864,2.998404195997864,2.8493078970521117,predicted,
sim_common_q16_v1::qwalk-noancilla_indep_qiskit_8,b23a0318d268fcffc78b4f6ce920c98f33487ec34a71cf7b6225b9b6eb93f1bb,4,classical_svr_rbf_transpiled,classical_svr_rbf,transpiled,1234,3.649332992998097,3.649332992998097,2.0621840339561697,predicted,
sim_common_q16_v1::qwalk-noancilla_indep_qiskit_9,e8037a4f622df36c65c0e756e11a6c6e3b8b40fbabaffb6cd59ff1cc79f49063,0,classical_svr_rbf_transpiled,classical_svr_rbf,transpiled,1234,18.4117178100023,18.4117178100023,1.8000155613530988,predicted,
sim_common_q16_v1::qwalk-v-chain_indep_qiskit_5,72fb5f837aaa2bec862c3a477efd166f351b72903612c32d444704a431457f4d,0,classical_svr_rbf_transpiled,classical_svr_rbf,transpiled,1234,0.6463327589990513,0.6463327589990513,0.7256729288945278,predicted,
sim_common_q16_v1::qwalk-v-chain_indep_qiskit_7,3d8107599f669ba102c734a8796433a6a348197dd98a74c63f172d7790b5c9a2,2,classical_svr_rbf_transpiled,classical_svr_rbf,transpiled,1234,0.984092689002864,0.984092689002864,0.8964894829283547,predicted,
sim_common_q16_v1::qwalk-v-chain_indep_qiskit_9,8650fb4f2d0816cd59c97df1ed4051936ecb3b5c31d39ba97cdc5cd2af374a8a,4,classical_svr_rbf_transpiled,classical_svr_rbf,transpiled,1234,1.861087077002594,1.861087077002594,1.3196986845308865,predicted,
sim_common_q16_v1::random_indep_qiskit_2,433844fca892218b1218ca028aafb0eddf1929d5ca52fdea53b3cb324e4055bd,1,classical_svr_rbf_transpiled,classical_svr_rbf,transpiled,1234,0.6350642280012835,0.6350642280012835,0.6107527758296597,predicted,
sim_common_q16_v1::random_indep_qiskit_3,d7ecd343052e510bdf5fa0f67f2fdbc3ee5ddccd19f39548c2853114a94dece2,4,classical_svr_rbf_transpiled,classical_svr_rbf,transpiled,1234,0.6280151889986882,0.6280151889986882,0.6551988670271764,predicted,
sim_common_q16_v1::random_indep_qiskit_4,212e0f8a693a745c9fc792b876e7be6ddb0ba051c1b0f558e0819e1437a8a2fb,2,classical_svr_rbf_transpiled,classical_svr_rbf,transpiled,1234,0.7269409180007642,0.7269409180007642,0.6261255966207901,predicted,
sim_common_q16_v1::random_indep_qiskit_5,8f11cd416ae9672f06a39e5ee3a27a70bcbf31d7177cb47270c0cd8512c95381,1,classical_svr_rbf_transpiled,classical_svr_rbf,transpiled,1234,0.7345396679993428,0.7345396679993428,0.6326869575707232,predicted,
sim_common_q16_v1::random_indep_qiskit_6,4d5b55eb4b8a0aea0af4bde721618cbe79ed66e0636398ffddc79ace483672a6,3,classical_svr_rbf_transpiled,classical_svr_rbf,transpiled,1234,0.6658408169969334,0.6658408169969334,0.6856064605099572,predicted,
sim_common_q16_v1::random_indep_qiskit_7,8ffee9c3a3af1aeaa766f38df57fcb62de5efa16d7f328d60a8977cb0da39e22,0,classical_svr_rbf_transpiled,classical_svr_rbf,transpiled,1234,0.7144554340011382,0.7144554340011382,0.6728727844652793,predicted,
sim_common_q16_v1::random_indep_qiskit_8,fa595f88d0ab98542a799af4492f53b2a5e2e88ebc442a9b508abac209d0afcc,3,classical_svr_rbf_transpiled,classical_svr_rbf,transpiled,1234,0.6867609079999966,0.6867609079999966,0.7619398438225871,predicted,
sim_common_q16_v1::random_indep_qiskit_9,93eff191c23e0c3d13a127f38595909e7092290f5119c9be24a1ccc61fff5767,1,classical_svr_rbf_transpiled,classical_svr_rbf,transpiled,1234,0.9196448500006228,0.9196448500006228,0.832424714309699,predicted,
sim_common_q16_v1::realamprandom_indep_qiskit_2,806f1844d225682cd7d5d0b276b5567caa23697f73064d8a20347024bb03fe40,1,classical_svr_rbf_transpiled,classical_svr_rbf,transpiled,1234,0.6811683435007581,0.7270244620012818,0.634675972006453,predicted,
sim_common_q16_v1::twolocalrandom_indep_qiskit_2,806f1844d225682cd7d5d0b276b5567caa23697f73064d8a20347024bb03fe40,1,classical_svr_rbf_transpiled,classical_svr_rbf,transpiled,1234,0.6811683435007581,0.6353122250002343,0.634675972006453,predicted,
sim_common_q16_v1::realamprandom_indep_qiskit_3,79b8fdfbfe6897a226612f9b9e27a4533aac4b48258335fb7746c5f10989cedc,3,classical_svr_rbf_transpiled,classical_svr_rbf,transpiled,1234,0.6289825359999668,0.6333517960010795,0.6765614555673571,predicted,
sim_common_q16_v1::twolocalrandom_indep_qiskit_3,79b8fdfbfe6897a226612f9b9e27a4533aac4b48258335fb7746c5f10989cedc,3,classical_svr_rbf_transpiled,classical_svr_rbf,transpiled,1234,0.6289825359999668,0.6246132759988541,0.6765614555673571,predicted,
sim_common_q16_v1::realamprandom_indep_qiskit_4,187d76ac82884dc3202418b0e06077eec26afed0c625b228d76b4416e6bfa480,3,classical_svr_rbf_transpiled,classical_svr_rbf,transpiled,1234,0.690793351001048,0.6371145330012951,0.6566305455072974,predicted,
sim_common_q16_v1::twolocalrandom_indep_qiskit_4,187d76ac82884dc3202418b0e06077eec26afed0c625b228d76b4416e6bfa480,3,classical_svr_rbf_transpiled,classical_svr_rbf,transpiled,1234,0.690793351001048,0.7444721690008009,0.6566305455072974,predicted,
sim_common_q16_v1::realamprandom_indep_qiskit_5,8d3b3ff10a3a80d0dda4e7043cce2b222aaf9e3cc19caa194b8e87da40266ac5,3,classical_svr_rbf_transpiled,classical_svr_rbf,transpiled,1234,0.6970405395004491,0.6386868430017785,0.6843868017031305,predicted,
sim_common_q16_v1::twolocalrandom_indep_qiskit_5,8d3b3ff10a3a80d0dda4e7043cce2b222aaf9e3cc19caa194b8e87da40266ac5,3,classical_svr_rbf_transpiled,classical_svr_rbf,transpiled,1234,0.6970405395004491,0.7553942359991197,0.6843868017031305,predicted,
sim_common_q16_v1::realamprandom_indep_qiskit_6,c9931425f0767057491a7e6ab8f1ed937fde917a862097440f57606892bddde9,0,classical_svr_rbf_transpiled,classical_svr_rbf,transpiled,1234,0.7250354759999027,0.669643510998867,0.7369107588300781,predicted,
sim_common_q16_v1::twolocalrandom_indep_qiskit_6,c9931425f0767057491a7e6ab8f1ed937fde917a862097440f57606892bddde9,0,classical_svr_rbf_transpiled,classical_svr_rbf,transpiled,1234,0.7250354759999027,0.7804274410009384,0.7369107588300781,predicted,
sim_common_q16_v1::realamprandom_indep_qiskit_7,af19d23c83544c8b7f6be5c42e0254336c9902c1ef454c06b9d45c4582d2fd3d,2,classical_svr_rbf_transpiled,classical_svr_rbf,transpiled,1234,0.7604988409984799,0.7463375029983581,0.7109338445955871,predicted,
sim_common_q16_v1::twolocalrandom_indep_qiskit_7,af19d23c83544c8b7f6be5c42e0254336c9902c1ef454c06b9d45c4582d2fd3d,2,classical_svr_rbf_transpiled,classical_svr_rbf,transpiled,1234,0.7604988409984799,0.7746601789986016,0.7109338445955871,predicted,
sim_common_q16_v1::realamprandom_indep_qiskit_8,8ea085ea0c0185c560746ab5988221e203c457e2afbb475976fb99f718e2dad1,4,classical_svr_rbf_transpiled,classical_svr_rbf,transpiled,1234,0.7514831415010121,0.7581430490026833,0.7948879578676789,predicted,
sim_common_q16_v1::twolocalrandom_indep_qiskit_8,8ea085ea0c0185c560746ab5988221e203c457e2afbb475976fb99f718e2dad1,4,classical_svr_rbf_transpiled,classical_svr_rbf,transpiled,1234,0.7514831415010121,0.744823233999341,0.7948879578676789,predicted,
sim_common_q16_v1::realamprandom_indep_qiskit_9,bdd8a427e9747bbc01ad8e77a22d61f0314fe8db0de17786839f2193ab0928bd,0,classical_svr_rbf_transpiled,classical_svr_rbf,transpiled,1234,1.027857403500093,1.0256131179994554,1.0092958749061045,predicted,
sim_common_q16_v1::twolocalrandom_indep_qiskit_9,bdd8a427e9747bbc01ad8e77a22d61f0314fe8db0de17786839f2193ab0928bd,0,classical_svr_rbf_transpiled,classical_svr_rbf,transpiled,1234,1.027857403500093,1.0301016890007304,1.0092958749061045,predicted,
sim_common_q16_v1::su2random_indep_qiskit_2,66c9180a271ec04f728ab259ed86a24fe52676e6f40a7614b02f79fd13536c91,0,classical_svr_rbf_transpiled,classical_svr_rbf,transpiled,1234,0.73017823400005,0.73017823400005,0.8037006731749948,predicted,
sim_common_q16_v1::su2random_indep_qiskit_3,c69c35c09a4dcfe7dd09af0b73be8e5f608531bf0baadd794f6861bcf237e40c,3,classical_svr_rbf_transpiled,classical_svr_rbf,transpiled,1234,0.7221970069986128,0.7221970069986128,0.6438621567660009,predicted,
sim_common_q16_v1::su2random_indep_qiskit_4,7fabc879bc998db5c05d7cc5b83db2d1704d7587139b714da9cf82639f4f093e,4,classical_svr_rbf_transpiled,classical_svr_rbf,transpiled,1234,0.6280798560001131,0.6280798560001131,0.679026076797679,predicted,
sim_common_q16_v1::su2random_indep_qiskit_5,c1572e3b6e41c965a5943c21ceacdbad56fc868b4ee02ff4ef8af2d2054a0602,2,classical_svr_rbf_transpiled,classical_svr_rbf,transpiled,1234,0.7392793660001189,0.7392793660001189,0.6634157104454222,predicted,
sim_common_q16_v1::su2random_indep_qiskit_6,2f497b92b87e3e9f44c1ae23dfbffc7309c1550756e6829eb694d42dd4f2ed03,4,classical_svr_rbf_transpiled,classical_svr_rbf,transpiled,1234,0.7643177909994847,0.7643177909994847,0.7036483824160313,predicted,
sim_common_q16_v1::su2random_indep_qiskit_7,4f2368cad1a087f01b7598f13a9afa3b7cea2d6f9e96f79eb390f62213c97af7,2,classical_svr_rbf_transpiled,classical_svr_rbf,transpiled,1234,0.7721899220014166,0.7721899220014166,0.7050372971980353,predicted,
sim_common_q16_v1::su2random_indep_qiskit_8,3157278e31c54e80e45de35bfb793aac89eb413e21aabe08b2e0e140de8c0d39,3,classical_svr_rbf_transpiled,classical_svr_rbf,transpiled,1234,0.738525782002398,0.738525782002398,0.768707843046093,predicted,
sim_common_q16_v1::su2random_indep_qiskit_9,c6ee0cb7c958cecf010796ce2ad0bb148b9fd660dd52393972c541d9ae422eca,4,classical_svr_rbf_transpiled,classical_svr_rbf,transpiled,1234,1.0278606899992155,1.0278606899992155,1.071534568741048,predicted,
sim_common_q16_v1::vqe_indep_qiskit_3,92c02520f591e3d46218c6839b62acb2a1d5fbcc2ceba197b9265653f1737b24,4,classical_svr_rbf_transpiled,classical_svr_rbf,transpiled,1234,0.6360782570009178,0.6360782570009178,0.6232722797653059,predicted,
sim_common_q16_v1::vqe_indep_qiskit_4,23a9403cafedb94bbd2f39d4d9106aca7f890047719b80231d86ac9fb8382383,0,classical_svr_rbf_transpiled,classical_svr_rbf,transpiled,1234,0.633112699000776,0.633112699000776,0.6201492422561002,predicted,
sim_common_q16_v1::vqe_indep_qiskit_5,8c7594c05053bb7af0015bd637170a669e9d39c1da6edce6a769992b6ef5c9cb,0,classical_svr_rbf_transpiled,classical_svr_rbf,transpiled,1234,0.7155582859995775,0.7155582859995775,0.6521646442632325,predicted,
sim_common_q16_v1::vqe_indep_qiskit_6,58501be4f197f4efd57535977a245f6adb39216116363b46836664cd6ca29e10,2,classical_svr_rbf_transpiled,classical_svr_rbf,transpiled,1234,0.6403484270012996,0.6403484270012996,0.6502615696482898,predicted,
sim_common_q16_v1::vqe_indep_qiskit_7,63b92ee6c5b54da107e9016de97e2cb7768bfb970ebc025650706533e47d3caf,2,classical_svr_rbf_transpiled,classical_svr_rbf,transpiled,1234,0.739464948001114,0.739464948001114,0.6067274416423876,predicted,
sim_common_q16_v1::vqe_indep_qiskit_8,6e066adb38de82d96650b3f806e398374e88912fd4688ab9c98f3c94dcd33e16,4,classical_svr_rbf_transpiled,classical_svr_rbf,transpiled,1234,0.6498198089975631,0.6498198089975631,0.7822356932230343,predicted,
sim_common_q16_v1::vqe_indep_qiskit_9,bbafe35368c1a915635c383f6aaa4ec709a7c6e055550875d4de11ca0983dbb5,4,classical_svr_rbf_transpiled,classical_svr_rbf,transpiled,1234,0.6784349429981376,0.6784349429981376,1.0520977176228354,predicted,
sim_common_q16_v1::wstate_indep_qiskit_2,75b1db396e34d1f1b234ea8dcdc253203a770cecce7f48bb8a126860723c43df,1,classical_svr_rbf_transpiled,classical_svr_rbf,transpiled,1234,0.6422257209997042,0.6422257209997042,0.6761469746376456,predicted,
sim_common_q16_v1::wstate_indep_qiskit_3,50a5fc62010017f60b77f8c81e9ddf9bd95419be272d2ec5ed1445aae0c7ac92,3,classical_svr_rbf_transpiled,classical_svr_rbf,transpiled,1234,0.6512624009992578,0.6512624009992578,0.6222236225949387,predicted,
sim_common_q16_v1::wstate_indep_qiskit_4,387f2f6f12a10e034ae5b68c11336a9874e87f20871579eec585bfd7311f38c8,4,classical_svr_rbf_transpiled,classical_svr_rbf,transpiled,1234,0.629814787000214,0.629814787000214,0.6518688792854237,predicted,
sim_common_q16_v1::wstate_indep_qiskit_5,dc97062e3adcbcaf813cae5e970c8a0357a239b8d4a09e77a4e3e4625532d209,1,classical_svr_rbf_transpiled,classical_svr_rbf,transpiled,1234,0.6107438010003534,0.6107438010003534,0.6611584865347075,predicted,
sim_common_q16_v1::wstate_indep_qiskit_6,dbfb4dd8bf80cda30461759a3169ec60ac535a27409cf938f691179c6a121ebd,0,classical_svr_rbf_transpiled,classical_svr_rbf,transpiled,1234,0.7103313010011334,0.7103313010011334,0.6448835208993453,predicted,
sim_common_q16_v1::wstate_indep_qiskit_7,1dab21c93a580f711efff03a0f4a1d82985cf201219e886ab246e03a9011735c,1,classical_svr_rbf_transpiled,classical_svr_rbf,transpiled,1234,0.6361640809991513,0.6361640809991513,0.7067029049665356,predicted,
sim_common_q16_v1::wstate_indep_qiskit_8,e2fba21685e6e7d22d625d8babcc9c51a8911815153e52fc89277e0efe117045,3,classical_svr_rbf_transpiled,classical_svr_rbf,transpiled,1234,0.7347158170014154,0.7347158170014154,0.6485946489008798,predicted,
sim_common_q16_v1::wstate_indep_qiskit_9,84c07c56eef046e3c72823b20fb674075b1ab68a85dc6a06baf7f35983e2bd17,2,classical_svr_rbf_transpiled,classical_svr_rbf,transpiled,1234,0.6752045199973509,0.6752045199973509,0.8023804180545282,predicted,
sim_common_q16_v1::ae_indep_qiskit_2,de56c0798eca25bd1510d4d10f11e996f0bad2a11ce94a265da0635c161cbcae,0,classical_random_forest_source,classical_random_forest,source,1234,0.6445786120020784,0.6445786120020784,0.6399306890478065,predicted,
sim_common_q16_v1::ae_indep_qiskit_3,6b2f9fea850557b40ca9b69341ec300b1c4fe1f4bf53e94436af2ba1586bac62,0,classical_random_forest_source,classical_random_forest,source,1234,0.6324521900023683,0.6324521900023683,0.6465436977960698,predicted,
sim_common_q16_v1::ae_indep_qiskit_4,9b4261e2d98678946a9aefea16ba9b8abcae8409f8589f8fb3daa941694f88c6,0,classical_random_forest_source,classical_random_forest,source,1234,0.6257052269975247,0.6257052269975247,0.6544190653034951,predicted,
sim_common_q16_v1::ae_indep_qiskit_5,8e4821df72704634cb81ea4d738477a8d596a49cba641e6198fdc9970e1d5d2f,1,classical_random_forest_source,classical_random_forest,source,1234,0.6429755230019509,0.6429755230019509,0.660901726117381,predicted,
sim_common_q16_v1::ae_indep_qiskit_6,585424315575b559a664523f6ce6236189739069b3872eea4ccdb995a29f8701,2,classical_random_forest_source,classical_random_forest,source,1234,0.6249196000026132,0.6249196000026132,0.6937011111075281,predicted,
sim_common_q16_v1::ae_indep_qiskit_7,a70c5b796698f145c5992d324b3a0b5e28eb7301e6f306652a316a55c68f1ae8,4,classical_random_forest_source,classical_random_forest,source,1234,0.6728184880012122,0.6728184880012122,0.7258617937528287,predicted,
sim_common_q16_v1::ae_indep_qiskit_8,78d3420407751ab52a65abe926510d585ebd3a5d1934ac31c13b28eca5c5ee8a,4,classical_random_forest_source,classical_random_forest,source,1234,0.7626127499970607,0.7626127499970607,0.7261903130883496,predicted,
sim_common_q16_v1::ae_indep_qiskit_9,78ecec267502f433ab148452979221600becf679520b50ad454009e0ca097af5,3,classical_random_forest_source,classical_random_forest,source,1234,0.7365946390018507,0.7365946390018507,1.0628169309225541,predicted,
sim_common_q16_v1::dj_indep_qiskit_2,242786b0f7d73c715a317cbdc0725596836f08d98ecd6eb06b3b4ac4f3f563fb,4,classical_random_forest_source,classical_random_forest,source,1234,0.6235974270020961,0.6235974270020961,0.6388983093741871,predicted,
sim_common_q16_v1::dj_indep_qiskit_3,bc8cb33a3a242fb3ab35191a36313674faaca8fe1839cfa05d79788052424d1d,1,classical_random_forest_source,classical_random_forest,source,1234,0.6417426940024598,0.6417426940024598,0.6442617072180757,predicted,
sim_common_q16_v1::dj_indep_qiskit_4,3e4560adf43b5c5102bf22f235abcb9dd2ed5e34930cdb929a128226f96e4ea5,1,classical_random_forest_source,classical_random_forest,source,1234,0.6125353499992343,0.6125353499992343,0.6445799546960915,predicted,
sim_common_q16_v1::dj_indep_qiskit_5,f12c9439f3dfce19e2f161aed74fdafb33146528cdb8524425608579de8b6741,0,classical_random_forest_source,classical_random_forest,source,1234,0.6494606499982183,0.6494606499982183,0.6621400466635208,predicted,
sim_common_q16_v1::dj_indep_qiskit_6,b5736e26e119a619b687dcc0cf8065475e3805bc0c6180b480e0e36badc289db,2,classical_random_forest_source,classical_random_forest,source,1234,0.7272395580002922,0.7272395580002922,0.7575823641573534,predicted,
sim_common_q16_v1::dj_indep_qiskit_7,9fc54c185186ff8c504ebdac4e3fa109beb4cf46f86196a3376b3153a7f72962,3,classical_random_forest_source,classical_random_forest,source,1234,0.6525007039999764,0.6525007039999764,0.7215249177291103,predicted,
sim_common_q16_v1::dj_indep_qiskit_9,db0e077b1674f90860a270d014aa8226822880dbf36c819dad0bea17881b7eb5,3,classical_random_forest_source,classical_random_forest,source,1234,0.6677595889996155,0.6677595889996155,1.1424605907830048,predicted,
sim_common_q16_v1::ghz_indep_qiskit_2,fcd9497c7764bb185a96cc8b6d1c7878851e9b87e64de7ebf47aa1d16eb3ee0a,4,classical_random_forest_source,classical_random_forest,source,1234,0.6328717180003878,0.6328717180003878,0.655556916358027,predicted,
sim_common_q16_v1::ghz_indep_qiskit_3,7344fd4d264c475e52edca02e3426225c78af7ed0bdaae137741a04685725a5d,2,classical_random_forest_source,classical_random_forest,source,1234,0.6362690579990158,0.6362690579990158,0.6387827471343654,predicted,
sim_common_q16_v1::ghz_indep_qiskit_4,01bfdd8291d6badf1219dd3bf6d7e12559976b8ccb3e67d2548e729dc0c0dc82,2,classical_random_forest_source,classical_random_forest,source,1234,0.6424375300011889,0.6424375300011889,0.674943358921001,predicted,
sim_common_q16_v1::ghz_indep_qiskit_5,de4639e0b84f220ce7281521fbce5104129cc70befb85198bf93def8d4ba7a65,4,classical_random_forest_source,classical_random_forest,source,1234,0.6349322169990046,0.6349322169990046,0.6544432832974882,predicted,
sim_common_q16_v1::ghz_indep_qiskit_6,c67a77f55c658ad1270fd52c8cbc66319b72ceaa5ca5d4015d775b44e8edd85a,2,classical_random_forest_source,classical_random_forest,source,1234,0.6285922220013163,0.6285922220013163,0.798647711537674,predicted,
sim_common_q16_v1::ghz_indep_qiskit_7,4b24f68f78c4499a295ab28caa04282d174b7ab2a6b0f5333d3bfe630df72f71,0,classical_random_forest_source,classical_random_forest,source,1234,0.6354831150019891,0.6354831150019891,0.8892026015278002,predicted,
sim_common_q16_v1::ghz_indep_qiskit_8,2e57556a1b12802c7368ef21e0eb8e5c9863f768a48a9a4d0771725e60b8a616,3,classical_random_forest_source,classical_random_forest,source,1234,0.644572266999603,0.644572266999603,1.1923466014158697,predicted,
sim_common_q16_v1::ghz_indep_qiskit_9,b5f6ad96b1eb0fc9087c079e22e8a91398b460e24d616ed0d8829247aee24f18,0,classical_random_forest_source,classical_random_forest,source,1234,0.7290791659979732,0.7290791659979732,0.9879483015825121,predicted,
sim_common_q16_v1::graphstate_indep_qiskit_3,51e3c5bc60da502bf92a6ed65a7c728a8b957b427652ac8fdaa002b9afc50d40,4,classical_random_forest_source,classical_random_forest,source,1234,0.645907268000883,0.645907268000883,0.6413537661046187,predicted,
sim_common_q16_v1::graphstate_indep_qiskit_4,13721ab5a328b17bf3f8c3692cda844a7e538a8c92530d0c1236f43d3ad5a884,3,classical_random_forest_source,classical_random_forest,source,1234,0.6307967300017481,0.6307967300017481,0.640108172544567,predicted,
sim_common_q16_v1::graphstate_indep_qiskit_5,cfadb6828c07bfc2fac00ca0c9c03935e927b88961597b69936fc199a094b9ea,0,classical_random_forest_source,classical_random_forest,source,1234,0.6335009460017318,0.6335009460017318,0.7461489681137661,predicted,
sim_common_q16_v1::graphstate_indep_qiskit_6,7b944ad7e38d98fae66177b6c014ae2878d62bcd1765103c19941653817e7996,1,classical_random_forest_source,classical_random_forest,source,1234,4.12037888100167,4.12037888100167,0.6451297545216454,predicted,
sim_common_q16_v1::graphstate_indep_qiskit_7,551dfe6ad672d4157a761610fc4c1061ea844868f2106407374764552251d63a,1,classical_random_forest_source,classical_random_forest,source,1234,0.6352743349998491,0.6352743349998491,0.6933985020434885,predicted,
sim_common_q16_v1::graphstate_indep_qiskit_8,b6afb1122e1baece13144a1d0da78738759129107f453e9579e99e8789e057fe,3,classical_random_forest_source,classical_random_forest,source,1234,0.7141289200008032,0.7141289200008032,1.1933758004246902,predicted,
sim_common_q16_v1::graphstate_indep_qiskit_9,040a287609a78a55ab6148ad1a3cc6aa2fcee8b0871b077a9c1a37bee49f69fe,0,classical_random_forest_source,classical_random_forest,source,1234,3.4133249820006317,3.4133249820006317,0.8868160647441441,predicted,
sim_common_q16_v1::grover-noancilla_indep_qiskit_2,55746e6a2fd8d9c4b8c813443f2db46b072f75db1632dd252298c735fbc72bf0,1,classical_random_forest_source,classical_random_forest,source,1234,0.6316192150006827,0.6274016160023166,0.7717178644254643,predicted,
sim_common_q16_v1::grover-v-chain_indep_qiskit_2,55746e6a2fd8d9c4b8c813443f2db46b072f75db1632dd252298c735fbc72bf0,1,classical_random_forest_source,classical_random_forest,source,1234,0.6316192150006827,0.6358368139990489,0.7717178644254643,predicted,
sim_common_q16_v1::grover-noancilla_indep_qiskit_3,bc77f4afad8bbb19a6b320c11bc8f8110a330e395e5c509895e0b6c566cab5e9,4,classical_random_forest_source,classical_random_forest,source,1234,0.6336756905002403,0.6221831709990511,0.6432775544069134,predicted,
sim_common_q16_v1::grover-v-chain_indep_qiskit_3,bc77f4afad8bbb19a6b320c11bc8f8110a330e395e5c509895e0b6c566cab5e9,4,classical_random_forest_source,classical_random_forest,source,1234,0.6336756905002403,0.6451682100014295,0.6432775544069134,predicted,
sim_common_q16_v1::grover-noancilla_indep_qiskit_4,edc62038c489069da135981ccefd5c5a2f3cc0a991fa6da4defa393abdb0d2a4,4,classical_random_forest_source,classical_random_forest,source,1234,0.6425279779978155,0.6347441939979035,0.6728940614471479,predicted,
sim_common_q16_v1::grover-v-chain_indep_qiskit_4,edc62038c489069da135981ccefd5c5a2f3cc0a991fa6da4defa393abdb0d2a4,4,classical_random_forest_source,classical_random_forest,source,1234,0.6425279779978155,0.6503117619977274,0.6728940614471479,predicted,
sim_common_q16_v1::grover-noancilla_indep_qiskit_5,dd514cba6fbc94c48a3eb8f2ff2210ef74259e76e7f796394066418bfd93ee86,2,classical_random_forest_source,classical_random_forest,source,1234,0.6749066180018417,0.6749066180018417,0.750987193862065,predicted,
sim_common_q16_v1::grover-noancilla_indep_qiskit_6,b6a15d3507225e442ed02c90df5179f09c529df7bf5ee38a8005cc265f4203a6,0,classical_random_forest_source,classical_random_forest,source,1234,0.8617562030012778,0.8617562030012778,0.9771000447271639,predicted,
sim_common_q16_v1::grover-noancilla_indep_qiskit_7,35548785a9c99b0ad9409f18dfbfc3baed0e1dcbb1d95eae8c8510dcda120410,0,classical_random_forest_source,classical_random_forest,source,1234,2.755100520000269,2.755100520000269,2.5042496607421265,predicted,
sim_common_q16_v1::grover-noancilla_indep_qiskit_8,a3b7d67bad6cd47cb522addfaf763294b1ea99017f443c03052055a2f0074009,4,classical_random_forest_source,classical_random_forest,source,1234,3.8077989039993554,3.8077989039993554,4.205292752708587,predicted,
sim_common_q16_v1::grover-v-chain_indep_qiskit_5,5042c6dd513b1366c0a145850de9e534b0e38aabc818b994ab8c4b6cad7ad5c8,3,classical_random_forest_source,classical_random_forest,source,1234,0.6741303899980267,0.6741303899980267,0.7659769034929858,predicted,
sim_common_q16_v1::grover-v-chain_indep_qiskit_7,84056291d9ff227b3c615cc378349fa1154f5a122bcd0eb6bc04045bbf3affa0,4,classical_random_forest_source,classical_random_forest,source,1234,1.1920864250023442,1.1920864250023442,0.895840641633471,predicted,
sim_common_q16_v1::grover-v-chain_indep_qiskit_9,3d37464cf8c53831d2867c0c111a83e03a820e90fa26f77d01a4a85f4f9d6875,1,classical_random_forest_source,classical_random_forest,source,1234,3.409926619999169,3.409926619999169,1.4859496954040237,predicted,
sim_common_q16_v1::portfolioqaoa_indep_qiskit_3,47e6743e95c380a13dc5947d9e9b3db26e541efabd4a27134ff26aa14c00ba7d,1,classical_random_forest_source,classical_random_forest,source,1234,0.6487017560029926,0.6487017560029926,0.6519181381179411,predicted,
sim_common_q16_v1::portfolioqaoa_indep_qiskit_4,568570a69663949a1aaac2fe16e74d3d065c7a8e6013e21368a9d8add886d6dc,2,classical_random_forest_source,classical_random_forest,source,1234,0.6451116749994981,0.6451116749994981,0.8956848593698421,predicted,
sim_common_q16_v1::portfolioqaoa_indep_qiskit_5,0f7836c0a3a429dd9b4f2b55a4fab5d6d112458814cb34efb22309ec614c801f,2,classical_random_forest_source,classical_random_forest,source,1234,0.6517559040003107,0.6517559040003107,0.9136331942273789,predicted,
sim_common_q16_v1::portfolioqaoa_indep_qiskit_6,4dd5e72918722dff3c88e277e20e3ecc1e06dfd0601343e784eeb454470800b7,4,classical_random_forest_source,classical_random_forest,source,1234,0.6879031880016555,0.6879031880016555,0.7661638865599045,predicted,
sim_common_q16_v1::portfolioqaoa_indep_qiskit_7,f8d88243c9d36e41e0eedeff4898e325d59ba4d8ceb4b81c7b48757ade1e94b4,0,classical_random_forest_source,classical_random_forest,source,1234,0.8747539370015147,0.8747539370015147,0.841584706437021,predicted,
sim_common_q16_v1::portfolioqaoa_indep_qiskit_8,2372d3228c3e3e38e3351feb553380bce5a543c936f73a400de0e54ab470599a,1,classical_random_forest_source,classical_random_forest,source,1234,0.7452616640002816,0.7452616640002816,0.7744998665969534,predicted,
sim_common_q16_v1::portfolioqaoa_indep_qiskit_9,a53b2a3a1ba8397a96b487c44f825f3cab2e0c714b69298f2ab0a839975b173c,0,classical_random_forest_source,classical_random_forest,source,1234,1.0392779800022254,1.0392779800022254,1.5067267908771378,predicted,
sim_common_q16_v1::portfoliovqe_indep_qiskit_3,4b5542071ea595cd62184de26c4f1dac3f6afa86f6450f50a28dbe8e1f865257,0,classical_random_forest_source,classical_random_forest,source,1234,0.6282423720003862,0.6282423720003862,1.2538736572147244,predicted,
sim_common_q16_v1::portfoliovqe_indep_qiskit_4,36bb1354ff108648bc8c9c529a2002a53a68e4bfa9bf3529edce11e5d47f851f,0,classical_random_forest_source,classical_random_forest,source,1234,0.6387674009965849,0.6387674009965849,1.2682118514075973,predicted,
sim_common_q16_v1::portfoliovqe_indep_qiskit_5,28b9eac87132bbff64970708737a94c408cfa435ce16cd395a57ab6fbfe5a6f7,2,classical_random_forest_source,classical_random_forest,source,1234,0.7472729069995694,0.7472729069995694,0.7302334292045034,predicted,
sim_common_q16_v1::portfoliovqe_indep_qiskit_6,7dafebd46e73b9b279f1ef96da32f7d563de3721b856b4570375ab81951e06fc,0,classical_random_forest_source,classical_random_forest,source,1234,0.672533150001982,0.672533150001982,1.188863275410485,predicted,
sim_common_q16_v1::portfoliovqe_indep_qiskit_7,99e0865dc3fced630c02b5b2710b24fd9257ba31d54112cde08a769e974f53c4,3,classical_random_forest_source,classical_random_forest,source,1234,0.7434713800030295,0.7434713800030295,0.7779974861505023,predicted,
sim_common_q16_v1::portfoliovqe_indep_qiskit_8,eb43007109ad9707544629854cfc7259b0e6aa70c5a618cedacbb7d26dd746a0,0,classical_random_forest_source,classical_random_forest,source,1234,0.7341747549980937,0.7341747549980937,0.9363686845811167,predicted,
sim_common_q16_v1::portfoliovqe_indep_qiskit_9,615d076a941f3eec9d225a20b894c8d30a0c90d4834d03fa0ebd5d13e4b46ded,2,classical_random_forest_source,classical_random_forest,source,1234,1.0230367410003964,1.0230367410003964,1.0960902302125677,predicted,
sim_common_q16_v1::qaoa_indep_qiskit_3,45ca196e391297302c92dc6ea0fd119efa62b2ee88e3b85260561e5fbafa7400,3,classical_random_forest_source,classical_random_forest,source,1234,0.6362355410019518,0.6362355410019518,0.638200993605714,predicted,
sim_common_q16_v1::qaoa_indep_qiskit_4,9649572da691c86252b1620cba73350902b9ba3cf4dbdb3fb2e3531588da98c4,1,classical_random_forest_source,classical_random_forest,source,1234,0.6444687240000349,0.6444687240000349,0.6486488667087861,predicted,
sim_common_q16_v1::qaoa_indep_qiskit_5,f2ce48d725be79c1ea5cbfeb36811261c4e74460588e911c3b2916a9303c1cf5,0,classical_random_forest_source,classical_random_forest,source,1234,0.6301084189981339,0.6301084189981339,0.911511386183498,predicted,
sim_common_q16_v1::qaoa_indep_qiskit_6,6a475a20ac3d09839e2b43104ca187037db5ff813b811e0d7356adac93d25244,1,classical_random_forest_source,classical_random_forest,source,1234,0.6421520209987648,0.6421520209987648,0.6705781632478413,predicted,
sim_common_q16_v1::qaoa_indep_qiskit_7,8e1c1014680274215f87d97c833f99474ed19b3393b2b8eea20a36bde517708b,4,classical_random_forest_source,classical_random_forest,source,1234,0.6511161570015247,0.6511161570015247,2.113533180752687,predicted,
sim_common_q16_v1::qaoa_indep_qiskit_8,0a43c652a1c92c83389d952438c22aa0d890a611333da29499d6ff1733925b21,0,classical_random_forest_source,classical_random_forest,source,1234,0.6687408600009803,0.6687408600009803,2.320665258845392,predicted,
sim_common_q16_v1::qaoa_indep_qiskit_9,a4a7b8b8d556570de9ea2db286aaa4245fa50f4619f25f0f7414b16d503458d8,1,classical_random_forest_source,classical_random_forest,source,1234,17.55494177699802,17.55494177699802,1.0414306309215657,predicted,
sim_common_q16_v1::qft_indep_qiskit_2,aa91238ec5978b739b87b3a657746a8786de113397a5abeadf726d1dd9c836b3,2,classical_random_forest_source,classical_random_forest,source,1234,0.7182261369998741,0.7182261369998741,0.646559256544565,predicted,
sim_common_q16_v1::qft_indep_qiskit_3,7f613ccae98ac8124d086ee9a39d94b1ed019520da8c3277395b109fd22d7d4d,4,classical_random_forest_source,classical_random_forest,source,1234,0.638093072000629,0.638093072000629,0.6467704258838989,predicted,
sim_common_q16_v1::qft_indep_qiskit_4,ea84355871fa77560419766f8000de4dcb0eea29468bcb0d89a1c84edff34f61,0,classical_random_forest_source,classical_random_forest,source,1234,0.6269083859988314,0.6269083859988314,0.6480594585753108,predicted,
sim_common_q16_v1::qft_indep_qiskit_5,0285fd21a0dd1ca29cd386de85a1a8af49cc7d71f5c86f6451b55a11c68864a8,3,classical_random_forest_source,classical_random_forest,source,1234,0.6442288310026925,0.6442288310026925,0.6698465876469546,predicted,
sim_common_q16_v1::qft_indep_qiskit_6,cbe1ca5505b485bd87b2e68f2b38ecae377e29f823c30e4c44d3f5f87d4266f7,1,classical_random_forest_source,classical_random_forest,source,1234,0.651070706997416,0.651070706997416,0.6933702965947435,predicted,
sim_common_q16_v1::qft_indep_qiskit_7,01de4bb89da48a3fc09c31d41d509c1446c6a4a3b329612c5baf0d39c56a922e,1,classical_random_forest_source,classical_random_forest,source,1234,0.6848869749992446,0.6848869749992446,0.6954361443577782,predicted,
sim_common_q16_v1::qft_indep_qiskit_8,e4664972befc3ffed396f3842bf910be22c2fbe7f293d3c295b971dfe094d398,3,classical_random_forest_source,classical_random_forest,source,1234,0.6876082300004782,0.6876082300004782,0.688321335406253,predicted,
sim_common_q16_v1::qft_indep_qiskit_9,e0c3acec67c0fb535add575a46e01889b30ec7970005214fd2188b94ae3a55a5,0,classical_random_forest_source,classical_random_forest,source,1234,0.7909492459984904,0.7909492459984904,0.8045425353658673,predicted,
sim_common_q16_v1::qftentangled_indep_qiskit_2,02d66e8b66849fdd0f0581b84924adbd1bd2d7603e25e5e9faa447ac2a6708d0,2,classical_random_forest_source,classical_random_forest,source,1234,0.6421512939996319,0.6421512939996319,0.648652071999312,predicted,
sim_common_q16_v1::qftentangled_indep_qiskit_3,5ab4253ed51b729f331c9f3cc78bfecd3ecb2fed2e98818816bf3f64e22f1bfe,2,classical_random_forest_source,classical_random_forest,source,1234,0.6430523449998873,0.6430523449998873,0.6525466743930144,predicted,
sim_common_q16_v1::qftentangled_indep_qiskit_4,d7a22ac29418bcf9f00346732fe1b985f8e0b9df60273404dabbf4a62027715f,0,classical_random_forest_source,classical_random_forest,source,1234,0.718577378000191,0.718577378000191,0.6539288229277914,predicted,
sim_common_q16_v1::qftentangled_indep_qiskit_5,4ee5846eef239e2b0e0d3f950f78b5b4b8af213f0063eb50be6bf50bdbb4385d,4,classical_random_forest_source,classical_random_forest,source,1234,0.711588597001537,0.711588597001537,0.6623482157503799,predicted,
sim_common_q16_v1::qftentangled_indep_qiskit_6,7c8832728feaaf34fac1fda49dfcbfbf655902b5b4eb3f1b11e43f21d15de5bf,2,classical_random_forest_source,classical_random_forest,source,1234,0.6466906070018013,0.6466906070018013,0.7090976826091875,predicted,
sim_common_q16_v1::qftentangled_indep_qiskit_7,f0e0170b510412a7e964e82f14793115a9e53a1b250283a74abd893a45b5f20e,3,classical_random_forest_source,classical_random_forest,source,1234,0.7955734110000776,0.7955734110000776,0.6807433738437845,predicted,
sim_common_q16_v1::qftentangled_indep_qiskit_8,8711737782301f568af1980707e62c989655488357aa858d6c63bb8e206ae4fc,4,classical_random_forest_source,classical_random_forest,source,1234,0.6800704039997072,0.6800704039997072,0.7543665775588309,predicted,
sim_common_q16_v1::qftentangled_indep_qiskit_9,fea8eb37e38bc24d3352d9446471b5cf8f6b8af6ae4c0f931d5942564936274c,3,classical_random_forest_source,classical_random_forest,source,1234,0.8116922409972176,0.8116922409972176,0.8754079713663094,predicted,
sim_common_q16_v1::qnn_indep_qiskit_2,3c0ed99f7e5a0409bdadc636b8b7a5dd911304ccbe2e87b32589b91dd44a6a5a,3,classical_random_forest_source,classical_random_forest,source,1234,0.6364995420008199,0.6364995420008199,0.6430024354623332,predicted,
sim_common_q16_v1::qnn_indep_qiskit_3,15e80264fdff1398ab38bbd9144f853a3a2317e95163fda15a1e9ec2657beecb,3,classical_random_forest_source,classical_random_forest,source,1234,0.7232230859990523,0.7232230859990523,0.6562926710968788,predicted,
sim_common_q16_v1::qnn_indep_qiskit_4,451bd8177acaca0301a8bb4d61cb192f26dce1f81d8ab04ca0aded562d525c58,1,classical_random_forest_source,classical_random_forest,source,1234,0.6316140970011475,0.6316140970011475,0.6848711932089103,predicted,
sim_common_q16_v1::qnn_indep_qiskit_5,d506e52d304853cd9e55834d3112505279aa22e89e70aa7c00dfc57caad3c72c,0,classical_random_forest_source,classical_random_forest,source,1234,0.6502378280019911,0.6502378280019911,0.6944273930422685,predicted,
sim_common_q16_v1::qnn_indep_qiskit_6,720a3cec5f9b39a53aa0d59f0ecc24f42f2948fbe56164a033262c628e2ba875,1,classical_random_forest_source,classical_random_forest,source,1234,0.6810264529995038,0.6810264529995038,0.7230901877228575,predicted,
sim_common_q16_v1::qnn_indep_qiskit_7,6cf91acdbcfc0321d1ffcee7c2197fec29f2b9dd83e7c3b56dbe8d583332ccdb,1,classical_random_forest_source,classical_random_forest,source,1234,0.7633359889987332,0.7633359889987332,0.7493066622678994,predicted,
sim_common_q16_v1::qnn_indep_qiskit_8,f76953672a13f3e92397fe3586ff6557882560261e995147a67b931d701c7fcf,4,classical_random_forest_source,classical_random_forest,source,1234,0.8227666269995098,0.8227666269995098,0.8433294996085147,predicted,
sim_common_q16_v1::qnn_indep_qiskit_9,4df5b36e58378649053c461bf5ee1478fa114ac65c0c14551536b820ce8eafc7,1,classical_random_forest_source,classical_random_forest,source,1234,0.9238195639991318,0.9238195639991318,0.8962836514497159,predicted,
sim_common_q16_v1::qpeexact_indep_qiskit_2,0a43a3dbe4a4294a007fa7ec167a24ea300d3762489b98245c2f80ad29727075,0,classical_random_forest_source,classical_random_forest,source,1234,0.6283055000021704,0.6283055000021704,0.6354025623833957,predicted,
sim_common_q16_v1::qpeexact_indep_qiskit_3,56289d5fdefe63c89244b0849f2e22753ce30832776d74b79de4603006db32f4,4,classical_random_forest_source,classical_random_forest,source,1234,0.7184256109976559,0.7184256109976559,0.6416579216385069,predicted,
sim_common_q16_v1::qpeexact_indep_qiskit_4,af7e7c49ba06f5c554580173d3dcd73bc9d5a9dd9c6e3d3cd8c94d494fa4b969,2,classical_random_forest_source,classical_random_forest,source,1234,0.6284069449975505,0.6284069449975505,0.6580460148740821,predicted,
sim_common_q16_v1::qpeexact_indep_qiskit_5,7478da09664f4489c33c18a6ea1974cc9dea86d1adda1f912c3eaeff27c2d5fa,0,classical_random_forest_source,classical_random_forest,source,1234,0.6475399470000411,0.6475399470000411,0.6496823095406854,predicted,
sim_common_q16_v1::qpeexact_indep_qiskit_6,abe368f160ce73db792b3af14a6e120eda4838b15f01376daa204a680d07c5bc,2,classical_random_forest_source,classical_random_forest,source,1234,0.6475595259980764,0.6475595259980764,0.6628600919050306,predicted,
sim_common_q16_v1::qpeexact_indep_qiskit_7,d06936015124a75ae15e1f94eeb54cc51ab24596726b8110765a69ba66d0e80a,0,classical_random_forest_source,classical_random_forest,source,1234,0.6782379760006734,0.6782379760006734,0.715434811732889,predicted,
sim_common_q16_v1::qpeexact_indep_qiskit_8,5d3cc38ff0e2b9054c927b6309c6a8dfaba491733eab08b06cc06f2d333da23d,4,classical_random_forest_source,classical_random_forest,source,1234,0.686445900999388,0.686445900999388,0.6998286828386646,predicted,
sim_common_q16_v1::qpeexact_indep_qiskit_9,31f7b2533d8a3c05d59b44a9b2d93f44bc48da630d1884cf9df0012199e10a74,1,classical_random_forest_source,classical_random_forest,source,1234,0.7935242480016313,0.7935242480016313,0.9807384856180648,predicted,
sim_common_q16_v1::qpeinexact_indep_qiskit_2,acacd76111e7f23e4224342ca0ab5340b1bdaad3b6eba8893e4036ba14896362,1,classical_random_forest_source,classical_random_forest,source,1234,0.6258419089972449,0.6258419089972449,0.640091910633624,predicted,
sim_common_q16_v1::qpeinexact_indep_qiskit_3,afa0cd93480bae81feca2afdcb909ab13c2934f76b139c27872b18658e5c1f28,2,classical_random_forest_source,classical_random_forest,source,1234,0.6425586090008437,0.6425586090008437,0.656507231325316,predicted,
sim_common_q16_v1::qpeinexact_indep_qiskit_4,1d76cd981622e5ca02125654d00534f3aec623bbb2b95b7ea894049f76916577,4,classical_random_forest_source,classical_random_forest,source,1234,0.6402722480015655,0.6402722480015655,0.6498895762717987,predicted,
sim_common_q16_v1::qpeinexact_indep_qiskit_5,f37f599f25c5024b4069e866a31563a6daf0b1495d17d25343f7b3cfac1169ee,1,classical_random_forest_source,classical_random_forest,source,1234,0.6406791050030733,0.6406791050030733,0.6472012225615457,predicted,
sim_common_q16_v1::qpeinexact_indep_qiskit_6,c658b0f6c564cc6b7d6d48105e5567caf0660181ca2dbad8b9bdbdd353962fd6,0,classical_random_forest_source,classical_random_forest,source,1234,0.6522649979997368,0.6522649979997368,0.6760807246328479,predicted,
sim_common_q16_v1::qpeinexact_indep_qiskit_7,093af0605e834bf0a4f2aef0b46600d12c6b1c913e791fb13e2513048a6b1c70,4,classical_random_forest_source,classical_random_forest,source,1234,0.7007861210004194,0.7007861210004194,0.696091089385891,predicted,
sim_common_q16_v1::qpeinexact_indep_qiskit_8,82da8e687716ed31c95e72560edb07e7f6073a5be0f5ebffb17d22aff22c81fd,0,classical_random_forest_source,classical_random_forest,source,1234,0.6688155289994029,0.6688155289994029,0.718316575999246,predicted,
sim_common_q16_v1::qpeinexact_indep_qiskit_9,81a66b1daaf97d148a8a075515daf8702349d257883a1dd88e26993c1622351f,3,classical_random_forest_source,classical_random_forest,source,1234,0.8898592920013471,0.8898592920013471,0.8945153220483372,predicted,
sim_common_q16_v1::qwalk-noancilla_indep_qiskit_3,9110b8773ad1c544b5ec91feaaa99c96975f7577fe6966b0f0df52dab84bef92,4,classical_random_forest_source,classical_random_forest,source,1234,0.6806762745000015,0.6374438919992826,0.6914408202818668,predicted,
sim_common_q16_v1::qwalk-v-chain_indep_qiskit_3,9110b8773ad1c544b5ec91feaaa99c96975f7577fe6966b0f0df52dab84bef92,4,classical_random_forest_source,classical_random_forest,source,1234,0.6806762745000015,0.7239086570007203,0.6914408202818668,predicted,
sim_common_q16_v1::qwalk-noancilla_indep_qiskit_4,2df018ddcd5f44fd33cd5d80af349db5f84e36d6a5f905ef4611e5e5cc0d03f4,4,classical_random_forest_source,classical_random_forest,source,1234,0.6810126529999252,0.6810126529999252,0.8009201227341195,predicted,
sim_common_q16_v1::qwalk-noancilla_indep_qiskit_5,7e02b8d5bbea94c5e0eabb2edd6a74e15949ae6b737fabb55e66a61d47181912,4,classical_random_forest_source,classical_random_forest,source,1234,0.7063868340010231,0.7063868340010231,1.028619535700089,predicted,
sim_common_q16_v1::qwalk-noancilla_indep_qiskit_6,97bdbd3569346cfa4a289ced5de0f3280a495266d423a3af48650bf01484b9be,0,classical_random_forest_source,classical_random_forest,source,1234,1.015744493000966,1.015744493000966,1.7289588916439063,predicted,
sim_common_q16_v1::qwalk-noancilla_indep_qiskit_7,73abe6179f1e84e36777e1d953028143ee3ff00662ddb793d55022d9344b4940,2,classical_random_forest_source,classical_random_forest,source,1234,2.998404195997864,2.998404195997864,2.424876675044648,predicted,
sim_common_q16_v1::qwalk-noancilla_indep_qiskit_8,b23a0318d268fcffc78b4f6ce920c98f33487ec34a71cf7b6225b9b6eb93f1bb,4,classical_random_forest_source,classical_random_forest,source,1234,3.649332992998097,3.649332992998097,4.629998737091304,predicted,
sim_common_q16_v1::qwalk-noancilla_indep_qiskit_9,e8037a4f622df36c65c0e756e11a6c6e3b8b40fbabaffb6cd59ff1cc79f49063,0,classical_random_forest_source,classical_random_forest,source,1234,18.4117178100023,18.4117178100023,3.14078490828779,predicted,
sim_common_q16_v1::qwalk-v-chain_indep_qiskit_5,72fb5f837aaa2bec862c3a477efd166f351b72903612c32d444704a431457f4d,0,classical_random_forest_source,classical_random_forest,source,1234,0.6463327589990513,0.6463327589990513,0.9883306304371319,predicted,
sim_common_q16_v1::qwalk-v-chain_indep_qiskit_7,3d8107599f669ba102c734a8796433a6a348197dd98a74c63f172d7790b5c9a2,2,classical_random_forest_source,classical_random_forest,source,1234,0.984092689002864,0.984092689002864,0.8917936390757255,predicted,
sim_common_q16_v1::qwalk-v-chain_indep_qiskit_9,8650fb4f2d0816cd59c97df1ed4051936ecb3b5c31d39ba97cdc5cd2af374a8a,4,classical_random_forest_source,classical_random_forest,source,1234,1.861087077002594,1.861087077002594,0.928687743028179,predicted,
sim_common_q16_v1::random_indep_qiskit_2,433844fca892218b1218ca028aafb0eddf1929d5ca52fdea53b3cb324e4055bd,1,classical_random_forest_source,classical_random_forest,source,1234,0.6350642280012835,0.6350642280012835,0.6494010891927465,predicted,
sim_common_q16_v1::random_indep_qiskit_3,d7ecd343052e510bdf5fa0f67f2fdbc3ee5ddccd19f39548c2853114a94dece2,4,classical_random_forest_source,classical_random_forest,source,1234,0.6280151889986882,0.6280151889986882,0.6434641689514309,predicted,
sim_common_q16_v1::random_indep_qiskit_4,212e0f8a693a745c9fc792b876e7be6ddb0ba051c1b0f558e0819e1437a8a2fb,2,classical_random_forest_source,classical_random_forest,source,1234,0.7269409180007642,0.7269409180007642,0.6604388495836833,predicted,
sim_common_q16_v1::random_indep_qiskit_5,8f11cd416ae9672f06a39e5ee3a27a70bcbf31d7177cb47270c0cd8512c95381,1,classical_random_forest_source,classical_random_forest,source,1234,0.7345396679993428,0.7345396679993428,0.7113618928291396,predicted,
sim_common_q16_v1::random_indep_qiskit_6,4d5b55eb4b8a0aea0af4bde721618cbe79ed66e0636398ffddc79ace483672a6,3,classical_random_forest_source,classical_random_forest,source,1234,0.6658408169969334,0.6658408169969334,0.7009538850211705,predicted,
sim_common_q16_v1::random_indep_qiskit_7,8ffee9c3a3af1aeaa766f38df57fcb62de5efa16d7f328d60a8977cb0da39e22,0,classical_random_forest_source,classical_random_forest,source,1234,0.7144554340011382,0.7144554340011382,0.738975989222129,predicted,
sim_common_q16_v1::random_indep_qiskit_8,fa595f88d0ab98542a799af4492f53b2a5e2e88ebc442a9b508abac209d0afcc,3,classical_random_forest_source,classical_random_forest,source,1234,0.6867609079999966,0.6867609079999966,0.8136978006322444,predicted,
sim_common_q16_v1::random_indep_qiskit_9,93eff191c23e0c3d13a127f38595909e7092290f5119c9be24a1ccc61fff5767,1,classical_random_forest_source,classical_random_forest,source,1234,0.9196448500006228,0.9196448500006228,0.9271280217148732,predicted,
sim_common_q16_v1::realamprandom_indep_qiskit_2,806f1844d225682cd7d5d0b276b5567caa23697f73064d8a20347024bb03fe40,1,classical_random_forest_source,classical_random_forest,source,1234,0.6811683435007581,0.7270244620012818,0.6553392573747692,predicted,
sim_common_q16_v1::twolocalrandom_indep_qiskit_2,806f1844d225682cd7d5d0b276b5567caa23697f73064d8a20347024bb03fe40,1,classical_random_forest_source,classical_random_forest,source,1234,0.6811683435007581,0.6353122250002343,0.6553392573747692,predicted,
sim_common_q16_v1::realamprandom_indep_qiskit_3,79b8fdfbfe6897a226612f9b9e27a4533aac4b48258335fb7746c5f10989cedc,3,classical_random_forest_source,classical_random_forest,source,1234,0.6289825359999668,0.6333517960010795,0.6484666690324835,predicted,
sim_common_q16_v1::twolocalrandom_indep_qiskit_3,79b8fdfbfe6897a226612f9b9e27a4533aac4b48258335fb7746c5f10989cedc,3,classical_random_forest_source,classical_random_forest,source,1234,0.6289825359999668,0.6246132759988541,0.6484666690324835,predicted,
sim_common_q16_v1::realamprandom_indep_qiskit_4,187d76ac82884dc3202418b0e06077eec26afed0c625b228d76b4416e6bfa480,3,classical_random_forest_source,classical_random_forest,source,1234,0.690793351001048,0.6371145330012951,0.6596790119098271,predicted,
sim_common_q16_v1::twolocalrandom_indep_qiskit_4,187d76ac82884dc3202418b0e06077eec26afed0c625b228d76b4416e6bfa480,3,classical_random_forest_source,classical_random_forest,source,1234,0.690793351001048,0.7444721690008009,0.6596790119098271,predicted,
sim_common_q16_v1::realamprandom_indep_qiskit_5,8d3b3ff10a3a80d0dda4e7043cce2b222aaf9e3cc19caa194b8e87da40266ac5,3,classical_random_forest_source,classical_random_forest,source,1234,0.6970405395004491,0.6386868430017785,0.7091667344249074,predicted,
sim_common_q16_v1::twolocalrandom_indep_qiskit_5,8d3b3ff10a3a80d0dda4e7043cce2b222aaf9e3cc19caa194b8e87da40266ac5,3,classical_random_forest_source,classical_random_forest,source,1234,0.6970405395004491,0.7553942359991197,0.7091667344249074,predicted,
sim_common_q16_v1::realamprandom_indep_qiskit_6,c9931425f0767057491a7e6ab8f1ed937fde917a862097440f57606892bddde9,0,classical_random_forest_source,classical_random_forest,source,1234,0.7250354759999027,0.669643510998867,0.7412733409128697,predicted,
sim_common_q16_v1::twolocalrandom_indep_qiskit_6,c9931425f0767057491a7e6ab8f1ed937fde917a862097440f57606892bddde9,0,classical_random_forest_source,classical_random_forest,source,1234,0.7250354759999027,0.7804274410009384,0.7412733409128697,predicted,
sim_common_q16_v1::realamprandom_indep_qiskit_7,af19d23c83544c8b7f6be5c42e0254336c9902c1ef454c06b9d45c4582d2fd3d,2,classical_random_forest_source,classical_random_forest,source,1234,0.7604988409984799,0.7463375029983581,0.7625578417426481,predicted,
sim_common_q16_v1::twolocalrandom_indep_qiskit_7,af19d23c83544c8b7f6be5c42e0254336c9902c1ef454c06b9d45c4582d2fd3d,2,classical_random_forest_source,classical_random_forest,source,1234,0.7604988409984799,0.7746601789986016,0.7625578417426481,predicted,
sim_common_q16_v1::realamprandom_indep_qiskit_8,8ea085ea0c0185c560746ab5988221e203c457e2afbb475976fb99f718e2dad1,4,classical_random_forest_source,classical_random_forest,source,1234,0.7514831415010121,0.7581430490026833,0.7684725359897028,predicted,
sim_common_q16_v1::twolocalrandom_indep_qiskit_8,8ea085ea0c0185c560746ab5988221e203c457e2afbb475976fb99f718e2dad1,4,classical_random_forest_source,classical_random_forest,source,1234,0.7514831415010121,0.744823233999341,0.7684725359897028,predicted,
sim_common_q16_v1::realamprandom_indep_qiskit_9,bdd8a427e9747bbc01ad8e77a22d61f0314fe8db0de17786839f2193ab0928bd,0,classical_random_forest_source,classical_random_forest,source,1234,1.027857403500093,1.0256131179994554,1.3496657694736938,predicted,
sim_common_q16_v1::twolocalrandom_indep_qiskit_9,bdd8a427e9747bbc01ad8e77a22d61f0314fe8db0de17786839f2193ab0928bd,0,classical_random_forest_source,classical_random_forest,source,1234,1.027857403500093,1.0301016890007304,1.3496657694736938,predicted,
sim_common_q16_v1::su2random_indep_qiskit_2,66c9180a271ec04f728ab259ed86a24fe52676e6f40a7614b02f79fd13536c91,0,classical_random_forest_source,classical_random_forest,source,1234,0.73017823400005,0.73017823400005,0.6996323533719547,predicted,
sim_common_q16_v1::su2random_indep_qiskit_3,c69c35c09a4dcfe7dd09af0b73be8e5f608531bf0baadd794f6861bcf237e40c,3,classical_random_forest_source,classical_random_forest,source,1234,0.7221970069986128,0.7221970069986128,0.6491341226080722,predicted,
sim_common_q16_v1::su2random_indep_qiskit_4,7fabc879bc998db5c05d7cc5b83db2d1704d7587139b714da9cf82639f4f093e,4,classical_random_forest_source,classical_random_forest,source,1234,0.6280798560001131,0.6280798560001131,0.7084469955329684,predicted,
sim_common_q16_v1::su2random_indep_qiskit_5,c1572e3b6e41c965a5943c21ceacdbad56fc868b4ee02ff4ef8af2d2054a0602,2,classical_random_forest_source,classical_random_forest,source,1234,0.7392793660001189,0.7392793660001189,0.7009783368688774,predicted,
sim_common_q16_v1::su2random_indep_qiskit_6,2f497b92b87e3e9f44c1ae23dfbffc7309c1550756e6829eb694d42dd4f2ed03,4,classical_random_forest_source,classical_random_forest,source,1234,0.7643177909994847,0.7643177909994847,0.7293278133740554,predicted,
sim_common_q16_v1::su2random_indep_qiskit_7,4f2368cad1a087f01b7598f13a9afa3b7cea2d6f9e96f79eb390f62213c97af7,2,classical_random_forest_source,classical_random_forest,source,1234,0.7721899220014166,0.7721899220014166,0.7796137164401387,predicted,
sim_common_q16_v1::su2random_indep_qiskit_8,3157278e31c54e80e45de35bfb793aac89eb413e21aabe08b2e0e140de8c0d39,3,classical_random_forest_source,classical_random_forest,source,1234,0.738525782002398,0.738525782002398,0.7734428977231769,predicted,
sim_common_q16_v1::su2random_indep_qiskit_9,c6ee0cb7c958cecf010796ce2ad0bb148b9fd660dd52393972c541d9ae422eca,4,classical_random_forest_source,classical_random_forest,source,1234,1.0278606899992155,1.0278606899992155,1.0633220864179869,predicted,
sim_common_q16_v1::vqe_indep_qiskit_3,92c02520f591e3d46218c6839b62acb2a1d5fbcc2ceba197b9265653f1737b24,4,classical_random_forest_source,classical_random_forest,source,1234,0.6360782570009178,0.6360782570009178,0.6443741251616059,predicted,
sim_common_q16_v1::vqe_indep_qiskit_4,23a9403cafedb94bbd2f39d4d9106aca7f890047719b80231d86ac9fb8382383,0,classical_random_forest_source,classical_random_forest,source,1234,0.633112699000776,0.633112699000776,0.6442786666115955,predicted,
sim_common_q16_v1::vqe_indep_qiskit_5,8c7594c05053bb7af0015bd637170a669e9d39c1da6edce6a769992b6ef5c9cb,0,classical_random_forest_source,classical_random_forest,source,1234,0.7155582859995775,0.7155582859995775,0.6484428703811878,predicted,
sim_common_q16_v1::vqe_indep_qiskit_6,58501be4f197f4efd57535977a245f6adb39216116363b46836664cd6ca29e10,2,classical_random_forest_source,classical_random_forest,source,1234,0.6403484270012996,0.6403484270012996,0.6826525143640032,predicted,
sim_common_q16_v1::vqe_indep_qiskit_7,63b92ee6c5b54da107e9016de97e2cb7768bfb970ebc025650706533e47d3caf,2,classical_random_forest_source,classical_random_forest,source,1234,0.739464948001114,0.739464948001114,0.6680139848364457,predicted,
sim_common_q16_v1::vqe_indep_qiskit_8,6e066adb38de82d96650b3f806e398374e88912fd4688ab9c98f3c94dcd33e16,4,classical_random_forest_source,classical_random_forest,source,1234,0.6498198089975631,0.6498198089975631,0.7885896405407331,predicted,
sim_common_q16_v1::vqe_indep_qiskit_9,bbafe35368c1a915635c383f6aaa4ec709a7c6e055550875d4de11ca0983dbb5,4,classical_random_forest_source,classical_random_forest,source,1234,0.6784349429981376,0.6784349429981376,0.9198344194141546,predicted,
sim_common_q16_v1::wstate_indep_qiskit_2,75b1db396e34d1f1b234ea8dcdc253203a770cecce7f48bb8a126860723c43df,1,classical_random_forest_source,classical_random_forest,source,1234,0.6422257209997042,0.6422257209997042,0.644487224507631,predicted,
sim_common_q16_v1::wstate_indep_qiskit_3,50a5fc62010017f60b77f8c81e9ddf9bd95419be272d2ec5ed1445aae0c7ac92,3,classical_random_forest_source,classical_random_forest,source,1234,0.6512624009992578,0.6512624009992578,0.6386152186613674,predicted,
sim_common_q16_v1::wstate_indep_qiskit_4,387f2f6f12a10e034ae5b68c11336a9874e87f20871579eec585bfd7311f38c8,4,classical_random_forest_source,classical_random_forest,source,1234,0.629814787000214,0.629814787000214,0.6366057015808606,predicted,
sim_common_q16_v1::wstate_indep_qiskit_5,dc97062e3adcbcaf813cae5e970c8a0357a239b8d4a09e77a4e3e4625532d209,1,classical_random_forest_source,classical_random_forest,source,1234,0.6107438010003534,0.6107438010003534,0.6537333274152097,predicted,
sim_common_q16_v1::wstate_indep_qiskit_6,dbfb4dd8bf80cda30461759a3169ec60ac535a27409cf938f691179c6a121ebd,0,classical_random_forest_source,classical_random_forest,source,1234,0.7103313010011334,0.7103313010011334,0.7363047948381821,predicted,
sim_common_q16_v1::wstate_indep_qiskit_7,1dab21c93a580f711efff03a0f4a1d82985cf201219e886ab246e03a9011735c,1,classical_random_forest_source,classical_random_forest,source,1234,0.6361640809991513,0.6361640809991513,0.7009448512538918,predicted,
sim_common_q16_v1::wstate_indep_qiskit_8,e2fba21685e6e7d22d625d8babcc9c51a8911815153e52fc89277e0efe117045,3,classical_random_forest_source,classical_random_forest,source,1234,0.7347158170014154,0.7347158170014154,1.0259762696700154,predicted,
sim_common_q16_v1::wstate_indep_qiskit_9,84c07c56eef046e3c72823b20fb674075b1ab68a85dc6a06baf7f35983e2bd17,2,classical_random_forest_source,classical_random_forest,source,1234,0.6752045199973509,0.6752045199973509,1.0740406036754233,predicted,
sim_common_q16_v1::ae_indep_qiskit_2,de56c0798eca25bd1510d4d10f11e996f0bad2a11ce94a265da0635c161cbcae,0,classical_random_forest_hybrid,classical_random_forest,hybrid,1234,0.6445786120020784,0.6445786120020784,0.639572907857475,predicted,
sim_common_q16_v1::ae_indep_qiskit_3,6b2f9fea850557b40ca9b69341ec300b1c4fe1f4bf53e94436af2ba1586bac62,0,classical_random_forest_hybrid,classical_random_forest,hybrid,1234,0.6324521900023683,0.6324521900023683,0.6427950240225936,predicted,
sim_common_q16_v1::ae_indep_qiskit_4,9b4261e2d98678946a9aefea16ba9b8abcae8409f8589f8fb3daa941694f88c6,0,classical_random_forest_hybrid,classical_random_forest,hybrid,1234,0.6257052269975247,0.6257052269975247,0.6520072096134,predicted,
sim_common_q16_v1::ae_indep_qiskit_5,8e4821df72704634cb81ea4d738477a8d596a49cba641e6198fdc9970e1d5d2f,1,classical_random_forest_hybrid,classical_random_forest,hybrid,1234,0.6429755230019509,0.6429755230019509,0.6552723709191401,predicted,
sim_common_q16_v1::ae_indep_qiskit_6,585424315575b559a664523f6ce6236189739069b3872eea4ccdb995a29f8701,2,classical_random_forest_hybrid,classical_random_forest,hybrid,1234,0.6249196000026132,0.6249196000026132,0.6677614239751335,predicted,
sim_common_q16_v1::ae_indep_qiskit_7,a70c5b796698f145c5992d324b3a0b5e28eb7301e6f306652a316a55c68f1ae8,4,classical_random_forest_hybrid,classical_random_forest,hybrid,1234,0.6728184880012122,0.6728184880012122,0.6815322660846539,predicted,
sim_common_q16_v1::ae_indep_qiskit_8,78d3420407751ab52a65abe926510d585ebd3a5d1934ac31c13b28eca5c5ee8a,4,classical_random_forest_hybrid,classical_random_forest,hybrid,1234,0.7626127499970607,0.7626127499970607,0.6953744126103358,predicted,
sim_common_q16_v1::ae_indep_qiskit_9,78ecec267502f433ab148452979221600becf679520b50ad454009e0ca097af5,3,classical_random_forest_hybrid,classical_random_forest,hybrid,1234,0.7365946390018507,0.7365946390018507,0.8936274669033749,predicted,
sim_common_q16_v1::dj_indep_qiskit_2,242786b0f7d73c715a317cbdc0725596836f08d98ecd6eb06b3b4ac4f3f563fb,4,classical_random_forest_hybrid,classical_random_forest,hybrid,1234,0.6235974270020961,0.6235974270020961,0.6434814737826802,predicted,
sim_common_q16_v1::dj_indep_qiskit_3,bc8cb33a3a242fb3ab35191a36313674faaca8fe1839cfa05d79788052424d1d,1,classical_random_forest_hybrid,classical_random_forest,hybrid,1234,0.6417426940024598,0.6417426940024598,0.6605374212486552,predicted,
sim_common_q16_v1::dj_indep_qiskit_4,3e4560adf43b5c5102bf22f235abcb9dd2ed5e34930cdb929a128226f96e4ea5,1,classical_random_forest_hybrid,classical_random_forest,hybrid,1234,0.6125353499992343,0.6125353499992343,0.6426960805278024,predicted,
sim_common_q16_v1::dj_indep_qiskit_5,f12c9439f3dfce19e2f161aed74fdafb33146528cdb8524425608579de8b6741,0,classical_random_forest_hybrid,classical_random_forest,hybrid,1234,0.6494606499982183,0.6494606499982183,0.6490822585034579,predicted,
sim_common_q16_v1::dj_indep_qiskit_6,b5736e26e119a619b687dcc0cf8065475e3805bc0c6180b480e0e36badc289db,2,classical_random_forest_hybrid,classical_random_forest,hybrid,1234,0.7272395580002922,0.7272395580002922,0.648780396429351,predicted,
sim_common_q16_v1::dj_indep_qiskit_7,9fc54c185186ff8c504ebdac4e3fa109beb4cf46f86196a3376b3153a7f72962,3,classical_random_forest_hybrid,classical_random_forest,hybrid,1234,0.6525007039999764,0.6525007039999764,0.6829773400636541,predicted,
sim_common_q16_v1::dj_indep_qiskit_9,db0e077b1674f90860a270d014aa8226822880dbf36c819dad0bea17881b7eb5,3,classical_random_forest_hybrid,classical_random_forest,hybrid,1234,0.6677595889996155,0.6677595889996155,0.8185939140214047,predicted,
sim_common_q16_v1::ghz_indep_qiskit_2,fcd9497c7764bb185a96cc8b6d1c7878851e9b87e64de7ebf47aa1d16eb3ee0a,4,classical_random_forest_hybrid,classical_random_forest,hybrid,1234,0.6328717180003878,0.6328717180003878,0.647175345247996,predicted,
sim_common_q16_v1::ghz_indep_qiskit_3,7344fd4d264c475e52edca02e3426225c78af7ed0bdaae137741a04685725a5d,2,classical_random_forest_hybrid,classical_random_forest,hybrid,1234,0.6362690579990158,0.6362690579990158,0.6408029237294556,predicted,
sim_common_q16_v1::ghz_indep_qiskit_4,01bfdd8291d6badf1219dd3bf6d7e12559976b8ccb3e67d2548e729dc0c0dc82,2,classical_random_forest_hybrid,classical_random_forest,hybrid,1234,0.6424375300011889,0.6424375300011889,0.6364189650079679,predicted,
sim_common_q16_v1::ghz_indep_qiskit_5,de4639e0b84f220ce7281521fbce5104129cc70befb85198bf93def8d4ba7a65,4,classical_random_forest_hybrid,classical_random_forest,hybrid,1234,0.6349322169990046,0.6349322169990046,0.6367129013874546,predicted,
sim_common_q16_v1::ghz_indep_qiskit_6,c67a77f55c658ad1270fd52c8cbc66319b72ceaa5ca5d4015d775b44e8edd85a,2,classical_random_forest_hybrid,classical_random_forest,hybrid,1234,0.6285922220013163,0.6285922220013163,0.6439551833352978,predicted,
sim_common_q16_v1::ghz_indep_qiskit_7,4b24f68f78c4499a295ab28caa04282d174b7ab2a6b0f5333d3bfe630df72f71,0,classical_random_forest_hybrid,classical_random_forest,hybrid,1234,0.6354831150019891,0.6354831150019891,0.7001097446684137,predicted,
sim_common_q16_v1::ghz_indep_qiskit_8,2e57556a1b12802c7368ef21e0eb8e5c9863f768a48a9a4d0771725e60b8a616,3,classical_random_forest_hybrid,classical_random_forest,hybrid,1234,0.644572266999603,0.644572266999603,0.9554900437192683,predicted,
sim_common_q16_v1::ghz_indep_qiskit_9,b5f6ad96b1eb0fc9087c079e22e8a91398b460e24d616ed0d8829247aee24f18,0,classical_random_forest_hybrid,classical_random_forest,hybrid,1234,0.7290791659979732,0.7290791659979732,0.8391187855678717,predicted,
sim_common_q16_v1::graphstate_indep_qiskit_3,51e3c5bc60da502bf92a6ed65a7c728a8b957b427652ac8fdaa002b9afc50d40,4,classical_random_forest_hybrid,classical_random_forest,hybrid,1234,0.645907268000883,0.645907268000883,0.6427208004798532,predicted,
sim_common_q16_v1::graphstate_indep_qiskit_4,13721ab5a328b17bf3f8c3692cda844a7e538a8c92530d0c1236f43d3ad5a884,3,classical_random_forest_hybrid,classical_random_forest,hybrid,1234,0.6307967300017481,0.6307967300017481,0.6389097727633417,predicted,
sim_common_q16_v1::graphstate_indep_qiskit_5,cfadb6828c07bfc2fac00ca0c9c03935e927b88961597b69936fc199a094b9ea,0,classical_random_forest_hybrid,classical_random_forest,hybrid,1234,0.6335009460017318,0.6335009460017318,0.6459764871520715,predicted,
sim_common_q16_v1::graphstate_indep_qiskit_6,7b944ad7e38d98fae66177b6c014ae2878d62bcd1765103c19941653817e7996,1,classical_random_forest_hybrid,classical_random_forest,hybrid,1234,4.12037888100167,4.12037888100167,0.8069245806297729,predicted,
sim_common_q16_v1::graphstate_indep_qiskit_7,551dfe6ad672d4157a761610fc4c1061ea844868f2106407374764552251d63a,1,classical_random_forest_hybrid,classical_random_forest,hybrid,1234,0.6352743349998491,0.6352743349998491,0.6850835843128307,predicted,
sim_common_q16_v1::graphstate_indep_qiskit_8,b6afb1122e1baece13144a1d0da78738759129107f453e9579e99e8789e057fe,3,classical_random_forest_hybrid,classical_random_forest,hybrid,1234,0.7141289200008032,0.7141289200008032,0.6624003037841785,predicted,
sim_common_q16_v1::graphstate_indep_qiskit_9,040a287609a78a55ab6148ad1a3cc6aa2fcee8b0871b077a9c1a37bee49f69fe,0,classical_random_forest_hybrid,classical_random_forest,hybrid,1234,3.4133249820006317,3.4133249820006317,0.9009240794197273,predicted,
sim_common_q16_v1::grover-noancilla_indep_qiskit_2,55746e6a2fd8d9c4b8c813443f2db46b072f75db1632dd252298c735fbc72bf0,1,classical_random_forest_hybrid,classical_random_forest,hybrid,1234,0.6316192150006827,0.6274016160023166,0.7047401917808696,predicted,
sim_common_q16_v1::grover-v-chain_indep_qiskit_2,55746e6a2fd8d9c4b8c813443f2db46b072f75db1632dd252298c735fbc72bf0,1,classical_random_forest_hybrid,classical_random_forest,hybrid,1234,0.6316192150006827,0.6358368139990489,0.7047401917808696,predicted,
sim_common_q16_v1::grover-noancilla_indep_qiskit_3,bc77f4afad8bbb19a6b320c11bc8f8110a330e395e5c509895e0b6c566cab5e9,4,classical_random_forest_hybrid,classical_random_forest,hybrid,1234,0.6336756905002403,0.6221831709990511,0.636975556845564,predicted,
sim_common_q16_v1::grover-v-chain_indep_qiskit_3,bc77f4afad8bbb19a6b320c11bc8f8110a330e395e5c509895e0b6c566cab5e9,4,classical_random_forest_hybrid,classical_random_forest,hybrid,1234,0.6336756905002403,0.6451682100014295,0.636975556845564,predicted,
sim_common_q16_v1::grover-noancilla_indep_qiskit_4,edc62038c489069da135981ccefd5c5a2f3cc0a991fa6da4defa393abdb0d2a4,4,classical_random_forest_hybrid,classical_random_forest,hybrid,1234,0.6425279779978155,0.6347441939979035,0.6761537312157927,predicted,
sim_common_q16_v1::grover-v-chain_indep_qiskit_4,edc62038c489069da135981ccefd5c5a2f3cc0a991fa6da4defa393abdb0d2a4,4,classical_random_forest_hybrid,classical_random_forest,hybrid,1234,0.6425279779978155,0.6503117619977274,0.6761537312157927,predicted,
sim_common_q16_v1::grover-noancilla_indep_qiskit_5,dd514cba6fbc94c48a3eb8f2ff2210ef74259e76e7f796394066418bfd93ee86,2,classical_random_forest_hybrid,classical_random_forest,hybrid,1234,0.6749066180018417,0.6749066180018417,0.7431357247951689,predicted,
sim_common_q16_v1::grover-noancilla_indep_qiskit_6,b6a15d3507225e442ed02c90df5179f09c529df7bf5ee38a8005cc265f4203a6,0,classical_random_forest_hybrid,classical_random_forest,hybrid,1234,0.8617562030012778,0.8617562030012778,1.6947961126491897,predicted,
sim_common_q16_v1::grover-noancilla_indep_qiskit_7,35548785a9c99b0ad9409f18dfbfc3baed0e1dcbb1d95eae8c8510dcda120410,0,classical_random_forest_hybrid,classical_random_forest,hybrid,1234,2.755100520000269,2.755100520000269,2.757173210456982,predicted,
sim_common_q16_v1::grover-noancilla_indep_qiskit_8,a3b7d67bad6cd47cb522addfaf763294b1ea99017f443c03052055a2f0074009,4,classical_random_forest_hybrid,classical_random_forest,hybrid,1234,3.8077989039993554,3.8077989039993554,4.450395345923579,predicted,
sim_common_q16_v1::grover-v-chain_indep_qiskit_5,5042c6dd513b1366c0a145850de9e534b0e38aabc818b994ab8c4b6cad7ad5c8,3,classical_random_forest_hybrid,classical_random_forest,hybrid,1234,0.6741303899980267,0.6741303899980267,0.879834220526209,predicted,
sim_common_q16_v1::grover-v-chain_indep_qiskit_7,84056291d9ff227b3c615cc378349fa1154f5a122bcd0eb6bc04045bbf3affa0,4,classical_random_forest_hybrid,classical_random_forest,hybrid,1234,1.1920864250023442,1.1920864250023442,0.9829954280384577,predicted,
sim_common_q16_v1::grover-v-chain_indep_qiskit_9,3d37464cf8c53831d2867c0c111a83e03a820e90fa26f77d01a4a85f4f9d6875,1,classical_random_forest_hybrid,classical_random_forest,hybrid,1234,3.409926619999169,3.409926619999169,1.9270218502689866,predicted,
sim_common_q16_v1::portfolioqaoa_indep_qiskit_3,47e6743e95c380a13dc5947d9e9b3db26e541efabd4a27134ff26aa14c00ba7d,1,classical_random_forest_hybrid,classical_random_forest,hybrid,1234,0.6487017560029926,0.6487017560029926,0.6564728311520128,predicted,
sim_common_q16_v1::portfolioqaoa_indep_qiskit_4,568570a69663949a1aaac2fe16e74d3d065c7a8e6013e21368a9d8add886d6dc,2,classical_random_forest_hybrid,classical_random_forest,hybrid,1234,0.6451116749994981,0.6451116749994981,0.701123623296418,predicted,
sim_common_q16_v1::portfolioqaoa_indep_qiskit_5,0f7836c0a3a429dd9b4f2b55a4fab5d6d112458814cb34efb22309ec614c801f,2,classical_random_forest_hybrid,classical_random_forest,hybrid,1234,0.6517559040003107,0.6517559040003107,0.7376481890240953,predicted,
sim_common_q16_v1::portfolioqaoa_indep_qiskit_6,4dd5e72918722dff3c88e277e20e3ecc1e06dfd0601343e784eeb454470800b7,4,classical_random_forest_hybrid,classical_random_forest,hybrid,1234,0.6879031880016555,0.6879031880016555,0.7413733435487384,predicted,
sim_common_q16_v1::portfolioqaoa_indep_qiskit_7,f8d88243c9d36e41e0eedeff4898e325d59ba4d8ceb4b81c7b48757ade1e94b4,0,classical_random_forest_hybrid,classical_random_forest,hybrid,1234,0.8747539370015147,0.8747539370015147,0.7729765332022003,predicted,
sim_common_q16_v1::portfolioqaoa_indep_qiskit_8,2372d3228c3e3e38e3351feb553380bce5a543c936f73a400de0e54ab470599a,1,classical_random_forest_hybrid,classical_random_forest,hybrid,1234,0.7452616640002816,0.7452616640002816,0.9010193639884734,predicted,
sim_common_q16_v1::portfolioqaoa_indep_qiskit_9,a53b2a3a1ba8397a96b487c44f825f3cab2e0c714b69298f2ab0a839975b173c,0,classical_random_forest_hybrid,classical_random_forest,hybrid,1234,1.0392779800022254,1.0392779800022254,1.2924785124060887,predicted,
sim_common_q16_v1::portfoliovqe_indep_qiskit_3,4b5542071ea595cd62184de26c4f1dac3f6afa86f6450f50a28dbe8e1f865257,0,classical_random_forest_hybrid,classical_random_forest,hybrid,1234,0.6282423720003862,0.6282423720003862,0.6727694234152111,predicted,
sim_common_q16_v1::portfoliovqe_indep_qiskit_4,36bb1354ff108648bc8c9c529a2002a53a68e4bfa9bf3529edce11e5d47f851f,0,classical_random_forest_hybrid,classical_random_forest,hybrid,1234,0.6387674009965849,0.6387674009965849,0.7093442375784536,predicted,
sim_common_q16_v1::portfoliovqe_indep_qiskit_5,28b9eac87132bbff64970708737a94c408cfa435ce16cd395a57ab6fbfe5a6f7,2,classical_random_forest_hybrid,classical_random_forest,hybrid,1234,0.7472729069995694,0.7472729069995694,0.6859466582813257,predicted,
sim_common_q16_v1::portfoliovqe_indep_qiskit_6,7dafebd46e73b9b279f1ef96da32f7d563de3721b856b4570375ab81951e06fc,0,classical_random_forest_hybrid,classical_random_forest,hybrid,1234,0.672533150001982,0.672533150001982,0.7499270573814223,predicted,
sim_common_q16_v1::portfoliovqe_indep_qiskit_7,99e0865dc3fced630c02b5b2710b24fd9257ba31d54112cde08a769e974f53c4,3,classical_random_forest_hybrid,classical_random_forest,hybrid,1234,0.7434713800030295,0.7434713800030295,0.7492903329432923,predicted,
sim_common_q16_v1::portfoliovqe_indep_qiskit_8,eb43007109ad9707544629854cfc7259b0e6aa70c5a618cedacbb7d26dd746a0,0,classical_random_forest_hybrid,classical_random_forest,hybrid,1234,0.7341747549980937,0.7341747549980937,0.7757016230336781,predicted,
sim_common_q16_v1::portfoliovqe_indep_qiskit_9,615d076a941f3eec9d225a20b894c8d30a0c90d4834d03fa0ebd5d13e4b46ded,2,classical_random_forest_hybrid,classical_random_forest,hybrid,1234,1.0230367410003964,1.0230367410003964,1.0237744442658685,predicted,
sim_common_q16_v1::qaoa_indep_qiskit_3,45ca196e391297302c92dc6ea0fd119efa62b2ee88e3b85260561e5fbafa7400,3,classical_random_forest_hybrid,classical_random_forest,hybrid,1234,0.6362355410019518,0.6362355410019518,0.6387896746918631,predicted,
sim_common_q16_v1::qaoa_indep_qiskit_4,9649572da691c86252b1620cba73350902b9ba3cf4dbdb3fb2e3531588da98c4,1,classical_random_forest_hybrid,classical_random_forest,hybrid,1234,0.6444687240000349,0.6444687240000349,0.649157459261407,predicted,
sim_common_q16_v1::qaoa_indep_qiskit_5,f2ce48d725be79c1ea5cbfeb36811261c4e74460588e911c3b2916a9303c1cf5,0,classical_random_forest_hybrid,classical_random_forest,hybrid,1234,0.6301084189981339,0.6301084189981339,0.7238134201519337,predicted,
sim_common_q16_v1::qaoa_indep_qiskit_6,6a475a20ac3d09839e2b43104ca187037db5ff813b811e0d7356adac93d25244,1,classical_random_forest_hybrid,classical_random_forest,hybrid,1234,0.6421520209987648,0.6421520209987648,0.6676910647668917,predicted,
sim_common_q16_v1::qaoa_indep_qiskit_7,8e1c1014680274215f87d97c833f99474ed19b3393b2b8eea20a36bde517708b,4,classical_random_forest_hybrid,classical_random_forest,hybrid,1234,0.6511161570015247,0.6511161570015247,0.7667317984019314,predicted,
sim_common_q16_v1::qaoa_indep_qiskit_8,0a43c652a1c92c83389d952438c22aa0d890a611333da29499d6ff1733925b21,0,classical_random_forest_hybrid,classical_random_forest,hybrid,1234,0.6687408600009803,0.6687408600009803,1.1942022852722902,predicted,
sim_common_q16_v1::qaoa_indep_qiskit_9,a4a7b8b8d556570de9ea2db286aaa4245fa50f4619f25f0f7414b16d503458d8,1,classical_random_forest_hybrid,classical_random_forest,hybrid,1234,17.55494177699802,17.55494177699802,0.9390309525402573,predicted,
sim_common_q16_v1::qft_indep_qiskit_2,aa91238ec5978b739b87b3a657746a8786de113397a5abeadf726d1dd9c836b3,2,classical_random_forest_hybrid,classical_random_forest,hybrid,1234,0.7182261369998741,0.7182261369998741,0.645552791883411,predicted,
sim_common_q16_v1::qft_indep_qiskit_3,7f613ccae98ac8124d086ee9a39d94b1ed019520da8c3277395b109fd22d7d4d,4,classical_random_forest_hybrid,classical_random_forest,hybrid,1234,0.638093072000629,0.638093072000629,0.6421792910673286,predicted,
sim_common_q16_v1::qft_indep_qiskit_4,ea84355871fa77560419766f8000de4dcb0eea29468bcb0d89a1c84edff34f61,0,classical_random_forest_hybrid,classical_random_forest,hybrid,1234,0.6269083859988314,0.6269083859988314,0.6485120587760758,predicted,
sim_common_q16_v1::qft_indep_qiskit_5,0285fd21a0dd1ca29cd386de85a1a8af49cc7d71f5c86f6451b55a11c68864a8,3,classical_random_forest_hybrid,classical_random_forest,hybrid,1234,0.6442288310026925,0.6442288310026925,0.6629506523990552,predicted,
sim_common_q16_v1::qft_indep_qiskit_6,cbe1ca5505b485bd87b2e68f2b38ecae377e29f823c30e4c44d3f5f87d4266f7,1,classical_random_forest_hybrid,classical_random_forest,hybrid,1234,0.651070706997416,0.651070706997416,0.689272602635748,predicted,
sim_common_q16_v1::qft_indep_qiskit_7,01de4bb89da48a3fc09c31d41d509c1446c6a4a3b329612c5baf0d39c56a922e,1,classical_random_forest_hybrid,classical_random_forest,hybrid,1234,0.6848869749992446,0.6848869749992446,0.7038487791822221,predicted,
sim_common_q16_v1::qft_indep_qiskit_8,e4664972befc3ffed396f3842bf910be22c2fbe7f293d3c295b971dfe094d398,3,classical_random_forest_hybrid,classical_random_forest,hybrid,1234,0.6876082300004782,0.6876082300004782,0.7011754862697797,predicted,
sim_common_q16_v1::qft_indep_qiskit_9,e0c3acec67c0fb535add575a46e01889b30ec7970005214fd2188b94ae3a55a5,0,classical_random_forest_hybrid,classical_random_forest,hybrid,1234,0.7909492459984904,0.7909492459984904,0.8150705987464766,predicted,
sim_common_q16_v1::qftentangled_indep_qiskit_2,02d66e8b66849fdd0f0581b84924adbd1bd2d7603e25e5e9faa447ac2a6708d0,2,classical_random_forest_hybrid,classical_random_forest,hybrid,1234,0.6421512939996319,0.6421512939996319,0.6467675544360219,predicted,
sim_common_q16_v1::qftentangled_indep_qiskit_3,5ab4253ed51b729f331c9f3cc78bfecd3ecb2fed2e98818816bf3f64e22f1bfe,2,classical_random_forest_hybrid,classical_random_forest,hybrid,1234,0.6430523449998873,0.6430523449998873,0.6508082114111527,predicted,
sim_common_q16_v1::qftentangled_indep_qiskit_4,d7a22ac29418bcf9f00346732fe1b985f8e0b9df60273404dabbf4a62027715f,0,classical_random_forest_hybrid,classical_random_forest,hybrid,1234,0.718577378000191,0.718577378000191,0.6517924935328385,predicted,
sim_common_q16_v1::qftentangled_indep_qiskit_5,4ee5846eef239e2b0e0d3f950f78b5b4b8af213f0063eb50be6bf50bdbb4385d,4,classical_random_forest_hybrid,classical_random_forest,hybrid,1234,0.711588597001537,0.711588597001537,0.6602091569230799,predicted,
sim_common_q16_v1::qftentangled_indep_qiskit_6,7c8832728feaaf34fac1fda49dfcbfbf655902b5b4eb3f1b11e43f21d15de5bf,2,classical_random_forest_hybrid,classical_random_forest,hybrid,1234,0.6466906070018013,0.6466906070018013,0.68934461921832,predicted,
sim_common_q16_v1::qftentangled_indep_qiskit_7,f0e0170b510412a7e964e82f14793115a9e53a1b250283a74abd893a45b5f20e,3,classical_random_forest_hybrid,classical_random_forest,hybrid,1234,0.7955734110000776,0.7955734110000776,0.6887898876500544,predicted,
sim_common_q16_v1::qftentangled_indep_qiskit_8,8711737782301f568af1980707e62c989655488357aa858d6c63bb8e206ae4fc,4,classical_random_forest_hybrid,classical_random_forest,hybrid,1234,0.6800704039997072,0.6800704039997072,0.7703107255285253,predicted,
sim_common_q16_v1::qftentangled_indep_qiskit_9,fea8eb37e38bc24d3352d9446471b5cf8f6b8af6ae4c0f931d5942564936274c,3,classical_random_forest_hybrid,classical_random_forest,hybrid,1234,0.8116922409972176,0.8116922409972176,0.8492006008345379,predicted,
sim_common_q16_v1::qnn_indep_qiskit_2,3c0ed99f7e5a0409bdadc636b8b7a5dd911304ccbe2e87b32589b91dd44a6a5a,3,classical_random_forest_hybrid,classical_random_forest,hybrid,1234,0.6364995420008199,0.6364995420008199,0.6545529744521441,predicted,
sim_common_q16_v1::qnn_indep_qiskit_3,15e80264fdff1398ab38bbd9144f853a3a2317e95163fda15a1e9ec2657beecb,3,classical_random_forest_hybrid,classical_random_forest,hybrid,1234,0.7232230859990523,0.7232230859990523,0.6477397852513377,predicted,
sim_common_q16_v1::qnn_indep_qiskit_4,451bd8177acaca0301a8bb4d61cb192f26dce1f81d8ab04ca0aded562d525c58,1,classical_random_forest_hybrid,classical_random_forest,hybrid,1234,0.6316140970011475,0.6316140970011475,0.6784760575648616,predicted,
sim_common_q16_v1::qnn_indep_qiskit_5,d506e52d304853cd9e55834d3112505279aa22e89e70aa7c00dfc57caad3c72c,0,classical_random_forest_hybrid,classical_random_forest,hybrid,1234,0.6502378280019911,0.6502378280019911,0.6749049069164548,predicted,
sim_common_q16_v1::qnn_indep_qiskit_6,720a3cec5f9b39a53aa0d59f0ecc24f42f2948fbe56164a033262c628e2ba875,1,classical_random_forest_hybrid,classical_random_forest,hybrid,1234,0.6810264529995038,0.6810264529995038,0.7367687536514365,predicted,
sim_common_q16_v1::qnn_indep_qiskit_7,6cf91acdbcfc0321d1ffcee7c2197fec29f2b9dd83e7c3b56dbe8d583332ccdb,1,classical_random_forest_hybrid,classical_random_forest,hybrid,1234,0.7633359889987332,0.7633359889987332,0.7564405497983875,predicted,
sim_common_q16_v1::qnn_indep_qiskit_8,f76953672a13f3e92397fe3586ff6557882560261e995147a67b931d701c7fcf,4,classical_random_forest_hybrid,classical_random_forest,hybrid,1234,0.8227666269995098,0.8227666269995098,0.794470181100511,predicted,
sim_common_q16_v1::qnn_indep_qiskit_9,4df5b36e58378649053c461bf5ee1478fa114ac65c0c14551536b820ce8eafc7,1,classical_random_forest_hybrid,classical_random_forest,hybrid,1234,0.9238195639991318,0.9238195639991318,0.9094623143044673,predicted,
sim_common_q16_v1::qpeexact_indep_qiskit_2,0a43a3dbe4a4294a007fa7ec167a24ea300d3762489b98245c2f80ad29727075,0,classical_random_forest_hybrid,classical_random_forest,hybrid,1234,0.6283055000021704,0.6283055000021704,0.632466713688093,predicted,
sim_common_q16_v1::qpeexact_indep_qiskit_3,56289d5fdefe63c89244b0849f2e22753ce30832776d74b79de4603006db32f4,4,classical_random_forest_hybrid,classical_random_forest,hybrid,1234,0.7184256109976559,0.7184256109976559,0.6412863519626502,predicted,
sim_common_q16_v1::qpeexact_indep_qiskit_4,af7e7c49ba06f5c554580173d3dcd73bc9d5a9dd9c6e3d3cd8c94d494fa4b969,2,classical_random_forest_hybrid,classical_random_forest,hybrid,1234,0.6284069449975505,0.6284069449975505,0.6478053322552785,predicted,
sim_common_q16_v1::qpeexact_indep_qiskit_5,7478da09664f4489c33c18a6ea1974cc9dea86d1adda1f912c3eaeff27c2d5fa,0,classical_random_forest_hybrid,classical_random_forest,hybrid,1234,0.6475399470000411,0.6475399470000411,0.6481099539968218,predicted,
sim_common_q16_v1::qpeexact_indep_qiskit_6,abe368f160ce73db792b3af14a6e120eda4838b15f01376daa204a680d07c5bc,2,classical_random_forest_hybrid,classical_random_forest,hybrid,1234,0.6475595259980764,0.6475595259980764,0.6565852353316143,predicted,
sim_common_q16_v1::qpeexact_indep_qiskit_7,d06936015124a75ae15e1f94eeb54cc51ab24596726b8110765a69ba66d0e80a,0,classical_random_forest_hybrid,classical_random_forest,hybrid,1234,0.6782379760006734,0.6782379760006734,0.6835653055369965,predicted,
sim_common_q16_v1::qpeexact_indep_qiskit_8,5d3cc38ff0e2b9054c927b6309c6a8dfaba491733eab08b06cc06f2d333da23d,4,classical_random_forest_hybrid,classical_random_forest,hybrid,1234,0.686445900999388,0.686445900999388,0.6941565421705298,predicted,
sim_common_q16_v1::qpeexact_indep_qiskit_9,31f7b2533d8a3c05d59b44a9b2d93f44bc48da630d1884cf9df0012199e10a74,1,classical_random_forest_hybrid,classical_random_forest,hybrid,1234,0.7935242480016313,0.7935242480016313,0.9234060531016375,predicted,
sim_common_q16_v1::qpeinexact_indep_qiskit_2,acacd76111e7f23e4224342ca0ab5340b1bdaad3b6eba8893e4036ba14896362,1,classical_random_forest_hybrid,classical_random_forest,hybrid,1234,0.6258419089972449,0.6258419089972449,0.6407470374107149,predicted,
sim_common_q16_v1::qpeinexact_indep_qiskit_3,afa0cd93480bae81feca2afdcb909ab13c2934f76b139c27872b18658e5c1f28,2,classical_random_forest_hybrid,classical_random_forest,hybrid,1234,0.6425586090008437,0.6425586090008437,0.6563991340817863,predicted,
sim_common_q16_v1::qpeinexact_indep_qiskit_4,1d76cd981622e5ca02125654d00534f3aec623bbb2b95b7ea894049f76916577,4,classical_random_forest_hybrid,classical_random_forest,hybrid,1234,0.6402722480015655,0.6402722480015655,0.6472404344384703,predicted,
sim_common_q16_v1::qpeinexact_indep_qiskit_5,f37f599f25c5024b4069e866a31563a6daf0b1495d17d25343f7b3cfac1169ee,1,classical_random_forest_hybrid,classical_random_forest,hybrid,1234,0.6406791050030733,0.6406791050030733,0.6535488005691336,predicted,
sim_common_q16_v1::qpeinexact_indep_qiskit_6,c658b0f6c564cc6b7d6d48105e5567caf0660181ca2dbad8b9bdbdd353962fd6,0,classical_random_forest_hybrid,classical_random_forest,hybrid,1234,0.6522649979997368,0.6522649979997368,0.6700021946310701,predicted,
sim_common_q16_v1::qpeinexact_indep_qiskit_7,093af0605e834bf0a4f2aef0b46600d12c6b1c913e791fb13e2513048a6b1c70,4,classical_random_forest_hybrid,classical_random_forest,hybrid,1234,0.7007861210004194,0.7007861210004194,0.677980054465422,predicted,
sim_common_q16_v1::qpeinexact_indep_qiskit_8,82da8e687716ed31c95e72560edb07e7f6073a5be0f5ebffb17d22aff22c81fd,0,classical_random_forest_hybrid,classical_random_forest,hybrid,1234,0.6688155289994029,0.6688155289994029,0.6973451437930963,predicted,
sim_common_q16_v1::qpeinexact_indep_qiskit_9,81a66b1daaf97d148a8a075515daf8702349d257883a1dd88e26993c1622351f,3,classical_random_forest_hybrid,classical_random_forest,hybrid,1234,0.8898592920013471,0.8898592920013471,0.8678899917777277,predicted,
sim_common_q16_v1::qwalk-noancilla_indep_qiskit_3,9110b8773ad1c544b5ec91feaaa99c96975f7577fe6966b0f0df52dab84bef92,4,classical_random_forest_hybrid,classical_random_forest,hybrid,1234,0.6806762745000015,0.6374438919992826,0.6796683282302542,predicted,
sim_common_q16_v1::qwalk-v-chain_indep_qiskit_3,9110b8773ad1c544b5ec91feaaa99c96975f7577fe6966b0f0df52dab84bef92,4,classical_random_forest_hybrid,classical_random_forest,hybrid,1234,0.6806762745000015,0.7239086570007203,0.6796683282302542,predicted,
sim_common_q16_v1::qwalk-noancilla_indep_qiskit_4,2df018ddcd5f44fd33cd5d80af349db5f84e36d6a5f905ef4611e5e5cc0d03f4,4,classical_random_forest_hybrid,classical_random_forest,hybrid,1234,0.6810126529999252,0.6810126529999252,0.8960483845422591,predicted,
sim_common_q16_v1::qwalk-noancilla_indep_qiskit_5,7e02b8d5bbea94c5e0eabb2edd6a74e15949ae6b737fabb55e66a61d47181912,4,classical_random_forest_hybrid,classical_random_forest,hybrid,1234,0.7063868340010231,0.7063868340010231,1.075691476351902,predicted,
sim_common_q16_v1::qwalk-noancilla_indep_qiskit_6,97bdbd3569346cfa4a289ced5de0f3280a495266d423a3af48650bf01484b9be,0,classical_random_forest_hybrid,classical_random_forest,hybrid,1234,1.015744493000966,1.015744493000966,2.0531581006504105,predicted,
sim_common_q16_v1::qwalk-noancilla_indep_qiskit_7,73abe6179f1e84e36777e1d953028143ee3ff00662ddb793d55022d9344b4940,2,classical_random_forest_hybrid,classical_random_forest,hybrid,1234,2.998404195997864,2.998404195997864,2.9041481915595333,predicted,
sim_common_q16_v1::qwalk-noancilla_indep_qiskit_8,b23a0318d268fcffc78b4f6ce920c98f33487ec34a71cf7b6225b9b6eb93f1bb,4,classical_random_forest_hybrid,classical_random_forest,hybrid,1234,3.649332992998097,3.649332992998097,4.659402338736158,predicted,
sim_common_q16_v1::qwalk-noancilla_indep_qiskit_9,e8037a4f622df36c65c0e756e11a6c6e3b8b40fbabaffb6cd59ff1cc79f49063,0,classical_random_forest_hybrid,classical_random_forest,hybrid,1234,18.4117178100023,18.4117178100023,2.958258761779471,predicted,
sim_common_q16_v1::qwalk-v-chain_indep_qiskit_5,72fb5f837aaa2bec862c3a477efd166f351b72903612c32d444704a431457f4d,0,classical_random_forest_hybrid,classical_random_forest,hybrid,1234,0.6463327589990513,0.6463327589990513,0.7956731873890012,predicted,
sim_common_q16_v1::qwalk-v-chain_indep_qiskit_7,3d8107599f669ba102c734a8796433a6a348197dd98a74c63f172d7790b5c9a2,2,classical_random_forest_hybrid,classical_random_forest,hybrid,1234,0.984092689002864,0.984092689002864,0.933537918506453,predicted,
sim_common_q16_v1::qwalk-v-chain_indep_qiskit_9,8650fb4f2d0816cd59c97df1ed4051936ecb3b5c31d39ba97cdc5cd2af374a8a,4,classical_random_forest_hybrid,classical_random_forest,hybrid,1234,1.861087077002594,1.861087077002594,1.0449823671963172,predicted,
sim_common_q16_v1::random_indep_qiskit_2,433844fca892218b1218ca028aafb0eddf1929d5ca52fdea53b3cb324e4055bd,1,classical_random_forest_hybrid,classical_random_forest,hybrid,1234,0.6350642280012835,0.6350642280012835,0.6466048124795163,predicted,
sim_common_q16_v1::random_indep_qiskit_3,d7ecd343052e510bdf5fa0f67f2fdbc3ee5ddccd19f39548c2853114a94dece2,4,classical_random_forest_hybrid,classical_random_forest,hybrid,1234,0.6280151889986882,0.6280151889986882,0.6470248203569289,predicted,
sim_common_q16_v1::random_indep_qiskit_4,212e0f8a693a745c9fc792b876e7be6ddb0ba051c1b0f558e0819e1437a8a2fb,2,classical_random_forest_hybrid,classical_random_forest,hybrid,1234,0.7269409180007642,0.7269409180007642,0.6625946379261076,predicted,
sim_common_q16_v1::random_indep_qiskit_5,8f11cd416ae9672f06a39e5ee3a27a70bcbf31d7177cb47270c0cd8512c95381,1,classical_random_forest_hybrid,classical_random_forest,hybrid,1234,0.7345396679993428,0.7345396679993428,0.7047953154322357,predicted,
sim_common_q16_v1::random_indep_qiskit_6,4d5b55eb4b8a0aea0af4bde721618cbe79ed66e0636398ffddc79ace483672a6,3,classical_random_forest_hybrid,classical_random_forest,hybrid,1234,0.6658408169969334,0.6658408169969334,0.6964498253486521,predicted,
sim_common_q16_v1::random_indep_qiskit_7,8ffee9c3a3af1aeaa766f38df57fcb62de5efa16d7f328d60a8977cb0da39e22,0,classical_random_forest_hybrid,classical_random_forest,hybrid,1234,0.7144554340011382,0.7144554340011382,0.7279939403269134,predicted,
sim_common_q16_v1::random_indep_qiskit_8,fa595f88d0ab98542a799af4492f53b2a5e2e88ebc442a9b508abac209d0afcc,3,classical_random_forest_hybrid,classical_random_forest,hybrid,1234,0.6867609079999966,0.6867609079999966,0.7750133724988734,predicted,
sim_common_q16_v1::random_indep_qiskit_9,93eff191c23e0c3d13a127f38595909e7092290f5119c9be24a1ccc61fff5767,1,classical_random_forest_hybrid,classical_random_forest,hybrid,1234,0.9196448500006228,0.9196448500006228,0.915164325755251,predicted,
sim_common_q16_v1::realamprandom_indep_qiskit_2,806f1844d225682cd7d5d0b276b5567caa23697f73064d8a20347024bb03fe40,1,classical_random_forest_hybrid,classical_random_forest,hybrid,1234,0.6811683435007581,0.7270244620012818,0.6532102694967139,predicted,
sim_common_q16_v1::twolocalrandom_indep_qiskit_2,806f1844d225682cd7d5d0b276b5567caa23697f73064d8a20347024bb03fe40,1,classical_random_forest_hybrid,classical_random_forest,hybrid,1234,0.6811683435007581,0.6353122250002343,0.6532102694967139,predicted,
sim_common_q16_v1::realamprandom_indep_qiskit_3,79b8fdfbfe6897a226612f9b9e27a4533aac4b48258335fb7746c5f10989cedc,3,classical_random_forest_hybrid,classical_random_forest,hybrid,1234,0.6289825359999668,0.6333517960010795,0.6392682968517676,predicted,
sim_common_q16_v1::twolocalrandom_indep_qiskit_3,79b8fdfbfe6897a226612f9b9e27a4533aac4b48258335fb7746c5f10989cedc,3,classical_random_forest_hybrid,classical_random_forest,hybrid,1234,0.6289825359999668,0.6246132759988541,0.6392682968517676,predicted,
sim_common_q16_v1::realamprandom_indep_qiskit_4,187d76ac82884dc3202418b0e06077eec26afed0c625b228d76b4416e6bfa480,3,classical_random_forest_hybrid,classical_random_forest,hybrid,1234,0.690793351001048,0.6371145330012951,0.653015491399588,predicted,
sim_common_q16_v1::twolocalrandom_indep_qiskit_4,187d76ac82884dc3202418b0e06077eec26afed0c625b228d76b4416e6bfa480,3,classical_random_forest_hybrid,classical_random_forest,hybrid,1234,0.690793351001048,0.7444721690008009,0.653015491399588,predicted,
sim_common_q16_v1::realamprandom_indep_qiskit_5,8d3b3ff10a3a80d0dda4e7043cce2b222aaf9e3cc19caa194b8e87da40266ac5,3,classical_random_forest_hybrid,classical_random_forest,hybrid,1234,0.6970405395004491,0.6386868430017785,0.7130123891783839,predicted,
sim_common_q16_v1::twolocalrandom_indep_qiskit_5,8d3b3ff10a3a80d0dda4e7043cce2b222aaf9e3cc19caa194b8e87da40266ac5,3,classical_random_forest_hybrid,classical_random_forest,hybrid,1234,0.6970405395004491,0.7553942359991197,0.7130123891783839,predicted,
sim_common_q16_v1::realamprandom_indep_qiskit_6,c9931425f0767057491a7e6ab8f1ed937fde917a862097440f57606892bddde9,0,classical_random_forest_hybrid,classical_random_forest,hybrid,1234,0.7250354759999027,0.669643510998867,0.7388563792764724,predicted,
sim_common_q16_v1::twolocalrandom_indep_qiskit_6,c9931425f0767057491a7e6ab8f1ed937fde917a862097440f57606892bddde9,0,classical_random_forest_hybrid,classical_random_forest,hybrid,1234,0.7250354759999027,0.7804274410009384,0.7388563792764724,predicted,
sim_common_q16_v1::realamprandom_indep_qiskit_7,af19d23c83544c8b7f6be5c42e0254336c9902c1ef454c06b9d45c4582d2fd3d,2,classical_random_forest_hybrid,classical_random_forest,hybrid,1234,0.7604988409984799,0.7463375029983581,0.7521687371363003,predicted,
sim_common_q16_v1::twolocalrandom_indep_qiskit_7,af19d23c83544c8b7f6be5c42e0254336c9902c1ef454c06b9d45c4582d2fd3d,2,classical_random_forest_hybrid,classical_random_forest,hybrid,1234,0.7604988409984799,0.7746601789986016,0.7521687371363003,predicted,
sim_common_q16_v1::realamprandom_indep_qiskit_8,8ea085ea0c0185c560746ab5988221e203c457e2afbb475976fb99f718e2dad1,4,classical_random_forest_hybrid,classical_random_forest,hybrid,1234,0.7514831415010121,0.7581430490026833,0.7590775643363316,predicted,
sim_common_q16_v1::twolocalrandom_indep_qiskit_8,8ea085ea0c0185c560746ab5988221e203c457e2afbb475976fb99f718e2dad1,4,classical_random_forest_hybrid,classical_random_forest,hybrid,1234,0.7514831415010121,0.744823233999341,0.7590775643363316,predicted,
sim_common_q16_v1::realamprandom_indep_qiskit_9,bdd8a427e9747bbc01ad8e77a22d61f0314fe8db0de17786839f2193ab0928bd,0,classical_random_forest_hybrid,classical_random_forest,hybrid,1234,1.027857403500093,1.0256131179994554,1.2211212357580654,predicted,
sim_common_q16_v1::twolocalrandom_indep_qiskit_9,bdd8a427e9747bbc01ad8e77a22d61f0314fe8db0de17786839f2193ab0928bd,0,classical_random_forest_hybrid,classical_random_forest,hybrid,1234,1.027857403500093,1.0301016890007304,1.2211212357580654,predicted,
sim_common_q16_v1::su2random_indep_qiskit_2,66c9180a271ec04f728ab259ed86a24fe52676e6f40a7614b02f79fd13536c91,0,classical_random_forest_hybrid,classical_random_forest,hybrid,1234,0.73017823400005,0.73017823400005,0.669836702399597,predicted,
sim_common_q16_v1::su2random_indep_qiskit_3,c69c35c09a4dcfe7dd09af0b73be8e5f608531bf0baadd794f6861bcf237e40c,3,classical_random_forest_hybrid,classical_random_forest,hybrid,1234,0.7221970069986128,0.7221970069986128,0.6442538175428911,predicted,
sim_common_q16_v1::su2random_indep_qiskit_4,7fabc879bc998db5c05d7cc5b83db2d1704d7587139b714da9cf82639f4f093e,4,classical_random_forest_hybrid,classical_random_forest,hybrid,1234,0.6280798560001131,0.6280798560001131,0.6996822507413702,predicted,
sim_common_q16_v1::su2random_indep_qiskit_5,c1572e3b6e41c965a5943c21ceacdbad56fc868b4ee02ff4ef8af2d2054a0602,2,classical_random_forest_hybrid,classical_random_forest,hybrid,1234,0.7392793660001189,0.7392793660001189,0.6893631843497201,predicted,
sim_common_q16_v1::su2random_indep_qiskit_6,2f497b92b87e3e9f44c1ae23dfbffc7309c1550756e6829eb694d42dd4f2ed03,4,classical_random_forest_hybrid,classical_random_forest,hybrid,1234,0.7643177909994847,0.7643177909994847,0.7185405956751778,predicted,
sim_common_q16_v1::su2random_indep_qiskit_7,4f2368cad1a087f01b7598f13a9afa3b7cea2d6f9e96f79eb390f62213c97af7,2,classical_random_forest_hybrid,classical_random_forest,hybrid,1234,0.7721899220014166,0.7721899220014166,0.7747685619778857,predicted,
sim_common_q16_v1::su2random_indep_qiskit_8,3157278e31c54e80e45de35bfb793aac89eb413e21aabe08b2e0e140de8c0d39,3,classical_random_forest_hybrid,classical_random_forest,hybrid,1234,0.738525782002398,0.738525782002398,0.7624710235567491,predicted,
sim_common_q16_v1::su2random_indep_qiskit_9,c6ee0cb7c958cecf010796ce2ad0bb148b9fd660dd52393972c541d9ae422eca,4,classical_random_forest_hybrid,classical_random_forest,hybrid,1234,1.0278606899992155,1.0278606899992155,1.0223207903677143,predicted,
sim_common_q16_v1::vqe_indep_qiskit_3,92c02520f591e3d46218c6839b62acb2a1d5fbcc2ceba197b9265653f1737b24,4,classical_random_forest_hybrid,classical_random_forest,hybrid,1234,0.6360782570009178,0.6360782570009178,0.6547851100802962,predicted,
sim_common_q16_v1::vqe_indep_qiskit_4,23a9403cafedb94bbd2f39d4d9106aca7f890047719b80231d86ac9fb8382383,0,classical_random_forest_hybrid,classical_random_forest,hybrid,1234,0.633112699000776,0.633112699000776,0.643050139243968,predicted,
sim_common_q16_v1::vqe_indep_qiskit_5,8c7594c05053bb7af0015bd637170a669e9d39c1da6edce6a769992b6ef5c9cb,0,classical_random_forest_hybrid,classical_random_forest,hybrid,1234,0.7155582859995775,0.7155582859995775,0.649708520881545,predicted,
sim_common_q16_v1::vqe_indep_qiskit_6,58501be4f197f4efd57535977a245f6adb39216116363b46836664cd6ca29e10,2,classical_random_forest_hybrid,classical_random_forest,hybrid,1234,0.6403484270012996,0.6403484270012996,0.686378379266964,predicted,
sim_common_q16_v1::vqe_indep_qiskit_7,63b92ee6c5b54da107e9016de97e2cb7768bfb970ebc025650706533e47d3caf,2,classical_random_forest_hybrid,classical_random_forest,hybrid,1234,0.739464948001114,0.739464948001114,0.6796648968781935,predicted,
sim_common_q16_v1::vqe_indep_qiskit_8,6e066adb38de82d96650b3f806e398374e88912fd4688ab9c98f3c94dcd33e16,4,classical_random_forest_hybrid,classical_random_forest,hybrid,1234,0.6498198089975631,0.6498198089975631,0.7266336181462367,predicted,
sim_common_q16_v1::vqe_indep_qiskit_9,bbafe35368c1a915635c383f6aaa4ec709a7c6e055550875d4de11ca0983dbb5,4,classical_random_forest_hybrid,classical_random_forest,hybrid,1234,0.6784349429981376,0.6784349429981376,0.771336336729205,predicted,
sim_common_q16_v1::wstate_indep_qiskit_2,75b1db396e34d1f1b234ea8dcdc253203a770cecce7f48bb8a126860723c43df,1,classical_random_forest_hybrid,classical_random_forest,hybrid,1234,0.6422257209997042,0.6422257209997042,0.650221121401851,predicted,
sim_common_q16_v1::wstate_indep_qiskit_3,50a5fc62010017f60b77f8c81e9ddf9bd95419be272d2ec5ed1445aae0c7ac92,3,classical_random_forest_hybrid,classical_random_forest,hybrid,1234,0.6512624009992578,0.6512624009992578,0.6458978980138121,predicted,
sim_common_q16_v1::wstate_indep_qiskit_4,387f2f6f12a10e034ae5b68c11336a9874e87f20871579eec585bfd7311f38c8,4,classical_random_forest_hybrid,classical_random_forest,hybrid,1234,0.629814787000214,0.629814787000214,0.6352930448225356,predicted,
sim_common_q16_v1::wstate_indep_qiskit_5,dc97062e3adcbcaf813cae5e970c8a0357a239b8d4a09e77a4e3e4625532d209,1,classical_random_forest_hybrid,classical_random_forest,hybrid,1234,0.6107438010003534,0.6107438010003534,0.6581365323054122,predicted,
sim_common_q16_v1::wstate_indep_qiskit_6,dbfb4dd8bf80cda30461759a3169ec60ac535a27409cf938f691179c6a121ebd,0,classical_random_forest_hybrid,classical_random_forest,hybrid,1234,0.7103313010011334,0.7103313010011334,0.6422755295358881,predicted,
sim_common_q16_v1::wstate_indep_qiskit_7,1dab21c93a580f711efff03a0f4a1d82985cf201219e886ab246e03a9011735c,1,classical_random_forest_hybrid,classical_random_forest,hybrid,1234,0.6361640809991513,0.6361640809991513,0.7049652721681092,predicted,
sim_common_q16_v1::wstate_indep_qiskit_8,e2fba21685e6e7d22d625d8babcc9c51a8911815153e52fc89277e0efe117045,3,classical_random_forest_hybrid,classical_random_forest,hybrid,1234,0.7347158170014154,0.7347158170014154,0.6763037581468462,predicted,
sim_common_q16_v1::wstate_indep_qiskit_9,84c07c56eef046e3c72823b20fb674075b1ab68a85dc6a06baf7f35983e2bd17,2,classical_random_forest_hybrid,classical_random_forest,hybrid,1234,0.6752045199973509,0.6752045199973509,0.8039860469103581,predicted,
sim_common_q16_v1::ae_indep_qiskit_2,de56c0798eca25bd1510d4d10f11e996f0bad2a11ce94a265da0635c161cbcae,0,classical_random_forest_transpiled,classical_random_forest,transpiled,1234,0.6445786120020784,0.6445786120020784,0.6389914308509983,predicted,
sim_common_q16_v1::ae_indep_qiskit_3,6b2f9fea850557b40ca9b69341ec300b1c4fe1f4bf53e94436af2ba1586bac62,0,classical_random_forest_transpiled,classical_random_forest,transpiled,1234,0.6324521900023683,0.6324521900023683,0.6433555209964765,predicted,
sim_common_q16_v1::ae_indep_qiskit_4,9b4261e2d98678946a9aefea16ba9b8abcae8409f8589f8fb3daa941694f88c6,0,classical_random_forest_transpiled,classical_random_forest,transpiled,1234,0.6257052269975247,0.6257052269975247,0.6566424034764382,predicted,
sim_common_q16_v1::ae_indep_qiskit_5,8e4821df72704634cb81ea4d738477a8d596a49cba641e6198fdc9970e1d5d2f,1,classical_random_forest_transpiled,classical_random_forest,transpiled,1234,0.6429755230019509,0.6429755230019509,0.6669023610565497,predicted,
sim_common_q16_v1::ae_indep_qiskit_6,585424315575b559a664523f6ce6236189739069b3872eea4ccdb995a29f8701,2,classical_random_forest_transpiled,classical_random_forest,transpiled,1234,0.6249196000026132,0.6249196000026132,0.6708338488294878,predicted,
sim_common_q16_v1::ae_indep_qiskit_7,a70c5b796698f145c5992d324b3a0b5e28eb7301e6f306652a316a55c68f1ae8,4,classical_random_forest_transpiled,classical_random_forest,transpiled,1234,0.6728184880012122,0.6728184880012122,0.6763825720205081,predicted,
sim_common_q16_v1::ae_indep_qiskit_8,78d3420407751ab52a65abe926510d585ebd3a5d1934ac31c13b28eca5c5ee8a,4,classical_random_forest_transpiled,classical_random_forest,transpiled,1234,0.7626127499970607,0.7626127499970607,0.6917538714468356,predicted,
sim_common_q16_v1::ae_indep_qiskit_9,78ecec267502f433ab148452979221600becf679520b50ad454009e0ca097af5,3,classical_random_forest_transpiled,classical_random_forest,transpiled,1234,0.7365946390018507,0.7365946390018507,0.901200991607462,predicted,
sim_common_q16_v1::dj_indep_qiskit_2,242786b0f7d73c715a317cbdc0725596836f08d98ecd6eb06b3b4ac4f3f563fb,4,classical_random_forest_transpiled,classical_random_forest,transpiled,1234,0.6235974270020961,0.6235974270020961,0.641454428984108,predicted,
sim_common_q16_v1::dj_indep_qiskit_3,bc8cb33a3a242fb3ab35191a36313674faaca8fe1839cfa05d79788052424d1d,1,classical_random_forest_transpiled,classical_random_forest,transpiled,1234,0.6417426940024598,0.6417426940024598,0.6597813552435987,predicted,
sim_common_q16_v1::dj_indep_qiskit_4,3e4560adf43b5c5102bf22f235abcb9dd2ed5e34930cdb929a128226f96e4ea5,1,classical_random_forest_transpiled,classical_random_forest,transpiled,1234,0.6125353499992343,0.6125353499992343,0.6451348397163303,predicted,
sim_common_q16_v1::dj_indep_qiskit_5,f12c9439f3dfce19e2f161aed74fdafb33146528cdb8524425608579de8b6741,0,classical_random_forest_transpiled,classical_random_forest,transpiled,1234,0.6494606499982183,0.6494606499982183,0.6438638831895661,predicted,
sim_common_q16_v1::dj_indep_qiskit_6,b5736e26e119a619b687dcc0cf8065475e3805bc0c6180b480e0e36badc289db,2,classical_random_forest_transpiled,classical_random_forest,transpiled,1234,0.7272395580002922,0.7272395580002922,0.6526415280926215,predicted,
sim_common_q16_v1::dj_indep_qiskit_7,9fc54c185186ff8c504ebdac4e3fa109beb4cf46f86196a3376b3153a7f72962,3,classical_random_forest_transpiled,classical_random_forest,transpiled,1234,0.6525007039999764,0.6525007039999764,0.6754175491135128,predicted,
sim_common_q16_v1::dj_indep_qiskit_9,db0e077b1674f90860a270d014aa8226822880dbf36c819dad0bea17881b7eb5,3,classical_random_forest_transpiled,classical_random_forest,transpiled,1234,0.6677595889996155,0.6677595889996155,0.8290246789934242,predicted,
sim_common_q16_v1::ghz_indep_qiskit_2,fcd9497c7764bb185a96cc8b6d1c7878851e9b87e64de7ebf47aa1d16eb3ee0a,4,classical_random_forest_transpiled,classical_random_forest,transpiled,1234,0.6328717180003878,0.6328717180003878,0.638090736760779,predicted,
sim_common_q16_v1::ghz_indep_qiskit_3,7344fd4d264c475e52edca02e3426225c78af7ed0bdaae137741a04685725a5d,2,classical_random_forest_transpiled,classical_random_forest,transpiled,1234,0.6362690579990158,0.6362690579990158,0.6459176233174853,predicted,
sim_common_q16_v1::ghz_indep_qiskit_4,01bfdd8291d6badf1219dd3bf6d7e12559976b8ccb3e67d2548e729dc0c0dc82,2,classical_random_forest_transpiled,classical_random_forest,transpiled,1234,0.6424375300011889,0.6424375300011889,0.6361250143098256,predicted,
sim_common_q16_v1::ghz_indep_qiskit_5,de4639e0b84f220ce7281521fbce5104129cc70befb85198bf93def8d4ba7a65,4,classical_random_forest_transpiled,classical_random_forest,transpiled,1234,0.6349322169990046,0.6349322169990046,0.6309458861676914,predicted,
sim_common_q16_v1::ghz_indep_qiskit_6,c67a77f55c658ad1270fd52c8cbc66319b72ceaa5ca5d4015d775b44e8edd85a,2,classical_random_forest_transpiled,classical_random_forest,transpiled,1234,0.6285922220013163,0.6285922220013163,0.6388904889185762,predicted,
sim_common_q16_v1::ghz_indep_qiskit_7,4b24f68f78c4499a295ab28caa04282d174b7ab2a6b0f5333d3bfe630df72f71,0,classical_random_forest_transpiled,classical_random_forest,transpiled,1234,0.6354831150019891,0.6354831150019891,0.6493094829725553,predicted,
sim_common_q16_v1::ghz_indep_qiskit_8,2e57556a1b12802c7368ef21e0eb8e5c9863f768a48a9a4d0771725e60b8a616,3,classical_random_forest_transpiled,classical_random_forest,transpiled,1234,0.644572266999603,0.644572266999603,0.6851766360383829,predicted,
sim_common_q16_v1::ghz_indep_qiskit_9,b5f6ad96b1eb0fc9087c079e22e8a91398b460e24d616ed0d8829247aee24f18,0,classical_random_forest_transpiled,classical_random_forest,transpiled,1234,0.7290791659979732,0.7290791659979732,0.8361957154564885,predicted,
sim_common_q16_v1::graphstate_indep_qiskit_3,51e3c5bc60da502bf92a6ed65a7c728a8b957b427652ac8fdaa002b9afc50d40,4,classical_random_forest_transpiled,classical_random_forest,transpiled,1234,0.645907268000883,0.645907268000883,0.645962151462973,predicted,
sim_common_q16_v1::graphstate_indep_qiskit_4,13721ab5a328b17bf3f8c3692cda844a7e538a8c92530d0c1236f43d3ad5a884,3,classical_random_forest_transpiled,classical_random_forest,transpiled,1234,0.6307967300017481,0.6307967300017481,0.6433345975946307,predicted,
sim_common_q16_v1::graphstate_indep_qiskit_5,cfadb6828c07bfc2fac00ca0c9c03935e927b88961597b69936fc199a094b9ea,0,classical_random_forest_transpiled,classical_random_forest,transpiled,1234,0.6335009460017318,0.6335009460017318,0.640229892048243,predicted,
sim_common_q16_v1::graphstate_indep_qiskit_6,7b944ad7e38d98fae66177b6c014ae2878d62bcd1765103c19941653817e7996,1,classical_random_forest_transpiled,classical_random_forest,transpiled,1234,4.12037888100167,4.12037888100167,0.9346441873222463,predicted,
sim_common_q16_v1::graphstate_indep_qiskit_7,551dfe6ad672d4157a761610fc4c1061ea844868f2106407374764552251d63a,1,classical_random_forest_transpiled,classical_random_forest,transpiled,1234,0.6352743349998491,0.6352743349998491,0.672726673163436,predicted,
sim_common_q16_v1::graphstate_indep_qiskit_8,b6afb1122e1baece13144a1d0da78738759129107f453e9579e99e8789e057fe,3,classical_random_forest_transpiled,classical_random_forest,transpiled,1234,0.7141289200008032,0.7141289200008032,0.6702645957662134,predicted,
sim_common_q16_v1::graphstate_indep_qiskit_9,040a287609a78a55ab6148ad1a3cc6aa2fcee8b0871b077a9c1a37bee49f69fe,0,classical_random_forest_transpiled,classical_random_forest,transpiled,1234,3.4133249820006317,3.4133249820006317,0.8918222908938056,predicted,
sim_common_q16_v1::grover-noancilla_indep_qiskit_2,55746e6a2fd8d9c4b8c813443f2db46b072f75db1632dd252298c735fbc72bf0,1,classical_random_forest_transpiled,classical_random_forest,transpiled,1234,0.6316192150006827,0.6274016160023166,0.6599095583209866,predicted,
sim_common_q16_v1::grover-v-chain_indep_qiskit_2,55746e6a2fd8d9c4b8c813443f2db46b072f75db1632dd252298c735fbc72bf0,1,classical_random_forest_transpiled,classical_random_forest,transpiled,1234,0.6316192150006827,0.6358368139990489,0.6599095583209866,predicted,
sim_common_q16_v1::grover-noancilla_indep_qiskit_3,bc77f4afad8bbb19a6b320c11bc8f8110a330e395e5c509895e0b6c566cab5e9,4,classical_random_forest_transpiled,classical_random_forest,transpiled,1234,0.6336756905002403,0.6221831709990511,0.6423755631195354,predicted,
sim_common_q16_v1::grover-v-chain_indep_qiskit_3,bc77f4afad8bbb19a6b320c11bc8f8110a330e395e5c509895e0b6c566cab5e9,4,classical_random_forest_transpiled,classical_random_forest,transpiled,1234,0.6336756905002403,0.6451682100014295,0.6423755631195354,predicted,
sim_common_q16_v1::grover-noancilla_indep_qiskit_4,edc62038c489069da135981ccefd5c5a2f3cc0a991fa6da4defa393abdb0d2a4,4,classical_random_forest_transpiled,classical_random_forest,transpiled,1234,0.6425279779978155,0.6347441939979035,0.681837598991906,predicted,
sim_common_q16_v1::grover-v-chain_indep_qiskit_4,edc62038c489069da135981ccefd5c5a2f3cc0a991fa6da4defa393abdb0d2a4,4,classical_random_forest_transpiled,classical_random_forest,transpiled,1234,0.6425279779978155,0.6503117619977274,0.681837598991906,predicted,
sim_common_q16_v1::grover-noancilla_indep_qiskit_5,dd514cba6fbc94c48a3eb8f2ff2210ef74259e76e7f796394066418bfd93ee86,2,classical_random_forest_transpiled,classical_random_forest,transpiled,1234,0.6749066180018417,0.6749066180018417,0.7217105475798052,predicted,
sim_common_q16_v1::grover-noancilla_indep_qiskit_6,b6a15d3507225e442ed02c90df5179f09c529df7bf5ee38a8005cc265f4203a6,0,classical_random_forest_transpiled,classical_random_forest,transpiled,1234,0.8617562030012778,0.8617562030012778,1.6798663496614017,predicted,
sim_common_q16_v1::grover-noancilla_indep_qiskit_7,35548785a9c99b0ad9409f18dfbfc3baed0e1dcbb1d95eae8c8510dcda120410,0,classical_random_forest_transpiled,classical_random_forest,transpiled,1234,2.755100520000269,2.755100520000269,2.850928705885714,predicted,
sim_common_q16_v1::grover-noancilla_indep_qiskit_8,a3b7d67bad6cd47cb522addfaf763294b1ea99017f443c03052055a2f0074009,4,classical_random_forest_transpiled,classical_random_forest,transpiled,1234,3.8077989039993554,3.8077989039993554,4.400576941102596,predicted,
sim_common_q16_v1::grover-v-chain_indep_qiskit_5,5042c6dd513b1366c0a145850de9e534b0e38aabc818b994ab8c4b6cad7ad5c8,3,classical_random_forest_transpiled,classical_random_forest,transpiled,1234,0.6741303899980267,0.6741303899980267,0.8294782441356336,predicted,
sim_common_q16_v1::grover-v-chain_indep_qiskit_7,84056291d9ff227b3c615cc378349fa1154f5a122bcd0eb6bc04045bbf3affa0,4,classical_random_forest_transpiled,classical_random_forest,transpiled,1234,1.1920864250023442,1.1920864250023442,0.9960151587460052,predicted,
sim_common_q16_v1::grover-v-chain_indep_qiskit_9,3d37464cf8c53831d2867c0c111a83e03a820e90fa26f77d01a4a85f4f9d6875,1,classical_random_forest_transpiled,classical_random_forest,transpiled,1234,3.409926619999169,3.409926619999169,2.1661710058962687,predicted,
sim_common_q16_v1::portfolioqaoa_indep_qiskit_3,47e6743e95c380a13dc5947d9e9b3db26e541efabd4a27134ff26aa14c00ba7d,1,classical_random_forest_transpiled,classical_random_forest,transpiled,1234,0.6487017560029926,0.6487017560029926,0.6857382861089711,predicted,
sim_common_q16_v1::portfolioqaoa_indep_qiskit_4,568570a69663949a1aaac2fe16e74d3d065c7a8e6013e21368a9d8add886d6dc,2,classical_random_forest_transpiled,classical_random_forest,transpiled,1234,0.6451116749994981,0.6451116749994981,0.6673752873901327,predicted,
sim_common_q16_v1::portfolioqaoa_indep_qiskit_5,0f7836c0a3a429dd9b4f2b55a4fab5d6d112458814cb34efb22309ec614c801f,2,classical_random_forest_transpiled,classical_random_forest,transpiled,1234,0.6517559040003107,0.6517559040003107,0.6792353355100101,predicted,
sim_common_q16_v1::portfolioqaoa_indep_qiskit_6,4dd5e72918722dff3c88e277e20e3ecc1e06dfd0601343e784eeb454470800b7,4,classical_random_forest_transpiled,classical_random_forest,transpiled,1234,0.6879031880016555,0.6879031880016555,0.7184660460678316,predicted,
sim_common_q16_v1::portfolioqaoa_indep_qiskit_7,f8d88243c9d36e41e0eedeff4898e325d59ba4d8ceb4b81c7b48757ade1e94b4,0,classical_random_forest_transpiled,classical_random_forest,transpiled,1234,0.8747539370015147,0.8747539370015147,0.7664882656086295,predicted,
sim_common_q16_v1::portfolioqaoa_indep_qiskit_8,2372d3228c3e3e38e3351feb553380bce5a543c936f73a400de0e54ab470599a,1,classical_random_forest_transpiled,classical_random_forest,transpiled,1234,0.7452616640002816,0.7452616640002816,0.8749692115537713,predicted,
sim_common_q16_v1::portfolioqaoa_indep_qiskit_9,a53b2a3a1ba8397a96b487c44f825f3cab2e0c714b69298f2ab0a839975b173c,0,classical_random_forest_transpiled,classical_random_forest,transpiled,1234,1.0392779800022254,1.0392779800022254,1.3965892104933633,predicted,
sim_common_q16_v1::portfoliovqe_indep_qiskit_3,4b5542071ea595cd62184de26c4f1dac3f6afa86f6450f50a28dbe8e1f865257,0,classical_random_forest_transpiled,classical_random_forest,transpiled,1234,0.6282423720003862,0.6282423720003862,0.6407288705636535,predicted,
sim_common_q16_v1::portfoliovqe_indep_qiskit_4,36bb1354ff108648bc8c9c529a2002a53a68e4bfa9bf3529edce11e5d47f851f,0,classical_random_forest_transpiled,classical_random_forest,transpiled,1234,0.6387674009965849,0.6387674009965849,0.6868571695409154,predicted,
sim_common_q16_v1::portfoliovqe_indep_qiskit_5,28b9eac87132bbff64970708737a94c408cfa435ce16cd395a57ab6fbfe5a6f7,2,classical_random_forest_transpiled,classical_random_forest,transpiled,1234,0.7472729069995694,0.7472729069995694,0.6771606474571976,predicted,
sim_common_q16_v1::portfoliovqe_indep_qiskit_6,7dafebd46e73b9b279f1ef96da32f7d563de3721b856b4570375ab81951e06fc,0,classical_random_forest_transpiled,classical_random_forest,transpiled,1234,0.672533150001982,0.672533150001982,0.7269365129462201,predicted,
sim_common_q16_v1::portfoliovqe_indep_qiskit_7,99e0865dc3fced630c02b5b2710b24fd9257ba31d54112cde08a769e974f53c4,3,classical_random_forest_transpiled,classical_random_forest,transpiled,1234,0.7434713800030295,0.7434713800030295,0.7481352069197171,predicted,
sim_common_q16_v1::portfoliovqe_indep_qiskit_8,eb43007109ad9707544629854cfc7259b0e6aa70c5a618cedacbb7d26dd746a0,0,classical_random_forest_transpiled,classical_random_forest,transpiled,1234,0.7341747549980937,0.7341747549980937,0.7618447440431556,predicted,
sim_common_q16_v1::portfoliovqe_indep_qiskit_9,615d076a941f3eec9d225a20b894c8d30a0c90d4834d03fa0ebd5d13e4b46ded,2,classical_random_forest_transpiled,classical_random_forest,transpiled,1234,1.0230367410003964,1.0230367410003964,1.1234180891767571,predicted,
sim_common_q16_v1::qaoa_indep_qiskit_3,45ca196e391297302c92dc6ea0fd119efa62b2ee88e3b85260561e5fbafa7400,3,classical_random_forest_transpiled,classical_random_forest,transpiled,1234,0.6362355410019518,0.6362355410019518,0.6424077047718321,predicted,
sim_common_q16_v1::qaoa_indep_qiskit_4,9649572da691c86252b1620cba73350902b9ba3cf4dbdb3fb2e3531588da98c4,1,classical_random_forest_transpiled,classical_random_forest,transpiled,1234,0.6444687240000349,0.6444687240000349,0.6627921102768821,predicted,
sim_common_q16_v1::qaoa_indep_qiskit_5,f2ce48d725be79c1ea5cbfeb36811261c4e74460588e911c3b2916a9303c1cf5,0,classical_random_forest_transpiled,classical_random_forest,transpiled,1234,0.6301084189981339,0.6301084189981339,0.6701696952071419,predicted,
sim_common_q16_v1::qaoa_indep_qiskit_6,6a475a20ac3d09839e2b43104ca187037db5ff813b811e0d7356adac93d25244,1,classical_random_forest_transpiled,classical_random_forest,transpiled,1234,0.6421520209987648,0.6421520209987648,0.6664541178594205,predicted,
sim_common_q16_v1::qaoa_indep_qiskit_7,8e1c1014680274215f87d97c833f99474ed19b3393b2b8eea20a36bde517708b,4,classical_random_forest_transpiled,classical_random_forest,transpiled,1234,0.6511161570015247,0.6511161570015247,0.7196875723982221,predicted,
sim_common_q16_v1::qaoa_indep_qiskit_8,0a43c652a1c92c83389d952438c22aa0d890a611333da29499d6ff1733925b21,0,classical_random_forest_transpiled,classical_random_forest,transpiled,1234,0.6687408600009803,0.6687408600009803,1.0504282688576003,predicted,
sim_common_q16_v1::qaoa_indep_qiskit_9,a4a7b8b8d556570de9ea2db286aaa4245fa50f4619f25f0f7414b16d503458d8,1,classical_random_forest_transpiled,classical_random_forest,transpiled,1234,17.55494177699802,17.55494177699802,0.7913470273306623,predicted,
sim_common_q16_v1::qft_indep_qiskit_2,aa91238ec5978b739b87b3a657746a8786de113397a5abeadf726d1dd9c836b3,2,classical_random_forest_transpiled,classical_random_forest,transpiled,1234,0.7182261369998741,0.7182261369998741,0.6414171241853084,predicted,
sim_common_q16_v1::qft_indep_qiskit_3,7f613ccae98ac8124d086ee9a39d94b1ed019520da8c3277395b109fd22d7d4d,4,classical_random_forest_transpiled,classical_random_forest,transpiled,1234,0.638093072000629,0.638093072000629,0.6465148127161353,predicted,
sim_common_q16_v1::qft_indep_qiskit_4,ea84355871fa77560419766f8000de4dcb0eea29468bcb0d89a1c84edff34f61,0,classical_random_forest_transpiled,classical_random_forest,transpiled,1234,0.6269083859988314,0.6269083859988314,0.6692971891310852,predicted,
sim_common_q16_v1::qft_indep_qiskit_5,0285fd21a0dd1ca29cd386de85a1a8af49cc7d71f5c86f6451b55a11c68864a8,3,classical_random_forest_transpiled,classical_random_forest,transpiled,1234,0.6442288310026925,0.6442288310026925,0.6736402426353844,predicted,
sim_common_q16_v1::qft_indep_qiskit_6,cbe1ca5505b485bd87b2e68f2b38ecae377e29f823c30e4c44d3f5f87d4266f7,1,classical_random_forest_transpiled,classical_random_forest,transpiled,1234,0.651070706997416,0.651070706997416,0.6677085004956826,predicted,
sim_common_q16_v1::qft_indep_qiskit_7,01de4bb89da48a3fc09c31d41d509c1446c6a4a3b329612c5baf0d39c56a922e,1,classical_random_forest_transpiled,classical_random_forest,transpiled,1234,0.6848869749992446,0.6848869749992446,0.7122417798007147,predicted,
sim_common_q16_v1::qft_indep_qiskit_8,e4664972befc3ffed396f3842bf910be22c2fbe7f293d3c295b971dfe094d398,3,classical_random_forest_transpiled,classical_random_forest,transpiled,1234,0.6876082300004782,0.6876082300004782,0.7159193443212006,predicted,
sim_common_q16_v1::qft_indep_qiskit_9,e0c3acec67c0fb535add575a46e01889b30ec7970005214fd2188b94ae3a55a5,0,classical_random_forest_transpiled,classical_random_forest,transpiled,1234,0.7909492459984904,0.7909492459984904,0.8009827948788024,predicted,
sim_common_q16_v1::qftentangled_indep_qiskit_2,02d66e8b66849fdd0f0581b84924adbd1bd2d7603e25e5e9faa447ac2a6708d0,2,classical_random_forest_transpiled,classical_random_forest,transpiled,1234,0.6421512939996319,0.6421512939996319,0.6419604958813869,predicted,
sim_common_q16_v1::qftentangled_indep_qiskit_3,5ab4253ed51b729f331c9f3cc78bfecd3ecb2fed2e98818816bf3f64e22f1bfe,2,classical_random_forest_transpiled,classical_random_forest,transpiled,1234,0.6430523449998873,0.6430523449998873,0.642837583573282,predicted,
sim_common_q16_v1::qftentangled_indep_qiskit_4,d7a22ac29418bcf9f00346732fe1b985f8e0b9df60273404dabbf4a62027715f,0,classical_random_forest_transpiled,classical_random_forest,transpiled,1234,0.718577378000191,0.718577378000191,0.6453474525485561,predicted,
sim_common_q16_v1::qftentangled_indep_qiskit_5,4ee5846eef239e2b0e0d3f950f78b5b4b8af213f0063eb50be6bf50bdbb4385d,4,classical_random_forest_transpiled,classical_random_forest,transpiled,1234,0.711588597001537,0.711588597001537,0.6451560972890581,predicted,
sim_common_q16_v1::qftentangled_indep_qiskit_6,7c8832728feaaf34fac1fda49dfcbfbf655902b5b4eb3f1b11e43f21d15de5bf,2,classical_random_forest_transpiled,classical_random_forest,transpiled,1234,0.6466906070018013,0.6466906070018013,0.678329501288185,predicted,
sim_common_q16_v1::qftentangled_indep_qiskit_7,f0e0170b510412a7e964e82f14793115a9e53a1b250283a74abd893a45b5f20e,3,classical_random_forest_transpiled,classical_random_forest,transpiled,1234,0.7955734110000776,0.7955734110000776,0.6991056117209513,predicted,
sim_common_q16_v1::qftentangled_indep_qiskit_8,8711737782301f568af1980707e62c989655488357aa858d6c63bb8e206ae4fc,4,classical_random_forest_transpiled,classical_random_forest,transpiled,1234,0.6800704039997072,0.6800704039997072,0.7669498843972624,predicted,
sim_common_q16_v1::qftentangled_indep_qiskit_9,fea8eb37e38bc24d3352d9446471b5cf8f6b8af6ae4c0f931d5942564936274c,3,classical_random_forest_transpiled,classical_random_forest,transpiled,1234,0.8116922409972176,0.8116922409972176,0.864474015720565,predicted,
sim_common_q16_v1::qnn_indep_qiskit_2,3c0ed99f7e5a0409bdadc636b8b7a5dd911304ccbe2e87b32589b91dd44a6a5a,3,classical_random_forest_transpiled,classical_random_forest,transpiled,1234,0.6364995420008199,0.6364995420008199,0.6634814002435196,predicted,
sim_common_q16_v1::qnn_indep_qiskit_3,15e80264fdff1398ab38bbd9144f853a3a2317e95163fda15a1e9ec2657beecb,3,classical_random_forest_transpiled,classical_random_forest,transpiled,1234,0.7232230859990523,0.7232230859990523,0.642423802433272,predicted,
sim_common_q16_v1::qnn_indep_qiskit_4,451bd8177acaca0301a8bb4d61cb192f26dce1f81d8ab04ca0aded562d525c58,1,classical_random_forest_transpiled,classical_random_forest,transpiled,1234,0.6316140970011475,0.6316140970011475,0.6628723582325159,predicted,
sim_common_q16_v1::qnn_indep_qiskit_5,d506e52d304853cd9e55834d3112505279aa22e89e70aa7c00dfc57caad3c72c,0,classical_random_forest_transpiled,classical_random_forest,transpiled,1234,0.6502378280019911,0.6502378280019911,0.6625547256347979,predicted,
sim_common_q16_v1::qnn_indep_qiskit_6,720a3cec5f9b39a53aa0d59f0ecc24f42f2948fbe56164a033262c628e2ba875,1,classical_random_forest_transpiled,classical_random_forest,transpiled,1234,0.6810264529995038,0.6810264529995038,0.71243595432756,predicted,
sim_common_q16_v1::qnn_indep_qiskit_7,6cf91acdbcfc0321d1ffcee7c2197fec29f2b9dd83e7c3b56dbe8d583332ccdb,1,classical_random_forest_transpiled,classical_random_forest,transpiled,1234,0.7633359889987332,0.7633359889987332,0.7489181547661015,predicted,
sim_common_q16_v1::qnn_indep_qiskit_8,f76953672a13f3e92397fe3586ff6557882560261e995147a67b931d701c7fcf,4,classical_random_forest_transpiled,classical_random_forest,transpiled,1234,0.8227666269995098,0.8227666269995098,0.78715586233639,predicted,
sim_common_q16_v1::qnn_indep_qiskit_9,4df5b36e58378649053c461bf5ee1478fa114ac65c0c14551536b820ce8eafc7,1,classical_random_forest_transpiled,classical_random_forest,transpiled,1234,0.9238195639991318,0.9238195639991318,0.9513434542545713,predicted,
sim_common_q16_v1::qpeexact_indep_qiskit_2,0a43a3dbe4a4294a007fa7ec167a24ea300d3762489b98245c2f80ad29727075,0,classical_random_forest_transpiled,classical_random_forest,transpiled,1234,0.6283055000021704,0.6283055000021704,0.6349954585499329,predicted,
sim_common_q16_v1::qpeexact_indep_qiskit_3,56289d5fdefe63c89244b0849f2e22753ce30832776d74b79de4603006db32f4,4,classical_random_forest_transpiled,classical_random_forest,transpiled,1234,0.7184256109976559,0.7184256109976559,0.6398406286685108,predicted,
sim_common_q16_v1::qpeexact_indep_qiskit_4,af7e7c49ba06f5c554580173d3dcd73bc9d5a9dd9c6e3d3cd8c94d494fa4b969,2,classical_random_forest_transpiled,classical_random_forest,transpiled,1234,0.6284069449975505,0.6284069449975505,0.6349813577662706,predicted,
sim_common_q16_v1::qpeexact_indep_qiskit_5,7478da09664f4489c33c18a6ea1974cc9dea86d1adda1f912c3eaeff27c2d5fa,0,classical_random_forest_transpiled,classical_random_forest,transpiled,1234,0.6475399470000411,0.6475399470000411,0.6529833813060475,predicted,
sim_common_q16_v1::qpeexact_indep_qiskit_6,abe368f160ce73db792b3af14a6e120eda4838b15f01376daa204a680d07c5bc,2,classical_random_forest_transpiled,classical_random_forest,transpiled,1234,0.6475595259980764,0.6475595259980764,0.6586897305076004,predicted,
sim_common_q16_v1::qpeexact_indep_qiskit_7,d06936015124a75ae15e1f94eeb54cc51ab24596726b8110765a69ba66d0e80a,0,classical_random_forest_transpiled,classical_random_forest,transpiled,1234,0.6782379760006734,0.6782379760006734,0.682320581115648,predicted,
sim_common_q16_v1::qpeexact_indep_qiskit_8,5d3cc38ff0e2b9054c927b6309c6a8dfaba491733eab08b06cc06f2d333da23d,4,classical_random_forest_transpiled,classical_random_forest,transpiled,1234,0.686445900999388,0.686445900999388,0.6912582093737625,predicted,
sim_common_q16_v1::qpeexact_indep_qiskit_9,31f7b2533d8a3c05d59b44a9b2d93f44bc48da630d1884cf9df0012199e10a74,1,classical_random_forest_transpiled,classical_random_forest,transpiled,1234,0.7935242480016313,0.7935242480016313,1.1306540757607693,predicted,
sim_common_q16_v1::qpeinexact_indep_qiskit_2,acacd76111e7f23e4224342ca0ab5340b1bdaad3b6eba8893e4036ba14896362,1,classical_random_forest_transpiled,classical_random_forest,transpiled,1234,0.6258419089972449,0.6258419089972449,0.6394411973179694,predicted,
sim_common_q16_v1::qpeinexact_indep_qiskit_3,afa0cd93480bae81feca2afdcb909ab13c2934f76b139c27872b18658e5c1f28,2,classical_random_forest_transpiled,classical_random_forest,transpiled,1234,0.6425586090008437,0.6425586090008437,0.6423294330584426,predicted,
sim_common_q16_v1::qpeinexact_indep_qiskit_4,1d76cd981622e5ca02125654d00534f3aec623bbb2b95b7ea894049f76916577,4,classical_random_forest_transpiled,classical_random_forest,transpiled,1234,0.6402722480015655,0.6402722480015655,0.6704343337839527,predicted,
sim_common_q16_v1::qpeinexact_indep_qiskit_5,f37f599f25c5024b4069e866a31563a6daf0b1495d17d25343f7b3cfac1169ee,1,classical_random_forest_transpiled,classical_random_forest,transpiled,1234,0.6406791050030733,0.6406791050030733,0.6628408965269755,predicted,
sim_common_q16_v1::qpeinexact_indep_qiskit_6,c658b0f6c564cc6b7d6d48105e5567caf0660181ca2dbad8b9bdbdd353962fd6,0,classical_random_forest_transpiled,classical_random_forest,transpiled,1234,0.6522649979997368,0.6522649979997368,0.6763637667014093,predicted,
sim_common_q16_v1::qpeinexact_indep_qiskit_7,093af0605e834bf0a4f2aef0b46600d12c6b1c913e791fb13e2513048a6b1c70,4,classical_random_forest_transpiled,classical_random_forest,transpiled,1234,0.7007861210004194,0.7007861210004194,0.6805858931624817,predicted,
sim_common_q16_v1::qpeinexact_indep_qiskit_8,82da8e687716ed31c95e72560edb07e7f6073a5be0f5ebffb17d22aff22c81fd,0,classical_random_forest_transpiled,classical_random_forest,transpiled,1234,0.6688155289994029,0.6688155289994029,0.6990393059538369,predicted,
sim_common_q16_v1::qpeinexact_indep_qiskit_9,81a66b1daaf97d148a8a075515daf8702349d257883a1dd88e26993c1622351f,3,classical_random_forest_transpiled,classical_random_forest,transpiled,1234,0.8898592920013471,0.8898592920013471,0.9414949547682314,predicted,
sim_common_q16_v1::qwalk-noancilla_indep_qiskit_3,9110b8773ad1c544b5ec91feaaa99c96975f7577fe6966b0f0df52dab84bef92,4,classical_random_forest_transpiled,classical_random_forest,transpiled,1234,0.6806762745000015,0.6374438919992826,0.6685069751122686,predicted,
sim_common_q16_v1::qwalk-v-chain_indep_qiskit_3,9110b8773ad1c544b5ec91feaaa99c96975f7577fe6966b0f0df52dab84bef92,4,classical_random_forest_transpiled,classical_random_forest,transpiled,1234,0.6806762745000015,0.7239086570007203,0.6685069751122686,predicted,
sim_common_q16_v1::qwalk-noancilla_indep_qiskit_4,2df018ddcd5f44fd33cd5d80af349db5f84e36d6a5f905ef4611e5e5cc0d03f4,4,classical_random_forest_transpiled,classical_random_forest,transpiled,1234,0.6810126529999252,0.6810126529999252,0.8536601440675327,predicted,
sim_common_q16_v1::qwalk-noancilla_indep_qiskit_5,7e02b8d5bbea94c5e0eabb2edd6a74e15949ae6b737fabb55e66a61d47181912,4,classical_random_forest_transpiled,classical_random_forest,transpiled,1234,0.7063868340010231,0.7063868340010231,0.9534116986911837,predicted,
sim_common_q16_v1::qwalk-noancilla_indep_qiskit_6,97bdbd3569346cfa4a289ced5de0f3280a495266d423a3af48650bf01484b9be,0,classical_random_forest_transpiled,classical_random_forest,transpiled,1234,1.015744493000966,1.015744493000966,2.114166551925952,predicted,
sim_common_q16_v1::qwalk-noancilla_indep_qiskit_7,73abe6179f1e84e36777e1d953028143ee3ff00662ddb793d55022d9344b4940,2,classical_random_forest_transpiled,classical_random_forest,transpiled,1234,2.998404195997864,2.998404195997864,3.592998784093835,predicted,
sim_common_q16_v1::qwalk-noancilla_indep_qiskit_8,b23a0318d268fcffc78b4f6ce920c98f33487ec34a71cf7b6225b9b6eb93f1bb,4,classical_random_forest_transpiled,classical_random_forest,transpiled,1234,3.649332992998097,3.649332992998097,4.400576941102596,predicted,
sim_common_q16_v1::qwalk-noancilla_indep_qiskit_9,e8037a4f622df36c65c0e756e11a6c6e3b8b40fbabaffb6cd59ff1cc79f49063,0,classical_random_forest_transpiled,classical_random_forest,transpiled,1234,18.4117178100023,18.4117178100023,2.822599887360214,predicted,
sim_common_q16_v1::qwalk-v-chain_indep_qiskit_5,72fb5f837aaa2bec862c3a477efd166f351b72903612c32d444704a431457f4d,0,classical_random_forest_transpiled,classical_random_forest,transpiled,1234,0.6463327589990513,0.6463327589990513,0.7100576702664239,predicted,
sim_common_q16_v1::qwalk-v-chain_indep_qiskit_7,3d8107599f669ba102c734a8796433a6a348197dd98a74c63f172d7790b5c9a2,2,classical_random_forest_transpiled,classical_random_forest,transpiled,1234,0.984092689002864,0.984092689002864,0.82936652283678,predicted,
sim_common_q16_v1::qwalk-v-chain_indep_qiskit_9,8650fb4f2d0816cd59c97df1ed4051936ecb3b5c31d39ba97cdc5cd2af374a8a,4,classical_random_forest_transpiled,classical_random_forest,transpiled,1234,1.861087077002594,1.861087077002594,1.0646937602712798,predicted,
sim_common_q16_v1::random_indep_qiskit_2,433844fca892218b1218ca028aafb0eddf1929d5ca52fdea53b3cb324e4055bd,1,classical_random_forest_transpiled,classical_random_forest,transpiled,1234,0.6350642280012835,0.6350642280012835,0.6437193503706617,predicted,
sim_common_q16_v1::random_indep_qiskit_3,d7ecd343052e510bdf5fa0f67f2fdbc3ee5ddccd19f39548c2853114a94dece2,4,classical_random_forest_transpiled,classical_random_forest,transpiled,1234,0.6280151889986882,0.6280151889986882,0.6664020760364027,predicted,
sim_common_q16_v1::random_indep_qiskit_4,212e0f8a693a745c9fc792b876e7be6ddb0ba051c1b0f558e0819e1437a8a2fb,2,classical_random_forest_transpiled,classical_random_forest,transpiled,1234,0.7269409180007642,0.7269409180007642,0.6469398928951892,predicted,
sim_common_q16_v1::random_indep_qiskit_5,8f11cd416ae9672f06a39e5ee3a27a70bcbf31d7177cb47270c0cd8512c95381,1,classical_random_forest_transpiled,classical_random_forest,transpiled,1234,0.7345396679993428,0.7345396679993428,0.664404851930952,predicted,
sim_common_q16_v1::random_indep_qiskit_6,4d5b55eb4b8a0aea0af4bde721618cbe79ed66e0636398ffddc79ace483672a6,3,classical_random_forest_transpiled,classical_random_forest,transpiled,1234,0.6658408169969334,0.6658408169969334,0.6788939958785567,predicted,
sim_common_q16_v1::random_indep_qiskit_7,8ffee9c3a3af1aeaa766f38df57fcb62de5efa16d7f328d60a8977cb0da39e22,0,classical_random_forest_transpiled,classical_random_forest,transpiled,1234,0.7144554340011382,0.7144554340011382,0.7327170315774244,predicted,
sim_common_q16_v1::random_indep_qiskit_8,fa595f88d0ab98542a799af4492f53b2a5e2e88ebc442a9b508abac209d0afcc,3,classical_random_forest_transpiled,classical_random_forest,transpiled,1234,0.6867609079999966,0.6867609079999966,0.7799615409967965,predicted,
sim_common_q16_v1::random_indep_qiskit_9,93eff191c23e0c3d13a127f38595909e7092290f5119c9be24a1ccc61fff5767,1,classical_random_forest_transpiled,classical_random_forest,transpiled,1234,0.9196448500006228,0.9196448500006228,0.9551998174120058,predicted,
sim_common_q16_v1::realamprandom_indep_qiskit_2,806f1844d225682cd7d5d0b276b5567caa23697f73064d8a20347024bb03fe40,1,classical_random_forest_transpiled,classical_random_forest,transpiled,1234,0.6811683435007581,0.7270244620012818,0.6527550212868326,predicted,
sim_common_q16_v1::twolocalrandom_indep_qiskit_2,806f1844d225682cd7d5d0b276b5567caa23697f73064d8a20347024bb03fe40,1,classical_random_forest_transpiled,classical_random_forest,transpiled,1234,0.6811683435007581,0.6353122250002343,0.6527550212868326,predicted,
sim_common_q16_v1::realamprandom_indep_qiskit_3,79b8fdfbfe6897a226612f9b9e27a4533aac4b48258335fb7746c5f10989cedc,3,classical_random_forest_transpiled,classical_random_forest,transpiled,1234,0.6289825359999668,0.6333517960010795,0.6402997119459579,predicted,
sim_common_q16_v1::twolocalrandom_indep_qiskit_3,79b8fdfbfe6897a226612f9b9e27a4533aac4b48258335fb7746c5f10989cedc,3,classical_random_forest_transpiled,classical_random_forest,transpiled,1234,0.6289825359999668,0.6246132759988541,0.6402997119459579,predicted,
sim_common_q16_v1::realamprandom_indep_qiskit_4,187d76ac82884dc3202418b0e06077eec26afed0c625b228d76b4416e6bfa480,3,classical_random_forest_transpiled,classical_random_forest,transpiled,1234,0.690793351001048,0.6371145330012951,0.659035248418181,predicted,
sim_common_q16_v1::twolocalrandom_indep_qiskit_4,187d76ac82884dc3202418b0e06077eec26afed0c625b228d76b4416e6bfa480,3,classical_random_forest_transpiled,classical_random_forest,transpiled,1234,0.690793351001048,0.7444721690008009,0.659035248418181,predicted,
sim_common_q16_v1::realamprandom_indep_qiskit_5,8d3b3ff10a3a80d0dda4e7043cce2b222aaf9e3cc19caa194b8e87da40266ac5,3,classical_random_forest_transpiled,classical_random_forest,transpiled,1234,0.6970405395004491,0.6386868430017785,0.711687112140319,predicted,
sim_common_q16_v1::twolocalrandom_indep_qiskit_5,8d3b3ff10a3a80d0dda4e7043cce2b222aaf9e3cc19caa194b8e87da40266ac5,3,classical_random_forest_transpiled,classical_random_forest,transpiled,1234,0.6970405395004491,0.7553942359991197,0.711687112140319,predicted,
sim_common_q16_v1::realamprandom_indep_qiskit_6,c9931425f0767057491a7e6ab8f1ed937fde917a862097440f57606892bddde9,0,classical_random_forest_transpiled,classical_random_forest,transpiled,1234,0.7250354759999027,0.669643510998867,0.7331410212398182,predicted,
sim_common_q16_v1::twolocalrandom_indep_qiskit_6,c9931425f0767057491a7e6ab8f1ed937fde917a862097440f57606892bddde9,0,classical_random_forest_transpiled,classical_random_forest,transpiled,1234,0.7250354759999027,0.7804274410009384,0.7331410212398182,predicted,
sim_common_q16_v1::realamprandom_indep_qiskit_7,af19d23c83544c8b7f6be5c42e0254336c9902c1ef454c06b9d45c4582d2fd3d,2,classical_random_forest_transpiled,classical_random_forest,transpiled,1234,0.7604988409984799,0.7463375029983581,0.742188668092014,predicted,
sim_common_q16_v1::twolocalrandom_indep_qiskit_7,af19d23c83544c8b7f6be5c42e0254336c9902c1ef454c06b9d45c4582d2fd3d,2,classical_random_forest_transpiled,classical_random_forest,transpiled,1234,0.7604988409984799,0.7746601789986016,0.742188668092014,predicted,
sim_common_q16_v1::realamprandom_indep_qiskit_8,8ea085ea0c0185c560746ab5988221e203c457e2afbb475976fb99f718e2dad1,4,classical_random_forest_transpiled,classical_random_forest,transpiled,1234,0.7514831415010121,0.7581430490026833,0.7588767724231428,predicted,
sim_common_q16_v1::twolocalrandom_indep_qiskit_8,8ea085ea0c0185c560746ab5988221e203c457e2afbb475976fb99f718e2dad1,4,classical_random_forest_transpiled,classical_random_forest,transpiled,1234,0.7514831415010121,0.744823233999341,0.7588767724231428,predicted,
sim_common_q16_v1::realamprandom_indep_qiskit_9,bdd8a427e9747bbc01ad8e77a22d61f0314fe8db0de17786839f2193ab0928bd,0,classical_random_forest_transpiled,classical_random_forest,transpiled,1234,1.027857403500093,1.0256131179994554,1.2925419627634156,predicted,
sim_common_q16_v1::twolocalrandom_indep_qiskit_9,bdd8a427e9747bbc01ad8e77a22d61f0314fe8db0de17786839f2193ab0928bd,0,classical_random_forest_transpiled,classical_random_forest,transpiled,1234,1.027857403500093,1.0301016890007304,1.2925419627634156,predicted,
sim_common_q16_v1::su2random_indep_qiskit_2,66c9180a271ec04f728ab259ed86a24fe52676e6f40a7614b02f79fd13536c91,0,classical_random_forest_transpiled,classical_random_forest,transpiled,1234,0.73017823400005,0.73017823400005,0.6537997254351828,predicted,
sim_common_q16_v1::su2random_indep_qiskit_3,c69c35c09a4dcfe7dd09af0b73be8e5f608531bf0baadd794f6861bcf237e40c,3,classical_random_forest_transpiled,classical_random_forest,transpiled,1234,0.7221970069986128,0.7221970069986128,0.6389456297471691,predicted,
sim_common_q16_v1::su2random_indep_qiskit_4,7fabc879bc998db5c05d7cc5b83db2d1704d7587139b714da9cf82639f4f093e,4,classical_random_forest_transpiled,classical_random_forest,transpiled,1234,0.6280798560001131,0.6280798560001131,0.6710465161716819,predicted,
sim_common_q16_v1::su2random_indep_qiskit_5,c1572e3b6e41c965a5943c21ceacdbad56fc868b4ee02ff4ef8af2d2054a0602,2,classical_random_forest_transpiled,classical_random_forest,transpiled,1234,0.7392793660001189,0.7392793660001189,0.682744141383488,predicted,
sim_common_q16_v1::su2random_indep_qiskit_6,2f497b92b87e3e9f44c1ae23dfbffc7309c1550756e6829eb694d42dd4f2ed03,4,classical_random_forest_transpiled,classical_random_forest,transpiled,1234,0.7643177909994847,0.7643177909994847,0.7016413478575075,predicted,
sim_common_q16_v1::su2random_indep_qiskit_7,4f2368cad1a087f01b7598f13a9afa3b7cea2d6f9e96f79eb390f62213c97af7,2,classical_random_forest_transpiled,classical_random_forest,transpiled,1234,0.7721899220014166,0.7721899220014166,0.7690630101045344,predicted,
sim_common_q16_v1::su2random_indep_qiskit_8,3157278e31c54e80e45de35bfb793aac89eb413e21aabe08b2e0e140de8c0d39,3,classical_random_forest_transpiled,classical_random_forest,transpiled,1234,0.738525782002398,0.738525782002398,0.7589483094262208,predicted,
sim_common_q16_v1::su2random_indep_qiskit_9,c6ee0cb7c958cecf010796ce2ad0bb148b9fd660dd52393972c541d9ae422eca,4,classical_random_forest_transpiled,classical_random_forest,transpiled,1234,1.0278606899992155,1.0278606899992155,1.054287634024586,predicted,
sim_common_q16_v1::vqe_indep_qiskit_3,92c02520f591e3d46218c6839b62acb2a1d5fbcc2ceba197b9265653f1737b24,4,classical_random_forest_transpiled,classical_random_forest,transpiled,1234,0.6360782570009178,0.6360782570009178,0.6733762153059265,predicted,
sim_common_q16_v1::vqe_indep_qiskit_4,23a9403cafedb94bbd2f39d4d9106aca7f890047719b80231d86ac9fb8382383,0,classical_random_forest_transpiled,classical_random_forest,transpiled,1234,0.633112699000776,0.633112699000776,0.6379581068119847,predicted,
sim_common_q16_v1::vqe_indep_qiskit_5,8c7594c05053bb7af0015bd637170a669e9d39c1da6edce6a769992b6ef5c9cb,0,classical_random_forest_transpiled,classical_random_forest,transpiled,1234,0.7155582859995775,0.7155582859995775,0.6352811060166045,predicted,
sim_common_q16_v1::vqe_indep_qiskit_6,58501be4f197f4efd57535977a245f6adb39216116363b46836664cd6ca29e10,2,classical_random_forest_transpiled,classical_random_forest,transpiled,1234,0.6403484270012996,0.6403484270012996,0.6882263277309395,predicted,
sim_common_q16_v1::vqe_indep_qiskit_7,63b92ee6c5b54da107e9016de97e2cb7768bfb970ebc025650706533e47d3caf,2,classical_random_forest_transpiled,classical_random_forest,transpiled,1234,0.739464948001114,0.739464948001114,0.6898866883980065,predicted,
sim_common_q16_v1::vqe_indep_qiskit_8,6e066adb38de82d96650b3f806e398374e88912fd4688ab9c98f3c94dcd33e16,4,classical_random_forest_transpiled,classical_random_forest,transpiled,1234,0.6498198089975631,0.6498198089975631,0.7079962066358902,predicted,
sim_common_q16_v1::vqe_indep_qiskit_9,bbafe35368c1a915635c383f6aaa4ec709a7c6e055550875d4de11ca0983dbb5,4,classical_random_forest_transpiled,classical_random_forest,transpiled,1234,0.6784349429981376,0.6784349429981376,0.7888658643060675,predicted,
sim_common_q16_v1::wstate_indep_qiskit_2,75b1db396e34d1f1b234ea8dcdc253203a770cecce7f48bb8a126860723c43df,1,classical_random_forest_transpiled,classical_random_forest,transpiled,1234,0.6422257209997042,0.6422257209997042,0.6631916046532111,predicted,
sim_common_q16_v1::wstate_indep_qiskit_3,50a5fc62010017f60b77f8c81e9ddf9bd95419be272d2ec5ed1445aae0c7ac92,3,classical_random_forest_transpiled,classical_random_forest,transpiled,1234,0.6512624009992578,0.6512624009992578,0.6562280868440874,predicted,
sim_common_q16_v1::wstate_indep_qiskit_4,387f2f6f12a10e034ae5b68c11336a9874e87f20871579eec585bfd7311f38c8,4,classical_random_forest_transpiled,classical_random_forest,transpiled,1234,0.629814787000214,0.629814787000214,0.6430114373612633,predicted,
sim_common_q16_v1::wstate_indep_qiskit_5,dc97062e3adcbcaf813cae5e970c8a0357a239b8d4a09e77a4e3e4625532d209,1,classical_random_forest_transpiled,classical_random_forest,transpiled,1234,0.6107438010003534,0.6107438010003534,0.6577803352005275,predicted,
sim_common_q16_v1::wstate_indep_qiskit_6,dbfb4dd8bf80cda30461759a3169ec60ac535a27409cf938f691179c6a121ebd,0,classical_random_forest_transpiled,classical_random_forest,transpiled,1234,0.7103313010011334,0.7103313010011334,0.6363598776416248,predicted,
sim_common_q16_v1::wstate_indep_qiskit_7,1dab21c93a580f711efff03a0f4a1d82985cf201219e886ab246e03a9011735c,1,classical_random_forest_transpiled,classical_random_forest,transpiled,1234,0.6361640809991513,0.6361640809991513,0.7113047470085525,predicted,
sim_common_q16_v1::wstate_indep_qiskit_8,e2fba21685e6e7d22d625d8babcc9c51a8911815153e52fc89277e0efe117045,3,classical_random_forest_transpiled,classical_random_forest,transpiled,1234,0.7347158170014154,0.7347158170014154,0.68070237053228,predicted,
sim_common_q16_v1::wstate_indep_qiskit_9,84c07c56eef046e3c72823b20fb674075b1ab68a85dc6a06baf7f35983e2bd17,2,classical_random_forest_transpiled,classical_random_forest,transpiled,1234,0.6752045199973509,0.6752045199973509,0.7833405781290834,predicted,
sim_common_q16_v1::ae_indep_qiskit_2,de56c0798eca25bd1510d4d10f11e996f0bad2a11ce94a265da0635c161cbcae,0,classical_xgboost_source,classical_xgboost,source,1234,0.6445786120020784,0.6445786120020784,0.6419114530038377,predicted,
sim_common_q16_v1::ae_indep_qiskit_3,6b2f9fea850557b40ca9b69341ec300b1c4fe1f4bf53e94436af2ba1586bac62,0,classical_xgboost_source,classical_xgboost,source,1234,0.6324521900023683,0.6324521900023683,0.6156763204317662,predicted,
sim_common_q16_v1::ae_indep_qiskit_4,9b4261e2d98678946a9aefea16ba9b8abcae8409f8589f8fb3daa941694f88c6,0,classical_xgboost_source,classical_xgboost,source,1234,0.6257052269975247,0.6257052269975247,0.6288982939114024,predicted,
sim_common_q16_v1::ae_indep_qiskit_5,8e4821df72704634cb81ea4d738477a8d596a49cba641e6198fdc9970e1d5d2f,1,classical_xgboost_source,classical_xgboost,source,1234,0.6429755230019509,0.6429755230019509,0.6469914712022813,predicted,
sim_common_q16_v1::ae_indep_qiskit_6,585424315575b559a664523f6ce6236189739069b3872eea4ccdb995a29f8701,2,classical_xgboost_source,classical_xgboost,source,1234,0.6249196000026132,0.6249196000026132,0.7024196284766644,predicted,
sim_common_q16_v1::ae_indep_qiskit_7,a70c5b796698f145c5992d324b3a0b5e28eb7301e6f306652a316a55c68f1ae8,4,classical_xgboost_source,classical_xgboost,source,1234,0.6728184880012122,0.6728184880012122,0.734487618454266,predicted,
sim_common_q16_v1::ae_indep_qiskit_8,78d3420407751ab52a65abe926510d585ebd3a5d1934ac31c13b28eca5c5ee8a,4,classical_xgboost_source,classical_xgboost,source,1234,0.7626127499970607,0.7626127499970607,0.7255866770163193,predicted,
sim_common_q16_v1::ae_indep_qiskit_9,78ecec267502f433ab148452979221600becf679520b50ad454009e0ca097af5,3,classical_xgboost_source,classical_xgboost,source,1234,0.7365946390018507,0.7365946390018507,1.7880298311520362,predicted,
sim_common_q16_v1::dj_indep_qiskit_2,242786b0f7d73c715a317cbdc0725596836f08d98ecd6eb06b3b4ac4f3f563fb,4,classical_xgboost_source,classical_xgboost,source,1234,0.6235974270020961,0.6235974270020961,0.6441178449629482,predicted,
sim_common_q16_v1::dj_indep_qiskit_3,bc8cb33a3a242fb3ab35191a36313674faaca8fe1839cfa05d79788052424d1d,1,classical_xgboost_source,classical_xgboost,source,1234,0.6417426940024598,0.6417426940024598,0.6565424175988597,predicted,
sim_common_q16_v1::dj_indep_qiskit_4,3e4560adf43b5c5102bf22f235abcb9dd2ed5e34930cdb929a128226f96e4ea5,1,classical_xgboost_source,classical_xgboost,source,1234,0.6125353499992343,0.6125353499992343,0.6649191975497504,predicted,
sim_common_q16_v1::dj_indep_qiskit_5,f12c9439f3dfce19e2f161aed74fdafb33146528cdb8524425608579de8b6741,0,classical_xgboost_source,classical_xgboost,source,1234,0.6494606499982183,0.6494606499982183,0.6669601631012827,predicted,
sim_common_q16_v1::dj_indep_qiskit_6,b5736e26e119a619b687dcc0cf8065475e3805bc0c6180b480e0e36badc289db,2,classical_xgboost_source,classical_xgboost,source,1234,0.7272395580002922,0.7272395580002922,0.6847499819805378,predicted,
sim_common_q16_v1::dj_indep_qiskit_7,9fc54c185186ff8c504ebdac4e3fa109beb4cf46f86196a3376b3153a7f72962,3,classical_xgboost_source,classical_xgboost,source,1234,0.6525007039999764,0.6525007039999764,0.6901323797986745,predicted,
sim_common_q16_v1::dj_indep_qiskit_9,db0e077b1674f90860a270d014aa8226822880dbf36c819dad0bea17881b7eb5,3,classical_xgboost_source,classical_xgboost,source,1234,0.6677595889996155,0.6677595889996155,0.9949412097449578,predicted,
sim_common_q16_v1::ghz_indep_qiskit_2,fcd9497c7764bb185a96cc8b6d1c7878851e9b87e64de7ebf47aa1d16eb3ee0a,4,classical_xgboost_source,classical_xgboost,source,1234,0.6328717180003878,0.6328717180003878,0.6561589650608228,predicted,
sim_common_q16_v1::ghz_indep_qiskit_3,7344fd4d264c475e52edca02e3426225c78af7ed0bdaae137741a04685725a5d,2,classical_xgboost_source,classical_xgboost,source,1234,0.6362690579990158,0.6362690579990158,0.626499610982285,predicted,
sim_common_q16_v1::ghz_indep_qiskit_4,01bfdd8291d6badf1219dd3bf6d7e12559976b8ccb3e67d2548e729dc0c0dc82,2,classical_xgboost_source,classical_xgboost,source,1234,0.6424375300011889,0.6424375300011889,0.6332969092486832,predicted,
sim_common_q16_v1::ghz_indep_qiskit_5,de4639e0b84f220ce7281521fbce5104129cc70befb85198bf93def8d4ba7a65,4,classical_xgboost_source,classical_xgboost,source,1234,0.6349322169990046,0.6349322169990046,0.6536839640399394,predicted,
sim_common_q16_v1::ghz_indep_qiskit_6,c67a77f55c658ad1270fd52c8cbc66319b72ceaa5ca5d4015d775b44e8edd85a,2,classical_xgboost_source,classical_xgboost,source,1234,0.6285922220013163,0.6285922220013163,0.8159709106189291,predicted,
sim_common_q16_v1::ghz_indep_qiskit_7,4b24f68f78c4499a295ab28caa04282d174b7ab2a6b0f5333d3bfe630df72f71,0,classical_xgboost_source,classical_xgboost,source,1234,0.6354831150019891,0.6354831150019891,0.648179441864648,predicted,
sim_common_q16_v1::ghz_indep_qiskit_8,2e57556a1b12802c7368ef21e0eb8e5c9863f768a48a9a4d0771725e60b8a616,3,classical_xgboost_source,classical_xgboost,source,1234,0.644572266999603,0.644572266999603,0.6506789182220081,predicted,
sim_common_q16_v1::ghz_indep_qiskit_9,b5f6ad96b1eb0fc9087c079e22e8a91398b460e24d616ed0d8829247aee24f18,0,classical_xgboost_source,classical_xgboost,source,1234,0.7290791659979732,0.7290791659979732,0.6786777735399127,predicted,
sim_common_q16_v1::graphstate_indep_qiskit_3,51e3c5bc60da502bf92a6ed65a7c728a8b957b427652ac8fdaa002b9afc50d40,4,classical_xgboost_source,classical_xgboost,source,1234,0.645907268000883,0.645907268000883,0.6605708660570206,predicted,
sim_common_q16_v1::graphstate_indep_qiskit_4,13721ab5a328b17bf3f8c3692cda844a7e538a8c92530d0c1236f43d3ad5a884,3,classical_xgboost_source,classical_xgboost,source,1234,0.6307967300017481,0.6307967300017481,0.6403970952275011,predicted,
sim_common_q16_v1::graphstate_indep_qiskit_5,cfadb6828c07bfc2fac00ca0c9c03935e927b88961597b69936fc199a094b9ea,0,classical_xgboost_source,classical_xgboost,source,1234,0.6335009460017318,0.6335009460017318,0.6127326993808949,predicted,
sim_common_q16_v1::graphstate_indep_qiskit_6,7b944ad7e38d98fae66177b6c014ae2878d62bcd1765103c19941653817e7996,1,classical_xgboost_source,classical_xgboost,source,1234,4.12037888100167,4.12037888100167,0.661138798429098,predicted,
sim_common_q16_v1::graphstate_indep_qiskit_7,551dfe6ad672d4157a761610fc4c1061ea844868f2106407374764552251d63a,1,classical_xgboost_source,classical_xgboost,source,1234,0.6352743349998491,0.6352743349998491,0.7840241091710071,predicted,
sim_common_q16_v1::graphstate_indep_qiskit_8,b6afb1122e1baece13144a1d0da78738759129107f453e9579e99e8789e057fe,3,classical_xgboost_source,classical_xgboost,source,1234,0.7141289200008032,0.7141289200008032,1.4264195468482255,predicted,
sim_common_q16_v1::graphstate_indep_qiskit_9,040a287609a78a55ab6148ad1a3cc6aa2fcee8b0871b077a9c1a37bee49f69fe,0,classical_xgboost_source,classical_xgboost,source,1234,3.4133249820006317,3.4133249820006317,1.187520012830501,predicted,
sim_common_q16_v1::grover-noancilla_indep_qiskit_2,55746e6a2fd8d9c4b8c813443f2db46b072f75db1632dd252298c735fbc72bf0,1,classical_xgboost_source,classical_xgboost,source,1234,0.6316192150006827,0.6274016160023166,0.6683051261804679,predicted,
sim_common_q16_v1::grover-v-chain_indep_qiskit_2,55746e6a2fd8d9c4b8c813443f2db46b072f75db1632dd252298c735fbc72bf0,1,classical_xgboost_source,classical_xgboost,source,1234,0.6316192150006827,0.6358368139990489,0.6683051261804679,predicted,
sim_common_q16_v1::grover-noancilla_indep_qiskit_3,bc77f4afad8bbb19a6b320c11bc8f8110a330e395e5c509895e0b6c566cab5e9,4,classical_xgboost_source,classical_xgboost,source,1234,0.6336756905002403,0.6221831709990511,0.6340073932010584,predicted,
sim_common_q16_v1::grover-v-chain_indep_qiskit_3,bc77f4afad8bbb19a6b320c11bc8f8110a330e395e5c509895e0b6c566cab5e9,4,classical_xgboost_source,classical_xgboost,source,1234,0.6336756905002403,0.6451682100014295,0.6340073932010584,predicted,
sim_common_q16_v1::grover-noancilla_indep_qiskit_4,edc62038c489069da135981ccefd5c5a2f3cc0a991fa6da4defa393abdb0d2a4,4,classical_xgboost_source,classical_xgboost,source,1234,0.6425279779978155,0.6347441939979035,0.6694114504480273,predicted,
sim_common_q16_v1::grover-v-chain_indep_qiskit_4,edc62038c489069da135981ccefd5c5a2f3cc0a991fa6da4defa393abdb0d2a4,4,classical_xgboost_source,classical_xgboost,source,1234,0.6425279779978155,0.6503117619977274,0.6694114504480273,predicted,
sim_common_q16_v1::grover-noancilla_indep_qiskit_5,dd514cba6fbc94c48a3eb8f2ff2210ef74259e76e7f796394066418bfd93ee86,2,classical_xgboost_source,classical_xgboost,source,1234,0.6749066180018417,0.6749066180018417,0.680709959448665,predicted,
sim_common_q16_v1::grover-noancilla_indep_qiskit_6,b6a15d3507225e442ed02c90df5179f09c529df7bf5ee38a8005cc265f4203a6,0,classical_xgboost_source,classical_xgboost,source,1234,0.8617562030012778,0.8617562030012778,0.9355315135917991,predicted,
sim_common_q16_v1::grover-noancilla_indep_qiskit_7,35548785a9c99b0ad9409f18dfbfc3baed0e1dcbb1d95eae8c8510dcda120410,0,classical_xgboost_source,classical_xgboost,source,1234,2.755100520000269,2.755100520000269,3.1607646870416257,predicted,
sim_common_q16_v1::grover-noancilla_indep_qiskit_8,a3b7d67bad6cd47cb522addfaf763294b1ea99017f443c03052055a2f0074009,4,classical_xgboost_source,classical_xgboost,source,1234,3.8077989039993554,3.8077989039993554,10.812290174213697,predicted,
sim_common_q16_v1::grover-v-chain_indep_qiskit_5,5042c6dd513b1366c0a145850de9e534b0e38aabc818b994ab8c4b6cad7ad5c8,3,classical_xgboost_source,classical_xgboost,source,1234,0.6741303899980267,0.6741303899980267,0.7121761183591233,predicted,
sim_common_q16_v1::grover-v-chain_indep_qiskit_7,84056291d9ff227b3c615cc378349fa1154f5a122bcd0eb6bc04045bbf3affa0,4,classical_xgboost_source,classical_xgboost,source,1234,1.1920864250023442,1.1920864250023442,0.807969391509209,predicted,
sim_common_q16_v1::grover-v-chain_indep_qiskit_9,3d37464cf8c53831d2867c0c111a83e03a820e90fa26f77d01a4a85f4f9d6875,1,classical_xgboost_source,classical_xgboost,source,1234,3.409926619999169,3.409926619999169,1.145649316664394,predicted,
sim_common_q16_v1::portfolioqaoa_indep_qiskit_3,47e6743e95c380a13dc5947d9e9b3db26e541efabd4a27134ff26aa14c00ba7d,1,classical_xgboost_source,classical_xgboost,source,1234,0.6487017560029926,0.6487017560029926,0.6487771881009317,predicted,
sim_common_q16_v1::portfolioqaoa_indep_qiskit_4,568570a69663949a1aaac2fe16e74d3d065c7a8e6013e21368a9d8add886d6dc,2,classical_xgboost_source,classical_xgboost,source,1234,0.6451116749994981,0.6451116749994981,0.6701015584753142,predicted,
sim_common_q16_v1::portfolioqaoa_indep_qiskit_5,0f7836c0a3a429dd9b4f2b55a4fab5d6d112458814cb34efb22309ec614c801f,2,classical_xgboost_source,classical_xgboost,source,1234,0.6517559040003107,0.6517559040003107,0.6717780539915431,predicted,
sim_common_q16_v1::portfolioqaoa_indep_qiskit_6,4dd5e72918722dff3c88e277e20e3ecc1e06dfd0601343e784eeb454470800b7,4,classical_xgboost_source,classical_xgboost,source,1234,0.6879031880016555,0.6879031880016555,0.7645221465624115,predicted,
sim_common_q16_v1::portfolioqaoa_indep_qiskit_7,f8d88243c9d36e41e0eedeff4898e325d59ba4d8ceb4b81c7b48757ade1e94b4,0,classical_xgboost_source,classical_xgboost,source,1234,0.8747539370015147,0.8747539370015147,0.7140447190586738,predicted,
sim_common_q16_v1::portfolioqaoa_indep_qiskit_8,2372d3228c3e3e38e3351feb553380bce5a543c936f73a400de0e54ab470599a,1,classical_xgboost_source,classical_xgboost,source,1234,0.7452616640002816,0.7452616640002816,0.7841673496792204,predicted,
sim_common_q16_v1::portfolioqaoa_indep_qiskit_9,a53b2a3a1ba8397a96b487c44f825f3cab2e0c714b69298f2ab0a839975b173c,0,classical_xgboost_source,classical_xgboost,source,1234,1.0392779800022254,1.0392779800022254,0.8593071387110252,predicted,
sim_common_q16_v1::portfoliovqe_indep_qiskit_3,4b5542071ea595cd62184de26c4f1dac3f6afa86f6450f50a28dbe8e1f865257,0,classical_xgboost_source,classical_xgboost,source,1234,0.6282423720003862,0.6282423720003862,0.906759554450984,predicted,
sim_common_q16_v1::portfoliovqe_indep_qiskit_4,36bb1354ff108648bc8c9c529a2002a53a68e4bfa9bf3529edce11e5d47f851f,0,classical_xgboost_source,classical_xgboost,source,1234,0.6387674009965849,0.6387674009965849,0.9121916469989125,predicted,
sim_common_q16_v1::portfoliovqe_indep_qiskit_5,28b9eac87132bbff64970708737a94c408cfa435ce16cd395a57ab6fbfe5a6f7,2,classical_xgboost_source,classical_xgboost,source,1234,0.7472729069995694,0.7472729069995694,0.6660065936892845,predicted,
sim_common_q16_v1::portfoliovqe_indep_qiskit_6,7dafebd46e73b9b279f1ef96da32f7d563de3721b856b4570375ab81951e06fc,0,classical_xgboost_source,classical_xgboost,source,1234,0.672533150001982,0.672533150001982,0.779158117171577,predicted,
sim_common_q16_v1::portfoliovqe_indep_qiskit_7,99e0865dc3fced630c02b5b2710b24fd9257ba31d54112cde08a769e974f53c4,3,classical_xgboost_source,classical_xgboost,source,1234,0.7434713800030295,0.7434713800030295,0.737923971112606,predicted,
sim_common_q16_v1::portfoliovqe_indep_qiskit_8,eb43007109ad9707544629854cfc7259b0e6aa70c5a618cedacbb7d26dd746a0,0,classical_xgboost_source,classical_xgboost,source,1234,0.7341747549980937,0.7341747549980937,0.9182479600109072,predicted,
sim_common_q16_v1::portfoliovqe_indep_qiskit_9,615d076a941f3eec9d225a20b894c8d30a0c90d4834d03fa0ebd5d13e4b46ded,2,classical_xgboost_source,classical_xgboost,source,1234,1.0230367410003964,1.0230367410003964,1.0677286644476625,predicted,
sim_common_q16_v1::qaoa_indep_qiskit_3,45ca196e391297302c92dc6ea0fd119efa62b2ee88e3b85260561e5fbafa7400,3,classical_xgboost_source,classical_xgboost,source,1234,0.6362355410019518,0.6362355410019518,0.6419561292347211,predicted,
sim_common_q16_v1::qaoa_indep_qiskit_4,9649572da691c86252b1620cba73350902b9ba3cf4dbdb3fb2e3531588da98c4,1,classical_xgboost_source,classical_xgboost,source,1234,0.6444687240000349,0.6444687240000349,0.6264644196268461,predicted,
sim_common_q16_v1::qaoa_indep_qiskit_5,f2ce48d725be79c1ea5cbfeb36811261c4e74460588e911c3b2916a9303c1cf5,0,classical_xgboost_source,classical_xgboost,source,1234,0.6301084189981339,0.6301084189981339,0.6502570838276801,predicted,
sim_common_q16_v1::qaoa_indep_qiskit_6,6a475a20ac3d09839e2b43104ca187037db5ff813b811e0d7356adac93d25244,1,classical_xgboost_source,classical_xgboost,source,1234,0.6421520209987648,0.6421520209987648,0.6629516990340719,predicted,
sim_common_q16_v1::qaoa_indep_qiskit_7,8e1c1014680274215f87d97c833f99474ed19b3393b2b8eea20a36bde517708b,4,classical_xgboost_source,classical_xgboost,source,1234,0.6511161570015247,0.6511161570015247,0.68196144952355,predicted,
sim_common_q16_v1::qaoa_indep_qiskit_8,0a43c652a1c92c83389d952438c22aa0d890a611333da29499d6ff1733925b21,0,classical_xgboost_source,classical_xgboost,source,1234,0.6687408600009803,0.6687408600009803,0.6505075349961993,predicted,
sim_common_q16_v1::qaoa_indep_qiskit_9,a4a7b8b8d556570de9ea2db286aaa4245fa50f4619f25f0f7414b16d503458d8,1,classical_xgboost_source,classical_xgboost,source,1234,17.55494177699802,17.55494177699802,1.0156830745037464,predicted,
sim_common_q16_v1::qft_indep_qiskit_2,aa91238ec5978b739b87b3a657746a8786de113397a5abeadf726d1dd9c836b3,2,classical_xgboost_source,classical_xgboost,source,1234,0.7182261369998741,0.7182261369998741,0.6340866741905364,predicted,
sim_common_q16_v1::qft_indep_qiskit_3,7f613ccae98ac8124d086ee9a39d94b1ed019520da8c3277395b109fd22d7d4d,4,classical_xgboost_source,classical_xgboost,source,1234,0.638093072000629,0.638093072000629,0.8681805925235093,predicted,
sim_common_q16_v1::qft_indep_qiskit_4,ea84355871fa77560419766f8000de4dcb0eea29468bcb0d89a1c84edff34f61,0,classical_xgboost_source,classical_xgboost,source,1234,0.6269083859988314,0.6269083859988314,0.6437079743583445,predicted,
sim_common_q16_v1::qft_indep_qiskit_5,0285fd21a0dd1ca29cd386de85a1a8af49cc7d71f5c86f6451b55a11c68864a8,3,classical_xgboost_source,classical_xgboost,source,1234,0.6442288310026925,0.6442288310026925,0.6442007525661203,predicted,
sim_common_q16_v1::qft_indep_qiskit_6,cbe1ca5505b485bd87b2e68f2b38ecae377e29f823c30e4c44d3f5f87d4266f7,1,classical_xgboost_source,classical_xgboost,source,1234,0.651070706997416,0.651070706997416,0.7398413086909307,predicted,
sim_common_q16_v1::qft_indep_qiskit_7,01de4bb89da48a3fc09c31d41d509c1446c6a4a3b329612c5baf0d39c56a922e,1,classical_xgboost_source,classical_xgboost,source,1234,0.6848869749992446,0.6848869749992446,0.7163702430666465,predicted,
sim_common_q16_v1::qft_indep_qiskit_8,e4664972befc3ffed396f3842bf910be22c2fbe7f293d3c295b971dfe094d398,3,classical_xgboost_source,classical_xgboost,source,1234,0.6876082300004782,0.6876082300004782,0.6685309668311354,predicted,
sim_common_q16_v1::qft_indep_qiskit_9,e0c3acec67c0fb535add575a46e01889b30ec7970005214fd2188b94ae3a55a5,0,classical_xgboost_source,classical_xgboost,source,1234,0.7909492459984904,0.7909492459984904,0.7835034571638948,predicted,
sim_common_q16_v1::qftentangled_indep_qiskit_2,02d66e8b66849fdd0f0581b84924adbd1bd2d7603e25e5e9faa447ac2a6708d0,2,classical_xgboost_source,classical_xgboost,source,1234,0.6421512939996319,0.6421512939996319,0.6600184642321087,predicted,
sim_common_q16_v1::qftentangled_indep_qiskit_3,5ab4253ed51b729f331c9f3cc78bfecd3ecb2fed2e98818816bf3f64e22f1bfe,2,classical_xgboost_source,classical_xgboost,source,1234,0.6430523449998873,0.6430523449998873,0.6351603654716695,predicted,
sim_common_q16_v1::qftentangled_indep_qiskit_4,d7a22ac29418bcf9f00346732fe1b985f8e0b9df60273404dabbf4a62027715f,0,classical_xgboost_source,classical_xgboost,source,1234,0.718577378000191,0.718577378000191,0.6457207797829959,predicted,
sim_common_q16_v1::qftentangled_indep_qiskit_5,4ee5846eef239e2b0e0d3f950f78b5b4b8af213f0063eb50be6bf50bdbb4385d,4,classical_xgboost_source,classical_xgboost,source,1234,0.711588597001537,0.711588597001537,0.6941666758883305,predicted,
sim_common_q16_v1::qftentangled_indep_qiskit_6,7c8832728feaaf34fac1fda49dfcbfbf655902b5b4eb3f1b11e43f21d15de5bf,2,classical_xgboost_source,classical_xgboost,source,1234,0.6466906070018013,0.6466906070018013,0.7092150438118738,predicted,
sim_common_q16_v1::qftentangled_indep_qiskit_7,f0e0170b510412a7e964e82f14793115a9e53a1b250283a74abd893a45b5f20e,3,classical_xgboost_source,classical_xgboost,source,1234,0.7955734110000776,0.7955734110000776,0.690334375047332,predicted,
sim_common_q16_v1::qftentangled_indep_qiskit_8,8711737782301f568af1980707e62c989655488357aa858d6c63bb8e206ae4fc,4,classical_xgboost_source,classical_xgboost,source,1234,0.6800704039997072,0.6800704039997072,0.7252093506894963,predicted,
sim_common_q16_v1::qftentangled_indep_qiskit_9,fea8eb37e38bc24d3352d9446471b5cf8f6b8af6ae4c0f931d5942564936274c,3,classical_xgboost_source,classical_xgboost,source,1234,0.8116922409972176,0.8116922409972176,0.8461764954509542,predicted,
sim_common_q16_v1::qnn_indep_qiskit_2,3c0ed99f7e5a0409bdadc636b8b7a5dd911304ccbe2e87b32589b91dd44a6a5a,3,classical_xgboost_source,classical_xgboost,source,1234,0.6364995420008199,0.6364995420008199,0.6421512900464535,predicted,
sim_common_q16_v1::qnn_indep_qiskit_3,15e80264fdff1398ab38bbd9144f853a3a2317e95163fda15a1e9ec2657beecb,3,classical_xgboost_source,classical_xgboost,source,1234,0.7232230859990523,0.7232230859990523,0.6544467546876007,predicted,
sim_common_q16_v1::qnn_indep_qiskit_4,451bd8177acaca0301a8bb4d61cb192f26dce1f81d8ab04ca0aded562d525c58,1,classical_xgboost_source,classical_xgboost,source,1234,0.6316140970011475,0.6316140970011475,0.6695177248250749,predicted,
sim_common_q16_v1::qnn_indep_qiskit_5,d506e52d304853cd9e55834d3112505279aa22e89e70aa7c00dfc57caad3c72c,0,classical_xgboost_source,classical_xgboost,source,1234,0.6502378280019911,0.6502378280019911,0.6830999034548093,predicted,
sim_common_q16_v1::qnn_indep_qiskit_6,720a3cec5f9b39a53aa0d59f0ecc24f42f2948fbe56164a033262c628e2ba875,1,classical_xgboost_source,classical_xgboost,source,1234,0.6810264529995038,0.6810264529995038,0.719286837465556,predicted,
sim_common_q16_v1::qnn_indep_qiskit_7,6cf91acdbcfc0321d1ffcee7c2197fec29f2b9dd83e7c3b56dbe8d583332ccdb,1,classical_xgboost_source,classical_xgboost,source,1234,0.7633359889987332,0.7633359889987332,0.7297394181012573,predicted,
sim_common_q16_v1::qnn_indep_qiskit_8,f76953672a13f3e92397fe3586ff6557882560261e995147a67b931d701c7fcf,4,classical_xgboost_source,classical_xgboost,source,1234,0.8227666269995098,0.8227666269995098,0.7978971072820256,predicted,
sim_common_q16_v1::qnn_indep_qiskit_9,4df5b36e58378649053c461bf5ee1478fa114ac65c0c14551536b820ce8eafc7,1,classical_xgboost_source,classical_xgboost,source,1234,0.9238195639991318,0.9238195639991318,0.9321653912210314,predicted,
sim_common_q16_v1::qpeexact_indep_qiskit_2,0a43a3dbe4a4294a007fa7ec167a24ea300d3762489b98245c2f80ad29727075,0,classical_xgboost_source,classical_xgboost,source,1234,0.6283055000021704,0.6283055000021704,0.6364033466664445,predicted,
sim_common_q16_v1::qpeexact_indep_qiskit_3,56289d5fdefe63c89244b0849f2e22753ce30832776d74b79de4603006db32f4,4,classical_xgboost_source,classical_xgboost,source,1234,0.7184256109976559,0.7184256109976559,0.8451959632234873,predicted,
sim_common_q16_v1::qpeexact_indep_qiskit_4,af7e7c49ba06f5c554580173d3dcd73bc9d5a9dd9c6e3d3cd8c94d494fa4b969,2,classical_xgboost_source,classical_xgboost,source,1234,0.6284069449975505,0.6284069449975505,0.6457347089914952,predicted,
sim_common_q16_v1::qpeexact_indep_qiskit_5,7478da09664f4489c33c18a6ea1974cc9dea86d1adda1f912c3eaeff27c2d5fa,0,classical_xgboost_source,classical_xgboost,source,1234,0.6475399470000411,0.6475399470000411,0.6539205423495289,predicted,
sim_common_q16_v1::qpeexact_indep_qiskit_6,abe368f160ce73db792b3af14a6e120eda4838b15f01376daa204a680d07c5bc,2,classical_xgboost_source,classical_xgboost,source,1234,0.6475595259980764,0.6475595259980764,0.6636382442579705,predicted,
sim_common_q16_v1::qpeexact_indep_qiskit_7,d06936015124a75ae15e1f94eeb54cc51ab24596726b8110765a69ba66d0e80a,0,classical_xgboost_source,classical_xgboost,source,1234,0.6782379760006734,0.6782379760006734,0.6755333295049561,predicted,
sim_common_q16_v1::qpeexact_indep_qiskit_8,5d3cc38ff0e2b9054c927b6309c6a8dfaba491733eab08b06cc06f2d333da23d,4,classical_xgboost_source,classical_xgboost,source,1234,0.686445900999388,0.686445900999388,0.6986740557873419,predicted,
sim_common_q16_v1::qpeexact_indep_qiskit_9,31f7b2533d8a3c05d59b44a9b2d93f44bc48da630d1884cf9df0012199e10a74,1,classical_xgboost_source,classical_xgboost,source,1234,0.7935242480016313,0.7935242480016313,0.892971414271394,predicted,
sim_common_q16_v1::qpeinexact_indep_qiskit_2,acacd76111e7f23e4224342ca0ab5340b1bdaad3b6eba8893e4036ba14896362,1,classical_xgboost_source,classical_xgboost,source,1234,0.6258419089972449,0.6258419089972449,0.638105573482536,predicted,
sim_common_q16_v1::qpeinexact_indep_qiskit_3,afa0cd93480bae81feca2afdcb909ab13c2934f76b139c27872b18658e5c1f28,2,classical_xgboost_source,classical_xgboost,source,1234,0.6425586090008437,0.6425586090008437,0.6280798375290613,predicted,
sim_common_q16_v1::qpeinexact_indep_qiskit_4,1d76cd981622e5ca02125654d00534f3aec623bbb2b95b7ea894049f76916577,4,classical_xgboost_source,classical_xgboost,source,1234,0.6402722480015655,0.6402722480015655,0.660718547406585,predicted,
sim_common_q16_v1::qpeinexact_indep_qiskit_5,f37f599f25c5024b4069e866a31563a6daf0b1495d17d25343f7b3cfac1169ee,1,classical_xgboost_source,classical_xgboost,source,1234,0.6406791050030733,0.6406791050030733,0.643513265289624,predicted,
sim_common_q16_v1::qpeinexact_indep_qiskit_6,c658b0f6c564cc6b7d6d48105e5567caf0660181ca2dbad8b9bdbdd353962fd6,0,classical_xgboost_source,classical_xgboost,source,1234,0.6522649979997368,0.6522649979997368,0.697241280213638,predicted,
sim_common_q16_v1::qpeinexact_indep_qiskit_7,093af0605e834bf0a4f2aef0b46600d12c6b1c913e791fb13e2513048a6b1c70,4,classical_xgboost_source,classical_xgboost,source,1234,0.7007861210004194,0.7007861210004194,0.6986740557873419,predicted,
sim_common_q16_v1::qpeinexact_indep_qiskit_8,82da8e687716ed31c95e72560edb07e7f6073a5be0f5ebffb17d22aff22c81fd,0,classical_xgboost_source,classical_xgboost,source,1234,0.6688155289994029,0.6688155289994029,0.6997262559768951,predicted,
sim_common_q16_v1::qpeinexact_indep_qiskit_9,81a66b1daaf97d148a8a075515daf8702349d257883a1dd88e26993c1622351f,3,classical_xgboost_source,classical_xgboost,source,1234,0.8898592920013471,0.8898592920013471,0.8307769522920074,predicted,
sim_common_q16_v1::qwalk-noancilla_indep_qiskit_3,9110b8773ad1c544b5ec91feaaa99c96975f7577fe6966b0f0df52dab84bef92,4,classical_xgboost_source,classical_xgboost,source,1234,0.6806762745000015,0.6374438919992826,0.6493630098300238,predicted,
sim_common_q16_v1::qwalk-v-chain_indep_qiskit_3,9110b8773ad1c544b5ec91feaaa99c96975f7577fe6966b0f0df52dab84bef92,4,classical_xgboost_source,classical_xgboost,source,1234,0.6806762745000015,0.7239086570007203,0.6493630098300238,predicted,
sim_common_q16_v1::qwalk-noancilla_indep_qiskit_4,2df018ddcd5f44fd33cd5d80af349db5f84e36d6a5f905ef4611e5e5cc0d03f4,4,classical_xgboost_source,classical_xgboost,source,1234,0.6810126529999252,0.6810126529999252,0.7651791838877744,predicted,
sim_common_q16_v1::qwalk-noancilla_indep_qiskit_5,7e02b8d5bbea94c5e0eabb2edd6a74e15949ae6b737fabb55e66a61d47181912,4,classical_xgboost_source,classical_xgboost,source,1234,0.7063868340010231,0.7063868340010231,0.7951738020010131,predicted,
sim_common_q16_v1::qwalk-noancilla_indep_qiskit_6,97bdbd3569346cfa4a289ced5de0f3280a495266d423a3af48650bf01484b9be,0,classical_xgboost_source,classical_xgboost,source,1234,1.015744493000966,1.015744493000966,2.9771937845644225,predicted,
sim_common_q16_v1::qwalk-noancilla_indep_qiskit_7,73abe6179f1e84e36777e1d953028143ee3ff00662ddb793d55022d9344b4940,2,classical_xgboost_source,classical_xgboost,source,1234,2.998404195997864,2.998404195997864,2.8596459137598567,predicted,
sim_common_q16_v1::qwalk-noancilla_indep_qiskit_8,b23a0318d268fcffc78b4f6ce920c98f33487ec34a71cf7b6225b9b6eb93f1bb,4,classical_xgboost_source,classical_xgboost,source,1234,3.649332992998097,3.649332992998097,3.5865070099760357,predicted,
sim_common_q16_v1::qwalk-noancilla_indep_qiskit_9,e8037a4f622df36c65c0e756e11a6c6e3b8b40fbabaffb6cd59ff1cc79f49063,0,classical_xgboost_source,classical_xgboost,source,1234,18.4117178100023,18.4117178100023,3.583916126928909,predicted,
sim_common_q16_v1::qwalk-v-chain_indep_qiskit_5,72fb5f837aaa2bec862c3a477efd166f351b72903612c32d444704a431457f4d,0,classical_xgboost_source,classical_xgboost,source,1234,0.6463327589990513,0.6463327589990513,0.677553909551343,predicted,
sim_common_q16_v1::qwalk-v-chain_indep_qiskit_7,3d8107599f669ba102c734a8796433a6a348197dd98a74c63f172d7790b5c9a2,2,classical_xgboost_source,classical_xgboost,source,1234,0.984092689002864,0.984092689002864,0.931166469037737,predicted,
sim_common_q16_v1::qwalk-v-chain_indep_qiskit_9,8650fb4f2d0816cd59c97df1ed4051936ecb3b5c31d39ba97cdc5cd2af374a8a,4,classical_xgboost_source,classical_xgboost,source,1234,1.861087077002594,1.861087077002594,1.0835373169124343,predicted,
sim_common_q16_v1::random_indep_qiskit_2,433844fca892218b1218ca028aafb0eddf1929d5ca52fdea53b3cb324e4055bd,1,classical_xgboost_source,classical_xgboost,source,1234,0.6350642280012835,0.6350642280012835,0.6472114811492606,predicted,
sim_common_q16_v1::random_indep_qiskit_3,d7ecd343052e510bdf5fa0f67f2fdbc3ee5ddccd19f39548c2853114a94dece2,4,classical_xgboost_source,classical_xgboost,source,1234,0.6280151889986882,0.6280151889986882,0.6586197762966768,predicted,
sim_common_q16_v1::random_indep_qiskit_4,212e0f8a693a745c9fc792b876e7be6ddb0ba051c1b0f558e0819e1437a8a2fb,2,classical_xgboost_source,classical_xgboost,source,1234,0.7269409180007642,0.7269409180007642,0.6545394532328968,predicted,
sim_common_q16_v1::random_indep_qiskit_5,8f11cd416ae9672f06a39e5ee3a27a70bcbf31d7177cb47270c0cd8512c95381,1,classical_xgboost_source,classical_xgboost,source,1234,0.7345396679993428,0.7345396679993428,0.7245894970430642,predicted,
sim_common_q16_v1::random_indep_qiskit_6,4d5b55eb4b8a0aea0af4bde721618cbe79ed66e0636398ffddc79ace483672a6,3,classical_xgboost_source,classical_xgboost,source,1234,0.6658408169969334,0.6658408169969334,0.6920190785343387,predicted,
sim_common_q16_v1::random_indep_qiskit_7,8ffee9c3a3af1aeaa766f38df57fcb62de5efa16d7f328d60a8977cb0da39e22,0,classical_xgboost_source,classical_xgboost,source,1234,0.7144554340011382,0.7144554340011382,0.7453723502159941,predicted,
sim_common_q16_v1::random_indep_qiskit_8,fa595f88d0ab98542a799af4492f53b2a5e2e88ebc442a9b508abac209d0afcc,3,classical_xgboost_source,classical_xgboost,source,1234,0.6867609079999966,0.6867609079999966,0.7430838928281078,predicted,
sim_common_q16_v1::random_indep_qiskit_9,93eff191c23e0c3d13a127f38595909e7092290f5119c9be24a1ccc61fff5767,1,classical_xgboost_source,classical_xgboost,source,1234,0.9196448500006228,0.9196448500006228,0.9337755070152431,predicted,
sim_common_q16_v1::realamprandom_indep_qiskit_2,806f1844d225682cd7d5d0b276b5567caa23697f73064d8a20347024bb03fe40,1,classical_xgboost_source,classical_xgboost,source,1234,0.6811683435007581,0.7270244620012818,0.680352561921237,predicted,
sim_common_q16_v1::twolocalrandom_indep_qiskit_2,806f1844d225682cd7d5d0b276b5567caa23697f73064d8a20347024bb03fe40,1,classical_xgboost_source,classical_xgboost,source,1234,0.6811683435007581,0.6353122250002343,0.680352561921237,predicted,
sim_common_q16_v1::realamprandom_indep_qiskit_3,79b8fdfbfe6897a226612f9b9e27a4533aac4b48258335fb7746c5f10989cedc,3,classical_xgboost_source,classical_xgboost,source,1234,0.6289825359999668,0.6333517960010795,0.6419561292347211,predicted,
sim_common_q16_v1::twolocalrandom_indep_qiskit_3,79b8fdfbfe6897a226612f9b9e27a4533aac4b48258335fb7746c5f10989cedc,3,classical_xgboost_source,classical_xgboost,source,1234,0.6289825359999668,0.6246132759988541,0.6419561292347211,predicted,
sim_common_q16_v1::realamprandom_indep_qiskit_4,187d76ac82884dc3202418b0e06077eec26afed0c625b228d76b4416e6bfa480,3,classical_xgboost_source,classical_xgboost,source,1234,0.690793351001048,0.6371145330012951,0.6503449243130316,predicted,
sim_common_q16_v1::twolocalrandom_indep_qiskit_4,187d76ac82884dc3202418b0e06077eec26afed0c625b228d76b4416e6bfa480,3,classical_xgboost_source,classical_xgboost,source,1234,0.690793351001048,0.7444721690008009,0.6503449243130316,predicted,
sim_common_q16_v1::realamprandom_indep_qiskit_5,8d3b3ff10a3a80d0dda4e7043cce2b222aaf9e3cc19caa194b8e87da40266ac5,3,classical_xgboost_source,classical_xgboost,source,1234,0.6970405395004491,0.6386868430017785,0.6717448722904069,predicted,
sim_common_q16_v1::twolocalrandom_indep_qiskit_5,8d3b3ff10a3a80d0dda4e7043cce2b222aaf9e3cc19caa194b8e87da40266ac5,3,classical_xgboost_source,classical_xgboost,source,1234,0.6970405395004491,0.7553942359991197,0.6717448722904069,predicted,
sim_common_q16_v1::realamprandom_indep_qiskit_6,c9931425f0767057491a7e6ab8f1ed937fde917a862097440f57606892bddde9,0,classical_xgboost_source,classical_xgboost,source,1234,0.7250354759999027,0.669643510998867,0.7257190538800815,predicted,
sim_common_q16_v1::twolocalrandom_indep_qiskit_6,c9931425f0767057491a7e6ab8f1ed937fde917a862097440f57606892bddde9,0,classical_xgboost_source,classical_xgboost,source,1234,0.7250354759999027,0.7804274410009384,0.7257190538800815,predicted,
sim_common_q16_v1::realamprandom_indep_qiskit_7,af19d23c83544c8b7f6be5c42e0254336c9902c1ef454c06b9d45c4582d2fd3d,2,classical_xgboost_source,classical_xgboost,source,1234,0.7604988409984799,0.7463375029983581,0.7590411347803189,predicted,
sim_common_q16_v1::twolocalrandom_indep_qiskit_7,af19d23c83544c8b7f6be5c42e0254336c9902c1ef454c06b9d45c4582d2fd3d,2,classical_xgboost_source,classical_xgboost,source,1234,0.7604988409984799,0.7746601789986016,0.7590411347803189,predicted,
sim_common_q16_v1::realamprandom_indep_qiskit_8,8ea085ea0c0185c560746ab5988221e203c457e2afbb475976fb99f718e2dad1,4,classical_xgboost_source,classical_xgboost,source,1234,0.7514831415010121,0.7581430490026833,0.7491979551240671,predicted,
sim_common_q16_v1::twolocalrandom_indep_qiskit_8,8ea085ea0c0185c560746ab5988221e203c457e2afbb475976fb99f718e2dad1,4,classical_xgboost_source,classical_xgboost,source,1234,0.7514831415010121,0.744823233999341,0.7491979551240671,predicted,
sim_common_q16_v1::realamprandom_indep_qiskit_9,bdd8a427e9747bbc01ad8e77a22d61f0314fe8db0de17786839f2193ab0928bd,0,classical_xgboost_source,classical_xgboost,source,1234,1.027857403500093,1.0256131179994554,0.9661779901461645,predicted,
sim_common_q16_v1::twolocalrandom_indep_qiskit_9,bdd8a427e9747bbc01ad8e77a22d61f0314fe8db0de17786839f2193ab0928bd,0,classical_xgboost_source,classical_xgboost,source,1234,1.027857403500093,1.0301016890007304,0.9661779901461645,predicted,
sim_common_q16_v1::su2random_indep_qiskit_2,66c9180a271ec04f728ab259ed86a24fe52676e6f40a7614b02f79fd13536c91,0,classical_xgboost_source,classical_xgboost,source,1234,0.73017823400005,0.73017823400005,0.6593519079552159,predicted,
sim_common_q16_v1::su2random_indep_qiskit_3,c69c35c09a4dcfe7dd09af0b73be8e5f608531bf0baadd794f6861bcf237e40c,3,classical_xgboost_source,classical_xgboost,source,1234,0.7221970069986128,0.7221970069986128,0.6432162743008654,predicted,
sim_common_q16_v1::su2random_indep_qiskit_4,7fabc879bc998db5c05d7cc5b83db2d1704d7587139b714da9cf82639f4f093e,4,classical_xgboost_source,classical_xgboost,source,1234,0.6280798560001131,0.6280798560001131,0.7142442589694233,predicted,
sim_common_q16_v1::su2random_indep_qiskit_5,c1572e3b6e41c965a5943c21ceacdbad56fc868b4ee02ff4ef8af2d2054a0602,2,classical_xgboost_source,classical_xgboost,source,1234,0.7392793660001189,0.7392793660001189,0.6907267480117764,predicted,
sim_common_q16_v1::su2random_indep_qiskit_6,2f497b92b87e3e9f44c1ae23dfbffc7309c1550756e6829eb694d42dd4f2ed03,4,classical_xgboost_source,classical_xgboost,source,1234,0.7643177909994847,0.7643177909994847,0.7446282618046606,predicted,
sim_common_q16_v1::su2random_indep_qiskit_7,4f2368cad1a087f01b7598f13a9afa3b7cea2d6f9e96f79eb390f62213c97af7,2,classical_xgboost_source,classical_xgboost,source,1234,0.7721899220014166,0.7721899220014166,0.764777842389959,predicted,
sim_common_q16_v1::su2random_indep_qiskit_8,3157278e31c54e80e45de35bfb793aac89eb413e21aabe08b2e0e140de8c0d39,3,classical_xgboost_source,classical_xgboost,source,1234,0.738525782002398,0.738525782002398,0.7673657032540273,predicted,
sim_common_q16_v1::su2random_indep_qiskit_9,c6ee0cb7c958cecf010796ce2ad0bb148b9fd660dd52393972c541d9ae422eca,4,classical_xgboost_source,classical_xgboost,source,1234,1.0278606899992155,1.0278606899992155,1.0229942132083176,predicted,
sim_common_q16_v1::vqe_indep_qiskit_3,92c02520f591e3d46218c6839b62acb2a1d5fbcc2ceba197b9265653f1737b24,4,classical_xgboost_source,classical_xgboost,source,1234,0.6360782570009178,0.6360782570009178,0.6447421557402209,predicted,
sim_common_q16_v1::vqe_indep_qiskit_4,23a9403cafedb94bbd2f39d4d9106aca7f890047719b80231d86ac9fb8382383,0,classical_xgboost_source,classical_xgboost,source,1234,0.633112699000776,0.633112699000776,0.637723411373428,predicted,
sim_common_q16_v1::vqe_indep_qiskit_5,8c7594c05053bb7af0015bd637170a669e9d39c1da6edce6a769992b6ef5c9cb,0,classical_xgboost_source,classical_xgboost,source,1234,0.7155582859995775,0.7155582859995775,0.6876396017241327,predicted,
sim_common_q16_v1::vqe_indep_qiskit_6,58501be4f197f4efd57535977a245f6adb39216116363b46836664cd6ca29e10,2,classical_xgboost_source,classical_xgboost,source,1234,0.6403484270012996,0.6403484270012996,0.6475631064652086,predicted,
sim_common_q16_v1::vqe_indep_qiskit_7,63b92ee6c5b54da107e9016de97e2cb7768bfb970ebc025650706533e47d3caf,2,classical_xgboost_source,classical_xgboost,source,1234,0.739464948001114,0.739464948001114,0.6148263435312283,predicted,
sim_common_q16_v1::vqe_indep_qiskit_8,6e066adb38de82d96650b3f806e398374e88912fd4688ab9c98f3c94dcd33e16,4,classical_xgboost_source,classical_xgboost,source,1234,0.6498198089975631,0.6498198089975631,0.6729120082987057,predicted,
sim_common_q16_v1::vqe_indep_qiskit_9,bbafe35368c1a915635c383f6aaa4ec709a7c6e055550875d4de11ca0983dbb5,4,classical_xgboost_source,classical_xgboost,source,1234,0.6784349429981376,0.6784349429981376,0.7111908698503011,predicted,
sim_common_q16_v1::wstate_indep_qiskit_2,75b1db396e34d1f1b234ea8dcdc253203a770cecce7f48bb8a126860723c43df,1,classical_xgboost_source,classical_xgboost,source,1234,0.6422257209997042,0.6422257209997042,0.6350451680831677,predicted,
sim_common_q16_v1::wstate_indep_qiskit_3,50a5fc62010017f60b77f8c81e9ddf9bd95419be272d2ec5ed1445aae0c7ac92,3,classical_xgboost_source,classical_xgboost,source,1234,0.6512624009992578,0.6512624009992578,0.6591744817261737,predicted,
sim_common_q16_v1::wstate_indep_qiskit_4,387f2f6f12a10e034ae5b68c11336a9874e87f20871579eec585bfd7311f38c8,4,classical_xgboost_source,classical_xgboost,source,1234,0.629814787000214,0.629814787000214,0.6300184653082005,predicted,
sim_common_q16_v1::wstate_indep_qiskit_5,dc97062e3adcbcaf813cae5e970c8a0357a239b8d4a09e77a4e3e4625532d209,1,classical_xgboost_source,classical_xgboost,source,1234,0.6107438010003534,0.6107438010003534,0.6661495943190608,predicted,
sim_common_q16_v1::wstate_indep_qiskit_6,dbfb4dd8bf80cda30461759a3169ec60ac535a27409cf938f691179c6a121ebd,0,classical_xgboost_source,classical_xgboost,source,1234,0.7103313010011334,0.7103313010011334,0.4945464836524449,predicted,
sim_common_q16_v1::wstate_indep_qiskit_7,1dab21c93a580f711efff03a0f4a1d82985cf201219e886ab246e03a9011735c,1,classical_xgboost_source,classical_xgboost,source,1234,0.6361640809991513,0.6361640809991513,0.6687311761115573,predicted,
sim_common_q16_v1::wstate_indep_qiskit_8,e2fba21685e6e7d22d625d8babcc9c51a8911815153e52fc89277e0efe117045,3,classical_xgboost_source,classical_xgboost,source,1234,0.7347158170014154,0.7347158170014154,0.6259044172769472,predicted,
sim_common_q16_v1::wstate_indep_qiskit_9,84c07c56eef046e3c72823b20fb674075b1ab68a85dc6a06baf7f35983e2bd17,2,classical_xgboost_source,classical_xgboost,source,1234,0.6752045199973509,0.6752045199973509,0.8723242552390976,predicted,
sim_common_q16_v1::ae_indep_qiskit_2,de56c0798eca25bd1510d4d10f11e996f0bad2a11ce94a265da0635c161cbcae,0,classical_xgboost_hybrid,classical_xgboost,hybrid,1234,0.6445786120020784,0.6445786120020784,0.6352763020017329,predicted,
sim_common_q16_v1::ae_indep_qiskit_3,6b2f9fea850557b40ca9b69341ec300b1c4fe1f4bf53e94436af2ba1586bac62,0,classical_xgboost_hybrid,classical_xgboost,hybrid,1234,0.6324521900023683,0.6324521900023683,0.6282119643755495,predicted,
sim_common_q16_v1::ae_indep_qiskit_4,9b4261e2d98678946a9aefea16ba9b8abcae8409f8589f8fb3daa941694f88c6,0,classical_xgboost_hybrid,classical_xgboost,hybrid,1234,0.6257052269975247,0.6257052269975247,0.6391702788189002,predicted,
sim_common_q16_v1::ae_indep_qiskit_5,8e4821df72704634cb81ea4d738477a8d596a49cba641e6198fdc9970e1d5d2f,1,classical_xgboost_hybrid,classical_xgboost,hybrid,1234,0.6429755230019509,0.6429755230019509,0.6623667977737626,predicted,
sim_common_q16_v1::ae_indep_qiskit_6,585424315575b559a664523f6ce6236189739069b3872eea4ccdb995a29f8701,2,classical_xgboost_hybrid,classical_xgboost,hybrid,1234,0.6249196000026132,0.6249196000026132,0.658978385510685,predicted,
sim_common_q16_v1::ae_indep_qiskit_7,a70c5b796698f145c5992d324b3a0b5e28eb7301e6f306652a316a55c68f1ae8,4,classical_xgboost_hybrid,classical_xgboost,hybrid,1234,0.6728184880012122,0.6728184880012122,0.6534946272016096,predicted,
sim_common_q16_v1::ae_indep_qiskit_8,78d3420407751ab52a65abe926510d585ebd3a5d1934ac31c13b28eca5c5ee8a,4,classical_xgboost_hybrid,classical_xgboost,hybrid,1234,0.7626127499970607,0.7626127499970607,0.6680517755241611,predicted,
sim_common_q16_v1::ae_indep_qiskit_9,78ecec267502f433ab148452979221600becf679520b50ad454009e0ca097af5,3,classical_xgboost_hybrid,classical_xgboost,hybrid,1234,0.7365946390018507,0.7365946390018507,1.1604108703960254,predicted,
sim_common_q16_v1::dj_indep_qiskit_2,242786b0f7d73c715a317cbdc0725596836f08d98ecd6eb06b3b4ac4f3f563fb,4,classical_xgboost_hybrid,classical_xgboost,hybrid,1234,0.6235974270020961,0.6235974270020961,0.6400707537878996,predicted,
sim_common_q16_v1::dj_indep_qiskit_3,bc8cb33a3a242fb3ab35191a36313674faaca8fe1839cfa05d79788052424d1d,1,classical_xgboost_hybrid,classical_xgboost,hybrid,1234,0.6417426940024598,0.6417426940024598,0.6436610951234452,predicted,
sim_common_q16_v1::dj_indep_qiskit_4,3e4560adf43b5c5102bf22f235abcb9dd2ed5e34930cdb929a128226f96e4ea5,1,classical_xgboost_hybrid,classical_xgboost,hybrid,1234,0.6125353499992343,0.6125353499992343,0.6509588561880475,predicted,
sim_common_q16_v1::dj_indep_qiskit_5,f12c9439f3dfce19e2f161aed74fdafb33146528cdb8524425608579de8b6741,0,classical_xgboost_hybrid,classical_xgboost,hybrid,1234,0.6494606499982183,0.6494606499982183,0.6298666650776812,predicted,
sim_common_q16_v1::dj_indep_qiskit_6,b5736e26e119a619b687dcc0cf8065475e3805bc0c6180b480e0e36badc289db,2,classical_xgboost_hybrid,classical_xgboost,hybrid,1234,0.7272395580002922,0.7272395580002922,0.6507992512915568,predicted,
sim_common_q16_v1::dj_indep_qiskit_7,9fc54c185186ff8c504ebdac4e3fa109beb4cf46f86196a3376b3153a7f72962,3,classical_xgboost_hybrid,classical_xgboost,hybrid,1234,0.6525007039999764,0.6525007039999764,0.6703124098101075,predicted,
sim_common_q16_v1::dj_indep_qiskit_9,db0e077b1674f90860a270d014aa8226822880dbf36c819dad0bea17881b7eb5,3,classical_xgboost_hybrid,classical_xgboost,hybrid,1234,0.6677595889996155,0.6677595889996155,0.9195368507126203,predicted,
sim_common_q16_v1::ghz_indep_qiskit_2,fcd9497c7764bb185a96cc8b6d1c7878851e9b87e64de7ebf47aa1d16eb3ee0a,4,classical_xgboost_hybrid,classical_xgboost,hybrid,1234,0.6328717180003878,0.6328717180003878,0.6388310431688983,predicted,
sim_common_q16_v1::ghz_indep_qiskit_3,7344fd4d264c475e52edca02e3426225c78af7ed0bdaae137741a04685725a5d,2,classical_xgboost_hybrid,classical_xgboost,hybrid,1234,0.6362690579990158,0.6362690579990158,0.6411953801769268,predicted,
sim_common_q16_v1::ghz_indep_qiskit_4,01bfdd8291d6badf1219dd3bf6d7e12559976b8ccb3e67d2548e729dc0c0dc82,2,classical_xgboost_hybrid,classical_xgboost,hybrid,1234,0.6424375300011889,0.6424375300011889,0.6394909686812701,predicted,
sim_common_q16_v1::ghz_indep_qiskit_5,de4639e0b84f220ce7281521fbce5104129cc70befb85198bf93def8d4ba7a65,4,classical_xgboost_hybrid,classical_xgboost,hybrid,1234,0.6349322169990046,0.6349322169990046,0.6273081553974508,predicted,
sim_common_q16_v1::ghz_indep_qiskit_6,c67a77f55c658ad1270fd52c8cbc66319b72ceaa5ca5d4015d775b44e8edd85a,2,classical_xgboost_hybrid,classical_xgboost,hybrid,1234,0.6285922220013163,0.6285922220013163,0.6404425613656322,predicted,
sim_common_q16_v1::ghz_indep_qiskit_7,4b24f68f78c4499a295ab28caa04282d174b7ab2a6b0f5333d3bfe630df72f71,0,classical_xgboost_hybrid,classical_xgboost,hybrid,1234,0.6354831150019891,0.6354831150019891,0.6467901893183713,predicted,
sim_common_q16_v1::ghz_indep_qiskit_8,2e57556a1b12802c7368ef21e0eb8e5c9863f768a48a9a4d0771725e60b8a616,3,classical_xgboost_hybrid,classical_xgboost,hybrid,1234,0.644572266999603,0.644572266999603,0.667163959981764,predicted,
sim_common_q16_v1::ghz_indep_qiskit_9,b5f6ad96b1eb0fc9087c079e22e8a91398b460e24d616ed0d8829247aee24f18,0,classical_xgboost_hybrid,classical_xgboost,hybrid,1234,0.7290791659979732,0.7290791659979732,0.6632531491946876,predicted,
sim_common_q16_v1::graphstate_indep_qiskit_3,51e3c5bc60da502bf92a6ed65a7c728a8b957b427652ac8fdaa002b9afc50d40,4,classical_xgboost_hybrid,classical_xgboost,hybrid,1234,0.645907268000883,0.645907268000883,0.6485996642710526,predicted,
sim_common_q16_v1::graphstate_indep_qiskit_4,13721ab5a328b17bf3f8c3692cda844a7e538a8c92530d0c1236f43d3ad5a884,3,classical_xgboost_hybrid,classical_xgboost,hybrid,1234,0.6307967300017481,0.6307967300017481,0.6548799184099143,predicted,
sim_common_q16_v1::graphstate_indep_qiskit_5,cfadb6828c07bfc2fac00ca0c9c03935e927b88961597b69936fc199a094b9ea,0,classical_xgboost_hybrid,classical_xgboost,hybrid,1234,0.6335009460017318,0.6335009460017318,0.6303249262557948,predicted,
sim_common_q16_v1::graphstate_indep_qiskit_6,7b944ad7e38d98fae66177b6c014ae2878d62bcd1765103c19941653817e7996,1,classical_xgboost_hybrid,classical_xgboost,hybrid,1234,4.12037888100167,4.12037888100167,2.9496141377544967,predicted,
sim_common_q16_v1::graphstate_indep_qiskit_7,551dfe6ad672d4157a761610fc4c1061ea844868f2106407374764552251d63a,1,classical_xgboost_hybrid,classical_xgboost,hybrid,1234,0.6352743349998491,0.6352743349998491,0.663308568043672,predicted,
sim_common_q16_v1::graphstate_indep_qiskit_8,b6afb1122e1baece13144a1d0da78738759129107f453e9579e99e8789e057fe,3,classical_xgboost_hybrid,classical_xgboost,hybrid,1234,0.7141289200008032,0.7141289200008032,0.6721623321123009,predicted,
sim_common_q16_v1::graphstate_indep_qiskit_9,040a287609a78a55ab6148ad1a3cc6aa2fcee8b0871b077a9c1a37bee49f69fe,0,classical_xgboost_hybrid,classical_xgboost,hybrid,1234,3.4133249820006317,3.4133249820006317,0.7166924274599854,predicted,
sim_common_q16_v1::grover-noancilla_indep_qiskit_2,55746e6a2fd8d9c4b8c813443f2db46b072f75db1632dd252298c735fbc72bf0,1,classical_xgboost_hybrid,classical_xgboost,hybrid,1234,0.6316192150006827,0.6274016160023166,0.6999892811867054,predicted,
sim_common_q16_v1::grover-v-chain_indep_qiskit_2,55746e6a2fd8d9c4b8c813443f2db46b072f75db1632dd252298c735fbc72bf0,1,classical_xgboost_hybrid,classical_xgboost,hybrid,1234,0.6316192150006827,0.6358368139990489,0.6999892811867054,predicted,
sim_common_q16_v1::grover-noancilla_indep_qiskit_3,bc77f4afad8bbb19a6b320c11bc8f8110a330e395e5c509895e0b6c566cab5e9,4,classical_xgboost_hybrid,classical_xgboost,hybrid,1234,0.6336756905002403,0.6221831709990511,0.6482723787208418,predicted,
sim_common_q16_v1::grover-v-chain_indep_qiskit_3,bc77f4afad8bbb19a6b320c11bc8f8110a330e395e5c509895e0b6c566cab5e9,4,classical_xgboost_hybrid,classical_xgboost,hybrid,1234,0.6336756905002403,0.6451682100014295,0.6482723787208418,predicted,
sim_common_q16_v1::grover-noancilla_indep_qiskit_4,edc62038c489069da135981ccefd5c5a2f3cc0a991fa6da4defa393abdb0d2a4,4,classical_xgboost_hybrid,classical_xgboost,hybrid,1234,0.6425279779978155,0.6347441939979035,0.663616230757833,predicted,
sim_common_q16_v1::grover-v-chain_indep_qiskit_4,edc62038c489069da135981ccefd5c5a2f3cc0a991fa6da4defa393abdb0d2a4,4,classical_xgboost_hybrid,classical_xgboost,hybrid,1234,0.6425279779978155,0.6503117619977274,0.663616230757833,predicted,
sim_common_q16_v1::grover-noancilla_indep_qiskit_5,dd514cba6fbc94c48a3eb8f2ff2210ef74259e76e7f796394066418bfd93ee86,2,classical_xgboost_hybrid,classical_xgboost,hybrid,1234,0.6749066180018417,0.6749066180018417,0.6578597060093175,predicted,
sim_common_q16_v1::grover-noancilla_indep_qiskit_6,b6a15d3507225e442ed02c90df5179f09c529df7bf5ee38a8005cc265f4203a6,0,classical_xgboost_hybrid,classical_xgboost,hybrid,1234,0.8617562030012778,0.8617562030012778,2.911785358205591,predicted,
sim_common_q16_v1::grover-noancilla_indep_qiskit_7,35548785a9c99b0ad9409f18dfbfc3baed0e1dcbb1d95eae8c8510dcda120410,0,classical_xgboost_hybrid,classical_xgboost,hybrid,1234,2.755100520000269,2.755100520000269,3.4516547492138576,predicted,
sim_common_q16_v1::grover-noancilla_indep_qiskit_8,a3b7d67bad6cd47cb522addfaf763294b1ea99017f443c03052055a2f0074009,4,classical_xgboost_hybrid,classical_xgboost,hybrid,1234,3.8077989039993554,3.8077989039993554,15.102392402197385,predicted,
sim_common_q16_v1::grover-v-chain_indep_qiskit_5,5042c6dd513b1366c0a145850de9e534b0e38aabc818b994ab8c4b6cad7ad5c8,3,classical_xgboost_hybrid,classical_xgboost,hybrid,1234,0.6741303899980267,0.6741303899980267,0.7947183578187852,predicted,
sim_common_q16_v1::grover-v-chain_indep_qiskit_7,84056291d9ff227b3c615cc378349fa1154f5a122bcd0eb6bc04045bbf3affa0,4,classical_xgboost_hybrid,classical_xgboost,hybrid,1234,1.1920864250023442,1.1920864250023442,0.9111984945079432,predicted,
sim_common_q16_v1::grover-v-chain_indep_qiskit_9,3d37464cf8c53831d2867c0c111a83e03a820e90fa26f77d01a4a85f4f9d6875,1,classical_xgboost_hybrid,classical_xgboost,hybrid,1234,3.409926619999169,3.409926619999169,1.694311477254388,predicted,
sim_common_q16_v1::portfolioqaoa_indep_qiskit_3,47e6743e95c380a13dc5947d9e9b3db26e541efabd4a27134ff26aa14c00ba7d,1,classical_xgboost_hybrid,classical_xgboost,hybrid,1234,0.6487017560029926,0.6487017560029926,0.6499879846372272,predicted,
sim_common_q16_v1::portfolioqaoa_indep_qiskit_4,568570a69663949a1aaac2fe16e74d3d065c7a8e6013e21368a9d8add886d6dc,2,classical_xgboost_hybrid,classical_xgboost,hybrid,1234,0.6451116749994981,0.6451116749994981,0.6611595909927083,predicted,
sim_common_q16_v1::portfolioqaoa_indep_qiskit_5,0f7836c0a3a429dd9b4f2b55a4fab5d6d112458814cb34efb22309ec614c801f,2,classical_xgboost_hybrid,classical_xgboost,hybrid,1234,0.6517559040003107,0.6517559040003107,0.661402883323951,predicted,
sim_common_q16_v1::portfolioqaoa_indep_qiskit_6,4dd5e72918722dff3c88e277e20e3ecc1e06dfd0601343e784eeb454470800b7,4,classical_xgboost_hybrid,classical_xgboost,hybrid,1234,0.6879031880016555,0.6879031880016555,0.7692831462185115,predicted,
sim_common_q16_v1::portfolioqaoa_indep_qiskit_7,f8d88243c9d36e41e0eedeff4898e325d59ba4d8ceb4b81c7b48757ade1e94b4,0,classical_xgboost_hybrid,classical_xgboost,hybrid,1234,0.8747539370015147,0.8747539370015147,0.735253032092582,predicted,
sim_common_q16_v1::portfolioqaoa_indep_qiskit_8,2372d3228c3e3e38e3351feb553380bce5a543c936f73a400de0e54ab470599a,1,classical_xgboost_hybrid,classical_xgboost,hybrid,1234,0.7452616640002816,0.7452616640002816,0.8996554956093289,predicted,
sim_common_q16_v1::portfolioqaoa_indep_qiskit_9,a53b2a3a1ba8397a96b487c44f825f3cab2e0c714b69298f2ab0a839975b173c,0,classical_xgboost_hybrid,classical_xgboost,hybrid,1234,1.0392779800022254,1.0392779800022254,0.8804466041831952,predicted,
sim_common_q16_v1::portfoliovqe_indep_qiskit_3,4b5542071ea595cd62184de26c4f1dac3f6afa86f6450f50a28dbe8e1f865257,0,classical_xgboost_hybrid,classical_xgboost,hybrid,1234,0.6282423720003862,0.6282423720003862,0.6472154084121505,predicted,
sim_common_q16_v1::portfoliovqe_indep_qiskit_4,36bb1354ff108648bc8c9c529a2002a53a68e4bfa9bf3529edce11e5d47f851f,0,classical_xgboost_hybrid,classical_xgboost,hybrid,1234,0.6387674009965849,0.6387674009965849,0.6916388076409126,predicted,
sim_common_q16_v1::portfoliovqe_indep_qiskit_5,28b9eac87132bbff64970708737a94c408cfa435ce16cd395a57ab6fbfe5a6f7,2,classical_xgboost_hybrid,classical_xgboost,hybrid,1234,0.7472729069995694,0.7472729069995694,0.6716692443878358,predicted,
sim_common_q16_v1::portfoliovqe_indep_qiskit_6,7dafebd46e73b9b279f1ef96da32f7d563de3721b856b4570375ab81951e06fc,0,classical_xgboost_hybrid,classical_xgboost,hybrid,1234,0.672533150001982,0.672533150001982,0.7386789833068395,predicted,
sim_common_q16_v1::portfoliovqe_indep_qiskit_7,99e0865dc3fced630c02b5b2710b24fd9257ba31d54112cde08a769e974f53c4,3,classical_xgboost_hybrid,classical_xgboost,hybrid,1234,0.7434713800030295,0.7434713800030295,0.7401895769517367,predicted,
sim_common_q16_v1::portfoliovqe_indep_qiskit_8,eb43007109ad9707544629854cfc7259b0e6aa70c5a618cedacbb7d26dd746a0,0,classical_xgboost_hybrid,classical_xgboost,hybrid,1234,0.7341747549980937,0.7341747549980937,0.7695936403205376,predicted,
sim_common_q16_v1::portfoliovqe_indep_qiskit_9,615d076a941f3eec9d225a20b894c8d30a0c90d4834d03fa0ebd5d13e4b46ded,2,classical_xgboost_hybrid,classical_xgboost,hybrid,1234,1.0230367410003964,1.0230367410003964,0.950151843501929,predicted,
sim_common_q16_v1::qaoa_indep_qiskit_3,45ca196e391297302c92dc6ea0fd119efa62b2ee88e3b85260561e5fbafa7400,3,classical_xgboost_hybrid,classical_xgboost,hybrid,1234,0.6362355410019518,0.6362355410019518,0.6366439887301181,predicted,
sim_common_q16_v1::qaoa_indep_qiskit_4,9649572da691c86252b1620cba73350902b9ba3cf4dbdb3fb2e3531588da98c4,1,classical_xgboost_hybrid,classical_xgboost,hybrid,1234,0.6444687240000349,0.6444687240000349,0.6413686825362601,predicted,
sim_common_q16_v1::qaoa_indep_qiskit_5,f2ce48d725be79c1ea5cbfeb36811261c4e74460588e911c3b2916a9303c1cf5,0,classical_xgboost_hybrid,classical_xgboost,hybrid,1234,0.6301084189981339,0.6301084189981339,0.667072442064682,predicted,
sim_common_q16_v1::qaoa_indep_qiskit_6,6a475a20ac3d09839e2b43104ca187037db5ff813b811e0d7356adac93d25244,1,classical_xgboost_hybrid,classical_xgboost,hybrid,1234,0.6421520209987648,0.6421520209987648,0.6763056989764319,predicted,
sim_common_q16_v1::qaoa_indep_qiskit_7,8e1c1014680274215f87d97c833f99474ed19b3393b2b8eea20a36bde517708b,4,classical_xgboost_hybrid,classical_xgboost,hybrid,1234,0.6511161570015247,0.6511161570015247,0.6654395780144884,predicted,
sim_common_q16_v1::qaoa_indep_qiskit_8,0a43c652a1c92c83389d952438c22aa0d890a611333da29499d6ff1733925b21,0,classical_xgboost_hybrid,classical_xgboost,hybrid,1234,0.6687408600009803,0.6687408600009803,0.7799571417175679,predicted,
sim_common_q16_v1::qaoa_indep_qiskit_9,a4a7b8b8d556570de9ea2db286aaa4245fa50f4619f25f0f7414b16d503458d8,1,classical_xgboost_hybrid,classical_xgboost,hybrid,1234,17.55494177699802,17.55494177699802,2.913554514281942,predicted,
sim_common_q16_v1::qft_indep_qiskit_2,aa91238ec5978b739b87b3a657746a8786de113397a5abeadf726d1dd9c836b3,2,classical_xgboost_hybrid,classical_xgboost,hybrid,1234,0.7182261369998741,0.7182261369998741,0.6348299500401995,predicted,
sim_common_q16_v1::qft_indep_qiskit_3,7f613ccae98ac8124d086ee9a39d94b1ed019520da8c3277395b109fd22d7d4d,4,classical_xgboost_hybrid,classical_xgboost,hybrid,1234,0.638093072000629,0.638093072000629,0.645356651285366,predicted,
sim_common_q16_v1::qft_indep_qiskit_4,ea84355871fa77560419766f8000de4dcb0eea29468bcb0d89a1c84edff34f61,0,classical_xgboost_hybrid,classical_xgboost,hybrid,1234,0.6269083859988314,0.6269083859988314,0.6648757323473231,predicted,
sim_common_q16_v1::qft_indep_qiskit_5,0285fd21a0dd1ca29cd386de85a1a8af49cc7d71f5c86f6451b55a11c68864a8,3,classical_xgboost_hybrid,classical_xgboost,hybrid,1234,0.6442288310026925,0.6442288310026925,0.6772348717870029,predicted,
sim_common_q16_v1::qft_indep_qiskit_6,cbe1ca5505b485bd87b2e68f2b38ecae377e29f823c30e4c44d3f5f87d4266f7,1,classical_xgboost_hybrid,classical_xgboost,hybrid,1234,0.651070706997416,0.651070706997416,0.6641003966784634,predicted,
sim_common_q16_v1::qft_indep_qiskit_7,01de4bb89da48a3fc09c31d41d509c1446c6a4a3b329612c5baf0d39c56a922e,1,classical_xgboost_hybrid,classical_xgboost,hybrid,1234,0.6848869749992446,0.6848869749992446,0.6911263687696431,predicted,
sim_common_q16_v1::qft_indep_qiskit_8,e4664972befc3ffed396f3842bf910be22c2fbe7f293d3c295b971dfe094d398,3,classical_xgboost_hybrid,classical_xgboost,hybrid,1234,0.6876082300004782,0.6876082300004782,0.6923781504474013,predicted,
sim_common_q16_v1::qft_indep_qiskit_9,e0c3acec67c0fb535add575a46e01889b30ec7970005214fd2188b94ae3a55a5,0,classical_xgboost_hybrid,classical_xgboost,hybrid,1234,0.7909492459984904,0.7909492459984904,0.7278778068914231,predicted,
sim_common_q16_v1::qftentangled_indep_qiskit_2,02d66e8b66849fdd0f0581b84924adbd1bd2d7603e25e5e9faa447ac2a6708d0,2,classical_xgboost_hybrid,classical_xgboost,hybrid,1234,0.6421512939996319,0.6421512939996319,0.6348299500401995,predicted,
sim_common_q16_v1::qftentangled_indep_qiskit_3,5ab4253ed51b729f331c9f3cc78bfecd3ecb2fed2e98818816bf3f64e22f1bfe,2,classical_xgboost_hybrid,classical_xgboost,hybrid,1234,0.6430523449998873,0.6430523449998873,0.6519516655587747,predicted,
sim_common_q16_v1::qftentangled_indep_qiskit_4,d7a22ac29418bcf9f00346732fe1b985f8e0b9df60273404dabbf4a62027715f,0,classical_xgboost_hybrid,classical_xgboost,hybrid,1234,0.718577378000191,0.718577378000191,0.6562500812969438,predicted,
sim_common_q16_v1::qftentangled_indep_qiskit_5,4ee5846eef239e2b0e0d3f950f78b5b4b8af213f0063eb50be6bf50bdbb4385d,4,classical_xgboost_hybrid,classical_xgboost,hybrid,1234,0.711588597001537,0.711588597001537,0.6547191454166539,predicted,
sim_common_q16_v1::qftentangled_indep_qiskit_6,7c8832728feaaf34fac1fda49dfcbfbf655902b5b4eb3f1b11e43f21d15de5bf,2,classical_xgboost_hybrid,classical_xgboost,hybrid,1234,0.6466906070018013,0.6466906070018013,0.7104667571474966,predicted,
sim_common_q16_v1::qftentangled_indep_qiskit_7,f0e0170b510412a7e964e82f14793115a9e53a1b250283a74abd893a45b5f20e,3,classical_xgboost_hybrid,classical_xgboost,hybrid,1234,0.7955734110000776,0.7955734110000776,0.6781756626035584,predicted,
sim_common_q16_v1::qftentangled_indep_qiskit_8,8711737782301f568af1980707e62c989655488357aa858d6c63bb8e206ae4fc,4,classical_xgboost_hybrid,classical_xgboost,hybrid,1234,0.6800704039997072,0.6800704039997072,0.7375543036446592,predicted,
sim_common_q16_v1::qftentangled_indep_qiskit_9,fea8eb37e38bc24d3352d9446471b5cf8f6b8af6ae4c0f931d5942564936274c,3,classical_xgboost_hybrid,classical_xgboost,hybrid,1234,0.8116922409972176,0.8116922409972176,0.8043999173538048,predicted,
sim_common_q16_v1::qnn_indep_qiskit_2,3c0ed99f7e5a0409bdadc636b8b7a5dd911304ccbe2e87b32589b91dd44a6a5a,3,classical_xgboost_hybrid,classical_xgboost,hybrid,1234,0.6364995420008199,0.6364995420008199,0.6451680717547847,predicted,
sim_common_q16_v1::qnn_indep_qiskit_3,15e80264fdff1398ab38bbd9144f853a3a2317e95163fda15a1e9ec2657beecb,3,classical_xgboost_hybrid,classical_xgboost,hybrid,1234,0.7232230859990523,0.7232230859990523,0.6423685976778302,predicted,
sim_common_q16_v1::qnn_indep_qiskit_4,451bd8177acaca0301a8bb4d61cb192f26dce1f81d8ab04ca0aded562d525c58,1,classical_xgboost_hybrid,classical_xgboost,hybrid,1234,0.6316140970011475,0.6316140970011475,0.6648060713074395,predicted,
sim_common_q16_v1::qnn_indep_qiskit_5,d506e52d304853cd9e55834d3112505279aa22e89e70aa7c00dfc57caad3c72c,0,classical_xgboost_hybrid,classical_xgboost,hybrid,1234,0.6502378280019911,0.6502378280019911,0.6513312620077698,predicted,
sim_common_q16_v1::qnn_indep_qiskit_6,720a3cec5f9b39a53aa0d59f0ecc24f42f2948fbe56164a033262c628e2ba875,1,classical_xgboost_hybrid,classical_xgboost,hybrid,1234,0.6810264529995038,0.6810264529995038,0.7208906402772272,predicted,
sim_common_q16_v1::qnn_indep_qiskit_7,6cf91acdbcfc0321d1ffcee7c2197fec29f2b9dd83e7c3b56dbe8d583332ccdb,1,classical_xgboost_hybrid,classical_xgboost,hybrid,1234,0.7633359889987332,0.7633359889987332,0.7549583143386814,predicted,
sim_common_q16_v1::qnn_indep_qiskit_8,f76953672a13f3e92397fe3586ff6557882560261e995147a67b931d701c7fcf,4,classical_xgboost_hybrid,classical_xgboost,hybrid,1234,0.8227666269995098,0.8227666269995098,0.7767176571349066,predicted,
sim_common_q16_v1::qnn_indep_qiskit_9,4df5b36e58378649053c461bf5ee1478fa114ac65c0c14551536b820ce8eafc7,1,classical_xgboost_hybrid,classical_xgboost,hybrid,1234,0.9238195639991318,0.9238195639991318,0.9328004058816193,predicted,
sim_common_q16_v1::qpeexact_indep_qiskit_2,0a43a3dbe4a4294a007fa7ec167a24ea300d3762489b98245c2f80ad29727075,0,classical_xgboost_hybrid,classical_xgboost,hybrid,1234,0.6283055000021704,0.6283055000021704,0.6317411369188073,predicted,
sim_common_q16_v1::qpeexact_indep_qiskit_3,56289d5fdefe63c89244b0849f2e22753ce30832776d74b79de4603006db32f4,4,classical_xgboost_hybrid,classical_xgboost,hybrid,1234,0.7184256109976559,0.7184256109976559,0.6451512055799767,predicted,
sim_common_q16_v1::qpeexact_indep_qiskit_4,af7e7c49ba06f5c554580173d3dcd73bc9d5a9dd9c6e3d3cd8c94d494fa4b969,2,classical_xgboost_hybrid,classical_xgboost,hybrid,1234,0.6284069449975505,0.6284069449975505,0.6342519202129003,predicted,
sim_common_q16_v1::qpeexact_indep_qiskit_5,7478da09664f4489c33c18a6ea1974cc9dea86d1adda1f912c3eaeff27c2d5fa,0,classical_xgboost_hybrid,classical_xgboost,hybrid,1234,0.6475399470000411,0.6475399470000411,0.6374661160159492,predicted,
sim_common_q16_v1::qpeexact_indep_qiskit_6,abe368f160ce73db792b3af14a6e120eda4838b15f01376daa204a680d07c5bc,2,classical_xgboost_hybrid,classical_xgboost,hybrid,1234,0.6475595259980764,0.6475595259980764,0.6510419119419852,predicted,
sim_common_q16_v1::qpeexact_indep_qiskit_7,d06936015124a75ae15e1f94eeb54cc51ab24596726b8110765a69ba66d0e80a,0,classical_xgboost_hybrid,classical_xgboost,hybrid,1234,0.6782379760006734,0.6782379760006734,0.6790327132108374,predicted,
sim_common_q16_v1::qpeexact_indep_qiskit_8,5d3cc38ff0e2b9054c927b6309c6a8dfaba491733eab08b06cc06f2d333da23d,4,classical_xgboost_hybrid,classical_xgboost,hybrid,1234,0.686445900999388,0.686445900999388,0.685352000547516,predicted,
sim_common_q16_v1::qpeexact_indep_qiskit_9,31f7b2533d8a3c05d59b44a9b2d93f44bc48da630d1884cf9df0012199e10a74,1,classical_xgboost_hybrid,classical_xgboost,hybrid,1234,0.7935242480016313,0.7935242480016313,0.8270244687409694,predicted,
sim_common_q16_v1::qpeinexact_indep_qiskit_2,acacd76111e7f23e4224342ca0ab5340b1bdaad3b6eba8893e4036ba14896362,1,classical_xgboost_hybrid,classical_xgboost,hybrid,1234,0.6258419089972449,0.6258419089972449,0.635456290377806,predicted,
sim_common_q16_v1::qpeinexact_indep_qiskit_3,afa0cd93480bae81feca2afdcb909ab13c2934f76b139c27872b18658e5c1f28,2,classical_xgboost_hybrid,classical_xgboost,hybrid,1234,0.6425586090008437,0.6425586090008437,0.6560341942957733,predicted,
sim_common_q16_v1::qpeinexact_indep_qiskit_4,1d76cd981622e5ca02125654d00534f3aec623bbb2b95b7ea894049f76916577,4,classical_xgboost_hybrid,classical_xgboost,hybrid,1234,0.6402722480015655,0.6402722480015655,0.6592584452858736,predicted,
sim_common_q16_v1::qpeinexact_indep_qiskit_5,f37f599f25c5024b4069e866a31563a6daf0b1495d17d25343f7b3cfac1169ee,1,classical_xgboost_hybrid,classical_xgboost,hybrid,1234,0.6406791050030733,0.6406791050030733,0.6445538426850015,predicted,
sim_common_q16_v1::qpeinexact_indep_qiskit_6,c658b0f6c564cc6b7d6d48105e5567caf0660181ca2dbad8b9bdbdd353962fd6,0,classical_xgboost_hybrid,classical_xgboost,hybrid,1234,0.6522649979997368,0.6522649979997368,0.6576267139275161,predicted,
sim_common_q16_v1::qpeinexact_indep_qiskit_7,093af0605e834bf0a4f2aef0b46600d12c6b1c913e791fb13e2513048a6b1c70,4,classical_xgboost_hybrid,classical_xgboost,hybrid,1234,0.7007861210004194,0.7007861210004194,0.677211278799599,predicted,
sim_common_q16_v1::qpeinexact_indep_qiskit_8,82da8e687716ed31c95e72560edb07e7f6073a5be0f5ebffb17d22aff22c81fd,0,classical_xgboost_hybrid,classical_xgboost,hybrid,1234,0.6688155289994029,0.6688155289994029,0.7039795632811515,predicted,
sim_common_q16_v1::qpeinexact_indep_qiskit_9,81a66b1daaf97d148a8a075515daf8702349d257883a1dd88e26993c1622351f,3,classical_xgboost_hybrid,classical_xgboost,hybrid,1234,0.8898592920013471,0.8898592920013471,0.8041919264506003,predicted,
sim_common_q16_v1::qwalk-noancilla_indep_qiskit_3,9110b8773ad1c544b5ec91feaaa99c96975f7577fe6966b0f0df52dab84bef92,4,classical_xgboost_hybrid,classical_xgboost,hybrid,1234,0.6806762745000015,0.6374438919992826,0.6737330498101708,predicted,
sim_common_q16_v1::qwalk-v-chain_indep_qiskit_3,9110b8773ad1c544b5ec91feaaa99c96975f7577fe6966b0f0df52dab84bef92,4,classical_xgboost_hybrid,classical_xgboost,hybrid,1234,0.6806762745000015,0.7239086570007203,0.6737330498101708,predicted,
sim_common_q16_v1::qwalk-noancilla_indep_qiskit_4,2df018ddcd5f44fd33cd5d80af349db5f84e36d6a5f905ef4611e5e5cc0d03f4,4,classical_xgboost_hybrid,classical_xgboost,hybrid,1234,0.6810126529999252,0.6810126529999252,0.8920183545420313,predicted,
sim_common_q16_v1::qwalk-noancilla_indep_qiskit_5,7e02b8d5bbea94c5e0eabb2edd6a74e15949ae6b737fabb55e66a61d47181912,4,classical_xgboost_hybrid,classical_xgboost,hybrid,1234,0.7063868340010231,0.7063868340010231,0.8953074176755605,predicted,
sim_common_q16_v1::qwalk-noancilla_indep_qiskit_6,97bdbd3569346cfa4a289ced5de0f3280a495266d423a3af48650bf01484b9be,0,classical_xgboost_hybrid,classical_xgboost,hybrid,1234,1.015744493000966,1.015744493000966,2.9162641369794415,predicted,
sim_common_q16_v1::qwalk-noancilla_indep_qiskit_7,73abe6179f1e84e36777e1d953028143ee3ff00662ddb793d55022d9344b4940,2,classical_xgboost_hybrid,classical_xgboost,hybrid,1234,2.998404195997864,2.998404195997864,2.7831323842511324,predicted,
sim_common_q16_v1::qwalk-noancilla_indep_qiskit_8,b23a0318d268fcffc78b4f6ce920c98f33487ec34a71cf7b6225b9b6eb93f1bb,4,classical_xgboost_hybrid,classical_xgboost,hybrid,1234,3.649332992998097,3.649332992998097,3.1884195028247886,predicted,
sim_common_q16_v1::qwalk-noancilla_indep_qiskit_9,e8037a4f622df36c65c0e756e11a6c6e3b8b40fbabaffb6cd59ff1cc79f49063,0,classical_xgboost_hybrid,classical_xgboost,hybrid,1234,18.4117178100023,18.4117178100023,3.664390470892588,predicted,
sim_common_q16_v1::qwalk-v-chain_indep_qiskit_5,72fb5f837aaa2bec862c3a477efd166f351b72903612c32d444704a431457f4d,0,classical_xgboost_hybrid,classical_xgboost,hybrid,1234,0.6463327589990513,0.6463327589990513,0.7173205999686797,predicted,
sim_common_q16_v1::qwalk-v-chain_indep_qiskit_7,3d8107599f669ba102c734a8796433a6a348197dd98a74c63f172d7790b5c9a2,2,classical_xgboost_hybrid,classical_xgboost,hybrid,1234,0.984092689002864,0.984092689002864,1.0812111996402767,predicted,
sim_common_q16_v1::qwalk-v-chain_indep_qiskit_9,8650fb4f2d0816cd59c97df1ed4051936ecb3b5c31d39ba97cdc5cd2af374a8a,4,classical_xgboost_hybrid,classical_xgboost,hybrid,1234,1.861087077002594,1.861087077002594,1.0585361332753431,predicted,
sim_common_q16_v1::random_indep_qiskit_2,433844fca892218b1218ca028aafb0eddf1929d5ca52fdea53b3cb324e4055bd,1,classical_xgboost_hybrid,classical_xgboost,hybrid,1234,0.6350642280012835,0.6350642280012835,0.6535537618349483,predicted,
sim_common_q16_v1::random_indep_qiskit_3,d7ecd343052e510bdf5fa0f67f2fdbc3ee5ddccd19f39548c2853114a94dece2,4,classical_xgboost_hybrid,classical_xgboost,hybrid,1234,0.6280151889986882,0.6280151889986882,0.6617800221904313,predicted,
sim_common_q16_v1::random_indep_qiskit_4,212e0f8a693a745c9fc792b876e7be6ddb0ba051c1b0f558e0819e1437a8a2fb,2,classical_xgboost_hybrid,classical_xgboost,hybrid,1234,0.7269409180007642,0.7269409180007642,0.6465619425588846,predicted,
sim_common_q16_v1::random_indep_qiskit_5,8f11cd416ae9672f06a39e5ee3a27a70bcbf31d7177cb47270c0cd8512c95381,1,classical_xgboost_hybrid,classical_xgboost,hybrid,1234,0.7345396679993428,0.7345396679993428,0.7108040468319978,predicted,
sim_common_q16_v1::random_indep_qiskit_6,4d5b55eb4b8a0aea0af4bde721618cbe79ed66e0636398ffddc79ace483672a6,3,classical_xgboost_hybrid,classical_xgboost,hybrid,1234,0.6658408169969334,0.6658408169969334,0.7121798943483121,predicted,
sim_common_q16_v1::random_indep_qiskit_7,8ffee9c3a3af1aeaa766f38df57fcb62de5efa16d7f328d60a8977cb0da39e22,0,classical_xgboost_hybrid,classical_xgboost,hybrid,1234,0.7144554340011382,0.7144554340011382,0.7181610811473697,predicted,
sim_common_q16_v1::random_indep_qiskit_8,fa595f88d0ab98542a799af4492f53b2a5e2e88ebc442a9b508abac209d0afcc,3,classical_xgboost_hybrid,classical_xgboost,hybrid,1234,0.6867609079999966,0.6867609079999966,0.7627534857923342,predicted,
sim_common_q16_v1::random_indep_qiskit_9,93eff191c23e0c3d13a127f38595909e7092290f5119c9be24a1ccc61fff5767,1,classical_xgboost_hybrid,classical_xgboost,hybrid,1234,0.9196448500006228,0.9196448500006228,0.8304310656627124,predicted,
sim_common_q16_v1::realamprandom_indep_qiskit_2,806f1844d225682cd7d5d0b276b5567caa23697f73064d8a20347024bb03fe40,1,classical_xgboost_hybrid,classical_xgboost,hybrid,1234,0.6811683435007581,0.7270244620012818,0.6796998665797244,predicted,
sim_common_q16_v1::twolocalrandom_indep_qiskit_2,806f1844d225682cd7d5d0b276b5567caa23697f73064d8a20347024bb03fe40,1,classical_xgboost_hybrid,classical_xgboost,hybrid,1234,0.6811683435007581,0.6353122250002343,0.6796998665797244,predicted,
sim_common_q16_v1::realamprandom_indep_qiskit_3,79b8fdfbfe6897a226612f9b9e27a4533aac4b48258335fb7746c5f10989cedc,3,classical_xgboost_hybrid,classical_xgboost,hybrid,1234,0.6289825359999668,0.6333517960010795,0.6390568505333116,predicted,
sim_common_q16_v1::twolocalrandom_indep_qiskit_3,79b8fdfbfe6897a226612f9b9e27a4533aac4b48258335fb7746c5f10989cedc,3,classical_xgboost_hybrid,classical_xgboost,hybrid,1234,0.6289825359999668,0.6246132759988541,0.6390568505333116,predicted,
sim_common_q16_v1::realamprandom_indep_qiskit_4,187d76ac82884dc3202418b0e06077eec26afed0c625b228d76b4416e6bfa480,3,classical_xgboost_hybrid,classical_xgboost,hybrid,1234,0.690793351001048,0.6371145330012951,0.6531350356104887,predicted,
sim_common_q16_v1::twolocalrandom_indep_qiskit_4,187d76ac82884dc3202418b0e06077eec26afed0c625b228d76b4416e6bfa480,3,classical_xgboost_hybrid,classical_xgboost,hybrid,1234,0.690793351001048,0.7444721690008009,0.6531350356104887,predicted,
sim_common_q16_v1::realamprandom_indep_qiskit_5,8d3b3ff10a3a80d0dda4e7043cce2b222aaf9e3cc19caa194b8e87da40266ac5,3,classical_xgboost_hybrid,classical_xgboost,hybrid,1234,0.6970405395004491,0.6386868430017785,0.7090888226769534,predicted,
sim_common_q16_v1::twolocalrandom_indep_qiskit_5,8d3b3ff10a3a80d0dda4e7043cce2b222aaf9e3cc19caa194b8e87da40266ac5,3,classical_xgboost_hybrid,classical_xgboost,hybrid,1234,0.6970405395004491,0.7553942359991197,0.7090888226769534,predicted,
sim_common_q16_v1::realamprandom_indep_qiskit_6,c9931425f0767057491a7e6ab8f1ed937fde917a862097440f57606892bddde9,0,classical_xgboost_hybrid,classical_xgboost,hybrid,1234,0.7250354759999027,0.669643510998867,0.7248231625976882,predicted,
sim_common_q16_v1::twolocalrandom_indep_qiskit_6,c9931425f0767057491a7e6ab8f1ed937fde917a862097440f57606892bddde9,0,classical_xgboost_hybrid,classical_xgboost,hybrid,1234,0.7250354759999027,0.7804274410009384,0.7248231625976882,predicted,
sim_common_q16_v1::realamprandom_indep_qiskit_7,af19d23c83544c8b7f6be5c42e0254336c9902c1ef454c06b9d45c4582d2fd3d,2,classical_xgboost_hybrid,classical_xgboost,hybrid,1234,0.7604988409984799,0.7463375029983581,0.757120233611978,predicted,
sim_common_q16_v1::twolocalrandom_indep_qiskit_7,af19d23c83544c8b7f6be5c42e0254336c9902c1ef454c06b9d45c4582d2fd3d,2,classical_xgboost_hybrid,classical_xgboost,hybrid,1234,0.7604988409984799,0.7746601789986016,0.757120233611978,predicted,
sim_common_q16_v1::realamprandom_indep_qiskit_8,8ea085ea0c0185c560746ab5988221e203c457e2afbb475976fb99f718e2dad1,4,classical_xgboost_hybrid,classical_xgboost,hybrid,1234,0.7514831415010121,0.7581430490026833,0.7455973865846695,predicted,
sim_common_q16_v1::twolocalrandom_indep_qiskit_8,8ea085ea0c0185c560746ab5988221e203c457e2afbb475976fb99f718e2dad1,4,classical_xgboost_hybrid,classical_xgboost,hybrid,1234,0.7514831415010121,0.744823233999341,0.7455973865846695,predicted,
sim_common_q16_v1::realamprandom_indep_qiskit_9,bdd8a427e9747bbc01ad8e77a22d61f0314fe8db0de17786839f2193ab0928bd,0,classical_xgboost_hybrid,classical_xgboost,hybrid,1234,1.027857403500093,1.0256131179994554,1.0142568684268747,predicted,
sim_common_q16_v1::twolocalrandom_indep_qiskit_9,bdd8a427e9747bbc01ad8e77a22d61f0314fe8db0de17786839f2193ab0928bd,0,classical_xgboost_hybrid,classical_xgboost,hybrid,1234,1.027857403500093,1.0301016890007304,1.0142568684268747,predicted,
sim_common_q16_v1::su2random_indep_qiskit_2,66c9180a271ec04f728ab259ed86a24fe52676e6f40a7614b02f79fd13536c91,0,classical_xgboost_hybrid,classical_xgboost,hybrid,1234,0.73017823400005,0.73017823400005,0.6421495771500715,predicted,
sim_common_q16_v1::su2random_indep_qiskit_3,c69c35c09a4dcfe7dd09af0b73be8e5f608531bf0baadd794f6861bcf237e40c,3,classical_xgboost_hybrid,classical_xgboost,hybrid,1234,0.7221970069986128,0.7221970069986128,0.6460894040146299,predicted,
sim_common_q16_v1::su2random_indep_qiskit_4,7fabc879bc998db5c05d7cc5b83db2d1704d7587139b714da9cf82639f4f093e,4,classical_xgboost_hybrid,classical_xgboost,hybrid,1234,0.6280798560001131,0.6280798560001131,0.7013894909212987,predicted,
sim_common_q16_v1::su2random_indep_qiskit_5,c1572e3b6e41c965a5943c21ceacdbad56fc868b4ee02ff4ef8af2d2054a0602,2,classical_xgboost_hybrid,classical_xgboost,hybrid,1234,0.7392793660001189,0.7392793660001189,0.6944048039405736,predicted,
sim_common_q16_v1::su2random_indep_qiskit_6,2f497b92b87e3e9f44c1ae23dfbffc7309c1550756e6829eb694d42dd4f2ed03,4,classical_xgboost_hybrid,classical_xgboost,hybrid,1234,0.7643177909994847,0.7643177909994847,0.7295437444139349,predicted,
sim_common_q16_v1::su2random_indep_qiskit_7,4f2368cad1a087f01b7598f13a9afa3b7cea2d6f9e96f79eb390f62213c97af7,2,classical_xgboost_hybrid,classical_xgboost,hybrid,1234,0.7721899220014166,0.7721899220014166,0.7612226753976126,predicted,
sim_common_q16_v1::su2random_indep_qiskit_8,3157278e31c54e80e45de35bfb793aac89eb413e21aabe08b2e0e140de8c0d39,3,classical_xgboost_hybrid,classical_xgboost,hybrid,1234,0.738525782002398,0.738525782002398,0.7605669008931193,predicted,
sim_common_q16_v1::su2random_indep_qiskit_9,c6ee0cb7c958cecf010796ce2ad0bb148b9fd660dd52393972c541d9ae422eca,4,classical_xgboost_hybrid,classical_xgboost,hybrid,1234,1.0278606899992155,1.0278606899992155,1.069357758335434,predicted,
sim_common_q16_v1::vqe_indep_qiskit_3,92c02520f591e3d46218c6839b62acb2a1d5fbcc2ceba197b9265653f1737b24,4,classical_xgboost_hybrid,classical_xgboost,hybrid,1234,0.6360782570009178,0.6360782570009178,0.671425544543975,predicted,
sim_common_q16_v1::vqe_indep_qiskit_4,23a9403cafedb94bbd2f39d4d9106aca7f890047719b80231d86ac9fb8382383,0,classical_xgboost_hybrid,classical_xgboost,hybrid,1234,0.633112699000776,0.633112699000776,0.6379892411014684,predicted,
sim_common_q16_v1::vqe_indep_qiskit_5,8c7594c05053bb7af0015bd637170a669e9d39c1da6edce6a769992b6ef5c9cb,0,classical_xgboost_hybrid,classical_xgboost,hybrid,1234,0.7155582859995775,0.7155582859995775,0.6458561531418677,predicted,
sim_common_q16_v1::vqe_indep_qiskit_6,58501be4f197f4efd57535977a245f6adb39216116363b46836664cd6ca29e10,2,classical_xgboost_hybrid,classical_xgboost,hybrid,1234,0.6403484270012996,0.6403484270012996,0.7066787600032527,predicted,
sim_common_q16_v1::vqe_indep_qiskit_7,63b92ee6c5b54da107e9016de97e2cb7768bfb970ebc025650706533e47d3caf,2,classical_xgboost_hybrid,classical_xgboost,hybrid,1234,0.739464948001114,0.739464948001114,0.6901020574089058,predicted,
sim_common_q16_v1::vqe_indep_qiskit_8,6e066adb38de82d96650b3f806e398374e88912fd4688ab9c98f3c94dcd33e16,4,classical_xgboost_hybrid,classical_xgboost,hybrid,1234,0.6498198089975631,0.6498198089975631,0.7273954712068409,predicted,
sim_common_q16_v1::vqe_indep_qiskit_9,bbafe35368c1a915635c383f6aaa4ec709a7c6e055550875d4de11ca0983dbb5,4,classical_xgboost_hybrid,classical_xgboost,hybrid,1234,0.6784349429981376,0.6784349429981376,0.7466029657842227,predicted,
sim_common_q16_v1::wstate_indep_qiskit_2,75b1db396e34d1f1b234ea8dcdc253203a770cecce7f48bb8a126860723c43df,1,classical_xgboost_hybrid,classical_xgboost,hybrid,1234,0.6422257209997042,0.6422257209997042,0.6656519256625342,predicted,
sim_common_q16_v1::wstate_indep_qiskit_3,50a5fc62010017f60b77f8c81e9ddf9bd95419be272d2ec5ed1445aae0c7ac92,3,classical_xgboost_hybrid,classical_xgboost,hybrid,1234,0.6512624009992578,0.6512624009992578,0.6366886191881164,predicted,
sim_common_q16_v1::wstate_indep_qiskit_4,387f2f6f12a10e034ae5b68c11336a9874e87f20871579eec585bfd7311f38c8,4,classical_xgboost_hybrid,classical_xgboost,hybrid,1234,0.629814787000214,0.629814787000214,0.6525675741542729,predicted,
sim_common_q16_v1::wstate_indep_qiskit_5,dc97062e3adcbcaf813cae5e970c8a0357a239b8d4a09e77a4e3e4625532d209,1,classical_xgboost_hybrid,classical_xgboost,hybrid,1234,0.6107438010003534,0.6107438010003534,0.6745998091868044,predicted,
sim_common_q16_v1::wstate_indep_qiskit_6,dbfb4dd8bf80cda30461759a3169ec60ac535a27409cf938f691179c6a121ebd,0,classical_xgboost_hybrid,classical_xgboost,hybrid,1234,0.7103313010011334,0.7103313010011334,0.6178539186628059,predicted,
sim_common_q16_v1::wstate_indep_qiskit_7,1dab21c93a580f711efff03a0f4a1d82985cf201219e886ab246e03a9011735c,1,classical_xgboost_hybrid,classical_xgboost,hybrid,1234,0.6361640809991513,0.6361640809991513,0.7165469305442826,predicted,
sim_common_q16_v1::wstate_indep_qiskit_8,e2fba21685e6e7d22d625d8babcc9c51a8911815153e52fc89277e0efe117045,3,classical_xgboost_hybrid,classical_xgboost,hybrid,1234,0.7347158170014154,0.7347158170014154,0.6484373398089267,predicted,
sim_common_q16_v1::wstate_indep_qiskit_9,84c07c56eef046e3c72823b20fb674075b1ab68a85dc6a06baf7f35983e2bd17,2,classical_xgboost_hybrid,classical_xgboost,hybrid,1234,0.6752045199973509,0.6752045199973509,0.7649345808949422,predicted,
sim_common_q16_v1::ae_indep_qiskit_2,de56c0798eca25bd1510d4d10f11e996f0bad2a11ce94a265da0635c161cbcae,0,classical_xgboost_transpiled,classical_xgboost,transpiled,1234,0.6445786120020784,0.6445786120020784,0.6333579501447592,predicted,
sim_common_q16_v1::ae_indep_qiskit_3,6b2f9fea850557b40ca9b69341ec300b1c4fe1f4bf53e94436af2ba1586bac62,0,classical_xgboost_transpiled,classical_xgboost,transpiled,1234,0.6324521900023683,0.6324521900023683,0.6381351582760351,predicted,
sim_common_q16_v1::ae_indep_qiskit_4,9b4261e2d98678946a9aefea16ba9b8abcae8409f8589f8fb3daa941694f88c6,0,classical_xgboost_transpiled,classical_xgboost,transpiled,1234,0.6257052269975247,0.6257052269975247,0.6295221188796221,predicted,
sim_common_q16_v1::ae_indep_qiskit_5,8e4821df72704634cb81ea4d738477a8d596a49cba641e6198fdc9970e1d5d2f,1,classical_xgboost_transpiled,classical_xgboost,transpiled,1234,0.6429755230019509,0.6429755230019509,0.6603817303742913,predicted,
sim_common_q16_v1::ae_indep_qiskit_6,585424315575b559a664523f6ce6236189739069b3872eea4ccdb995a29f8701,2,classical_xgboost_transpiled,classical_xgboost,transpiled,1234,0.6249196000026132,0.6249196000026132,0.6479700584171679,predicted,
sim_common_q16_v1::ae_indep_qiskit_7,a70c5b796698f145c5992d324b3a0b5e28eb7301e6f306652a316a55c68f1ae8,4,classical_xgboost_transpiled,classical_xgboost,transpiled,1234,0.6728184880012122,0.6728184880012122,0.680198928386849,predicted,
sim_common_q16_v1::ae_indep_qiskit_8,78d3420407751ab52a65abe926510d585ebd3a5d1934ac31c13b28eca5c5ee8a,4,classical_xgboost_transpiled,classical_xgboost,transpiled,1234,0.7626127499970607,0.7626127499970607,0.6891935447899774,predicted,
sim_common_q16_v1::ae_indep_qiskit_9,78ecec267502f433ab148452979221600becf679520b50ad454009e0ca097af5,3,classical_xgboost_transpiled,classical_xgboost,transpiled,1234,0.7365946390018507,0.7365946390018507,0.8018191517570782,predicted,
sim_common_q16_v1::dj_indep_qiskit_2,242786b0f7d73c715a317cbdc0725596836f08d98ecd6eb06b3b4ac4f3f563fb,4,classical_xgboost_transpiled,classical_xgboost,transpiled,1234,0.6235974270020961,0.6235974270020961,0.6449198524565312,predicted,
sim_common_q16_v1::dj_indep_qiskit_3,bc8cb33a3a242fb3ab35191a36313674faaca8fe1839cfa05d79788052424d1d,1,classical_xgboost_transpiled,classical_xgboost,transpiled,1234,0.6417426940024598,0.6417426940024598,0.6316462145534358,predicted,
sim_common_q16_v1::dj_indep_qiskit_4,3e4560adf43b5c5102bf22f235abcb9dd2ed5e34930cdb929a128226f96e4ea5,1,classical_xgboost_transpiled,classical_xgboost,transpiled,1234,0.6125353499992343,0.6125353499992343,0.6416607895361047,predicted,
sim_common_q16_v1::dj_indep_qiskit_5,f12c9439f3dfce19e2f161aed74fdafb33146528cdb8524425608579de8b6741,0,classical_xgboost_transpiled,classical_xgboost,transpiled,1234,0.6494606499982183,0.6494606499982183,0.6277031189700287,predicted,
sim_common_q16_v1::dj_indep_qiskit_6,b5736e26e119a619b687dcc0cf8065475e3805bc0c6180b480e0e36badc289db,2,classical_xgboost_transpiled,classical_xgboost,transpiled,1234,0.7272395580002922,0.7272395580002922,0.6494502128358093,predicted,
sim_common_q16_v1::dj_indep_qiskit_7,9fc54c185186ff8c504ebdac4e3fa109beb4cf46f86196a3376b3153a7f72962,3,classical_xgboost_transpiled,classical_xgboost,transpiled,1234,0.6525007039999764,0.6525007039999764,0.6708441361646136,predicted,
sim_common_q16_v1::dj_indep_qiskit_9,db0e077b1674f90860a270d014aa8226822880dbf36c819dad0bea17881b7eb5,3,classical_xgboost_transpiled,classical_xgboost,transpiled,1234,0.6677595889996155,0.6677595889996155,0.7379846749405348,predicted,
sim_common_q16_v1::ghz_indep_qiskit_2,fcd9497c7764bb185a96cc8b6d1c7878851e9b87e64de7ebf47aa1d16eb3ee0a,4,classical_xgboost_transpiled,classical_xgboost,transpiled,1234,0.6328717180003878,0.6328717180003878,0.6312540375482235,predicted,
sim_common_q16_v1::ghz_indep_qiskit_3,7344fd4d264c475e52edca02e3426225c78af7ed0bdaae137741a04685725a5d,2,classical_xgboost_transpiled,classical_xgboost,transpiled,1234,0.6362690579990158,0.6362690579990158,0.647823952722744,predicted,
sim_common_q16_v1::ghz_indep_qiskit_4,01bfdd8291d6badf1219dd3bf6d7e12559976b8ccb3e67d2548e729dc0c0dc82,2,classical_xgboost_transpiled,classical_xgboost,transpiled,1234,0.6424375300011889,0.6424375300011889,0.6327555267129144,predicted,
sim_common_q16_v1::ghz_indep_qiskit_5,de4639e0b84f220ce7281521fbce5104129cc70befb85198bf93def8d4ba7a65,4,classical_xgboost_transpiled,classical_xgboost,transpiled,1234,0.6349322169990046,0.6349322169990046,0.6249182063381988,predicted,
sim_common_q16_v1::ghz_indep_qiskit_6,c67a77f55c658ad1270fd52c8cbc66319b72ceaa5ca5d4015d775b44e8edd85a,2,classical_xgboost_transpiled,classical_xgboost,transpiled,1234,0.6285922220013163,0.6285922220013163,0.6257037260402052,predicted,
sim_common_q16_v1::ghz_indep_qiskit_7,4b24f68f78c4499a295ab28caa04282d174b7ab2a6b0f5333d3bfe630df72f71,0,classical_xgboost_transpiled,classical_xgboost,transpiled,1234,0.6354831150019891,0.6354831150019891,0.6500502394295474,predicted,
sim_common_q16_v1::ghz_indep_qiskit_8,2e57556a1b12802c7368ef21e0eb8e5c9863f768a48a9a4d0771725e60b8a616,3,classical_xgboost_transpiled,classical_xgboost,transpiled,1234,0.644572266999603,0.644572266999603,0.6767146034993787,predicted,
sim_common_q16_v1::ghz_indep_qiskit_9,b5f6ad96b1eb0fc9087c079e22e8a91398b460e24d616ed0d8829247aee24f18,0,classical_xgboost_transpiled,classical_xgboost,transpiled,1234,0.7290791659979732,0.7290791659979732,0.6936325748227012,predicted,
sim_common_q16_v1::graphstate_indep_qiskit_3,51e3c5bc60da502bf92a6ed65a7c728a8b957b427652ac8fdaa002b9afc50d40,4,classical_xgboost_transpiled,classical_xgboost,transpiled,1234,0.645907268000883,0.645907268000883,0.6451226217308853,predicted,
sim_common_q16_v1::graphstate_indep_qiskit_4,13721ab5a328b17bf3f8c3692cda844a7e538a8c92530d0c1236f43d3ad5a884,3,classical_xgboost_transpiled,classical_xgboost,transpiled,1234,0.6307967300017481,0.6307967300017481,0.6545018801114697,predicted,
sim_common_q16_v1::graphstate_indep_qiskit_5,cfadb6828c07bfc2fac00ca0c9c03935e927b88961597b69936fc199a094b9ea,0,classical_xgboost_transpiled,classical_xgboost,transpiled,1234,0.6335009460017318,0.6335009460017318,0.6265475519464458,predicted,
sim_common_q16_v1::graphstate_indep_qiskit_6,7b944ad7e38d98fae66177b6c014ae2878d62bcd1765103c19941653817e7996,1,classical_xgboost_transpiled,classical_xgboost,transpiled,1234,4.12037888100167,4.12037888100167,3.128397170784622,predicted,
sim_common_q16_v1::graphstate_indep_qiskit_7,551dfe6ad672d4157a761610fc4c1061ea844868f2106407374764552251d63a,1,classical_xgboost_transpiled,classical_xgboost,transpiled,1234,0.6352743349998491,0.6352743349998491,0.6680892586551475,predicted,
sim_common_q16_v1::graphstate_indep_qiskit_8,b6afb1122e1baece13144a1d0da78738759129107f453e9579e99e8789e057fe,3,classical_xgboost_transpiled,classical_xgboost,transpiled,1234,0.7141289200008032,0.7141289200008032,0.6757087096459573,predicted,
sim_common_q16_v1::graphstate_indep_qiskit_9,040a287609a78a55ab6148ad1a3cc6aa2fcee8b0871b077a9c1a37bee49f69fe,0,classical_xgboost_transpiled,classical_xgboost,transpiled,1234,3.4133249820006317,3.4133249820006317,0.730708318592157,predicted,
sim_common_q16_v1::grover-noancilla_indep_qiskit_2,55746e6a2fd8d9c4b8c813443f2db46b072f75db1632dd252298c735fbc72bf0,1,classical_xgboost_transpiled,classical_xgboost,transpiled,1234,0.6316192150006827,0.6274016160023166,0.7126406275159137,predicted,
sim_common_q16_v1::grover-v-chain_indep_qiskit_2,55746e6a2fd8d9c4b8c813443f2db46b072f75db1632dd252298c735fbc72bf0,1,classical_xgboost_transpiled,classical_xgboost,transpiled,1234,0.6316192150006827,0.6358368139990489,0.7126406275159137,predicted,
sim_common_q16_v1::grover-noancilla_indep_qiskit_3,bc77f4afad8bbb19a6b320c11bc8f8110a330e395e5c509895e0b6c566cab5e9,4,classical_xgboost_transpiled,classical_xgboost,transpiled,1234,0.6336756905002403,0.6221831709990511,0.6579137593184414,predicted,
sim_common_q16_v1::grover-v-chain_indep_qiskit_3,bc77f4afad8bbb19a6b320c11bc8f8110a330e395e5c509895e0b6c566cab5e9,4,classical_xgboost_transpiled,classical_xgboost,transpiled,1234,0.6336756905002403,0.6451682100014295,0.6579137593184414,predicted,
sim_common_q16_v1::grover-noancilla_indep_qiskit_4,edc62038c489069da135981ccefd5c5a2f3cc0a991fa6da4defa393abdb0d2a4,4,classical_xgboost_transpiled,classical_xgboost,transpiled,1234,0.6425279779978155,0.6347441939979035,0.6773468430317912,predicted,
sim_common_q16_v1::grover-v-chain_indep_qiskit_4,edc62038c489069da135981ccefd5c5a2f3cc0a991fa6da4defa393abdb0d2a4,4,classical_xgboost_transpiled,classical_xgboost,transpiled,1234,0.6425279779978155,0.6503117619977274,0.6773468430317912,predicted,
sim_common_q16_v1::grover-noancilla_indep_qiskit_5,dd514cba6fbc94c48a3eb8f2ff2210ef74259e76e7f796394066418bfd93ee86,2,classical_xgboost_transpiled,classical_xgboost,transpiled,1234,0.6749066180018417,0.6749066180018417,0.639907411922647,predicted,
sim_common_q16_v1::grover-noancilla_indep_qiskit_6,b6a15d3507225e442ed02c90df5179f09c529df7bf5ee38a8005cc265f4203a6,0,classical_xgboost_transpiled,classical_xgboost,transpiled,1234,0.8617562030012778,0.8617562030012778,1.22390316595666,predicted,
sim_common_q16_v1::grover-noancilla_indep_qiskit_7,35548785a9c99b0ad9409f18dfbfc3baed0e1dcbb1d95eae8c8510dcda120410,0,classical_xgboost_transpiled,classical_xgboost,transpiled,1234,2.755100520000269,2.755100520000269,3.370634152114154,predicted,
sim_common_q16_v1::grover-noancilla_indep_qiskit_8,a3b7d67bad6cd47cb522addfaf763294b1ea99017f443c03052055a2f0074009,4,classical_xgboost_transpiled,classical_xgboost,transpiled,1234,3.8077989039993554,3.8077989039993554,3.0073395424408695,predicted,
sim_common_q16_v1::grover-v-chain_indep_qiskit_5,5042c6dd513b1366c0a145850de9e534b0e38aabc818b994ab8c4b6cad7ad5c8,3,classical_xgboost_transpiled,classical_xgboost,transpiled,1234,0.6741303899980267,0.6741303899980267,0.8037190353487892,predicted,
sim_common_q16_v1::grover-v-chain_indep_qiskit_7,84056291d9ff227b3c615cc378349fa1154f5a122bcd0eb6bc04045bbf3affa0,4,classical_xgboost_transpiled,classical_xgboost,transpiled,1234,1.1920864250023442,1.1920864250023442,0.9251625432030304,predicted,
sim_common_q16_v1::grover-v-chain_indep_qiskit_9,3d37464cf8c53831d2867c0c111a83e03a820e90fa26f77d01a4a85f4f9d6875,1,classical_xgboost_transpiled,classical_xgboost,transpiled,1234,3.409926619999169,3.409926619999169,1.7813643740907767,predicted,
sim_common_q16_v1::portfolioqaoa_indep_qiskit_3,47e6743e95c380a13dc5947d9e9b3db26e541efabd4a27134ff26aa14c00ba7d,1,classical_xgboost_transpiled,classical_xgboost,transpiled,1234,0.6487017560029926,0.6487017560029926,0.6690878925994068,predicted,
sim_common_q16_v1::portfolioqaoa_indep_qiskit_4,568570a69663949a1aaac2fe16e74d3d065c7a8e6013e21368a9d8add886d6dc,2,classical_xgboost_transpiled,classical_xgboost,transpiled,1234,0.6451116749994981,0.6451116749994981,0.6465415289955712,predicted,
sim_common_q16_v1::portfolioqaoa_indep_qiskit_5,0f7836c0a3a429dd9b4f2b55a4fab5d6d112458814cb34efb22309ec614c801f,2,classical_xgboost_transpiled,classical_xgboost,transpiled,1234,0.6517559040003107,0.6517559040003107,0.6462232377341479,predicted,
sim_common_q16_v1::portfolioqaoa_indep_qiskit_6,4dd5e72918722dff3c88e277e20e3ecc1e06dfd0601343e784eeb454470800b7,4,classical_xgboost_transpiled,classical_xgboost,transpiled,1234,0.6879031880016555,0.6879031880016555,0.7242484617869736,predicted,
sim_common_q16_v1::portfolioqaoa_indep_qiskit_7,f8d88243c9d36e41e0eedeff4898e325d59ba4d8ceb4b81c7b48757ade1e94b4,0,classical_xgboost_transpiled,classical_xgboost,transpiled,1234,0.8747539370015147,0.8747539370015147,0.761197061183201,predicted,
sim_common_q16_v1::portfolioqaoa_indep_qiskit_8,2372d3228c3e3e38e3351feb553380bce5a543c936f73a400de0e54ab470599a,1,classical_xgboost_transpiled,classical_xgboost,transpiled,1234,0.7452616640002816,0.7452616640002816,0.9260707632733092,predicted,
sim_common_q16_v1::portfolioqaoa_indep_qiskit_9,a53b2a3a1ba8397a96b487c44f825f3cab2e0c714b69298f2ab0a839975b173c,0,classical_xgboost_transpiled,classical_xgboost,transpiled,1234,1.0392779800022254,1.0392779800022254,0.9875952100547059,predicted,
sim_common_q16_v1::portfoliovqe_indep_qiskit_3,4b5542071ea595cd62184de26c4f1dac3f6afa86f6450f50a28dbe8e1f865257,0,classical_xgboost_transpiled,classical_xgboost,transpiled,1234,0.6282423720003862,0.6282423720003862,0.6389661428632014,predicted,
sim_common_q16_v1::portfoliovqe_indep_qiskit_4,36bb1354ff108648bc8c9c529a2002a53a68e4bfa9bf3529edce11e5d47f851f,0,classical_xgboost_transpiled,classical_xgboost,transpiled,1234,0.6387674009965849,0.6387674009965849,0.6787590217838785,predicted,
sim_common_q16_v1::portfoliovqe_indep_qiskit_5,28b9eac87132bbff64970708737a94c408cfa435ce16cd395a57ab6fbfe5a6f7,2,classical_xgboost_transpiled,classical_xgboost,transpiled,1234,0.7472729069995694,0.7472729069995694,0.6737198812431422,predicted,
sim_common_q16_v1::portfoliovqe_indep_qiskit_6,7dafebd46e73b9b279f1ef96da32f7d563de3721b856b4570375ab81951e06fc,0,classical_xgboost_transpiled,classical_xgboost,transpiled,1234,0.672533150001982,0.672533150001982,0.7181472558015708,predicted,
sim_common_q16_v1::portfoliovqe_indep_qiskit_7,99e0865dc3fced630c02b5b2710b24fd9257ba31d54112cde08a769e974f53c4,3,classical_xgboost_transpiled,classical_xgboost,transpiled,1234,0.7434713800030295,0.7434713800030295,0.7256176360412911,predicted,
sim_common_q16_v1::portfoliovqe_indep_qiskit_8,eb43007109ad9707544629854cfc7259b0e6aa70c5a618cedacbb7d26dd746a0,0,classical_xgboost_transpiled,classical_xgboost,transpiled,1234,0.7341747549980937,0.7341747549980937,0.7567368496604686,predicted,
sim_common_q16_v1::portfoliovqe_indep_qiskit_9,615d076a941f3eec9d225a20b894c8d30a0c90d4834d03fa0ebd5d13e4b46ded,2,classical_xgboost_transpiled,classical_xgboost,transpiled,1234,1.0230367410003964,1.0230367410003964,0.982420676137431,predicted,
sim_common_q16_v1::qaoa_indep_qiskit_3,45ca196e391297302c92dc6ea0fd119efa62b2ee88e3b85260561e5fbafa7400,3,classical_xgboost_transpiled,classical_xgboost,transpiled,1234,0.6362355410019518,0.6362355410019518,0.6373792050005078,predicted,
sim_common_q16_v1::qaoa_indep_qiskit_4,9649572da691c86252b1620cba73350902b9ba3cf4dbdb3fb2e3531588da98c4,1,classical_xgboost_transpiled,classical_xgboost,transpiled,1234,0.6444687240000349,0.6444687240000349,0.6456548628742678,predicted,
sim_common_q16_v1::qaoa_indep_qiskit_5,f2ce48d725be79c1ea5cbfeb36811261c4e74460588e911c3b2916a9303c1cf5,0,classical_xgboost_transpiled,classical_xgboost,transpiled,1234,0.6301084189981339,0.6301084189981339,0.667422741407508,predicted,
sim_common_q16_v1::qaoa_indep_qiskit_6,6a475a20ac3d09839e2b43104ca187037db5ff813b811e0d7356adac93d25244,1,classical_xgboost_transpiled,classical_xgboost,transpiled,1234,0.6421520209987648,0.6421520209987648,0.6874647833449689,predicted,
sim_common_q16_v1::qaoa_indep_qiskit_7,8e1c1014680274215f87d97c833f99474ed19b3393b2b8eea20a36bde517708b,4,classical_xgboost_transpiled,classical_xgboost,transpiled,1234,0.6511161570015247,0.6511161570015247,0.6864591751287572,predicted,
sim_common_q16_v1::qaoa_indep_qiskit_8,0a43c652a1c92c83389d952438c22aa0d890a611333da29499d6ff1733925b21,0,classical_xgboost_transpiled,classical_xgboost,transpiled,1234,0.6687408600009803,0.6687408600009803,0.8003902673446236,predicted,
sim_common_q16_v1::qaoa_indep_qiskit_9,a4a7b8b8d556570de9ea2db286aaa4245fa50f4619f25f0f7414b16d503458d8,1,classical_xgboost_transpiled,classical_xgboost,transpiled,1234,17.55494177699802,17.55494177699802,3.055987433728128,predicted,
sim_common_q16_v1::qft_indep_qiskit_2,aa91238ec5978b739b87b3a657746a8786de113397a5abeadf726d1dd9c836b3,2,classical_xgboost_transpiled,classical_xgboost,transpiled,1234,0.7182261369998741,0.7182261369998741,0.6387541692834536,predicted,
sim_common_q16_v1::qft_indep_qiskit_3,7f613ccae98ac8124d086ee9a39d94b1ed019520da8c3277395b109fd22d7d4d,4,classical_xgboost_transpiled,classical_xgboost,transpiled,1234,0.638093072000629,0.638093072000629,0.6587189372876522,predicted,
sim_common_q16_v1::qft_indep_qiskit_4,ea84355871fa77560419766f8000de4dcb0eea29468bcb0d89a1c84edff34f61,0,classical_xgboost_transpiled,classical_xgboost,transpiled,1234,0.6269083859988314,0.6269083859988314,0.6549624809187258,predicted,
sim_common_q16_v1::qft_indep_qiskit_5,0285fd21a0dd1ca29cd386de85a1a8af49cc7d71f5c86f6451b55a11c68864a8,3,classical_xgboost_transpiled,classical_xgboost,transpiled,1234,0.6442288310026925,0.6442288310026925,0.6904740227825917,predicted,
sim_common_q16_v1::qft_indep_qiskit_6,cbe1ca5505b485bd87b2e68f2b38ecae377e29f823c30e4c44d3f5f87d4266f7,1,classical_xgboost_transpiled,classical_xgboost,transpiled,1234,0.651070706997416,0.651070706997416,0.6748409769981218,predicted,
sim_common_q16_v1::qft_indep_qiskit_7,01de4bb89da48a3fc09c31d41d509c1446c6a4a3b329612c5baf0d39c56a922e,1,classical_xgboost_transpiled,classical_xgboost,transpiled,1234,0.6848869749992446,0.6848869749992446,0.7413654711483599,predicted,
sim_common_q16_v1::qft_indep_qiskit_8,e4664972befc3ffed396f3842bf910be22c2fbe7f293d3c295b971dfe094d398,3,classical_xgboost_transpiled,classical_xgboost,transpiled,1234,0.6876082300004782,0.6876082300004782,0.7079448022891668,predicted,
sim_common_q16_v1::qft_indep_qiskit_9,e0c3acec67c0fb535add575a46e01889b30ec7970005214fd2188b94ae3a55a5,0,classical_xgboost_transpiled,classical_xgboost,transpiled,1234,0.7909492459984904,0.7909492459984904,0.7382475076128427,predicted,
sim_common_q16_v1::qftentangled_indep_qiskit_2,02d66e8b66849fdd0f0581b84924adbd1bd2d7603e25e5e9faa447ac2a6708d0,2,classical_xgboost_transpiled,classical_xgboost,transpiled,1234,0.6421512939996319,0.6421512939996319,0.639112293611267,predicted,
sim_common_q16_v1::qftentangled_indep_qiskit_3,5ab4253ed51b729f331c9f3cc78bfecd3ecb2fed2e98818816bf3f64e22f1bfe,2,classical_xgboost_transpiled,classical_xgboost,transpiled,1234,0.6430523449998873,0.6430523449998873,0.6394888676751651,predicted,
sim_common_q16_v1::qftentangled_indep_qiskit_4,d7a22ac29418bcf9f00346732fe1b985f8e0b9df60273404dabbf4a62027715f,0,classical_xgboost_transpiled,classical_xgboost,transpiled,1234,0.718577378000191,0.718577378000191,0.6446835813057713,predicted,
sim_common_q16_v1::qftentangled_indep_qiskit_5,4ee5846eef239e2b0e0d3f950f78b5b4b8af213f0063eb50be6bf50bdbb4385d,4,classical_xgboost_transpiled,classical_xgboost,transpiled,1234,0.711588597001537,0.711588597001537,0.6449798570074045,predicted,
sim_common_q16_v1::qftentangled_indep_qiskit_6,7c8832728feaaf34fac1fda49dfcbfbf655902b5b4eb3f1b11e43f21d15de5bf,2,classical_xgboost_transpiled,classical_xgboost,transpiled,1234,0.6466906070018013,0.6466906070018013,0.6696905843992719,predicted,
sim_common_q16_v1::qftentangled_indep_qiskit_7,f0e0170b510412a7e964e82f14793115a9e53a1b250283a74abd893a45b5f20e,3,classical_xgboost_transpiled,classical_xgboost,transpiled,1234,0.7955734110000776,0.7955734110000776,0.6973320262663558,predicted,
sim_common_q16_v1::qftentangled_indep_qiskit_8,8711737782301f568af1980707e62c989655488357aa858d6c63bb8e206ae4fc,4,classical_xgboost_transpiled,classical_xgboost,transpiled,1234,0.6800704039997072,0.6800704039997072,0.7385970112647797,predicted,
sim_common_q16_v1::qftentangled_indep_qiskit_9,fea8eb37e38bc24d3352d9446471b5cf8f6b8af6ae4c0f931d5942564936274c,3,classical_xgboost_transpiled,classical_xgboost,transpiled,1234,0.8116922409972176,0.8116922409972176,0.8107891693013527,predicted,
sim_common_q16_v1::qnn_indep_qiskit_2,3c0ed99f7e5a0409bdadc636b8b7a5dd911304ccbe2e87b32589b91dd44a6a5a,3,classical_xgboost_transpiled,classical_xgboost,transpiled,1234,0.6364995420008199,0.6364995420008199,0.6702560607187523,predicted,
sim_common_q16_v1::qnn_indep_qiskit_3,15e80264fdff1398ab38bbd9144f853a3a2317e95163fda15a1e9ec2657beecb,3,classical_xgboost_transpiled,classical_xgboost,transpiled,1234,0.7232230859990523,0.7232230859990523,0.6373792050005078,predicted,
sim_common_q16_v1::qnn_indep_qiskit_4,451bd8177acaca0301a8bb4d61cb192f26dce1f81d8ab04ca0aded562d525c58,1,classical_xgboost_transpiled,classical_xgboost,transpiled,1234,0.6316140970011475,0.6316140970011475,0.658419396257623,predicted,
sim_common_q16_v1::qnn_indep_qiskit_5,d506e52d304853cd9e55834d3112505279aa22e89e70aa7c00dfc57caad3c72c,0,classical_xgboost_transpiled,classical_xgboost,transpiled,1234,0.6502378280019911,0.6502378280019911,0.6564437816507956,predicted,
sim_common_q16_v1::qnn_indep_qiskit_6,720a3cec5f9b39a53aa0d59f0ecc24f42f2948fbe56164a033262c628e2ba875,1,classical_xgboost_transpiled,classical_xgboost,transpiled,1234,0.6810264529995038,0.6810264529995038,0.7071976413692949,predicted,
sim_common_q16_v1::qnn_indep_qiskit_7,6cf91acdbcfc0321d1ffcee7c2197fec29f2b9dd83e7c3b56dbe8d583332ccdb,1,classical_xgboost_transpiled,classical_xgboost,transpiled,1234,0.7633359889987332,0.7633359889987332,0.7586545014600405,predicted,
sim_common_q16_v1::qnn_indep_qiskit_8,f76953672a13f3e92397fe3586ff6557882560261e995147a67b931d701c7fcf,4,classical_xgboost_transpiled,classical_xgboost,transpiled,1234,0.8227666269995098,0.8227666269995098,0.8004579822517104,predicted,
sim_common_q16_v1::qnn_indep_qiskit_9,4df5b36e58378649053c461bf5ee1478fa114ac65c0c14551536b820ce8eafc7,1,classical_xgboost_transpiled,classical_xgboost,transpiled,1234,0.9238195639991318,0.9238195639991318,0.9535172800686773,predicted,
sim_common_q16_v1::qpeexact_indep_qiskit_2,0a43a3dbe4a4294a007fa7ec167a24ea300d3762489b98245c2f80ad29727075,0,classical_xgboost_transpiled,classical_xgboost,transpiled,1234,0.6283055000021704,0.6283055000021704,0.6320119294184638,predicted,
sim_common_q16_v1::qpeexact_indep_qiskit_3,56289d5fdefe63c89244b0849f2e22753ce30832776d74b79de4603006db32f4,4,classical_xgboost_transpiled,classical_xgboost,transpiled,1234,0.7184256109976559,0.7184256109976559,0.6448728406163003,predicted,
sim_common_q16_v1::qpeexact_indep_qiskit_4,af7e7c49ba06f5c554580173d3dcd73bc9d5a9dd9c6e3d3cd8c94d494fa4b969,2,classical_xgboost_transpiled,classical_xgboost,transpiled,1234,0.6284069449975505,0.6284069449975505,0.6318074205126284,predicted,
sim_common_q16_v1::qpeexact_indep_qiskit_5,7478da09664f4489c33c18a6ea1974cc9dea86d1adda1f912c3eaeff27c2d5fa,0,classical_xgboost_transpiled,classical_xgboost,transpiled,1234,0.6475399470000411,0.6475399470000411,0.6422560248196637,predicted,
sim_common_q16_v1::qpeexact_indep_qiskit_6,abe368f160ce73db792b3af14a6e120eda4838b15f01376daa204a680d07c5bc,2,classical_xgboost_transpiled,classical_xgboost,transpiled,1234,0.6475595259980764,0.6475595259980764,0.6469037601246956,predicted,
sim_common_q16_v1::qpeexact_indep_qiskit_7,d06936015124a75ae15e1f94eeb54cc51ab24596726b8110765a69ba66d0e80a,0,classical_xgboost_transpiled,classical_xgboost,transpiled,1234,0.6782379760006734,0.6782379760006734,0.6802323780383379,predicted,
sim_common_q16_v1::qpeexact_indep_qiskit_8,5d3cc38ff0e2b9054c927b6309c6a8dfaba491733eab08b06cc06f2d333da23d,4,classical_xgboost_transpiled,classical_xgboost,transpiled,1234,0.686445900999388,0.686445900999388,0.6860903041390902,predicted,
sim_common_q16_v1::qpeexact_indep_qiskit_9,31f7b2533d8a3c05d59b44a9b2d93f44bc48da630d1884cf9df0012199e10a74,1,classical_xgboost_transpiled,classical_xgboost,transpiled,1234,0.7935242480016313,0.7935242480016313,0.8089023241246253,predicted,
sim_common_q16_v1::qpeinexact_indep_qiskit_2,acacd76111e7f23e4224342ca0ab5340b1bdaad3b6eba8893e4036ba14896362,1,classical_xgboost_transpiled,classical_xgboost,transpiled,1234,0.6258419089972449,0.6258419089972449,0.6428172526890583,predicted,
sim_common_q16_v1::qpeinexact_indep_qiskit_3,afa0cd93480bae81feca2afdcb909ab13c2934f76b139c27872b18658e5c1f28,2,classical_xgboost_transpiled,classical_xgboost,transpiled,1234,0.6425586090008437,0.6425586090008437,0.6431799867006267,predicted,
sim_common_q16_v1::qpeinexact_indep_qiskit_4,1d76cd981622e5ca02125654d00534f3aec623bbb2b95b7ea894049f76916577,4,classical_xgboost_transpiled,classical_xgboost,transpiled,1234,0.6402722480015655,0.6402722480015655,0.6623221111374987,predicted,
sim_common_q16_v1::qpeinexact_indep_qiskit_5,f37f599f25c5024b4069e866a31563a6daf0b1495d17d25343f7b3cfac1169ee,1,classical_xgboost_transpiled,classical_xgboost,transpiled,1234,0.6406791050030733,0.6406791050030733,0.6545689403483291,predicted,
sim_common_q16_v1::qpeinexact_indep_qiskit_6,c658b0f6c564cc6b7d6d48105e5567caf0660181ca2dbad8b9bdbdd353962fd6,0,classical_xgboost_transpiled,classical_xgboost,transpiled,1234,0.6522649979997368,0.6522649979997368,0.677428726736188,predicted,
sim_common_q16_v1::qpeinexact_indep_qiskit_7,093af0605e834bf0a4f2aef0b46600d12c6b1c913e791fb13e2513048a6b1c70,4,classical_xgboost_transpiled,classical_xgboost,transpiled,1234,0.7007861210004194,0.7007861210004194,0.6725498886966682,predicted,
sim_common_q16_v1::qpeinexact_indep_qiskit_8,82da8e687716ed31c95e72560edb07e7f6073a5be0f5ebffb17d22aff22c81fd,0,classical_xgboost_transpiled,classical_xgboost,transpiled,1234,0.6688155289994029,0.6688155289994029,0.6918773871317996,predicted,
sim_common_q16_v1::qpeinexact_indep_qiskit_9,81a66b1daaf97d148a8a075515daf8702349d257883a1dd88e26993c1622351f,3,classical_xgboost_transpiled,classical_xgboost,transpiled,1234,0.8898592920013471,0.8898592920013471,0.820049432236222,predicted,
sim_common_q16_v1::qwalk-noancilla_indep_qiskit_3,9110b8773ad1c544b5ec91feaaa99c96975f7577fe6966b0f0df52dab84bef92,4,classical_xgboost_transpiled,classical_xgboost,transpiled,1234,0.6806762745000015,0.6374438919992826,0.6687401279071759,predicted,
sim_common_q16_v1::qwalk-v-chain_indep_qiskit_3,9110b8773ad1c544b5ec91feaaa99c96975f7577fe6966b0f0df52dab84bef92,4,classical_xgboost_transpiled,classical_xgboost,transpiled,1234,0.6806762745000015,0.7239086570007203,0.6687401279071759,predicted,
sim_common_q16_v1::qwalk-noancilla_indep_qiskit_4,2df018ddcd5f44fd33cd5d80af349db5f84e36d6a5f905ef4611e5e5cc0d03f4,4,classical_xgboost_transpiled,classical_xgboost,transpiled,1234,0.6810126529999252,0.6810126529999252,0.844367762837978,predicted,
sim_common_q16_v1::qwalk-noancilla_indep_qiskit_5,7e02b8d5bbea94c5e0eabb2edd6a74e15949ae6b737fabb55e66a61d47181912,4,classical_xgboost_transpiled,classical_xgboost,transpiled,1234,0.7063868340010231,0.7063868340010231,0.9060227790425177,predicted,
sim_common_q16_v1::qwalk-noancilla_indep_qiskit_6,97bdbd3569346cfa4a289ced5de0f3280a495266d423a3af48650bf01484b9be,0,classical_xgboost_transpiled,classical_xgboost,transpiled,1234,1.015744493000966,1.015744493000966,1.8266450513631336,predicted,
sim_common_q16_v1::qwalk-noancilla_indep_qiskit_7,73abe6179f1e84e36777e1d953028143ee3ff00662ddb793d55022d9344b4940,2,classical_xgboost_transpiled,classical_xgboost,transpiled,1234,2.998404195997864,2.998404195997864,2.8696482056151913,predicted,
sim_common_q16_v1::qwalk-noancilla_indep_qiskit_8,b23a0318d268fcffc78b4f6ce920c98f33487ec34a71cf7b6225b9b6eb93f1bb,4,classical_xgboost_transpiled,classical_xgboost,transpiled,1234,3.649332992998097,3.649332992998097,2.983122783597486,predicted,
sim_common_q16_v1::qwalk-noancilla_indep_qiskit_9,e8037a4f622df36c65c0e756e11a6c6e3b8b40fbabaffb6cd59ff1cc79f49063,0,classical_xgboost_transpiled,classical_xgboost,transpiled,1234,18.4117178100023,18.4117178100023,3.3489563379855096,predicted,
sim_common_q16_v1::qwalk-v-chain_indep_qiskit_5,72fb5f837aaa2bec862c3a477efd166f351b72903612c32d444704a431457f4d,0,classical_xgboost_transpiled,classical_xgboost,transpiled,1234,0.6463327589990513,0.6463327589990513,0.7016771160217417,predicted,
sim_common_q16_v1::qwalk-v-chain_indep_qiskit_7,3d8107599f669ba102c734a8796433a6a348197dd98a74c63f172d7790b5c9a2,2,classical_xgboost_transpiled,classical_xgboost,transpiled,1234,0.984092689002864,0.984092689002864,0.7919334319124297,predicted,
sim_common_q16_v1::qwalk-v-chain_indep_qiskit_9,8650fb4f2d0816cd59c97df1ed4051936ecb3b5c31d39ba97cdc5cd2af374a8a,4,classical_xgboost_transpiled,classical_xgboost,transpiled,1234,1.861087077002594,1.861087077002594,1.1677037084503976,predicted,
sim_common_q16_v1::random_indep_qiskit_2,433844fca892218b1218ca028aafb0eddf1929d5ca52fdea53b3cb324e4055bd,1,classical_xgboost_transpiled,classical_xgboost,transpiled,1234,0.6350642280012835,0.6350642280012835,0.6412928146452284,predicted,
sim_common_q16_v1::random_indep_qiskit_3,d7ecd343052e510bdf5fa0f67f2fdbc3ee5ddccd19f39548c2853114a94dece2,4,classical_xgboost_transpiled,classical_xgboost,transpiled,1234,0.6280151889986882,0.6280151889986882,0.6739653124744559,predicted,
sim_common_q16_v1::random_indep_qiskit_4,212e0f8a693a745c9fc792b876e7be6ddb0ba051c1b0f558e0819e1437a8a2fb,2,classical_xgboost_transpiled,classical_xgboost,transpiled,1234,0.7269409180007642,0.7269409180007642,0.6554955373125255,predicted,
sim_common_q16_v1::random_indep_qiskit_5,8f11cd416ae9672f06a39e5ee3a27a70bcbf31d7177cb47270c0cd8512c95381,1,classical_xgboost_transpiled,classical_xgboost,transpiled,1234,0.7345396679993428,0.7345396679993428,0.6914512751102628,predicted,
sim_common_q16_v1::random_indep_qiskit_6,4d5b55eb4b8a0aea0af4bde721618cbe79ed66e0636398ffddc79ace483672a6,3,classical_xgboost_transpiled,classical_xgboost,transpiled,1234,0.6658408169969334,0.6658408169969334,0.6818057642632755,predicted,
sim_common_q16_v1::random_indep_qiskit_7,8ffee9c3a3af1aeaa766f38df57fcb62de5efa16d7f328d60a8977cb0da39e22,0,classical_xgboost_transpiled,classical_xgboost,transpiled,1234,0.7144554340011382,0.7144554340011382,0.7125532481212362,predicted,
sim_common_q16_v1::random_indep_qiskit_8,fa595f88d0ab98542a799af4492f53b2a5e2e88ebc442a9b508abac209d0afcc,3,classical_xgboost_transpiled,classical_xgboost,transpiled,1234,0.6867609079999966,0.6867609079999966,0.7316314184244967,predicted,
sim_common_q16_v1::random_indep_qiskit_9,93eff191c23e0c3d13a127f38595909e7092290f5119c9be24a1ccc61fff5767,1,classical_xgboost_transpiled,classical_xgboost,transpiled,1234,0.9196448500006228,0.9196448500006228,0.838328066805861,predicted,
sim_common_q16_v1::realamprandom_indep_qiskit_2,806f1844d225682cd7d5d0b276b5567caa23697f73064d8a20347024bb03fe40,1,classical_xgboost_transpiled,classical_xgboost,transpiled,1234,0.6811683435007581,0.7270244620012818,0.6977298688914568,predicted,
sim_common_q16_v1::twolocalrandom_indep_qiskit_2,806f1844d225682cd7d5d0b276b5567caa23697f73064d8a20347024bb03fe40,1,classical_xgboost_transpiled,classical_xgboost,transpiled,1234,0.6811683435007581,0.6353122250002343,0.6977298688914568,predicted,
sim_common_q16_v1::realamprandom_indep_qiskit_3,79b8fdfbfe6897a226612f9b9e27a4533aac4b48258335fb7746c5f10989cedc,3,classical_xgboost_transpiled,classical_xgboost,transpiled,1234,0.6289825359999668,0.6333517960010795,0.6375688926584804,predicted,
sim_common_q16_v1::twolocalrandom_indep_qiskit_3,79b8fdfbfe6897a226612f9b9e27a4533aac4b48258335fb7746c5f10989cedc,3,classical_xgboost_transpiled,classical_xgboost,transpiled,1234,0.6289825359999668,0.6246132759988541,0.6375688926584804,predicted,
sim_common_q16_v1::realamprandom_indep_qiskit_4,187d76ac82884dc3202418b0e06077eec26afed0c625b228d76b4416e6bfa480,3,classical_xgboost_transpiled,classical_xgboost,transpiled,1234,0.690793351001048,0.6371145330012951,0.6489838729139017,predicted,
sim_common_q16_v1::twolocalrandom_indep_qiskit_4,187d76ac82884dc3202418b0e06077eec26afed0c625b228d76b4416e6bfa480,3,classical_xgboost_transpiled,classical_xgboost,transpiled,1234,0.690793351001048,0.7444721690008009,0.6489838729139017,predicted,
sim_common_q16_v1::realamprandom_indep_qiskit_5,8d3b3ff10a3a80d0dda4e7043cce2b222aaf9e3cc19caa194b8e87da40266ac5,3,classical_xgboost_transpiled,classical_xgboost,transpiled,1234,0.6970405395004491,0.6386868430017785,0.6899828886359248,predicted,
sim_common_q16_v1::twolocalrandom_indep_qiskit_5,8d3b3ff10a3a80d0dda4e7043cce2b222aaf9e3cc19caa194b8e87da40266ac5,3,classical_xgboost_transpiled,classical_xgboost,transpiled,1234,0.6970405395004491,0.7553942359991197,0.6899828886359248,predicted,
sim_common_q16_v1::realamprandom_indep_qiskit_6,c9931425f0767057491a7e6ab8f1ed937fde917a862097440f57606892bddde9,0,classical_xgboost_transpiled,classical_xgboost,transpiled,1234,0.7250354759999027,0.669643510998867,0.7234847176620942,predicted,
sim_common_q16_v1::twolocalrandom_indep_qiskit_6,c9931425f0767057491a7e6ab8f1ed937fde917a862097440f57606892bddde9,0,classical_xgboost_transpiled,classical_xgboost,transpiled,1234,0.7250354759999027,0.7804274410009384,0.7234847176620942,predicted,
sim_common_q16_v1::realamprandom_indep_qiskit_7,af19d23c83544c8b7f6be5c42e0254336c9902c1ef454c06b9d45c4582d2fd3d,2,classical_xgboost_transpiled,classical_xgboost,transpiled,1234,0.7604988409984799,0.7463375029983581,0.7340955290926399,predicted,
sim_common_q16_v1::twolocalrandom_indep_qiskit_7,af19d23c83544c8b7f6be5c42e0254336c9902c1ef454c06b9d45c4582d2fd3d,2,classical_xgboost_transpiled,classical_xgboost,transpiled,1234,0.7604988409984799,0.7746601789986016,0.7340955290926399,predicted,
sim_common_q16_v1::realamprandom_indep_qiskit_8,8ea085ea0c0185c560746ab5988221e203c457e2afbb475976fb99f718e2dad1,4,classical_xgboost_transpiled,classical_xgboost,transpiled,1234,0.7514831415010121,0.7581430490026833,0.7387560882237934,predicted,
sim_common_q16_v1::twolocalrandom_indep_qiskit_8,8ea085ea0c0185c560746ab5988221e203c457e2afbb475976fb99f718e2dad1,4,classical_xgboost_transpiled,classical_xgboost,transpiled,1234,0.7514831415010121,0.744823233999341,0.7387560882237934,predicted,
sim_common_q16_v1::realamprandom_indep_qiskit_9,bdd8a427e9747bbc01ad8e77a22d61f0314fe8db0de17786839f2193ab0928bd,0,classical_xgboost_transpiled,classical_xgboost,transpiled,1234,1.027857403500093,1.0256131179994554,1.0311711771059284,predicted,
sim_common_q16_v1::twolocalrandom_indep_qiskit_9,bdd8a427e9747bbc01ad8e77a22d61f0314fe8db0de17786839f2193ab0928bd,0,classical_xgboost_transpiled,classical_xgboost,transpiled,1234,1.027857403500093,1.0301016890007304,1.0311711771059284,predicted,
sim_common_q16_v1::su2random_indep_qiskit_2,66c9180a271ec04f728ab259ed86a24fe52676e6f40a7614b02f79fd13536c91,0,classical_xgboost_transpiled,classical_xgboost,transpiled,1234,0.73017823400005,0.73017823400005,0.636986772110751,predicted,
sim_common_q16_v1::su2random_indep_qiskit_3,c69c35c09a4dcfe7dd09af0b73be8e5f608531bf0baadd794f6861bcf237e40c,3,classical_xgboost_transpiled,classical_xgboost,transpiled,1234,0.7221970069986128,0.7221970069986128,0.638708261567227,predicted,
sim_common_q16_v1::su2random_indep_qiskit_4,7fabc879bc998db5c05d7cc5b83db2d1704d7587139b714da9cf82639f4f093e,4,classical_xgboost_transpiled,classical_xgboost,transpiled,1234,0.6280798560001131,0.6280798560001131,0.6538058962173425,predicted,
sim_common_q16_v1::su2random_indep_qiskit_5,c1572e3b6e41c965a5943c21ceacdbad56fc868b4ee02ff4ef8af2d2054a0602,2,classical_xgboost_transpiled,classical_xgboost,transpiled,1234,0.7392793660001189,0.7392793660001189,0.6662338115434076,predicted,
sim_common_q16_v1::su2random_indep_qiskit_6,2f497b92b87e3e9f44c1ae23dfbffc7309c1550756e6829eb694d42dd4f2ed03,4,classical_xgboost_transpiled,classical_xgboost,transpiled,1234,0.7643177909994847,0.7643177909994847,0.696152604836291,predicted,
sim_common_q16_v1::su2random_indep_qiskit_7,4f2368cad1a087f01b7598f13a9afa3b7cea2d6f9e96f79eb390f62213c97af7,2,classical_xgboost_transpiled,classical_xgboost,transpiled,1234,0.7721899220014166,0.7721899220014166,0.7532011208121854,predicted,
sim_common_q16_v1::su2random_indep_qiskit_8,3157278e31c54e80e45de35bfb793aac89eb413e21aabe08b2e0e140de8c0d39,3,classical_xgboost_transpiled,classical_xgboost,transpiled,1234,0.738525782002398,0.738525782002398,0.7158359943261785,predicted,
sim_common_q16_v1::su2random_indep_qiskit_9,c6ee0cb7c958cecf010796ce2ad0bb148b9fd660dd52393972c541d9ae422eca,4,classical_xgboost_transpiled,classical_xgboost,transpiled,1234,1.0278606899992155,1.0278606899992155,1.0808724470601692,predicted,
sim_common_q16_v1::vqe_indep_qiskit_3,92c02520f591e3d46218c6839b62acb2a1d5fbcc2ceba197b9265653f1737b24,4,classical_xgboost_transpiled,classical_xgboost,transpiled,1234,0.6360782570009178,0.6360782570009178,0.6672959295150568,predicted,
sim_common_q16_v1::vqe_indep_qiskit_4,23a9403cafedb94bbd2f39d4d9106aca7f890047719b80231d86ac9fb8382383,0,classical_xgboost_transpiled,classical_xgboost,transpiled,1234,0.633112699000776,0.633112699000776,0.6454320204972133,predicted,
sim_common_q16_v1::vqe_indep_qiskit_5,8c7594c05053bb7af0015bd637170a669e9d39c1da6edce6a769992b6ef5c9cb,0,classical_xgboost_transpiled,classical_xgboost,transpiled,1234,0.7155582859995775,0.7155582859995775,0.633623314714715,predicted,
sim_common_q16_v1::vqe_indep_qiskit_6,58501be4f197f4efd57535977a245f6adb39216116363b46836664cd6ca29e10,2,classical_xgboost_transpiled,classical_xgboost,transpiled,1234,0.6403484270012996,0.6403484270012996,0.689030344264935,predicted,
sim_common_q16_v1::vqe_indep_qiskit_7,63b92ee6c5b54da107e9016de97e2cb7768bfb970ebc025650706533e47d3caf,2,classical_xgboost_transpiled,classical_xgboost,transpiled,1234,0.739464948001114,0.739464948001114,0.686079148807679,predicted,
sim_common_q16_v1::vqe_indep_qiskit_8,6e066adb38de82d96650b3f806e398374e88912fd4688ab9c98f3c94dcd33e16,4,classical_xgboost_transpiled,classical_xgboost,transpiled,1234,0.6498198089975631,0.6498198089975631,0.7080478284569549,predicted,
sim_common_q16_v1::vqe_indep_qiskit_9,bbafe35368c1a915635c383f6aaa4ec709a7c6e055550875d4de11ca0983dbb5,4,classical_xgboost_transpiled,classical_xgboost,transpiled,1234,0.6784349429981376,0.6784349429981376,0.7440329284137903,predicted,
sim_common_q16_v1::wstate_indep_qiskit_2,75b1db396e34d1f1b234ea8dcdc253203a770cecce7f48bb8a126860723c43df,1,classical_xgboost_transpiled,classical_xgboost,transpiled,1234,0.6422257209997042,0.6422257209997042,0.6452436284566407,predicted,
sim_common_q16_v1::wstate_indep_qiskit_3,50a5fc62010017f60b77f8c81e9ddf9bd95419be272d2ec5ed1445aae0c7ac92,3,classical_xgboost_transpiled,classical_xgboost,transpiled,1234,0.6512624009992578,0.6512624009992578,0.6589479298824952,predicted,
sim_common_q16_v1::wstate_indep_qiskit_4,387f2f6f12a10e034ae5b68c11336a9874e87f20871579eec585bfd7311f38c8,4,classical_xgboost_transpiled,classical_xgboost,transpiled,1234,0.629814787000214,0.629814787000214,0.6572342190575329,predicted,
sim_common_q16_v1::wstate_indep_qiskit_5,dc97062e3adcbcaf813cae5e970c8a0357a239b8d4a09e77a4e3e4625532d209,1,classical_xgboost_transpiled,classical_xgboost,transpiled,1234,0.6107438010003534,0.6107438010003534,0.6607191413259257,predicted,
sim_common_q16_v1::wstate_indep_qiskit_6,dbfb4dd8bf80cda30461759a3169ec60ac535a27409cf938f691179c6a121ebd,0,classical_xgboost_transpiled,classical_xgboost,transpiled,1234,0.7103313010011334,0.7103313010011334,0.6239648262940196,predicted,
sim_common_q16_v1::wstate_indep_qiskit_7,1dab21c93a580f711efff03a0f4a1d82985cf201219e886ab246e03a9011735c,1,classical_xgboost_transpiled,classical_xgboost,transpiled,1234,0.6361640809991513,0.6361640809991513,0.7239723322654303,predicted,
sim_common_q16_v1::wstate_indep_qiskit_8,e2fba21685e6e7d22d625d8babcc9c51a8911815153e52fc89277e0efe117045,3,classical_xgboost_transpiled,classical_xgboost,transpiled,1234,0.7347158170014154,0.7347158170014154,0.6572983277756488,predicted,
sim_common_q16_v1::wstate_indep_qiskit_9,84c07c56eef046e3c72823b20fb674075b1ab68a85dc6a06baf7f35983e2bd17,2,classical_xgboost_transpiled,classical_xgboost,transpiled,1234,0.6752045199973509,0.6752045199973509,0.7519497749155802,predicted,
