canonical_observation_id,source_id,outer_fold,actual_seconds,predicted_seconds,absolute_error_seconds,target_used_for_features,selected_degree
mali_real_qpu|row100,mali_real_qpu,0,9.923078259333332,8.500525148796084,1.4225531105372475,False,3
mali_real_qpu|row101,mali_real_qpu,0,8.577016566,8.702875091552444,0.12585852555244514,False,3
mali_real_qpu|row106,mali_real_qpu,0,10.312876196,10.471739292190158,0.15886309619015826,False,3
mali_real_qpu|row109,mali_real_qpu,0,11.198939287,10.740041672100894,0.4588976148991062,False,3
mali_real_qpu|row112,mali_real_qpu,0,7.727030954333333,8.496995926276984,0.7699649719436508,False,3
mali_real_qpu|row114,mali_real_qpu,0,7.856234948666665,7.753563045401494,0.10267190326517106,False,3
mali_real_qpu|row116,mali_real_qpu,0,7.800289211666666,7.764895580628963,0.03539363103770299,False,3
mali_real_qpu|row118,mali_real_qpu,0,11.428802801999998,10.916871378398668,0.5119314236013306,False,3
mali_real_qpu|row120,mali_real_qpu,0,10.173338355,10.384944387445746,0.21160603244574538,False,3
mali_real_qpu|row124,mali_real_qpu,0,10.280381443333336,8.916791502338537,1.3635899409947996,False,3
mali_real_qpu|row142,mali_real_qpu,0,10.606703895666666,10.646450698757558,0.03974680309089251,False,3
mali_real_qpu|row143,mali_real_qpu,0,10.976276729,11.090516407422262,0.1142396784222619,False,3
mali_real_qpu|row149,mali_real_qpu,0,6.497926671666666,7.785322209624257,1.2873955379575914,False,3
mali_real_qpu|row15,mali_real_qpu,0,6.074636242,6.2377117143832965,0.16307547238329612,False,3
mali_real_qpu|row150,mali_real_qpu,0,4.149525553666667,4.549227374731197,0.39970182106453045,False,3
mali_real_qpu|row154,mali_real_qpu,0,8.399987527666667,8.115145253076252,0.28484227459041556,False,3
mali_real_qpu|row157,mali_real_qpu,0,7.735143698666666,7.331877263246572,0.4032664354200941,False,3
mali_real_qpu|row159,mali_real_qpu,0,9.174866474,8.187627555787923,0.9872389182120767,False,3
mali_real_qpu|row165,mali_real_qpu,0,11.795516367000005,11.643782199569428,0.15173416743057722,False,3
mali_real_qpu|row171,mali_real_qpu,0,10.71053175166667,8.84881379855456,1.8617179531121106,False,3
mali_real_qpu|row173,mali_real_qpu,0,3.2044346396666668,3.8684866090029333,0.6640519693362665,False,3
mali_real_qpu|row177,mali_real_qpu,0,8.652805397333333,8.628792483089601,0.024012914243732197,False,3
mali_real_qpu|row18,mali_real_qpu,0,9.432949642333334,9.329759347231546,0.10319029510178801,False,3
mali_real_qpu|row184,mali_real_qpu,0,8.969100876333334,9.08511575773565,0.1160148814023163,False,3
mali_real_qpu|row185,mali_real_qpu,0,7.261130435999999,7.596983939129028,0.3358535031290284,False,3
mali_real_qpu|row189,mali_real_qpu,0,9.978735220666668,10.440696399780704,0.4619611791140361,False,3
mali_real_qpu|row195,mali_real_qpu,0,4.027967394666667,4.022366399167455,0.0056009954992113364,False,3
mali_real_qpu|row198,mali_real_qpu,0,3.8790448456666655,4.1033439713539845,0.22429912568731902,False,3
mali_real_qpu|row20,mali_real_qpu,0,9.801901340666666,9.846918251588503,0.045016910921837905,False,3
mali_real_qpu|row204,mali_real_qpu,0,9.936943398333334,9.329759347231546,0.6071840511017879,False,3
mali_real_qpu|row206,mali_real_qpu,0,9.884985459999998,9.846918251588503,0.038067208411494136,False,3
mali_real_qpu|row217,mali_real_qpu,0,7.712161418333333,8.188248672454572,0.4760872541212384,False,3
mali_real_qpu|row22,mali_real_qpu,0,6.477262166,6.344671019253134,0.1325911467468659,False,3
mali_real_qpu|row221,mali_real_qpu,0,8.542477687666667,8.284519872555482,0.257957815111185,False,3
mali_real_qpu|row228,mali_real_qpu,0,8.380847304666666,7.917230137177463,0.4636171674892031,False,3
mali_real_qpu|row229,mali_real_qpu,0,8.867010171666665,9.258971003940452,0.39196083227378686,False,3
mali_real_qpu|row243,mali_real_qpu,0,9.603615799,9.369292870766216,0.23432292823378376,False,3
mali_real_qpu|row246,mali_real_qpu,0,7.945091131333334,7.764895580628963,0.18019555070437132,False,3
mali_real_qpu|row269,mali_real_qpu,0,8.877431533666668,8.500525148796084,0.37690638487058337,False,3
mali_real_qpu|row270,mali_real_qpu,0,8.106675293,8.702875091552444,0.5961997985524441,False,3
mali_real_qpu|row273,mali_real_qpu,0,10.193362387000002,10.471739292190158,0.27837690519015545,False,3
mali_real_qpu|row276,mali_real_qpu,0,9.240009064333334,10.740041672100894,1.5000326077675599,False,3
mali_real_qpu|row279,mali_real_qpu,0,7.747324679000001,8.496995926276984,0.7496712472769831,False,3
mali_real_qpu|row281,mali_real_qpu,0,8.374927527666667,7.764895580628963,0.6100319470377045,False,3
mali_real_qpu|row283,mali_real_qpu,0,10.362000485666668,10.916871378398668,0.5548708927319996,False,3
mali_real_qpu|row285,mali_real_qpu,0,10.565147427,10.384944387445746,0.18020303955425376,False,3
mali_real_qpu|row288,mali_real_qpu,0,10.630031033666668,8.916791502338537,1.7132395313281314,False,3
mali_real_qpu|row30,mali_real_qpu,0,7.153916357,6.134312372418669,1.0196039845813312,False,3
mali_real_qpu|row300,mali_real_qpu,0,10.553774538333334,10.646450698757558,0.09267616042422411,False,3
mali_real_qpu|row301,mali_real_qpu,0,10.980865459333332,11.090516407422262,0.10965094808893028,False,3
mali_real_qpu|row307,mali_real_qpu,0,4.159184223333333,4.549227374731197,0.3900431513978644,False,3
mali_real_qpu|row313,mali_real_qpu,0,8.530109372,7.331877263246572,1.1982321087534284,False,3
mali_real_qpu|row315,mali_real_qpu,0,8.555989720333335,8.187627555787923,0.3683621645454114,False,3
mali_real_qpu|row319,mali_real_qpu,0,11.359084016333332,11.643782199569428,0.2846981832360953,False,3
mali_real_qpu|row325,mali_real_qpu,0,9.029428435333337,8.84881379855456,0.18061463677877754,False,3
mali_real_qpu|row327,mali_real_qpu,0,3.2536599233333328,3.8684866090029333,0.6148266856696005,False,3
mali_real_qpu|row335,mali_real_qpu,0,8.796179142333333,9.08511575773565,0.2889366154023172,False,3
mali_real_qpu|row338,mali_real_qpu,0,10.401658715999998,10.440696399780704,0.03903768378070538,False,3
mali_real_qpu|row35,mali_real_qpu,0,8.605368191333334,8.188248672454572,0.41711951887876175,False,3
mali_real_qpu|row39,mali_real_qpu,0,8.817938670666665,8.284519872555482,0.5334187981111835,False,3
mali_real_qpu|row4,mali_real_qpu,0,3.769855553,4.022366399167455,0.2525108461674552,False,3
mali_real_qpu|row47,mali_real_qpu,0,8.179451884666667,7.917230137177463,0.2622217474892041,False,3
mali_real_qpu|row48,mali_real_qpu,0,9.902657956,9.258971003940452,0.6436869520595483,False,3
mali_real_qpu|row57,mali_real_qpu,0,9.140545321,8.993962401435713,0.14658291956428648,False,3
mali_real_qpu|row67,mali_real_qpu,0,9.381370784,9.369292870766216,0.012077913233783377,False,3
mali_real_qpu|row69,mali_real_qpu,0,8.148926617333332,8.434202339714933,0.28527572238160026,False,3
mali_real_qpu|row7,mali_real_qpu,0,3.107238810333333,4.1033439713539845,0.9961051610206515,False,3
mali_real_qpu|row72,mali_real_qpu,0,7.656744457999999,7.764895580628963,0.1081511226289642,False,3
qonductor_single_circuit_ibm|row1008,qonductor_single_circuit_ibm,0,1.9229830570000002,5.3994850146022415,3.4765019576022413,False,3
qonductor_single_circuit_ibm|row1010,qonductor_single_circuit_ibm,0,1.917903155,5.3994850146022415,3.481581859602241,False,3
qonductor_single_circuit_ibm|row1016,qonductor_single_circuit_ibm,0,2.0783167360000006,2.7134462204642196,0.635129484464219,False,3
qonductor_single_circuit_ibm|row1018,qonductor_single_circuit_ibm,0,1.889534177,2.7134462204642196,0.8239120434642195,False,3
qonductor_single_circuit_ibm|row1019,qonductor_single_circuit_ibm,0,1.887720855,2.7134462204642196,0.8257253654642196,False,3
qonductor_single_circuit_ibm|row1020,qonductor_single_circuit_ibm,0,1.912446077,2.7134462204642196,0.8010001434642195,False,3
qonductor_single_circuit_ibm|row1028,qonductor_single_circuit_ibm,0,2.4018988,2.9255248290837907,0.5236260290837906,False,3
qonductor_single_circuit_ibm|row1030,qonductor_single_circuit_ibm,0,2.2997922240000004,2.9255248290837907,0.6257326050837904,False,3
qonductor_single_circuit_ibm|row1032,qonductor_single_circuit_ibm,0,3.143302308,2.9255248290837907,0.21777747891620924,False,3
qonductor_single_circuit_ibm|row1034,qonductor_single_circuit_ibm,0,3.1810645539999998,2.9255248290837907,0.255539724916209,False,3
qonductor_single_circuit_ibm|row1035,qonductor_single_circuit_ibm,0,3.149449351,4.8460285846035696,1.6965792336035697,False,3
qonductor_single_circuit_ibm|row1038,qonductor_single_circuit_ibm,0,2.234382091,2.7134462204642196,0.4790641294642195,False,3
qonductor_single_circuit_ibm|row1040,qonductor_single_circuit_ibm,0,2.2886759389999995,2.7134462204642196,0.42477028146422,False,3
qonductor_single_circuit_ibm|row1041,qonductor_single_circuit_ibm,0,2.2280227690000003,2.8403321231861174,0.6123093541861171,False,3
qonductor_single_circuit_ibm|row1044,qonductor_single_circuit_ibm,0,3.540279843,4.2138502554638215,0.6735704124638215,False,3
qonductor_single_circuit_ibm|row1045,qonductor_single_circuit_ibm,0,3.31084029,4.2138502554638215,0.9030099654638217,False,3
qonductor_single_circuit_ibm|row1048,qonductor_single_circuit_ibm,0,1.779497253,2.8403321231861174,1.0608348701861174,False,3
qonductor_single_circuit_ibm|row105,qonductor_single_circuit_ibm,0,1.319465267,4.493827336957073,3.1743620699570734,False,3
qonductor_single_circuit_ibm|row1051,qonductor_single_circuit_ibm,0,1.9955712920000002,2.2470694190604803,0.25149812706048014,False,3
qonductor_single_circuit_ibm|row1057,qonductor_single_circuit_ibm,0,3.7674687000000002,5.099560198247742,1.3320914982477419,False,3
qonductor_single_circuit_ibm|row106,qonductor_single_circuit_ibm,0,1.319819984,4.493827336957073,3.1740073529570734,False,3
qonductor_single_circuit_ibm|row1064,qonductor_single_circuit_ibm,0,3.903465174,5.099560198247742,1.1960950242477422,False,3
qonductor_single_circuit_ibm|row107,qonductor_single_circuit_ibm,0,1.319955955,4.493827336957073,3.173871381957073,False,3
qonductor_single_circuit_ibm|row1073,qonductor_single_circuit_ibm,0,1.018126069,2.8956132744966308,1.8774872054966307,False,3
qonductor_single_circuit_ibm|row1075,qonductor_single_circuit_ibm,0,1.1571086780000002,2.8956132744966308,1.7385045964966306,False,3
qonductor_single_circuit_ibm|row108,qonductor_single_circuit_ibm,0,1.338410687,4.493827336957073,3.1554166499570733,False,3
qonductor_single_circuit_ibm|row1088,qonductor_single_circuit_ibm,0,1.148374905,2.894841215063481,1.7464663100634807,False,3
qonductor_single_circuit_ibm|row109,qonductor_single_circuit_ibm,0,1.321260335,4.493827336957073,3.1725670019570735,False,3
qonductor_single_circuit_ibm|row1091,qonductor_single_circuit_ibm,0,1.195208163,2.7035776895811736,1.5083695265811736,False,3
qonductor_single_circuit_ibm|row1097,qonductor_single_circuit_ibm,0,3.152645699,3.7586863234649694,0.6060406244649696,False,3
qonductor_single_circuit_ibm|row1101,qonductor_single_circuit_ibm,0,3.084787517,3.7586863234649694,0.6738988064649694,False,3
qonductor_single_circuit_ibm|row1108,qonductor_single_circuit_ibm,0,3.0700781719999997,2.4276461837808125,0.6424319882191871,False,3
qonductor_single_circuit_ibm|row1109,qonductor_single_circuit_ibm,0,3.323784361,2.4276461837808125,0.8961381772191874,False,3
qonductor_single_circuit_ibm|row1114,qonductor_single_circuit_ibm,0,1.178039025,2.552418466162054,1.3743794411620542,False,3
qonductor_single_circuit_ibm|row1118,qonductor_single_circuit_ibm,0,1.070474546,2.696343046449766,1.625868500449766,False,3
qonductor_single_circuit_ibm|row1119,qonductor_single_circuit_ibm,0,1.0380574099999997,2.5110190105354246,1.472961600535425,False,3
qonductor_single_circuit_ibm|row1120,qonductor_single_circuit_ibm,0,1.153074859,2.6671769176982925,1.5141020586982925,False,3
qonductor_single_circuit_ibm|row1125,qonductor_single_circuit_ibm,0,2.57108566,3.741244684466737,1.170159024466737,False,3
qonductor_single_circuit_ibm|row1134,qonductor_single_circuit_ibm,0,1.0844391420000001,2.5043178957276964,1.4198787537276962,False,3
qonductor_single_circuit_ibm|row1135,qonductor_single_circuit_ibm,0,1.14296603,2.5043178957276964,1.3613518657276964,False,3
qonductor_single_circuit_ibm|row1151,qonductor_single_circuit_ibm,0,1.9830622660000001,3.2926128375660104,1.3095505715660103,False,3
qonductor_single_circuit_ibm|row1152,qonductor_single_circuit_ibm,0,2.0360836890000003,3.2926128375660104,1.2565291485660102,False,3
qonductor_single_circuit_ibm|row1153,qonductor_single_circuit_ibm,0,2.5768206240000002,4.598509603628724,2.0216889796287236,False,3
qonductor_single_circuit_ibm|row1154,qonductor_single_circuit_ibm,0,2.71704457,4.552226078924113,1.8351815089241126,False,3
qonductor_single_circuit_ibm|row1155,qonductor_single_circuit_ibm,0,2.5703939039999995,4.598509603628724,2.0281156996287244,False,3
qonductor_single_circuit_ibm|row1160,qonductor_single_circuit_ibm,0,2.897773314,4.592449573866543,1.6946762598665428,False,3
qonductor_single_circuit_ibm|row1167,qonductor_single_circuit_ibm,0,2.884559324,4.592449573866543,1.707890249866543,False,3
qonductor_single_circuit_ibm|row1173,qonductor_single_circuit_ibm,0,2.016255461,3.2926128375660104,1.2763573765660103,False,3
qonductor_single_circuit_ibm|row1174,qonductor_single_circuit_ibm,0,1.9559204220000002,3.2926128375660104,1.3366924155660103,False,3
qonductor_single_circuit_ibm|row1175,qonductor_single_circuit_ibm,0,2.6220572139999994,4.598509603628724,1.9764523896287245,False,3
qonductor_single_circuit_ibm|row1176,qonductor_single_circuit_ibm,0,2.682385539,4.552226078924113,1.8698405399241125,False,3
qonductor_single_circuit_ibm|row1177,qonductor_single_circuit_ibm,0,2.689891256,4.552226078924113,1.8623348229241126,False,3
qonductor_single_circuit_ibm|row1189,qonductor_single_circuit_ibm,0,1.935874359,5.373148851270884,3.4372744922708836,False,3
qonductor_single_circuit_ibm|row1192,qonductor_single_circuit_ibm,0,1.9341517950000002,5.373148851270884,3.4389970562708836,False,3
qonductor_single_circuit_ibm|row1193,qonductor_single_circuit_ibm,0,1.977345305,5.373148851270884,3.3958035462708835,False,3
qonductor_single_circuit_ibm|row1194,qonductor_single_circuit_ibm,0,2.056896127,5.330508130320557,3.273612003320557,False,3
qonductor_single_circuit_ibm|row1196,qonductor_single_circuit_ibm,0,1.941746998,5.330508130320557,3.388761132320557,False,3
qonductor_single_circuit_ibm|row1197,qonductor_single_circuit_ibm,0,2.424351428,5.330508130320557,2.906156702320557,False,3
qonductor_single_circuit_ibm|row1198,qonductor_single_circuit_ibm,0,2.56028842,4.552226078924113,1.9919376589241127,False,3
qonductor_single_circuit_ibm|row1199,qonductor_single_circuit_ibm,0,2.6062361409999997,4.598509603628724,1.9922734626287242,False,3
qonductor_single_circuit_ibm|row1202,qonductor_single_circuit_ibm,0,1.933529768,5.330508130320557,3.396978362320557,False,3
qonductor_single_circuit_ibm|row1213,qonductor_single_circuit_ibm,0,2.105165707,4.569208423340989,2.464042716340989,False,3
qonductor_single_circuit_ibm|row1214,qonductor_single_circuit_ibm,0,2.0897817909999996,5.280354361809734,3.1905725708097346,False,3
qonductor_single_circuit_ibm|row1217,qonductor_single_circuit_ibm,0,1.962338758,5.267557627849109,3.3052188698491087,False,3
qonductor_single_circuit_ibm|row1227,qonductor_single_circuit_ibm,0,1.92526952,3.5940178585890745,1.6687483385890745,False,3
qonductor_single_circuit_ibm|row1234,qonductor_single_circuit_ibm,0,1.9173099069999997,3.6457824110938217,1.728472504093822,False,3
qonductor_single_circuit_ibm|row1236,qonductor_single_circuit_ibm,0,1.9686744989999998,3.600111927345086,1.6314374283450863,False,3
qonductor_single_circuit_ibm|row1244,qonductor_single_circuit_ibm,0,1.955355978,3.493634734780328,1.5382787567803278,False,3
qonductor_single_circuit_ibm|row1258,qonductor_single_circuit_ibm,0,1.036377945,2.6491797936188255,1.6128018486188256,False,3
qonductor_single_circuit_ibm|row1284,qonductor_single_circuit_ibm,0,1.014467907,2.6898883443772212,1.6754204373772212,False,3
qonductor_single_circuit_ibm|row1285,qonductor_single_circuit_ibm,0,1.060380311,2.6898883443772212,1.6295080333772212,False,3
qonductor_single_circuit_ibm|row1286,qonductor_single_circuit_ibm,0,1.043314455,2.6898883443772212,1.6465738893772213,False,3
qonductor_single_circuit_ibm|row1287,qonductor_single_circuit_ibm,0,1.0805120400000001,2.6898883443772212,1.6093763043772211,False,3
qonductor_single_circuit_ibm|row1304,qonductor_single_circuit_ibm,0,2.6772866800000004,2.5043178957276964,0.172968784272304,False,3
qonductor_single_circuit_ibm|row1305,qonductor_single_circuit_ibm,0,2.6823691590000003,2.5043178957276964,0.17805126327230392,False,3
qonductor_single_circuit_ibm|row1308,qonductor_single_circuit_ibm,0,3.7163643439999996,5.373148851270884,1.656784507270884,False,3
qonductor_single_circuit_ibm|row1309,qonductor_single_circuit_ibm,0,3.698290962,5.373148851270884,1.6748578892708834,False,3
qonductor_single_circuit_ibm|row1310,qonductor_single_circuit_ibm,0,3.8135815200000005,5.373148851270884,1.559567331270883,False,3
qonductor_single_circuit_ibm|row1322,qonductor_single_circuit_ibm,0,3.737261444,4.821402655328548,1.0841412113285478,False,3
qonductor_single_circuit_ibm|row1325,qonductor_single_circuit_ibm,0,4.08536392,4.991564202421075,0.9062002824210751,False,3
qonductor_single_circuit_ibm|row1331,qonductor_single_circuit_ibm,0,3.70362134,5.373148851270884,1.6695275112708834,False,3
qonductor_single_circuit_ibm|row1334,qonductor_single_circuit_ibm,0,3.740570151,5.216152878272949,1.4755827272729487,False,3
qonductor_single_circuit_ibm|row1335,qonductor_single_circuit_ibm,0,3.96521603,5.216152878272949,1.2509368482729486,False,3
qonductor_single_circuit_ibm|row1337,qonductor_single_circuit_ibm,0,4.101081138999999,4.9847600289585206,0.8836788899585217,False,3
qonductor_single_circuit_ibm|row1344,qonductor_single_circuit_ibm,0,4.26219528,5.265570115638347,1.003374835638347,False,3
qonductor_single_circuit_ibm|row1348,qonductor_single_circuit_ibm,0,3.900894664,4.991564202421075,1.090669538421075,False,3
qonductor_single_circuit_ibm|row1355,qonductor_single_circuit_ibm,0,8.138087146,10.651856846526988,2.5137697005269874,False,3
qonductor_single_circuit_ibm|row1356,qonductor_single_circuit_ibm,0,8.013401839,11.427317815659514,3.4139159766595135,False,3
qonductor_single_circuit_ibm|row1357,qonductor_single_circuit_ibm,0,7.646422635,10.242703092209048,2.5962804572090477,False,3
qonductor_single_circuit_ibm|row1359,qonductor_single_circuit_ibm,0,8.239375904,10.390634541724696,2.1512586377246965,False,3
qonductor_single_circuit_ibm|row1361,qonductor_single_circuit_ibm,0,3.667961374,5.266380297732451,1.598418923732451,False,3
qonductor_single_circuit_ibm|row1363,qonductor_single_circuit_ibm,0,3.9378607929999996,5.340126214739271,1.4022654217392718,False,3
qonductor_single_circuit_ibm|row1365,qonductor_single_circuit_ibm,0,3.638771931,5.149695573680995,1.5109236426809947,False,3
qonductor_single_circuit_ibm|row1385,qonductor_single_circuit_ibm,0,3.465916002,5.112793940076662,1.6468779380766616,False,3
qonductor_single_circuit_ibm|row1392,qonductor_single_circuit_ibm,0,3.518942936,5.558946364107481,2.0400034281074806,False,3
qonductor_single_circuit_ibm|row1394,qonductor_single_circuit_ibm,0,3.4160398029999994,5.492781903766025,2.076742100766025,False,3
qonductor_single_circuit_ibm|row1411,qonductor_single_circuit_ibm,0,3.2889815000000002,4.763448998725831,1.474467498725831,False,3
qonductor_single_circuit_ibm|row1413,qonductor_single_circuit_ibm,0,3.3739313099999997,4.763448998725831,1.3895176887258316,False,3
qonductor_single_circuit_ibm|row1415,qonductor_single_circuit_ibm,0,3.25968953,4.898718231483247,1.6390287014832472,False,3
qonductor_single_circuit_ibm|row1423,qonductor_single_circuit_ibm,0,3.2715217549999998,5.045421179527104,1.7738994245271038,False,3
qonductor_single_circuit_ibm|row1424,qonductor_single_circuit_ibm,0,3.290780694,5.045421179527104,1.7546404855271036,False,3
qonductor_single_circuit_ibm|row1429,qonductor_single_circuit_ibm,0,3.740254351,4.87512319209441,1.13486884109441,False,3
qonductor_single_circuit_ibm|row1439,qonductor_single_circuit_ibm,0,3.709484095,3.0096901773179816,0.6997939176820185,False,3
qonductor_single_circuit_ibm|row1440,qonductor_single_circuit_ibm,0,4.328151515999999,6.433145713411859,2.10499419741186,False,3
qonductor_single_circuit_ibm|row1441,qonductor_single_circuit_ibm,0,4.633038834000001,6.001218133386401,1.3681792993864006,False,3
qonductor_single_circuit_ibm|row1466,qonductor_single_circuit_ibm,0,1.945438894,2.8973697464679673,0.9519308524679673,False,3
qonductor_single_circuit_ibm|row1468,qonductor_single_circuit_ibm,0,1.8464903970000002,2.7623651082897176,0.9158747112897174,False,3
qonductor_single_circuit_ibm|row1472,qonductor_single_circuit_ibm,0,3.854553652,5.216152878272949,1.3615992262729488,False,3
qonductor_single_circuit_ibm|row1473,qonductor_single_circuit_ibm,0,3.781408705,5.216152878272949,1.4347441732729487,False,3
qonductor_single_circuit_ibm|row1511,qonductor_single_circuit_ibm,0,3.9918852609999997,3.0096901773179816,0.9821950836820181,False,3
qonductor_single_circuit_ibm|row1521,qonductor_single_circuit_ibm,0,4.381974047,2.3725484254638434,2.0094256215361566,False,3
qonductor_single_circuit_ibm|row1524,qonductor_single_circuit_ibm,0,4.271466128999999,3.0096901773179816,1.2617759516820177,False,3
qonductor_single_circuit_ibm|row1533,qonductor_single_circuit_ibm,0,2.050585602,2.939017193328458,0.888431591328458,False,3
qonductor_single_circuit_ibm|row1534,qonductor_single_circuit_ibm,0,1.9657244779999998,3.0043394089699027,1.0386149309699029,False,3
qonductor_single_circuit_ibm|row1535,qonductor_single_circuit_ibm,0,1.91625603,3.0043394089699027,1.0880833789699027,False,3
qonductor_single_circuit_ibm|row1539,qonductor_single_circuit_ibm,0,3.7202549950000003,4.462444921055381,0.7421899260553806,False,3
qonductor_single_circuit_ibm|row1543,qonductor_single_circuit_ibm,0,3.8407923700000004,5.267557627849109,1.4267652578491083,False,3
qonductor_single_circuit_ibm|row1546,qonductor_single_circuit_ibm,0,2.426642839,2.737651857661172,0.31100901866117203,False,3
qonductor_single_circuit_ibm|row1560,qonductor_single_circuit_ibm,0,3.475580747,3.5940178585890745,0.11843711158907455,False,3
qonductor_single_circuit_ibm|row1574,qonductor_single_circuit_ibm,0,3.401420311,3.6457824110938217,0.24436210009382187,False,3
qonductor_single_circuit_ibm|row1575,qonductor_single_circuit_ibm,0,3.902195893,3.8744020737217912,0.027793819278208787,False,3
qonductor_single_circuit_ibm|row1579,qonductor_single_circuit_ibm,0,3.598695413,5.953481044355907,2.3547856313559072,False,3
qonductor_single_circuit_ibm|row1597,qonductor_single_circuit_ibm,0,3.340805879,3.9549839259271353,0.6141780469271354,False,3
qonductor_single_circuit_ibm|row160,qonductor_single_circuit_ibm,0,5.178319784,3.045356907542732,2.132962876457268,False,3
qonductor_single_circuit_ibm|row1600,qonductor_single_circuit_ibm,0,3.6314730340000003,3.9549839259271353,0.323510891927135,False,3
qonductor_single_circuit_ibm|row1607,qonductor_single_circuit_ibm,0,3.727954974,3.4532903921505897,0.27466458184941045,False,3
qonductor_single_circuit_ibm|row161,qonductor_single_circuit_ibm,0,4.727334020000001,3.045356907542732,1.6819771124572687,False,3
qonductor_single_circuit_ibm|row1612,qonductor_single_circuit_ibm,0,3.173119983,2.8514474315405947,0.3216725514594052,False,3
qonductor_single_circuit_ibm|row1613,qonductor_single_circuit_ibm,0,2.840813486,2.8514474315405947,0.010633945540594603,False,3
qonductor_single_circuit_ibm|row1614,qonductor_single_circuit_ibm,0,2.9272995299999995,2.8514474315405947,0.07585209845940488,False,3
qonductor_single_circuit_ibm|row162,qonductor_single_circuit_ibm,0,5.0453712,3.045356907542732,2.000014292457268,False,3
qonductor_single_circuit_ibm|row1620,qonductor_single_circuit_ibm,0,2.9175213049999997,2.8514474315405947,0.06607387345940507,False,3
qonductor_single_circuit_ibm|row1621,qonductor_single_circuit_ibm,0,3.016269882,2.8514474315405947,0.16482245045940536,False,3
qonductor_single_circuit_ibm|row1629,qonductor_single_circuit_ibm,0,2.861937383,2.8514474315405947,0.010489951459405233,False,3
qonductor_single_circuit_ibm|row163,qonductor_single_circuit_ibm,0,10.192429506000002,3.045356907542732,7.147072598457269,False,3
qonductor_single_circuit_ibm|row164,qonductor_single_circuit_ibm,0,5.177400955,3.045356907542732,2.1320440474572684,False,3
qonductor_single_circuit_ibm|row1645,qonductor_single_circuit_ibm,0,3.6441343890000004,3.9889698420914748,0.34483545309147434,False,3
qonductor_single_circuit_ibm|row1648,qonductor_single_circuit_ibm,0,3.4459066120000004,3.9889698420914748,0.5430632300914744,False,3
qonductor_single_circuit_ibm|row1649,qonductor_single_circuit_ibm,0,3.523812823,3.9889698420914748,0.46515701909147467,False,3
qonductor_single_circuit_ibm|row1650,qonductor_single_circuit_ibm,0,3.545701186,3.9889698420914748,0.4432686560914747,False,3
qonductor_single_circuit_ibm|row1655,qonductor_single_circuit_ibm,0,2.444499349,2.4024133243689185,0.042086024631081465,False,3
qonductor_single_circuit_ibm|row1656,qonductor_single_circuit_ibm,0,2.412830035,2.3976691641596855,0.015160870840314367,False,3
qonductor_single_circuit_ibm|row1661,qonductor_single_circuit_ibm,0,2.827137006,2.8941946858361116,0.06705767983611155,False,3
qonductor_single_circuit_ibm|row1674,qonductor_single_circuit_ibm,0,2.328190438,1.9896773478765266,0.3385130901234734,False,3
qonductor_single_circuit_ibm|row1677,qonductor_single_circuit_ibm,0,2.3486396660000004,1.9896773478765266,0.3589623181234738,False,3
qonductor_single_circuit_ibm|row1685,qonductor_single_circuit_ibm,0,2.960131113,2.8941946858361116,0.06593642716388848,False,3
qonductor_single_circuit_ibm|row1687,qonductor_single_circuit_ibm,0,2.794513833,2.8941946858361116,0.09968085283611172,False,3
qonductor_single_circuit_ibm|row1689,qonductor_single_circuit_ibm,0,2.805081483,2.8941946858361116,0.08911320283611168,False,3
qonductor_single_circuit_ibm|row1690,qonductor_single_circuit_ibm,0,2.8291633800000002,2.8941946858361116,0.06503130583611139,False,3
qonductor_single_circuit_ibm|row1692,qonductor_single_circuit_ibm,0,2.8091405780000005,2.9141797852828693,0.10503920728286875,False,3
qonductor_single_circuit_ibm|row1697,qonductor_single_circuit_ibm,0,3.3507361220000003,2.9141797852828693,0.436556336717131,False,3
qonductor_single_circuit_ibm|row1699,qonductor_single_circuit_ibm,0,3.32356561,2.9141797852828693,0.4093858247171309,False,3
qonductor_single_circuit_ibm|row1704,qonductor_single_circuit_ibm,0,3.7704613409999994,2.871872149464136,0.8985891915358635,False,3
qonductor_single_circuit_ibm|row1708,qonductor_single_circuit_ibm,0,2.7229454129999997,4.147929534836647,1.4249841218366477,False,3
qonductor_single_circuit_ibm|row1712,qonductor_single_circuit_ibm,0,2.700817597,4.119836421106327,1.419018824106327,False,3
qonductor_single_circuit_ibm|row1716,qonductor_single_circuit_ibm,0,2.990660068,2.9255248290837907,0.0651352389162092,False,3
qonductor_single_circuit_ibm|row1718,qonductor_single_circuit_ibm,0,2.9562984479999996,2.894841215063481,0.061457232936518835,False,3
qonductor_single_circuit_ibm|row1722,qonductor_single_circuit_ibm,0,3.203321524,5.506132564916054,2.3028110409160543,False,3
qonductor_single_circuit_ibm|row1726,qonductor_single_circuit_ibm,0,2.8181040410000002,2.9255248290837907,0.10742078808379052,False,3
qonductor_single_circuit_ibm|row1727,qonductor_single_circuit_ibm,0,2.7064156329999993,2.9255248290837907,0.21910919608379142,False,3
qonductor_single_circuit_ibm|row1730,qonductor_single_circuit_ibm,0,2.8508043469999995,2.871872149464136,0.02106780246413642,False,3
qonductor_single_circuit_ibm|row1733,qonductor_single_circuit_ibm,0,4.348260419000001,4.832429069649542,0.48416865064954173,False,3
qonductor_single_circuit_ibm|row1734,qonductor_single_circuit_ibm,0,4.1528276879999995,5.019186953098695,0.8663592650986951,False,3
qonductor_single_circuit_ibm|row1737,qonductor_single_circuit_ibm,0,2.098192112,2.7630105611277185,0.6648184491277185,False,3
qonductor_single_circuit_ibm|row1743,qonductor_single_circuit_ibm,0,2.164268712,2.6573427553281284,0.4930740433281282,False,3
qonductor_single_circuit_ibm|row1751,qonductor_single_circuit_ibm,0,4.5488271650000005,4.798718472148197,0.24989130714819652,False,3
qonductor_single_circuit_ibm|row1767,qonductor_single_circuit_ibm,0,3.9474784809999997,4.898718231483247,0.9512397504832477,False,3
qonductor_single_circuit_ibm|row1768,qonductor_single_circuit_ibm,0,4.010839773,5.023688403326063,1.0128486303260633,False,3
qonductor_single_circuit_ibm|row1770,qonductor_single_circuit_ibm,0,3.9359688129999997,5.247992483773615,1.3120236707736153,False,3
qonductor_single_circuit_ibm|row1773,qonductor_single_circuit_ibm,0,4.042043739,5.023688403326063,0.9816446643260628,False,3
qonductor_single_circuit_ibm|row1774,qonductor_single_circuit_ibm,0,3.8776409009999995,5.086704654724869,1.2090637537248696,False,3
qonductor_single_circuit_ibm|row1783,qonductor_single_circuit_ibm,0,3.782099611,3.8030009904077344,0.0209013794077344,False,3
qonductor_single_circuit_ibm|row1785,qonductor_single_circuit_ibm,0,3.6029518780000003,3.8030009904077344,0.20004911240773415,False,3
qonductor_single_circuit_ibm|row1791,qonductor_single_circuit_ibm,0,3.203877355,4.170320086620459,0.9664427316204587,False,3
qonductor_single_circuit_ibm|row180,qonductor_single_circuit_ibm,0,4.482319072,4.963455537178538,0.4811364651785377,False,3
qonductor_single_circuit_ibm|row1800,qonductor_single_circuit_ibm,0,2.5686783679999996,3.9098525018493597,1.3411741338493601,False,3
qonductor_single_circuit_ibm|row1808,qonductor_single_circuit_ibm,0,2.6337994979999997,3.9098525018493597,1.27605300384936,False,3
qonductor_single_circuit_ibm|row181,qonductor_single_circuit_ibm,0,4.266916510000001,4.963455537178538,0.6965390271785372,False,3
qonductor_single_circuit_ibm|row1813,qonductor_single_circuit_ibm,0,4.00347873,3.8030009904077344,0.2004777395922659,False,3
qonductor_single_circuit_ibm|row1815,qonductor_single_circuit_ibm,0,2.870387922,4.517436098409916,1.6470481764099159,False,3
qonductor_single_circuit_ibm|row1819,qonductor_single_circuit_ibm,0,3.594384962,3.9421280733193704,0.3477431113193705,False,3
qonductor_single_circuit_ibm|row182,qonductor_single_circuit_ibm,0,4.494045388,4.963455537178538,0.46941014917853785,False,3
qonductor_single_circuit_ibm|row1820,qonductor_single_circuit_ibm,0,3.9179823390000004,3.8151842760237513,0.10279806297624905,False,3
qonductor_single_circuit_ibm|row1823,qonductor_single_circuit_ibm,0,4.003426011999999,6.217590927923525,2.2141649159235257,False,3
qonductor_single_circuit_ibm|row1824,qonductor_single_circuit_ibm,0,3.719098992,6.27837660434958,2.5592776123495797,False,3
qonductor_single_circuit_ibm|row183,qonductor_single_circuit_ibm,0,4.389750316,4.963455537178538,0.5737052211785381,False,3
qonductor_single_circuit_ibm|row1831,qonductor_single_circuit_ibm,0,3.5895046049999997,6.420301335741456,2.8307967307414565,False,3
qonductor_single_circuit_ibm|row1836,qonductor_single_circuit_ibm,0,2.695696973,4.349184577385384,1.6534876043853841,False,3
qonductor_single_circuit_ibm|row1838,qonductor_single_circuit_ibm,0,2.393700023,4.114770815865887,1.7210707928658868,False,3
qonductor_single_circuit_ibm|row184,qonductor_single_circuit_ibm,0,4.683428415,4.963455537178538,0.280027122178538,False,3
qonductor_single_circuit_ibm|row1846,qonductor_single_circuit_ibm,0,2.3475156090000002,4.114770815865887,1.7672552068658867,False,3
qonductor_single_circuit_ibm|row1849,qonductor_single_circuit_ibm,0,2.4242761079999995,3.4959072027623295,1.07163109476233,False,3
qonductor_single_circuit_ibm|row1856,qonductor_single_circuit_ibm,0,1.934604692,2.005353597645168,0.070748905645168,False,3
qonductor_single_circuit_ibm|row1858,qonductor_single_circuit_ibm,0,2.005707671,2.005353597645168,0.00035407335483217395,False,3
qonductor_single_circuit_ibm|row1865,qonductor_single_circuit_ibm,0,6.067407095,4.009270266538637,2.058136828461363,False,3
qonductor_single_circuit_ibm|row1866,qonductor_single_circuit_ibm,0,5.740442023,4.009270266538637,1.7311717564613627,False,3
qonductor_single_circuit_ibm|row1874,qonductor_single_circuit_ibm,0,3.0626459269999997,4.349184577385384,1.2865386503853844,False,3
qonductor_single_circuit_ibm|row1875,qonductor_single_circuit_ibm,0,3.096733191,4.244547060361393,1.1478138693613928,False,3
qonductor_single_circuit_ibm|row1881,qonductor_single_circuit_ibm,0,6.203176673,4.3684081238701165,1.8347685491298833,False,3
qonductor_single_circuit_ibm|row1889,qonductor_single_circuit_ibm,0,3.193375317,2.8956132744966308,0.29776204250336935,False,3
qonductor_single_circuit_ibm|row1891,qonductor_single_circuit_ibm,0,2.0216507200000002,2.617143184763999,0.595492464763999,False,3
qonductor_single_circuit_ibm|row1899,qonductor_single_circuit_ibm,0,5.719487676,4.407079140400919,1.312408535599081,False,3
qonductor_single_circuit_ibm|row1900,qonductor_single_circuit_ibm,0,6.040151505000001,3.785291036442967,2.254860468557034,False,3
qonductor_single_circuit_ibm|row1901,qonductor_single_circuit_ibm,0,1.861914892,3.059298221006449,1.1973833290064493,False,3
qonductor_single_circuit_ibm|row1904,qonductor_single_circuit_ibm,0,3.2339008579999997,2.7035776895811736,0.5303231684188261,False,3
qonductor_single_circuit_ibm|row1912,qonductor_single_circuit_ibm,0,5.7997552279999995,3.4776581939414943,2.322097034058505,False,3
qonductor_single_circuit_ibm|row1917,qonductor_single_circuit_ibm,0,2.375184939,4.3684081238701165,1.9932231848701165,False,3
qonductor_single_circuit_ibm|row1919,qonductor_single_circuit_ibm,0,5.965397039,3.995998365189818,1.9693986738101819,False,3
qonductor_single_circuit_ibm|row1922,qonductor_single_circuit_ibm,0,2.316835309,4.3684081238701165,2.0515728148701164,False,3
qonductor_single_circuit_ibm|row1927,qonductor_single_circuit_ibm,0,5.920459500000001,4.357850717306729,1.562608782693272,False,3
qonductor_single_circuit_ibm|row1929,qonductor_single_circuit_ibm,0,5.548343184,4.076332537106287,1.4720106468937129,False,3
qonductor_single_circuit_ibm|row1930,qonductor_single_circuit_ibm,0,5.632356632,4.076332537106287,1.5560240948937123,False,3
qonductor_single_circuit_ibm|row1934,qonductor_single_circuit_ibm,0,5.163428264,4.147929534836647,1.0154987291633528,False,3
qonductor_single_circuit_ibm|row1938,qonductor_single_circuit_ibm,0,2.6805459980000004,4.231737155673066,1.551191157673066,False,3
qonductor_single_circuit_ibm|row1940,qonductor_single_circuit_ibm,0,2.589289469,4.378486782747159,1.789197313747159,False,3
qonductor_single_circuit_ibm|row1949,qonductor_single_circuit_ibm,0,2.9718252019999998,3.973994791462963,1.0021695894629632,False,3
qonductor_single_circuit_ibm|row1953,qonductor_single_circuit_ibm,0,2.6558966820000003,3.973994791462963,1.3180981094629627,False,3
qonductor_single_circuit_ibm|row1956,qonductor_single_circuit_ibm,0,2.5591048560000003,3.5170696705532487,0.9579648145532484,False,3
qonductor_single_circuit_ibm|row1957,qonductor_single_circuit_ibm,0,2.671970514,3.462790343546893,0.7908198295468933,False,3
qonductor_single_circuit_ibm|row1971,qonductor_single_circuit_ibm,0,3.2599019830000002,4.495418254170693,1.235516271170693,False,3
qonductor_single_circuit_ibm|row1973,qonductor_single_circuit_ibm,0,3.4758451510000006,2.5207605407499636,0.955084610250037,False,3
qonductor_single_circuit_ibm|row1989,qonductor_single_circuit_ibm,0,4.030396816,4.450032152192085,0.41963533619208526,False,3
qonductor_single_circuit_ibm|row1990,qonductor_single_circuit_ibm,0,3.757348145,4.462416930990876,0.7050687859908757,False,3
qonductor_single_circuit_ibm|row1995,qonductor_single_circuit_ibm,0,5.5148537079999995,4.438130676975895,1.0767230310241045,False,3
qonductor_single_circuit_ibm|row1996,qonductor_single_circuit_ibm,0,4.886609361,4.438130676975895,0.4484786840241046,False,3
qonductor_single_circuit_ibm|row1997,qonductor_single_circuit_ibm,0,4.9181330249999995,4.438130676975895,0.48000234802410446,False,3
qonductor_single_circuit_ibm|row2004,qonductor_single_circuit_ibm,0,2.5234934749999995,3.462790343546893,0.9392968685468936,False,3
qonductor_single_circuit_ibm|row2009,qonductor_single_circuit_ibm,0,2.6951112040000003,2.4753060135511817,0.21980519044881852,False,3
qonductor_single_circuit_ibm|row2026,qonductor_single_circuit_ibm,0,3.750756547,2.5207605407499636,1.2299960062500364,False,3
qonductor_single_circuit_ibm|row2031,qonductor_single_circuit_ibm,0,2.3932004559999998,4.076332537106287,1.6831320811062875,False,3
qonductor_single_circuit_ibm|row2033,qonductor_single_circuit_ibm,0,2.383566106,4.076332537106287,1.6927664311062873,False,3
qonductor_single_circuit_ibm|row2034,qonductor_single_circuit_ibm,0,7.511105312999999,4.076332537106287,3.4347727758937117,False,3
qonductor_single_circuit_ibm|row2038,qonductor_single_circuit_ibm,0,2.686114365,2.3476502667113404,0.33846409828865953,False,3
qonductor_single_circuit_ibm|row2044,qonductor_single_circuit_ibm,0,2.330283213,4.072498352158744,1.7422151391587444,False,3
qonductor_single_circuit_ibm|row2057,qonductor_single_circuit_ibm,0,2.5919001479999997,4.359830147031353,1.7679299990313533,False,3
qonductor_single_circuit_ibm|row2062,qonductor_single_circuit_ibm,0,2.554902512,3.3845585368498528,0.8296560248498528,False,3
qonductor_single_circuit_ibm|row2064,qonductor_single_circuit_ibm,0,2.6890407990000003,3.437401536602687,0.7483607376026868,False,3
qonductor_single_circuit_ibm|row2068,qonductor_single_circuit_ibm,0,3.398011733,4.369180015026371,0.9711682820263712,False,3
qonductor_single_circuit_ibm|row2077,qonductor_single_circuit_ibm,0,3.349893003,4.076332537106287,0.7264395341062873,False,3
qonductor_single_circuit_ibm|row2080,qonductor_single_circuit_ibm,0,2.704924401,4.076332537106287,1.3714081361062873,False,3
qonductor_single_circuit_ibm|row2084,qonductor_single_circuit_ibm,0,2.700208858,2.564849345119323,0.13535951288067682,False,3
qonductor_single_circuit_ibm|row2085,qonductor_single_circuit_ibm,0,2.7150295,2.5043178957276964,0.21071160427230362,False,3
qonductor_single_circuit_ibm|row2092,qonductor_single_circuit_ibm,0,3.6283292649999996,4.481740165390162,0.8534109003901627,False,3
qonductor_single_circuit_ibm|row2095,qonductor_single_circuit_ibm,0,4.478789389000001,4.450032152192085,0.028757236807916087,False,3
qonductor_single_circuit_ibm|row2097,qonductor_single_circuit_ibm,0,2.664008964,2.7247435144111676,0.060734550411167376,False,3
qonductor_single_circuit_ibm|row2117,qonductor_single_circuit_ibm,0,4.483481158000001,4.438130676975895,0.04535048102410588,False,3
qonductor_single_circuit_ibm|row2121,qonductor_single_circuit_ibm,0,4.6306877029999995,4.438130676975895,0.19255702602410452,False,3
qonductor_single_circuit_ibm|row2123,qonductor_single_circuit_ibm,0,2.7911366010000003,2.5709259954228156,0.22021060557718464,False,3
qonductor_single_circuit_ibm|row2124,qonductor_single_circuit_ibm,0,2.907868831,2.4753060135511817,0.4325628174488183,False,3
qonductor_single_circuit_ibm|row2126,qonductor_single_circuit_ibm,0,2.915947512,2.5043178957276964,0.41162961627230343,False,3
qonductor_single_circuit_ibm|row2144,qonductor_single_circuit_ibm,0,3.6685432159999998,4.462416930990876,0.7938737149908759,False,3
qonductor_single_circuit_ibm|row2146,qonductor_single_circuit_ibm,0,3.13196129,4.438918812328051,1.3069575223280512,False,3
qonductor_single_circuit_ibm|row2152,qonductor_single_circuit_ibm,0,3.478755282,4.463971675922014,0.9852163939220144,False,3
qonductor_single_circuit_ibm|row2153,qonductor_single_circuit_ibm,0,3.593033836,4.467090959357625,0.8740571233576251,False,3
qonductor_single_circuit_ibm|row2156,qonductor_single_circuit_ibm,0,2.7768813280000004,2.7247435144111676,0.05213781358883285,False,3
qonductor_single_circuit_ibm|row2160,qonductor_single_circuit_ibm,0,2.953488619,4.4859001422115625,1.5324115232115627,False,3
qonductor_single_circuit_ibm|row2162,qonductor_single_circuit_ibm,0,2.718440804,4.438130676975895,1.719689872975895,False,3
qonductor_single_circuit_ibm|row2174,qonductor_single_circuit_ibm,0,2.731245574,2.634512159160151,0.0967334148398491,False,3
qonductor_single_circuit_ibm|row2176,qonductor_single_circuit_ibm,0,2.9494354520000003,2.7247435144111676,0.22469193758883277,False,3
qonductor_single_circuit_ibm|row2180,qonductor_single_circuit_ibm,0,4.004299068,3.5940178585890745,0.4102812094109254,False,3
qonductor_single_circuit_ibm|row2182,qonductor_single_circuit_ibm,0,4.258114195,3.6457824110938217,0.6123317839061784,False,3
qonductor_single_circuit_ibm|row2184,qonductor_single_circuit_ibm,0,3.957948836,3.6457824110938217,0.3121664249061782,False,3
qonductor_single_circuit_ibm|row2190,qonductor_single_circuit_ibm,0,3.7822765270000005,3.8744020737217912,0.09212554672179074,False,3
qonductor_single_circuit_ibm|row2191,qonductor_single_circuit_ibm,0,3.835856688,3.8744020737217912,0.03854538572179145,False,3
qonductor_single_circuit_ibm|row2201,qonductor_single_circuit_ibm,0,9.248661680000001,9.670860490164527,0.42219881016452554,False,3
qonductor_single_circuit_ibm|row2202,qonductor_single_circuit_ibm,0,9.874721034,9.641233277744263,0.23348775625573737,False,3
qonductor_single_circuit_ibm|row2213,qonductor_single_circuit_ibm,0,3.8224181980000003,3.600111927345086,0.22230627065491415,False,3
qonductor_single_circuit_ibm|row2244,qonductor_single_circuit_ibm,0,2.9872101399999997,2.5963795911561145,0.39083054884388524,False,3
qonductor_single_circuit_ibm|row2249,qonductor_single_circuit_ibm,0,2.8919180840000003,2.8514474315405947,0.04047065245940562,False,3
qonductor_single_circuit_ibm|row2252,qonductor_single_circuit_ibm,0,2.890520651,2.8514474315405947,0.03907321945940545,False,3
qonductor_single_circuit_ibm|row2260,qonductor_single_circuit_ibm,0,3.054266465,2.8514474315405947,0.20281903345940533,False,3
qonductor_single_circuit_ibm|row2263,qonductor_single_circuit_ibm,0,2.907144595,2.8514474315405947,0.05569716345940545,False,3
qonductor_single_circuit_ibm|row2269,qonductor_single_circuit_ibm,0,2.9421720959999997,2.630907155233384,0.3112649407666157,False,3
qonductor_single_circuit_ibm|row2277,qonductor_single_circuit_ibm,0,8.524312563999999,9.55893408113909,1.034621517139092,False,3
qonductor_single_circuit_ibm|row2288,qonductor_single_circuit_ibm,0,3.8199412199999996,5.609887294861469,1.7899460748614695,False,3
qonductor_single_circuit_ibm|row2326,qonductor_single_circuit_ibm,0,2.9542626290000005,2.8941946858361116,0.06006794316388886,False,3
qonductor_single_circuit_ibm|row2327,qonductor_single_circuit_ibm,0,3.0319256919999997,2.8941946858361116,0.13773100616388811,False,3
qonductor_single_circuit_ibm|row2328,qonductor_single_circuit_ibm,0,2.670394259,2.8941946858361116,0.22380042683611157,False,3
qonductor_single_circuit_ibm|row2329,qonductor_single_circuit_ibm,0,2.5780118309999995,2.9141797852828693,0.3361679542828697,False,3
qonductor_single_circuit_ibm|row2332,qonductor_single_circuit_ibm,0,9.967124518000002,9.55893408113909,0.4081904368609113,False,3
qonductor_single_circuit_ibm|row2333,qonductor_single_circuit_ibm,0,9.884919859,9.55893408113909,0.3259857778609092,False,3
qonductor_single_circuit_ibm|row2344,qonductor_single_circuit_ibm,0,3.855577527,5.61842443490819,1.7628469079081905,False,3
qonductor_single_circuit_ibm|row2350,qonductor_single_circuit_ibm,0,2.7638222459999997,2.9141797852828693,0.15035753928286955,False,3
qonductor_single_circuit_ibm|row2353,qonductor_single_circuit_ibm,0,2.805292269,2.9141797852828693,0.10888751628286908,False,3
qonductor_single_circuit_ibm|row2356,qonductor_single_circuit_ibm,0,1.758083052,2.3976691641596855,0.6395861121596855,False,3
qonductor_single_circuit_ibm|row2358,qonductor_single_circuit_ibm,0,1.767411402,2.3862408794117176,0.6188294774117176,False,3
qonductor_single_circuit_ibm|row2374,qonductor_single_circuit_ibm,0,6.403412565,5.649966703080022,0.7534458619199782,False,3
qonductor_single_circuit_ibm|row2382,qonductor_single_circuit_ibm,0,2.9215254,2.9141797852828693,0.0073456147171309105,False,3
qonductor_single_circuit_ibm|row2396,qonductor_single_circuit_ibm,0,3.0723158589999997,2.9141797852828693,0.15813607371713045,False,3
qonductor_single_circuit_ibm|row2402,qonductor_single_circuit_ibm,0,2.735819498,2.871872149464136,0.1360526514641358,False,3
qonductor_single_circuit_ibm|row2407,qonductor_single_circuit_ibm,0,4.762990294,3.2926128375660104,1.4703774564339893,False,3
qonductor_single_circuit_ibm|row2408,qonductor_single_circuit_ibm,0,4.78894479,3.2926128375660104,1.49633195243399,False,3
qonductor_single_circuit_ibm|row2413,qonductor_single_circuit_ibm,0,8.594232416999999,9.678077408094286,1.0838449910942867,False,3
qonductor_single_circuit_ibm|row2417,qonductor_single_circuit_ibm,0,10.484635087000001,9.773478999691887,0.7111560873081135,False,3
qonductor_single_circuit_ibm|row2422,qonductor_single_circuit_ibm,0,10.556835757,9.773478999691887,0.7833567573081126,False,3
qonductor_single_circuit_ibm|row2431,qonductor_single_circuit_ibm,0,6.202101192,5.636436989743963,0.5656642022560368,False,3
qonductor_single_circuit_ibm|row2433,qonductor_single_circuit_ibm,0,5.2578002370000005,4.592449573866543,0.6653506631334576,False,3
qonductor_single_circuit_ibm|row2434,qonductor_single_circuit_ibm,0,4.976253894000001,4.592449573866543,0.383804320133458,False,3
qonductor_single_circuit_ibm|row2442,qonductor_single_circuit_ibm,0,1.9993621639999999,2.3631616343199027,0.3637994703199028,False,3
qonductor_single_circuit_ibm|row245,qonductor_single_circuit_ibm,0,6.275933941,3.8744020737217912,2.4015318672782087,False,3
qonductor_single_circuit_ibm|row246,qonductor_single_circuit_ibm,0,5.790270453,3.8744020737217912,1.9158683792782085,False,3
qonductor_single_circuit_ibm|row2462,qonductor_single_circuit_ibm,0,8.285793386000002,7.641418739901146,0.6443746460988553,False,3
qonductor_single_circuit_ibm|row2465,qonductor_single_circuit_ibm,0,8.29281867,7.641418739901146,0.6513999300988544,False,3
qonductor_single_circuit_ibm|row247,qonductor_single_circuit_ibm,0,5.547779789,3.8744020737217912,1.6733777152782086,False,3
qonductor_single_circuit_ibm|row2473,qonductor_single_circuit_ibm,0,8.759150298,9.850301088837169,1.091150790837169,False,3
qonductor_single_circuit_ibm|row2474,qonductor_single_circuit_ibm,0,8.611346261,9.564455114863241,0.9531088538632417,False,3
qonductor_single_circuit_ibm|row2476,qonductor_single_circuit_ibm,0,8.681064576,9.564455114863241,0.8833905388632406,False,3
qonductor_single_circuit_ibm|row2477,qonductor_single_circuit_ibm,0,8.653914166,9.564455114863241,0.9105409488632414,False,3
qonductor_single_circuit_ibm|row248,qonductor_single_circuit_ibm,0,5.527665153,3.8744020737217912,1.6532630792782088,False,3
qonductor_single_circuit_ibm|row2487,qonductor_single_circuit_ibm,0,8.152239645,9.77810086939824,1.6258612243982409,False,3
qonductor_single_circuit_ibm|row2488,qonductor_single_circuit_ibm,0,27.716524961000005,24.16325951146917,3.5532654495308336,False,3
qonductor_single_circuit_ibm|row2489,qonductor_single_circuit_ibm,0,6.858778452,5.116931139181533,1.741847312818467,False,3
qonductor_single_circuit_ibm|row249,qonductor_single_circuit_ibm,0,5.602061813,3.8744020737217912,1.7276597392782085,False,3
qonductor_single_circuit_ibm|row2491,qonductor_single_circuit_ibm,0,32.751190564000005,23.988282671505495,8.76290789249451,False,3
qonductor_single_circuit_ibm|row2493,qonductor_single_circuit_ibm,0,7.2037527400000005,5.63199092606273,1.5717618139372709,False,3
qonductor_single_circuit_ibm|row2494,qonductor_single_circuit_ibm,0,32.875454988,24.99082985845068,7.88462512954932,False,3
qonductor_single_circuit_ibm|row2495,qonductor_single_circuit_ibm,0,33.50237429100001,23.912385483202772,9.589988807797237,False,3
qonductor_single_circuit_ibm|row2496,qonductor_single_circuit_ibm,0,6.947755813,5.6385066760832,1.3092491369168,False,3
qonductor_single_circuit_ibm|row2497,qonductor_single_circuit_ibm,0,12.013269156000002,9.08176995075759,2.931499205242412,False,3
qonductor_single_circuit_ibm|row2500,qonductor_single_circuit_ibm,0,11.469173661,9.08176995075759,2.3874037102424097,False,3
qonductor_single_circuit_ibm|row2505,qonductor_single_circuit_ibm,0,11.529015613999999,9.243679729145665,2.2853358848543337,False,3
qonductor_single_circuit_ibm|row2507,qonductor_single_circuit_ibm,0,11.970323951000001,9.601296722485312,2.369027228514689,False,3
qonductor_single_circuit_ibm|row2508,qonductor_single_circuit_ibm,0,11.970656165000001,9.500812046642663,2.4698441183573383,False,3
qonductor_single_circuit_ibm|row2509,qonductor_single_circuit_ibm,0,12.005203812000001,9.535072121394531,2.47013169060547,False,3
qonductor_single_circuit_ibm|row2527,qonductor_single_circuit_ibm,0,9.407136393,9.818973196063084,0.4118368030630837,False,3
qonductor_single_circuit_ibm|row255,qonductor_single_circuit_ibm,0,4.095837155,4.675741945281564,0.5799047902815637,False,3
qonductor_single_circuit_ibm|row2552,qonductor_single_circuit_ibm,0,9.324677794,9.500812046642663,0.17613425264266347,False,3
qonductor_single_circuit_ibm|row256,qonductor_single_circuit_ibm,0,4.429592512,4.675741945281564,0.24614943328156347,False,3
qonductor_single_circuit_ibm|row257,qonductor_single_circuit_ibm,0,4.178851831,4.675741945281564,0.4968901142815634,False,3
qonductor_single_circuit_ibm|row2573,qonductor_single_circuit_ibm,0,8.958899328,8.7063404568089,0.2525588711911002,False,3
qonductor_single_circuit_ibm|row2576,qonductor_single_circuit_ibm,0,9.417172277,10.01230164363746,0.59512936663746,False,3
qonductor_single_circuit_ibm|row258,qonductor_single_circuit_ibm,0,4.330675349,4.675741945281564,0.3450665962815638,False,3
qonductor_single_circuit_ibm|row2588,qonductor_single_circuit_ibm,0,22.281101518,19.758971438373745,2.5221300796262547,False,3
qonductor_single_circuit_ibm|row259,qonductor_single_circuit_ibm,0,4.135188644,4.675741945281564,0.5405533012815633,False,3
qonductor_single_circuit_ibm|row2602,qonductor_single_circuit_ibm,0,8.453560411,7.962207798411654,0.4913526125883454,False,3
qonductor_single_circuit_ibm|row2620,qonductor_single_circuit_ibm,0,7.388125323,8.930670457958158,1.542545134958158,False,3
qonductor_single_circuit_ibm|row2630,qonductor_single_circuit_ibm,0,7.4350119779999995,8.71843582445903,1.2834238464590308,False,3
qonductor_single_circuit_ibm|row2631,qonductor_single_circuit_ibm,0,7.51168026,8.71843582445903,1.20675556445903,False,3
qonductor_single_circuit_ibm|row2633,qonductor_single_circuit_ibm,0,7.440674379999999,8.71843582445903,1.2777614444590313,False,3
qonductor_single_circuit_ibm|row2637,qonductor_single_circuit_ibm,0,12.640942023,9.021502140412451,3.619439882587548,False,3
qonductor_single_circuit_ibm|row2645,qonductor_single_circuit_ibm,0,11.79313193,10.067669333466107,1.7254625965338928,False,3
qonductor_single_circuit_ibm|row2650,qonductor_single_circuit_ibm,0,7.084774669999999,8.3238436523395,1.239068982339501,False,3
qonductor_single_circuit_ibm|row2654,qonductor_single_circuit_ibm,0,7.247006353,8.244712508213146,0.9977061552131463,False,3
qonductor_single_circuit_ibm|row2678,qonductor_single_circuit_ibm,0,7.293873572999999,8.58831099293565,1.294437419935651,False,3
qonductor_single_circuit_ibm|row2679,qonductor_single_circuit_ibm,0,10.588800988,7.870554345483413,2.7182466425165863,False,3
qonductor_single_circuit_ibm|row2680,qonductor_single_circuit_ibm,0,10.433608590999999,7.870554345483413,2.563054245516586,False,3
qonductor_single_circuit_ibm|row2682,qonductor_single_circuit_ibm,0,7.263900390000001,8.58831099293565,1.3244106029356493,False,3
qonductor_single_circuit_ibm|row2687,qonductor_single_circuit_ibm,0,10.882240227,7.870554345483413,3.0116858815165877,False,3
qonductor_single_circuit_ibm|row2693,qonductor_single_circuit_ibm,0,7.107974467,8.091429825736352,0.9834553587363519,False,3
qonductor_single_circuit_ibm|row2700,qonductor_single_circuit_ibm,0,6.899334454,8.078342070155339,1.1790076161553387,False,3
qonductor_single_circuit_ibm|row2701,qonductor_single_circuit_ibm,0,6.981406748,8.078342070155339,1.0969353221553382,False,3
qonductor_single_circuit_ibm|row2705,qonductor_single_circuit_ibm,0,7.366742983,9.262178048439072,1.895435065439072,False,3
qonductor_single_circuit_ibm|row2708,qonductor_single_circuit_ibm,0,7.504985524,9.227464080670448,1.7224785566704472,False,3
qonductor_single_circuit_ibm|row2710,qonductor_single_circuit_ibm,0,12.792152959,8.79220393131903,3.9999490276809695,False,3
qonductor_single_circuit_ibm|row2731,qonductor_single_circuit_ibm,0,9.03932901,7.473915298966571,1.565413711033428,False,3
qonductor_single_circuit_ibm|row2735,qonductor_single_circuit_ibm,0,6.68367266,7.264442654447774,0.580769994447774,False,3
qonductor_single_circuit_ibm|row2738,qonductor_single_circuit_ibm,0,6.798995848000001,7.264442654447774,0.4654468064477735,False,3
qonductor_single_circuit_ibm|row2744,qonductor_single_circuit_ibm,0,5.439691646,6.626143406976764,1.1864517609767642,False,3
qonductor_single_circuit_ibm|row2749,qonductor_single_circuit_ibm,0,8.460889293000001,7.9468642673161805,0.5140250256838206,False,3
qonductor_single_circuit_ibm|row2753,qonductor_single_circuit_ibm,0,7.674841963,7.738878113864182,0.06403615086418135,False,3
qonductor_single_circuit_ibm|row2760,qonductor_single_circuit_ibm,0,8.388897917,7.738878113864182,0.6500198031358178,False,3
qonductor_single_circuit_ibm|row2765,qonductor_single_circuit_ibm,0,8.249843984000002,8.210947217414143,0.038896766585859055,False,3
qonductor_single_circuit_ibm|row2770,qonductor_single_circuit_ibm,0,18.25012913,18.751548600129272,0.5014194701292709,False,3
qonductor_single_circuit_ibm|row2778,qonductor_single_circuit_ibm,0,8.066268422,7.838396172376109,0.22787224962389097,False,3
qonductor_single_circuit_ibm|row2795,qonductor_single_circuit_ibm,0,8.428259731999999,7.334162077276314,1.0940976547236847,False,3
qonductor_single_circuit_ibm|row2796,qonductor_single_circuit_ibm,0,8.243582600000002,7.198514459954926,1.0450681400450756,False,3
qonductor_single_circuit_ibm|row2798,qonductor_single_circuit_ibm,0,8.110533292,7.66700101660676,0.44353227539323914,False,3
qonductor_single_circuit_ibm|row2799,qonductor_single_circuit_ibm,0,8.473496227,7.198514459954926,1.274981767045074,False,3
qonductor_single_circuit_ibm|row2801,qonductor_single_circuit_ibm,0,7.910378651,7.66700101660676,0.2433776343932399,False,3
qonductor_single_circuit_ibm|row2803,qonductor_single_circuit_ibm,0,8.860074301,8.86886301587101,0.008788714871011294,False,3
qonductor_single_circuit_ibm|row2804,qonductor_single_circuit_ibm,0,9.131538067,8.747445604935827,0.3840924620641726,False,3
qonductor_single_circuit_ibm|row2806,qonductor_single_circuit_ibm,0,8.949722712,8.750276449003922,0.19944626299607826,False,3
qonductor_single_circuit_ibm|row2813,qonductor_single_circuit_ibm,0,8.890727353,8.750276449003922,0.1404509039960793,False,3
qonductor_single_circuit_ibm|row2816,qonductor_single_circuit_ibm,0,9.096694047,8.747445604935827,0.34924844206417305,False,3
qonductor_single_circuit_ibm|row2822,qonductor_single_circuit_ibm,0,8.594703661999999,9.022632306570502,0.4279286445705033,False,3
qonductor_single_circuit_ibm|row2824,qonductor_single_circuit_ibm,0,8.705281216000001,9.021502140412451,0.3162209244124501,False,3
qonductor_single_circuit_ibm|row2828,qonductor_single_circuit_ibm,0,7.420461474000001,7.697990004222273,0.27752853022227253,False,3
qonductor_single_circuit_ibm|row2844,qonductor_single_circuit_ibm,0,7.732987211,7.808810660441654,0.07582344944165342,False,3
qonductor_single_circuit_ibm|row2846,qonductor_single_circuit_ibm,0,15.232084790999998,14.730173152421782,0.5019116385782159,False,3
qonductor_single_circuit_ibm|row2848,qonductor_single_circuit_ibm,0,15.311281558000001,15.763378685561928,0.45209712756192744,False,3
qonductor_single_circuit_ibm|row285,qonductor_single_circuit_ibm,0,2.847051726,2.9263391154748786,0.07928738947487846,False,3
qonductor_single_circuit_ibm|row2855,qonductor_single_circuit_ibm,0,25.087867016000004,22.255754859916394,2.8321121560836104,False,3
qonductor_single_circuit_ibm|row2856,qonductor_single_circuit_ibm,0,24.956928346999998,23.196247977648653,1.7606803693513449,False,3
qonductor_single_circuit_ibm|row286,qonductor_single_circuit_ibm,0,2.957027094,2.9263391154748786,0.030687978525121284,False,3
qonductor_single_circuit_ibm|row2865,qonductor_single_circuit_ibm,0,3.096799978,2.871872149464136,0.22492782853586402,False,3
qonductor_single_circuit_ibm|row287,qonductor_single_circuit_ibm,0,2.9367669860000003,2.9263391154748786,0.01042787052512173,False,3
qonductor_single_circuit_ibm|row2871,qonductor_single_circuit_ibm,0,6.553838343000001,5.609887294861469,0.9439510481385316,False,3
qonductor_single_circuit_ibm|row2872,qonductor_single_circuit_ibm,0,6.909967764,5.499227889444022,1.4107398745559783,False,3
qonductor_single_circuit_ibm|row288,qonductor_single_circuit_ibm,0,2.951328003,2.9263391154748786,0.024988887525121406,False,3
qonductor_single_circuit_ibm|row2886,qonductor_single_circuit_ibm,0,7.610839245000001,4.909873695410116,2.7009655495898848,False,3
qonductor_single_circuit_ibm|row289,qonductor_single_circuit_ibm,0,3.2668048869999997,2.9263391154748786,0.34046577152512114,False,3
qonductor_single_circuit_ibm|row2897,qonductor_single_circuit_ibm,0,8.112783755,8.3238436523395,0.21105989733949926,False,3
qonductor_single_circuit_ibm|row290,qonductor_single_circuit_ibm,0,2.9384712920000005,4.334842288971203,1.3963709969712021,False,3
qonductor_single_circuit_ibm|row2903,qonductor_single_circuit_ibm,0,4.396458673999999,5.006664910493798,0.6102062364937995,False,3
qonductor_single_circuit_ibm|row2904,qonductor_single_circuit_ibm,0,4.635845508,5.006664910493798,0.3708194024937983,False,3
qonductor_single_circuit_ibm|row2905,qonductor_single_circuit_ibm,0,4.931013748000001,4.845213000284172,0.08580074771582868,False,3
qonductor_single_circuit_ibm|row2907,qonductor_single_circuit_ibm,0,4.447650288,4.845213000284172,0.39756271228417184,False,3
qonductor_single_circuit_ibm|row291,qonductor_single_circuit_ibm,0,3.5263568390000004,4.334842288971203,0.8084854499712022,False,3
qonductor_single_circuit_ibm|row292,qonductor_single_circuit_ibm,0,3.393062522,4.334842288971203,0.9417797669712025,False,3
qonductor_single_circuit_ibm|row2920,qonductor_single_circuit_ibm,0,4.831381418,5.112793940076662,0.28141252207666145,False,3
qonductor_single_circuit_ibm|row293,qonductor_single_circuit_ibm,0,3.486577882,4.334842288971203,0.8482644069712024,False,3
qonductor_single_circuit_ibm|row2931,qonductor_single_circuit_ibm,0,4.410010217000001,5.5975919684147994,1.1875817514147986,False,3
qonductor_single_circuit_ibm|row2934,qonductor_single_circuit_ibm,0,6.1973520970000004,6.735533338143556,0.5381812411435556,False,3
qonductor_single_circuit_ibm|row294,qonductor_single_circuit_ibm,0,3.25519779,4.334842288971203,1.0796444989712026,False,3
qonductor_single_circuit_ibm|row2941,qonductor_single_circuit_ibm,0,6.586078974,6.735533338143556,0.14945436414355573,False,3
qonductor_single_circuit_ibm|row2947,qonductor_single_circuit_ibm,0,7.955826772,7.398210252366122,0.5576165196338776,False,3
qonductor_single_circuit_ibm|row295,qonductor_single_circuit_ibm,0,3.964013859,4.576872918832586,0.6128590598325858,False,3
qonductor_single_circuit_ibm|row296,qonductor_single_circuit_ibm,0,3.213027495,4.576872918832586,1.363845423832586,False,3
qonductor_single_circuit_ibm|row2962,qonductor_single_circuit_ibm,0,4.233862904,4.845081120600819,0.6112182166008182,False,3
qonductor_single_circuit_ibm|row297,qonductor_single_circuit_ibm,0,3.1022397539999997,4.576872918832586,1.474633164832586,False,3
qonductor_single_circuit_ibm|row2970,qonductor_single_circuit_ibm,0,4.085180383,4.763448998725831,0.6782686157258313,False,3
qonductor_single_circuit_ibm|row2971,qonductor_single_circuit_ibm,0,3.947459242,4.763448998725831,0.8159897567258314,False,3
qonductor_single_circuit_ibm|row2974,qonductor_single_circuit_ibm,0,3.88002085,4.763448998725831,0.8834281487258311,False,3
qonductor_single_circuit_ibm|row2975,qonductor_single_circuit_ibm,0,4.0499189079999995,4.763448998725831,0.7135300907258317,False,3
qonductor_single_circuit_ibm|row298,qonductor_single_circuit_ibm,0,3.173038386,4.576872918832586,1.4038345328325859,False,3
qonductor_single_circuit_ibm|row2981,qonductor_single_circuit_ibm,0,3.730185868,4.898718231483247,1.1685323634832474,False,3
qonductor_single_circuit_ibm|row2982,qonductor_single_circuit_ibm,0,3.604993,4.898718231483247,1.2937252314832475,False,3
qonductor_single_circuit_ibm|row2984,qonductor_single_circuit_ibm,0,4.800227511,6.721648760146815,1.9214212491468148,False,3
qonductor_single_circuit_ibm|row2989,qonductor_single_circuit_ibm,0,3.864717987,5.108726941520898,1.2440089545208974,False,3
qonductor_single_circuit_ibm|row299,qonductor_single_circuit_ibm,0,3.2791844209999996,4.576872918832586,1.2976884978325862,False,3
qonductor_single_circuit_ibm|row2992,qonductor_single_circuit_ibm,0,3.680771126,5.066432006050556,1.3856608800505565,False,3
qonductor_single_circuit_ibm|row2996,qonductor_single_circuit_ibm,0,3.683447344,5.247992483773615,1.5645451397736148,False,3
qonductor_single_circuit_ibm|row2997,qonductor_single_circuit_ibm,0,3.7906815650000003,5.066432006050556,1.275750441050556,False,3
qonductor_single_circuit_ibm|row3010,qonductor_single_circuit_ibm,0,2.73872137,4.170320086620459,1.4315987166204587,False,3
qonductor_single_circuit_ibm|row3014,qonductor_single_circuit_ibm,0,7.881033940999999,6.731889026021984,1.1491449149780149,False,3
qonductor_single_circuit_ibm|row3021,qonductor_single_circuit_ibm,0,2.703096968,4.170320086620459,1.4672231186204585,False,3
qonductor_single_circuit_ibm|row3022,qonductor_single_circuit_ibm,0,8.381931144000001,8.600449978097954,0.21851883409795292,False,3
qonductor_single_circuit_ibm|row3055,qonductor_single_circuit_ibm,0,5.74317838,3.8030009904077344,1.9401773895922654,False,3
qonductor_single_circuit_ibm|row3058,qonductor_single_circuit_ibm,0,7.617760212,6.529046308455285,1.0887139035447149,False,3
qonductor_single_circuit_ibm|row3062,qonductor_single_circuit_ibm,0,7.2847600130000005,8.091429825736352,0.8066698127363514,False,3
qonductor_single_circuit_ibm|row3063,qonductor_single_circuit_ibm,0,7.738819948999999,6.529046308455285,1.2097736405447135,False,3
qonductor_single_circuit_ibm|row3068,qonductor_single_circuit_ibm,0,7.345100142,8.091429825736352,0.7463296837363522,False,3
qonductor_single_circuit_ibm|row3082,qonductor_single_circuit_ibm,0,2.8192601079999995,2.895487456895981,0.0762273488959817,False,3
qonductor_single_circuit_ibm|row3084,qonductor_single_circuit_ibm,0,7.8238120449999995,9.262178048439072,1.4383660034390724,False,3
qonductor_single_circuit_ibm|row3089,qonductor_single_circuit_ibm,0,6.4986788639999995,4.577510606089062,1.9211682579109377,False,3
qonductor_single_circuit_ibm|row3093,qonductor_single_circuit_ibm,0,7.44353821,6.353772131183109,1.0897660788168908,False,3
qonductor_single_circuit_ibm|row3097,qonductor_single_circuit_ibm,0,8.357370506,9.079081822105296,0.7217113161052957,False,3
qonductor_single_circuit_ibm|row3098,qonductor_single_circuit_ibm,0,7.552422732,6.368353967954589,1.1840687640454108,False,3
qonductor_single_circuit_ibm|row3099,qonductor_single_circuit_ibm,0,7.551254953,6.353772131183109,1.197482821816891,False,3
qonductor_single_circuit_ibm|row3101,qonductor_single_circuit_ibm,0,7.201085987,5.8313047624218886,1.3697812245781114,False,3
qonductor_single_circuit_ibm|row3102,qonductor_single_circuit_ibm,0,8.104977298000001,8.9081870338723,0.8032097358722989,False,3
qonductor_single_circuit_ibm|row3107,qonductor_single_circuit_ibm,0,7.523080263,6.395706657786044,1.1273736052139558,False,3
qonductor_single_circuit_ibm|row3109,qonductor_single_circuit_ibm,0,8.354922156,8.75912573540081,0.404203579400809,False,3
qonductor_single_circuit_ibm|row3110,qonductor_single_circuit_ibm,0,8.73887192,8.790635684522416,0.05176376452241627,False,3
qonductor_single_circuit_ibm|row3117,qonductor_single_circuit_ibm,0,20.505682306000004,17.418577458132717,3.0871048478672876,False,3
qonductor_single_circuit_ibm|row3119,qonductor_single_circuit_ibm,0,7.924992476000001,6.6450793598782365,1.2799131161217643,False,3
qonductor_single_circuit_ibm|row3121,qonductor_single_circuit_ibm,0,2.874752794,2.7116723090283403,0.1630804849716596,False,3
qonductor_single_circuit_ibm|row3124,qonductor_single_circuit_ibm,0,20.033622692,17.043533195779172,2.990089496220829,False,3
qonductor_single_circuit_ibm|row3127,qonductor_single_circuit_ibm,0,7.848433026,6.4628952843695995,1.3855377416304009,False,3
qonductor_single_circuit_ibm|row3129,qonductor_single_circuit_ibm,0,5.744410424999999,3.843577999564106,1.900832425435893,False,3
qonductor_single_circuit_ibm|row3131,qonductor_single_circuit_ibm,0,20.192545083000002,17.70087821653673,2.491666866463273,False,3
qonductor_single_circuit_ibm|row3135,qonductor_single_circuit_ibm,0,7.122636845,6.92880574008999,0.19383110491000988,False,3
qonductor_single_circuit_ibm|row3142,qonductor_single_circuit_ibm,0,12.835867355,11.22066521365124,1.6152021413487603,False,3
qonductor_single_circuit_ibm|row3143,qonductor_single_circuit_ibm,0,12.65612775,11.732958326815677,0.9231694231843228,False,3
qonductor_single_circuit_ibm|row3148,qonductor_single_circuit_ibm,0,7.070335922,7.35957481760355,0.28923889560354965,False,3
qonductor_single_circuit_ibm|row3151,qonductor_single_circuit_ibm,0,3.458631868,5.0311710854040115,1.5725392174040116,False,3
qonductor_single_circuit_ibm|row3152,qonductor_single_circuit_ibm,0,6.048844239,3.973994791462963,2.074849447537037,False,3
qonductor_single_circuit_ibm|row3154,qonductor_single_circuit_ibm,0,7.415154788,7.35957481760355,0.05557997039645013,False,3
qonductor_single_circuit_ibm|row3165,qonductor_single_circuit_ibm,0,6.701724850999999,5.947075149598218,0.7546497014017808,False,3
qonductor_single_circuit_ibm|row3179,qonductor_single_circuit_ibm,0,7.371300966000001,7.235992355162032,0.13530861083796886,False,3
qonductor_single_circuit_ibm|row3195,qonductor_single_circuit_ibm,0,6.089250848000001,7.7675922640508555,1.6783414160508547,False,3
qonductor_single_circuit_ibm|row3202,qonductor_single_circuit_ibm,0,3.630105659,5.0189625357058585,1.3888568767058587,False,3
qonductor_single_circuit_ibm|row3205,qonductor_single_circuit_ibm,0,6.085231322,7.767521420700043,1.6822900987000429,False,3
qonductor_single_circuit_ibm|row3206,qonductor_single_circuit_ibm,0,5.966480537,7.767521420700043,1.8010408837000433,False,3
qonductor_single_circuit_ibm|row3211,qonductor_single_circuit_ibm,0,5.967319946,7.7675922640508555,1.8002723180508555,False,3
qonductor_single_circuit_ibm|row3213,qonductor_single_circuit_ibm,0,7.203436043,6.020382258496389,1.1830537845036107,False,3
qonductor_single_circuit_ibm|row3214,qonductor_single_circuit_ibm,0,7.044058366,6.11202624145663,0.9320321245433698,False,3
qonductor_single_circuit_ibm|row3234,qonductor_single_circuit_ibm,0,5.538848395,5.329802577804227,0.20904581719577298,False,3
qonductor_single_circuit_ibm|row3238,qonductor_single_circuit_ibm,0,5.994433196,7.767521420700043,1.773088224700043,False,3
qonductor_single_circuit_ibm|row3239,qonductor_single_circuit_ibm,0,5.9813633280000005,7.767521420700043,1.7861580927000427,False,3
qonductor_single_circuit_ibm|row3240,qonductor_single_circuit_ibm,0,6.013651465,8.20313976497106,2.1894882999710594,False,3
qonductor_single_circuit_ibm|row3241,qonductor_single_circuit_ibm,0,6.034108144,8.210947217414143,2.1768390734141425,False,3
qonductor_single_circuit_ibm|row3242,qonductor_single_circuit_ibm,0,5.628022453999999,4.967066650052885,0.6609558039471137,False,3
qonductor_single_circuit_ibm|row3243,qonductor_single_circuit_ibm,0,5.324488723999999,4.967066650052885,0.3574220739471139,False,3
qonductor_single_circuit_ibm|row3245,qonductor_single_circuit_ibm,0,5.96084198,4.967066650052885,0.9937753299471144,False,3
qonductor_single_circuit_ibm|row3251,qonductor_single_circuit_ibm,0,6.24305659,3.846460180262779,2.396596409737221,False,3
qonductor_single_circuit_ibm|row3253,qonductor_single_circuit_ibm,0,5.715325078,8.149650243283027,2.4343251652830267,False,3
qonductor_single_circuit_ibm|row3260,qonductor_single_circuit_ibm,0,5.434121734,5.543883780922366,0.10976204692236635,False,3
qonductor_single_circuit_ibm|row3263,qonductor_single_circuit_ibm,0,18.169601277,18.34049372523586,0.17089244823585759,False,3
qonductor_single_circuit_ibm|row3265,qonductor_single_circuit_ibm,0,18.126476566000004,18.410484979330807,0.2840084133308025,False,3
qonductor_single_circuit_ibm|row3275,qonductor_single_circuit_ibm,0,4.754332722999999,5.330508130320557,0.5761754073205578,False,3
qonductor_single_circuit_ibm|row3276,qonductor_single_circuit_ibm,0,4.545399843999999,5.330508130320557,0.7851082863205576,False,3
qonductor_single_circuit_ibm|row3281,qonductor_single_circuit_ibm,0,4.536971093,4.87512319209441,0.33815209909441,False,3
qonductor_single_circuit_ibm|row3288,qonductor_single_circuit_ibm,0,7.939556256,7.824924009653104,0.11463224634689606,False,3
qonductor_single_circuit_ibm|row3292,qonductor_single_circuit_ibm,0,9.501034854999999,10.002675217094025,0.501640362094026,False,3
qonductor_single_circuit_ibm|row3294,qonductor_single_circuit_ibm,0,7.908391969,7.404459147874657,0.5039328211253435,False,3
qonductor_single_circuit_ibm|row3296,qonductor_single_circuit_ibm,0,9.271859177000001,10.47486804490952,1.203008867909519,False,3
qonductor_single_circuit_ibm|row3298,qonductor_single_circuit_ibm,0,3.156513321,2.5207605407499636,0.6357527802500362,False,3
qonductor_single_circuit_ibm|row330,qonductor_single_circuit_ibm,0,4.8504090269999995,5.22359586320336,0.37318683620336035,False,3
qonductor_single_circuit_ibm|row3300,qonductor_single_circuit_ibm,0,3.9368194919999997,3.846460180262779,0.09035931173722078,False,3
qonductor_single_circuit_ibm|row3305,qonductor_single_circuit_ibm,0,3.571046597,3.846460180262779,0.27541358326277887,False,3
qonductor_single_circuit_ibm|row331,qonductor_single_circuit_ibm,0,4.522076393,5.22359586320336,0.70151947020336,False,3
qonductor_single_circuit_ibm|row3312,qonductor_single_circuit_ibm,0,2.7747363259999998,2.696343046449766,0.07839327955023379,False,3
qonductor_single_circuit_ibm|row3313,qonductor_single_circuit_ibm,0,2.825841528,2.5389823896858097,0.2868591383141905,False,3
qonductor_single_circuit_ibm|row332,qonductor_single_circuit_ibm,0,4.399578728,5.22359586320336,0.8240171352033601,False,3
qonductor_single_circuit_ibm|row3322,qonductor_single_circuit_ibm,0,7.5377622419999994,7.697552935109298,0.15979069310929894,False,3
qonductor_single_circuit_ibm|row3323,qonductor_single_circuit_ibm,0,4.27223683,4.894756491999578,0.6225196619995783,False,3
qonductor_single_circuit_ibm|row3325,qonductor_single_circuit_ibm,0,4.328935008,4.894756491999578,0.5658214839995779,False,3
qonductor_single_circuit_ibm|row333,qonductor_single_circuit_ibm,0,4.492912592999999,5.22359586320336,0.730683270203361,False,3
qonductor_single_circuit_ibm|row334,qonductor_single_circuit_ibm,0,4.266954972000001,5.22359586320336,0.9566408912033593,False,3
qonductor_single_circuit_ibm|row3343,qonductor_single_circuit_ibm,0,3.6967487020000003,4.036363275795767,0.339614573795767,False,3
qonductor_single_circuit_ibm|row3345,qonductor_single_circuit_ibm,0,3.4335022910000004,4.107943811021022,0.6744415200210212,False,3
qonductor_single_circuit_ibm|row3359,qonductor_single_circuit_ibm,0,7.345274455,7.973573752183119,0.6282992971831192,False,3
qonductor_single_circuit_ibm|row3366,qonductor_single_circuit_ibm,0,16.703140312,15.645841244699795,1.0572990673002032,False,3
qonductor_single_circuit_ibm|row3374,qonductor_single_circuit_ibm,0,3.532239833,3.6457824110938217,0.11354257809382151,False,3
qonductor_single_circuit_ibm|row3376,qonductor_single_circuit_ibm,0,7.073242529,6.71515270773798,0.3580898212620198,False,3
qonductor_single_circuit_ibm|row3378,qonductor_single_circuit_ibm,0,6.630327909999999,6.71515270773798,0.0848247977379808,False,3
qonductor_single_circuit_ibm|row3382,qonductor_single_circuit_ibm,0,3.471391026,3.6457824110938217,0.17439138509382168,False,3
qonductor_single_circuit_ibm|row3384,qonductor_single_circuit_ibm,0,6.722143495000001,6.71515270773798,0.006990787262020959,False,3
qonductor_single_circuit_ibm|row3385,qonductor_single_circuit_ibm,0,6.635987880000001,6.71515270773798,0.07916482773797906,False,3
qonductor_single_circuit_ibm|row3386,qonductor_single_circuit_ibm,0,6.535189739,7.012312191181149,0.477122452181149,False,3
qonductor_single_circuit_ibm|row3391,qonductor_single_circuit_ibm,0,6.741362146999999,7.313353015580799,0.5719908685807997,False,3
qonductor_single_circuit_ibm|row3393,qonductor_single_circuit_ibm,0,6.916750904,6.784343185028522,0.13240771897147763,False,3
qonductor_single_circuit_ibm|row3411,qonductor_single_circuit_ibm,0,5.2552620569999995,6.55271170728219,1.2974496502821902,False,3
qonductor_single_circuit_ibm|row3413,qonductor_single_circuit_ibm,0,5.339708106,6.685118632268653,1.3454105262686529,False,3
qonductor_single_circuit_ibm|row3414,qonductor_single_circuit_ibm,0,5.538323048,6.685118632268653,1.146795584268653,False,3
qonductor_single_circuit_ibm|row3416,qonductor_single_circuit_ibm,0,3.7100302729999997,3.493634734780328,0.21639553821967183,False,3
qonductor_single_circuit_ibm|row3422,qonductor_single_circuit_ibm,0,3.752634594,3.493634734780328,0.25899985921967206,False,3
qonductor_single_circuit_ibm|row3425,qonductor_single_circuit_ibm,0,5.200098603000001,6.549490403830873,1.3493918008308725,False,3
qonductor_single_circuit_ibm|row3427,qonductor_single_circuit_ibm,0,5.009298740999999,6.549490403830873,1.5401916628308738,False,3
qonductor_single_circuit_ibm|row3428,qonductor_single_circuit_ibm,0,5.190922554999999,6.549490403830873,1.358567848830874,False,3
qonductor_single_circuit_ibm|row3437,qonductor_single_circuit_ibm,0,13.158616356,14.783889595464975,1.6252732394649758,False,3
qonductor_single_circuit_ibm|row3445,qonductor_single_circuit_ibm,0,2.981008547,2.5043178957276964,0.4766906512723037,False,3
qonductor_single_circuit_ibm|row3449,qonductor_single_circuit_ibm,0,2.579578993,2.630907155233384,0.05132816223338388,False,3
qonductor_single_circuit_ibm|row3467,qonductor_single_circuit_ibm,0,13.286966925,15.503176805697159,2.216209880697159,False,3
qonductor_single_circuit_ibm|row3492,qonductor_single_circuit_ibm,0,9.361150749,6.310595705790101,3.050555043209899,False,3
qonductor_single_circuit_ibm|row3495,qonductor_single_circuit_ibm,0,8.480209824999998,5.055612806080661,3.4245970189193367,False,3
qonductor_single_circuit_ibm|row3496,qonductor_single_circuit_ibm,0,8.387144917999999,5.055612806080661,3.331532111919338,False,3
qonductor_single_circuit_ibm|row3504,qonductor_single_circuit_ibm,0,7.068859037,5.100971442710847,1.9678875942891532,False,3
qonductor_single_circuit_ibm|row3508,qonductor_single_circuit_ibm,0,8.665139403,6.310595705790101,2.3545436972098983,False,3
qonductor_single_circuit_ibm|row3520,qonductor_single_circuit_ibm,0,7.584018076,5.4241944579630434,2.159823618036957,False,3
qonductor_single_circuit_ibm|row3537,qonductor_single_circuit_ibm,0,1.8856552550000003,2.0931333605267914,0.20747810552679113,False,3
qonductor_single_circuit_ibm|row3538,qonductor_single_circuit_ibm,0,2.034723156,2.0931333605267914,0.058410204526791354,False,3
qonductor_single_circuit_ibm|row3546,qonductor_single_circuit_ibm,0,3.045578149,2.3476502667113404,0.6979278822886594,False,3
qonductor_single_circuit_ibm|row3575,qonductor_single_circuit_ibm,0,7.585992392,7.177897637509869,0.408094754490131,False,3
qonductor_single_circuit_ibm|row3578,qonductor_single_circuit_ibm,0,4.914365301,4.368897640955745,0.5454676600442552,False,3
qonductor_single_circuit_ibm|row3581,qonductor_single_circuit_ibm,0,5.434077072,4.3684081238701165,1.0656689481298836,False,3
qonductor_single_circuit_ibm|row3588,qonductor_single_circuit_ibm,0,2.7880705189999997,2.6898883443772212,0.09818217462277845,False,3
qonductor_single_circuit_ibm|row3589,qonductor_single_circuit_ibm,0,2.827495179,2.6898883443772212,0.13760683462277878,False,3
qonductor_single_circuit_ibm|row3599,qonductor_single_circuit_ibm,0,8.096053675,5.492781903766025,2.6032717712339757,False,3
qonductor_single_circuit_ibm|row3604,qonductor_single_circuit_ibm,0,4.506646479,3.485255685200997,1.0213907937990028,False,3
qonductor_single_circuit_ibm|row3605,qonductor_single_circuit_ibm,0,4.231620489,3.485993189806085,0.7456272991939148,False,3
qonductor_single_circuit_ibm|row3610,qonductor_single_circuit_ibm,0,6.864373927999999,5.599328335267364,1.2650455927326352,False,3
qonductor_single_circuit_ibm|row3612,qonductor_single_circuit_ibm,0,3.638669937,3.0096901773179816,0.6289797596820184,False,3
qonductor_single_circuit_ibm|row3623,qonductor_single_circuit_ibm,0,8.844504748,7.837391584789622,1.007113163210378,False,3
qonductor_single_circuit_ibm|row3626,qonductor_single_circuit_ibm,0,6.868587901,4.711077558576288,2.157510342423712,False,3
qonductor_single_circuit_ibm|row3627,qonductor_single_circuit_ibm,0,6.144504487,4.787077910970347,1.3574265760296527,False,3
qonductor_single_circuit_ibm|row3645,qonductor_single_circuit_ibm,0,6.551186104999999,4.898718231483247,1.652467873516752,False,3
qonductor_single_circuit_ibm|row3665,qonductor_single_circuit_ibm,0,5.342922183999999,4.170320086620459,1.1726020973795404,False,3
qonductor_single_circuit_ibm|row3669,qonductor_single_circuit_ibm,0,5.2413361720000005,3.7941152366522606,1.4472209353477399,False,3
qonductor_single_circuit_ibm|row3670,qonductor_single_circuit_ibm,0,5.320323510000001,3.7941152366522606,1.52620827334774,False,3
qonductor_single_circuit_ibm|row3671,qonductor_single_circuit_ibm,0,5.540476038,3.9341580037296646,1.6063180342703358,False,3
qonductor_single_circuit_ibm|row3672,qonductor_single_circuit_ibm,0,5.936217134000001,3.7941152366522606,2.142101897347741,False,3
qonductor_single_circuit_ibm|row3683,qonductor_single_circuit_ibm,0,5.547597122000001,3.7941152366522606,1.7534818853477403,False,3
qonductor_single_circuit_ibm|row3689,qonductor_single_circuit_ibm,0,2.7191413719999997,2.8712965681972147,0.15215519619721496,False,3
qonductor_single_circuit_ibm|row3690,qonductor_single_circuit_ibm,0,2.5818463580000004,2.8712965681972147,0.2894502101972143,False,3
qonductor_single_circuit_ibm|row3691,qonductor_single_circuit_ibm,0,5.536892897,4.4815080525713915,1.055384844428609,False,3
qonductor_single_circuit_ibm|row3694,qonductor_single_circuit_ibm,0,2.760526751,2.8712965681972147,0.11076981719721468,False,3
qonductor_single_circuit_ibm|row3699,qonductor_single_circuit_ibm,0,5.251886186,4.349184577385384,0.902701608614616,False,3
qonductor_single_circuit_ibm|row3701,qonductor_single_circuit_ibm,0,5.38296629,4.349184577385384,1.0337817126146156,False,3
qonductor_single_circuit_ibm|row3709,qonductor_single_circuit_ibm,0,5.055350849000001,3.4959072027623295,1.5594436462376713,False,3
qonductor_single_circuit_ibm|row3710,qonductor_single_circuit_ibm,0,5.19738446,3.4959072027623295,1.7014772572376708,False,3
qonductor_single_circuit_ibm|row3711,qonductor_single_circuit_ibm,0,4.5295744110000005,3.4959072027623295,1.033667208237671,False,3
qonductor_single_circuit_ibm|row3718,qonductor_single_circuit_ibm,0,4.881850893999999,3.9118638245885107,0.9699870694114887,False,3
qonductor_single_circuit_ibm|row3729,qonductor_single_circuit_ibm,0,4.502690711,4.147130405198414,0.3555603058015855,False,3
qonductor_single_circuit_ibm|row3731,qonductor_single_circuit_ibm,0,4.511114007,4.329966445311517,0.18114756168848256,False,3
qonductor_single_circuit_ibm|row3733,qonductor_single_circuit_ibm,0,4.3144014440000005,4.231737155673066,0.08266428832693418,False,3
qonductor_single_circuit_ibm|row3743,qonductor_single_circuit_ibm,0,5.114114947000001,4.2586497546851305,0.8554651923148704,False,3
qonductor_single_circuit_ibm|row3745,qonductor_single_circuit_ibm,0,10.235045572999999,6.542979822376058,3.692065750623941,False,3
qonductor_single_circuit_ibm|row3748,qonductor_single_circuit_ibm,0,7.6432502,6.569009005108164,1.0742411948918358,False,3
qonductor_single_circuit_ibm|row3761,qonductor_single_circuit_ibm,0,1.9277696469999999,1.9896773478765266,0.06190770087652675,False,3
qonductor_single_circuit_ibm|row3801,qonductor_single_circuit_ibm,0,6.905546907,5.76281056348502,1.1427363435149793,False,3
qonductor_single_circuit_ibm|row3805,qonductor_single_circuit_ibm,0,6.834500751,5.8798158670888725,0.9546848839111277,False,3
qonductor_single_circuit_ibm|row3809,qonductor_single_circuit_ibm,0,7.204659579,5.8798158670888725,1.3248437119111278,False,3
qonductor_single_circuit_ibm|row3810,qonductor_single_circuit_ibm,0,8.166873513,4.197475355711878,3.969398157288123,False,3
qonductor_single_circuit_ibm|row3811,qonductor_single_circuit_ibm,0,7.3800073,5.8798158670888725,1.5001914329111274,False,3
qonductor_single_circuit_ibm|row3823,qonductor_single_circuit_ibm,0,7.019720905,6.057136145458899,0.9625847595411008,False,3
qonductor_single_circuit_ibm|row3831,qonductor_single_circuit_ibm,0,2.005193048,1.9896773478765266,0.015515700123473586,False,3
qonductor_single_circuit_ibm|row3832,qonductor_single_circuit_ibm,0,1.9897580980000003,1.9896773478765266,8.075012347363852e-05,False,3
qonductor_single_circuit_ibm|row3836,qonductor_single_circuit_ibm,0,4.79313587,2.9255248290837907,1.8676110409162097,False,3
qonductor_single_circuit_ibm|row3838,qonductor_single_circuit_ibm,0,5.546376350999999,2.9255248290837907,2.6208515219162085,False,3
qonductor_single_circuit_ibm|row3839,qonductor_single_circuit_ibm,0,8.026441618,4.076332537106287,3.9501090808937125,False,3
qonductor_single_circuit_ibm|row3840,qonductor_single_circuit_ibm,0,4.680847977,2.9255248290837907,1.7553231479162092,False,3
qonductor_single_circuit_ibm|row3848,qonductor_single_circuit_ibm,0,3.957082666,3.0096901773179816,0.9473924886820182,False,3
qonductor_single_circuit_ibm|row3850,qonductor_single_circuit_ibm,0,4.0166189150000005,3.0096901773179816,1.0069287376820188,False,3
qonductor_single_circuit_ibm|row3864,qonductor_single_circuit_ibm,0,4.933733826,2.895487456895981,2.038246369104019,False,3
qonductor_single_circuit_ibm|row3865,qonductor_single_circuit_ibm,0,4.864640885,2.894841215063481,1.9697996699365192,False,3
qonductor_single_circuit_ibm|row3868,qonductor_single_circuit_ibm,0,4.317337386999999,4.1724596817049555,0.14487770529504385,False,3
qonductor_single_circuit_ibm|row3871,qonductor_single_circuit_ibm,0,3.69626612,4.1724596817049555,0.4761935617049553,False,3
qonductor_single_circuit_ibm|row3878,qonductor_single_circuit_ibm,0,3.083843767,2.72989693843306,0.35394682856694004,False,3
qonductor_single_circuit_ibm|row3882,qonductor_single_circuit_ibm,0,5.98054141,4.821402655328548,1.159138754671452,False,3
qonductor_single_circuit_ibm|row3885,qonductor_single_circuit_ibm,0,2.8851040849999996,2.90709662101472,0.02199253601472062,False,3
qonductor_single_circuit_ibm|row3887,qonductor_single_circuit_ibm,0,6.821853933,4.147929534836647,2.6739243981633525,False,3
qonductor_single_circuit_ibm|row3888,qonductor_single_circuit_ibm,0,7.776261229,4.067261762624403,3.708999466375597,False,3
qonductor_single_circuit_ibm|row3892,qonductor_single_circuit_ibm,0,5.779727257999999,4.9847600289585206,0.7949672290414789,False,3
qonductor_single_circuit_ibm|row39,qonductor_single_circuit_ibm,0,103.955075043,12.306927533244364,91.64814750975563,False,3
qonductor_single_circuit_ibm|row3902,qonductor_single_circuit_ibm,0,2.662152214,2.8712965681972147,0.2091443541972149,False,3
qonductor_single_circuit_ibm|row3904,qonductor_single_circuit_ibm,0,5.794023308000001,4.991564202421075,0.8024591055789259,False,3
qonductor_single_circuit_ibm|row3906,qonductor_single_circuit_ibm,0,3.027873978,2.8712965681972147,0.15657740980278545,False,3
qonductor_single_circuit_ibm|row3908,qonductor_single_circuit_ibm,0,5.811326535,5.607322097734362,0.20400443726563822,False,3
qonductor_single_circuit_ibm|row3916,qonductor_single_circuit_ibm,0,9.908610807999999,11.071789562170547,1.1631787541705485,False,3
qonductor_single_circuit_ibm|row3920,qonductor_single_circuit_ibm,0,9.983389564,10.15777707289695,0.17438750889695065,False,3
qonductor_single_circuit_ibm|row3923,qonductor_single_circuit_ibm,0,5.79567637,5.230871971716328,0.5648043982836715,False,3
qonductor_single_circuit_ibm|row3925,qonductor_single_circuit_ibm,0,5.535489302000001,5.266380297732451,0.26910900426755013,False,3
qonductor_single_circuit_ibm|row3927,qonductor_single_circuit_ibm,0,5.666636732,4.909873695410116,0.7567630365898834,False,3
qonductor_single_circuit_ibm|row3929,qonductor_single_circuit_ibm,0,2.950321516,2.8941946858361116,0.0561268301638882,False,3
qonductor_single_circuit_ibm|row3933,qonductor_single_circuit_ibm,0,3.006122863,2.8941946858361116,0.11192817716388825,False,3
qonductor_single_circuit_ibm|row3934,qonductor_single_circuit_ibm,0,3.4856723520000004,2.8941946858361116,0.5914776661638887,False,3
qonductor_single_circuit_ibm|row3949,qonductor_single_circuit_ibm,0,2.8452129329999996,2.9255248290837907,0.08031189608379119,False,3
qonductor_single_circuit_ibm|row395,qonductor_single_circuit_ibm,0,12.407876407000002,3.8447096085571357,8.563166798442866,False,3
qonductor_single_circuit_ibm|row3952,qonductor_single_circuit_ibm,0,2.756511859,2.9255248290837907,0.16901297008379057,False,3
qonductor_single_circuit_ibm|row3955,qonductor_single_circuit_ibm,0,3.368516043,2.9255248290837907,0.4429912139162093,False,3
qonductor_single_circuit_ibm|row3956,qonductor_single_circuit_ibm,0,2.674532909,2.9255248290837907,0.2509919200837909,False,3
qonductor_single_circuit_ibm|row3958,qonductor_single_circuit_ibm,0,5.762880998000001,5.112793940076662,0.6500870579233391,False,3
qonductor_single_circuit_ibm|row396,qonductor_single_circuit_ibm,0,13.568828316000001,3.8447096085571357,9.724118707442866,False,3
qonductor_single_circuit_ibm|row397,qonductor_single_circuit_ibm,0,11.08680215,3.8447096085571357,7.242092541442865,False,3
qonductor_single_circuit_ibm|row3975,qonductor_single_circuit_ibm,0,2.8211053870000002,2.871872149464136,0.050766762464135695,False,3
qonductor_single_circuit_ibm|row3976,qonductor_single_circuit_ibm,0,8.936741069,7.627113908916955,1.3096271600830454,False,3
qonductor_single_circuit_ibm|row3977,qonductor_single_circuit_ibm,0,8.591607524000002,7.745934230042063,0.8456732939579394,False,3
qonductor_single_circuit_ibm|row398,qonductor_single_circuit_ibm,0,13.398903991000001,3.8447096085571357,9.554194382442866,False,3
qonductor_single_circuit_ibm|row3984,qonductor_single_circuit_ibm,0,5.113829547000001,4.711077558576288,0.40275198842371296,False,3
qonductor_single_circuit_ibm|row3989,qonductor_single_circuit_ibm,0,5.783556026,4.763448998725831,1.020107027274169,False,3
qonductor_single_circuit_ibm|row399,qonductor_single_circuit_ibm,0,10.680272956000001,3.8447096085571357,6.835563347442866,False,3
qonductor_single_circuit_ibm|row3990,qonductor_single_circuit_ibm,0,5.436410595000001,4.763448998725831,0.6729615962741695,False,3
qonductor_single_circuit_ibm|row3991,qonductor_single_circuit_ibm,0,5.303419473,4.763448998725831,0.5399704742741687,False,3
qonductor_single_circuit_ibm|row3992,qonductor_single_circuit_ibm,0,5.48238085,4.763448998725831,0.7189318512741689,False,3
qonductor_single_circuit_ibm|row3993,qonductor_single_circuit_ibm,0,5.5527918839999995,4.763448998725831,0.7893428852741682,False,3
qonductor_single_circuit_ibm|row3994,qonductor_single_circuit_ibm,0,5.068237915999999,4.898718231483247,0.16951968451675192,False,3
qonductor_single_circuit_ibm|row40,qonductor_single_circuit_ibm,0,103.21582757799999,12.306927533244364,90.90890004475563,False,3
qonductor_single_circuit_ibm|row4006,qonductor_single_circuit_ibm,0,2.754346909,2.696343046449766,0.05800386255023415,False,3
qonductor_single_circuit_ibm|row4028,qonductor_single_circuit_ibm,0,4.3916268700000005,4.177361686340845,0.2142651836591556,False,3
qonductor_single_circuit_ibm|row4032,qonductor_single_circuit_ibm,0,4.600823942000001,3.8151842760237513,0.7856396659762495,False,3
qonductor_single_circuit_ibm|row4034,qonductor_single_circuit_ibm,0,4.699816228000001,3.8030009904077344,0.8968152375922669,False,3
qonductor_single_circuit_ibm|row4037,qonductor_single_circuit_ibm,0,4.834799771,3.8030009904077344,1.0317987805922657,False,3
qonductor_single_circuit_ibm|row4040,qonductor_single_circuit_ibm,0,2.834294611,2.737409480619152,0.09688513038084778,False,3
qonductor_single_circuit_ibm|row4045,qonductor_single_circuit_ibm,0,1.810114684,2.6430199898977094,0.8329053058977094,False,3
qonductor_single_circuit_ibm|row4047,qonductor_single_circuit_ibm,0,5.023882538,3.859316312768219,1.1645662252317805,False,3
qonductor_single_circuit_ibm|row4051,qonductor_single_circuit_ibm,0,2.5784442059999995,2.5043178957276964,0.0741263102723031,False,3
qonductor_single_circuit_ibm|row4053,qonductor_single_circuit_ibm,0,4.50676688,3.9360474678772372,0.5707194121227626,False,3
qonductor_single_circuit_ibm|row4055,qonductor_single_circuit_ibm,0,4.829883902,3.859316312768219,0.9705675892317807,False,3
qonductor_single_circuit_ibm|row4056,qonductor_single_circuit_ibm,0,4.815202631,4.546189694331,0.26901293666900017,False,3
qonductor_single_circuit_ibm|row4058,qonductor_single_circuit_ibm,0,2.7331425549999997,2.5043178957276964,0.22882465927230333,False,3
qonductor_single_circuit_ibm|row4083,qonductor_single_circuit_ibm,0,4.177754851,3.973994791462963,0.20376005953703746,False,3
qonductor_single_circuit_ibm|row4087,qonductor_single_circuit_ibm,0,4.633980606000001,3.462790343546893,1.1711902624531074,False,3
qonductor_single_circuit_ibm|row4089,qonductor_single_circuit_ibm,0,2.7012875050000003,2.6052419155782904,0.09604558942170982,False,3
qonductor_single_circuit_ibm|row41,qonductor_single_circuit_ibm,0,103.355040537,12.306927533244364,91.04811300375563,False,3
qonductor_single_circuit_ibm|row4101,qonductor_single_circuit_ibm,0,5.4554595500000005,4.119836421106327,1.3356231288936735,False,3
qonductor_single_circuit_ibm|row4107,qonductor_single_circuit_ibm,0,1.990714519,2.005353597645168,0.014639078645168002,False,3
qonductor_single_circuit_ibm|row4111,qonductor_single_circuit_ibm,0,1.988539104,2.005353597645168,0.01681449364516796,False,3
qonductor_single_circuit_ibm|row4112,qonductor_single_circuit_ibm,0,2.003391241,2.005353597645168,0.001962356645167862,False,3
qonductor_single_circuit_ibm|row4123,qonductor_single_circuit_ibm,0,3.763575577,2.3725484254638434,1.3910271515361567,False,3
qonductor_single_circuit_ibm|row4130,qonductor_single_circuit_ibm,0,3.6708620300000003,2.3476502667113404,1.32321176328866,False,3
qonductor_single_circuit_ibm|row4133,qonductor_single_circuit_ibm,0,4.599726942999999,4.280110031622504,0.31961691137749515,False,3
qonductor_single_circuit_ibm|row4141,qonductor_single_circuit_ibm,0,5.167655509,4.369180015026371,0.7984754939736289,False,3
qonductor_single_circuit_ibm|row4142,qonductor_single_circuit_ibm,0,5.298508692,4.339870711258985,0.958637980741015,False,3
qonductor_single_circuit_ibm|row4147,qonductor_single_circuit_ibm,0,2.700667006,2.770713797009342,0.07004679100934164,False,3
qonductor_single_circuit_ibm|row4155,qonductor_single_circuit_ibm,0,4.222357927000001,4.076332537106287,0.1460253898937136,False,3
qonductor_single_circuit_ibm|row4157,qonductor_single_circuit_ibm,0,4.230548492,4.076332537106287,0.15421595489371231,False,3
qonductor_single_circuit_ibm|row4160,qonductor_single_circuit_ibm,0,4.090023294,4.076332537106287,0.013690756893712575,False,3
qonductor_single_circuit_ibm|row4169,qonductor_single_circuit_ibm,0,4.9507191839999996,4.438130676975895,0.5125885070241045,False,3
qonductor_single_circuit_ibm|row4190,qonductor_single_circuit_ibm,0,4.634633976000001,4.462416930990876,0.17221704500912516,False,3
qonductor_single_circuit_ibm|row4194,qonductor_single_circuit_ibm,0,3.0871907650000003,2.634512159160151,0.45267860583984953,False,3
qonductor_single_circuit_ibm|row4197,qonductor_single_circuit_ibm,0,2.86871387,2.7247435144111676,0.14397035558883253,False,3
qonductor_single_circuit_ibm|row4198,qonductor_single_circuit_ibm,0,3.000882759,2.7247435144111676,0.27613924458883243,False,3
qonductor_single_circuit_ibm|row4199,qonductor_single_circuit_ibm,0,3.7332166890000003,2.7247435144111676,1.0084731745888327,False,3
qonductor_single_circuit_ibm|row420,qonductor_single_circuit_ibm,0,1.057392121,1.868676322851765,0.8112842018517652,False,3
qonductor_single_circuit_ibm|row4200,qonductor_single_circuit_ibm,0,2.695778798,2.7247435144111676,0.02896471641116749,False,3
qonductor_single_circuit_ibm|row4201,qonductor_single_circuit_ibm,0,2.998080341,2.7247435144111676,0.2733368265888325,False,3
qonductor_single_circuit_ibm|row4202,qonductor_single_circuit_ibm,0,3.057164799,2.7247435144111676,0.3324212845888326,False,3
qonductor_single_circuit_ibm|row4203,qonductor_single_circuit_ibm,0,3.1077743939999998,2.7247435144111676,0.3830308795888322,False,3
qonductor_single_circuit_ibm|row4209,qonductor_single_circuit_ibm,0,3.0969777049999996,2.630907155233384,0.46607054976661555,False,3
qonductor_single_circuit_ibm|row421,qonductor_single_circuit_ibm,0,1.07135942,1.868676322851765,0.797316902851765,False,3
qonductor_single_circuit_ibm|row422,qonductor_single_circuit_ibm,0,1.0738987279999999,1.868676322851765,0.7947775948517652,False,3
qonductor_single_circuit_ibm|row4229,qonductor_single_circuit_ibm,0,4.751850013000001,8.178958992615476,3.4271089796154746,False,3
qonductor_single_circuit_ibm|row423,qonductor_single_circuit_ibm,0,0.996484242,1.868676322851765,0.8721920808517651,False,3
qonductor_single_circuit_ibm|row4230,qonductor_single_circuit_ibm,0,5.000451483,8.178958992615476,3.178507509615476,False,3
qonductor_single_circuit_ibm|row4231,qonductor_single_circuit_ibm,0,4.639539691,8.178958992615476,3.5394193016154754,False,3
qonductor_single_circuit_ibm|row4232,qonductor_single_circuit_ibm,0,5.741059163,8.178958992615476,2.4378998296154757,False,3
qonductor_single_circuit_ibm|row4233,qonductor_single_circuit_ibm,0,7.68922796,8.178958992615476,0.48973103261547557,False,3
qonductor_single_circuit_ibm|row424,qonductor_single_circuit_ibm,0,1.08308435,1.868676322851765,0.7855919728517651,False,3
qonductor_single_circuit_ibm|row4254,qonductor_single_circuit_ibm,0,7.658687638999999,5.752400849498221,1.9062867895017783,False,3
qonductor_single_circuit_ibm|row4255,qonductor_single_circuit_ibm,0,3.3337601519999995,5.752400849498221,2.4186406974982213,False,3
qonductor_single_circuit_ibm|row4256,qonductor_single_circuit_ibm,0,2.7575406200000003,5.752400849498221,2.9948602294982205,False,3
qonductor_single_circuit_ibm|row4257,qonductor_single_circuit_ibm,0,6.318709319999999,5.752400849498221,0.5663084705017782,False,3
qonductor_single_circuit_ibm|row4258,qonductor_single_circuit_ibm,0,2.981325321,5.752400849498221,2.771075528498221,False,3
qonductor_single_circuit_ibm|row4284,qonductor_single_circuit_ibm,0,6.547728569,5.743678825564509,0.804049743435491,False,3
qonductor_single_circuit_ibm|row4285,qonductor_single_circuit_ibm,0,7.05398193,5.743678825564509,1.3103031044354907,False,3
qonductor_single_circuit_ibm|row4286,qonductor_single_circuit_ibm,0,7.566631537,5.743678825564509,1.8229527114354909,False,3
qonductor_single_circuit_ibm|row4287,qonductor_single_circuit_ibm,0,8.143812264000001,5.743678825564509,2.4001334384354918,False,3
qonductor_single_circuit_ibm|row4288,qonductor_single_circuit_ibm,0,7.309723546000001,5.743678825564509,1.5660447204354915,False,3
qonductor_single_circuit_ibm|row4342,qonductor_single_circuit_ibm,0,3.454306918,3.0096901773179816,0.4446167406820183,False,3
qonductor_single_circuit_ibm|row4347,qonductor_single_circuit_ibm,0,2.941957296,2.630907155233384,0.31105014076661597,False,3
qonductor_single_circuit_ibm|row435,qonductor_single_circuit_ibm,0,2.713644803,2.895487456895981,0.18184265389598098,False,3
qonductor_single_circuit_ibm|row4352,qonductor_single_circuit_ibm,0,2.855574946,2.8514474315405947,0.00412751445940529,False,3
qonductor_single_circuit_ibm|row4353,qonductor_single_circuit_ibm,0,2.90878418,2.8514474315405947,0.057336748459405396,False,3
qonductor_single_circuit_ibm|row4354,qonductor_single_circuit_ibm,0,3.0254573889999996,2.8514474315405947,0.17400995745940495,False,3
qonductor_single_circuit_ibm|row4355,qonductor_single_circuit_ibm,0,2.925942265,2.8514474315405947,0.07449483345940555,False,3
qonductor_single_circuit_ibm|row4356,qonductor_single_circuit_ibm,0,2.748762698,2.8514474315405947,0.10268473354059449,False,3
qonductor_single_circuit_ibm|row436,qonductor_single_circuit_ibm,0,2.5991220029999997,2.895487456895981,0.29636545389598146,False,3
qonductor_single_circuit_ibm|row4367,qonductor_single_circuit_ibm,0,3.0432822080000004,2.8514474315405947,0.19183477645940572,False,3
qonductor_single_circuit_ibm|row4368,qonductor_single_circuit_ibm,0,2.8119350439999997,2.8514474315405947,0.03951238754059494,False,3
qonductor_single_circuit_ibm|row4369,qonductor_single_circuit_ibm,0,3.1170385680000003,2.8514474315405947,0.2655911364594057,False,3
qonductor_single_circuit_ibm|row437,qonductor_single_circuit_ibm,0,2.5223256999999997,2.895487456895981,0.3731617568959815,False,3
qonductor_single_circuit_ibm|row4370,qonductor_single_circuit_ibm,0,3.105985751,2.8514474315405947,0.2545383194594053,False,3
qonductor_single_circuit_ibm|row4371,qonductor_single_circuit_ibm,0,2.877098542,2.8514474315405947,0.02565111045940549,False,3
qonductor_single_circuit_ibm|row438,qonductor_single_circuit_ibm,0,2.5936553939999993,2.895487456895981,0.30183206289598186,False,3
qonductor_single_circuit_ibm|row439,qonductor_single_circuit_ibm,0,2.518606871,2.895487456895981,0.3768805858959814,False,3
qonductor_single_circuit_ibm|row440,qonductor_single_circuit_ibm,0,2.893653912,4.463971675922014,1.5703177639220143,False,3
qonductor_single_circuit_ibm|row4402,qonductor_single_circuit_ibm,0,4.445817097,3.486571784271844,0.9592453127281559,False,3
qonductor_single_circuit_ibm|row4403,qonductor_single_circuit_ibm,0,4.259597124999999,3.486571784271844,0.7730253407281551,False,3
qonductor_single_circuit_ibm|row4404,qonductor_single_circuit_ibm,0,4.284795399,3.486571784271844,0.7982236147281561,False,3
qonductor_single_circuit_ibm|row4405,qonductor_single_circuit_ibm,0,4.3780592259999995,3.486571784271844,0.8914874417281555,False,3
qonductor_single_circuit_ibm|row4406,qonductor_single_circuit_ibm,0,4.277663817,3.486571784271844,0.7910920327281556,False,3
qonductor_single_circuit_ibm|row441,qonductor_single_circuit_ibm,0,3.1101939,4.463971675922014,1.3537777759220142,False,3
qonductor_single_circuit_ibm|row442,qonductor_single_circuit_ibm,0,3.033787581,4.463971675922014,1.4301840949220144,False,3
qonductor_single_circuit_ibm|row443,qonductor_single_circuit_ibm,0,3.012740345,4.463971675922014,1.4512313309220142,False,3
qonductor_single_circuit_ibm|row4437,qonductor_single_circuit_ibm,0,3.0406203790000004,2.89872360611456,0.14189677288544056,False,3
qonductor_single_circuit_ibm|row4438,qonductor_single_circuit_ibm,0,3.025888054,2.89872360611456,0.12716444788544035,False,3
qonductor_single_circuit_ibm|row444,qonductor_single_circuit_ibm,0,2.8728680360000003,4.463971675922014,1.591103639922014,False,3
qonductor_single_circuit_ibm|row4447,qonductor_single_circuit_ibm,0,2.589290079,2.659897098843807,0.0706070198438069,False,3
qonductor_single_circuit_ibm|row4448,qonductor_single_circuit_ibm,0,2.466456053,2.659897098843807,0.19344104584380695,False,3
qonductor_single_circuit_ibm|row4449,qonductor_single_circuit_ibm,0,2.719911642,2.659897098843807,0.060014543156193145,False,3
qonductor_single_circuit_ibm|row445,qonductor_single_circuit_ibm,0,2.4398293830000006,2.165514085091114,0.27431529790888654,False,3
qonductor_single_circuit_ibm|row4450,qonductor_single_circuit_ibm,0,2.579815982,2.659897098843807,0.08008111684380692,False,3
qonductor_single_circuit_ibm|row4451,qonductor_single_circuit_ibm,0,2.5131652669999998,2.659897098843807,0.14673183184380711,False,3
qonductor_single_circuit_ibm|row4458,qonductor_single_circuit_ibm,0,2.6240662109999997,3.5247772420443044,0.9007110310443047,False,3
qonductor_single_circuit_ibm|row446,qonductor_single_circuit_ibm,0,2.5629595949999997,2.165514085091114,0.3974455099088856,False,3
qonductor_single_circuit_ibm|row447,qonductor_single_circuit_ibm,0,2.451849631,2.165514085091114,0.2863355459088859,False,3
qonductor_single_circuit_ibm|row4477,qonductor_single_circuit_ibm,0,11.968528270721436,10.807145440798548,1.1613828299228874,False,3
qonductor_single_circuit_ibm|row448,qonductor_single_circuit_ibm,0,2.8179919,2.165514085091114,0.6524778149088859,False,3
qonductor_single_circuit_ibm|row4481,qonductor_single_circuit_ibm,0,16.267653942108154,38.582404521959766,22.314750579851612,False,3
qonductor_single_circuit_ibm|row449,qonductor_single_circuit_ibm,0,2.748033689,2.165514085091114,0.582519603908886,False,3
qonductor_single_circuit_ibm|row45,qonductor_single_circuit_ibm,0,7.190154723,4.206917854790618,2.9832368682093824,False,3
qonductor_single_circuit_ibm|row450,qonductor_single_circuit_ibm,0,2.3047894049999997,1.5227604236964838,0.782028981303516,False,3
qonductor_single_circuit_ibm|row451,qonductor_single_circuit_ibm,0,2.498632491,1.5227604236964838,0.9758720673035162,False,3
qonductor_single_circuit_ibm|row452,qonductor_single_circuit_ibm,0,2.4028418780000003,1.5227604236964838,0.8800814543035165,False,3
qonductor_single_circuit_ibm|row453,qonductor_single_circuit_ibm,0,2.4120096099999997,1.5227604236964838,0.8892491863035159,False,3
qonductor_single_circuit_ibm|row454,qonductor_single_circuit_ibm,0,2.568607233,1.5227604236964838,1.045846809303516,False,3
qonductor_single_circuit_ibm|row456,qonductor_single_circuit_ibm,0,3.0611426249999996,4.170320086620459,1.109177461620459,False,3
qonductor_single_circuit_ibm|row457,qonductor_single_circuit_ibm,0,2.83949958,4.170320086620459,1.3308205066204586,False,3
qonductor_single_circuit_ibm|row458,qonductor_single_circuit_ibm,0,3.135306174,4.170320086620459,1.0350139126204585,False,3
qonductor_single_circuit_ibm|row459,qonductor_single_circuit_ibm,0,3.097827588,4.170320086620459,1.0724924986204587,False,3
qonductor_single_circuit_ibm|row46,qonductor_single_circuit_ibm,0,6.775863745,4.206917854790618,2.568945890209382,False,3
qonductor_single_circuit_ibm|row460,qonductor_single_circuit_ibm,0,2.958739705,4.170320086620459,1.2115803816204584,False,3
qonductor_single_circuit_ibm|row47,qonductor_single_circuit_ibm,0,6.835768567,4.206917854790618,2.628850712209382,False,3
qonductor_single_circuit_ibm|row472,qonductor_single_circuit_ibm,0,3.146394875,4.833765932624081,1.6873710576240808,False,3
qonductor_single_circuit_ibm|row473,qonductor_single_circuit_ibm,0,2.9621084470000003,4.833765932624081,1.8716574856240804,False,3
qonductor_single_circuit_ibm|row479,qonductor_single_circuit_ibm,0,2.62083175,5.62703565423304,3.0062039042330406,False,3
qonductor_single_circuit_ibm|row48,qonductor_single_circuit_ibm,0,11.807185868,4.206917854790618,7.600268013209382,False,3
qonductor_single_circuit_ibm|row482,qonductor_single_circuit_ibm,0,2.58598048,4.343590064456369,1.757609584456369,False,3
qonductor_single_circuit_ibm|row483,qonductor_single_circuit_ibm,0,2.807133838,4.343590064456369,1.536456226456369,False,3
qonductor_single_circuit_ibm|row49,qonductor_single_circuit_ibm,0,7.4962929439999995,4.206917854790618,3.289375089209382,False,3
qonductor_single_circuit_ibm|row507,qonductor_single_circuit_ibm,0,3.064730898,4.833765932624081,1.7690350346240806,False,3
qonductor_single_circuit_ibm|row516,qonductor_single_circuit_ibm,0,3.020545242,4.343590064456369,1.3230448224563691,False,3
qonductor_single_circuit_ibm|row517,qonductor_single_circuit_ibm,0,2.92580671,4.343590064456369,1.4177833544563692,False,3
qonductor_single_circuit_ibm|row523,qonductor_single_circuit_ibm,0,4.21653037,2.7043650882717523,1.5121652817282478,False,3
qonductor_single_circuit_ibm|row531,qonductor_single_circuit_ibm,0,4.19911812,3.290034895297607,0.9090832247023926,False,3
qonductor_single_circuit_ibm|row536,qonductor_single_circuit_ibm,0,2.3201890229999997,5.3915689373880875,3.0713799143880878,False,3
qonductor_single_circuit_ibm|row544,qonductor_single_circuit_ibm,0,4.086439363,3.14612362121976,0.9403157417802404,False,3
qonductor_single_circuit_ibm|row563,qonductor_single_circuit_ibm,0,3.126695249,5.728488659972836,2.601793410972836,False,3
qonductor_single_circuit_ibm|row564,qonductor_single_circuit_ibm,0,3.140865131,5.728488659972836,2.587623528972836,False,3
qonductor_single_circuit_ibm|row565,qonductor_single_circuit_ibm,0,3.196661631,5.728488659972836,2.531827028972836,False,3
qonductor_single_circuit_ibm|row567,qonductor_single_circuit_ibm,0,3.0819515429999997,5.728488659972836,2.6465371169728362,False,3
qonductor_single_circuit_ibm|row570,qonductor_single_circuit_ibm,0,2.0718182439999997,5.3915689373880875,3.319750693388088,False,3
qonductor_single_circuit_ibm|row573,qonductor_single_circuit_ibm,0,2.970124088,5.666618163786496,2.696494075786496,False,3
qonductor_single_circuit_ibm|row574,qonductor_single_circuit_ibm,0,2.983876114,5.666618163786496,2.682742049786496,False,3
qonductor_single_circuit_ibm|row586,qonductor_single_circuit_ibm,0,6.749235563,6.718048198806184,0.031187364193815625,False,3
qonductor_single_circuit_ibm|row587,qonductor_single_circuit_ibm,0,2.61715845,5.666618163786496,3.0494597137864963,False,3
qonductor_single_circuit_ibm|row589,qonductor_single_circuit_ibm,0,6.468262923999999,6.278308530612928,0.18995439338707154,False,3
qonductor_single_circuit_ibm|row595,qonductor_single_circuit_ibm,0,3.0964495199999997,3.493634734780328,0.3971852147803281,False,3
qonductor_single_circuit_ibm|row597,qonductor_single_circuit_ibm,0,6.093459230000001,6.543917814370698,0.45045858437069786,False,3
qonductor_single_circuit_ibm|row6,qonductor_single_circuit_ibm,0,1.344780507,5.0487569145122775,3.703976407512277,False,3
qonductor_single_circuit_ibm|row617,qonductor_single_circuit_ibm,0,5.82312091,6.318008017515062,0.49488710751506204,False,3
qonductor_single_circuit_ibm|row627,qonductor_single_circuit_ibm,0,5.6986557399999995,6.353772131183109,0.6551163911831095,False,3
qonductor_single_circuit_ibm|row628,qonductor_single_circuit_ibm,0,5.556592694000001,6.353772131183109,0.7971794371831082,False,3
qonductor_single_circuit_ibm|row634,qonductor_single_circuit_ibm,0,4.590187447,4.77154184510742,0.1813543981074197,False,3
qonductor_single_circuit_ibm|row635,qonductor_single_circuit_ibm,0,3.0236176429999997,2.630907155233384,0.39271048776661566,False,3
qonductor_single_circuit_ibm|row636,qonductor_single_circuit_ibm,0,2.984445057,2.630907155233384,0.3535379017666158,False,3
qonductor_single_circuit_ibm|row637,qonductor_single_circuit_ibm,0,3.0085002700000003,2.630907155233384,0.3775931147666163,False,3
qonductor_single_circuit_ibm|row643,qonductor_single_circuit_ibm,0,6.267343134,6.382255407427025,0.11491227342702537,False,3
qonductor_single_circuit_ibm|row646,qonductor_single_circuit_ibm,0,5.981226771999999,6.492454730751147,0.5112279587511477,False,3
qonductor_single_circuit_ibm|row649,qonductor_single_circuit_ibm,0,12.213045963999999,11.67180488809313,0.5412410759068695,False,3
qonductor_single_circuit_ibm|row65,qonductor_single_circuit_ibm,0,5.472028555,4.7859370504732865,0.6860915045267131,False,3
qonductor_single_circuit_ibm|row66,qonductor_single_circuit_ibm,0,4.749307175,4.7859370504732865,0.03662987547328633,False,3
qonductor_single_circuit_ibm|row67,qonductor_single_circuit_ibm,0,4.946045828,4.7859370504732865,0.16010877752671338,False,3
qonductor_single_circuit_ibm|row676,qonductor_single_circuit_ibm,0,3.172590427,5.680529978078107,2.5079395510781075,False,3
qonductor_single_circuit_ibm|row678,qonductor_single_circuit_ibm,0,3.194948405,5.680529978078107,2.4855815730781075,False,3
qonductor_single_circuit_ibm|row68,qonductor_single_circuit_ibm,0,5.115294684000001,4.7859370504732865,0.32935763352671454,False,3
qonductor_single_circuit_ibm|row69,qonductor_single_circuit_ibm,0,4.858994134,4.7859370504732865,0.07305708352671303,False,3
qonductor_single_circuit_ibm|row7,qonductor_single_circuit_ibm,0,1.3473983120000002,5.0487569145122775,3.7013586025122773,False,3
qonductor_single_circuit_ibm|row70,qonductor_single_circuit_ibm,0,1.420240384,5.101254040932415,3.681013656932415,False,3
qonductor_single_circuit_ibm|row703,qonductor_single_circuit_ibm,0,3.063535846,5.680529978078107,2.616994132078107,False,3
qonductor_single_circuit_ibm|row71,qonductor_single_circuit_ibm,0,1.450567989,5.101254040932415,3.6506860519324147,False,3
qonductor_single_circuit_ibm|row717,qonductor_single_circuit_ibm,0,3.040353578,2.6898883443772212,0.3504652336227787,False,3
qonductor_single_circuit_ibm|row718,qonductor_single_circuit_ibm,0,3.092784943,2.6898883443772212,0.4028965986227786,False,3
qonductor_single_circuit_ibm|row72,qonductor_single_circuit_ibm,0,2.56226489,5.101254040932415,2.538989150932415,False,3
qonductor_single_circuit_ibm|row726,qonductor_single_circuit_ibm,0,3.7417877370000006,4.737437630798325,0.995649893798324,False,3
qonductor_single_circuit_ibm|row729,qonductor_single_circuit_ibm,0,3.23389151,5.622784002312492,2.388892492312492,False,3
qonductor_single_circuit_ibm|row73,qonductor_single_circuit_ibm,0,2.6535861859999996,5.101254040932415,2.447667854932415,False,3
qonductor_single_circuit_ibm|row730,qonductor_single_circuit_ibm,0,3.075883891,5.622784002312492,2.5469001113124916,False,3
qonductor_single_circuit_ibm|row736,qonductor_single_circuit_ibm,0,2.566814962,4.999871697256239,2.433056735256239,False,3
qonductor_single_circuit_ibm|row738,qonductor_single_circuit_ibm,0,2.595973637,4.917704122161561,2.321730485161561,False,3
qonductor_single_circuit_ibm|row74,qonductor_single_circuit_ibm,0,2.575471587,5.101254040932415,2.5257824539324147,False,3
qonductor_single_circuit_ibm|row748,qonductor_single_circuit_ibm,0,3.0947241549999998,5.058592453502659,1.9638682985026596,False,3
qonductor_single_circuit_ibm|row758,qonductor_single_circuit_ibm,0,3.2347972850000004,5.040115004205202,1.8053177192052012,False,3
qonductor_single_circuit_ibm|row766,qonductor_single_circuit_ibm,0,1.096161079,2.9000469300492564,1.8038858510492564,False,3
qonductor_single_circuit_ibm|row771,qonductor_single_circuit_ibm,0,3.477214619,5.680529978078107,2.203315359078107,False,3
qonductor_single_circuit_ibm|row772,qonductor_single_circuit_ibm,0,3.176020604,5.680529978078107,2.5045093740781073,False,3
qonductor_single_circuit_ibm|row774,qonductor_single_circuit_ibm,0,3.196186041,5.680529978078107,2.4843439370781075,False,3
qonductor_single_circuit_ibm|row781,qonductor_single_circuit_ibm,0,4.441286787000001,4.226038854460511,0.21524793253948982,False,3
qonductor_single_circuit_ibm|row782,qonductor_single_circuit_ibm,0,4.472713626,4.226038854460511,0.2466747715394888,False,3
qonductor_single_circuit_ibm|row783,qonductor_single_circuit_ibm,0,4.583428485,4.226038854460511,0.3573896305394886,False,3
qonductor_single_circuit_ibm|row788,qonductor_single_circuit_ibm,0,3.213616967,5.040115004205202,1.8264980372052015,False,3
qonductor_single_circuit_ibm|row792,qonductor_single_circuit_ibm,0,3.053373362,4.450196611001449,1.3968232490014487,False,3
qonductor_single_circuit_ibm|row793,qonductor_single_circuit_ibm,0,2.9545370080000004,4.450196611001449,1.4956596030014482,False,3
qonductor_single_circuit_ibm|row8,qonductor_single_circuit_ibm,0,1.396110655,5.0487569145122775,3.6526462595122773,False,3
qonductor_single_circuit_ibm|row813,qonductor_single_circuit_ibm,0,3.102194417,4.833765932624081,1.7315715156240805,False,3
qonductor_single_circuit_ibm|row842,qonductor_single_circuit_ibm,0,2.974859504,5.727616202663183,2.7527566986631835,False,3
qonductor_single_circuit_ibm|row847,qonductor_single_circuit_ibm,0,3.1851768880000004,5.6109575735982915,2.425780685598291,False,3
qonductor_single_circuit_ibm|row848,qonductor_single_circuit_ibm,0,3.051758653,5.6109575735982915,2.5591989205982917,False,3
qonductor_single_circuit_ibm|row85,qonductor_single_circuit_ibm,0,1.2361168630000001,2.1847672505254607,0.9486503875254606,False,3
qonductor_single_circuit_ibm|row853,qonductor_single_circuit_ibm,0,2.999890982,5.350058849291384,2.3501678672913835,False,3
qonductor_single_circuit_ibm|row854,qonductor_single_circuit_ibm,0,3.1774772529999997,4.857488571985603,1.6800113189856032,False,3
qonductor_single_circuit_ibm|row857,qonductor_single_circuit_ibm,0,3.222736327,5.136359104229242,1.913622777229242,False,3
qonductor_single_circuit_ibm|row86,qonductor_single_circuit_ibm,0,1.233552035,2.1847672505254607,0.9512152155254607,False,3
qonductor_single_circuit_ibm|row864,qonductor_single_circuit_ibm,0,3.170750463,5.136359104229242,1.9656086412292417,False,3
qonductor_single_circuit_ibm|row865,qonductor_single_circuit_ibm,0,3.27938266,5.136359104229242,1.8569764442292418,False,3
qonductor_single_circuit_ibm|row867,qonductor_single_circuit_ibm,0,3.118272251,5.6109575735982915,2.4926853225982915,False,3
qonductor_single_circuit_ibm|row87,qonductor_single_circuit_ibm,0,1.2417085019999998,2.1847672505254607,0.9430587485254609,False,3
qonductor_single_circuit_ibm|row871,qonductor_single_circuit_ibm,0,3.087784527,5.34754805118368,2.25976352418368,False,3
qonductor_single_circuit_ibm|row873,qonductor_single_circuit_ibm,0,3.1472747169999997,5.34754805118368,2.2002733341836804,False,3
qonductor_single_circuit_ibm|row88,qonductor_single_circuit_ibm,0,1.236709401,2.1847672505254607,0.9480578495254608,False,3
qonductor_single_circuit_ibm|row882,qonductor_single_circuit_ibm,0,2.647695632,5.289403794877907,2.6417081628779067,False,3
qonductor_single_circuit_ibm|row884,qonductor_single_circuit_ibm,0,3.139178369,5.34754805118368,2.20836968218368,False,3
qonductor_single_circuit_ibm|row89,qonductor_single_circuit_ibm,0,1.248854819,2.1847672505254607,0.9359124315254608,False,3
qonductor_single_circuit_ibm|row899,qonductor_single_circuit_ibm,0,3.24376048,4.326254322693084,1.0824938426930841,False,3
qonductor_single_circuit_ibm|row902,qonductor_single_circuit_ibm,0,3.334943686,5.587171548395713,2.2522278623957135,False,3
qonductor_single_circuit_ibm|row905,qonductor_single_circuit_ibm,0,3.57050671,5.126872276244006,1.556365566244006,False,3
qonductor_single_circuit_ibm|row910,qonductor_single_circuit_ibm,0,3.621372805,5.126872276244006,1.505499471244006,False,3
qonductor_single_circuit_ibm|row914,qonductor_single_circuit_ibm,0,3.117924048,4.078240368077406,0.9603163200774061,False,3
qonductor_single_circuit_ibm|row917,qonductor_single_circuit_ibm,0,3.670219169,4.738750149299108,1.0685309802991076,False,3
qonductor_single_circuit_ibm|row923,qonductor_single_circuit_ibm,0,3.45870533,4.738750149299108,1.2800448192991078,False,3
qonductor_single_circuit_ibm|row924,qonductor_single_circuit_ibm,0,3.5642753469999997,4.738750149299108,1.174474802299108,False,3
qonductor_single_circuit_ibm|row925,qonductor_single_circuit_ibm,0,3.4421508910000003,4.738750149299108,1.2965992582991075,False,3
qonductor_single_circuit_ibm|row926,qonductor_single_circuit_ibm,0,3.036673687,3.5046090186436385,0.46793533164363854,False,3
qonductor_single_circuit_ibm|row929,qonductor_single_circuit_ibm,0,2.937941481,3.2722778571769537,0.33433637617695355,False,3
qonductor_single_circuit_ibm|row933,qonductor_single_circuit_ibm,0,3.0306457350000002,3.4582080750738564,0.4275623400738562,False,3
qonductor_single_circuit_ibm|row939,qonductor_single_circuit_ibm,0,3.26783724,5.6109575735982915,2.3431203335982915,False,3
qonductor_single_circuit_ibm|row940,qonductor_single_circuit_ibm,0,2.9872378339999996,3.7586863234649694,0.7714484894649698,False,3
qonductor_single_circuit_ibm|row941,qonductor_single_circuit_ibm,0,3.181011715,5.6109575735982915,2.4299458585982916,False,3
qonductor_single_circuit_ibm|row942,qonductor_single_circuit_ibm,0,3.123996711,5.525640553658276,2.4016438426582756,False,3
qonductor_single_circuit_ibm|row944,qonductor_single_circuit_ibm,0,3.022827764,3.7586863234649694,0.7358585594649694,False,3
qonductor_single_circuit_ibm|row950,qonductor_single_circuit_ibm,0,2.782842992,4.040126223432375,1.2572832314323747,False,3
qonductor_single_circuit_ibm|row951,qonductor_single_circuit_ibm,0,2.918448197,3.4309951963267507,0.5125469993267506,False,3
qonductor_single_circuit_ibm|row960,qonductor_single_circuit_ibm,0,1.955402824,3.741244684466737,1.785841860466737,False,3
qonductor_single_circuit_ibm|row971,qonductor_single_circuit_ibm,0,2.044359718,5.3994850146022415,3.3551252966022416,False,3
qonductor_single_circuit_ibm|row974,qonductor_single_circuit_ibm,0,1.963964011,5.3994850146022415,3.4355210036022417,False,3
qonductor_single_circuit_ibm|row984,qonductor_single_circuit_ibm,0,2.031858836,5.3994850146022415,3.3676261786022414,False,3
qonductor_single_circuit_ibm|row988,qonductor_single_circuit_ibm,0,3.2582553520000004,5.525640553658276,2.2673852016582754,False,3
qonductor_single_circuit_ibm|row991,qonductor_single_circuit_ibm,0,3.1110522,4.8460285846035696,1.7349763846035695,False,3
qonductor_single_circuit_ibm|row992,qonductor_single_circuit_ibm,0,3.027367906,4.8460285846035696,1.8186606786035697,False,3
qpack_mcp|row0,qpack_mcp,0,7.001680850982666,5.256454697224344,1.7452261537583222,False,3
qpack_mcp|row1,qpack_mcp,0,7.1259355545043945,5.256454697224344,1.8694808572800508,False,3
qpack_mcp|row10,qpack_mcp,0,6.6384289264678955,5.256454697224344,1.3819742292435517,False,3
qpack_mcp|row1000,qpack_mcp,0,6.553664684295654,5.1555103080646125,1.3981543762310418,False,3
qpack_mcp|row1001,qpack_mcp,0,6.4719531536102295,5.1555103080646125,1.316442845545617,False,3
qpack_mcp|row1002,qpack_mcp,0,9.464657068252563,5.1555103080646125,4.309146760187951,False,3
qpack_mcp|row1003,qpack_mcp,0,6.999886989593506,5.1555103080646125,1.8443766815288933,False,3
qpack_mcp|row1004,qpack_mcp,0,7.0824291706085205,5.1555103080646125,1.926918862543908,False,3
qpack_mcp|row1005,qpack_mcp,0,6.9347498416900635,5.1555103080646125,1.779239533625451,False,3
qpack_mcp|row1006,qpack_mcp,0,6.525251865386963,5.1555103080646125,1.3697415573223504,False,3
qpack_mcp|row1007,qpack_mcp,0,6.607288837432861,5.1555103080646125,1.4517785293682488,False,3
qpack_mcp|row1008,qpack_mcp,0,7.372612476348877,5.1555103080646125,2.2171021682842644,False,3
qpack_mcp|row1009,qpack_mcp,0,6.992220878601074,5.1555103080646125,1.8367105705364617,False,3
qpack_mcp|row1010,qpack_mcp,0,6.830724000930786,5.1555103080646125,1.6752136928661736,False,3
qpack_mcp|row1011,qpack_mcp,0,6.731022119522095,5.1555103080646125,1.5755118114574822,False,3
qpack_mcp|row1012,qpack_mcp,0,6.646758794784546,5.1555103080646125,1.4912484867199334,False,3
qpack_mcp|row1013,qpack_mcp,0,7.105292558670044,5.1555103080646125,1.9497822506054314,False,3
qpack_mcp|row1014,qpack_mcp,0,7.110231161117554,5.1555103080646125,1.9547208530529412,False,3
qpack_mcp|row1015,qpack_mcp,0,7.073518991470337,5.1555103080646125,1.9180086834057244,False,3
qpack_mcp|row1016,qpack_mcp,0,6.926898717880249,5.1555103080646125,1.7713884098156365,False,3
qpack_mcp|row1017,qpack_mcp,0,6.623516798019409,5.1555103080646125,1.4680064899547967,False,3
qpack_mcp|row1018,qpack_mcp,0,6.624407052993774,5.1555103080646125,1.468896744929162,False,3
qpack_mcp|row1019,qpack_mcp,0,6.914274454116821,5.1555103080646125,1.7587641460522088,False,3
qpack_mcp|row1020,qpack_mcp,0,7.696101665496826,5.1555103080646125,2.5405913574322136,False,3
qpack_mcp|row1021,qpack_mcp,0,7.090366363525391,5.1555103080646125,1.934856055460778,False,3
qpack_mcp|row1022,qpack_mcp,0,7.358819484710693,5.1555103080646125,2.203309176646081,False,3
qpack_mcp|row1023,qpack_mcp,0,7.016325950622559,5.1555103080646125,1.860815642557946,False,3
qpack_mcp|row1024,qpack_mcp,0,7.23405909538269,5.1555103080646125,2.078548787318078,False,3
qpack_mcp|row1025,qpack_mcp,0,7.435590982437134,5.1555103080646125,2.2800806743725213,False,3
qpack_mcp|row1026,qpack_mcp,0,6.461522579193115,5.1555103080646125,1.3060122711285027,False,3
qpack_mcp|row1027,qpack_mcp,0,6.867517709732056,5.1555103080646125,1.7120074016674431,False,3
qpack_mcp|row1028,qpack_mcp,0,6.56378436088562,5.1555103080646125,1.4082740528210076,False,3
qpack_mcp|row1029,qpack_mcp,0,7.102104425430298,5.1555103080646125,1.9465941173656853,False,3
qpack_mcp|row1030,qpack_mcp,0,7.019222974777222,5.1555103080646125,1.8637126667126092,False,3
qpack_mcp|row1031,qpack_mcp,0,6.912353992462158,5.1555103080646125,1.7568436843975457,False,3
qpack_mcp|row1032,qpack_mcp,0,7.5615105628967285,5.1555103080646125,2.406000254832116,False,3
qpack_mcp|row1033,qpack_mcp,0,7.422988653182983,5.1555103080646125,2.267478345118371,False,3
qpack_mcp|row1034,qpack_mcp,0,6.680108308792114,5.1555103080646125,1.5245980007275017,False,3
qpack_mcp|row1035,qpack_mcp,0,7.241380929946899,5.1555103080646125,2.085870621882287,False,3
qpack_mcp|row1036,qpack_mcp,0,6.705732822418213,5.1555103080646125,1.5502225143536004,False,3
qpack_mcp|row1037,qpack_mcp,0,6.920617580413818,5.1555103080646125,1.7651072723492058,False,3
qpack_mcp|row1038,qpack_mcp,0,7.832762956619263,5.1555103080646125,2.67725264855465,False,3
qpack_mcp|row1039,qpack_mcp,0,7.111288785934448,5.1555103080646125,1.9557784778698357,False,3
qpack_mcp|row1040,qpack_mcp,0,6.739584922790527,5.1555103080646125,1.5840746147259148,False,3
qpack_mcp|row1041,qpack_mcp,0,7.499291896820068,5.1555103080646125,2.343781588755456,False,3
qpack_mcp|row1042,qpack_mcp,0,7.116681814193726,5.1555103080646125,1.961171506129113,False,3
qpack_mcp|row1043,qpack_mcp,0,6.698568344116211,5.1555103080646125,1.5430580360515984,False,3
qpack_mcp|row1044,qpack_mcp,0,6.888509750366211,5.1555103080646125,1.7329994423015984,False,3
qpack_mcp|row1045,qpack_mcp,0,6.497960329055786,5.1555103080646125,1.3424500209911736,False,3
qpack_mcp|row1046,qpack_mcp,0,6.835855007171631,5.1555103080646125,1.6803446991070183,False,3
qpack_mcp|row1047,qpack_mcp,0,6.931325197219849,5.1555103080646125,1.775814889155236,False,3
qpack_mcp|row1048,qpack_mcp,0,6.448666334152222,5.1555103080646125,1.2931560260876092,False,3
qpack_mcp|row1049,qpack_mcp,0,6.532627582550049,5.1555103080646125,1.3771172744854363,False,3
qpack_mcp|row1050,qpack_mcp,0,6.846832990646362,5.1555103080646125,1.6913226825817498,False,3
qpack_mcp|row1051,qpack_mcp,0,6.702834606170654,5.1555103080646125,1.5473242981060418,False,3
qpack_mcp|row1052,qpack_mcp,0,6.572018146514893,5.1555103080646125,1.41650783845028,False,3
qpack_mcp|row1053,qpack_mcp,0,7.462280511856079,5.1555103080646125,2.3067702037914666,False,3
qpack_mcp|row1054,qpack_mcp,0,7.388170957565308,5.1555103080646125,2.232660649500695,False,3
qpack_mcp|row1055,qpack_mcp,0,7.389181852340698,5.1555103080646125,2.2336715442760857,False,3
qpack_mcp|row1056,qpack_mcp,0,6.919924974441528,5.1555103080646125,1.7644146663769158,False,3
qpack_mcp|row1057,qpack_mcp,0,6.739417791366577,5.1555103080646125,1.5839074833019646,False,3
qpack_mcp|row1058,qpack_mcp,0,6.927682161331177,5.1555103080646125,1.7721718532665642,False,3
qpack_mcp|row1059,qpack_mcp,0,6.878530025482178,5.1555103080646125,1.7230197174175652,False,3
qpack_mcp|row1060,qpack_mcp,0,6.6008758544921875,5.1555103080646125,1.445365546427575,False,3
qpack_mcp|row1061,qpack_mcp,0,7.1066575050354,5.1555103080646125,1.9511471969707879,False,3
qpack_mcp|row1062,qpack_mcp,0,6.736935138702393,5.1555103080646125,1.58142483063778,False,3
qpack_mcp|row1063,qpack_mcp,0,7.010822534561157,5.1555103080646125,1.8553122264965447,False,3
qpack_mcp|row11,qpack_mcp,0,6.625279188156128,5.256454697224344,1.3688244909317842,False,3
qpack_mcp|row12,qpack_mcp,0,6.800112247467041,5.256454697224344,1.5436575502426972,False,3
qpack_mcp|row13,qpack_mcp,0,7.1017303466796875,5.256454697224344,1.8452756494553437,False,3
qpack_mcp|row14,qpack_mcp,0,6.64367938041687,5.256454697224344,1.3872246831925263,False,3
qpack_mcp|row15,qpack_mcp,0,6.855848073959351,5.256454697224344,1.5993933767350068,False,3
qpack_mcp|row16,qpack_mcp,0,6.929637432098389,5.256454697224344,1.673182734874045,False,3
qpack_mcp|row1674,qpack_mcp,0,6.71968150138855,5.161060318754705,1.5586211826338445,False,3
qpack_mcp|row1675,qpack_mcp,0,6.734168529510498,5.161060318754705,1.5731082107557928,False,3
qpack_mcp|row1676,qpack_mcp,0,6.645176649093628,5.161060318754705,1.4841163303389227,False,3
qpack_mcp|row1677,qpack_mcp,0,7.101118803024292,5.161060318754705,1.9400584842695867,False,3
qpack_mcp|row1678,qpack_mcp,0,7.00989294052124,5.161060318754705,1.848832621766535,False,3
qpack_mcp|row1679,qpack_mcp,0,7.018319368362427,5.161060318754705,1.8572590496077215,False,3
qpack_mcp|row1680,qpack_mcp,0,7.0240912437438965,5.161060318754705,1.8630309249891912,False,3
qpack_mcp|row1681,qpack_mcp,0,6.952531099319458,5.161060318754705,1.7914707805647527,False,3
qpack_mcp|row1682,qpack_mcp,0,7.2277679443359375,5.161060318754705,2.066707625581232,False,3
qpack_mcp|row1683,qpack_mcp,0,6.789398908615112,5.161060318754705,1.628338589860407,False,3
qpack_mcp|row1684,qpack_mcp,0,6.786682844161987,5.161060318754705,1.625622525407282,False,3
qpack_mcp|row1685,qpack_mcp,0,6.706423997879028,5.161060318754705,1.545363679124323,False,3
qpack_mcp|row1686,qpack_mcp,0,6.831333160400391,5.161060318754705,1.6702728416456853,False,3
qpack_mcp|row1687,qpack_mcp,0,6.64910101890564,5.161060318754705,1.4880407001509344,False,3
qpack_mcp|row1688,qpack_mcp,0,6.692131996154785,5.161060318754705,1.5310716774000799,False,3
qpack_mcp|row1689,qpack_mcp,0,6.670664310455322,5.161060318754705,1.509603991700617,False,3
qpack_mcp|row1690,qpack_mcp,0,6.660938739776611,5.161060318754705,1.499878421021906,False,3
qpack_mcp|row1691,qpack_mcp,0,6.686328649520874,5.161060318754705,1.5252683307661687,False,3
qpack_mcp|row1692,qpack_mcp,0,6.698946237564087,5.161060318754705,1.5378859188093816,False,3
qpack_mcp|row1693,qpack_mcp,0,6.76943039894104,5.161060318754705,1.6083700801863348,False,3
qpack_mcp|row1694,qpack_mcp,0,6.7630839347839355,5.161060318754705,1.6020236160292303,False,3
qpack_mcp|row1695,qpack_mcp,0,6.718788146972656,5.161060318754705,1.557727828217951,False,3
qpack_mcp|row1696,qpack_mcp,0,6.696383476257324,5.161060318754705,1.535323157502619,False,3
qpack_mcp|row1697,qpack_mcp,0,6.670869588851929,5.161060318754705,1.5098092700972234,False,3
qpack_mcp|row1698,qpack_mcp,0,6.734383583068848,5.161060318754705,1.5733232643141424,False,3
qpack_mcp|row1699,qpack_mcp,0,6.7420783042907715,5.161060318754705,1.5810179855360662,False,3
qpack_mcp|row17,qpack_mcp,0,6.86369252204895,5.256454697224344,1.6072378248246064,False,3
qpack_mcp|row1700,qpack_mcp,0,7.111222982406616,5.161060318754705,1.950162663651911,False,3
qpack_mcp|row1701,qpack_mcp,0,6.683772802352905,5.161060318754705,1.5227124835982,False,3
qpack_mcp|row1702,qpack_mcp,0,6.632324934005737,5.161060318754705,1.471264615251032,False,3
qpack_mcp|row1703,qpack_mcp,0,6.893811941146851,5.161060318754705,1.7327516223921453,False,3
qpack_mcp|row1704,qpack_mcp,0,6.818636655807495,5.161060318754705,1.6575763370527898,False,3
qpack_mcp|row1705,qpack_mcp,0,6.664314031600952,5.161060318754705,1.5032537128462469,False,3
qpack_mcp|row1706,qpack_mcp,0,6.605647563934326,5.161060318754705,1.444587245179621,False,3
qpack_mcp|row1707,qpack_mcp,0,6.7791221141815186,5.161060318754705,1.6180617954268133,False,3
qpack_mcp|row1708,qpack_mcp,0,6.8285231590271,5.161060318754705,1.6674628402723943,False,3
qpack_mcp|row1709,qpack_mcp,0,6.646738290786743,5.161060318754705,1.4856779720320379,False,3
qpack_mcp|row1710,qpack_mcp,0,6.7481420040130615,5.161060318754705,1.5870816852583562,False,3
qpack_mcp|row1711,qpack_mcp,0,6.787896394729614,5.161060318754705,1.626836075974909,False,3
qpack_mcp|row1712,qpack_mcp,0,7.214445352554321,5.161060318754705,2.053385033799616,False,3
qpack_mcp|row1713,qpack_mcp,0,7.024413347244263,5.161060318754705,1.8633530284895574,False,3
qpack_mcp|row1714,qpack_mcp,0,6.635187864303589,5.161060318754705,1.4741275455488836,False,3
qpack_mcp|row1715,qpack_mcp,0,6.755779504776001,5.161060318754705,1.5947191860212957,False,3
qpack_mcp|row1716,qpack_mcp,0,6.6915977001190186,5.161060318754705,1.5305373813643133,False,3
qpack_mcp|row1717,qpack_mcp,0,6.718888759613037,5.161060318754705,1.5578284408583318,False,3
qpack_mcp|row1718,qpack_mcp,0,6.619298934936523,5.161060318754705,1.4582386161818182,False,3
qpack_mcp|row1719,qpack_mcp,0,6.817538261413574,5.161060318754705,1.656477942658869,False,3
qpack_mcp|row1720,qpack_mcp,0,6.673861503601074,5.161060318754705,1.512801184846369,False,3
qpack_mcp|row1721,qpack_mcp,0,6.77812933921814,5.161060318754705,1.6170690204634344,False,3
qpack_mcp|row1722,qpack_mcp,0,6.693842887878418,5.161060318754705,1.5327825691237127,False,3
qpack_mcp|row1723,qpack_mcp,0,6.705523729324341,5.161060318754705,1.5444634105696355,False,3
qpack_mcp|row1724,qpack_mcp,0,6.683994293212891,5.161060318754705,1.5229339744581853,False,3
qpack_mcp|row1725,qpack_mcp,0,7.105026006698608,5.161060318754705,1.9439656879439031,False,3
qpack_mcp|row1726,qpack_mcp,0,7.028712272644043,5.161060318754705,1.8676519538893377,False,3
qpack_mcp|row1727,qpack_mcp,0,7.058863401412964,5.161060318754705,1.8978030826582586,False,3
qpack_mcp|row1728,qpack_mcp,0,7.243498802185059,5.161060318754705,2.0824384834303533,False,3
qpack_mcp|row1729,qpack_mcp,0,7.61751389503479,5.161060318754705,2.4564535762800848,False,3
qpack_mcp|row173,qpack_mcp,0,6.5134596824646,5.161060318754705,1.3523993637098943,False,3
qpack_mcp|row1730,qpack_mcp,0,6.806670665740967,5.161060318754705,1.6456103469862615,False,3
qpack_mcp|row1731,qpack_mcp,0,6.715956926345825,5.161060318754705,1.55489660759112,False,3
qpack_mcp|row1732,qpack_mcp,0,6.639439821243286,5.161060318754705,1.4783795024885809,False,3
qpack_mcp|row1733,qpack_mcp,0,6.683110952377319,5.161060318754705,1.522050633622614,False,3
qpack_mcp|row1734,qpack_mcp,0,6.612841367721558,5.161060318754705,1.4517810489668523,False,3
qpack_mcp|row1735,qpack_mcp,0,6.709869861602783,5.161060318754705,1.548809542848078,False,3
qpack_mcp|row1736,qpack_mcp,0,6.582298517227173,5.161060318754705,1.4212381984724676,False,3
qpack_mcp|row1737,qpack_mcp,0,6.74909520149231,5.161060318754705,1.5880348827376043,False,3
qpack_mcp|row1738,qpack_mcp,0,6.7140138149261475,5.161060318754705,1.5529534961714422,False,3
qpack_mcp|row1739,qpack_mcp,0,6.623358964920044,5.161060318754705,1.4622986461653387,False,3
qpack_mcp|row174,qpack_mcp,0,7.126587390899658,5.161060318754705,1.965527072144953,False,3
qpack_mcp|row1740,qpack_mcp,0,6.594661235809326,5.161060318754705,1.433600917054621,False,3
qpack_mcp|row1741,qpack_mcp,0,6.700969934463501,5.161060318754705,1.5399096157087957,False,3
qpack_mcp|row1742,qpack_mcp,0,6.701349973678589,5.161060318754705,1.5402896549238836,False,3
qpack_mcp|row1743,qpack_mcp,0,6.831263065338135,5.161060318754705,1.6702027465834295,False,3
qpack_mcp|row1744,qpack_mcp,0,6.746824741363525,5.161060318754705,1.5857644226088201,False,3
qpack_mcp|row1745,qpack_mcp,0,6.780322790145874,5.161060318754705,1.6192624713911687,False,3
qpack_mcp|row1746,qpack_mcp,0,6.640565395355225,5.161060318754705,1.4795050766005193,False,3
qpack_mcp|row1747,qpack_mcp,0,6.860128402709961,5.161060318754705,1.6990680839552557,False,3
qpack_mcp|row1748,qpack_mcp,0,6.790178537368774,5.161060318754705,1.6291182186140691,False,3
qpack_mcp|row1749,qpack_mcp,0,6.615930795669556,5.161060318754705,1.4548704769148504,False,3
qpack_mcp|row175,qpack_mcp,0,7.239695310592651,5.161060318754705,2.078634991837946,False,3
qpack_mcp|row1750,qpack_mcp,0,6.6153271198272705,5.161060318754705,1.4542668010725652,False,3
qpack_mcp|row1751,qpack_mcp,0,7.068154335021973,5.161060318754705,1.9070940162672674,False,3
qpack_mcp|row1752,qpack_mcp,0,7.042640209197998,5.161060318754705,1.8815798904432928,False,3
qpack_mcp|row1753,qpack_mcp,0,6.979295015335083,5.161060318754705,1.8182346965803777,False,3
qpack_mcp|row1754,qpack_mcp,0,7.199355840682983,5.161060318754705,2.038295521928278,False,3
qpack_mcp|row1755,qpack_mcp,0,6.8828489780426025,5.161060318754705,1.7217886592878973,False,3
qpack_mcp|row1756,qpack_mcp,0,7.227550983428955,5.161060318754705,2.06649066467425,False,3
qpack_mcp|row1757,qpack_mcp,0,7.045217275619507,5.161060318754705,1.8841569568648016,False,3
qpack_mcp|row1758,qpack_mcp,0,6.825100660324097,5.161060318754705,1.6640403415693914,False,3
qpack_mcp|row1759,qpack_mcp,0,6.760063886642456,5.161060318754705,1.5990035678877508,False,3
qpack_mcp|row176,qpack_mcp,0,7.3354902267456055,5.161060318754705,2.1744299079909,False,3
qpack_mcp|row1760,qpack_mcp,0,6.76807713508606,5.161060318754705,1.6070168163313543,False,3
qpack_mcp|row1761,qpack_mcp,0,6.833170175552368,5.161060318754705,1.6721098567976629,False,3
qpack_mcp|row1762,qpack_mcp,0,6.614281415939331,5.161060318754705,1.4532210971846258,False,3
qpack_mcp|row1763,qpack_mcp,0,6.6994547843933105,5.161060318754705,1.5383944656386053,False,3
qpack_mcp|row1764,qpack_mcp,0,6.951464891433716,5.161060318754705,1.7904045726790105,False,3
qpack_mcp|row1765,qpack_mcp,0,6.76842188835144,5.161060318754705,1.6073615695967352,False,3
qpack_mcp|row1766,qpack_mcp,0,6.667431354522705,5.161060318754705,1.5063710357679998,False,3
qpack_mcp|row1767,qpack_mcp,0,6.798462867736816,5.161060318754705,1.6374025489821111,False,3
qpack_mcp|row1768,qpack_mcp,0,6.713085651397705,5.161060318754705,1.5520253326429998,False,3
qpack_mcp|row1769,qpack_mcp,0,6.72976541519165,5.161060318754705,1.5687050964369451,False,3
qpack_mcp|row177,qpack_mcp,0,6.751145601272583,5.161060318754705,1.5900852825178777,False,3
qpack_mcp|row1770,qpack_mcp,0,6.832601308822632,5.161060318754705,1.6715409900679266,False,3
qpack_mcp|row1771,qpack_mcp,0,6.603968143463135,5.161060318754705,1.4429078247084295,False,3
qpack_mcp|row1772,qpack_mcp,0,6.670845985412598,5.161060318754705,1.5097856666578924,False,3
qpack_mcp|row1773,qpack_mcp,0,6.764230012893677,5.161060318754705,1.6031696941389715,False,3
qpack_mcp|row1774,qpack_mcp,0,6.983349323272705,5.161060318754705,1.8222890045179998,False,3
qpack_mcp|row1775,qpack_mcp,0,6.715218782424927,5.161060318754705,1.5541584636702215,False,3
qpack_mcp|row1776,qpack_mcp,0,6.7675065994262695,5.161060318754705,1.6064462806715643,False,3
qpack_mcp|row1777,qpack_mcp,0,6.812021493911743,5.161060318754705,1.6509611751570379,False,3
qpack_mcp|row1778,qpack_mcp,0,7.249793291091919,5.161060318754705,2.0887329723372137,False,3
qpack_mcp|row1779,qpack_mcp,0,7.0939507484436035,5.161060318754705,1.9328904296888982,False,3
qpack_mcp|row178,qpack_mcp,0,7.212240219116211,5.161060318754705,2.0511799003615057,False,3
qpack_mcp|row1780,qpack_mcp,0,6.8377790451049805,5.161060318754705,1.6767187263502752,False,3
qpack_mcp|row1781,qpack_mcp,0,6.756837844848633,5.161060318754705,1.5957775260939275,False,3
qpack_mcp|row1782,qpack_mcp,0,6.9145214557647705,5.161060318754705,1.7534611370100652,False,3
qpack_mcp|row1783,qpack_mcp,0,6.726091146469116,5.161060318754705,1.565030827714411,False,3
qpack_mcp|row1784,qpack_mcp,0,6.66515851020813,5.161060318754705,1.5040981914534246,False,3
qpack_mcp|row1785,qpack_mcp,0,6.574593782424927,5.161060318754705,1.4135334636702215,False,3
qpack_mcp|row1786,qpack_mcp,0,6.604910135269165,5.161060318754705,1.4438498165144598,False,3
qpack_mcp|row1787,qpack_mcp,0,6.5805253982543945,5.161060318754705,1.4194650794996893,False,3
qpack_mcp|row1788,qpack_mcp,0,6.945880889892578,5.161060318754705,1.7848205711378728,False,3
qpack_mcp|row1789,qpack_mcp,0,6.726684808731079,5.161060318754705,1.5656244899763738,False,3
qpack_mcp|row179,qpack_mcp,0,6.893086910247803,5.161060318754705,1.7320265914930975,False,3
qpack_mcp|row1790,qpack_mcp,0,6.697704792022705,5.161060318754705,1.5366444732679998,False,3
qpack_mcp|row1791,qpack_mcp,0,6.625427007675171,5.161060318754705,1.4643666889204656,False,3
qpack_mcp|row1792,qpack_mcp,0,6.6507861614227295,5.161060318754705,1.4897258426680242,False,3
qpack_mcp|row1793,qpack_mcp,0,6.75377345085144,5.161060318754705,1.5927131320967352,False,3
qpack_mcp|row1794,qpack_mcp,0,6.6412672996521,5.161060318754705,1.4802069808973943,False,3
qpack_mcp|row1795,qpack_mcp,0,6.657816171646118,5.161060318754705,1.4967558528914129,False,3
qpack_mcp|row1796,qpack_mcp,0,6.735622882843018,5.161060318754705,1.5745625640883123,False,3
qpack_mcp|row1797,qpack_mcp,0,6.818825960159302,5.161060318754705,1.6577656414045965,False,3
qpack_mcp|row1798,qpack_mcp,0,6.632525682449341,5.161060318754705,1.4714653636946355,False,3
qpack_mcp|row1799,qpack_mcp,0,6.830075263977051,5.161060318754705,1.6690149452223455,False,3
qpack_mcp|row18,qpack_mcp,0,6.906149864196777,5.256454697224344,1.6496951669724336,False,3
qpack_mcp|row180,qpack_mcp,0,6.643382549285889,5.161060318754705,1.4823222305311834,False,3
qpack_mcp|row1800,qpack_mcp,0,6.934563398361206,5.161060318754705,1.7735030796065008,False,3
qpack_mcp|row1801,qpack_mcp,0,6.770957708358765,5.161060318754705,1.6098973896040594,False,3
qpack_mcp|row1802,qpack_mcp,0,6.622070789337158,5.161060318754705,1.461010470582453,False,3
qpack_mcp|row1803,qpack_mcp,0,6.635715961456299,5.161060318754705,1.4746556427015935,False,3
qpack_mcp|row1804,qpack_mcp,0,6.695774793624878,5.161060318754705,1.5347144748701727,False,3
qpack_mcp|row1805,qpack_mcp,0,6.639891147613525,5.161060318754705,1.4788308288588201,False,3
qpack_mcp|row1806,qpack_mcp,0,6.6812684535980225,5.161060318754705,1.5202081348433172,False,3
qpack_mcp|row1807,qpack_mcp,0,6.577627658843994,5.161060318754705,1.4165673400892889,False,3
qpack_mcp|row1808,qpack_mcp,0,6.61580228805542,5.161060318754705,1.4547419693007146,False,3
qpack_mcp|row1809,qpack_mcp,0,6.979294776916504,5.161060318754705,1.8182344581617986,False,3
qpack_mcp|row181,qpack_mcp,0,6.688175678253174,5.161060318754705,1.5271153594984685,False,3
qpack_mcp|row1810,qpack_mcp,0,6.653245687484741,5.161060318754705,1.492185368730036,False,3
qpack_mcp|row1811,qpack_mcp,0,6.786210536956787,5.161060318754705,1.6251502182020818,False,3
qpack_mcp|row1812,qpack_mcp,0,6.822531700134277,5.161060318754705,1.661471381379572,False,3
qpack_mcp|row1813,qpack_mcp,0,6.6535351276397705,5.161060318754705,1.4924748088850652,False,3
qpack_mcp|row1814,qpack_mcp,0,6.753325939178467,5.161060318754705,1.5922656204237615,False,3
qpack_mcp|row1815,qpack_mcp,0,6.695587873458862,5.161060318754705,1.534527554704157,False,3
qpack_mcp|row1816,qpack_mcp,0,6.8723976612091064,5.161060318754705,1.7113373424544012,False,3
qpack_mcp|row1817,qpack_mcp,0,6.5514092445373535,5.161060318754705,1.3903489257826482,False,3
qpack_mcp|row1818,qpack_mcp,0,6.7703940868377686,5.161060318754705,1.6093337680830633,False,3
qpack_mcp|row1819,qpack_mcp,0,6.711762189865112,5.161060318754705,1.550701871110407,False,3
qpack_mcp|row182,qpack_mcp,0,6.986215353012085,5.161060318754705,1.8251550342573797,False,3
qpack_mcp|row1820,qpack_mcp,0,6.642049789428711,5.161060318754705,1.4809894706740057,False,3
qpack_mcp|row1821,qpack_mcp,0,6.536664962768555,5.161060318754705,1.3756046440138494,False,3
qpack_mcp|row1822,qpack_mcp,0,6.865780591964722,5.161060318754705,1.7047202732100164,False,3
qpack_mcp|row1823,qpack_mcp,0,6.552398681640625,5.161060318754705,1.3913383628859197,False,3
qpack_mcp|row1824,qpack_mcp,0,6.685179233551025,5.161060318754705,1.5241189147963201,False,3
qpack_mcp|row1825,qpack_mcp,0,6.6143834590911865,5.161060318754705,1.4533231403364812,False,3
qpack_mcp|row1826,qpack_mcp,0,6.7573981285095215,5.161060318754705,1.5963378097548162,False,3
qpack_mcp|row1827,qpack_mcp,0,6.722432374954224,5.161060318754705,1.5613720561995184,False,3
qpack_mcp|row1828,qpack_mcp,0,6.595791816711426,5.161060318754705,1.4347314979567205,False,3
qpack_mcp|row1829,qpack_mcp,0,6.737226963043213,5.161060318754705,1.5761666442885076,False,3
qpack_mcp|row183,qpack_mcp,0,7.107114791870117,5.161060318754705,1.946054473115412,False,3
qpack_mcp|row1830,qpack_mcp,0,6.761183500289917,5.161060318754705,1.6001231815352117,False,3
qpack_mcp|row1831,qpack_mcp,0,6.999738931655884,5.161060318754705,1.8386786129011785,False,3
qpack_mcp|row1832,qpack_mcp,0,7.028305530548096,5.161060318754705,1.8672452117933904,False,3
qpack_mcp|row1833,qpack_mcp,0,7.081819295883179,5.161060318754705,1.9207589771284734,False,3
qpack_mcp|row1834,qpack_mcp,0,6.9853880405426025,5.161060318754705,1.8243277217878973,False,3
qpack_mcp|row1835,qpack_mcp,0,6.791698455810547,5.161060318754705,1.6306381370558416,False,3
qpack_mcp|row1836,qpack_mcp,0,6.607609033584595,5.161060318754705,1.4465487148298894,False,3
qpack_mcp|row1837,qpack_mcp,0,6.97212290763855,5.161060318754705,1.8110625888838445,False,3
qpack_mcp|row1838,qpack_mcp,0,6.634929418563843,5.161060318754705,1.4738690998091375,False,3
qpack_mcp|row1839,qpack_mcp,0,6.87540078163147,5.161060318754705,1.7143404628767644,False,3
qpack_mcp|row184,qpack_mcp,0,6.674041986465454,5.161060318754705,1.5129816677107488,False,3
qpack_mcp|row1840,qpack_mcp,0,6.614220142364502,5.161060318754705,1.4531598236097967,False,3
qpack_mcp|row1841,qpack_mcp,0,6.733002185821533,5.161060318754705,1.571941867066828,False,3
qpack_mcp|row1842,qpack_mcp,0,6.9650938510894775,5.161060318754705,1.8040335323347723,False,3
qpack_mcp|row1843,qpack_mcp,0,6.890302658081055,5.161060318754705,1.7292423393263494,False,3
qpack_mcp|row1844,qpack_mcp,0,6.73595666885376,5.161060318754705,1.5748963500990545,False,3
qpack_mcp|row1845,qpack_mcp,0,6.733843803405762,5.161060318754705,1.5727834846510564,False,3
qpack_mcp|row1846,qpack_mcp,0,6.767848014831543,5.161060318754705,1.6067876960768377,False,3
qpack_mcp|row1847,qpack_mcp,0,6.807329416275024,5.161060318754705,1.6462690975203191,False,3
qpack_mcp|row1848,qpack_mcp,0,6.78024959564209,5.161060318754705,1.6191892768873846,False,3
qpack_mcp|row1849,qpack_mcp,0,6.668850898742676,5.161060318754705,1.5077905799879705,False,3
qpack_mcp|row185,qpack_mcp,0,7.303741693496704,5.161060318754705,2.142681374741999,False,3
qpack_mcp|row1850,qpack_mcp,0,6.743109941482544,5.161060318754705,1.5820496227278387,False,3
qpack_mcp|row186,qpack_mcp,0,7.040075063705444,5.161060318754705,1.879014744950739,False,3
qpack_mcp|row187,qpack_mcp,0,6.7109808921813965,5.161060318754705,1.5499205734266912,False,3
qpack_mcp|row188,qpack_mcp,0,7.515104532241821,5.161060318754705,2.354044213487116,False,3
qpack_mcp|row189,qpack_mcp,0,6.771390676498413,5.161060318754705,1.6103303577437078,False,3
qpack_mcp|row19,qpack_mcp,0,6.730255126953125,5.256454697224344,1.4738004297287812,False,3
qpack_mcp|row190,qpack_mcp,0,6.661078453063965,5.161060318754705,1.5000181343092596,False,3
qpack_mcp|row191,qpack_mcp,0,6.580705642700195,5.161060318754705,1.41964532394549,False,3
qpack_mcp|row192,qpack_mcp,0,6.929292440414429,5.161060318754705,1.7682321216597234,False,3
qpack_mcp|row193,qpack_mcp,0,6.578045606613159,5.161060318754705,1.416985287858454,False,3
qpack_mcp|row194,qpack_mcp,0,6.7803637981414795,5.161060318754705,1.6193034793867742,False,3
qpack_mcp|row195,qpack_mcp,0,7.231928825378418,5.161060318754705,2.0708685066237127,False,3
qpack_mcp|row196,qpack_mcp,0,6.845555305480957,5.161060318754705,1.6844949867262518,False,3
qpack_mcp|row197,qpack_mcp,0,6.942004680633545,5.161060318754705,1.7809443618788396,False,3
qpack_mcp|row198,qpack_mcp,0,6.673089027404785,5.161060318754705,1.5120287086500799,False,3
qpack_mcp|row199,qpack_mcp,0,6.631053447723389,5.161060318754705,1.4699931289686834,False,3
qpack_mcp|row2,qpack_mcp,0,6.599187850952148,5.256454697224344,1.3427331537278047,False,3
qpack_mcp|row20,qpack_mcp,0,6.906262159347534,5.256454697224344,1.6498074621231904,False,3
qpack_mcp|row200,qpack_mcp,0,6.813951253890991,5.161060318754705,1.652890935136286,False,3
qpack_mcp|row201,qpack_mcp,0,7.196758270263672,5.161060318754705,2.0356979515089666,False,3
qpack_mcp|row202,qpack_mcp,0,6.6816184520721436,5.161060318754705,1.5205581333174383,False,3
qpack_mcp|row203,qpack_mcp,0,7.217099666595459,5.161060318754705,2.0560393478407537,False,3
qpack_mcp|row204,qpack_mcp,0,6.718772649765015,5.161060318754705,1.5577123310103094,False,3
qpack_mcp|row205,qpack_mcp,0,6.537336349487305,5.161060318754705,1.3762760307325994,False,3
qpack_mcp|row206,qpack_mcp,0,6.878344297409058,5.161060318754705,1.7172839786543523,False,3
qpack_mcp|row207,qpack_mcp,0,6.745368242263794,5.161060318754705,1.5843079235090887,False,3
qpack_mcp|row208,qpack_mcp,0,6.614638566970825,5.161060318754705,1.45357824821612,False,3
qpack_mcp|row209,qpack_mcp,0,6.5152809619903564,5.161060318754705,1.3542206432356512,False,3
qpack_mcp|row21,qpack_mcp,0,6.735771179199219,5.256454697224344,1.479316481974875,False,3
qpack_mcp|row210,qpack_mcp,0,7.2894909381866455,5.161060318754705,2.1284306194319402,False,3
qpack_mcp|row211,qpack_mcp,0,6.912888288497925,5.161060318754705,1.7518279697432195,False,3
qpack_mcp|row2112,qpack_mcp,0,7.5635528564453125,5.235969537332021,2.327583319113291,False,3
qpack_mcp|row2113,qpack_mcp,0,7.135873079299927,5.235969537332021,1.8999035419679053,False,3
qpack_mcp|row2114,qpack_mcp,0,7.220550060272217,5.235969537332021,1.9845805229401954,False,3
qpack_mcp|row2115,qpack_mcp,0,7.372316837310791,5.235969537332021,2.1363472999787696,False,3
qpack_mcp|row2116,qpack_mcp,0,6.836146354675293,5.235969537332021,1.6001768173432716,False,3
qpack_mcp|row2117,qpack_mcp,0,6.8133544921875,5.235969537332021,1.5773849548554786,False,3
qpack_mcp|row2118,qpack_mcp,0,7.204640865325928,5.235969537332021,1.9686713279939063,False,3
qpack_mcp|row2119,qpack_mcp,0,7.136792898178101,5.235969537332021,1.9008233608460792,False,3
qpack_mcp|row212,qpack_mcp,0,6.920265436172485,5.161060318754705,1.75920511741778,False,3
qpack_mcp|row2120,qpack_mcp,0,7.109281778335571,5.235969537332021,1.8733122410035499,False,3
qpack_mcp|row2121,qpack_mcp,0,7.338230133056641,5.235969537332021,2.102260595724619,False,3
qpack_mcp|row2122,qpack_mcp,0,7.016142129898071,5.235969537332021,1.7801725925660499,False,3
qpack_mcp|row2123,qpack_mcp,0,6.949615478515625,5.235969537332021,1.7136459411836036,False,3
qpack_mcp|row2124,qpack_mcp,0,7.07024621963501,5.235969537332021,1.8342766823029883,False,3
qpack_mcp|row2125,qpack_mcp,0,6.997421979904175,5.235969537332021,1.7614524425721534,False,3
qpack_mcp|row2126,qpack_mcp,0,6.9033520221710205,5.235969537332021,1.667382484838999,False,3
qpack_mcp|row2127,qpack_mcp,0,7.043583393096924,5.235969537332021,1.8076138557649024,False,3
qpack_mcp|row2128,qpack_mcp,0,6.913283109664917,5.235969537332021,1.6773135723328956,False,3
qpack_mcp|row2129,qpack_mcp,0,7.031115293502808,5.235969537332021,1.7951457561707862,False,3
qpack_mcp|row213,qpack_mcp,0,6.7432780265808105,5.161060318754705,1.5822177078261053,False,3
qpack_mcp|row2130,qpack_mcp,0,6.909819841384888,5.235969537332021,1.6738503040528663,False,3
qpack_mcp|row2131,qpack_mcp,0,6.779761075973511,5.235969537332021,1.5437915386414893,False,3
qpack_mcp|row2132,qpack_mcp,0,6.937328577041626,5.235969537332021,1.7013590397096046,False,3
qpack_mcp|row2133,qpack_mcp,0,7.137107849121094,5.235969537332021,1.9011383117890723,False,3
qpack_mcp|row2134,qpack_mcp,0,6.942030191421509,5.235969537332021,1.7060606540894874,False,3
qpack_mcp|row2135,qpack_mcp,0,7.091247081756592,5.235969537332021,1.8552775444245704,False,3
qpack_mcp|row2136,qpack_mcp,0,7.069024562835693,5.235969537332021,1.833055025503672,False,3
qpack_mcp|row2137,qpack_mcp,0,7.279378890991211,5.235969537332021,2.0434093536591895,False,3
qpack_mcp|row2138,qpack_mcp,0,7.014461040496826,5.235969537332021,1.7784915031648048,False,3
qpack_mcp|row2139,qpack_mcp,0,7.138553857803345,5.235969537332021,1.9025843204713233,False,3
qpack_mcp|row214,qpack_mcp,0,6.970655679702759,5.161060318754705,1.8095953609480535,False,3
qpack_mcp|row2140,qpack_mcp,0,7.009577989578247,5.235969537332021,1.7736084522462257,False,3
qpack_mcp|row2141,qpack_mcp,0,7.14724588394165,5.235969537332021,1.911276346609629,False,3
qpack_mcp|row2142,qpack_mcp,0,7.117762565612793,5.235969537332021,1.8817930282807716,False,3
qpack_mcp|row2143,qpack_mcp,0,7.1120569705963135,5.235969537332021,1.876087433264292,False,3
qpack_mcp|row2144,qpack_mcp,0,7.164503812789917,5.235969537332021,1.9285342754578956,False,3
qpack_mcp|row2145,qpack_mcp,0,7.329208850860596,5.235969537332021,2.0932393135285743,False,3
qpack_mcp|row2146,qpack_mcp,0,7.358766078948975,5.235969537332021,2.122796541616953,False,3
qpack_mcp|row2147,qpack_mcp,0,6.9111487865448,5.235969537332021,1.6751792492127784,False,3
qpack_mcp|row2148,qpack_mcp,0,7.073962211608887,5.235969537332021,1.8379926742768653,False,3
qpack_mcp|row2149,qpack_mcp,0,7.495598316192627,5.235969537332021,2.2596287788606055,False,3
qpack_mcp|row215,qpack_mcp,0,6.6392059326171875,5.161060318754705,1.4781456138624822,False,3
qpack_mcp|row2150,qpack_mcp,0,7.435792922973633,5.235969537332021,2.1998233856416114,False,3
qpack_mcp|row2151,qpack_mcp,0,7.392182350158691,5.235969537332021,2.15621281282667,False,3
qpack_mcp|row2152,qpack_mcp,0,7.404508590698242,5.235969537332021,2.1685390533662208,False,3
qpack_mcp|row2153,qpack_mcp,0,7.0558247566223145,5.235969537332021,1.819855219290293,False,3
qpack_mcp|row2154,qpack_mcp,0,7.040795803070068,5.235969537332021,1.804826265738047,False,3
qpack_mcp|row2155,qpack_mcp,0,7.210363149642944,5.235969537332021,1.974393612310923,False,3
qpack_mcp|row2156,qpack_mcp,0,7.080734729766846,5.235969537332021,1.8447651924348243,False,3
qpack_mcp|row2157,qpack_mcp,0,6.951272964477539,5.235969537332021,1.7153034271455176,False,3
qpack_mcp|row2158,qpack_mcp,0,6.821996450424194,5.235969537332021,1.586026913092173,False,3
qpack_mcp|row2159,qpack_mcp,0,6.912795305252075,5.235969537332021,1.6768257679200538,False,3
qpack_mcp|row216,qpack_mcp,0,7.035778284072876,5.161060318754705,1.8747179653181707,False,3
qpack_mcp|row2160,qpack_mcp,0,6.971112966537476,5.235969537332021,1.7351434292054542,False,3
qpack_mcp|row2161,qpack_mcp,0,7.242094039916992,5.235969537332021,2.0061245025849708,False,3
qpack_mcp|row2162,qpack_mcp,0,6.970505714416504,5.235969537332021,1.7345361770844825,False,3
qpack_mcp|row2163,qpack_mcp,0,7.096997976303101,5.235969537332021,1.8610284389710792,False,3
qpack_mcp|row2164,qpack_mcp,0,6.970863103866577,5.235969537332021,1.7348935665345557,False,3
qpack_mcp|row2165,qpack_mcp,0,7.123194694519043,5.235969537332021,1.8872251571870216,False,3
qpack_mcp|row2166,qpack_mcp,0,7.039561033248901,5.235969537332021,1.80359149591688,False,3
qpack_mcp|row2167,qpack_mcp,0,7.4949445724487305,5.235969537332021,2.258975035116709,False,3
qpack_mcp|row2168,qpack_mcp,0,7.474158525466919,5.235969537332021,2.2381889881348975,False,3
qpack_mcp|row2169,qpack_mcp,0,7.348357915878296,5.235969537332021,2.1123883785462745,False,3
qpack_mcp|row217,qpack_mcp,0,6.877093553543091,5.161060318754705,1.7160332347883855,False,3
qpack_mcp|row2170,qpack_mcp,0,7.422331809997559,5.235969537332021,2.186362272665537,False,3
qpack_mcp|row2171,qpack_mcp,0,7.423732042312622,5.235969537332021,2.1877625049806007,False,3
qpack_mcp|row2172,qpack_mcp,0,7.250044822692871,5.235969537332021,2.0140752853608497,False,3
qpack_mcp|row2173,qpack_mcp,0,7.5713770389556885,5.235969537332021,2.335407501623667,False,3
qpack_mcp|row2174,qpack_mcp,0,7.17527174949646,5.235969537332021,1.9393022121644385,False,3
qpack_mcp|row2175,qpack_mcp,0,6.929762363433838,5.235969537332021,1.6937928261018165,False,3
qpack_mcp|row2176,qpack_mcp,0,7.023747205734253,5.235969537332021,1.7877776684022315,False,3
qpack_mcp|row2177,qpack_mcp,0,7.022816896438599,5.235969537332021,1.7868473591065772,False,3
qpack_mcp|row2178,qpack_mcp,0,7.179614782333374,5.235969537332021,1.9436452450013526,False,3
qpack_mcp|row2179,qpack_mcp,0,7.117769241333008,5.235969537332021,1.8817997040009864,False,3
qpack_mcp|row218,qpack_mcp,0,6.748406887054443,5.161060318754705,1.587346568299738,False,3
qpack_mcp|row2180,qpack_mcp,0,7.017362356185913,5.235969537332021,1.7813928188538917,False,3
qpack_mcp|row2181,qpack_mcp,0,7.025069236755371,5.235969537332021,1.7890996994233497,False,3
qpack_mcp|row2182,qpack_mcp,0,7.078020811080933,5.235969537332021,1.8420512737489112,False,3
qpack_mcp|row2183,qpack_mcp,0,6.952974081039429,5.235969537332021,1.7170045437074073,False,3
qpack_mcp|row2184,qpack_mcp,0,6.888757228851318,5.235969537332021,1.652787691519297,False,3
qpack_mcp|row2185,qpack_mcp,0,6.999817371368408,5.235969537332021,1.7638478340363868,False,3
qpack_mcp|row2186,qpack_mcp,0,6.938599586486816,5.235969537332021,1.702630049154795,False,3
qpack_mcp|row2187,qpack_mcp,0,6.951972007751465,5.235969537332021,1.7160024704194434,False,3
qpack_mcp|row2188,qpack_mcp,0,7.092102527618408,5.235969537332021,1.8561329902863868,False,3
qpack_mcp|row2189,qpack_mcp,0,6.870549201965332,5.235969537332021,1.6345796646333106,False,3
qpack_mcp|row219,qpack_mcp,0,7.322435617446899,5.161060318754705,2.161375298692194,False,3
qpack_mcp|row2190,qpack_mcp,0,6.900107145309448,5.235969537332021,1.6641376079774268,False,3
qpack_mcp|row2191,qpack_mcp,0,7.122929334640503,5.235969537332021,1.8869597973084815,False,3
qpack_mcp|row2192,qpack_mcp,0,7.007620573043823,5.235969537332021,1.7716510357118018,False,3
qpack_mcp|row2193,qpack_mcp,0,7.002804517745972,5.235969537332021,1.7668349804139503,False,3
qpack_mcp|row2194,qpack_mcp,0,6.961534738540649,5.235969537332021,1.725565201208628,False,3
qpack_mcp|row2195,qpack_mcp,0,7.128703832626343,5.235969537332021,1.8927342952943214,False,3
qpack_mcp|row2196,qpack_mcp,0,6.948321580886841,5.235969537332021,1.7123520435548194,False,3
qpack_mcp|row2197,qpack_mcp,0,6.829805612564087,5.235969537332021,1.5938360752320655,False,3
qpack_mcp|row2198,qpack_mcp,0,7.0100038051605225,5.235969537332021,1.774034267828501,False,3
qpack_mcp|row2199,qpack_mcp,0,7.040836811065674,5.235969537332021,1.8048672737336524,False,3
qpack_mcp|row22,qpack_mcp,0,6.8117687702178955,5.256454697224344,1.5553140729935517,False,3
qpack_mcp|row220,qpack_mcp,0,7.188943386077881,5.161060318754705,2.0278830673231756,False,3
qpack_mcp|row2200,qpack_mcp,0,6.816834926605225,5.235969537332021,1.5808653892732032,False,3
qpack_mcp|row2201,qpack_mcp,0,6.90375018119812,5.235969537332021,1.6677806438660987,False,3
qpack_mcp|row2202,qpack_mcp,0,7.052969694137573,5.235969537332021,1.8170001568055518,False,3
qpack_mcp|row2203,qpack_mcp,0,7.122896671295166,5.235969537332021,1.8869271339631446,False,3
qpack_mcp|row2204,qpack_mcp,0,7.013598680496216,5.235969537332021,1.7776291431641944,False,3
qpack_mcp|row2205,qpack_mcp,0,6.978680849075317,5.235969537332021,1.742711311743296,False,3
qpack_mcp|row2206,qpack_mcp,0,6.980258464813232,5.235969537332021,1.744288927481211,False,3
qpack_mcp|row2207,qpack_mcp,0,6.881643772125244,5.235969537332021,1.6456742347932227,False,3
qpack_mcp|row2208,qpack_mcp,0,7.22806715965271,5.235969537332021,1.9920976223206885,False,3
qpack_mcp|row221,qpack_mcp,0,7.153170585632324,5.161060318754705,1.992110266877619,False,3
qpack_mcp|row222,qpack_mcp,0,7.2178428173065186,5.161060318754705,2.0567824985518133,False,3
qpack_mcp|row223,qpack_mcp,0,7.232748746871948,5.161060318754705,2.071688428117243,False,3
qpack_mcp|row224,qpack_mcp,0,6.768829107284546,5.161060318754705,1.6077687885298406,False,3
qpack_mcp|row225,qpack_mcp,0,6.639596939086914,5.161060318754705,1.4785366203322088,False,3
qpack_mcp|row226,qpack_mcp,0,6.932879686355591,5.161060318754705,1.7718193676008855,False,3
qpack_mcp|row227,qpack_mcp,0,6.67416524887085,5.161060318754705,1.5131049301161443,False,3
qpack_mcp|row228,qpack_mcp,0,6.664923667907715,5.161060318754705,1.5038633491530096,False,3
qpack_mcp|row229,qpack_mcp,0,6.671696662902832,5.161060318754705,1.5106363441481268,False,3
qpack_mcp|row23,qpack_mcp,0,6.93747091293335,5.256454697224344,1.6810162157090058,False,3
qpack_mcp|row230,qpack_mcp,0,6.640923500061035,5.161060318754705,1.4798631813063299,False,3
qpack_mcp|row2301,qpack_mcp,0,7.14510440826416,5.235969537332021,1.9091348709321387,False,3
qpack_mcp|row2302,qpack_mcp,0,7.280090808868408,5.235969537332021,2.044121271536387,False,3
qpack_mcp|row2303,qpack_mcp,0,7.134966850280762,5.235969537332021,1.8989973129487403,False,3
qpack_mcp|row2304,qpack_mcp,0,7.0114967823028564,5.235969537332021,1.775527244970835,False,3
qpack_mcp|row2305,qpack_mcp,0,6.837216138839722,5.235969537332021,1.6012466015077003,False,3
qpack_mcp|row2306,qpack_mcp,0,7.0449206829071045,5.235969537332021,1.808951145575083,False,3
qpack_mcp|row2307,qpack_mcp,0,6.853569507598877,5.235969537332021,1.6175999702668555,False,3
qpack_mcp|row2308,qpack_mcp,0,7.271062135696411,5.235969537332021,2.0350925983643897,False,3
qpack_mcp|row2309,qpack_mcp,0,7.052438974380493,5.235969537332021,1.8164694370484717,False,3
qpack_mcp|row231,qpack_mcp,0,7.001497745513916,5.161060318754705,1.8404374267592107,False,3
qpack_mcp|row2310,qpack_mcp,0,6.968764781951904,5.235969537332021,1.7327952446198829,False,3
qpack_mcp|row2311,qpack_mcp,0,6.961737155914307,5.235969537332021,1.7257676185822852,False,3
qpack_mcp|row2312,qpack_mcp,0,7.071410655975342,5.235969537332021,1.8354411186433204,False,3
qpack_mcp|row2313,qpack_mcp,0,7.018710374832153,5.235969537332021,1.782740837500132,False,3
qpack_mcp|row2314,qpack_mcp,0,7.251852512359619,5.235969537332021,2.0158829750275977,False,3
qpack_mcp|row2315,qpack_mcp,0,6.905474662780762,5.235969537332021,1.6695051254487403,False,3
qpack_mcp|row2316,qpack_mcp,0,7.162630796432495,5.235969537332021,1.9266612591004737,False,3
qpack_mcp|row2317,qpack_mcp,0,7.0142271518707275,5.235969537332021,1.7782576145387061,False,3
qpack_mcp|row2318,qpack_mcp,0,6.9760332107543945,5.235969537332021,1.7400636734223731,False,3
qpack_mcp|row2319,qpack_mcp,0,7.6819658279418945,5.235969537332021,2.445996290609873,False,3
qpack_mcp|row232,qpack_mcp,0,6.720720052719116,5.161060318754705,1.559659733964411,False,3
qpack_mcp|row2320,qpack_mcp,0,7.079277276992798,5.235969537332021,1.8433077396607764,False,3
qpack_mcp|row2321,qpack_mcp,0,7.265092849731445,5.235969537332021,2.029123312399424,False,3
qpack_mcp|row2322,qpack_mcp,0,6.993859052658081,5.235969537332021,1.7578895153260596,False,3
qpack_mcp|row2323,qpack_mcp,0,7.037288188934326,5.235969537332021,1.8013186516023048,False,3
qpack_mcp|row2324,qpack_mcp,0,7.075404405593872,5.235969537332021,1.8394348682618507,False,3
qpack_mcp|row2325,qpack_mcp,0,6.991368293762207,5.235969537332021,1.7553987564301856,False,3
qpack_mcp|row2326,qpack_mcp,0,7.155285120010376,5.235969537332021,1.9193155826783546,False,3
qpack_mcp|row2327,qpack_mcp,0,6.909467697143555,5.235969537332021,1.6734981598115333,False,3
qpack_mcp|row2328,qpack_mcp,0,7.144745111465454,5.235969537332021,1.9087755741334327,False,3
qpack_mcp|row2329,qpack_mcp,0,7.1103291511535645,5.235969537332021,1.874359613821543,False,3
qpack_mcp|row233,qpack_mcp,0,6.467049837112427,5.161060318754705,1.3059895183577215,False,3
qpack_mcp|row2330,qpack_mcp,0,6.912287712097168,5.235969537332021,1.6763181747651466,False,3
qpack_mcp|row2331,qpack_mcp,0,7.029794692993164,5.235969537332021,1.7938251556611426,False,3
qpack_mcp|row2332,qpack_mcp,0,7.179003477096558,5.235969537332021,1.9430339397645362,False,3
qpack_mcp|row2333,qpack_mcp,0,7.0038902759552,5.235969537332021,1.7679207386231788,False,3
qpack_mcp|row2334,qpack_mcp,0,6.881333351135254,5.235969537332021,1.6453638138032325,False,3
qpack_mcp|row2335,qpack_mcp,0,7.16527795791626,5.235969537332021,1.9293084205842383,False,3
qpack_mcp|row2336,qpack_mcp,0,6.910072088241577,5.235969537332021,1.6741025509095557,False,3
qpack_mcp|row2337,qpack_mcp,0,7.043644666671753,5.235969537332021,1.8076751293397315,False,3
qpack_mcp|row2338,qpack_mcp,0,7.217888116836548,5.235969537332021,1.9819185795045264,False,3
qpack_mcp|row2339,qpack_mcp,0,7.097571134567261,5.235969537332021,1.8616015972352393,False,3
qpack_mcp|row234,qpack_mcp,0,6.6377012729644775,5.161060318754705,1.4766409542097723,False,3
qpack_mcp|row2340,qpack_mcp,0,7.080524682998657,5.235969537332021,1.8445551456666358,False,3
qpack_mcp|row2341,qpack_mcp,0,6.933182001113892,5.235969537332021,1.6972124637818702,False,3
qpack_mcp|row2342,qpack_mcp,0,6.952868700027466,5.235969537332021,1.7168991626954444,False,3
qpack_mcp|row2343,qpack_mcp,0,7.099349021911621,5.235969537332021,1.8633794845795997,False,3
qpack_mcp|row2344,qpack_mcp,0,7.2994301319122314,5.235969537332021,2.06346059458021,False,3
qpack_mcp|row2345,qpack_mcp,0,7.32405424118042,5.235969537332021,2.0880847038483985,False,3
qpack_mcp|row2346,qpack_mcp,0,7.234372615814209,5.235969537332021,1.9984030784821876,False,3
qpack_mcp|row2347,qpack_mcp,0,7.172924518585205,5.235969537332021,1.9369549812531837,False,3
qpack_mcp|row2348,qpack_mcp,0,7.057440280914307,5.235969537332021,1.8214707435822852,False,3
qpack_mcp|row2349,qpack_mcp,0,7.343586683273315,5.235969537332021,2.107617145941294,False,3
qpack_mcp|row235,qpack_mcp,0,6.72799277305603,5.161060318754705,1.566932454301325,False,3
qpack_mcp|row2350,qpack_mcp,0,7.252670049667358,5.235969537332021,2.016700512335337,False,3
qpack_mcp|row2351,qpack_mcp,0,7.052824258804321,5.235969537332021,1.8168547214722999,False,3
qpack_mcp|row2352,qpack_mcp,0,6.976582765579224,5.235969537332021,1.7406132282472022,False,3
qpack_mcp|row2353,qpack_mcp,0,6.865535736083984,5.235969537332021,1.629566198751963,False,3
qpack_mcp|row2354,qpack_mcp,0,6.955003023147583,5.235969537332021,1.7190334858155616,False,3
qpack_mcp|row2355,qpack_mcp,0,7.249831199645996,5.235969537332021,2.0138616623139747,False,3
qpack_mcp|row2356,qpack_mcp,0,7.121292591094971,5.235969537332021,1.8853230537629493,False,3
qpack_mcp|row2357,qpack_mcp,0,6.97487211227417,5.235969537332021,1.7389025749421485,False,3
qpack_mcp|row2358,qpack_mcp,0,6.995865345001221,5.235969537332021,1.7598958076691993,False,3
qpack_mcp|row2359,qpack_mcp,0,6.864606142044067,5.235969537332021,1.628636604712046,False,3
qpack_mcp|row236,qpack_mcp,0,6.567169189453125,5.161060318754705,1.4061088706984197,False,3
qpack_mcp|row2360,qpack_mcp,0,6.9015891551971436,5.235969537332021,1.6656196178651221,False,3
qpack_mcp|row2361,qpack_mcp,0,7.372476100921631,5.235969537332021,2.1365065635896094,False,3
qpack_mcp|row2362,qpack_mcp,0,6.984376430511475,5.235969537332021,1.7484068931794532,False,3
qpack_mcp|row2363,qpack_mcp,0,7.0207226276397705,5.235969537332021,1.784753090307749,False,3
qpack_mcp|row2364,qpack_mcp,0,7.015379905700684,5.235969537332021,1.7794103683686622,False,3
qpack_mcp|row2365,qpack_mcp,0,7.4260663986206055,5.235969537332021,2.190096861288584,False,3
qpack_mcp|row2366,qpack_mcp,0,7.37293553352356,5.235969537332021,2.136965996191538,False,3
qpack_mcp|row2367,qpack_mcp,0,7.548111438751221,5.235969537332021,2.3121419014191993,False,3
qpack_mcp|row2368,qpack_mcp,0,7.14009952545166,5.235969537332021,1.9041299881196387,False,3
qpack_mcp|row2369,qpack_mcp,0,7.345771074295044,5.235969537332021,2.1098015369630225,False,3
qpack_mcp|row237,qpack_mcp,0,7.2015321254730225,5.161060318754705,2.040471806718317,False,3
qpack_mcp|row2370,qpack_mcp,0,6.958129167556763,5.235969537332021,1.7221596302247413,False,3
qpack_mcp|row2371,qpack_mcp,0,7.078445672988892,5.235969537332021,1.8424761356568702,False,3
qpack_mcp|row2372,qpack_mcp,0,7.090557098388672,5.235969537332021,1.8545875610566505,False,3
qpack_mcp|row2373,qpack_mcp,0,7.41442608833313,5.235969537332021,2.1784565510011085,False,3
qpack_mcp|row2374,qpack_mcp,0,7.031064987182617,5.235969537332021,1.7950954498505958,False,3
qpack_mcp|row2375,qpack_mcp,0,6.954510688781738,5.235969537332021,1.7185411514497169,False,3
qpack_mcp|row2376,qpack_mcp,0,7.172889232635498,5.235969537332021,1.9369196953034766,False,3
qpack_mcp|row2377,qpack_mcp,0,6.873563528060913,5.235969537332021,1.6375939907288917,False,3
qpack_mcp|row2378,qpack_mcp,0,6.890886068344116,5.235969537332021,1.6549165310120948,False,3
qpack_mcp|row2379,qpack_mcp,0,7.173485517501831,5.424354689911144,1.7491308275906867,False,3
qpack_mcp|row238,qpack_mcp,0,6.638433933258057,5.161060318754705,1.4773736145033514,False,3
qpack_mcp|row2380,qpack_mcp,0,7.229116201400757,5.424354689911144,1.8047615114896125,False,3
qpack_mcp|row2381,qpack_mcp,0,7.012328624725342,5.424354689911144,1.5879739348141975,False,3
qpack_mcp|row2382,qpack_mcp,0,7.235912322998047,5.424354689911144,1.8115576330869025,False,3
qpack_mcp|row2383,qpack_mcp,0,7.035551071166992,5.424354689911144,1.6111963812558479,False,3
qpack_mcp|row2384,qpack_mcp,0,7.032146215438843,5.424354689911144,1.6077915255276984,False,3
qpack_mcp|row2385,qpack_mcp,0,7.769609212875366,5.424354689911144,2.345254522964222,False,3
qpack_mcp|row2386,qpack_mcp,0,7.383997440338135,5.424354689911144,1.9596427504269904,False,3
qpack_mcp|row2387,qpack_mcp,0,7.499150514602661,5.424354689911144,2.074795824691517,False,3
qpack_mcp|row2388,qpack_mcp,0,7.284715890884399,5.424354689911144,1.860361200973255,False,3
qpack_mcp|row2389,qpack_mcp,0,7.3495635986328125,5.424354689911144,1.9252089087216682,False,3
qpack_mcp|row239,qpack_mcp,0,7.34089207649231,5.161060318754705,2.1798317577376043,False,3
qpack_mcp|row2390,qpack_mcp,0,7.651461601257324,5.424354689911144,2.22710691134618,False,3
qpack_mcp|row2391,qpack_mcp,0,7.281719446182251,5.424354689911144,1.8573647562711066,False,3
qpack_mcp|row2392,qpack_mcp,0,7.494898796081543,5.424354689911144,2.0705441061703986,False,3
qpack_mcp|row2393,qpack_mcp,0,7.389134407043457,5.424354689911144,1.9647797171323127,False,3
qpack_mcp|row2394,qpack_mcp,0,7.450475215911865,5.424354689911144,2.026120526000721,False,3
qpack_mcp|row2395,qpack_mcp,0,7.354684829711914,5.424354689911144,1.9303301398007697,False,3
qpack_mcp|row2396,qpack_mcp,0,7.072205305099487,5.424354689911144,1.647850615188343,False,3
qpack_mcp|row2397,qpack_mcp,0,7.054535627365112,5.424354689911144,1.630180937453968,False,3
qpack_mcp|row2398,qpack_mcp,0,7.209290266036987,5.424354689911144,1.784935576125843,False,3
qpack_mcp|row2399,qpack_mcp,0,7.0847389698028564,5.424354689911144,1.6603842798917121,False,3
qpack_mcp|row24,qpack_mcp,0,6.881938695907593,5.256454697224344,1.625483998683249,False,3
qpack_mcp|row240,qpack_mcp,0,6.83625602722168,5.161060318754705,1.6751957084669744,False,3
qpack_mcp|row2400,qpack_mcp,0,7.34642767906189,5.424354689911144,1.9220729891507453,False,3
qpack_mcp|row2401,qpack_mcp,0,7.2979419231414795,5.424354689911144,1.8735872332303352,False,3
qpack_mcp|row2402,qpack_mcp,0,7.185801982879639,5.424354689911144,1.7614472929684943,False,3
qpack_mcp|row2403,qpack_mcp,0,6.977196931838989,5.424354689911144,1.552842241927845,False,3
qpack_mcp|row2404,qpack_mcp,0,7.104050874710083,5.424354689911144,1.6796961847989387,False,3
qpack_mcp|row2405,qpack_mcp,0,7.286918878555298,5.424354689911144,1.8625641886441535,False,3
qpack_mcp|row2406,qpack_mcp,0,7.051914930343628,5.424354689911144,1.6275602404324836,False,3
qpack_mcp|row2407,qpack_mcp,0,7.233044147491455,5.424354689911144,1.8086894575803107,False,3
qpack_mcp|row2408,qpack_mcp,0,8.903553247451782,5.424354689911144,3.479198557540638,False,3
qpack_mcp|row2409,qpack_mcp,0,7.027621269226074,5.424354689911144,1.6032665793149299,False,3
qpack_mcp|row241,qpack_mcp,0,7.035841464996338,5.161060318754705,1.8747811462416326,False,3
qpack_mcp|row2410,qpack_mcp,0,7.059390306472778,5.424354689911144,1.635035616561634,False,3
qpack_mcp|row2411,qpack_mcp,0,6.884609699249268,5.424354689911144,1.4602550093381232,False,3
qpack_mcp|row2412,qpack_mcp,0,7.3099400997161865,5.424354689911144,1.8855854098050422,False,3
qpack_mcp|row2413,qpack_mcp,0,7.031203746795654,5.424354689911144,1.60684905688451,False,3
qpack_mcp|row2414,qpack_mcp,0,7.063578128814697,5.424354689911144,1.639223438903553,False,3
qpack_mcp|row2415,qpack_mcp,0,7.0201098918914795,5.424354689911144,1.5957552019803352,False,3
qpack_mcp|row2416,qpack_mcp,0,7.2752251625061035,5.424354689911144,1.8508704725949592,False,3
qpack_mcp|row2417,qpack_mcp,0,7.495697736740112,5.424354689911144,2.071343046828968,False,3
qpack_mcp|row2418,qpack_mcp,0,7.602079391479492,5.424354689911144,2.177724701568348,False,3
qpack_mcp|row2419,qpack_mcp,0,7.6641175746917725,5.424354689911144,2.239762884780628,False,3
qpack_mcp|row242,qpack_mcp,0,6.6097612380981445,5.161060318754705,1.4487009193434393,False,3
qpack_mcp|row2420,qpack_mcp,0,7.450398683547974,5.424354689911144,2.0260439936368293,False,3
qpack_mcp|row2421,qpack_mcp,0,7.536322355270386,5.424354689911144,2.1119676653592414,False,3
qpack_mcp|row2422,qpack_mcp,0,7.464998245239258,5.424354689911144,2.0406435553281135,False,3
qpack_mcp|row2423,qpack_mcp,0,7.394966125488281,5.424354689911144,1.970611435577137,False,3
qpack_mcp|row2424,qpack_mcp,0,7.042942523956299,5.424354689911144,1.6185878340451545,False,3
qpack_mcp|row2425,qpack_mcp,0,7.130244016647339,5.424354689911144,1.7058893267361945,False,3
qpack_mcp|row2426,qpack_mcp,0,7.019578456878662,5.424354689911144,1.5952237669675178,False,3
qpack_mcp|row2427,qpack_mcp,0,7.130169868469238,5.424354689911144,1.705815178558094,False,3
qpack_mcp|row2428,qpack_mcp,0,7.047455072402954,5.424354689911144,1.6231003824918098,False,3
qpack_mcp|row2429,qpack_mcp,0,7.275928497314453,5.424354689911144,1.8515738074033088,False,3
qpack_mcp|row243,qpack_mcp,0,6.59886908531189,5.161060318754705,1.4378087665571844,False,3
qpack_mcp|row2430,qpack_mcp,0,7.219457387924194,5.424354689911144,1.79510269801305,False,3
qpack_mcp|row2431,qpack_mcp,0,7.008685111999512,5.424354689911144,1.5843304220883674,False,3
qpack_mcp|row2432,qpack_mcp,0,7.026686906814575,5.424354689911144,1.6023322169034309,False,3
qpack_mcp|row2433,qpack_mcp,0,7.077877759933472,5.424354689911144,1.6535230700223273,False,3
qpack_mcp|row2434,qpack_mcp,0,7.2491583824157715,5.424354689911144,1.8248036925046272,False,3
qpack_mcp|row2435,qpack_mcp,0,7.1859846115112305,5.424354689911144,1.7616299216000861,False,3
qpack_mcp|row2436,qpack_mcp,0,7.134888172149658,5.424354689911144,1.7105334822385139,False,3
qpack_mcp|row2437,qpack_mcp,0,7.0931236743927,5.424354689911144,1.6687689844815559,False,3
qpack_mcp|row2438,qpack_mcp,0,7.275028228759766,5.424354689911144,1.8506735388486213,False,3
qpack_mcp|row2439,qpack_mcp,0,7.07044529914856,5.424354689911144,1.6460906092374152,False,3
qpack_mcp|row244,qpack_mcp,0,6.573976993560791,5.161060318754705,1.4129166748060857,False,3
qpack_mcp|row2440,qpack_mcp,0,7.185178279876709,5.424354689911144,1.7608235899655647,False,3
qpack_mcp|row2441,qpack_mcp,0,7.275708436965942,5.424354689911144,1.851353747054798,False,3
qpack_mcp|row2442,qpack_mcp,0,7.450300455093384,5.424354689911144,2.0259457651822395,False,3
qpack_mcp|row2443,qpack_mcp,0,7.142200469970703,5.424354689911144,1.7178457800595588,False,3
qpack_mcp|row2444,qpack_mcp,0,7.2410078048706055,5.424354689911144,1.8166531149594611,False,3
qpack_mcp|row2445,qpack_mcp,0,7.277655363082886,5.424354689911144,1.8533006731717414,False,3
qpack_mcp|row2446,qpack_mcp,0,7.41180157661438,5.424354689911144,1.9874468867032355,False,3
qpack_mcp|row2447,qpack_mcp,0,7.045837640762329,5.424354689911144,1.6214829508511848,False,3
qpack_mcp|row2448,qpack_mcp,0,7.3710620403289795,5.424354689911144,1.9467073504178352,False,3
qpack_mcp|row2449,qpack_mcp,0,7.42468786239624,5.424354689911144,2.000333172485096,False,3
qpack_mcp|row245,qpack_mcp,0,6.95683217048645,5.161060318754705,1.795771851731745,False,3
qpack_mcp|row2450,qpack_mcp,0,6.890523433685303,5.424354689911144,1.4661687437741584,False,3
qpack_mcp|row2451,qpack_mcp,0,7.035648822784424,5.424354689911144,1.6112941328732795,False,3
qpack_mcp|row2452,qpack_mcp,0,7.03315281867981,5.424354689911144,1.6087981287686652,False,3
qpack_mcp|row2453,qpack_mcp,0,7.004508972167969,5.424354689911144,1.5801542822568244,False,3
qpack_mcp|row2454,qpack_mcp,0,6.968125104904175,5.424354689911144,1.5437704149930305,False,3
qpack_mcp|row2455,qpack_mcp,0,7.116907119750977,5.424354689911144,1.6925524298398322,False,3
qpack_mcp|row2456,qpack_mcp,0,7.036456823348999,5.424354689911144,1.6121021334378547,False,3
qpack_mcp|row2457,qpack_mcp,0,7.266610383987427,5.424354689911144,1.8422556940762824,False,3
qpack_mcp|row2458,qpack_mcp,0,7.017765522003174,5.424354689911144,1.5934108320920295,False,3
qpack_mcp|row2459,qpack_mcp,0,7.012707710266113,5.424354689911144,1.588353020354969,False,3
qpack_mcp|row246,qpack_mcp,0,6.572346210479736,5.161060318754705,1.411285891725031,False,3
qpack_mcp|row2460,qpack_mcp,0,7.312299728393555,5.424354689911144,1.8879450384824104,False,3
qpack_mcp|row2461,qpack_mcp,0,7.540223598480225,5.424354689911144,2.1158689085690803,False,3
qpack_mcp|row2462,qpack_mcp,0,6.9956629276275635,5.424354689911144,1.5713082377164191,False,3
qpack_mcp|row2463,qpack_mcp,0,7.036526203155518,5.424354689911144,1.6121715132443732,False,3
qpack_mcp|row2464,qpack_mcp,0,7.0018064975738525,5.424354689911144,1.5774518076627082,False,3
qpack_mcp|row2465,qpack_mcp,0,6.998230457305908,5.424354689911144,1.5738757673947639,False,3
qpack_mcp|row2466,qpack_mcp,0,7.096513032913208,5.424354689911144,1.6721583430020637,False,3
qpack_mcp|row2467,qpack_mcp,0,6.871681451797485,5.424354689911144,1.447326761886341,False,3
qpack_mcp|row2468,qpack_mcp,0,6.938756704330444,5.424354689911144,1.5144020144193,False,3
qpack_mcp|row2469,qpack_mcp,0,7.014360427856445,5.424354689911144,1.590005737945301,False,3
qpack_mcp|row247,qpack_mcp,0,7.15775203704834,5.161060318754705,1.9966917182936346,False,3
qpack_mcp|row2470,qpack_mcp,0,7.170377016067505,5.424354689911144,1.7460223261563605,False,3
qpack_mcp|row2471,qpack_mcp,0,6.863461017608643,5.424354689911144,1.4391063276974982,False,3
qpack_mcp|row2472,qpack_mcp,0,7.106303691864014,5.424354689911144,1.6819490019528693,False,3
qpack_mcp|row2473,qpack_mcp,0,6.945295572280884,5.424354689911144,1.5209408823697395,False,3
qpack_mcp|row2474,qpack_mcp,0,7.207408666610718,5.424354689911144,1.7830539766995734,False,3
qpack_mcp|row2475,qpack_mcp,0,7.056121826171875,5.424354689911144,1.6317671362607307,False,3
qpack_mcp|row2476,qpack_mcp,0,6.985799551010132,5.424354689911144,1.5614448610989875,False,3
qpack_mcp|row2477,qpack_mcp,0,6.984046697616577,5.424354689911144,1.5596920077054328,False,3
qpack_mcp|row2478,qpack_mcp,0,7.179535388946533,5.424354689911144,1.7551806990353889,False,3
qpack_mcp|row2479,qpack_mcp,0,7.3570029735565186,5.424354689911144,1.9326482836453742,False,3
qpack_mcp|row248,qpack_mcp,0,7.236512899398804,5.161060318754705,2.0754525806440984,False,3
qpack_mcp|row2480,qpack_mcp,0,7.358194351196289,5.424354689911144,1.9338396612851447,False,3
qpack_mcp|row2481,qpack_mcp,0,7.383209466934204,5.424354689911144,1.9588547770230598,False,3
qpack_mcp|row2482,qpack_mcp,0,7.317515134811401,5.424354689911144,1.893160444900257,False,3
qpack_mcp|row2483,qpack_mcp,0,7.331011772155762,5.424354689911144,1.9066570822446174,False,3
qpack_mcp|row2484,qpack_mcp,0,7.478044748306274,5.424354689911144,2.05369005839513,False,3
qpack_mcp|row2485,qpack_mcp,0,6.994158983230591,5.424354689911144,1.5698042933194465,False,3
qpack_mcp|row2486,qpack_mcp,0,6.923712968826294,5.424354689911144,1.4993582789151496,False,3
qpack_mcp|row2487,qpack_mcp,0,6.954954385757446,5.424354689911144,1.530599695846302,False,3
qpack_mcp|row2488,qpack_mcp,0,7.018019676208496,5.424354689911144,1.5936649862973518,False,3
qpack_mcp|row2489,qpack_mcp,0,6.89891791343689,5.424354689911144,1.4745632235257453,False,3
qpack_mcp|row249,qpack_mcp,0,7.0410051345825195,5.161060318754705,1.8799448158278143,False,3
qpack_mcp|row2490,qpack_mcp,0,7.193613052368164,5.424354689911144,1.7692583624570197,False,3
qpack_mcp|row2491,qpack_mcp,0,7.074462413787842,5.424354689911144,1.6501077238766975,False,3
qpack_mcp|row2492,qpack_mcp,0,7.103591680526733,5.424354689911144,1.679236990615589,False,3
qpack_mcp|row2493,qpack_mcp,0,7.427814722061157,5.424354689911144,2.003460032150013,False,3
qpack_mcp|row2494,qpack_mcp,0,7.3319621086120605,5.424354689911144,1.9076074187009162,False,3
qpack_mcp|row2495,qpack_mcp,0,7.034667015075684,5.424354689911144,1.6103123251645393,False,3
qpack_mcp|row2496,qpack_mcp,0,7.136808395385742,5.424354689911144,1.7124537054745979,False,3
qpack_mcp|row2497,qpack_mcp,0,7.011272430419922,5.424354689911144,1.5869177405087775,False,3
qpack_mcp|row2498,qpack_mcp,0,7.137555122375488,5.424354689911144,1.713200432464344,False,3
qpack_mcp|row2499,qpack_mcp,0,7.017180681228638,5.424354689911144,1.5928259913174934,False,3
qpack_mcp|row25,qpack_mcp,0,6.59382700920105,5.256454697224344,1.337372311976706,False,3
qpack_mcp|row250,qpack_mcp,0,7.007544040679932,5.161060318754705,1.8464837219252264,False,3
qpack_mcp|row2500,qpack_mcp,0,7.164838552474976,5.424354689911144,1.7404838625638313,False,3
qpack_mcp|row2501,qpack_mcp,0,7.036370038986206,5.424354689911144,1.6120153490750617,False,3
qpack_mcp|row2502,qpack_mcp,0,7.625167608261108,5.424354689911144,2.200812918349964,False,3
qpack_mcp|row2503,qpack_mcp,0,7.5321269035339355,5.424354689911144,2.107772213622791,False,3
qpack_mcp|row2504,qpack_mcp,0,7.342063903808594,5.424354689911144,1.9177092138974494,False,3
qpack_mcp|row2505,qpack_mcp,0,6.919931411743164,5.424354689911144,1.4955767218320197,False,3
qpack_mcp|row2506,qpack_mcp,0,7.003375291824341,5.424354689911144,1.5790206019131965,False,3
qpack_mcp|row2507,qpack_mcp,0,7.024920463562012,5.424354689911144,1.6005657736508674,False,3
qpack_mcp|row2508,qpack_mcp,0,6.904764890670776,5.424354689911144,1.480410200759632,False,3
qpack_mcp|row2509,qpack_mcp,0,6.9569478034973145,5.424354689911144,1.5325931135861701,False,3
qpack_mcp|row251,qpack_mcp,0,7.108995199203491,5.161060318754705,1.947934880448786,False,3
qpack_mcp|row2510,qpack_mcp,0,6.880548477172852,5.424354689911144,1.4561937872617072,False,3
qpack_mcp|row2511,qpack_mcp,0,6.926294565200806,5.424354689911144,1.5019398752896613,False,3
qpack_mcp|row2512,qpack_mcp,0,6.934260606765747,5.424354689911144,1.5099059168546027,False,3
qpack_mcp|row2513,qpack_mcp,0,7.0643227100372314,5.424354689911144,1.6399680201260871,False,3
qpack_mcp|row2514,qpack_mcp,0,7.162520408630371,5.424354689911144,1.7381657187192268,False,3
qpack_mcp|row2515,qpack_mcp,0,7.128519296646118,5.424354689911144,1.7041646067349738,False,3
qpack_mcp|row2516,qpack_mcp,0,6.916728973388672,5.424354689911144,1.4923742834775275,False,3
qpack_mcp|row2517,qpack_mcp,0,7.30151629447937,5.424354689911144,1.8771616045682258,False,3
qpack_mcp|row2518,qpack_mcp,0,6.943315744400024,5.424354689911144,1.51896105448888,False,3
qpack_mcp|row2519,qpack_mcp,0,6.965837717056274,5.424354689911144,1.54148302714513,False,3
qpack_mcp|row252,qpack_mcp,0,6.589399099349976,5.161060318754705,1.4283387805952703,False,3
qpack_mcp|row2520,qpack_mcp,0,7.248548269271851,5.424354689911144,1.8241935793607063,False,3
qpack_mcp|row2521,qpack_mcp,0,7.013410329818726,5.424354689911144,1.5890556399075813,False,3
qpack_mcp|row2522,qpack_mcp,0,6.954878330230713,5.424354689911144,1.5305236403195686,False,3
qpack_mcp|row2523,qpack_mcp,0,6.9354283809661865,5.424354689911144,1.5110736910550422,False,3
qpack_mcp|row2524,qpack_mcp,0,7.079015016555786,5.424354689911144,1.6546603266446418,False,3
qpack_mcp|row2525,qpack_mcp,0,7.344444274902344,5.424354689911144,1.9200895849911994,False,3
qpack_mcp|row2526,qpack_mcp,0,7.077125072479248,5.424354689911144,1.6527703825681037,False,3
qpack_mcp|row2527,qpack_mcp,0,7.298980236053467,5.424354689911144,1.8746255461423225,False,3
qpack_mcp|row2528,qpack_mcp,0,7.338058710098267,5.424354689911144,1.9137040201871223,False,3
qpack_mcp|row2529,qpack_mcp,0,7.030663967132568,5.424354689911144,1.606309277221424,False,3
qpack_mcp|row253,qpack_mcp,0,6.574443340301514,5.161060318754705,1.4133830215468084,False,3
qpack_mcp|row2530,qpack_mcp,0,7.045969009399414,5.424354689911144,1.6216143194882697,False,3
qpack_mcp|row2531,qpack_mcp,0,7.156332969665527,5.424354689911144,1.731978279754383,False,3
qpack_mcp|row2532,qpack_mcp,0,7.285892963409424,5.424354689911144,1.8615382734982795,False,3
qpack_mcp|row254,qpack_mcp,0,6.6153013706207275,5.161060318754705,1.4542410518660223,False,3
qpack_mcp|row255,qpack_mcp,0,6.961517333984375,5.161060318754705,1.8004570152296697,False,3
qpack_mcp|row256,qpack_mcp,0,6.869979619979858,5.161060318754705,1.7089193012251531,False,3
qpack_mcp|row257,qpack_mcp,0,6.7057623863220215,5.161060318754705,1.5447020675673162,False,3
qpack_mcp|row258,qpack_mcp,0,6.730790138244629,5.161060318754705,1.5697298194899236,False,3
qpack_mcp|row259,qpack_mcp,0,6.706312894821167,5.161060318754705,1.5452525760664617,False,3
qpack_mcp|row26,qpack_mcp,0,6.910804033279419,5.256454697224344,1.6543493360550752,False,3
qpack_mcp|row260,qpack_mcp,0,6.531991720199585,5.161060318754705,1.3709314014448797,False,3
qpack_mcp|row261,qpack_mcp,0,6.655462741851807,5.161060318754705,1.4944024230971014,False,3
qpack_mcp|row262,qpack_mcp,0,6.4693803787231445,5.161060318754705,1.3083200599684393,False,3
qpack_mcp|row263,qpack_mcp,0,6.7201316356658936,5.161060318754705,1.5590713169111883,False,3
qpack_mcp|row264,qpack_mcp,0,6.465084791183472,5.161060318754705,1.3040244724287664,False,3
qpack_mcp|row265,qpack_mcp,0,6.587119102478027,5.161060318754705,1.426058783723322,False,3
qpack_mcp|row266,qpack_mcp,0,6.611904144287109,5.161060318754705,1.450843825532404,False,3
qpack_mcp|row267,qpack_mcp,0,6.581218242645264,5.161060318754705,1.4201579238905584,False,3
qpack_mcp|row268,qpack_mcp,0,6.876572608947754,5.161060318754705,1.7155122901930486,False,3
qpack_mcp|row269,qpack_mcp,0,6.643188238143921,5.161060318754705,1.4821279193892156,False,3
qpack_mcp|row27,qpack_mcp,0,6.5907111167907715,5.256454697224344,1.3342564195664277,False,3
qpack_mcp|row28,qpack_mcp,0,6.481308698654175,5.256454697224344,1.224854001429831,False,3
qpack_mcp|row29,qpack_mcp,0,6.5679919719696045,5.256454697224344,1.3115372747452607,False,3
qpack_mcp|row3,qpack_mcp,0,7.019570589065552,5.256454697224344,1.763115891841208,False,3
qpack_mcp|row30,qpack_mcp,0,7.081176519393921,5.256454697224344,1.8247218221695771,False,3
qpack_mcp|row31,qpack_mcp,0,6.653049468994141,5.256454697224344,1.3965947717697968,False,3
qpack_mcp|row32,qpack_mcp,0,6.631384372711182,5.256454697224344,1.3749296754868379,False,3
qpack_mcp|row33,qpack_mcp,0,6.835722208023071,5.256454697224344,1.5792675107987275,False,3
qpack_mcp|row34,qpack_mcp,0,6.696165323257446,5.256454697224344,1.4397106260331025,False,3
qpack_mcp|row35,qpack_mcp,0,6.842421293258667,5.256454697224344,1.5859665960343232,False,3
qpack_mcp|row36,qpack_mcp,0,6.714633941650391,5.256454697224344,1.4581792444260468,False,3
qpack_mcp|row37,qpack_mcp,0,7.0801215171813965,5.256454697224344,1.8236668199570527,False,3
qpack_mcp|row3710,qpack_mcp,0,4.436604022979736,5.83224227837667,1.3956382553969338,False,3
qpack_mcp|row3711,qpack_mcp,0,4.627779483795166,5.83224227837667,1.204462794581504,False,3
qpack_mcp|row3712,qpack_mcp,0,4.5191566944122314,5.83224227837667,1.3130855839644386,False,3
qpack_mcp|row3713,qpack_mcp,0,4.514423370361328,5.83224227837667,1.317818908015342,False,3
qpack_mcp|row3714,qpack_mcp,0,4.442717790603638,5.83224227837667,1.3895244877730324,False,3
qpack_mcp|row3715,qpack_mcp,0,4.498129367828369,5.83224227837667,1.334112910548301,False,3
qpack_mcp|row3716,qpack_mcp,0,4.403350830078125,5.83224227837667,1.428891448298545,False,3
qpack_mcp|row3717,qpack_mcp,0,4.435096025466919,5.83224227837667,1.3971462529097511,False,3
qpack_mcp|row3718,qpack_mcp,0,4.7034876346588135,5.83224227837667,1.1287546437178566,False,3
qpack_mcp|row3719,qpack_mcp,0,4.4538233280181885,5.83224227837667,1.3784189503584816,False,3
qpack_mcp|row3720,qpack_mcp,0,4.47721791267395,5.83224227837667,1.35502436570272,False,3
qpack_mcp|row3721,qpack_mcp,0,4.841844797134399,5.83224227837667,0.9903974812422707,False,3
qpack_mcp|row3722,qpack_mcp,0,4.4999284744262695,5.83224227837667,1.3323138039504006,False,3
qpack_mcp|row3723,qpack_mcp,0,4.415984392166138,5.83224227837667,1.4162578862105324,False,3
qpack_mcp|row3724,qpack_mcp,0,4.826835632324219,5.83224227837667,1.0054066460524513,False,3
qpack_mcp|row3725,qpack_mcp,0,4.479384899139404,5.83224227837667,1.3528573792372658,False,3
qpack_mcp|row3726,qpack_mcp,0,4.6943278312683105,5.83224227837667,1.1379144471083595,False,3
qpack_mcp|row3727,qpack_mcp,0,4.651109457015991,5.83224227837667,1.1811328213606789,False,3
qpack_mcp|row3728,qpack_mcp,0,4.576955795288086,5.83224227837667,1.2552864830885841,False,3
qpack_mcp|row3729,qpack_mcp,0,4.468141317367554,5.83224227837667,1.3641009610091164,False,3
qpack_mcp|row3730,qpack_mcp,0,4.438987731933594,5.83224227837667,1.3932545464430763,False,3
qpack_mcp|row3731,qpack_mcp,0,4.584191799163818,5.83224227837667,1.2480504792128517,False,3
qpack_mcp|row3732,qpack_mcp,0,4.373373508453369,5.83224227837667,1.458868769923301,False,3
qpack_mcp|row3733,qpack_mcp,0,4.390564918518066,5.83224227837667,1.4416773598586037,False,3
qpack_mcp|row3734,qpack_mcp,0,4.73579740524292,5.83224227837667,1.0964448731337502,False,3
qpack_mcp|row3735,qpack_mcp,0,4.485106468200684,5.83224227837667,1.3471358101759865,False,3
qpack_mcp|row3736,qpack_mcp,0,4.707234859466553,5.83224227837667,1.1250074189101174,False,3
qpack_mcp|row3737,qpack_mcp,0,4.444351434707642,5.83224227837667,1.3878908436690285,False,3
qpack_mcp|row3738,qpack_mcp,0,4.5111565589904785,5.83224227837667,1.3210857193861916,False,3
qpack_mcp|row3739,qpack_mcp,0,4.4093427658081055,5.83224227837667,1.4228995125685646,False,3
qpack_mcp|row3740,qpack_mcp,0,4.36992883682251,5.83224227837667,1.4623134415541603,False,3
qpack_mcp|row3741,qpack_mcp,0,4.452287912368774,5.83224227837667,1.3799543660078957,False,3
qpack_mcp|row3742,qpack_mcp,0,4.417325019836426,5.83224227837667,1.4149172585402443,False,3
qpack_mcp|row3743,qpack_mcp,0,4.390432596206665,5.83224227837667,1.441809682170005,False,3
qpack_mcp|row3744,qpack_mcp,0,4.43340539932251,5.83224227837667,1.3988368790541603,False,3
qpack_mcp|row3745,qpack_mcp,0,4.519650459289551,5.83224227837667,1.3125918190871193,False,3
qpack_mcp|row3746,qpack_mcp,0,4.538372755050659,5.83224227837667,1.293869523326011,False,3
qpack_mcp|row3747,qpack_mcp,0,4.99083399772644,5.83224227837667,0.8414082806502297,False,3
qpack_mcp|row3748,qpack_mcp,0,4.486166477203369,5.83224227837667,1.346075801173301,False,3
qpack_mcp|row3749,qpack_mcp,0,4.504734754562378,5.83224227837667,1.3275075238142922,False,3
qpack_mcp|row3750,qpack_mcp,0,4.444223165512085,5.83224227837667,1.3880191128645851,False,3
qpack_mcp|row3751,qpack_mcp,0,4.364982843399048,5.83224227837667,1.4672594349776222,False,3
qpack_mcp|row3752,qpack_mcp,0,4.525602579116821,5.83224227837667,1.3066396992598488,False,3
qpack_mcp|row3753,qpack_mcp,0,4.561136484146118,5.83224227837667,1.271105794230552,False,3
qpack_mcp|row3754,qpack_mcp,0,4.402229309082031,5.83224227837667,1.4300129692946388,False,3
qpack_mcp|row3755,qpack_mcp,0,4.414601802825928,5.83224227837667,1.4176404755507424,False,3
qpack_mcp|row3756,qpack_mcp,0,4.400855779647827,5.83224227837667,1.431386498728843,False,3
qpack_mcp|row3757,qpack_mcp,0,4.6014533042907715,5.83224227837667,1.2307889740858986,False,3
qpack_mcp|row3758,qpack_mcp,0,4.486098289489746,5.83224227837667,1.346143988886924,False,3
qpack_mcp|row3759,qpack_mcp,0,4.465598821640015,5.83224227837667,1.3666434567366554,False,3
qpack_mcp|row3760,qpack_mcp,0,4.451933860778809,5.83224227837667,1.3803084175978615,False,3
qpack_mcp|row3761,qpack_mcp,0,4.455402135848999,5.83224227837667,1.376840142527671,False,3
qpack_mcp|row3762,qpack_mcp,0,4.606572866439819,5.83224227837667,1.2256694119368508,False,3
qpack_mcp|row3763,qpack_mcp,0,4.434972047805786,5.83224227837667,1.397270230570884,False,3
qpack_mcp|row3764,qpack_mcp,0,4.48969578742981,5.83224227837667,1.3425464909468605,False,3
qpack_mcp|row3765,qpack_mcp,0,4.4669342041015625,5.83224227837667,1.3653080742751076,False,3
qpack_mcp|row3766,qpack_mcp,0,4.597428560256958,5.83224227837667,1.234813718119712,False,3
qpack_mcp|row3767,qpack_mcp,0,4.3416054248809814,5.83224227837667,1.4906368534956886,False,3
qpack_mcp|row3768,qpack_mcp,0,4.542885780334473,5.83224227837667,1.2893564980421974,False,3
qpack_mcp|row3769,qpack_mcp,0,4.333272695541382,5.83224227837667,1.4989695828352883,False,3
qpack_mcp|row3770,qpack_mcp,0,4.5041327476501465,5.83224227837667,1.3281095307265236,False,3
qpack_mcp|row3771,qpack_mcp,0,4.573310613632202,5.83224227837667,1.258931664744468,False,3
qpack_mcp|row3772,qpack_mcp,0,4.389214515686035,5.83224227837667,1.443027762690635,False,3
qpack_mcp|row3773,qpack_mcp,0,4.9596545696258545,5.83224227837667,0.8725877087508156,False,3
qpack_mcp|row3774,qpack_mcp,0,4.458209276199341,5.83224227837667,1.3740330021773293,False,3
qpack_mcp|row3775,qpack_mcp,0,4.6716015338897705,5.83224227837667,1.1606407444868996,False,3
qpack_mcp|row3776,qpack_mcp,0,4.418843984603882,5.83224227837667,1.4133982937727883,False,3
qpack_mcp|row3777,qpack_mcp,0,4.42257285118103,5.83224227837667,1.4096694271956398,False,3
qpack_mcp|row3778,qpack_mcp,0,4.3445141315460205,5.83224227837667,1.4877281468306496,False,3
qpack_mcp|row3779,qpack_mcp,0,4.480866432189941,5.83224227837667,1.3513758461867287,False,3
qpack_mcp|row3780,qpack_mcp,0,4.36009407043457,5.83224227837667,1.4721482079420998,False,3
qpack_mcp|row3781,qpack_mcp,0,4.42782735824585,5.83224227837667,1.4044149201308205,False,3
qpack_mcp|row3782,qpack_mcp,0,4.576783180236816,5.83224227837667,1.2554590981398537,False,3
qpack_mcp|row3783,qpack_mcp,0,4.729029893875122,5.83224227837667,1.103212384501548,False,3
qpack_mcp|row3784,qpack_mcp,0,4.375323534011841,5.83224227837667,1.4569187443648293,False,3
qpack_mcp|row3785,qpack_mcp,0,4.484547853469849,5.83224227837667,1.3476944249068215,False,3
qpack_mcp|row3786,qpack_mcp,0,4.453034400939941,5.83224227837667,1.3792078774367287,False,3
qpack_mcp|row3787,qpack_mcp,0,5.411525011062622,5.83224227837667,0.420717267314048,False,3
qpack_mcp|row3788,qpack_mcp,0,5.003338575363159,5.83224227837667,0.8289037030135109,False,3
qpack_mcp|row38,qpack_mcp,0,6.862264394760132,5.256454697224344,1.605809697535788,False,3
qpack_mcp|row39,qpack_mcp,0,6.757489204406738,5.256454697224344,1.5010345071823945,False,3
qpack_mcp|row4,qpack_mcp,0,6.611934661865234,5.256454697224344,1.3554799646408906,False,3
qpack_mcp|row40,qpack_mcp,0,6.5166850090026855,5.256454697224344,1.2602303117783418,False,3
qpack_mcp|row41,qpack_mcp,0,6.751097679138184,5.256454697224344,1.4946429819138398,False,3
qpack_mcp|row42,qpack_mcp,0,7.0479736328125,5.256454697224344,1.7915189355881562,False,3
qpack_mcp|row43,qpack_mcp,0,6.627385377883911,5.256454697224344,1.3709306806595674,False,3
qpack_mcp|row44,qpack_mcp,0,7.212035655975342,5.256454697224344,1.955580958750998,False,3
qpack_mcp|row45,qpack_mcp,0,6.9019060134887695,5.256454697224344,1.6454513162644258,False,3
qpack_mcp|row46,qpack_mcp,0,6.886227369308472,5.256454697224344,1.629772672084128,False,3
qpack_mcp|row47,qpack_mcp,0,6.937651634216309,5.256454697224344,1.6811969369919648,False,3
qpack_mcp|row48,qpack_mcp,0,6.652890920639038,5.256454697224344,1.3964362234146943,False,3
qpack_mcp|row49,qpack_mcp,0,6.728461980819702,5.256454697224344,1.4720072835953584,False,3
qpack_mcp|row5,qpack_mcp,0,6.743497848510742,5.256454697224344,1.4870431512863984,False,3
qpack_mcp|row50,qpack_mcp,0,6.625817537307739,5.256454697224344,1.3693628400833955,False,3
qpack_mcp|row51,qpack_mcp,0,6.604625225067139,5.256454697224344,1.348170527842795,False,3
qpack_mcp|row52,qpack_mcp,0,6.630221605300903,5.256454697224344,1.3737669080765595,False,3
qpack_mcp|row53,qpack_mcp,0,7.01338005065918,5.256454697224344,1.756925353434836,False,3
qpack_mcp|row54,qpack_mcp,0,6.582364797592163,5.256454697224344,1.3259101003678193,False,3
qpack_mcp|row55,qpack_mcp,0,6.626370191574097,5.256454697224344,1.369915494349753,False,3
qpack_mcp|row56,qpack_mcp,0,7.246558666229248,5.256454697224344,1.9901039690049043,False,3
qpack_mcp|row57,qpack_mcp,0,6.882344007492065,5.256454697224344,1.6258893102677217,False,3
qpack_mcp|row58,qpack_mcp,0,7.223940134048462,5.256454697224344,1.9674854368241181,False,3
qpack_mcp|row59,qpack_mcp,0,6.783900737762451,5.256454697224344,1.5274460405381074,False,3
qpack_mcp|row6,qpack_mcp,0,6.959644556045532,5.256454697224344,1.7031898588211885,False,3
qpack_mcp|row60,qpack_mcp,0,7.353493690490723,5.256454697224344,2.097038993266379,False,3
qpack_mcp|row61,qpack_mcp,0,6.59109902381897,5.256454697224344,1.334644326594626,False,3
qpack_mcp|row62,qpack_mcp,0,6.715473413467407,5.256454697224344,1.4590187162430635,False,3
qpack_mcp|row63,qpack_mcp,0,6.653688669204712,5.256454697224344,1.3972339719803681,False,3
qpack_mcp|row64,qpack_mcp,0,6.7693023681640625,5.256454697224344,1.5128476709397187,False,3
qpack_mcp|row65,qpack_mcp,0,6.792668581008911,5.256454697224344,1.5362138837845674,False,3
qpack_mcp|row66,qpack_mcp,0,6.9437055587768555,5.256454697224344,1.6872508615525117,False,3
qpack_mcp|row67,qpack_mcp,0,6.610084533691406,5.256454697224344,1.3536298364670625,False,3
qpack_mcp|row68,qpack_mcp,0,6.991613388061523,5.256454697224344,1.7351586908371797,False,3
qpack_mcp|row69,qpack_mcp,0,6.680952072143555,5.256454697224344,1.424497374919211,False,3
qpack_mcp|row7,qpack_mcp,0,6.780147314071655,5.256454697224344,1.5236926168473115,False,3
qpack_mcp|row70,qpack_mcp,0,6.630627632141113,5.256454697224344,1.3741729349167695,False,3
qpack_mcp|row71,qpack_mcp,0,7.007298231124878,5.256454697224344,1.7508435339005342,False,3
qpack_mcp|row72,qpack_mcp,0,6.76874852180481,5.256454697224344,1.5122938245804658,False,3
qpack_mcp|row73,qpack_mcp,0,6.663421630859375,5.256454697224344,1.4069669336350312,False,3
qpack_mcp|row74,qpack_mcp,0,6.6137940883636475,5.256454697224344,1.3573393911393037,False,3
qpack_mcp|row75,qpack_mcp,0,6.741671562194824,5.256454697224344,1.4852168649704804,False,3
qpack_mcp|row76,qpack_mcp,0,6.883014917373657,5.256454697224344,1.6265602201493135,False,3
qpack_mcp|row77,qpack_mcp,0,6.993136644363403,5.256454697224344,1.7366819471390595,False,3
qpack_mcp|row78,qpack_mcp,0,6.595658540725708,5.256454697224344,1.3392038435013642,False,3
qpack_mcp|row79,qpack_mcp,0,6.65312123298645,5.256454697224344,1.3966665357621064,False,3
qpack_mcp|row8,qpack_mcp,0,7.686135768890381,5.256454697224344,2.429681071666037,False,3
qpack_mcp|row80,qpack_mcp,0,6.623919725418091,5.256454697224344,1.367465028193747,False,3
qpack_mcp|row81,qpack_mcp,0,6.571331262588501,5.256454697224344,1.3148765653641572,False,3
qpack_mcp|row82,qpack_mcp,0,6.570843458175659,5.256454697224344,1.3143887609513154,False,3
qpack_mcp|row83,qpack_mcp,0,6.649635076522827,5.256454697224344,1.3931803792984834,False,3
qpack_mcp|row84,qpack_mcp,0,6.572044610977173,5.256454697224344,1.315589913752829,False,3
qpack_mcp|row9,qpack_mcp,0,7.176463842391968,5.256454697224344,1.920009145167624,False,3
qpack_mcp|row982,qpack_mcp,0,6.688540935516357,5.1555103080646125,1.533030627451745,False,3
qpack_mcp|row983,qpack_mcp,0,6.884198427200317,5.1555103080646125,1.7286881191357049,False,3
qpack_mcp|row984,qpack_mcp,0,6.562931537628174,5.1555103080646125,1.4074212295635613,False,3
qpack_mcp|row985,qpack_mcp,0,6.799422740936279,5.1555103080646125,1.6439124328716668,False,3
qpack_mcp|row986,qpack_mcp,0,6.7187511920928955,5.1555103080646125,1.563240884028283,False,3
qpack_mcp|row987,qpack_mcp,0,6.580017328262329,5.1555103080646125,1.4245070201977166,False,3
qpack_mcp|row988,qpack_mcp,0,6.50420069694519,5.1555103080646125,1.348690388880578,False,3
qpack_mcp|row989,qpack_mcp,0,6.700846433639526,5.1555103080646125,1.5453361255749138,False,3
qpack_mcp|row990,qpack_mcp,0,6.555729627609253,5.1555103080646125,1.4002193195446404,False,3
qpack_mcp|row991,qpack_mcp,0,6.54671573638916,5.1555103080646125,1.3912054283245476,False,3
qpack_mcp|row992,qpack_mcp,0,7.482284069061279,5.1555103080646125,2.3267737609966668,False,3
qpack_mcp|row993,qpack_mcp,0,6.563930988311768,5.1555103080646125,1.408420680247155,False,3
qpack_mcp|row994,qpack_mcp,0,6.432305097579956,5.1555103080646125,1.2767947895153435,False,3
qpack_mcp|row995,qpack_mcp,0,6.484820365905762,5.1555103080646125,1.3293100578411492,False,3
qpack_mcp|row996,qpack_mcp,0,6.396161317825317,5.1555103080646125,1.2406510097607049,False,3
qpack_mcp|row997,qpack_mcp,0,6.962317943572998,5.1555103080646125,1.8068076355083855,False,3
qpack_mcp|row998,qpack_mcp,0,6.517470836639404,5.155510308068111,1.3619605285712932,False,3
qpack_mcp|row999,qpack_mcp,0,6.532261610031128,5.155510308068111,1.3767513019630169,False,3
