context_id,precision,method_id,fold,qasm_sha256,assigned_core_oof,target_status,target_seconds,prediction_seconds,status,terminal_reason,train_hash_count,test_hash_count,train_hashes_sha256,test_hashes_sha256,model_params_json,transform_contract,seed,prediction_aggregation,attempt_terminal
cudaq_dense_statevector_fp64,fp64,outer_train_median,3,0285fd21a0dd1ca29cd386de85a1a8af49cc7d71f5c86f6451b55a11c68864a8,True,ok,0.0002549189957790077,0.00030580299790017307,ok,,125,25,cfe2de41d200712ceb24a38a6f886f2adc63cb5ef2a07d137698d4a4df53927f,711625bc7eb331c0b9a32c4a0cd93207520b64226e688bccf89cdfecac10ead4,"{""prediction"":""median of outer-training raw target_seconds""}","{""target"":""raw_seconds_median_outer_train_only""}",,single,True
cudaq_dense_statevector_fp64,fp64,outer_train_median,3,13721ab5a328b17bf3f8c3692cda844a7e538a8c92530d0c1236f43d3ad5a884,True,ok,0.0001372170081594959,0.00030580299790017307,ok,,125,25,cfe2de41d200712ceb24a38a6f886f2adc63cb5ef2a07d137698d4a4df53927f,711625bc7eb331c0b9a32c4a0cd93207520b64226e688bccf89cdfecac10ead4,"{""prediction"":""median of outer-training raw target_seconds""}","{""target"":""raw_seconds_median_outer_train_only""}",,single,True
cudaq_dense_statevector_fp64,fp64,outer_train_median,3,15e80264fdff1398ab38bbd9144f853a3a2317e95163fda15a1e9ec2657beecb,True,ok,0.00015799100219737738,0.00030580299790017307,ok,,125,25,cfe2de41d200712ceb24a38a6f886f2adc63cb5ef2a07d137698d4a4df53927f,711625bc7eb331c0b9a32c4a0cd93207520b64226e688bccf89cdfecac10ead4,"{""prediction"":""median of outer-training raw target_seconds""}","{""target"":""raw_seconds_median_outer_train_only""}",,single,True
cudaq_dense_statevector_fp64,fp64,outer_train_median,3,187d76ac82884dc3202418b0e06077eec26afed0c625b228d76b4416e6bfa480,True,ok,0.00022338501003105193,0.00030580299790017307,ok,,125,25,cfe2de41d200712ceb24a38a6f886f2adc63cb5ef2a07d137698d4a4df53927f,711625bc7eb331c0b9a32c4a0cd93207520b64226e688bccf89cdfecac10ead4,"{""prediction"":""median of outer-training raw target_seconds""}","{""target"":""raw_seconds_median_outer_train_only""}",,single,True
cudaq_dense_statevector_fp64,fp64,outer_train_median,3,2e57556a1b12802c7368ef21e0eb8e5c9863f768a48a9a4d0771725e60b8a616,True,ok,0.00018331900355406106,0.00030580299790017307,ok,,125,25,cfe2de41d200712ceb24a38a6f886f2adc63cb5ef2a07d137698d4a4df53927f,711625bc7eb331c0b9a32c4a0cd93207520b64226e688bccf89cdfecac10ead4,"{""prediction"":""median of outer-training raw target_seconds""}","{""target"":""raw_seconds_median_outer_train_only""}",,single,True
cudaq_dense_statevector_fp64,fp64,outer_train_median,3,3157278e31c54e80e45de35bfb793aac89eb413e21aabe08b2e0e140de8c0d39,True,ok,0.0011858819925691932,0.00030580299790017307,ok,,125,25,cfe2de41d200712ceb24a38a6f886f2adc63cb5ef2a07d137698d4a4df53927f,711625bc7eb331c0b9a32c4a0cd93207520b64226e688bccf89cdfecac10ead4,"{""prediction"":""median of outer-training raw target_seconds""}","{""target"":""raw_seconds_median_outer_train_only""}",,single,True
cudaq_dense_statevector_fp64,fp64,outer_train_median,3,3c0ed99f7e5a0409bdadc636b8b7a5dd911304ccbe2e87b32589b91dd44a6a5a,True,ok,0.00010722399747464806,0.00030580299790017307,ok,,125,25,cfe2de41d200712ceb24a38a6f886f2adc63cb5ef2a07d137698d4a4df53927f,711625bc7eb331c0b9a32c4a0cd93207520b64226e688bccf89cdfecac10ead4,"{""prediction"":""median of outer-training raw target_seconds""}","{""target"":""raw_seconds_median_outer_train_only""}",,single,True
cudaq_dense_statevector_fp64,fp64,outer_train_median,3,45ca196e391297302c92dc6ea0fd119efa62b2ee88e3b85260561e5fbafa7400,True,ok,0.00014396599726751447,0.00030580299790017307,ok,,125,25,cfe2de41d200712ceb24a38a6f886f2adc63cb5ef2a07d137698d4a4df53927f,711625bc7eb331c0b9a32c4a0cd93207520b64226e688bccf89cdfecac10ead4,"{""prediction"":""median of outer-training raw target_seconds""}","{""target"":""raw_seconds_median_outer_train_only""}",,single,True
cudaq_dense_statevector_fp64,fp64,outer_train_median,3,4d5b55eb4b8a0aea0af4bde721618cbe79ed66e0636398ffddc79ace483672a6,True,ok,0.0005926589947193861,0.00030580299790017307,ok,,125,25,cfe2de41d200712ceb24a38a6f886f2adc63cb5ef2a07d137698d4a4df53927f,711625bc7eb331c0b9a32c4a0cd93207520b64226e688bccf89cdfecac10ead4,"{""prediction"":""median of outer-training raw target_seconds""}","{""target"":""raw_seconds_median_outer_train_only""}",,single,True
cudaq_dense_statevector_fp64,fp64,outer_train_median,3,5042c6dd513b1366c0a145850de9e534b0e38aabc818b994ab8c4b6cad7ad5c8,True,ok,0.0012798240059055388,0.00030580299790017307,ok,,125,25,cfe2de41d200712ceb24a38a6f886f2adc63cb5ef2a07d137698d4a4df53927f,711625bc7eb331c0b9a32c4a0cd93207520b64226e688bccf89cdfecac10ead4,"{""prediction"":""median of outer-training raw target_seconds""}","{""target"":""raw_seconds_median_outer_train_only""}",,single,True
cudaq_dense_statevector_fp64,fp64,outer_train_median,3,50a5fc62010017f60b77f8c81e9ddf9bd95419be272d2ec5ed1445aae0c7ac92,True,ok,9.929899533744901e-05,0.00030580299790017307,ok,,125,25,cfe2de41d200712ceb24a38a6f886f2adc63cb5ef2a07d137698d4a4df53927f,711625bc7eb331c0b9a32c4a0cd93207520b64226e688bccf89cdfecac10ead4,"{""prediction"":""median of outer-training raw target_seconds""}","{""target"":""raw_seconds_median_outer_train_only""}",,single,True
cudaq_dense_statevector_fp64,fp64,outer_train_median,3,78ecec267502f433ab148452979221600becf679520b50ad454009e0ca097af5,True,ok,0.0005828499997733161,0.00030580299790017307,ok,,125,25,cfe2de41d200712ceb24a38a6f886f2adc63cb5ef2a07d137698d4a4df53927f,711625bc7eb331c0b9a32c4a0cd93207520b64226e688bccf89cdfecac10ead4,"{""prediction"":""median of outer-training raw target_seconds""}","{""target"":""raw_seconds_median_outer_train_only""}",,single,True
cudaq_dense_statevector_fp64,fp64,outer_train_median,3,79b8fdfbfe6897a226612f9b9e27a4533aac4b48258335fb7746c5f10989cedc,True,ok,0.00013466700329445302,0.00030580299790017307,ok,,125,25,cfe2de41d200712ceb24a38a6f886f2adc63cb5ef2a07d137698d4a4df53927f,711625bc7eb331c0b9a32c4a0cd93207520b64226e688bccf89cdfecac10ead4,"{""prediction"":""median of outer-training raw target_seconds""}","{""target"":""raw_seconds_median_outer_train_only""}",,single,True
cudaq_dense_statevector_fp64,fp64,outer_train_median,3,81a66b1daaf97d148a8a075515daf8702349d257883a1dd88e26993c1622351f,True,ok,0.0005727160023525357,0.00030580299790017307,ok,,125,25,cfe2de41d200712ceb24a38a6f886f2adc63cb5ef2a07d137698d4a4df53927f,711625bc7eb331c0b9a32c4a0cd93207520b64226e688bccf89cdfecac10ead4,"{""prediction"":""median of outer-training raw target_seconds""}","{""target"":""raw_seconds_median_outer_train_only""}",,single,True
cudaq_dense_statevector_fp64,fp64,outer_train_median,3,8d3b3ff10a3a80d0dda4e7043cce2b222aaf9e3cc19caa194b8e87da40266ac5,True,ok,0.0004214040091028437,0.00030580299790017307,ok,,125,25,cfe2de41d200712ceb24a38a6f886f2adc63cb5ef2a07d137698d4a4df53927f,711625bc7eb331c0b9a32c4a0cd93207520b64226e688bccf89cdfecac10ead4,"{""prediction"":""median of outer-training raw target_seconds""}","{""target"":""raw_seconds_median_outer_train_only""}",,single,True
cudaq_dense_statevector_fp64,fp64,outer_train_median,3,99e0865dc3fced630c02b5b2710b24fd9257ba31d54112cde08a769e974f53c4,True,ok,0.000739519004127942,0.00030580299790017307,ok,,125,25,cfe2de41d200712ceb24a38a6f886f2adc63cb5ef2a07d137698d4a4df53927f,711625bc7eb331c0b9a32c4a0cd93207520b64226e688bccf89cdfecac10ead4,"{""prediction"":""median of outer-training raw target_seconds""}","{""target"":""raw_seconds_median_outer_train_only""}",,single,True
cudaq_dense_statevector_fp64,fp64,outer_train_median,3,9fc54c185186ff8c504ebdac4e3fa109beb4cf46f86196a3376b3153a7f72962,True,ok,0.00020380900241434574,0.00030580299790017307,ok,,125,25,cfe2de41d200712ceb24a38a6f886f2adc63cb5ef2a07d137698d4a4df53927f,711625bc7eb331c0b9a32c4a0cd93207520b64226e688bccf89cdfecac10ead4,"{""prediction"":""median of outer-training raw target_seconds""}","{""target"":""raw_seconds_median_outer_train_only""}",,single,True
cudaq_dense_statevector_fp64,fp64,outer_train_median,3,b6afb1122e1baece13144a1d0da78738759129107f453e9579e99e8789e057fe,True,ok,0.00019810900266747922,0.00030580299790017307,ok,,125,25,cfe2de41d200712ceb24a38a6f886f2adc63cb5ef2a07d137698d4a4df53927f,711625bc7eb331c0b9a32c4a0cd93207520b64226e688bccf89cdfecac10ead4,"{""prediction"":""median of outer-training raw target_seconds""}","{""target"":""raw_seconds_median_outer_train_only""}",,single,True
cudaq_dense_statevector_fp64,fp64,outer_train_median,3,c69c35c09a4dcfe7dd09af0b73be8e5f608531bf0baadd794f6861bcf237e40c,True,ok,0.0001400179899064824,0.00030580299790017307,ok,,125,25,cfe2de41d200712ceb24a38a6f886f2adc63cb5ef2a07d137698d4a4df53927f,711625bc7eb331c0b9a32c4a0cd93207520b64226e688bccf89cdfecac10ead4,"{""prediction"":""median of outer-training raw target_seconds""}","{""target"":""raw_seconds_median_outer_train_only""}",,single,True
cudaq_dense_statevector_fp64,fp64,outer_train_median,3,db0e077b1674f90860a270d014aa8226822880dbf36c819dad0bea17881b7eb5,True,ok,0.0002332010044483468,0.00030580299790017307,ok,,125,25,cfe2de41d200712ceb24a38a6f886f2adc63cb5ef2a07d137698d4a4df53927f,711625bc7eb331c0b9a32c4a0cd93207520b64226e688bccf89cdfecac10ead4,"{""prediction"":""median of outer-training raw target_seconds""}","{""target"":""raw_seconds_median_outer_train_only""}",,single,True
cudaq_dense_statevector_fp64,fp64,outer_train_median,3,e2fba21685e6e7d22d625d8babcc9c51a8911815153e52fc89277e0efe117045,True,ok,0.00027516100089997053,0.00030580299790017307,ok,,125,25,cfe2de41d200712ceb24a38a6f886f2adc63cb5ef2a07d137698d4a4df53927f,711625bc7eb331c0b9a32c4a0cd93207520b64226e688bccf89cdfecac10ead4,"{""prediction"":""median of outer-training raw target_seconds""}","{""target"":""raw_seconds_median_outer_train_only""}",,single,True
cudaq_dense_statevector_fp64,fp64,outer_train_median,3,e4664972befc3ffed396f3842bf910be22c2fbe7f293d3c295b971dfe094d398,True,ok,0.00048641600005794317,0.00030580299790017307,ok,,125,25,cfe2de41d200712ceb24a38a6f886f2adc63cb5ef2a07d137698d4a4df53927f,711625bc7eb331c0b9a32c4a0cd93207520b64226e688bccf89cdfecac10ead4,"{""prediction"":""median of outer-training raw target_seconds""}","{""target"":""raw_seconds_median_outer_train_only""}",,single,True
cudaq_dense_statevector_fp64,fp64,outer_train_median,3,f0e0170b510412a7e964e82f14793115a9e53a1b250283a74abd893a45b5f20e,True,ok,0.000482554009067826,0.00030580299790017307,ok,,125,25,cfe2de41d200712ceb24a38a6f886f2adc63cb5ef2a07d137698d4a4df53927f,711625bc7eb331c0b9a32c4a0cd93207520b64226e688bccf89cdfecac10ead4,"{""prediction"":""median of outer-training raw target_seconds""}","{""target"":""raw_seconds_median_outer_train_only""}",,single,True
cudaq_dense_statevector_fp64,fp64,outer_train_median,3,fa595f88d0ab98542a799af4492f53b2a5e2e88ebc442a9b508abac209d0afcc,True,ok,0.0010868179961107671,0.00030580299790017307,ok,,125,25,cfe2de41d200712ceb24a38a6f886f2adc63cb5ef2a07d137698d4a4df53927f,711625bc7eb331c0b9a32c4a0cd93207520b64226e688bccf89cdfecac10ead4,"{""prediction"":""median of outer-training raw target_seconds""}","{""target"":""raw_seconds_median_outer_train_only""}",,single,True
cudaq_dense_statevector_fp64,fp64,outer_train_median,3,fea8eb37e38bc24d3352d9446471b5cf8f6b8af6ae4c0f931d5942564936274c,True,ok,0.0006803360010962933,0.00030580299790017307,ok,,125,25,cfe2de41d200712ceb24a38a6f886f2adc63cb5ef2a07d137698d4a4df53927f,711625bc7eb331c0b9a32c4a0cd93207520b64226e688bccf89cdfecac10ead4,"{""prediction"":""median of outer-training raw target_seconds""}","{""target"":""raw_seconds_median_outer_train_only""}",,single,True
cudaq_dense_statevector_fp64,fp64,linear_regression,3,0285fd21a0dd1ca29cd386de85a1a8af49cc7d71f5c86f6451b55a11c68864a8,True,ok,0.0002549189957790077,0.0011014234192456018,ok,,125,25,cfe2de41d200712ceb24a38a6f886f2adc63cb5ef2a07d137698d4a4df53927f,711625bc7eb331c0b9a32c4a0cd93207520b64226e688bccf89cdfecac10ead4,"{""class"":""sklearn.linear_model.LinearRegression"",""fit_intercept"":true,""n_jobs"":1}","{""constant_std_replacement"":1.0,""constant_std_threshold"":1e-06,""mean"":[1.8229437626108196,3.184793708383161,2.8464206995051593,3.0832654564045274,0.24756713248516646,1.8222457666062042,3.4965075614664873],""scale_after_constant_guard"":[0.3641531041833594,1.4447331980481315,1.1894875239139924,1.6077223285489868,0.47751812342892447,0.4329417241884537,1.0],""std_before_constant_guard"":[0.3641531041833594,1.4447331980481315,1.1894875239139924,1.6077223285489868,0.47751812342892447,0.4329417241884537,7.105427357601002e-15],""target"":""log1p_seconds_with_expm1_inverse_and_lower_clip_zero"",""transform"":""log1p_nonnegative_globals_then_outer_train_standard_scaler""}",,single,True
cudaq_dense_statevector_fp64,fp64,linear_regression,3,13721ab5a328b17bf3f8c3692cda844a7e538a8c92530d0c1236f43d3ad5a884,True,ok,0.0001372170081594959,0.0,ok,,125,25,cfe2de41d200712ceb24a38a6f886f2adc63cb5ef2a07d137698d4a4df53927f,711625bc7eb331c0b9a32c4a0cd93207520b64226e688bccf89cdfecac10ead4,"{""class"":""sklearn.linear_model.LinearRegression"",""fit_intercept"":true,""n_jobs"":1}","{""constant_std_replacement"":1.0,""constant_std_threshold"":1e-06,""mean"":[1.8229437626108196,3.184793708383161,2.8464206995051593,3.0832654564045274,0.24756713248516646,1.8222457666062042,3.4965075614664873],""scale_after_constant_guard"":[0.3641531041833594,1.4447331980481315,1.1894875239139924,1.6077223285489868,0.47751812342892447,0.4329417241884537,1.0],""std_before_constant_guard"":[0.3641531041833594,1.4447331980481315,1.1894875239139924,1.6077223285489868,0.47751812342892447,0.4329417241884537,7.105427357601002e-15],""target"":""log1p_seconds_with_expm1_inverse_and_lower_clip_zero"",""transform"":""log1p_nonnegative_globals_then_outer_train_standard_scaler""}",,single,True
cudaq_dense_statevector_fp64,fp64,linear_regression,3,15e80264fdff1398ab38bbd9144f853a3a2317e95163fda15a1e9ec2657beecb,True,ok,0.00015799100219737738,0.0021647090357790433,ok,,125,25,cfe2de41d200712ceb24a38a6f886f2adc63cb5ef2a07d137698d4a4df53927f,711625bc7eb331c0b9a32c4a0cd93207520b64226e688bccf89cdfecac10ead4,"{""class"":""sklearn.linear_model.LinearRegression"",""fit_intercept"":true,""n_jobs"":1}","{""constant_std_replacement"":1.0,""constant_std_threshold"":1e-06,""mean"":[1.8229437626108196,3.184793708383161,2.8464206995051593,3.0832654564045274,0.24756713248516646,1.8222457666062042,3.4965075614664873],""scale_after_constant_guard"":[0.3641531041833594,1.4447331980481315,1.1894875239139924,1.6077223285489868,0.47751812342892447,0.4329417241884537,1.0],""std_before_constant_guard"":[0.3641531041833594,1.4447331980481315,1.1894875239139924,1.6077223285489868,0.47751812342892447,0.4329417241884537,7.105427357601002e-15],""target"":""log1p_seconds_with_expm1_inverse_and_lower_clip_zero"",""transform"":""log1p_nonnegative_globals_then_outer_train_standard_scaler""}",,single,True
cudaq_dense_statevector_fp64,fp64,linear_regression,3,187d76ac82884dc3202418b0e06077eec26afed0c625b228d76b4416e6bfa480,True,ok,0.00022338501003105193,0.001128207027295159,ok,,125,25,cfe2de41d200712ceb24a38a6f886f2adc63cb5ef2a07d137698d4a4df53927f,711625bc7eb331c0b9a32c4a0cd93207520b64226e688bccf89cdfecac10ead4,"{""class"":""sklearn.linear_model.LinearRegression"",""fit_intercept"":true,""n_jobs"":1}","{""constant_std_replacement"":1.0,""constant_std_threshold"":1e-06,""mean"":[1.8229437626108196,3.184793708383161,2.8464206995051593,3.0832654564045274,0.24756713248516646,1.8222457666062042,3.4965075614664873],""scale_after_constant_guard"":[0.3641531041833594,1.4447331980481315,1.1894875239139924,1.6077223285489868,0.47751812342892447,0.4329417241884537,1.0],""std_before_constant_guard"":[0.3641531041833594,1.4447331980481315,1.1894875239139924,1.6077223285489868,0.47751812342892447,0.4329417241884537,7.105427357601002e-15],""target"":""log1p_seconds_with_expm1_inverse_and_lower_clip_zero"",""transform"":""log1p_nonnegative_globals_then_outer_train_standard_scaler""}",,single,True
cudaq_dense_statevector_fp64,fp64,linear_regression,3,2e57556a1b12802c7368ef21e0eb8e5c9863f768a48a9a4d0771725e60b8a616,True,ok,0.00018331900355406106,0.007910706474880905,ok,,125,25,cfe2de41d200712ceb24a38a6f886f2adc63cb5ef2a07d137698d4a4df53927f,711625bc7eb331c0b9a32c4a0cd93207520b64226e688bccf89cdfecac10ead4,"{""class"":""sklearn.linear_model.LinearRegression"",""fit_intercept"":true,""n_jobs"":1}","{""constant_std_replacement"":1.0,""constant_std_threshold"":1e-06,""mean"":[1.8229437626108196,3.184793708383161,2.8464206995051593,3.0832654564045274,0.24756713248516646,1.8222457666062042,3.4965075614664873],""scale_after_constant_guard"":[0.3641531041833594,1.4447331980481315,1.1894875239139924,1.6077223285489868,0.47751812342892447,0.4329417241884537,1.0],""std_before_constant_guard"":[0.3641531041833594,1.4447331980481315,1.1894875239139924,1.6077223285489868,0.47751812342892447,0.4329417241884537,7.105427357601002e-15],""target"":""log1p_seconds_with_expm1_inverse_and_lower_clip_zero"",""transform"":""log1p_nonnegative_globals_then_outer_train_standard_scaler""}",,single,True
cudaq_dense_statevector_fp64,fp64,linear_regression,3,3157278e31c54e80e45de35bfb793aac89eb413e21aabe08b2e0e140de8c0d39,True,ok,0.0011858819925691932,0.0036630314914709214,ok,,125,25,cfe2de41d200712ceb24a38a6f886f2adc63cb5ef2a07d137698d4a4df53927f,711625bc7eb331c0b9a32c4a0cd93207520b64226e688bccf89cdfecac10ead4,"{""class"":""sklearn.linear_model.LinearRegression"",""fit_intercept"":true,""n_jobs"":1}","{""constant_std_replacement"":1.0,""constant_std_threshold"":1e-06,""mean"":[1.8229437626108196,3.184793708383161,2.8464206995051593,3.0832654564045274,0.24756713248516646,1.8222457666062042,3.4965075614664873],""scale_after_constant_guard"":[0.3641531041833594,1.4447331980481315,1.1894875239139924,1.6077223285489868,0.47751812342892447,0.4329417241884537,1.0],""std_before_constant_guard"":[0.3641531041833594,1.4447331980481315,1.1894875239139924,1.6077223285489868,0.47751812342892447,0.4329417241884537,7.105427357601002e-15],""target"":""log1p_seconds_with_expm1_inverse_and_lower_clip_zero"",""transform"":""log1p_nonnegative_globals_then_outer_train_standard_scaler""}",,single,True
cudaq_dense_statevector_fp64,fp64,linear_regression,3,3c0ed99f7e5a0409bdadc636b8b7a5dd911304ccbe2e87b32589b91dd44a6a5a,True,ok,0.00010722399747464806,0.0,ok,,125,25,cfe2de41d200712ceb24a38a6f886f2adc63cb5ef2a07d137698d4a4df53927f,711625bc7eb331c0b9a32c4a0cd93207520b64226e688bccf89cdfecac10ead4,"{""class"":""sklearn.linear_model.LinearRegression"",""fit_intercept"":true,""n_jobs"":1}","{""constant_std_replacement"":1.0,""constant_std_threshold"":1e-06,""mean"":[1.8229437626108196,3.184793708383161,2.8464206995051593,3.0832654564045274,0.24756713248516646,1.8222457666062042,3.4965075614664873],""scale_after_constant_guard"":[0.3641531041833594,1.4447331980481315,1.1894875239139924,1.6077223285489868,0.47751812342892447,0.4329417241884537,1.0],""std_before_constant_guard"":[0.3641531041833594,1.4447331980481315,1.1894875239139924,1.6077223285489868,0.47751812342892447,0.4329417241884537,7.105427357601002e-15],""target"":""log1p_seconds_with_expm1_inverse_and_lower_clip_zero"",""transform"":""log1p_nonnegative_globals_then_outer_train_standard_scaler""}",,single,True
cudaq_dense_statevector_fp64,fp64,linear_regression,3,45ca196e391297302c92dc6ea0fd119efa62b2ee88e3b85260561e5fbafa7400,True,ok,0.00014396599726751447,0.0,ok,,125,25,cfe2de41d200712ceb24a38a6f886f2adc63cb5ef2a07d137698d4a4df53927f,711625bc7eb331c0b9a32c4a0cd93207520b64226e688bccf89cdfecac10ead4,"{""class"":""sklearn.linear_model.LinearRegression"",""fit_intercept"":true,""n_jobs"":1}","{""constant_std_replacement"":1.0,""constant_std_threshold"":1e-06,""mean"":[1.8229437626108196,3.184793708383161,2.8464206995051593,3.0832654564045274,0.24756713248516646,1.8222457666062042,3.4965075614664873],""scale_after_constant_guard"":[0.3641531041833594,1.4447331980481315,1.1894875239139924,1.6077223285489868,0.47751812342892447,0.4329417241884537,1.0],""std_before_constant_guard"":[0.3641531041833594,1.4447331980481315,1.1894875239139924,1.6077223285489868,0.47751812342892447,0.4329417241884537,7.105427357601002e-15],""target"":""log1p_seconds_with_expm1_inverse_and_lower_clip_zero"",""transform"":""log1p_nonnegative_globals_then_outer_train_standard_scaler""}",,single,True
cudaq_dense_statevector_fp64,fp64,linear_regression,3,4d5b55eb4b8a0aea0af4bde721618cbe79ed66e0636398ffddc79ace483672a6,True,ok,0.0005926589947193861,0.0,ok,,125,25,cfe2de41d200712ceb24a38a6f886f2adc63cb5ef2a07d137698d4a4df53927f,711625bc7eb331c0b9a32c4a0cd93207520b64226e688bccf89cdfecac10ead4,"{""class"":""sklearn.linear_model.LinearRegression"",""fit_intercept"":true,""n_jobs"":1}","{""constant_std_replacement"":1.0,""constant_std_threshold"":1e-06,""mean"":[1.8229437626108196,3.184793708383161,2.8464206995051593,3.0832654564045274,0.24756713248516646,1.8222457666062042,3.4965075614664873],""scale_after_constant_guard"":[0.3641531041833594,1.4447331980481315,1.1894875239139924,1.6077223285489868,0.47751812342892447,0.4329417241884537,1.0],""std_before_constant_guard"":[0.3641531041833594,1.4447331980481315,1.1894875239139924,1.6077223285489868,0.47751812342892447,0.4329417241884537,7.105427357601002e-15],""target"":""log1p_seconds_with_expm1_inverse_and_lower_clip_zero"",""transform"":""log1p_nonnegative_globals_then_outer_train_standard_scaler""}",,single,True
cudaq_dense_statevector_fp64,fp64,linear_regression,3,5042c6dd513b1366c0a145850de9e534b0e38aabc818b994ab8c4b6cad7ad5c8,True,ok,0.0012798240059055388,0.009520874072450504,ok,,125,25,cfe2de41d200712ceb24a38a6f886f2adc63cb5ef2a07d137698d4a4df53927f,711625bc7eb331c0b9a32c4a0cd93207520b64226e688bccf89cdfecac10ead4,"{""class"":""sklearn.linear_model.LinearRegression"",""fit_intercept"":true,""n_jobs"":1}","{""constant_std_replacement"":1.0,""constant_std_threshold"":1e-06,""mean"":[1.8229437626108196,3.184793708383161,2.8464206995051593,3.0832654564045274,0.24756713248516646,1.8222457666062042,3.4965075614664873],""scale_after_constant_guard"":[0.3641531041833594,1.4447331980481315,1.1894875239139924,1.6077223285489868,0.47751812342892447,0.4329417241884537,1.0],""std_before_constant_guard"":[0.3641531041833594,1.4447331980481315,1.1894875239139924,1.6077223285489868,0.47751812342892447,0.4329417241884537,7.105427357601002e-15],""target"":""log1p_seconds_with_expm1_inverse_and_lower_clip_zero"",""transform"":""log1p_nonnegative_globals_then_outer_train_standard_scaler""}",,single,True
cudaq_dense_statevector_fp64,fp64,linear_regression,3,50a5fc62010017f60b77f8c81e9ddf9bd95419be272d2ec5ed1445aae0c7ac92,True,ok,9.929899533744901e-05,0.0,ok,,125,25,cfe2de41d200712ceb24a38a6f886f2adc63cb5ef2a07d137698d4a4df53927f,711625bc7eb331c0b9a32c4a0cd93207520b64226e688bccf89cdfecac10ead4,"{""class"":""sklearn.linear_model.LinearRegression"",""fit_intercept"":true,""n_jobs"":1}","{""constant_std_replacement"":1.0,""constant_std_threshold"":1e-06,""mean"":[1.8229437626108196,3.184793708383161,2.8464206995051593,3.0832654564045274,0.24756713248516646,1.8222457666062042,3.4965075614664873],""scale_after_constant_guard"":[0.3641531041833594,1.4447331980481315,1.1894875239139924,1.6077223285489868,0.47751812342892447,0.4329417241884537,1.0],""std_before_constant_guard"":[0.3641531041833594,1.4447331980481315,1.1894875239139924,1.6077223285489868,0.47751812342892447,0.4329417241884537,7.105427357601002e-15],""target"":""log1p_seconds_with_expm1_inverse_and_lower_clip_zero"",""transform"":""log1p_nonnegative_globals_then_outer_train_standard_scaler""}",,single,True
cudaq_dense_statevector_fp64,fp64,linear_regression,3,78ecec267502f433ab148452979221600becf679520b50ad454009e0ca097af5,True,ok,0.0005828499997733161,0.00426545212172886,ok,,125,25,cfe2de41d200712ceb24a38a6f886f2adc63cb5ef2a07d137698d4a4df53927f,711625bc7eb331c0b9a32c4a0cd93207520b64226e688bccf89cdfecac10ead4,"{""class"":""sklearn.linear_model.LinearRegression"",""fit_intercept"":true,""n_jobs"":1}","{""constant_std_replacement"":1.0,""constant_std_threshold"":1e-06,""mean"":[1.8229437626108196,3.184793708383161,2.8464206995051593,3.0832654564045274,0.24756713248516646,1.8222457666062042,3.4965075614664873],""scale_after_constant_guard"":[0.3641531041833594,1.4447331980481315,1.1894875239139924,1.6077223285489868,0.47751812342892447,0.4329417241884537,1.0],""std_before_constant_guard"":[0.3641531041833594,1.4447331980481315,1.1894875239139924,1.6077223285489868,0.47751812342892447,0.4329417241884537,7.105427357601002e-15],""target"":""log1p_seconds_with_expm1_inverse_and_lower_clip_zero"",""transform"":""log1p_nonnegative_globals_then_outer_train_standard_scaler""}",,single,True
cudaq_dense_statevector_fp64,fp64,linear_regression,3,79b8fdfbfe6897a226612f9b9e27a4533aac4b48258335fb7746c5f10989cedc,True,ok,0.00013466700329445302,8.844346539440648e-05,ok,,125,25,cfe2de41d200712ceb24a38a6f886f2adc63cb5ef2a07d137698d4a4df53927f,711625bc7eb331c0b9a32c4a0cd93207520b64226e688bccf89cdfecac10ead4,"{""class"":""sklearn.linear_model.LinearRegression"",""fit_intercept"":true,""n_jobs"":1}","{""constant_std_replacement"":1.0,""constant_std_threshold"":1e-06,""mean"":[1.8229437626108196,3.184793708383161,2.8464206995051593,3.0832654564045274,0.24756713248516646,1.8222457666062042,3.4965075614664873],""scale_after_constant_guard"":[0.3641531041833594,1.4447331980481315,1.1894875239139924,1.6077223285489868,0.47751812342892447,0.4329417241884537,1.0],""std_before_constant_guard"":[0.3641531041833594,1.4447331980481315,1.1894875239139924,1.6077223285489868,0.47751812342892447,0.4329417241884537,7.105427357601002e-15],""target"":""log1p_seconds_with_expm1_inverse_and_lower_clip_zero"",""transform"":""log1p_nonnegative_globals_then_outer_train_standard_scaler""}",,single,True
cudaq_dense_statevector_fp64,fp64,linear_regression,3,81a66b1daaf97d148a8a075515daf8702349d257883a1dd88e26993c1622351f,True,ok,0.0005727160023525357,0.0008818831596512665,ok,,125,25,cfe2de41d200712ceb24a38a6f886f2adc63cb5ef2a07d137698d4a4df53927f,711625bc7eb331c0b9a32c4a0cd93207520b64226e688bccf89cdfecac10ead4,"{""class"":""sklearn.linear_model.LinearRegression"",""fit_intercept"":true,""n_jobs"":1}","{""constant_std_replacement"":1.0,""constant_std_threshold"":1e-06,""mean"":[1.8229437626108196,3.184793708383161,2.8464206995051593,3.0832654564045274,0.24756713248516646,1.8222457666062042,3.4965075614664873],""scale_after_constant_guard"":[0.3641531041833594,1.4447331980481315,1.1894875239139924,1.6077223285489868,0.47751812342892447,0.4329417241884537,1.0],""std_before_constant_guard"":[0.3641531041833594,1.4447331980481315,1.1894875239139924,1.6077223285489868,0.47751812342892447,0.4329417241884537,7.105427357601002e-15],""target"":""log1p_seconds_with_expm1_inverse_and_lower_clip_zero"",""transform"":""log1p_nonnegative_globals_then_outer_train_standard_scaler""}",,single,True
cudaq_dense_statevector_fp64,fp64,linear_regression,3,8d3b3ff10a3a80d0dda4e7043cce2b222aaf9e3cc19caa194b8e87da40266ac5,True,ok,0.0004214040091028437,0.0019411470467813304,ok,,125,25,cfe2de41d200712ceb24a38a6f886f2adc63cb5ef2a07d137698d4a4df53927f,711625bc7eb331c0b9a32c4a0cd93207520b64226e688bccf89cdfecac10ead4,"{""class"":""sklearn.linear_model.LinearRegression"",""fit_intercept"":true,""n_jobs"":1}","{""constant_std_replacement"":1.0,""constant_std_threshold"":1e-06,""mean"":[1.8229437626108196,3.184793708383161,2.8464206995051593,3.0832654564045274,0.24756713248516646,1.8222457666062042,3.4965075614664873],""scale_after_constant_guard"":[0.3641531041833594,1.4447331980481315,1.1894875239139924,1.6077223285489868,0.47751812342892447,0.4329417241884537,1.0],""std_before_constant_guard"":[0.3641531041833594,1.4447331980481315,1.1894875239139924,1.6077223285489868,0.47751812342892447,0.4329417241884537,7.105427357601002e-15],""target"":""log1p_seconds_with_expm1_inverse_and_lower_clip_zero"",""transform"":""log1p_nonnegative_globals_then_outer_train_standard_scaler""}",,single,True
cudaq_dense_statevector_fp64,fp64,linear_regression,3,99e0865dc3fced630c02b5b2710b24fd9257ba31d54112cde08a769e974f53c4,True,ok,0.000739519004127942,0.0031727839904614552,ok,,125,25,cfe2de41d200712ceb24a38a6f886f2adc63cb5ef2a07d137698d4a4df53927f,711625bc7eb331c0b9a32c4a0cd93207520b64226e688bccf89cdfecac10ead4,"{""class"":""sklearn.linear_model.LinearRegression"",""fit_intercept"":true,""n_jobs"":1}","{""constant_std_replacement"":1.0,""constant_std_threshold"":1e-06,""mean"":[1.8229437626108196,3.184793708383161,2.8464206995051593,3.0832654564045274,0.24756713248516646,1.8222457666062042,3.4965075614664873],""scale_after_constant_guard"":[0.3641531041833594,1.4447331980481315,1.1894875239139924,1.6077223285489868,0.47751812342892447,0.4329417241884537,1.0],""std_before_constant_guard"":[0.3641531041833594,1.4447331980481315,1.1894875239139924,1.6077223285489868,0.47751812342892447,0.4329417241884537,7.105427357601002e-15],""target"":""log1p_seconds_with_expm1_inverse_and_lower_clip_zero"",""transform"":""log1p_nonnegative_globals_then_outer_train_standard_scaler""}",,single,True
cudaq_dense_statevector_fp64,fp64,linear_regression,3,9fc54c185186ff8c504ebdac4e3fa109beb4cf46f86196a3376b3153a7f72962,True,ok,0.00020380900241434574,0.0,ok,,125,25,cfe2de41d200712ceb24a38a6f886f2adc63cb5ef2a07d137698d4a4df53927f,711625bc7eb331c0b9a32c4a0cd93207520b64226e688bccf89cdfecac10ead4,"{""class"":""sklearn.linear_model.LinearRegression"",""fit_intercept"":true,""n_jobs"":1}","{""constant_std_replacement"":1.0,""constant_std_threshold"":1e-06,""mean"":[1.8229437626108196,3.184793708383161,2.8464206995051593,3.0832654564045274,0.24756713248516646,1.8222457666062042,3.4965075614664873],""scale_after_constant_guard"":[0.3641531041833594,1.4447331980481315,1.1894875239139924,1.6077223285489868,0.47751812342892447,0.4329417241884537,1.0],""std_before_constant_guard"":[0.3641531041833594,1.4447331980481315,1.1894875239139924,1.6077223285489868,0.47751812342892447,0.4329417241884537,7.105427357601002e-15],""target"":""log1p_seconds_with_expm1_inverse_and_lower_clip_zero"",""transform"":""log1p_nonnegative_globals_then_outer_train_standard_scaler""}",,single,True
cudaq_dense_statevector_fp64,fp64,linear_regression,3,b6afb1122e1baece13144a1d0da78738759129107f453e9579e99e8789e057fe,True,ok,0.00019810900266747922,0.0,ok,,125,25,cfe2de41d200712ceb24a38a6f886f2adc63cb5ef2a07d137698d4a4df53927f,711625bc7eb331c0b9a32c4a0cd93207520b64226e688bccf89cdfecac10ead4,"{""class"":""sklearn.linear_model.LinearRegression"",""fit_intercept"":true,""n_jobs"":1}","{""constant_std_replacement"":1.0,""constant_std_threshold"":1e-06,""mean"":[1.8229437626108196,3.184793708383161,2.8464206995051593,3.0832654564045274,0.24756713248516646,1.8222457666062042,3.4965075614664873],""scale_after_constant_guard"":[0.3641531041833594,1.4447331980481315,1.1894875239139924,1.6077223285489868,0.47751812342892447,0.4329417241884537,1.0],""std_before_constant_guard"":[0.3641531041833594,1.4447331980481315,1.1894875239139924,1.6077223285489868,0.47751812342892447,0.4329417241884537,7.105427357601002e-15],""target"":""log1p_seconds_with_expm1_inverse_and_lower_clip_zero"",""transform"":""log1p_nonnegative_globals_then_outer_train_standard_scaler""}",,single,True
cudaq_dense_statevector_fp64,fp64,linear_regression,3,c69c35c09a4dcfe7dd09af0b73be8e5f608531bf0baadd794f6861bcf237e40c,True,ok,0.0001400179899064824,8.844346539440648e-05,ok,,125,25,cfe2de41d200712ceb24a38a6f886f2adc63cb5ef2a07d137698d4a4df53927f,711625bc7eb331c0b9a32c4a0cd93207520b64226e688bccf89cdfecac10ead4,"{""class"":""sklearn.linear_model.LinearRegression"",""fit_intercept"":true,""n_jobs"":1}","{""constant_std_replacement"":1.0,""constant_std_threshold"":1e-06,""mean"":[1.8229437626108196,3.184793708383161,2.8464206995051593,3.0832654564045274,0.24756713248516646,1.8222457666062042,3.4965075614664873],""scale_after_constant_guard"":[0.3641531041833594,1.4447331980481315,1.1894875239139924,1.6077223285489868,0.47751812342892447,0.4329417241884537,1.0],""std_before_constant_guard"":[0.3641531041833594,1.4447331980481315,1.1894875239139924,1.6077223285489868,0.47751812342892447,0.4329417241884537,7.105427357601002e-15],""target"":""log1p_seconds_with_expm1_inverse_and_lower_clip_zero"",""transform"":""log1p_nonnegative_globals_then_outer_train_standard_scaler""}",,single,True
cudaq_dense_statevector_fp64,fp64,linear_regression,3,db0e077b1674f90860a270d014aa8226822880dbf36c819dad0bea17881b7eb5,True,ok,0.0002332010044483468,0.0,ok,,125,25,cfe2de41d200712ceb24a38a6f886f2adc63cb5ef2a07d137698d4a4df53927f,711625bc7eb331c0b9a32c4a0cd93207520b64226e688bccf89cdfecac10ead4,"{""class"":""sklearn.linear_model.LinearRegression"",""fit_intercept"":true,""n_jobs"":1}","{""constant_std_replacement"":1.0,""constant_std_threshold"":1e-06,""mean"":[1.8229437626108196,3.184793708383161,2.8464206995051593,3.0832654564045274,0.24756713248516646,1.8222457666062042,3.4965075614664873],""scale_after_constant_guard"":[0.3641531041833594,1.4447331980481315,1.1894875239139924,1.6077223285489868,0.47751812342892447,0.4329417241884537,1.0],""std_before_constant_guard"":[0.3641531041833594,1.4447331980481315,1.1894875239139924,1.6077223285489868,0.47751812342892447,0.4329417241884537,7.105427357601002e-15],""target"":""log1p_seconds_with_expm1_inverse_and_lower_clip_zero"",""transform"":""log1p_nonnegative_globals_then_outer_train_standard_scaler""}",,single,True
cudaq_dense_statevector_fp64,fp64,linear_regression,3,e2fba21685e6e7d22d625d8babcc9c51a8911815153e52fc89277e0efe117045,True,ok,0.00027516100089997053,0.0002026375874017459,ok,,125,25,cfe2de41d200712ceb24a38a6f886f2adc63cb5ef2a07d137698d4a4df53927f,711625bc7eb331c0b9a32c4a0cd93207520b64226e688bccf89cdfecac10ead4,"{""class"":""sklearn.linear_model.LinearRegression"",""fit_intercept"":true,""n_jobs"":1}","{""constant_std_replacement"":1.0,""constant_std_threshold"":1e-06,""mean"":[1.8229437626108196,3.184793708383161,2.8464206995051593,3.0832654564045274,0.24756713248516646,1.8222457666062042,3.4965075614664873],""scale_after_constant_guard"":[0.3641531041833594,1.4447331980481315,1.1894875239139924,1.6077223285489868,0.47751812342892447,0.4329417241884537,1.0],""std_before_constant_guard"":[0.3641531041833594,1.4447331980481315,1.1894875239139924,1.6077223285489868,0.47751812342892447,0.4329417241884537,7.105427357601002e-15],""target"":""log1p_seconds_with_expm1_inverse_and_lower_clip_zero"",""transform"":""log1p_nonnegative_globals_then_outer_train_standard_scaler""}",,single,True
cudaq_dense_statevector_fp64,fp64,linear_regression,3,e4664972befc3ffed396f3842bf910be22c2fbe7f293d3c295b971dfe094d398,True,ok,0.00048641600005794317,0.0016786839078173567,ok,,125,25,cfe2de41d200712ceb24a38a6f886f2adc63cb5ef2a07d137698d4a4df53927f,711625bc7eb331c0b9a32c4a0cd93207520b64226e688bccf89cdfecac10ead4,"{""class"":""sklearn.linear_model.LinearRegression"",""fit_intercept"":true,""n_jobs"":1}","{""constant_std_replacement"":1.0,""constant_std_threshold"":1e-06,""mean"":[1.8229437626108196,3.184793708383161,2.8464206995051593,3.0832654564045274,0.24756713248516646,1.8222457666062042,3.4965075614664873],""scale_after_constant_guard"":[0.3641531041833594,1.4447331980481315,1.1894875239139924,1.6077223285489868,0.47751812342892447,0.4329417241884537,1.0],""std_before_constant_guard"":[0.3641531041833594,1.4447331980481315,1.1894875239139924,1.6077223285489868,0.47751812342892447,0.4329417241884537,7.105427357601002e-15],""target"":""log1p_seconds_with_expm1_inverse_and_lower_clip_zero"",""transform"":""log1p_nonnegative_globals_then_outer_train_standard_scaler""}",,single,True
cudaq_dense_statevector_fp64,fp64,linear_regression,3,f0e0170b510412a7e964e82f14793115a9e53a1b250283a74abd893a45b5f20e,True,ok,0.000482554009067826,0.002154494342205682,ok,,125,25,cfe2de41d200712ceb24a38a6f886f2adc63cb5ef2a07d137698d4a4df53927f,711625bc7eb331c0b9a32c4a0cd93207520b64226e688bccf89cdfecac10ead4,"{""class"":""sklearn.linear_model.LinearRegression"",""fit_intercept"":true,""n_jobs"":1}","{""constant_std_replacement"":1.0,""constant_std_threshold"":1e-06,""mean"":[1.8229437626108196,3.184793708383161,2.8464206995051593,3.0832654564045274,0.24756713248516646,1.8222457666062042,3.4965075614664873],""scale_after_constant_guard"":[0.3641531041833594,1.4447331980481315,1.1894875239139924,1.6077223285489868,0.47751812342892447,0.4329417241884537,1.0],""std_before_constant_guard"":[0.3641531041833594,1.4447331980481315,1.1894875239139924,1.6077223285489868,0.47751812342892447,0.4329417241884537,7.105427357601002e-15],""target"":""log1p_seconds_with_expm1_inverse_and_lower_clip_zero"",""transform"":""log1p_nonnegative_globals_then_outer_train_standard_scaler""}",,single,True
cudaq_dense_statevector_fp64,fp64,linear_regression,3,fa595f88d0ab98542a799af4492f53b2a5e2e88ebc442a9b508abac209d0afcc,True,ok,0.0010868179961107671,0.0,ok,,125,25,cfe2de41d200712ceb24a38a6f886f2adc63cb5ef2a07d137698d4a4df53927f,711625bc7eb331c0b9a32c4a0cd93207520b64226e688bccf89cdfecac10ead4,"{""class"":""sklearn.linear_model.LinearRegression"",""fit_intercept"":true,""n_jobs"":1}","{""constant_std_replacement"":1.0,""constant_std_threshold"":1e-06,""mean"":[1.8229437626108196,3.184793708383161,2.8464206995051593,3.0832654564045274,0.24756713248516646,1.8222457666062042,3.4965075614664873],""scale_after_constant_guard"":[0.3641531041833594,1.4447331980481315,1.1894875239139924,1.6077223285489868,0.47751812342892447,0.4329417241884537,1.0],""std_before_constant_guard"":[0.3641531041833594,1.4447331980481315,1.1894875239139924,1.6077223285489868,0.47751812342892447,0.4329417241884537,7.105427357601002e-15],""target"":""log1p_seconds_with_expm1_inverse_and_lower_clip_zero"",""transform"":""log1p_nonnegative_globals_then_outer_train_standard_scaler""}",,single,True
cudaq_dense_statevector_fp64,fp64,linear_regression,3,fea8eb37e38bc24d3352d9446471b5cf8f6b8af6ae4c0f931d5942564936274c,True,ok,0.0006803360010962933,0.002484595878626252,ok,,125,25,cfe2de41d200712ceb24a38a6f886f2adc63cb5ef2a07d137698d4a4df53927f,711625bc7eb331c0b9a32c4a0cd93207520b64226e688bccf89cdfecac10ead4,"{""class"":""sklearn.linear_model.LinearRegression"",""fit_intercept"":true,""n_jobs"":1}","{""constant_std_replacement"":1.0,""constant_std_threshold"":1e-06,""mean"":[1.8229437626108196,3.184793708383161,2.8464206995051593,3.0832654564045274,0.24756713248516646,1.8222457666062042,3.4965075614664873],""scale_after_constant_guard"":[0.3641531041833594,1.4447331980481315,1.1894875239139924,1.6077223285489868,0.47751812342892447,0.4329417241884537,1.0],""std_before_constant_guard"":[0.3641531041833594,1.4447331980481315,1.1894875239139924,1.6077223285489868,0.47751812342892447,0.4329417241884537,7.105427357601002e-15],""target"":""log1p_seconds_with_expm1_inverse_and_lower_clip_zero"",""transform"":""log1p_nonnegative_globals_then_outer_train_standard_scaler""}",,single,True
cudaq_dense_statevector_fp64,fp64,ridge_alpha1,3,0285fd21a0dd1ca29cd386de85a1a8af49cc7d71f5c86f6451b55a11c68864a8,True,ok,0.0002549189957790077,0.0010068151378256078,ok,,125,25,cfe2de41d200712ceb24a38a6f886f2adc63cb5ef2a07d137698d4a4df53927f,711625bc7eb331c0b9a32c4a0cd93207520b64226e688bccf89cdfecac10ead4,"{""alpha"":1.0,""class"":""sklearn.linear_model.Ridge"",""fit_intercept"":true,""solver"":""svd""}","{""constant_std_replacement"":1.0,""constant_std_threshold"":1e-06,""mean"":[1.8229437626108196,3.184793708383161,2.8464206995051593,3.0832654564045274,0.24756713248516646,1.8222457666062042,3.4965075614664873],""scale_after_constant_guard"":[0.3641531041833594,1.4447331980481315,1.1894875239139924,1.6077223285489868,0.47751812342892447,0.4329417241884537,1.0],""std_before_constant_guard"":[0.3641531041833594,1.4447331980481315,1.1894875239139924,1.6077223285489868,0.47751812342892447,0.4329417241884537,7.105427357601002e-15],""target"":""log1p_seconds_with_expm1_inverse_and_lower_clip_zero"",""transform"":""log1p_nonnegative_globals_then_outer_train_standard_scaler""}",,single,True
cudaq_dense_statevector_fp64,fp64,ridge_alpha1,3,13721ab5a328b17bf3f8c3692cda844a7e538a8c92530d0c1236f43d3ad5a884,True,ok,0.0001372170081594959,0.0,ok,,125,25,cfe2de41d200712ceb24a38a6f886f2adc63cb5ef2a07d137698d4a4df53927f,711625bc7eb331c0b9a32c4a0cd93207520b64226e688bccf89cdfecac10ead4,"{""alpha"":1.0,""class"":""sklearn.linear_model.Ridge"",""fit_intercept"":true,""solver"":""svd""}","{""constant_std_replacement"":1.0,""constant_std_threshold"":1e-06,""mean"":[1.8229437626108196,3.184793708383161,2.8464206995051593,3.0832654564045274,0.24756713248516646,1.8222457666062042,3.4965075614664873],""scale_after_constant_guard"":[0.3641531041833594,1.4447331980481315,1.1894875239139924,1.6077223285489868,0.47751812342892447,0.4329417241884537,1.0],""std_before_constant_guard"":[0.3641531041833594,1.4447331980481315,1.1894875239139924,1.6077223285489868,0.47751812342892447,0.4329417241884537,7.105427357601002e-15],""target"":""log1p_seconds_with_expm1_inverse_and_lower_clip_zero"",""transform"":""log1p_nonnegative_globals_then_outer_train_standard_scaler""}",,single,True
cudaq_dense_statevector_fp64,fp64,ridge_alpha1,3,15e80264fdff1398ab38bbd9144f853a3a2317e95163fda15a1e9ec2657beecb,True,ok,0.00015799100219737738,0.002276064288570995,ok,,125,25,cfe2de41d200712ceb24a38a6f886f2adc63cb5ef2a07d137698d4a4df53927f,711625bc7eb331c0b9a32c4a0cd93207520b64226e688bccf89cdfecac10ead4,"{""alpha"":1.0,""class"":""sklearn.linear_model.Ridge"",""fit_intercept"":true,""solver"":""svd""}","{""constant_std_replacement"":1.0,""constant_std_threshold"":1e-06,""mean"":[1.8229437626108196,3.184793708383161,2.8464206995051593,3.0832654564045274,0.24756713248516646,1.8222457666062042,3.4965075614664873],""scale_after_constant_guard"":[0.3641531041833594,1.4447331980481315,1.1894875239139924,1.6077223285489868,0.47751812342892447,0.4329417241884537,1.0],""std_before_constant_guard"":[0.3641531041833594,1.4447331980481315,1.1894875239139924,1.6077223285489868,0.47751812342892447,0.4329417241884537,7.105427357601002e-15],""target"":""log1p_seconds_with_expm1_inverse_and_lower_clip_zero"",""transform"":""log1p_nonnegative_globals_then_outer_train_standard_scaler""}",,single,True
cudaq_dense_statevector_fp64,fp64,ridge_alpha1,3,187d76ac82884dc3202418b0e06077eec26afed0c625b228d76b4416e6bfa480,True,ok,0.00022338501003105193,0.0013314554718392173,ok,,125,25,cfe2de41d200712ceb24a38a6f886f2adc63cb5ef2a07d137698d4a4df53927f,711625bc7eb331c0b9a32c4a0cd93207520b64226e688bccf89cdfecac10ead4,"{""alpha"":1.0,""class"":""sklearn.linear_model.Ridge"",""fit_intercept"":true,""solver"":""svd""}","{""constant_std_replacement"":1.0,""constant_std_threshold"":1e-06,""mean"":[1.8229437626108196,3.184793708383161,2.8464206995051593,3.0832654564045274,0.24756713248516646,1.8222457666062042,3.4965075614664873],""scale_after_constant_guard"":[0.3641531041833594,1.4447331980481315,1.1894875239139924,1.6077223285489868,0.47751812342892447,0.4329417241884537,1.0],""std_before_constant_guard"":[0.3641531041833594,1.4447331980481315,1.1894875239139924,1.6077223285489868,0.47751812342892447,0.4329417241884537,7.105427357601002e-15],""target"":""log1p_seconds_with_expm1_inverse_and_lower_clip_zero"",""transform"":""log1p_nonnegative_globals_then_outer_train_standard_scaler""}",,single,True
cudaq_dense_statevector_fp64,fp64,ridge_alpha1,3,2e57556a1b12802c7368ef21e0eb8e5c9863f768a48a9a4d0771725e60b8a616,True,ok,0.00018331900355406106,0.006879417800112993,ok,,125,25,cfe2de41d200712ceb24a38a6f886f2adc63cb5ef2a07d137698d4a4df53927f,711625bc7eb331c0b9a32c4a0cd93207520b64226e688bccf89cdfecac10ead4,"{""alpha"":1.0,""class"":""sklearn.linear_model.Ridge"",""fit_intercept"":true,""solver"":""svd""}","{""constant_std_replacement"":1.0,""constant_std_threshold"":1e-06,""mean"":[1.8229437626108196,3.184793708383161,2.8464206995051593,3.0832654564045274,0.24756713248516646,1.8222457666062042,3.4965075614664873],""scale_after_constant_guard"":[0.3641531041833594,1.4447331980481315,1.1894875239139924,1.6077223285489868,0.47751812342892447,0.4329417241884537,1.0],""std_before_constant_guard"":[0.3641531041833594,1.4447331980481315,1.1894875239139924,1.6077223285489868,0.47751812342892447,0.4329417241884537,7.105427357601002e-15],""target"":""log1p_seconds_with_expm1_inverse_and_lower_clip_zero"",""transform"":""log1p_nonnegative_globals_then_outer_train_standard_scaler""}",,single,True
cudaq_dense_statevector_fp64,fp64,ridge_alpha1,3,3157278e31c54e80e45de35bfb793aac89eb413e21aabe08b2e0e140de8c0d39,True,ok,0.0011858819925691932,0.0039082542271468325,ok,,125,25,cfe2de41d200712ceb24a38a6f886f2adc63cb5ef2a07d137698d4a4df53927f,711625bc7eb331c0b9a32c4a0cd93207520b64226e688bccf89cdfecac10ead4,"{""alpha"":1.0,""class"":""sklearn.linear_model.Ridge"",""fit_intercept"":true,""solver"":""svd""}","{""constant_std_replacement"":1.0,""constant_std_threshold"":1e-06,""mean"":[1.8229437626108196,3.184793708383161,2.8464206995051593,3.0832654564045274,0.24756713248516646,1.8222457666062042,3.4965075614664873],""scale_after_constant_guard"":[0.3641531041833594,1.4447331980481315,1.1894875239139924,1.6077223285489868,0.47751812342892447,0.4329417241884537,1.0],""std_before_constant_guard"":[0.3641531041833594,1.4447331980481315,1.1894875239139924,1.6077223285489868,0.47751812342892447,0.4329417241884537,7.105427357601002e-15],""target"":""log1p_seconds_with_expm1_inverse_and_lower_clip_zero"",""transform"":""log1p_nonnegative_globals_then_outer_train_standard_scaler""}",,single,True
cudaq_dense_statevector_fp64,fp64,ridge_alpha1,3,3c0ed99f7e5a0409bdadc636b8b7a5dd911304ccbe2e87b32589b91dd44a6a5a,True,ok,0.00010722399747464806,0.0,ok,,125,25,cfe2de41d200712ceb24a38a6f886f2adc63cb5ef2a07d137698d4a4df53927f,711625bc7eb331c0b9a32c4a0cd93207520b64226e688bccf89cdfecac10ead4,"{""alpha"":1.0,""class"":""sklearn.linear_model.Ridge"",""fit_intercept"":true,""solver"":""svd""}","{""constant_std_replacement"":1.0,""constant_std_threshold"":1e-06,""mean"":[1.8229437626108196,3.184793708383161,2.8464206995051593,3.0832654564045274,0.24756713248516646,1.8222457666062042,3.4965075614664873],""scale_after_constant_guard"":[0.3641531041833594,1.4447331980481315,1.1894875239139924,1.6077223285489868,0.47751812342892447,0.4329417241884537,1.0],""std_before_constant_guard"":[0.3641531041833594,1.4447331980481315,1.1894875239139924,1.6077223285489868,0.47751812342892447,0.4329417241884537,7.105427357601002e-15],""target"":""log1p_seconds_with_expm1_inverse_and_lower_clip_zero"",""transform"":""log1p_nonnegative_globals_then_outer_train_standard_scaler""}",,single,True
cudaq_dense_statevector_fp64,fp64,ridge_alpha1,3,45ca196e391297302c92dc6ea0fd119efa62b2ee88e3b85260561e5fbafa7400,True,ok,0.00014396599726751447,0.0,ok,,125,25,cfe2de41d200712ceb24a38a6f886f2adc63cb5ef2a07d137698d4a4df53927f,711625bc7eb331c0b9a32c4a0cd93207520b64226e688bccf89cdfecac10ead4,"{""alpha"":1.0,""class"":""sklearn.linear_model.Ridge"",""fit_intercept"":true,""solver"":""svd""}","{""constant_std_replacement"":1.0,""constant_std_threshold"":1e-06,""mean"":[1.8229437626108196,3.184793708383161,2.8464206995051593,3.0832654564045274,0.24756713248516646,1.8222457666062042,3.4965075614664873],""scale_after_constant_guard"":[0.3641531041833594,1.4447331980481315,1.1894875239139924,1.6077223285489868,0.47751812342892447,0.4329417241884537,1.0],""std_before_constant_guard"":[0.3641531041833594,1.4447331980481315,1.1894875239139924,1.6077223285489868,0.47751812342892447,0.4329417241884537,7.105427357601002e-15],""target"":""log1p_seconds_with_expm1_inverse_and_lower_clip_zero"",""transform"":""log1p_nonnegative_globals_then_outer_train_standard_scaler""}",,single,True
cudaq_dense_statevector_fp64,fp64,ridge_alpha1,3,4d5b55eb4b8a0aea0af4bde721618cbe79ed66e0636398ffddc79ace483672a6,True,ok,0.0005926589947193861,0.0,ok,,125,25,cfe2de41d200712ceb24a38a6f886f2adc63cb5ef2a07d137698d4a4df53927f,711625bc7eb331c0b9a32c4a0cd93207520b64226e688bccf89cdfecac10ead4,"{""alpha"":1.0,""class"":""sklearn.linear_model.Ridge"",""fit_intercept"":true,""solver"":""svd""}","{""constant_std_replacement"":1.0,""constant_std_threshold"":1e-06,""mean"":[1.8229437626108196,3.184793708383161,2.8464206995051593,3.0832654564045274,0.24756713248516646,1.8222457666062042,3.4965075614664873],""scale_after_constant_guard"":[0.3641531041833594,1.4447331980481315,1.1894875239139924,1.6077223285489868,0.47751812342892447,0.4329417241884537,1.0],""std_before_constant_guard"":[0.3641531041833594,1.4447331980481315,1.1894875239139924,1.6077223285489868,0.47751812342892447,0.4329417241884537,7.105427357601002e-15],""target"":""log1p_seconds_with_expm1_inverse_and_lower_clip_zero"",""transform"":""log1p_nonnegative_globals_then_outer_train_standard_scaler""}",,single,True
cudaq_dense_statevector_fp64,fp64,ridge_alpha1,3,5042c6dd513b1366c0a145850de9e534b0e38aabc818b994ab8c4b6cad7ad5c8,True,ok,0.0012798240059055388,0.009474530876588935,ok,,125,25,cfe2de41d200712ceb24a38a6f886f2adc63cb5ef2a07d137698d4a4df53927f,711625bc7eb331c0b9a32c4a0cd93207520b64226e688bccf89cdfecac10ead4,"{""alpha"":1.0,""class"":""sklearn.linear_model.Ridge"",""fit_intercept"":true,""solver"":""svd""}","{""constant_std_replacement"":1.0,""constant_std_threshold"":1e-06,""mean"":[1.8229437626108196,3.184793708383161,2.8464206995051593,3.0832654564045274,0.24756713248516646,1.8222457666062042,3.4965075614664873],""scale_after_constant_guard"":[0.3641531041833594,1.4447331980481315,1.1894875239139924,1.6077223285489868,0.47751812342892447,0.4329417241884537,1.0],""std_before_constant_guard"":[0.3641531041833594,1.4447331980481315,1.1894875239139924,1.6077223285489868,0.47751812342892447,0.4329417241884537,7.105427357601002e-15],""target"":""log1p_seconds_with_expm1_inverse_and_lower_clip_zero"",""transform"":""log1p_nonnegative_globals_then_outer_train_standard_scaler""}",,single,True
cudaq_dense_statevector_fp64,fp64,ridge_alpha1,3,50a5fc62010017f60b77f8c81e9ddf9bd95419be272d2ec5ed1445aae0c7ac92,True,ok,9.929899533744901e-05,0.0,ok,,125,25,cfe2de41d200712ceb24a38a6f886f2adc63cb5ef2a07d137698d4a4df53927f,711625bc7eb331c0b9a32c4a0cd93207520b64226e688bccf89cdfecac10ead4,"{""alpha"":1.0,""class"":""sklearn.linear_model.Ridge"",""fit_intercept"":true,""solver"":""svd""}","{""constant_std_replacement"":1.0,""constant_std_threshold"":1e-06,""mean"":[1.8229437626108196,3.184793708383161,2.8464206995051593,3.0832654564045274,0.24756713248516646,1.8222457666062042,3.4965075614664873],""scale_after_constant_guard"":[0.3641531041833594,1.4447331980481315,1.1894875239139924,1.6077223285489868,0.47751812342892447,0.4329417241884537,1.0],""std_before_constant_guard"":[0.3641531041833594,1.4447331980481315,1.1894875239139924,1.6077223285489868,0.47751812342892447,0.4329417241884537,7.105427357601002e-15],""target"":""log1p_seconds_with_expm1_inverse_and_lower_clip_zero"",""transform"":""log1p_nonnegative_globals_then_outer_train_standard_scaler""}",,single,True
cudaq_dense_statevector_fp64,fp64,ridge_alpha1,3,78ecec267502f433ab148452979221600becf679520b50ad454009e0ca097af5,True,ok,0.0005828499997733161,0.004045389735132472,ok,,125,25,cfe2de41d200712ceb24a38a6f886f2adc63cb5ef2a07d137698d4a4df53927f,711625bc7eb331c0b9a32c4a0cd93207520b64226e688bccf89cdfecac10ead4,"{""alpha"":1.0,""class"":""sklearn.linear_model.Ridge"",""fit_intercept"":true,""solver"":""svd""}","{""constant_std_replacement"":1.0,""constant_std_threshold"":1e-06,""mean"":[1.8229437626108196,3.184793708383161,2.8464206995051593,3.0832654564045274,0.24756713248516646,1.8222457666062042,3.4965075614664873],""scale_after_constant_guard"":[0.3641531041833594,1.4447331980481315,1.1894875239139924,1.6077223285489868,0.47751812342892447,0.4329417241884537,1.0],""std_before_constant_guard"":[0.3641531041833594,1.4447331980481315,1.1894875239139924,1.6077223285489868,0.47751812342892447,0.4329417241884537,7.105427357601002e-15],""target"":""log1p_seconds_with_expm1_inverse_and_lower_clip_zero"",""transform"":""log1p_nonnegative_globals_then_outer_train_standard_scaler""}",,single,True
cudaq_dense_statevector_fp64,fp64,ridge_alpha1,3,79b8fdfbfe6897a226612f9b9e27a4533aac4b48258335fb7746c5f10989cedc,True,ok,0.00013466700329445302,0.0002480887598087732,ok,,125,25,cfe2de41d200712ceb24a38a6f886f2adc63cb5ef2a07d137698d4a4df53927f,711625bc7eb331c0b9a32c4a0cd93207520b64226e688bccf89cdfecac10ead4,"{""alpha"":1.0,""class"":""sklearn.linear_model.Ridge"",""fit_intercept"":true,""solver"":""svd""}","{""constant_std_replacement"":1.0,""constant_std_threshold"":1e-06,""mean"":[1.8229437626108196,3.184793708383161,2.8464206995051593,3.0832654564045274,0.24756713248516646,1.8222457666062042,3.4965075614664873],""scale_after_constant_guard"":[0.3641531041833594,1.4447331980481315,1.1894875239139924,1.6077223285489868,0.47751812342892447,0.4329417241884537,1.0],""std_before_constant_guard"":[0.3641531041833594,1.4447331980481315,1.1894875239139924,1.6077223285489868,0.47751812342892447,0.4329417241884537,7.105427357601002e-15],""target"":""log1p_seconds_with_expm1_inverse_and_lower_clip_zero"",""transform"":""log1p_nonnegative_globals_then_outer_train_standard_scaler""}",,single,True
cudaq_dense_statevector_fp64,fp64,ridge_alpha1,3,81a66b1daaf97d148a8a075515daf8702349d257883a1dd88e26993c1622351f,True,ok,0.0005727160023525357,0.0008955275874050743,ok,,125,25,cfe2de41d200712ceb24a38a6f886f2adc63cb5ef2a07d137698d4a4df53927f,711625bc7eb331c0b9a32c4a0cd93207520b64226e688bccf89cdfecac10ead4,"{""alpha"":1.0,""class"":""sklearn.linear_model.Ridge"",""fit_intercept"":true,""solver"":""svd""}","{""constant_std_replacement"":1.0,""constant_std_threshold"":1e-06,""mean"":[1.8229437626108196,3.184793708383161,2.8464206995051593,3.0832654564045274,0.24756713248516646,1.8222457666062042,3.4965075614664873],""scale_after_constant_guard"":[0.3641531041833594,1.4447331980481315,1.1894875239139924,1.6077223285489868,0.47751812342892447,0.4329417241884537,1.0],""std_before_constant_guard"":[0.3641531041833594,1.4447331980481315,1.1894875239139924,1.6077223285489868,0.47751812342892447,0.4329417241884537,7.105427357601002e-15],""target"":""log1p_seconds_with_expm1_inverse_and_lower_clip_zero"",""transform"":""log1p_nonnegative_globals_then_outer_train_standard_scaler""}",,single,True
cudaq_dense_statevector_fp64,fp64,ridge_alpha1,3,8d3b3ff10a3a80d0dda4e7043cce2b222aaf9e3cc19caa194b8e87da40266ac5,True,ok,0.0004214040091028437,0.002166789734287482,ok,,125,25,cfe2de41d200712ceb24a38a6f886f2adc63cb5ef2a07d137698d4a4df53927f,711625bc7eb331c0b9a32c4a0cd93207520b64226e688bccf89cdfecac10ead4,"{""alpha"":1.0,""class"":""sklearn.linear_model.Ridge"",""fit_intercept"":true,""solver"":""svd""}","{""constant_std_replacement"":1.0,""constant_std_threshold"":1e-06,""mean"":[1.8229437626108196,3.184793708383161,2.8464206995051593,3.0832654564045274,0.24756713248516646,1.8222457666062042,3.4965075614664873],""scale_after_constant_guard"":[0.3641531041833594,1.4447331980481315,1.1894875239139924,1.6077223285489868,0.47751812342892447,0.4329417241884537,1.0],""std_before_constant_guard"":[0.3641531041833594,1.4447331980481315,1.1894875239139924,1.6077223285489868,0.47751812342892447,0.4329417241884537,7.105427357601002e-15],""target"":""log1p_seconds_with_expm1_inverse_and_lower_clip_zero"",""transform"":""log1p_nonnegative_globals_then_outer_train_standard_scaler""}",,single,True
cudaq_dense_statevector_fp64,fp64,ridge_alpha1,3,99e0865dc3fced630c02b5b2710b24fd9257ba31d54112cde08a769e974f53c4,True,ok,0.000739519004127942,0.003415805976224224,ok,,125,25,cfe2de41d200712ceb24a38a6f886f2adc63cb5ef2a07d137698d4a4df53927f,711625bc7eb331c0b9a32c4a0cd93207520b64226e688bccf89cdfecac10ead4,"{""alpha"":1.0,""class"":""sklearn.linear_model.Ridge"",""fit_intercept"":true,""solver"":""svd""}","{""constant_std_replacement"":1.0,""constant_std_threshold"":1e-06,""mean"":[1.8229437626108196,3.184793708383161,2.8464206995051593,3.0832654564045274,0.24756713248516646,1.8222457666062042,3.4965075614664873],""scale_after_constant_guard"":[0.3641531041833594,1.4447331980481315,1.1894875239139924,1.6077223285489868,0.47751812342892447,0.4329417241884537,1.0],""std_before_constant_guard"":[0.3641531041833594,1.4447331980481315,1.1894875239139924,1.6077223285489868,0.47751812342892447,0.4329417241884537,7.105427357601002e-15],""target"":""log1p_seconds_with_expm1_inverse_and_lower_clip_zero"",""transform"":""log1p_nonnegative_globals_then_outer_train_standard_scaler""}",,single,True
cudaq_dense_statevector_fp64,fp64,ridge_alpha1,3,9fc54c185186ff8c504ebdac4e3fa109beb4cf46f86196a3376b3153a7f72962,True,ok,0.00020380900241434574,0.0,ok,,125,25,cfe2de41d200712ceb24a38a6f886f2adc63cb5ef2a07d137698d4a4df53927f,711625bc7eb331c0b9a32c4a0cd93207520b64226e688bccf89cdfecac10ead4,"{""alpha"":1.0,""class"":""sklearn.linear_model.Ridge"",""fit_intercept"":true,""solver"":""svd""}","{""constant_std_replacement"":1.0,""constant_std_threshold"":1e-06,""mean"":[1.8229437626108196,3.184793708383161,2.8464206995051593,3.0832654564045274,0.24756713248516646,1.8222457666062042,3.4965075614664873],""scale_after_constant_guard"":[0.3641531041833594,1.4447331980481315,1.1894875239139924,1.6077223285489868,0.47751812342892447,0.4329417241884537,1.0],""std_before_constant_guard"":[0.3641531041833594,1.4447331980481315,1.1894875239139924,1.6077223285489868,0.47751812342892447,0.4329417241884537,7.105427357601002e-15],""target"":""log1p_seconds_with_expm1_inverse_and_lower_clip_zero"",""transform"":""log1p_nonnegative_globals_then_outer_train_standard_scaler""}",,single,True
cudaq_dense_statevector_fp64,fp64,ridge_alpha1,3,b6afb1122e1baece13144a1d0da78738759129107f453e9579e99e8789e057fe,True,ok,0.00019810900266747922,0.0,ok,,125,25,cfe2de41d200712ceb24a38a6f886f2adc63cb5ef2a07d137698d4a4df53927f,711625bc7eb331c0b9a32c4a0cd93207520b64226e688bccf89cdfecac10ead4,"{""alpha"":1.0,""class"":""sklearn.linear_model.Ridge"",""fit_intercept"":true,""solver"":""svd""}","{""constant_std_replacement"":1.0,""constant_std_threshold"":1e-06,""mean"":[1.8229437626108196,3.184793708383161,2.8464206995051593,3.0832654564045274,0.24756713248516646,1.8222457666062042,3.4965075614664873],""scale_after_constant_guard"":[0.3641531041833594,1.4447331980481315,1.1894875239139924,1.6077223285489868,0.47751812342892447,0.4329417241884537,1.0],""std_before_constant_guard"":[0.3641531041833594,1.4447331980481315,1.1894875239139924,1.6077223285489868,0.47751812342892447,0.4329417241884537,7.105427357601002e-15],""target"":""log1p_seconds_with_expm1_inverse_and_lower_clip_zero"",""transform"":""log1p_nonnegative_globals_then_outer_train_standard_scaler""}",,single,True
cudaq_dense_statevector_fp64,fp64,ridge_alpha1,3,c69c35c09a4dcfe7dd09af0b73be8e5f608531bf0baadd794f6861bcf237e40c,True,ok,0.0001400179899064824,0.0002480887598087732,ok,,125,25,cfe2de41d200712ceb24a38a6f886f2adc63cb5ef2a07d137698d4a4df53927f,711625bc7eb331c0b9a32c4a0cd93207520b64226e688bccf89cdfecac10ead4,"{""alpha"":1.0,""class"":""sklearn.linear_model.Ridge"",""fit_intercept"":true,""solver"":""svd""}","{""constant_std_replacement"":1.0,""constant_std_threshold"":1e-06,""mean"":[1.8229437626108196,3.184793708383161,2.8464206995051593,3.0832654564045274,0.24756713248516646,1.8222457666062042,3.4965075614664873],""scale_after_constant_guard"":[0.3641531041833594,1.4447331980481315,1.1894875239139924,1.6077223285489868,0.47751812342892447,0.4329417241884537,1.0],""std_before_constant_guard"":[0.3641531041833594,1.4447331980481315,1.1894875239139924,1.6077223285489868,0.47751812342892447,0.4329417241884537,7.105427357601002e-15],""target"":""log1p_seconds_with_expm1_inverse_and_lower_clip_zero"",""transform"":""log1p_nonnegative_globals_then_outer_train_standard_scaler""}",,single,True
cudaq_dense_statevector_fp64,fp64,ridge_alpha1,3,db0e077b1674f90860a270d014aa8226822880dbf36c819dad0bea17881b7eb5,True,ok,0.0002332010044483468,0.0,ok,,125,25,cfe2de41d200712ceb24a38a6f886f2adc63cb5ef2a07d137698d4a4df53927f,711625bc7eb331c0b9a32c4a0cd93207520b64226e688bccf89cdfecac10ead4,"{""alpha"":1.0,""class"":""sklearn.linear_model.Ridge"",""fit_intercept"":true,""solver"":""svd""}","{""constant_std_replacement"":1.0,""constant_std_threshold"":1e-06,""mean"":[1.8229437626108196,3.184793708383161,2.8464206995051593,3.0832654564045274,0.24756713248516646,1.8222457666062042,3.4965075614664873],""scale_after_constant_guard"":[0.3641531041833594,1.4447331980481315,1.1894875239139924,1.6077223285489868,0.47751812342892447,0.4329417241884537,1.0],""std_before_constant_guard"":[0.3641531041833594,1.4447331980481315,1.1894875239139924,1.6077223285489868,0.47751812342892447,0.4329417241884537,7.105427357601002e-15],""target"":""log1p_seconds_with_expm1_inverse_and_lower_clip_zero"",""transform"":""log1p_nonnegative_globals_then_outer_train_standard_scaler""}",,single,True
cudaq_dense_statevector_fp64,fp64,ridge_alpha1,3,e2fba21685e6e7d22d625d8babcc9c51a8911815153e52fc89277e0efe117045,True,ok,0.00027516100089997053,0.0,ok,,125,25,cfe2de41d200712ceb24a38a6f886f2adc63cb5ef2a07d137698d4a4df53927f,711625bc7eb331c0b9a32c4a0cd93207520b64226e688bccf89cdfecac10ead4,"{""alpha"":1.0,""class"":""sklearn.linear_model.Ridge"",""fit_intercept"":true,""solver"":""svd""}","{""constant_std_replacement"":1.0,""constant_std_threshold"":1e-06,""mean"":[1.8229437626108196,3.184793708383161,2.8464206995051593,3.0832654564045274,0.24756713248516646,1.8222457666062042,3.4965075614664873],""scale_after_constant_guard"":[0.3641531041833594,1.4447331980481315,1.1894875239139924,1.6077223285489868,0.47751812342892447,0.4329417241884537,1.0],""std_before_constant_guard"":[0.3641531041833594,1.4447331980481315,1.1894875239139924,1.6077223285489868,0.47751812342892447,0.4329417241884537,7.105427357601002e-15],""target"":""log1p_seconds_with_expm1_inverse_and_lower_clip_zero"",""transform"":""log1p_nonnegative_globals_then_outer_train_standard_scaler""}",,single,True
cudaq_dense_statevector_fp64,fp64,ridge_alpha1,3,e4664972befc3ffed396f3842bf910be22c2fbe7f293d3c295b971dfe094d398,True,ok,0.00048641600005794317,0.0016267077427352238,ok,,125,25,cfe2de41d200712ceb24a38a6f886f2adc63cb5ef2a07d137698d4a4df53927f,711625bc7eb331c0b9a32c4a0cd93207520b64226e688bccf89cdfecac10ead4,"{""alpha"":1.0,""class"":""sklearn.linear_model.Ridge"",""fit_intercept"":true,""solver"":""svd""}","{""constant_std_replacement"":1.0,""constant_std_threshold"":1e-06,""mean"":[1.8229437626108196,3.184793708383161,2.8464206995051593,3.0832654564045274,0.24756713248516646,1.8222457666062042,3.4965075614664873],""scale_after_constant_guard"":[0.3641531041833594,1.4447331980481315,1.1894875239139924,1.6077223285489868,0.47751812342892447,0.4329417241884537,1.0],""std_before_constant_guard"":[0.3641531041833594,1.4447331980481315,1.1894875239139924,1.6077223285489868,0.47751812342892447,0.4329417241884537,7.105427357601002e-15],""target"":""log1p_seconds_with_expm1_inverse_and_lower_clip_zero"",""transform"":""log1p_nonnegative_globals_then_outer_train_standard_scaler""}",,single,True
cudaq_dense_statevector_fp64,fp64,ridge_alpha1,3,f0e0170b510412a7e964e82f14793115a9e53a1b250283a74abd893a45b5f20e,True,ok,0.000482554009067826,0.0021261276700453697,ok,,125,25,cfe2de41d200712ceb24a38a6f886f2adc63cb5ef2a07d137698d4a4df53927f,711625bc7eb331c0b9a32c4a0cd93207520b64226e688bccf89cdfecac10ead4,"{""alpha"":1.0,""class"":""sklearn.linear_model.Ridge"",""fit_intercept"":true,""solver"":""svd""}","{""constant_std_replacement"":1.0,""constant_std_threshold"":1e-06,""mean"":[1.8229437626108196,3.184793708383161,2.8464206995051593,3.0832654564045274,0.24756713248516646,1.8222457666062042,3.4965075614664873],""scale_after_constant_guard"":[0.3641531041833594,1.4447331980481315,1.1894875239139924,1.6077223285489868,0.47751812342892447,0.4329417241884537,1.0],""std_before_constant_guard"":[0.3641531041833594,1.4447331980481315,1.1894875239139924,1.6077223285489868,0.47751812342892447,0.4329417241884537,7.105427357601002e-15],""target"":""log1p_seconds_with_expm1_inverse_and_lower_clip_zero"",""transform"":""log1p_nonnegative_globals_then_outer_train_standard_scaler""}",,single,True
cudaq_dense_statevector_fp64,fp64,ridge_alpha1,3,fa595f88d0ab98542a799af4492f53b2a5e2e88ebc442a9b508abac209d0afcc,True,ok,0.0010868179961107671,0.0,ok,,125,25,cfe2de41d200712ceb24a38a6f886f2adc63cb5ef2a07d137698d4a4df53927f,711625bc7eb331c0b9a32c4a0cd93207520b64226e688bccf89cdfecac10ead4,"{""alpha"":1.0,""class"":""sklearn.linear_model.Ridge"",""fit_intercept"":true,""solver"":""svd""}","{""constant_std_replacement"":1.0,""constant_std_threshold"":1e-06,""mean"":[1.8229437626108196,3.184793708383161,2.8464206995051593,3.0832654564045274,0.24756713248516646,1.8222457666062042,3.4965075614664873],""scale_after_constant_guard"":[0.3641531041833594,1.4447331980481315,1.1894875239139924,1.6077223285489868,0.47751812342892447,0.4329417241884537,1.0],""std_before_constant_guard"":[0.3641531041833594,1.4447331980481315,1.1894875239139924,1.6077223285489868,0.47751812342892447,0.4329417241884537,7.105427357601002e-15],""target"":""log1p_seconds_with_expm1_inverse_and_lower_clip_zero"",""transform"":""log1p_nonnegative_globals_then_outer_train_standard_scaler""}",,single,True
cudaq_dense_statevector_fp64,fp64,ridge_alpha1,3,fea8eb37e38bc24d3352d9446471b5cf8f6b8af6ae4c0f931d5942564936274c,True,ok,0.0006803360010962933,0.0024595689745274497,ok,,125,25,cfe2de41d200712ceb24a38a6f886f2adc63cb5ef2a07d137698d4a4df53927f,711625bc7eb331c0b9a32c4a0cd93207520b64226e688bccf89cdfecac10ead4,"{""alpha"":1.0,""class"":""sklearn.linear_model.Ridge"",""fit_intercept"":true,""solver"":""svd""}","{""constant_std_replacement"":1.0,""constant_std_threshold"":1e-06,""mean"":[1.8229437626108196,3.184793708383161,2.8464206995051593,3.0832654564045274,0.24756713248516646,1.8222457666062042,3.4965075614664873],""scale_after_constant_guard"":[0.3641531041833594,1.4447331980481315,1.1894875239139924,1.6077223285489868,0.47751812342892447,0.4329417241884537,1.0],""std_before_constant_guard"":[0.3641531041833594,1.4447331980481315,1.1894875239139924,1.6077223285489868,0.47751812342892447,0.4329417241884537,7.105427357601002e-15],""target"":""log1p_seconds_with_expm1_inverse_and_lower_clip_zero"",""transform"":""log1p_nonnegative_globals_then_outer_train_standard_scaler""}",,single,True
cudaq_dense_statevector_fp64,fp64,rbf_svr,3,0285fd21a0dd1ca29cd386de85a1a8af49cc7d71f5c86f6451b55a11c68864a8,True,ok,0.0002549189957790077,0.009078195517368028,ok,,125,25,cfe2de41d200712ceb24a38a6f886f2adc63cb5ef2a07d137698d4a4df53927f,711625bc7eb331c0b9a32c4a0cd93207520b64226e688bccf89cdfecac10ead4,"{""C"":10.0,""class"":""sklearn.svm.SVR"",""epsilon"":0.01,""gamma"":""scale"",""kernel"":""rbf"",""max_iter"":-1,""tol"":0.001}","{""constant_std_replacement"":1.0,""constant_std_threshold"":1e-06,""mean"":[1.8229437626108196,3.184793708383161,2.8464206995051593,3.0832654564045274,0.24756713248516646,1.8222457666062042,3.4965075614664873],""scale_after_constant_guard"":[0.3641531041833594,1.4447331980481315,1.1894875239139924,1.6077223285489868,0.47751812342892447,0.4329417241884537,1.0],""std_before_constant_guard"":[0.3641531041833594,1.4447331980481315,1.1894875239139924,1.6077223285489868,0.47751812342892447,0.4329417241884537,7.105427357601002e-15],""target"":""log1p_seconds_with_expm1_inverse_and_lower_clip_zero"",""transform"":""log1p_nonnegative_globals_then_outer_train_standard_scaler""}",,single,True
cudaq_dense_statevector_fp64,fp64,rbf_svr,3,13721ab5a328b17bf3f8c3692cda844a7e538a8c92530d0c1236f43d3ad5a884,True,ok,0.0001372170081594959,0.008643334326925177,ok,,125,25,cfe2de41d200712ceb24a38a6f886f2adc63cb5ef2a07d137698d4a4df53927f,711625bc7eb331c0b9a32c4a0cd93207520b64226e688bccf89cdfecac10ead4,"{""C"":10.0,""class"":""sklearn.svm.SVR"",""epsilon"":0.01,""gamma"":""scale"",""kernel"":""rbf"",""max_iter"":-1,""tol"":0.001}","{""constant_std_replacement"":1.0,""constant_std_threshold"":1e-06,""mean"":[1.8229437626108196,3.184793708383161,2.8464206995051593,3.0832654564045274,0.24756713248516646,1.8222457666062042,3.4965075614664873],""scale_after_constant_guard"":[0.3641531041833594,1.4447331980481315,1.1894875239139924,1.6077223285489868,0.47751812342892447,0.4329417241884537,1.0],""std_before_constant_guard"":[0.3641531041833594,1.4447331980481315,1.1894875239139924,1.6077223285489868,0.47751812342892447,0.4329417241884537,7.105427357601002e-15],""target"":""log1p_seconds_with_expm1_inverse_and_lower_clip_zero"",""transform"":""log1p_nonnegative_globals_then_outer_train_standard_scaler""}",,single,True
cudaq_dense_statevector_fp64,fp64,rbf_svr,3,15e80264fdff1398ab38bbd9144f853a3a2317e95163fda15a1e9ec2657beecb,True,ok,0.00015799100219737738,0.010154381275449527,ok,,125,25,cfe2de41d200712ceb24a38a6f886f2adc63cb5ef2a07d137698d4a4df53927f,711625bc7eb331c0b9a32c4a0cd93207520b64226e688bccf89cdfecac10ead4,"{""C"":10.0,""class"":""sklearn.svm.SVR"",""epsilon"":0.01,""gamma"":""scale"",""kernel"":""rbf"",""max_iter"":-1,""tol"":0.001}","{""constant_std_replacement"":1.0,""constant_std_threshold"":1e-06,""mean"":[1.8229437626108196,3.184793708383161,2.8464206995051593,3.0832654564045274,0.24756713248516646,1.8222457666062042,3.4965075614664873],""scale_after_constant_guard"":[0.3641531041833594,1.4447331980481315,1.1894875239139924,1.6077223285489868,0.47751812342892447,0.4329417241884537,1.0],""std_before_constant_guard"":[0.3641531041833594,1.4447331980481315,1.1894875239139924,1.6077223285489868,0.47751812342892447,0.4329417241884537,7.105427357601002e-15],""target"":""log1p_seconds_with_expm1_inverse_and_lower_clip_zero"",""transform"":""log1p_nonnegative_globals_then_outer_train_standard_scaler""}",,single,True
cudaq_dense_statevector_fp64,fp64,rbf_svr,3,187d76ac82884dc3202418b0e06077eec26afed0c625b228d76b4416e6bfa480,True,ok,0.00022338501003105193,0.009027331183973215,ok,,125,25,cfe2de41d200712ceb24a38a6f886f2adc63cb5ef2a07d137698d4a4df53927f,711625bc7eb331c0b9a32c4a0cd93207520b64226e688bccf89cdfecac10ead4,"{""C"":10.0,""class"":""sklearn.svm.SVR"",""epsilon"":0.01,""gamma"":""scale"",""kernel"":""rbf"",""max_iter"":-1,""tol"":0.001}","{""constant_std_replacement"":1.0,""constant_std_threshold"":1e-06,""mean"":[1.8229437626108196,3.184793708383161,2.8464206995051593,3.0832654564045274,0.24756713248516646,1.8222457666062042,3.4965075614664873],""scale_after_constant_guard"":[0.3641531041833594,1.4447331980481315,1.1894875239139924,1.6077223285489868,0.47751812342892447,0.4329417241884537,1.0],""std_before_constant_guard"":[0.3641531041833594,1.4447331980481315,1.1894875239139924,1.6077223285489868,0.47751812342892447,0.4329417241884537,7.105427357601002e-15],""target"":""log1p_seconds_with_expm1_inverse_and_lower_clip_zero"",""transform"":""log1p_nonnegative_globals_then_outer_train_standard_scaler""}",,single,True
cudaq_dense_statevector_fp64,fp64,rbf_svr,3,2e57556a1b12802c7368ef21e0eb8e5c9863f768a48a9a4d0771725e60b8a616,True,ok,0.00018331900355406106,0.009689149395939683,ok,,125,25,cfe2de41d200712ceb24a38a6f886f2adc63cb5ef2a07d137698d4a4df53927f,711625bc7eb331c0b9a32c4a0cd93207520b64226e688bccf89cdfecac10ead4,"{""C"":10.0,""class"":""sklearn.svm.SVR"",""epsilon"":0.01,""gamma"":""scale"",""kernel"":""rbf"",""max_iter"":-1,""tol"":0.001}","{""constant_std_replacement"":1.0,""constant_std_threshold"":1e-06,""mean"":[1.8229437626108196,3.184793708383161,2.8464206995051593,3.0832654564045274,0.24756713248516646,1.8222457666062042,3.4965075614664873],""scale_after_constant_guard"":[0.3641531041833594,1.4447331980481315,1.1894875239139924,1.6077223285489868,0.47751812342892447,0.4329417241884537,1.0],""std_before_constant_guard"":[0.3641531041833594,1.4447331980481315,1.1894875239139924,1.6077223285489868,0.47751812342892447,0.4329417241884537,7.105427357601002e-15],""target"":""log1p_seconds_with_expm1_inverse_and_lower_clip_zero"",""transform"":""log1p_nonnegative_globals_then_outer_train_standard_scaler""}",,single,True
cudaq_dense_statevector_fp64,fp64,rbf_svr,3,3157278e31c54e80e45de35bfb793aac89eb413e21aabe08b2e0e140de8c0d39,True,ok,0.0011858819925691932,0.008987697947267916,ok,,125,25,cfe2de41d200712ceb24a38a6f886f2adc63cb5ef2a07d137698d4a4df53927f,711625bc7eb331c0b9a32c4a0cd93207520b64226e688bccf89cdfecac10ead4,"{""C"":10.0,""class"":""sklearn.svm.SVR"",""epsilon"":0.01,""gamma"":""scale"",""kernel"":""rbf"",""max_iter"":-1,""tol"":0.001}","{""constant_std_replacement"":1.0,""constant_std_threshold"":1e-06,""mean"":[1.8229437626108196,3.184793708383161,2.8464206995051593,3.0832654564045274,0.24756713248516646,1.8222457666062042,3.4965075614664873],""scale_after_constant_guard"":[0.3641531041833594,1.4447331980481315,1.1894875239139924,1.6077223285489868,0.47751812342892447,0.4329417241884537,1.0],""std_before_constant_guard"":[0.3641531041833594,1.4447331980481315,1.1894875239139924,1.6077223285489868,0.47751812342892447,0.4329417241884537,7.105427357601002e-15],""target"":""log1p_seconds_with_expm1_inverse_and_lower_clip_zero"",""transform"":""log1p_nonnegative_globals_then_outer_train_standard_scaler""}",,single,True
cudaq_dense_statevector_fp64,fp64,rbf_svr,3,3c0ed99f7e5a0409bdadc636b8b7a5dd911304ccbe2e87b32589b91dd44a6a5a,True,ok,0.00010722399747464806,0.010083684084364409,ok,,125,25,cfe2de41d200712ceb24a38a6f886f2adc63cb5ef2a07d137698d4a4df53927f,711625bc7eb331c0b9a32c4a0cd93207520b64226e688bccf89cdfecac10ead4,"{""C"":10.0,""class"":""sklearn.svm.SVR"",""epsilon"":0.01,""gamma"":""scale"",""kernel"":""rbf"",""max_iter"":-1,""tol"":0.001}","{""constant_std_replacement"":1.0,""constant_std_threshold"":1e-06,""mean"":[1.8229437626108196,3.184793708383161,2.8464206995051593,3.0832654564045274,0.24756713248516646,1.8222457666062042,3.4965075614664873],""scale_after_constant_guard"":[0.3641531041833594,1.4447331980481315,1.1894875239139924,1.6077223285489868,0.47751812342892447,0.4329417241884537,1.0],""std_before_constant_guard"":[0.3641531041833594,1.4447331980481315,1.1894875239139924,1.6077223285489868,0.47751812342892447,0.4329417241884537,7.105427357601002e-15],""target"":""log1p_seconds_with_expm1_inverse_and_lower_clip_zero"",""transform"":""log1p_nonnegative_globals_then_outer_train_standard_scaler""}",,single,True
cudaq_dense_statevector_fp64,fp64,rbf_svr,3,45ca196e391297302c92dc6ea0fd119efa62b2ee88e3b85260561e5fbafa7400,True,ok,0.00014396599726751447,0.008471205214631376,ok,,125,25,cfe2de41d200712ceb24a38a6f886f2adc63cb5ef2a07d137698d4a4df53927f,711625bc7eb331c0b9a32c4a0cd93207520b64226e688bccf89cdfecac10ead4,"{""C"":10.0,""class"":""sklearn.svm.SVR"",""epsilon"":0.01,""gamma"":""scale"",""kernel"":""rbf"",""max_iter"":-1,""tol"":0.001}","{""constant_std_replacement"":1.0,""constant_std_threshold"":1e-06,""mean"":[1.8229437626108196,3.184793708383161,2.8464206995051593,3.0832654564045274,0.24756713248516646,1.8222457666062042,3.4965075614664873],""scale_after_constant_guard"":[0.3641531041833594,1.4447331980481315,1.1894875239139924,1.6077223285489868,0.47751812342892447,0.4329417241884537,1.0],""std_before_constant_guard"":[0.3641531041833594,1.4447331980481315,1.1894875239139924,1.6077223285489868,0.47751812342892447,0.4329417241884537,7.105427357601002e-15],""target"":""log1p_seconds_with_expm1_inverse_and_lower_clip_zero"",""transform"":""log1p_nonnegative_globals_then_outer_train_standard_scaler""}",,single,True
cudaq_dense_statevector_fp64,fp64,rbf_svr,3,4d5b55eb4b8a0aea0af4bde721618cbe79ed66e0636398ffddc79ace483672a6,True,ok,0.0005926589947193861,0.010655557624134294,ok,,125,25,cfe2de41d200712ceb24a38a6f886f2adc63cb5ef2a07d137698d4a4df53927f,711625bc7eb331c0b9a32c4a0cd93207520b64226e688bccf89cdfecac10ead4,"{""C"":10.0,""class"":""sklearn.svm.SVR"",""epsilon"":0.01,""gamma"":""scale"",""kernel"":""rbf"",""max_iter"":-1,""tol"":0.001}","{""constant_std_replacement"":1.0,""constant_std_threshold"":1e-06,""mean"":[1.8229437626108196,3.184793708383161,2.8464206995051593,3.0832654564045274,0.24756713248516646,1.8222457666062042,3.4965075614664873],""scale_after_constant_guard"":[0.3641531041833594,1.4447331980481315,1.1894875239139924,1.6077223285489868,0.47751812342892447,0.4329417241884537,1.0],""std_before_constant_guard"":[0.3641531041833594,1.4447331980481315,1.1894875239139924,1.6077223285489868,0.47751812342892447,0.4329417241884537,7.105427357601002e-15],""target"":""log1p_seconds_with_expm1_inverse_and_lower_clip_zero"",""transform"":""log1p_nonnegative_globals_then_outer_train_standard_scaler""}",,single,True
cudaq_dense_statevector_fp64,fp64,rbf_svr,3,5042c6dd513b1366c0a145850de9e534b0e38aabc818b994ab8c4b6cad7ad5c8,True,ok,0.0012798240059055388,0.007878564997489885,ok,,125,25,cfe2de41d200712ceb24a38a6f886f2adc63cb5ef2a07d137698d4a4df53927f,711625bc7eb331c0b9a32c4a0cd93207520b64226e688bccf89cdfecac10ead4,"{""C"":10.0,""class"":""sklearn.svm.SVR"",""epsilon"":0.01,""gamma"":""scale"",""kernel"":""rbf"",""max_iter"":-1,""tol"":0.001}","{""constant_std_replacement"":1.0,""constant_std_threshold"":1e-06,""mean"":[1.8229437626108196,3.184793708383161,2.8464206995051593,3.0832654564045274,0.24756713248516646,1.8222457666062042,3.4965075614664873],""scale_after_constant_guard"":[0.3641531041833594,1.4447331980481315,1.1894875239139924,1.6077223285489868,0.47751812342892447,0.4329417241884537,1.0],""std_before_constant_guard"":[0.3641531041833594,1.4447331980481315,1.1894875239139924,1.6077223285489868,0.47751812342892447,0.4329417241884537,7.105427357601002e-15],""target"":""log1p_seconds_with_expm1_inverse_and_lower_clip_zero"",""transform"":""log1p_nonnegative_globals_then_outer_train_standard_scaler""}",,single,True
cudaq_dense_statevector_fp64,fp64,rbf_svr,3,50a5fc62010017f60b77f8c81e9ddf9bd95419be272d2ec5ed1445aae0c7ac92,True,ok,9.929899533744901e-05,0.008014620962728538,ok,,125,25,cfe2de41d200712ceb24a38a6f886f2adc63cb5ef2a07d137698d4a4df53927f,711625bc7eb331c0b9a32c4a0cd93207520b64226e688bccf89cdfecac10ead4,"{""C"":10.0,""class"":""sklearn.svm.SVR"",""epsilon"":0.01,""gamma"":""scale"",""kernel"":""rbf"",""max_iter"":-1,""tol"":0.001}","{""constant_std_replacement"":1.0,""constant_std_threshold"":1e-06,""mean"":[1.8229437626108196,3.184793708383161,2.8464206995051593,3.0832654564045274,0.24756713248516646,1.8222457666062042,3.4965075614664873],""scale_after_constant_guard"":[0.3641531041833594,1.4447331980481315,1.1894875239139924,1.6077223285489868,0.47751812342892447,0.4329417241884537,1.0],""std_before_constant_guard"":[0.3641531041833594,1.4447331980481315,1.1894875239139924,1.6077223285489868,0.47751812342892447,0.4329417241884537,7.105427357601002e-15],""target"":""log1p_seconds_with_expm1_inverse_and_lower_clip_zero"",""transform"":""log1p_nonnegative_globals_then_outer_train_standard_scaler""}",,single,True
cudaq_dense_statevector_fp64,fp64,rbf_svr,3,78ecec267502f433ab148452979221600becf679520b50ad454009e0ca097af5,True,ok,0.0005828499997733161,0.009339354335641844,ok,,125,25,cfe2de41d200712ceb24a38a6f886f2adc63cb5ef2a07d137698d4a4df53927f,711625bc7eb331c0b9a32c4a0cd93207520b64226e688bccf89cdfecac10ead4,"{""C"":10.0,""class"":""sklearn.svm.SVR"",""epsilon"":0.01,""gamma"":""scale"",""kernel"":""rbf"",""max_iter"":-1,""tol"":0.001}","{""constant_std_replacement"":1.0,""constant_std_threshold"":1e-06,""mean"":[1.8229437626108196,3.184793708383161,2.8464206995051593,3.0832654564045274,0.24756713248516646,1.8222457666062042,3.4965075614664873],""scale_after_constant_guard"":[0.3641531041833594,1.4447331980481315,1.1894875239139924,1.6077223285489868,0.47751812342892447,0.4329417241884537,1.0],""std_before_constant_guard"":[0.3641531041833594,1.4447331980481315,1.1894875239139924,1.6077223285489868,0.47751812342892447,0.4329417241884537,7.105427357601002e-15],""target"":""log1p_seconds_with_expm1_inverse_and_lower_clip_zero"",""transform"":""log1p_nonnegative_globals_then_outer_train_standard_scaler""}",,single,True
cudaq_dense_statevector_fp64,fp64,rbf_svr,3,79b8fdfbfe6897a226612f9b9e27a4533aac4b48258335fb7746c5f10989cedc,True,ok,0.00013466700329445302,0.009054468641871483,ok,,125,25,cfe2de41d200712ceb24a38a6f886f2adc63cb5ef2a07d137698d4a4df53927f,711625bc7eb331c0b9a32c4a0cd93207520b64226e688bccf89cdfecac10ead4,"{""C"":10.0,""class"":""sklearn.svm.SVR"",""epsilon"":0.01,""gamma"":""scale"",""kernel"":""rbf"",""max_iter"":-1,""tol"":0.001}","{""constant_std_replacement"":1.0,""constant_std_threshold"":1e-06,""mean"":[1.8229437626108196,3.184793708383161,2.8464206995051593,3.0832654564045274,0.24756713248516646,1.8222457666062042,3.4965075614664873],""scale_after_constant_guard"":[0.3641531041833594,1.4447331980481315,1.1894875239139924,1.6077223285489868,0.47751812342892447,0.4329417241884537,1.0],""std_before_constant_guard"":[0.3641531041833594,1.4447331980481315,1.1894875239139924,1.6077223285489868,0.47751812342892447,0.4329417241884537,7.105427357601002e-15],""target"":""log1p_seconds_with_expm1_inverse_and_lower_clip_zero"",""transform"":""log1p_nonnegative_globals_then_outer_train_standard_scaler""}",,single,True
cudaq_dense_statevector_fp64,fp64,rbf_svr,3,81a66b1daaf97d148a8a075515daf8702349d257883a1dd88e26993c1622351f,True,ok,0.0005727160023525357,0.010714734402807607,ok,,125,25,cfe2de41d200712ceb24a38a6f886f2adc63cb5ef2a07d137698d4a4df53927f,711625bc7eb331c0b9a32c4a0cd93207520b64226e688bccf89cdfecac10ead4,"{""C"":10.0,""class"":""sklearn.svm.SVR"",""epsilon"":0.01,""gamma"":""scale"",""kernel"":""rbf"",""max_iter"":-1,""tol"":0.001}","{""constant_std_replacement"":1.0,""constant_std_threshold"":1e-06,""mean"":[1.8229437626108196,3.184793708383161,2.8464206995051593,3.0832654564045274,0.24756713248516646,1.8222457666062042,3.4965075614664873],""scale_after_constant_guard"":[0.3641531041833594,1.4447331980481315,1.1894875239139924,1.6077223285489868,0.47751812342892447,0.4329417241884537,1.0],""std_before_constant_guard"":[0.3641531041833594,1.4447331980481315,1.1894875239139924,1.6077223285489868,0.47751812342892447,0.4329417241884537,7.105427357601002e-15],""target"":""log1p_seconds_with_expm1_inverse_and_lower_clip_zero"",""transform"":""log1p_nonnegative_globals_then_outer_train_standard_scaler""}",,single,True
cudaq_dense_statevector_fp64,fp64,rbf_svr,3,8d3b3ff10a3a80d0dda4e7043cce2b222aaf9e3cc19caa194b8e87da40266ac5,True,ok,0.0004214040091028437,0.009031311142951935,ok,,125,25,cfe2de41d200712ceb24a38a6f886f2adc63cb5ef2a07d137698d4a4df53927f,711625bc7eb331c0b9a32c4a0cd93207520b64226e688bccf89cdfecac10ead4,"{""C"":10.0,""class"":""sklearn.svm.SVR"",""epsilon"":0.01,""gamma"":""scale"",""kernel"":""rbf"",""max_iter"":-1,""tol"":0.001}","{""constant_std_replacement"":1.0,""constant_std_threshold"":1e-06,""mean"":[1.8229437626108196,3.184793708383161,2.8464206995051593,3.0832654564045274,0.24756713248516646,1.8222457666062042,3.4965075614664873],""scale_after_constant_guard"":[0.3641531041833594,1.4447331980481315,1.1894875239139924,1.6077223285489868,0.47751812342892447,0.4329417241884537,1.0],""std_before_constant_guard"":[0.3641531041833594,1.4447331980481315,1.1894875239139924,1.6077223285489868,0.47751812342892447,0.4329417241884537,7.105427357601002e-15],""target"":""log1p_seconds_with_expm1_inverse_and_lower_clip_zero"",""transform"":""log1p_nonnegative_globals_then_outer_train_standard_scaler""}",,single,True
cudaq_dense_statevector_fp64,fp64,rbf_svr,3,99e0865dc3fced630c02b5b2710b24fd9257ba31d54112cde08a769e974f53c4,True,ok,0.000739519004127942,0.008994393500717722,ok,,125,25,cfe2de41d200712ceb24a38a6f886f2adc63cb5ef2a07d137698d4a4df53927f,711625bc7eb331c0b9a32c4a0cd93207520b64226e688bccf89cdfecac10ead4,"{""C"":10.0,""class"":""sklearn.svm.SVR"",""epsilon"":0.01,""gamma"":""scale"",""kernel"":""rbf"",""max_iter"":-1,""tol"":0.001}","{""constant_std_replacement"":1.0,""constant_std_threshold"":1e-06,""mean"":[1.8229437626108196,3.184793708383161,2.8464206995051593,3.0832654564045274,0.24756713248516646,1.8222457666062042,3.4965075614664873],""scale_after_constant_guard"":[0.3641531041833594,1.4447331980481315,1.1894875239139924,1.6077223285489868,0.47751812342892447,0.4329417241884537,1.0],""std_before_constant_guard"":[0.3641531041833594,1.4447331980481315,1.1894875239139924,1.6077223285489868,0.47751812342892447,0.4329417241884537,7.105427357601002e-15],""target"":""log1p_seconds_with_expm1_inverse_and_lower_clip_zero"",""transform"":""log1p_nonnegative_globals_then_outer_train_standard_scaler""}",,single,True
cudaq_dense_statevector_fp64,fp64,rbf_svr,3,9fc54c185186ff8c504ebdac4e3fa109beb4cf46f86196a3376b3153a7f72962,True,ok,0.00020380900241434574,0.009590040253563997,ok,,125,25,cfe2de41d200712ceb24a38a6f886f2adc63cb5ef2a07d137698d4a4df53927f,711625bc7eb331c0b9a32c4a0cd93207520b64226e688bccf89cdfecac10ead4,"{""C"":10.0,""class"":""sklearn.svm.SVR"",""epsilon"":0.01,""gamma"":""scale"",""kernel"":""rbf"",""max_iter"":-1,""tol"":0.001}","{""constant_std_replacement"":1.0,""constant_std_threshold"":1e-06,""mean"":[1.8229437626108196,3.184793708383161,2.8464206995051593,3.0832654564045274,0.24756713248516646,1.8222457666062042,3.4965075614664873],""scale_after_constant_guard"":[0.3641531041833594,1.4447331980481315,1.1894875239139924,1.6077223285489868,0.47751812342892447,0.4329417241884537,1.0],""std_before_constant_guard"":[0.3641531041833594,1.4447331980481315,1.1894875239139924,1.6077223285489868,0.47751812342892447,0.4329417241884537,7.105427357601002e-15],""target"":""log1p_seconds_with_expm1_inverse_and_lower_clip_zero"",""transform"":""log1p_nonnegative_globals_then_outer_train_standard_scaler""}",,single,True
cudaq_dense_statevector_fp64,fp64,rbf_svr,3,b6afb1122e1baece13144a1d0da78738759129107f453e9579e99e8789e057fe,True,ok,0.00019810900266747922,0.009299314125418423,ok,,125,25,cfe2de41d200712ceb24a38a6f886f2adc63cb5ef2a07d137698d4a4df53927f,711625bc7eb331c0b9a32c4a0cd93207520b64226e688bccf89cdfecac10ead4,"{""C"":10.0,""class"":""sklearn.svm.SVR"",""epsilon"":0.01,""gamma"":""scale"",""kernel"":""rbf"",""max_iter"":-1,""tol"":0.001}","{""constant_std_replacement"":1.0,""constant_std_threshold"":1e-06,""mean"":[1.8229437626108196,3.184793708383161,2.8464206995051593,3.0832654564045274,0.24756713248516646,1.8222457666062042,3.4965075614664873],""scale_after_constant_guard"":[0.3641531041833594,1.4447331980481315,1.1894875239139924,1.6077223285489868,0.47751812342892447,0.4329417241884537,1.0],""std_before_constant_guard"":[0.3641531041833594,1.4447331980481315,1.1894875239139924,1.6077223285489868,0.47751812342892447,0.4329417241884537,7.105427357601002e-15],""target"":""log1p_seconds_with_expm1_inverse_and_lower_clip_zero"",""transform"":""log1p_nonnegative_globals_then_outer_train_standard_scaler""}",,single,True
cudaq_dense_statevector_fp64,fp64,rbf_svr,3,c69c35c09a4dcfe7dd09af0b73be8e5f608531bf0baadd794f6861bcf237e40c,True,ok,0.0001400179899064824,0.009054468641871483,ok,,125,25,cfe2de41d200712ceb24a38a6f886f2adc63cb5ef2a07d137698d4a4df53927f,711625bc7eb331c0b9a32c4a0cd93207520b64226e688bccf89cdfecac10ead4,"{""C"":10.0,""class"":""sklearn.svm.SVR"",""epsilon"":0.01,""gamma"":""scale"",""kernel"":""rbf"",""max_iter"":-1,""tol"":0.001}","{""constant_std_replacement"":1.0,""constant_std_threshold"":1e-06,""mean"":[1.8229437626108196,3.184793708383161,2.8464206995051593,3.0832654564045274,0.24756713248516646,1.8222457666062042,3.4965075614664873],""scale_after_constant_guard"":[0.3641531041833594,1.4447331980481315,1.1894875239139924,1.6077223285489868,0.47751812342892447,0.4329417241884537,1.0],""std_before_constant_guard"":[0.3641531041833594,1.4447331980481315,1.1894875239139924,1.6077223285489868,0.47751812342892447,0.4329417241884537,7.105427357601002e-15],""target"":""log1p_seconds_with_expm1_inverse_and_lower_clip_zero"",""transform"":""log1p_nonnegative_globals_then_outer_train_standard_scaler""}",,single,True
cudaq_dense_statevector_fp64,fp64,rbf_svr,3,db0e077b1674f90860a270d014aa8226822880dbf36c819dad0bea17881b7eb5,True,ok,0.0002332010044483468,0.010452459874602941,ok,,125,25,cfe2de41d200712ceb24a38a6f886f2adc63cb5ef2a07d137698d4a4df53927f,711625bc7eb331c0b9a32c4a0cd93207520b64226e688bccf89cdfecac10ead4,"{""C"":10.0,""class"":""sklearn.svm.SVR"",""epsilon"":0.01,""gamma"":""scale"",""kernel"":""rbf"",""max_iter"":-1,""tol"":0.001}","{""constant_std_replacement"":1.0,""constant_std_threshold"":1e-06,""mean"":[1.8229437626108196,3.184793708383161,2.8464206995051593,3.0832654564045274,0.24756713248516646,1.8222457666062042,3.4965075614664873],""scale_after_constant_guard"":[0.3641531041833594,1.4447331980481315,1.1894875239139924,1.6077223285489868,0.47751812342892447,0.4329417241884537,1.0],""std_before_constant_guard"":[0.3641531041833594,1.4447331980481315,1.1894875239139924,1.6077223285489868,0.47751812342892447,0.4329417241884537,7.105427357601002e-15],""target"":""log1p_seconds_with_expm1_inverse_and_lower_clip_zero"",""transform"":""log1p_nonnegative_globals_then_outer_train_standard_scaler""}",,single,True
cudaq_dense_statevector_fp64,fp64,rbf_svr,3,e2fba21685e6e7d22d625d8babcc9c51a8911815153e52fc89277e0efe117045,True,ok,0.00027516100089997053,0.008864119057301398,ok,,125,25,cfe2de41d200712ceb24a38a6f886f2adc63cb5ef2a07d137698d4a4df53927f,711625bc7eb331c0b9a32c4a0cd93207520b64226e688bccf89cdfecac10ead4,"{""C"":10.0,""class"":""sklearn.svm.SVR"",""epsilon"":0.01,""gamma"":""scale"",""kernel"":""rbf"",""max_iter"":-1,""tol"":0.001}","{""constant_std_replacement"":1.0,""constant_std_threshold"":1e-06,""mean"":[1.8229437626108196,3.184793708383161,2.8464206995051593,3.0832654564045274,0.24756713248516646,1.8222457666062042,3.4965075614664873],""scale_after_constant_guard"":[0.3641531041833594,1.4447331980481315,1.1894875239139924,1.6077223285489868,0.47751812342892447,0.4329417241884537,1.0],""std_before_constant_guard"":[0.3641531041833594,1.4447331980481315,1.1894875239139924,1.6077223285489868,0.47751812342892447,0.4329417241884537,7.105427357601002e-15],""target"":""log1p_seconds_with_expm1_inverse_and_lower_clip_zero"",""transform"":""log1p_nonnegative_globals_then_outer_train_standard_scaler""}",,single,True
cudaq_dense_statevector_fp64,fp64,rbf_svr,3,e4664972befc3ffed396f3842bf910be22c2fbe7f293d3c295b971dfe094d398,True,ok,0.00048641600005794317,0.01034741117844694,ok,,125,25,cfe2de41d200712ceb24a38a6f886f2adc63cb5ef2a07d137698d4a4df53927f,711625bc7eb331c0b9a32c4a0cd93207520b64226e688bccf89cdfecac10ead4,"{""C"":10.0,""class"":""sklearn.svm.SVR"",""epsilon"":0.01,""gamma"":""scale"",""kernel"":""rbf"",""max_iter"":-1,""tol"":0.001}","{""constant_std_replacement"":1.0,""constant_std_threshold"":1e-06,""mean"":[1.8229437626108196,3.184793708383161,2.8464206995051593,3.0832654564045274,0.24756713248516646,1.8222457666062042,3.4965075614664873],""scale_after_constant_guard"":[0.3641531041833594,1.4447331980481315,1.1894875239139924,1.6077223285489868,0.47751812342892447,0.4329417241884537,1.0],""std_before_constant_guard"":[0.3641531041833594,1.4447331980481315,1.1894875239139924,1.6077223285489868,0.47751812342892447,0.4329417241884537,7.105427357601002e-15],""target"":""log1p_seconds_with_expm1_inverse_and_lower_clip_zero"",""transform"":""log1p_nonnegative_globals_then_outer_train_standard_scaler""}",,single,True
cudaq_dense_statevector_fp64,fp64,rbf_svr,3,f0e0170b510412a7e964e82f14793115a9e53a1b250283a74abd893a45b5f20e,True,ok,0.000482554009067826,0.00913237523426373,ok,,125,25,cfe2de41d200712ceb24a38a6f886f2adc63cb5ef2a07d137698d4a4df53927f,711625bc7eb331c0b9a32c4a0cd93207520b64226e688bccf89cdfecac10ead4,"{""C"":10.0,""class"":""sklearn.svm.SVR"",""epsilon"":0.01,""gamma"":""scale"",""kernel"":""rbf"",""max_iter"":-1,""tol"":0.001}","{""constant_std_replacement"":1.0,""constant_std_threshold"":1e-06,""mean"":[1.8229437626108196,3.184793708383161,2.8464206995051593,3.0832654564045274,0.24756713248516646,1.8222457666062042,3.4965075614664873],""scale_after_constant_guard"":[0.3641531041833594,1.4447331980481315,1.1894875239139924,1.6077223285489868,0.47751812342892447,0.4329417241884537,1.0],""std_before_constant_guard"":[0.3641531041833594,1.4447331980481315,1.1894875239139924,1.6077223285489868,0.47751812342892447,0.4329417241884537,7.105427357601002e-15],""target"":""log1p_seconds_with_expm1_inverse_and_lower_clip_zero"",""transform"":""log1p_nonnegative_globals_then_outer_train_standard_scaler""}",,single,True
cudaq_dense_statevector_fp64,fp64,rbf_svr,3,fa595f88d0ab98542a799af4492f53b2a5e2e88ebc442a9b508abac209d0afcc,True,ok,0.0010868179961107671,0.0095138742077129,ok,,125,25,cfe2de41d200712ceb24a38a6f886f2adc63cb5ef2a07d137698d4a4df53927f,711625bc7eb331c0b9a32c4a0cd93207520b64226e688bccf89cdfecac10ead4,"{""C"":10.0,""class"":""sklearn.svm.SVR"",""epsilon"":0.01,""gamma"":""scale"",""kernel"":""rbf"",""max_iter"":-1,""tol"":0.001}","{""constant_std_replacement"":1.0,""constant_std_threshold"":1e-06,""mean"":[1.8229437626108196,3.184793708383161,2.8464206995051593,3.0832654564045274,0.24756713248516646,1.8222457666062042,3.4965075614664873],""scale_after_constant_guard"":[0.3641531041833594,1.4447331980481315,1.1894875239139924,1.6077223285489868,0.47751812342892447,0.4329417241884537,1.0],""std_before_constant_guard"":[0.3641531041833594,1.4447331980481315,1.1894875239139924,1.6077223285489868,0.47751812342892447,0.4329417241884537,7.105427357601002e-15],""target"":""log1p_seconds_with_expm1_inverse_and_lower_clip_zero"",""transform"":""log1p_nonnegative_globals_then_outer_train_standard_scaler""}",,single,True
cudaq_dense_statevector_fp64,fp64,rbf_svr,3,fea8eb37e38bc24d3352d9446471b5cf8f6b8af6ae4c0f931d5942564936274c,True,ok,0.0006803360010962933,0.01058872983995254,ok,,125,25,cfe2de41d200712ceb24a38a6f886f2adc63cb5ef2a07d137698d4a4df53927f,711625bc7eb331c0b9a32c4a0cd93207520b64226e688bccf89cdfecac10ead4,"{""C"":10.0,""class"":""sklearn.svm.SVR"",""epsilon"":0.01,""gamma"":""scale"",""kernel"":""rbf"",""max_iter"":-1,""tol"":0.001}","{""constant_std_replacement"":1.0,""constant_std_threshold"":1e-06,""mean"":[1.8229437626108196,3.184793708383161,2.8464206995051593,3.0832654564045274,0.24756713248516646,1.8222457666062042,3.4965075614664873],""scale_after_constant_guard"":[0.3641531041833594,1.4447331980481315,1.1894875239139924,1.6077223285489868,0.47751812342892447,0.4329417241884537,1.0],""std_before_constant_guard"":[0.3641531041833594,1.4447331980481315,1.1894875239139924,1.6077223285489868,0.47751812342892447,0.4329417241884537,7.105427357601002e-15],""target"":""log1p_seconds_with_expm1_inverse_and_lower_clip_zero"",""transform"":""log1p_nonnegative_globals_then_outer_train_standard_scaler""}",,single,True
cudaq_dense_statevector_fp64,fp64,random_forest,3,0285fd21a0dd1ca29cd386de85a1a8af49cc7d71f5c86f6451b55a11c68864a8,True,ok,0.0002549189957790077,0.0002871978942361103,ok,,125,25,cfe2de41d200712ceb24a38a6f886f2adc63cb5ef2a07d137698d4a4df53927f,711625bc7eb331c0b9a32c4a0cd93207520b64226e688bccf89cdfecac10ead4,"{""bootstrap"":true,""class"":""sklearn.ensemble.RandomForestRegressor"",""max_depth"":null,""max_features"":1.0,""min_samples_leaf"":2,""min_samples_split"":2,""n_estimators"":300,""n_jobs"":2,""random_state"":1234}","{""constant_std_replacement"":1.0,""constant_std_threshold"":1e-06,""mean"":[1.8229437626108196,3.184793708383161,2.8464206995051593,3.0832654564045274,0.24756713248516646,1.8222457666062042,3.4965075614664873],""scale_after_constant_guard"":[0.3641531041833594,1.4447331980481315,1.1894875239139924,1.6077223285489868,0.47751812342892447,0.4329417241884537,1.0],""std_before_constant_guard"":[0.3641531041833594,1.4447331980481315,1.1894875239139924,1.6077223285489868,0.47751812342892447,0.4329417241884537,7.105427357601002e-15],""target"":""log1p_seconds_with_expm1_inverse_and_lower_clip_zero"",""transform"":""log1p_nonnegative_globals_then_outer_train_standard_scaler""}",,single,True
cudaq_dense_statevector_fp64,fp64,random_forest,3,13721ab5a328b17bf3f8c3692cda844a7e538a8c92530d0c1236f43d3ad5a884,True,ok,0.0001372170081594959,0.00014145496056035628,ok,,125,25,cfe2de41d200712ceb24a38a6f886f2adc63cb5ef2a07d137698d4a4df53927f,711625bc7eb331c0b9a32c4a0cd93207520b64226e688bccf89cdfecac10ead4,"{""bootstrap"":true,""class"":""sklearn.ensemble.RandomForestRegressor"",""max_depth"":null,""max_features"":1.0,""min_samples_leaf"":2,""min_samples_split"":2,""n_estimators"":300,""n_jobs"":2,""random_state"":1234}","{""constant_std_replacement"":1.0,""constant_std_threshold"":1e-06,""mean"":[1.8229437626108196,3.184793708383161,2.8464206995051593,3.0832654564045274,0.24756713248516646,1.8222457666062042,3.4965075614664873],""scale_after_constant_guard"":[0.3641531041833594,1.4447331980481315,1.1894875239139924,1.6077223285489868,0.47751812342892447,0.4329417241884537,1.0],""std_before_constant_guard"":[0.3641531041833594,1.4447331980481315,1.1894875239139924,1.6077223285489868,0.47751812342892447,0.4329417241884537,7.105427357601002e-15],""target"":""log1p_seconds_with_expm1_inverse_and_lower_clip_zero"",""transform"":""log1p_nonnegative_globals_then_outer_train_standard_scaler""}",,single,True
cudaq_dense_statevector_fp64,fp64,random_forest,3,15e80264fdff1398ab38bbd9144f853a3a2317e95163fda15a1e9ec2657beecb,True,ok,0.00015799100219737738,0.0002501698192104246,ok,,125,25,cfe2de41d200712ceb24a38a6f886f2adc63cb5ef2a07d137698d4a4df53927f,711625bc7eb331c0b9a32c4a0cd93207520b64226e688bccf89cdfecac10ead4,"{""bootstrap"":true,""class"":""sklearn.ensemble.RandomForestRegressor"",""max_depth"":null,""max_features"":1.0,""min_samples_leaf"":2,""min_samples_split"":2,""n_estimators"":300,""n_jobs"":2,""random_state"":1234}","{""constant_std_replacement"":1.0,""constant_std_threshold"":1e-06,""mean"":[1.8229437626108196,3.184793708383161,2.8464206995051593,3.0832654564045274,0.24756713248516646,1.8222457666062042,3.4965075614664873],""scale_after_constant_guard"":[0.3641531041833594,1.4447331980481315,1.1894875239139924,1.6077223285489868,0.47751812342892447,0.4329417241884537,1.0],""std_before_constant_guard"":[0.3641531041833594,1.4447331980481315,1.1894875239139924,1.6077223285489868,0.47751812342892447,0.4329417241884537,7.105427357601002e-15],""target"":""log1p_seconds_with_expm1_inverse_and_lower_clip_zero"",""transform"":""log1p_nonnegative_globals_then_outer_train_standard_scaler""}",,single,True
cudaq_dense_statevector_fp64,fp64,random_forest,3,187d76ac82884dc3202418b0e06077eec26afed0c625b228d76b4416e6bfa480,True,ok,0.00022338501003105193,0.0002386565059839999,ok,,125,25,cfe2de41d200712ceb24a38a6f886f2adc63cb5ef2a07d137698d4a4df53927f,711625bc7eb331c0b9a32c4a0cd93207520b64226e688bccf89cdfecac10ead4,"{""bootstrap"":true,""class"":""sklearn.ensemble.RandomForestRegressor"",""max_depth"":null,""max_features"":1.0,""min_samples_leaf"":2,""min_samples_split"":2,""n_estimators"":300,""n_jobs"":2,""random_state"":1234}","{""constant_std_replacement"":1.0,""constant_std_threshold"":1e-06,""mean"":[1.8229437626108196,3.184793708383161,2.8464206995051593,3.0832654564045274,0.24756713248516646,1.8222457666062042,3.4965075614664873],""scale_after_constant_guard"":[0.3641531041833594,1.4447331980481315,1.1894875239139924,1.6077223285489868,0.47751812342892447,0.4329417241884537,1.0],""std_before_constant_guard"":[0.3641531041833594,1.4447331980481315,1.1894875239139924,1.6077223285489868,0.47751812342892447,0.4329417241884537,7.105427357601002e-15],""target"":""log1p_seconds_with_expm1_inverse_and_lower_clip_zero"",""transform"":""log1p_nonnegative_globals_then_outer_train_standard_scaler""}",,single,True
cudaq_dense_statevector_fp64,fp64,random_forest,3,2e57556a1b12802c7368ef21e0eb8e5c9863f768a48a9a4d0771725e60b8a616,True,ok,0.00018331900355406106,0.0001800582166205838,ok,,125,25,cfe2de41d200712ceb24a38a6f886f2adc63cb5ef2a07d137698d4a4df53927f,711625bc7eb331c0b9a32c4a0cd93207520b64226e688bccf89cdfecac10ead4,"{""bootstrap"":true,""class"":""sklearn.ensemble.RandomForestRegressor"",""max_depth"":null,""max_features"":1.0,""min_samples_leaf"":2,""min_samples_split"":2,""n_estimators"":300,""n_jobs"":2,""random_state"":1234}","{""constant_std_replacement"":1.0,""constant_std_threshold"":1e-06,""mean"":[1.8229437626108196,3.184793708383161,2.8464206995051593,3.0832654564045274,0.24756713248516646,1.8222457666062042,3.4965075614664873],""scale_after_constant_guard"":[0.3641531041833594,1.4447331980481315,1.1894875239139924,1.6077223285489868,0.47751812342892447,0.4329417241884537,1.0],""std_before_constant_guard"":[0.3641531041833594,1.4447331980481315,1.1894875239139924,1.6077223285489868,0.47751812342892447,0.4329417241884537,7.105427357601002e-15],""target"":""log1p_seconds_with_expm1_inverse_and_lower_clip_zero"",""transform"":""log1p_nonnegative_globals_then_outer_train_standard_scaler""}",,single,True
cudaq_dense_statevector_fp64,fp64,random_forest,3,3157278e31c54e80e45de35bfb793aac89eb413e21aabe08b2e0e140de8c0d39,True,ok,0.0011858819925691932,0.0011418052679775647,ok,,125,25,cfe2de41d200712ceb24a38a6f886f2adc63cb5ef2a07d137698d4a4df53927f,711625bc7eb331c0b9a32c4a0cd93207520b64226e688bccf89cdfecac10ead4,"{""bootstrap"":true,""class"":""sklearn.ensemble.RandomForestRegressor"",""max_depth"":null,""max_features"":1.0,""min_samples_leaf"":2,""min_samples_split"":2,""n_estimators"":300,""n_jobs"":2,""random_state"":1234}","{""constant_std_replacement"":1.0,""constant_std_threshold"":1e-06,""mean"":[1.8229437626108196,3.184793708383161,2.8464206995051593,3.0832654564045274,0.24756713248516646,1.8222457666062042,3.4965075614664873],""scale_after_constant_guard"":[0.3641531041833594,1.4447331980481315,1.1894875239139924,1.6077223285489868,0.47751812342892447,0.4329417241884537,1.0],""std_before_constant_guard"":[0.3641531041833594,1.4447331980481315,1.1894875239139924,1.6077223285489868,0.47751812342892447,0.4329417241884537,7.105427357601002e-15],""target"":""log1p_seconds_with_expm1_inverse_and_lower_clip_zero"",""transform"":""log1p_nonnegative_globals_then_outer_train_standard_scaler""}",,single,True
cudaq_dense_statevector_fp64,fp64,random_forest,3,3c0ed99f7e5a0409bdadc636b8b7a5dd911304ccbe2e87b32589b91dd44a6a5a,True,ok,0.00010722399747464806,0.00011755414263414166,ok,,125,25,cfe2de41d200712ceb24a38a6f886f2adc63cb5ef2a07d137698d4a4df53927f,711625bc7eb331c0b9a32c4a0cd93207520b64226e688bccf89cdfecac10ead4,"{""bootstrap"":true,""class"":""sklearn.ensemble.RandomForestRegressor"",""max_depth"":null,""max_features"":1.0,""min_samples_leaf"":2,""min_samples_split"":2,""n_estimators"":300,""n_jobs"":2,""random_state"":1234}","{""constant_std_replacement"":1.0,""constant_std_threshold"":1e-06,""mean"":[1.8229437626108196,3.184793708383161,2.8464206995051593,3.0832654564045274,0.24756713248516646,1.8222457666062042,3.4965075614664873],""scale_after_constant_guard"":[0.3641531041833594,1.4447331980481315,1.1894875239139924,1.6077223285489868,0.47751812342892447,0.4329417241884537,1.0],""std_before_constant_guard"":[0.3641531041833594,1.4447331980481315,1.1894875239139924,1.6077223285489868,0.47751812342892447,0.4329417241884537,7.105427357601002e-15],""target"":""log1p_seconds_with_expm1_inverse_and_lower_clip_zero"",""transform"":""log1p_nonnegative_globals_then_outer_train_standard_scaler""}",,single,True
cudaq_dense_statevector_fp64,fp64,random_forest,3,45ca196e391297302c92dc6ea0fd119efa62b2ee88e3b85260561e5fbafa7400,True,ok,0.00014396599726751447,0.00012161777335906217,ok,,125,25,cfe2de41d200712ceb24a38a6f886f2adc63cb5ef2a07d137698d4a4df53927f,711625bc7eb331c0b9a32c4a0cd93207520b64226e688bccf89cdfecac10ead4,"{""bootstrap"":true,""class"":""sklearn.ensemble.RandomForestRegressor"",""max_depth"":null,""max_features"":1.0,""min_samples_leaf"":2,""min_samples_split"":2,""n_estimators"":300,""n_jobs"":2,""random_state"":1234}","{""constant_std_replacement"":1.0,""constant_std_threshold"":1e-06,""mean"":[1.8229437626108196,3.184793708383161,2.8464206995051593,3.0832654564045274,0.24756713248516646,1.8222457666062042,3.4965075614664873],""scale_after_constant_guard"":[0.3641531041833594,1.4447331980481315,1.1894875239139924,1.6077223285489868,0.47751812342892447,0.4329417241884537,1.0],""std_before_constant_guard"":[0.3641531041833594,1.4447331980481315,1.1894875239139924,1.6077223285489868,0.47751812342892447,0.4329417241884537,7.105427357601002e-15],""target"":""log1p_seconds_with_expm1_inverse_and_lower_clip_zero"",""transform"":""log1p_nonnegative_globals_then_outer_train_standard_scaler""}",,single,True
cudaq_dense_statevector_fp64,fp64,random_forest,3,4d5b55eb4b8a0aea0af4bde721618cbe79ed66e0636398ffddc79ace483672a6,True,ok,0.0005926589947193861,0.0005307617285300279,ok,,125,25,cfe2de41d200712ceb24a38a6f886f2adc63cb5ef2a07d137698d4a4df53927f,711625bc7eb331c0b9a32c4a0cd93207520b64226e688bccf89cdfecac10ead4,"{""bootstrap"":true,""class"":""sklearn.ensemble.RandomForestRegressor"",""max_depth"":null,""max_features"":1.0,""min_samples_leaf"":2,""min_samples_split"":2,""n_estimators"":300,""n_jobs"":2,""random_state"":1234}","{""constant_std_replacement"":1.0,""constant_std_threshold"":1e-06,""mean"":[1.8229437626108196,3.184793708383161,2.8464206995051593,3.0832654564045274,0.24756713248516646,1.8222457666062042,3.4965075614664873],""scale_after_constant_guard"":[0.3641531041833594,1.4447331980481315,1.1894875239139924,1.6077223285489868,0.47751812342892447,0.4329417241884537,1.0],""std_before_constant_guard"":[0.3641531041833594,1.4447331980481315,1.1894875239139924,1.6077223285489868,0.47751812342892447,0.4329417241884537,7.105427357601002e-15],""target"":""log1p_seconds_with_expm1_inverse_and_lower_clip_zero"",""transform"":""log1p_nonnegative_globals_then_outer_train_standard_scaler""}",,single,True
cudaq_dense_statevector_fp64,fp64,random_forest,3,5042c6dd513b1366c0a145850de9e534b0e38aabc818b994ab8c4b6cad7ad5c8,True,ok,0.0012798240059055388,0.0014805222948924045,ok,,125,25,cfe2de41d200712ceb24a38a6f886f2adc63cb5ef2a07d137698d4a4df53927f,711625bc7eb331c0b9a32c4a0cd93207520b64226e688bccf89cdfecac10ead4,"{""bootstrap"":true,""class"":""sklearn.ensemble.RandomForestRegressor"",""max_depth"":null,""max_features"":1.0,""min_samples_leaf"":2,""min_samples_split"":2,""n_estimators"":300,""n_jobs"":2,""random_state"":1234}","{""constant_std_replacement"":1.0,""constant_std_threshold"":1e-06,""mean"":[1.8229437626108196,3.184793708383161,2.8464206995051593,3.0832654564045274,0.24756713248516646,1.8222457666062042,3.4965075614664873],""scale_after_constant_guard"":[0.3641531041833594,1.4447331980481315,1.1894875239139924,1.6077223285489868,0.47751812342892447,0.4329417241884537,1.0],""std_before_constant_guard"":[0.3641531041833594,1.4447331980481315,1.1894875239139924,1.6077223285489868,0.47751812342892447,0.4329417241884537,7.105427357601002e-15],""target"":""log1p_seconds_with_expm1_inverse_and_lower_clip_zero"",""transform"":""log1p_nonnegative_globals_then_outer_train_standard_scaler""}",,single,True
cudaq_dense_statevector_fp64,fp64,random_forest,3,50a5fc62010017f60b77f8c81e9ddf9bd95419be272d2ec5ed1445aae0c7ac92,True,ok,9.929899533744901e-05,0.00010481008581975763,ok,,125,25,cfe2de41d200712ceb24a38a6f886f2adc63cb5ef2a07d137698d4a4df53927f,711625bc7eb331c0b9a32c4a0cd93207520b64226e688bccf89cdfecac10ead4,"{""bootstrap"":true,""class"":""sklearn.ensemble.RandomForestRegressor"",""max_depth"":null,""max_features"":1.0,""min_samples_leaf"":2,""min_samples_split"":2,""n_estimators"":300,""n_jobs"":2,""random_state"":1234}","{""constant_std_replacement"":1.0,""constant_std_threshold"":1e-06,""mean"":[1.8229437626108196,3.184793708383161,2.8464206995051593,3.0832654564045274,0.24756713248516646,1.8222457666062042,3.4965075614664873],""scale_after_constant_guard"":[0.3641531041833594,1.4447331980481315,1.1894875239139924,1.6077223285489868,0.47751812342892447,0.4329417241884537,1.0],""std_before_constant_guard"":[0.3641531041833594,1.4447331980481315,1.1894875239139924,1.6077223285489868,0.47751812342892447,0.4329417241884537,7.105427357601002e-15],""target"":""log1p_seconds_with_expm1_inverse_and_lower_clip_zero"",""transform"":""log1p_nonnegative_globals_then_outer_train_standard_scaler""}",,single,True
cudaq_dense_statevector_fp64,fp64,random_forest,3,78ecec267502f433ab148452979221600becf679520b50ad454009e0ca097af5,True,ok,0.0005828499997733161,0.0008525339970784644,ok,,125,25,cfe2de41d200712ceb24a38a6f886f2adc63cb5ef2a07d137698d4a4df53927f,711625bc7eb331c0b9a32c4a0cd93207520b64226e688bccf89cdfecac10ead4,"{""bootstrap"":true,""class"":""sklearn.ensemble.RandomForestRegressor"",""max_depth"":null,""max_features"":1.0,""min_samples_leaf"":2,""min_samples_split"":2,""n_estimators"":300,""n_jobs"":2,""random_state"":1234}","{""constant_std_replacement"":1.0,""constant_std_threshold"":1e-06,""mean"":[1.8229437626108196,3.184793708383161,2.8464206995051593,3.0832654564045274,0.24756713248516646,1.8222457666062042,3.4965075614664873],""scale_after_constant_guard"":[0.3641531041833594,1.4447331980481315,1.1894875239139924,1.6077223285489868,0.47751812342892447,0.4329417241884537,1.0],""std_before_constant_guard"":[0.3641531041833594,1.4447331980481315,1.1894875239139924,1.6077223285489868,0.47751812342892447,0.4329417241884537,7.105427357601002e-15],""target"":""log1p_seconds_with_expm1_inverse_and_lower_clip_zero"",""transform"":""log1p_nonnegative_globals_then_outer_train_standard_scaler""}",,single,True
cudaq_dense_statevector_fp64,fp64,random_forest,3,79b8fdfbfe6897a226612f9b9e27a4533aac4b48258335fb7746c5f10989cedc,True,ok,0.00013466700329445302,0.00014009848094906992,ok,,125,25,cfe2de41d200712ceb24a38a6f886f2adc63cb5ef2a07d137698d4a4df53927f,711625bc7eb331c0b9a32c4a0cd93207520b64226e688bccf89cdfecac10ead4,"{""bootstrap"":true,""class"":""sklearn.ensemble.RandomForestRegressor"",""max_depth"":null,""max_features"":1.0,""min_samples_leaf"":2,""min_samples_split"":2,""n_estimators"":300,""n_jobs"":2,""random_state"":1234}","{""constant_std_replacement"":1.0,""constant_std_threshold"":1e-06,""mean"":[1.8229437626108196,3.184793708383161,2.8464206995051593,3.0832654564045274,0.24756713248516646,1.8222457666062042,3.4965075614664873],""scale_after_constant_guard"":[0.3641531041833594,1.4447331980481315,1.1894875239139924,1.6077223285489868,0.47751812342892447,0.4329417241884537,1.0],""std_before_constant_guard"":[0.3641531041833594,1.4447331980481315,1.1894875239139924,1.6077223285489868,0.47751812342892447,0.4329417241884537,7.105427357601002e-15],""target"":""log1p_seconds_with_expm1_inverse_and_lower_clip_zero"",""transform"":""log1p_nonnegative_globals_then_outer_train_standard_scaler""}",,single,True
cudaq_dense_statevector_fp64,fp64,random_forest,3,81a66b1daaf97d148a8a075515daf8702349d257883a1dd88e26993c1622351f,True,ok,0.0005727160023525357,0.0005793697174560172,ok,,125,25,cfe2de41d200712ceb24a38a6f886f2adc63cb5ef2a07d137698d4a4df53927f,711625bc7eb331c0b9a32c4a0cd93207520b64226e688bccf89cdfecac10ead4,"{""bootstrap"":true,""class"":""sklearn.ensemble.RandomForestRegressor"",""max_depth"":null,""max_features"":1.0,""min_samples_leaf"":2,""min_samples_split"":2,""n_estimators"":300,""n_jobs"":2,""random_state"":1234}","{""constant_std_replacement"":1.0,""constant_std_threshold"":1e-06,""mean"":[1.8229437626108196,3.184793708383161,2.8464206995051593,3.0832654564045274,0.24756713248516646,1.8222457666062042,3.4965075614664873],""scale_after_constant_guard"":[0.3641531041833594,1.4447331980481315,1.1894875239139924,1.6077223285489868,0.47751812342892447,0.4329417241884537,1.0],""std_before_constant_guard"":[0.3641531041833594,1.4447331980481315,1.1894875239139924,1.6077223285489868,0.47751812342892447,0.4329417241884537,7.105427357601002e-15],""target"":""log1p_seconds_with_expm1_inverse_and_lower_clip_zero"",""transform"":""log1p_nonnegative_globals_then_outer_train_standard_scaler""}",,single,True
cudaq_dense_statevector_fp64,fp64,random_forest,3,8d3b3ff10a3a80d0dda4e7043cce2b222aaf9e3cc19caa194b8e87da40266ac5,True,ok,0.0004214040091028437,0.0004646129652240355,ok,,125,25,cfe2de41d200712ceb24a38a6f886f2adc63cb5ef2a07d137698d4a4df53927f,711625bc7eb331c0b9a32c4a0cd93207520b64226e688bccf89cdfecac10ead4,"{""bootstrap"":true,""class"":""sklearn.ensemble.RandomForestRegressor"",""max_depth"":null,""max_features"":1.0,""min_samples_leaf"":2,""min_samples_split"":2,""n_estimators"":300,""n_jobs"":2,""random_state"":1234}","{""constant_std_replacement"":1.0,""constant_std_threshold"":1e-06,""mean"":[1.8229437626108196,3.184793708383161,2.8464206995051593,3.0832654564045274,0.24756713248516646,1.8222457666062042,3.4965075614664873],""scale_after_constant_guard"":[0.3641531041833594,1.4447331980481315,1.1894875239139924,1.6077223285489868,0.47751812342892447,0.4329417241884537,1.0],""std_before_constant_guard"":[0.3641531041833594,1.4447331980481315,1.1894875239139924,1.6077223285489868,0.47751812342892447,0.4329417241884537,7.105427357601002e-15],""target"":""log1p_seconds_with_expm1_inverse_and_lower_clip_zero"",""transform"":""log1p_nonnegative_globals_then_outer_train_standard_scaler""}",,single,True
cudaq_dense_statevector_fp64,fp64,random_forest,3,99e0865dc3fced630c02b5b2710b24fd9257ba31d54112cde08a769e974f53c4,True,ok,0.000739519004127942,0.0009124139659916054,ok,,125,25,cfe2de41d200712ceb24a38a6f886f2adc63cb5ef2a07d137698d4a4df53927f,711625bc7eb331c0b9a32c4a0cd93207520b64226e688bccf89cdfecac10ead4,"{""bootstrap"":true,""class"":""sklearn.ensemble.RandomForestRegressor"",""max_depth"":null,""max_features"":1.0,""min_samples_leaf"":2,""min_samples_split"":2,""n_estimators"":300,""n_jobs"":2,""random_state"":1234}","{""constant_std_replacement"":1.0,""constant_std_threshold"":1e-06,""mean"":[1.8229437626108196,3.184793708383161,2.8464206995051593,3.0832654564045274,0.24756713248516646,1.8222457666062042,3.4965075614664873],""scale_after_constant_guard"":[0.3641531041833594,1.4447331980481315,1.1894875239139924,1.6077223285489868,0.47751812342892447,0.4329417241884537,1.0],""std_before_constant_guard"":[0.3641531041833594,1.4447331980481315,1.1894875239139924,1.6077223285489868,0.47751812342892447,0.4329417241884537,7.105427357601002e-15],""target"":""log1p_seconds_with_expm1_inverse_and_lower_clip_zero"",""transform"":""log1p_nonnegative_globals_then_outer_train_standard_scaler""}",,single,True
cudaq_dense_statevector_fp64,fp64,random_forest,3,9fc54c185186ff8c504ebdac4e3fa109beb4cf46f86196a3376b3153a7f72962,True,ok,0.00020380900241434574,0.00018456255647032944,ok,,125,25,cfe2de41d200712ceb24a38a6f886f2adc63cb5ef2a07d137698d4a4df53927f,711625bc7eb331c0b9a32c4a0cd93207520b64226e688bccf89cdfecac10ead4,"{""bootstrap"":true,""class"":""sklearn.ensemble.RandomForestRegressor"",""max_depth"":null,""max_features"":1.0,""min_samples_leaf"":2,""min_samples_split"":2,""n_estimators"":300,""n_jobs"":2,""random_state"":1234}","{""constant_std_replacement"":1.0,""constant_std_threshold"":1e-06,""mean"":[1.8229437626108196,3.184793708383161,2.8464206995051593,3.0832654564045274,0.24756713248516646,1.8222457666062042,3.4965075614664873],""scale_after_constant_guard"":[0.3641531041833594,1.4447331980481315,1.1894875239139924,1.6077223285489868,0.47751812342892447,0.4329417241884537,1.0],""std_before_constant_guard"":[0.3641531041833594,1.4447331980481315,1.1894875239139924,1.6077223285489868,0.47751812342892447,0.4329417241884537,7.105427357601002e-15],""target"":""log1p_seconds_with_expm1_inverse_and_lower_clip_zero"",""transform"":""log1p_nonnegative_globals_then_outer_train_standard_scaler""}",,single,True
cudaq_dense_statevector_fp64,fp64,random_forest,3,b6afb1122e1baece13144a1d0da78738759129107f453e9579e99e8789e057fe,True,ok,0.00019810900266747922,0.00020525313141753974,ok,,125,25,cfe2de41d200712ceb24a38a6f886f2adc63cb5ef2a07d137698d4a4df53927f,711625bc7eb331c0b9a32c4a0cd93207520b64226e688bccf89cdfecac10ead4,"{""bootstrap"":true,""class"":""sklearn.ensemble.RandomForestRegressor"",""max_depth"":null,""max_features"":1.0,""min_samples_leaf"":2,""min_samples_split"":2,""n_estimators"":300,""n_jobs"":2,""random_state"":1234}","{""constant_std_replacement"":1.0,""constant_std_threshold"":1e-06,""mean"":[1.8229437626108196,3.184793708383161,2.8464206995051593,3.0832654564045274,0.24756713248516646,1.8222457666062042,3.4965075614664873],""scale_after_constant_guard"":[0.3641531041833594,1.4447331980481315,1.1894875239139924,1.6077223285489868,0.47751812342892447,0.4329417241884537,1.0],""std_before_constant_guard"":[0.3641531041833594,1.4447331980481315,1.1894875239139924,1.6077223285489868,0.47751812342892447,0.4329417241884537,7.105427357601002e-15],""target"":""log1p_seconds_with_expm1_inverse_and_lower_clip_zero"",""transform"":""log1p_nonnegative_globals_then_outer_train_standard_scaler""}",,single,True
cudaq_dense_statevector_fp64,fp64,random_forest,3,c69c35c09a4dcfe7dd09af0b73be8e5f608531bf0baadd794f6861bcf237e40c,True,ok,0.0001400179899064824,0.00014009848094906992,ok,,125,25,cfe2de41d200712ceb24a38a6f886f2adc63cb5ef2a07d137698d4a4df53927f,711625bc7eb331c0b9a32c4a0cd93207520b64226e688bccf89cdfecac10ead4,"{""bootstrap"":true,""class"":""sklearn.ensemble.RandomForestRegressor"",""max_depth"":null,""max_features"":1.0,""min_samples_leaf"":2,""min_samples_split"":2,""n_estimators"":300,""n_jobs"":2,""random_state"":1234}","{""constant_std_replacement"":1.0,""constant_std_threshold"":1e-06,""mean"":[1.8229437626108196,3.184793708383161,2.8464206995051593,3.0832654564045274,0.24756713248516646,1.8222457666062042,3.4965075614664873],""scale_after_constant_guard"":[0.3641531041833594,1.4447331980481315,1.1894875239139924,1.6077223285489868,0.47751812342892447,0.4329417241884537,1.0],""std_before_constant_guard"":[0.3641531041833594,1.4447331980481315,1.1894875239139924,1.6077223285489868,0.47751812342892447,0.4329417241884537,7.105427357601002e-15],""target"":""log1p_seconds_with_expm1_inverse_and_lower_clip_zero"",""transform"":""log1p_nonnegative_globals_then_outer_train_standard_scaler""}",,single,True
cudaq_dense_statevector_fp64,fp64,random_forest,3,db0e077b1674f90860a270d014aa8226822880dbf36c819dad0bea17881b7eb5,True,ok,0.0002332010044483468,0.0002116563935126036,ok,,125,25,cfe2de41d200712ceb24a38a6f886f2adc63cb5ef2a07d137698d4a4df53927f,711625bc7eb331c0b9a32c4a0cd93207520b64226e688bccf89cdfecac10ead4,"{""bootstrap"":true,""class"":""sklearn.ensemble.RandomForestRegressor"",""max_depth"":null,""max_features"":1.0,""min_samples_leaf"":2,""min_samples_split"":2,""n_estimators"":300,""n_jobs"":2,""random_state"":1234}","{""constant_std_replacement"":1.0,""constant_std_threshold"":1e-06,""mean"":[1.8229437626108196,3.184793708383161,2.8464206995051593,3.0832654564045274,0.24756713248516646,1.8222457666062042,3.4965075614664873],""scale_after_constant_guard"":[0.3641531041833594,1.4447331980481315,1.1894875239139924,1.6077223285489868,0.47751812342892447,0.4329417241884537,1.0],""std_before_constant_guard"":[0.3641531041833594,1.4447331980481315,1.1894875239139924,1.6077223285489868,0.47751812342892447,0.4329417241884537,7.105427357601002e-15],""target"":""log1p_seconds_with_expm1_inverse_and_lower_clip_zero"",""transform"":""log1p_nonnegative_globals_then_outer_train_standard_scaler""}",,single,True
cudaq_dense_statevector_fp64,fp64,random_forest,3,e2fba21685e6e7d22d625d8babcc9c51a8911815153e52fc89277e0efe117045,True,ok,0.00027516100089997053,0.0003326825992927213,ok,,125,25,cfe2de41d200712ceb24a38a6f886f2adc63cb5ef2a07d137698d4a4df53927f,711625bc7eb331c0b9a32c4a0cd93207520b64226e688bccf89cdfecac10ead4,"{""bootstrap"":true,""class"":""sklearn.ensemble.RandomForestRegressor"",""max_depth"":null,""max_features"":1.0,""min_samples_leaf"":2,""min_samples_split"":2,""n_estimators"":300,""n_jobs"":2,""random_state"":1234}","{""constant_std_replacement"":1.0,""constant_std_threshold"":1e-06,""mean"":[1.8229437626108196,3.184793708383161,2.8464206995051593,3.0832654564045274,0.24756713248516646,1.8222457666062042,3.4965075614664873],""scale_after_constant_guard"":[0.3641531041833594,1.4447331980481315,1.1894875239139924,1.6077223285489868,0.47751812342892447,0.4329417241884537,1.0],""std_before_constant_guard"":[0.3641531041833594,1.4447331980481315,1.1894875239139924,1.6077223285489868,0.47751812342892447,0.4329417241884537,7.105427357601002e-15],""target"":""log1p_seconds_with_expm1_inverse_and_lower_clip_zero"",""transform"":""log1p_nonnegative_globals_then_outer_train_standard_scaler""}",,single,True
cudaq_dense_statevector_fp64,fp64,random_forest,3,e4664972befc3ffed396f3842bf910be22c2fbe7f293d3c295b971dfe094d398,True,ok,0.00048641600005794317,0.0005186504730029691,ok,,125,25,cfe2de41d200712ceb24a38a6f886f2adc63cb5ef2a07d137698d4a4df53927f,711625bc7eb331c0b9a32c4a0cd93207520b64226e688bccf89cdfecac10ead4,"{""bootstrap"":true,""class"":""sklearn.ensemble.RandomForestRegressor"",""max_depth"":null,""max_features"":1.0,""min_samples_leaf"":2,""min_samples_split"":2,""n_estimators"":300,""n_jobs"":2,""random_state"":1234}","{""constant_std_replacement"":1.0,""constant_std_threshold"":1e-06,""mean"":[1.8229437626108196,3.184793708383161,2.8464206995051593,3.0832654564045274,0.24756713248516646,1.8222457666062042,3.4965075614664873],""scale_after_constant_guard"":[0.3641531041833594,1.4447331980481315,1.1894875239139924,1.6077223285489868,0.47751812342892447,0.4329417241884537,1.0],""std_before_constant_guard"":[0.3641531041833594,1.4447331980481315,1.1894875239139924,1.6077223285489868,0.47751812342892447,0.4329417241884537,7.105427357601002e-15],""target"":""log1p_seconds_with_expm1_inverse_and_lower_clip_zero"",""transform"":""log1p_nonnegative_globals_then_outer_train_standard_scaler""}",,single,True
cudaq_dense_statevector_fp64,fp64,random_forest,3,f0e0170b510412a7e964e82f14793115a9e53a1b250283a74abd893a45b5f20e,True,ok,0.000482554009067826,0.0004762973662760131,ok,,125,25,cfe2de41d200712ceb24a38a6f886f2adc63cb5ef2a07d137698d4a4df53927f,711625bc7eb331c0b9a32c4a0cd93207520b64226e688bccf89cdfecac10ead4,"{""bootstrap"":true,""class"":""sklearn.ensemble.RandomForestRegressor"",""max_depth"":null,""max_features"":1.0,""min_samples_leaf"":2,""min_samples_split"":2,""n_estimators"":300,""n_jobs"":2,""random_state"":1234}","{""constant_std_replacement"":1.0,""constant_std_threshold"":1e-06,""mean"":[1.8229437626108196,3.184793708383161,2.8464206995051593,3.0832654564045274,0.24756713248516646,1.8222457666062042,3.4965075614664873],""scale_after_constant_guard"":[0.3641531041833594,1.4447331980481315,1.1894875239139924,1.6077223285489868,0.47751812342892447,0.4329417241884537,1.0],""std_before_constant_guard"":[0.3641531041833594,1.4447331980481315,1.1894875239139924,1.6077223285489868,0.47751812342892447,0.4329417241884537,7.105427357601002e-15],""target"":""log1p_seconds_with_expm1_inverse_and_lower_clip_zero"",""transform"":""log1p_nonnegative_globals_then_outer_train_standard_scaler""}",,single,True
cudaq_dense_statevector_fp64,fp64,random_forest,3,fa595f88d0ab98542a799af4492f53b2a5e2e88ebc442a9b508abac209d0afcc,True,ok,0.0010868179961107671,0.0011005150375181095,ok,,125,25,cfe2de41d200712ceb24a38a6f886f2adc63cb5ef2a07d137698d4a4df53927f,711625bc7eb331c0b9a32c4a0cd93207520b64226e688bccf89cdfecac10ead4,"{""bootstrap"":true,""class"":""sklearn.ensemble.RandomForestRegressor"",""max_depth"":null,""max_features"":1.0,""min_samples_leaf"":2,""min_samples_split"":2,""n_estimators"":300,""n_jobs"":2,""random_state"":1234}","{""constant_std_replacement"":1.0,""constant_std_threshold"":1e-06,""mean"":[1.8229437626108196,3.184793708383161,2.8464206995051593,3.0832654564045274,0.24756713248516646,1.8222457666062042,3.4965075614664873],""scale_after_constant_guard"":[0.3641531041833594,1.4447331980481315,1.1894875239139924,1.6077223285489868,0.47751812342892447,0.4329417241884537,1.0],""std_before_constant_guard"":[0.3641531041833594,1.4447331980481315,1.1894875239139924,1.6077223285489868,0.47751812342892447,0.4329417241884537,7.105427357601002e-15],""target"":""log1p_seconds_with_expm1_inverse_and_lower_clip_zero"",""transform"":""log1p_nonnegative_globals_then_outer_train_standard_scaler""}",,single,True
cudaq_dense_statevector_fp64,fp64,random_forest,3,fea8eb37e38bc24d3352d9446471b5cf8f6b8af6ae4c0f931d5942564936274c,True,ok,0.0006803360010962933,0.0007591834563156573,ok,,125,25,cfe2de41d200712ceb24a38a6f886f2adc63cb5ef2a07d137698d4a4df53927f,711625bc7eb331c0b9a32c4a0cd93207520b64226e688bccf89cdfecac10ead4,"{""bootstrap"":true,""class"":""sklearn.ensemble.RandomForestRegressor"",""max_depth"":null,""max_features"":1.0,""min_samples_leaf"":2,""min_samples_split"":2,""n_estimators"":300,""n_jobs"":2,""random_state"":1234}","{""constant_std_replacement"":1.0,""constant_std_threshold"":1e-06,""mean"":[1.8229437626108196,3.184793708383161,2.8464206995051593,3.0832654564045274,0.24756713248516646,1.8222457666062042,3.4965075614664873],""scale_after_constant_guard"":[0.3641531041833594,1.4447331980481315,1.1894875239139924,1.6077223285489868,0.47751812342892447,0.4329417241884537,1.0],""std_before_constant_guard"":[0.3641531041833594,1.4447331980481315,1.1894875239139924,1.6077223285489868,0.47751812342892447,0.4329417241884537,7.105427357601002e-15],""target"":""log1p_seconds_with_expm1_inverse_and_lower_clip_zero"",""transform"":""log1p_nonnegative_globals_then_outer_train_standard_scaler""}",,single,True
cudaq_dense_statevector_fp64,fp64,xgboost,3,0285fd21a0dd1ca29cd386de85a1a8af49cc7d71f5c86f6451b55a11c68864a8,True,ok,0.0002549189957790077,0.00027985007061900343,ok,,125,25,cfe2de41d200712ceb24a38a6f886f2adc63cb5ef2a07d137698d4a4df53927f,711625bc7eb331c0b9a32c4a0cd93207520b64226e688bccf89cdfecac10ead4,"{""class"":""xgboost.XGBRegressor"",""colsample_bytree"":1.0,""device"":""cpu"",""learning_rate"":0.05,""max_depth"":3,""n_estimators"":300,""n_jobs"":2,""objective"":""reg:squarederror"",""random_state"":1234,""reg_alpha"":0.0,""reg_lambda"":1.0,""subsample"":1.0,""tree_method"":""hist""}","{""constant_std_replacement"":1.0,""constant_std_threshold"":1e-06,""mean"":[1.8229437626108196,3.184793708383161,2.8464206995051593,3.0832654564045274,0.24756713248516646,1.8222457666062042,3.4965075614664873],""scale_after_constant_guard"":[0.3641531041833594,1.4447331980481315,1.1894875239139924,1.6077223285489868,0.47751812342892447,0.4329417241884537,1.0],""std_before_constant_guard"":[0.3641531041833594,1.4447331980481315,1.1894875239139924,1.6077223285489868,0.47751812342892447,0.4329417241884537,7.105427357601002e-15],""target"":""log1p_seconds_with_expm1_inverse_and_lower_clip_zero"",""transform"":""log1p_nonnegative_globals_then_outer_train_standard_scaler""}",,single,True
cudaq_dense_statevector_fp64,fp64,xgboost,3,13721ab5a328b17bf3f8c3692cda844a7e538a8c92530d0c1236f43d3ad5a884,True,ok,0.0001372170081594959,0.00023492416942051922,ok,,125,25,cfe2de41d200712ceb24a38a6f886f2adc63cb5ef2a07d137698d4a4df53927f,711625bc7eb331c0b9a32c4a0cd93207520b64226e688bccf89cdfecac10ead4,"{""class"":""xgboost.XGBRegressor"",""colsample_bytree"":1.0,""device"":""cpu"",""learning_rate"":0.05,""max_depth"":3,""n_estimators"":300,""n_jobs"":2,""objective"":""reg:squarederror"",""random_state"":1234,""reg_alpha"":0.0,""reg_lambda"":1.0,""subsample"":1.0,""tree_method"":""hist""}","{""constant_std_replacement"":1.0,""constant_std_threshold"":1e-06,""mean"":[1.8229437626108196,3.184793708383161,2.8464206995051593,3.0832654564045274,0.24756713248516646,1.8222457666062042,3.4965075614664873],""scale_after_constant_guard"":[0.3641531041833594,1.4447331980481315,1.1894875239139924,1.6077223285489868,0.47751812342892447,0.4329417241884537,1.0],""std_before_constant_guard"":[0.3641531041833594,1.4447331980481315,1.1894875239139924,1.6077223285489868,0.47751812342892447,0.4329417241884537,7.105427357601002e-15],""target"":""log1p_seconds_with_expm1_inverse_and_lower_clip_zero"",""transform"":""log1p_nonnegative_globals_then_outer_train_standard_scaler""}",,single,True
cudaq_dense_statevector_fp64,fp64,xgboost,3,15e80264fdff1398ab38bbd9144f853a3a2317e95163fda15a1e9ec2657beecb,True,ok,0.00015799100219737738,0.00029187132164666267,ok,,125,25,cfe2de41d200712ceb24a38a6f886f2adc63cb5ef2a07d137698d4a4df53927f,711625bc7eb331c0b9a32c4a0cd93207520b64226e688bccf89cdfecac10ead4,"{""class"":""xgboost.XGBRegressor"",""colsample_bytree"":1.0,""device"":""cpu"",""learning_rate"":0.05,""max_depth"":3,""n_estimators"":300,""n_jobs"":2,""objective"":""reg:squarederror"",""random_state"":1234,""reg_alpha"":0.0,""reg_lambda"":1.0,""subsample"":1.0,""tree_method"":""hist""}","{""constant_std_replacement"":1.0,""constant_std_threshold"":1e-06,""mean"":[1.8229437626108196,3.184793708383161,2.8464206995051593,3.0832654564045274,0.24756713248516646,1.8222457666062042,3.4965075614664873],""scale_after_constant_guard"":[0.3641531041833594,1.4447331980481315,1.1894875239139924,1.6077223285489868,0.47751812342892447,0.4329417241884537,1.0],""std_before_constant_guard"":[0.3641531041833594,1.4447331980481315,1.1894875239139924,1.6077223285489868,0.47751812342892447,0.4329417241884537,7.105427357601002e-15],""target"":""log1p_seconds_with_expm1_inverse_and_lower_clip_zero"",""transform"":""log1p_nonnegative_globals_then_outer_train_standard_scaler""}",,single,True
cudaq_dense_statevector_fp64,fp64,xgboost,3,187d76ac82884dc3202418b0e06077eec26afed0c625b228d76b4416e6bfa480,True,ok,0.00022338501003105193,0.00029187132164666267,ok,,125,25,cfe2de41d200712ceb24a38a6f886f2adc63cb5ef2a07d137698d4a4df53927f,711625bc7eb331c0b9a32c4a0cd93207520b64226e688bccf89cdfecac10ead4,"{""class"":""xgboost.XGBRegressor"",""colsample_bytree"":1.0,""device"":""cpu"",""learning_rate"":0.05,""max_depth"":3,""n_estimators"":300,""n_jobs"":2,""objective"":""reg:squarederror"",""random_state"":1234,""reg_alpha"":0.0,""reg_lambda"":1.0,""subsample"":1.0,""tree_method"":""hist""}","{""constant_std_replacement"":1.0,""constant_std_threshold"":1e-06,""mean"":[1.8229437626108196,3.184793708383161,2.8464206995051593,3.0832654564045274,0.24756713248516646,1.8222457666062042,3.4965075614664873],""scale_after_constant_guard"":[0.3641531041833594,1.4447331980481315,1.1894875239139924,1.6077223285489868,0.47751812342892447,0.4329417241884537,1.0],""std_before_constant_guard"":[0.3641531041833594,1.4447331980481315,1.1894875239139924,1.6077223285489868,0.47751812342892447,0.4329417241884537,7.105427357601002e-15],""target"":""log1p_seconds_with_expm1_inverse_and_lower_clip_zero"",""transform"":""log1p_nonnegative_globals_then_outer_train_standard_scaler""}",,single,True
cudaq_dense_statevector_fp64,fp64,xgboost,3,2e57556a1b12802c7368ef21e0eb8e5c9863f768a48a9a4d0771725e60b8a616,True,ok,0.00018331900355406106,0.0002880167699023259,ok,,125,25,cfe2de41d200712ceb24a38a6f886f2adc63cb5ef2a07d137698d4a4df53927f,711625bc7eb331c0b9a32c4a0cd93207520b64226e688bccf89cdfecac10ead4,"{""class"":""xgboost.XGBRegressor"",""colsample_bytree"":1.0,""device"":""cpu"",""learning_rate"":0.05,""max_depth"":3,""n_estimators"":300,""n_jobs"":2,""objective"":""reg:squarederror"",""random_state"":1234,""reg_alpha"":0.0,""reg_lambda"":1.0,""subsample"":1.0,""tree_method"":""hist""}","{""constant_std_replacement"":1.0,""constant_std_threshold"":1e-06,""mean"":[1.8229437626108196,3.184793708383161,2.8464206995051593,3.0832654564045274,0.24756713248516646,1.8222457666062042,3.4965075614664873],""scale_after_constant_guard"":[0.3641531041833594,1.4447331980481315,1.1894875239139924,1.6077223285489868,0.47751812342892447,0.4329417241884537,1.0],""std_before_constant_guard"":[0.3641531041833594,1.4447331980481315,1.1894875239139924,1.6077223285489868,0.47751812342892447,0.4329417241884537,7.105427357601002e-15],""target"":""log1p_seconds_with_expm1_inverse_and_lower_clip_zero"",""transform"":""log1p_nonnegative_globals_then_outer_train_standard_scaler""}",,single,True
cudaq_dense_statevector_fp64,fp64,xgboost,3,3157278e31c54e80e45de35bfb793aac89eb413e21aabe08b2e0e140de8c0d39,True,ok,0.0011858819925691932,0.001051489766882661,ok,,125,25,cfe2de41d200712ceb24a38a6f886f2adc63cb5ef2a07d137698d4a4df53927f,711625bc7eb331c0b9a32c4a0cd93207520b64226e688bccf89cdfecac10ead4,"{""class"":""xgboost.XGBRegressor"",""colsample_bytree"":1.0,""device"":""cpu"",""learning_rate"":0.05,""max_depth"":3,""n_estimators"":300,""n_jobs"":2,""objective"":""reg:squarederror"",""random_state"":1234,""reg_alpha"":0.0,""reg_lambda"":1.0,""subsample"":1.0,""tree_method"":""hist""}","{""constant_std_replacement"":1.0,""constant_std_threshold"":1e-06,""mean"":[1.8229437626108196,3.184793708383161,2.8464206995051593,3.0832654564045274,0.24756713248516646,1.8222457666062042,3.4965075614664873],""scale_after_constant_guard"":[0.3641531041833594,1.4447331980481315,1.1894875239139924,1.6077223285489868,0.47751812342892447,0.4329417241884537,1.0],""std_before_constant_guard"":[0.3641531041833594,1.4447331980481315,1.1894875239139924,1.6077223285489868,0.47751812342892447,0.4329417241884537,7.105427357601002e-15],""target"":""log1p_seconds_with_expm1_inverse_and_lower_clip_zero"",""transform"":""log1p_nonnegative_globals_then_outer_train_standard_scaler""}",,single,True
cudaq_dense_statevector_fp64,fp64,xgboost,3,3c0ed99f7e5a0409bdadc636b8b7a5dd911304ccbe2e87b32589b91dd44a6a5a,True,ok,0.00010722399747464806,0.00023492416942051922,ok,,125,25,cfe2de41d200712ceb24a38a6f886f2adc63cb5ef2a07d137698d4a4df53927f,711625bc7eb331c0b9a32c4a0cd93207520b64226e688bccf89cdfecac10ead4,"{""class"":""xgboost.XGBRegressor"",""colsample_bytree"":1.0,""device"":""cpu"",""learning_rate"":0.05,""max_depth"":3,""n_estimators"":300,""n_jobs"":2,""objective"":""reg:squarederror"",""random_state"":1234,""reg_alpha"":0.0,""reg_lambda"":1.0,""subsample"":1.0,""tree_method"":""hist""}","{""constant_std_replacement"":1.0,""constant_std_threshold"":1e-06,""mean"":[1.8229437626108196,3.184793708383161,2.8464206995051593,3.0832654564045274,0.24756713248516646,1.8222457666062042,3.4965075614664873],""scale_after_constant_guard"":[0.3641531041833594,1.4447331980481315,1.1894875239139924,1.6077223285489868,0.47751812342892447,0.4329417241884537,1.0],""std_before_constant_guard"":[0.3641531041833594,1.4447331980481315,1.1894875239139924,1.6077223285489868,0.47751812342892447,0.4329417241884537,7.105427357601002e-15],""target"":""log1p_seconds_with_expm1_inverse_and_lower_clip_zero"",""transform"":""log1p_nonnegative_globals_then_outer_train_standard_scaler""}",,single,True
cudaq_dense_statevector_fp64,fp64,xgboost,3,45ca196e391297302c92dc6ea0fd119efa62b2ee88e3b85260561e5fbafa7400,True,ok,0.00014396599726751447,0.00023492416942051922,ok,,125,25,cfe2de41d200712ceb24a38a6f886f2adc63cb5ef2a07d137698d4a4df53927f,711625bc7eb331c0b9a32c4a0cd93207520b64226e688bccf89cdfecac10ead4,"{""class"":""xgboost.XGBRegressor"",""colsample_bytree"":1.0,""device"":""cpu"",""learning_rate"":0.05,""max_depth"":3,""n_estimators"":300,""n_jobs"":2,""objective"":""reg:squarederror"",""random_state"":1234,""reg_alpha"":0.0,""reg_lambda"":1.0,""subsample"":1.0,""tree_method"":""hist""}","{""constant_std_replacement"":1.0,""constant_std_threshold"":1e-06,""mean"":[1.8229437626108196,3.184793708383161,2.8464206995051593,3.0832654564045274,0.24756713248516646,1.8222457666062042,3.4965075614664873],""scale_after_constant_guard"":[0.3641531041833594,1.4447331980481315,1.1894875239139924,1.6077223285489868,0.47751812342892447,0.4329417241884537,1.0],""std_before_constant_guard"":[0.3641531041833594,1.4447331980481315,1.1894875239139924,1.6077223285489868,0.47751812342892447,0.4329417241884537,7.105427357601002e-15],""target"":""log1p_seconds_with_expm1_inverse_and_lower_clip_zero"",""transform"":""log1p_nonnegative_globals_then_outer_train_standard_scaler""}",,single,True
cudaq_dense_statevector_fp64,fp64,xgboost,3,4d5b55eb4b8a0aea0af4bde721618cbe79ed66e0636398ffddc79ace483672a6,True,ok,0.0005926589947193861,0.000497346222641719,ok,,125,25,cfe2de41d200712ceb24a38a6f886f2adc63cb5ef2a07d137698d4a4df53927f,711625bc7eb331c0b9a32c4a0cd93207520b64226e688bccf89cdfecac10ead4,"{""class"":""xgboost.XGBRegressor"",""colsample_bytree"":1.0,""device"":""cpu"",""learning_rate"":0.05,""max_depth"":3,""n_estimators"":300,""n_jobs"":2,""objective"":""reg:squarederror"",""random_state"":1234,""reg_alpha"":0.0,""reg_lambda"":1.0,""subsample"":1.0,""tree_method"":""hist""}","{""constant_std_replacement"":1.0,""constant_std_threshold"":1e-06,""mean"":[1.8229437626108196,3.184793708383161,2.8464206995051593,3.0832654564045274,0.24756713248516646,1.8222457666062042,3.4965075614664873],""scale_after_constant_guard"":[0.3641531041833594,1.4447331980481315,1.1894875239139924,1.6077223285489868,0.47751812342892447,0.4329417241884537,1.0],""std_before_constant_guard"":[0.3641531041833594,1.4447331980481315,1.1894875239139924,1.6077223285489868,0.47751812342892447,0.4329417241884537,7.105427357601002e-15],""target"":""log1p_seconds_with_expm1_inverse_and_lower_clip_zero"",""transform"":""log1p_nonnegative_globals_then_outer_train_standard_scaler""}",,single,True
cudaq_dense_statevector_fp64,fp64,xgboost,3,5042c6dd513b1366c0a145850de9e534b0e38aabc818b994ab8c4b6cad7ad5c8,True,ok,0.0012798240059055388,0.0009983568472355833,ok,,125,25,cfe2de41d200712ceb24a38a6f886f2adc63cb5ef2a07d137698d4a4df53927f,711625bc7eb331c0b9a32c4a0cd93207520b64226e688bccf89cdfecac10ead4,"{""class"":""xgboost.XGBRegressor"",""colsample_bytree"":1.0,""device"":""cpu"",""learning_rate"":0.05,""max_depth"":3,""n_estimators"":300,""n_jobs"":2,""objective"":""reg:squarederror"",""random_state"":1234,""reg_alpha"":0.0,""reg_lambda"":1.0,""subsample"":1.0,""tree_method"":""hist""}","{""constant_std_replacement"":1.0,""constant_std_threshold"":1e-06,""mean"":[1.8229437626108196,3.184793708383161,2.8464206995051593,3.0832654564045274,0.24756713248516646,1.8222457666062042,3.4965075614664873],""scale_after_constant_guard"":[0.3641531041833594,1.4447331980481315,1.1894875239139924,1.6077223285489868,0.47751812342892447,0.4329417241884537,1.0],""std_before_constant_guard"":[0.3641531041833594,1.4447331980481315,1.1894875239139924,1.6077223285489868,0.47751812342892447,0.4329417241884537,7.105427357601002e-15],""target"":""log1p_seconds_with_expm1_inverse_and_lower_clip_zero"",""transform"":""log1p_nonnegative_globals_then_outer_train_standard_scaler""}",,single,True
cudaq_dense_statevector_fp64,fp64,xgboost,3,50a5fc62010017f60b77f8c81e9ddf9bd95419be272d2ec5ed1445aae0c7ac92,True,ok,9.929899533744901e-05,0.00023492416942051922,ok,,125,25,cfe2de41d200712ceb24a38a6f886f2adc63cb5ef2a07d137698d4a4df53927f,711625bc7eb331c0b9a32c4a0cd93207520b64226e688bccf89cdfecac10ead4,"{""class"":""xgboost.XGBRegressor"",""colsample_bytree"":1.0,""device"":""cpu"",""learning_rate"":0.05,""max_depth"":3,""n_estimators"":300,""n_jobs"":2,""objective"":""reg:squarederror"",""random_state"":1234,""reg_alpha"":0.0,""reg_lambda"":1.0,""subsample"":1.0,""tree_method"":""hist""}","{""constant_std_replacement"":1.0,""constant_std_threshold"":1e-06,""mean"":[1.8229437626108196,3.184793708383161,2.8464206995051593,3.0832654564045274,0.24756713248516646,1.8222457666062042,3.4965075614664873],""scale_after_constant_guard"":[0.3641531041833594,1.4447331980481315,1.1894875239139924,1.6077223285489868,0.47751812342892447,0.4329417241884537,1.0],""std_before_constant_guard"":[0.3641531041833594,1.4447331980481315,1.1894875239139924,1.6077223285489868,0.47751812342892447,0.4329417241884537,7.105427357601002e-15],""target"":""log1p_seconds_with_expm1_inverse_and_lower_clip_zero"",""transform"":""log1p_nonnegative_globals_then_outer_train_standard_scaler""}",,single,True
cudaq_dense_statevector_fp64,fp64,xgboost,3,78ecec267502f433ab148452979221600becf679520b50ad454009e0ca097af5,True,ok,0.0005828499997733161,0.0007105593661734027,ok,,125,25,cfe2de41d200712ceb24a38a6f886f2adc63cb5ef2a07d137698d4a4df53927f,711625bc7eb331c0b9a32c4a0cd93207520b64226e688bccf89cdfecac10ead4,"{""class"":""xgboost.XGBRegressor"",""colsample_bytree"":1.0,""device"":""cpu"",""learning_rate"":0.05,""max_depth"":3,""n_estimators"":300,""n_jobs"":2,""objective"":""reg:squarederror"",""random_state"":1234,""reg_alpha"":0.0,""reg_lambda"":1.0,""subsample"":1.0,""tree_method"":""hist""}","{""constant_std_replacement"":1.0,""constant_std_threshold"":1e-06,""mean"":[1.8229437626108196,3.184793708383161,2.8464206995051593,3.0832654564045274,0.24756713248516646,1.8222457666062042,3.4965075614664873],""scale_after_constant_guard"":[0.3641531041833594,1.4447331980481315,1.1894875239139924,1.6077223285489868,0.47751812342892447,0.4329417241884537,1.0],""std_before_constant_guard"":[0.3641531041833594,1.4447331980481315,1.1894875239139924,1.6077223285489868,0.47751812342892447,0.4329417241884537,7.105427357601002e-15],""target"":""log1p_seconds_with_expm1_inverse_and_lower_clip_zero"",""transform"":""log1p_nonnegative_globals_then_outer_train_standard_scaler""}",,single,True
cudaq_dense_statevector_fp64,fp64,xgboost,3,79b8fdfbfe6897a226612f9b9e27a4533aac4b48258335fb7746c5f10989cedc,True,ok,0.00013466700329445302,0.00023492416942051922,ok,,125,25,cfe2de41d200712ceb24a38a6f886f2adc63cb5ef2a07d137698d4a4df53927f,711625bc7eb331c0b9a32c4a0cd93207520b64226e688bccf89cdfecac10ead4,"{""class"":""xgboost.XGBRegressor"",""colsample_bytree"":1.0,""device"":""cpu"",""learning_rate"":0.05,""max_depth"":3,""n_estimators"":300,""n_jobs"":2,""objective"":""reg:squarederror"",""random_state"":1234,""reg_alpha"":0.0,""reg_lambda"":1.0,""subsample"":1.0,""tree_method"":""hist""}","{""constant_std_replacement"":1.0,""constant_std_threshold"":1e-06,""mean"":[1.8229437626108196,3.184793708383161,2.8464206995051593,3.0832654564045274,0.24756713248516646,1.8222457666062042,3.4965075614664873],""scale_after_constant_guard"":[0.3641531041833594,1.4447331980481315,1.1894875239139924,1.6077223285489868,0.47751812342892447,0.4329417241884537,1.0],""std_before_constant_guard"":[0.3641531041833594,1.4447331980481315,1.1894875239139924,1.6077223285489868,0.47751812342892447,0.4329417241884537,7.105427357601002e-15],""target"":""log1p_seconds_with_expm1_inverse_and_lower_clip_zero"",""transform"":""log1p_nonnegative_globals_then_outer_train_standard_scaler""}",,single,True
cudaq_dense_statevector_fp64,fp64,xgboost,3,81a66b1daaf97d148a8a075515daf8702349d257883a1dd88e26993c1622351f,True,ok,0.0005727160023525357,0.0005437717201114178,ok,,125,25,cfe2de41d200712ceb24a38a6f886f2adc63cb5ef2a07d137698d4a4df53927f,711625bc7eb331c0b9a32c4a0cd93207520b64226e688bccf89cdfecac10ead4,"{""class"":""xgboost.XGBRegressor"",""colsample_bytree"":1.0,""device"":""cpu"",""learning_rate"":0.05,""max_depth"":3,""n_estimators"":300,""n_jobs"":2,""objective"":""reg:squarederror"",""random_state"":1234,""reg_alpha"":0.0,""reg_lambda"":1.0,""subsample"":1.0,""tree_method"":""hist""}","{""constant_std_replacement"":1.0,""constant_std_threshold"":1e-06,""mean"":[1.8229437626108196,3.184793708383161,2.8464206995051593,3.0832654564045274,0.24756713248516646,1.8222457666062042,3.4965075614664873],""scale_after_constant_guard"":[0.3641531041833594,1.4447331980481315,1.1894875239139924,1.6077223285489868,0.47751812342892447,0.4329417241884537,1.0],""std_before_constant_guard"":[0.3641531041833594,1.4447331980481315,1.1894875239139924,1.6077223285489868,0.47751812342892447,0.4329417241884537,7.105427357601002e-15],""target"":""log1p_seconds_with_expm1_inverse_and_lower_clip_zero"",""transform"":""log1p_nonnegative_globals_then_outer_train_standard_scaler""}",,single,True
cudaq_dense_statevector_fp64,fp64,xgboost,3,8d3b3ff10a3a80d0dda4e7043cce2b222aaf9e3cc19caa194b8e87da40266ac5,True,ok,0.0004214040091028437,0.0004314984199359119,ok,,125,25,cfe2de41d200712ceb24a38a6f886f2adc63cb5ef2a07d137698d4a4df53927f,711625bc7eb331c0b9a32c4a0cd93207520b64226e688bccf89cdfecac10ead4,"{""class"":""xgboost.XGBRegressor"",""colsample_bytree"":1.0,""device"":""cpu"",""learning_rate"":0.05,""max_depth"":3,""n_estimators"":300,""n_jobs"":2,""objective"":""reg:squarederror"",""random_state"":1234,""reg_alpha"":0.0,""reg_lambda"":1.0,""subsample"":1.0,""tree_method"":""hist""}","{""constant_std_replacement"":1.0,""constant_std_threshold"":1e-06,""mean"":[1.8229437626108196,3.184793708383161,2.8464206995051593,3.0832654564045274,0.24756713248516646,1.8222457666062042,3.4965075614664873],""scale_after_constant_guard"":[0.3641531041833594,1.4447331980481315,1.1894875239139924,1.6077223285489868,0.47751812342892447,0.4329417241884537,1.0],""std_before_constant_guard"":[0.3641531041833594,1.4447331980481315,1.1894875239139924,1.6077223285489868,0.47751812342892447,0.4329417241884537,7.105427357601002e-15],""target"":""log1p_seconds_with_expm1_inverse_and_lower_clip_zero"",""transform"":""log1p_nonnegative_globals_then_outer_train_standard_scaler""}",,single,True
cudaq_dense_statevector_fp64,fp64,xgboost,3,99e0865dc3fced630c02b5b2710b24fd9257ba31d54112cde08a769e974f53c4,True,ok,0.000739519004127942,0.0009297284703788132,ok,,125,25,cfe2de41d200712ceb24a38a6f886f2adc63cb5ef2a07d137698d4a4df53927f,711625bc7eb331c0b9a32c4a0cd93207520b64226e688bccf89cdfecac10ead4,"{""class"":""xgboost.XGBRegressor"",""colsample_bytree"":1.0,""device"":""cpu"",""learning_rate"":0.05,""max_depth"":3,""n_estimators"":300,""n_jobs"":2,""objective"":""reg:squarederror"",""random_state"":1234,""reg_alpha"":0.0,""reg_lambda"":1.0,""subsample"":1.0,""tree_method"":""hist""}","{""constant_std_replacement"":1.0,""constant_std_threshold"":1e-06,""mean"":[1.8229437626108196,3.184793708383161,2.8464206995051593,3.0832654564045274,0.24756713248516646,1.8222457666062042,3.4965075614664873],""scale_after_constant_guard"":[0.3641531041833594,1.4447331980481315,1.1894875239139924,1.6077223285489868,0.47751812342892447,0.4329417241884537,1.0],""std_before_constant_guard"":[0.3641531041833594,1.4447331980481315,1.1894875239139924,1.6077223285489868,0.47751812342892447,0.4329417241884537,7.105427357601002e-15],""target"":""log1p_seconds_with_expm1_inverse_and_lower_clip_zero"",""transform"":""log1p_nonnegative_globals_then_outer_train_standard_scaler""}",,single,True
cudaq_dense_statevector_fp64,fp64,xgboost,3,9fc54c185186ff8c504ebdac4e3fa109beb4cf46f86196a3376b3153a7f72962,True,ok,0.00020380900241434574,0.00025486767910057713,ok,,125,25,cfe2de41d200712ceb24a38a6f886f2adc63cb5ef2a07d137698d4a4df53927f,711625bc7eb331c0b9a32c4a0cd93207520b64226e688bccf89cdfecac10ead4,"{""class"":""xgboost.XGBRegressor"",""colsample_bytree"":1.0,""device"":""cpu"",""learning_rate"":0.05,""max_depth"":3,""n_estimators"":300,""n_jobs"":2,""objective"":""reg:squarederror"",""random_state"":1234,""reg_alpha"":0.0,""reg_lambda"":1.0,""subsample"":1.0,""tree_method"":""hist""}","{""constant_std_replacement"":1.0,""constant_std_threshold"":1e-06,""mean"":[1.8229437626108196,3.184793708383161,2.8464206995051593,3.0832654564045274,0.24756713248516646,1.8222457666062042,3.4965075614664873],""scale_after_constant_guard"":[0.3641531041833594,1.4447331980481315,1.1894875239139924,1.6077223285489868,0.47751812342892447,0.4329417241884537,1.0],""std_before_constant_guard"":[0.3641531041833594,1.4447331980481315,1.1894875239139924,1.6077223285489868,0.47751812342892447,0.4329417241884537,7.105427357601002e-15],""target"":""log1p_seconds_with_expm1_inverse_and_lower_clip_zero"",""transform"":""log1p_nonnegative_globals_then_outer_train_standard_scaler""}",,single,True
cudaq_dense_statevector_fp64,fp64,xgboost,3,b6afb1122e1baece13144a1d0da78738759129107f453e9579e99e8789e057fe,True,ok,0.00019810900266747922,0.0002880167699023259,ok,,125,25,cfe2de41d200712ceb24a38a6f886f2adc63cb5ef2a07d137698d4a4df53927f,711625bc7eb331c0b9a32c4a0cd93207520b64226e688bccf89cdfecac10ead4,"{""class"":""xgboost.XGBRegressor"",""colsample_bytree"":1.0,""device"":""cpu"",""learning_rate"":0.05,""max_depth"":3,""n_estimators"":300,""n_jobs"":2,""objective"":""reg:squarederror"",""random_state"":1234,""reg_alpha"":0.0,""reg_lambda"":1.0,""subsample"":1.0,""tree_method"":""hist""}","{""constant_std_replacement"":1.0,""constant_std_threshold"":1e-06,""mean"":[1.8229437626108196,3.184793708383161,2.8464206995051593,3.0832654564045274,0.24756713248516646,1.8222457666062042,3.4965075614664873],""scale_after_constant_guard"":[0.3641531041833594,1.4447331980481315,1.1894875239139924,1.6077223285489868,0.47751812342892447,0.4329417241884537,1.0],""std_before_constant_guard"":[0.3641531041833594,1.4447331980481315,1.1894875239139924,1.6077223285489868,0.47751812342892447,0.4329417241884537,7.105427357601002e-15],""target"":""log1p_seconds_with_expm1_inverse_and_lower_clip_zero"",""transform"":""log1p_nonnegative_globals_then_outer_train_standard_scaler""}",,single,True
cudaq_dense_statevector_fp64,fp64,xgboost,3,c69c35c09a4dcfe7dd09af0b73be8e5f608531bf0baadd794f6861bcf237e40c,True,ok,0.0001400179899064824,0.00023492416942051922,ok,,125,25,cfe2de41d200712ceb24a38a6f886f2adc63cb5ef2a07d137698d4a4df53927f,711625bc7eb331c0b9a32c4a0cd93207520b64226e688bccf89cdfecac10ead4,"{""class"":""xgboost.XGBRegressor"",""colsample_bytree"":1.0,""device"":""cpu"",""learning_rate"":0.05,""max_depth"":3,""n_estimators"":300,""n_jobs"":2,""objective"":""reg:squarederror"",""random_state"":1234,""reg_alpha"":0.0,""reg_lambda"":1.0,""subsample"":1.0,""tree_method"":""hist""}","{""constant_std_replacement"":1.0,""constant_std_threshold"":1e-06,""mean"":[1.8229437626108196,3.184793708383161,2.8464206995051593,3.0832654564045274,0.24756713248516646,1.8222457666062042,3.4965075614664873],""scale_after_constant_guard"":[0.3641531041833594,1.4447331980481315,1.1894875239139924,1.6077223285489868,0.47751812342892447,0.4329417241884537,1.0],""std_before_constant_guard"":[0.3641531041833594,1.4447331980481315,1.1894875239139924,1.6077223285489868,0.47751812342892447,0.4329417241884537,7.105427357601002e-15],""target"":""log1p_seconds_with_expm1_inverse_and_lower_clip_zero"",""transform"":""log1p_nonnegative_globals_then_outer_train_standard_scaler""}",,single,True
cudaq_dense_statevector_fp64,fp64,xgboost,3,db0e077b1674f90860a270d014aa8226822880dbf36c819dad0bea17881b7eb5,True,ok,0.0002332010044483468,0.0002880167699023259,ok,,125,25,cfe2de41d200712ceb24a38a6f886f2adc63cb5ef2a07d137698d4a4df53927f,711625bc7eb331c0b9a32c4a0cd93207520b64226e688bccf89cdfecac10ead4,"{""class"":""xgboost.XGBRegressor"",""colsample_bytree"":1.0,""device"":""cpu"",""learning_rate"":0.05,""max_depth"":3,""n_estimators"":300,""n_jobs"":2,""objective"":""reg:squarederror"",""random_state"":1234,""reg_alpha"":0.0,""reg_lambda"":1.0,""subsample"":1.0,""tree_method"":""hist""}","{""constant_std_replacement"":1.0,""constant_std_threshold"":1e-06,""mean"":[1.8229437626108196,3.184793708383161,2.8464206995051593,3.0832654564045274,0.24756713248516646,1.8222457666062042,3.4965075614664873],""scale_after_constant_guard"":[0.3641531041833594,1.4447331980481315,1.1894875239139924,1.6077223285489868,0.47751812342892447,0.4329417241884537,1.0],""std_before_constant_guard"":[0.3641531041833594,1.4447331980481315,1.1894875239139924,1.6077223285489868,0.47751812342892447,0.4329417241884537,7.105427357601002e-15],""target"":""log1p_seconds_with_expm1_inverse_and_lower_clip_zero"",""transform"":""log1p_nonnegative_globals_then_outer_train_standard_scaler""}",,single,True
cudaq_dense_statevector_fp64,fp64,xgboost,3,e2fba21685e6e7d22d625d8babcc9c51a8911815153e52fc89277e0efe117045,True,ok,0.00027516100089997053,0.00034496679932139964,ok,,125,25,cfe2de41d200712ceb24a38a6f886f2adc63cb5ef2a07d137698d4a4df53927f,711625bc7eb331c0b9a32c4a0cd93207520b64226e688bccf89cdfecac10ead4,"{""class"":""xgboost.XGBRegressor"",""colsample_bytree"":1.0,""device"":""cpu"",""learning_rate"":0.05,""max_depth"":3,""n_estimators"":300,""n_jobs"":2,""objective"":""reg:squarederror"",""random_state"":1234,""reg_alpha"":0.0,""reg_lambda"":1.0,""subsample"":1.0,""tree_method"":""hist""}","{""constant_std_replacement"":1.0,""constant_std_threshold"":1e-06,""mean"":[1.8229437626108196,3.184793708383161,2.8464206995051593,3.0832654564045274,0.24756713248516646,1.8222457666062042,3.4965075614664873],""scale_after_constant_guard"":[0.3641531041833594,1.4447331980481315,1.1894875239139924,1.6077223285489868,0.47751812342892447,0.4329417241884537,1.0],""std_before_constant_guard"":[0.3641531041833594,1.4447331980481315,1.1894875239139924,1.6077223285489868,0.47751812342892447,0.4329417241884537,7.105427357601002e-15],""target"":""log1p_seconds_with_expm1_inverse_and_lower_clip_zero"",""transform"":""log1p_nonnegative_globals_then_outer_train_standard_scaler""}",,single,True
cudaq_dense_statevector_fp64,fp64,xgboost,3,e4664972befc3ffed396f3842bf910be22c2fbe7f293d3c295b971dfe094d398,True,ok,0.00048641600005794317,0.0004846012216611498,ok,,125,25,cfe2de41d200712ceb24a38a6f886f2adc63cb5ef2a07d137698d4a4df53927f,711625bc7eb331c0b9a32c4a0cd93207520b64226e688bccf89cdfecac10ead4,"{""class"":""xgboost.XGBRegressor"",""colsample_bytree"":1.0,""device"":""cpu"",""learning_rate"":0.05,""max_depth"":3,""n_estimators"":300,""n_jobs"":2,""objective"":""reg:squarederror"",""random_state"":1234,""reg_alpha"":0.0,""reg_lambda"":1.0,""subsample"":1.0,""tree_method"":""hist""}","{""constant_std_replacement"":1.0,""constant_std_threshold"":1e-06,""mean"":[1.8229437626108196,3.184793708383161,2.8464206995051593,3.0832654564045274,0.24756713248516646,1.8222457666062042,3.4965075614664873],""scale_after_constant_guard"":[0.3641531041833594,1.4447331980481315,1.1894875239139924,1.6077223285489868,0.47751812342892447,0.4329417241884537,1.0],""std_before_constant_guard"":[0.3641531041833594,1.4447331980481315,1.1894875239139924,1.6077223285489868,0.47751812342892447,0.4329417241884537,7.105427357601002e-15],""target"":""log1p_seconds_with_expm1_inverse_and_lower_clip_zero"",""transform"":""log1p_nonnegative_globals_then_outer_train_standard_scaler""}",,single,True
cudaq_dense_statevector_fp64,fp64,xgboost,3,f0e0170b510412a7e964e82f14793115a9e53a1b250283a74abd893a45b5f20e,True,ok,0.000482554009067826,0.0004738446195842749,ok,,125,25,cfe2de41d200712ceb24a38a6f886f2adc63cb5ef2a07d137698d4a4df53927f,711625bc7eb331c0b9a32c4a0cd93207520b64226e688bccf89cdfecac10ead4,"{""class"":""xgboost.XGBRegressor"",""colsample_bytree"":1.0,""device"":""cpu"",""learning_rate"":0.05,""max_depth"":3,""n_estimators"":300,""n_jobs"":2,""objective"":""reg:squarederror"",""random_state"":1234,""reg_alpha"":0.0,""reg_lambda"":1.0,""subsample"":1.0,""tree_method"":""hist""}","{""constant_std_replacement"":1.0,""constant_std_threshold"":1e-06,""mean"":[1.8229437626108196,3.184793708383161,2.8464206995051593,3.0832654564045274,0.24756713248516646,1.8222457666062042,3.4965075614664873],""scale_after_constant_guard"":[0.3641531041833594,1.4447331980481315,1.1894875239139924,1.6077223285489868,0.47751812342892447,0.4329417241884537,1.0],""std_before_constant_guard"":[0.3641531041833594,1.4447331980481315,1.1894875239139924,1.6077223285489868,0.47751812342892447,0.4329417241884537,7.105427357601002e-15],""target"":""log1p_seconds_with_expm1_inverse_and_lower_clip_zero"",""transform"":""log1p_nonnegative_globals_then_outer_train_standard_scaler""}",,single,True
cudaq_dense_statevector_fp64,fp64,xgboost,3,fa595f88d0ab98542a799af4492f53b2a5e2e88ebc442a9b508abac209d0afcc,True,ok,0.0010868179961107671,0.0006801326954345334,ok,,125,25,cfe2de41d200712ceb24a38a6f886f2adc63cb5ef2a07d137698d4a4df53927f,711625bc7eb331c0b9a32c4a0cd93207520b64226e688bccf89cdfecac10ead4,"{""class"":""xgboost.XGBRegressor"",""colsample_bytree"":1.0,""device"":""cpu"",""learning_rate"":0.05,""max_depth"":3,""n_estimators"":300,""n_jobs"":2,""objective"":""reg:squarederror"",""random_state"":1234,""reg_alpha"":0.0,""reg_lambda"":1.0,""subsample"":1.0,""tree_method"":""hist""}","{""constant_std_replacement"":1.0,""constant_std_threshold"":1e-06,""mean"":[1.8229437626108196,3.184793708383161,2.8464206995051593,3.0832654564045274,0.24756713248516646,1.8222457666062042,3.4965075614664873],""scale_after_constant_guard"":[0.3641531041833594,1.4447331980481315,1.1894875239139924,1.6077223285489868,0.47751812342892447,0.4329417241884537,1.0],""std_before_constant_guard"":[0.3641531041833594,1.4447331980481315,1.1894875239139924,1.6077223285489868,0.47751812342892447,0.4329417241884537,7.105427357601002e-15],""target"":""log1p_seconds_with_expm1_inverse_and_lower_clip_zero"",""transform"":""log1p_nonnegative_globals_then_outer_train_standard_scaler""}",,single,True
cudaq_dense_statevector_fp64,fp64,xgboost,3,fea8eb37e38bc24d3352d9446471b5cf8f6b8af6ae4c0f931d5942564936274c,True,ok,0.0006803360010962933,0.0006646485410762904,ok,,125,25,cfe2de41d200712ceb24a38a6f886f2adc63cb5ef2a07d137698d4a4df53927f,711625bc7eb331c0b9a32c4a0cd93207520b64226e688bccf89cdfecac10ead4,"{""class"":""xgboost.XGBRegressor"",""colsample_bytree"":1.0,""device"":""cpu"",""learning_rate"":0.05,""max_depth"":3,""n_estimators"":300,""n_jobs"":2,""objective"":""reg:squarederror"",""random_state"":1234,""reg_alpha"":0.0,""reg_lambda"":1.0,""subsample"":1.0,""tree_method"":""hist""}","{""constant_std_replacement"":1.0,""constant_std_threshold"":1e-06,""mean"":[1.8229437626108196,3.184793708383161,2.8464206995051593,3.0832654564045274,0.24756713248516646,1.8222457666062042,3.4965075614664873],""scale_after_constant_guard"":[0.3641531041833594,1.4447331980481315,1.1894875239139924,1.6077223285489868,0.47751812342892447,0.4329417241884537,1.0],""std_before_constant_guard"":[0.3641531041833594,1.4447331980481315,1.1894875239139924,1.6077223285489868,0.47751812342892447,0.4329417241884537,7.105427357601002e-15],""target"":""log1p_seconds_with_expm1_inverse_and_lower_clip_zero"",""transform"":""log1p_nonnegative_globals_then_outer_train_standard_scaler""}",,single,True
cudaq_dense_statevector_fp64,fp64,work_scaled_ridge,3,0285fd21a0dd1ca29cd386de85a1a8af49cc7d71f5c86f6451b55a11c68864a8,True,ok,0.0002549189957790077,0.0005897818073668671,ok,,125,25,cfe2de41d200712ceb24a38a6f886f2adc63cb5ef2a07d137698d4a4df53927f,711625bc7eb331c0b9a32c4a0cd93207520b64226e688bccf89cdfecac10ead4,"{""alpha"":1.0,""class"":""sklearn.linear_model.Ridge"",""fit_intercept"":true}","{""constant_std_replacement"":1.0,""constant_std_threshold"":1e-06,""feature_order"":[""2^n"",""2^n*one_qubit_count"",""2^n*two_qubit_count"",""2^n*work_scaled_multiqubit_count"",""shots""],""mean"":[125.824,8791.232,49558.208,212.288,32.0],""n_definition"":""active_width"",""scale_after_constant_guard"":[164.7856335485591,28257.772074425404,288053.123319857,1184.9935481073294,1.0],""std_before_constant_guard"":[164.7856335485591,28257.772074425404,288053.123319857,1184.9935481073294,0.0],""target"":""raw_seconds"",""transform"":""outer_train_standard_scaler_on_raw_work_features""}",,single,True
cudaq_dense_statevector_fp64,fp64,work_scaled_ridge,3,13721ab5a328b17bf3f8c3692cda844a7e538a8c92530d0c1236f43d3ad5a884,True,ok,0.0001372170081594959,0.0005884775065634505,ok,,125,25,cfe2de41d200712ceb24a38a6f886f2adc63cb5ef2a07d137698d4a4df53927f,711625bc7eb331c0b9a32c4a0cd93207520b64226e688bccf89cdfecac10ead4,"{""alpha"":1.0,""class"":""sklearn.linear_model.Ridge"",""fit_intercept"":true}","{""constant_std_replacement"":1.0,""constant_std_threshold"":1e-06,""feature_order"":[""2^n"",""2^n*one_qubit_count"",""2^n*two_qubit_count"",""2^n*work_scaled_multiqubit_count"",""shots""],""mean"":[125.824,8791.232,49558.208,212.288,32.0],""n_definition"":""active_width"",""scale_after_constant_guard"":[164.7856335485591,28257.772074425404,288053.123319857,1184.9935481073294,1.0],""std_before_constant_guard"":[164.7856335485591,28257.772074425404,288053.123319857,1184.9935481073294,0.0],""target"":""raw_seconds"",""transform"":""outer_train_standard_scaler_on_raw_work_features""}",,single,True
cudaq_dense_statevector_fp64,fp64,work_scaled_ridge,3,15e80264fdff1398ab38bbd9144f853a3a2317e95163fda15a1e9ec2657beecb,True,ok,0.00015799100219737738,0.0005938298388086928,ok,,125,25,cfe2de41d200712ceb24a38a6f886f2adc63cb5ef2a07d137698d4a4df53927f,711625bc7eb331c0b9a32c4a0cd93207520b64226e688bccf89cdfecac10ead4,"{""alpha"":1.0,""class"":""sklearn.linear_model.Ridge"",""fit_intercept"":true}","{""constant_std_replacement"":1.0,""constant_std_threshold"":1e-06,""feature_order"":[""2^n"",""2^n*one_qubit_count"",""2^n*two_qubit_count"",""2^n*work_scaled_multiqubit_count"",""shots""],""mean"":[125.824,8791.232,49558.208,212.288,32.0],""n_definition"":""active_width"",""scale_after_constant_guard"":[164.7856335485591,28257.772074425404,288053.123319857,1184.9935481073294,1.0],""std_before_constant_guard"":[164.7856335485591,28257.772074425404,288053.123319857,1184.9935481073294,0.0],""target"":""raw_seconds"",""transform"":""outer_train_standard_scaler_on_raw_work_features""}",,single,True
cudaq_dense_statevector_fp64,fp64,work_scaled_ridge,3,187d76ac82884dc3202418b0e06077eec26afed0c625b228d76b4416e6bfa480,True,ok,0.00022338501003105193,0.000594412731078205,ok,,125,25,cfe2de41d200712ceb24a38a6f886f2adc63cb5ef2a07d137698d4a4df53927f,711625bc7eb331c0b9a32c4a0cd93207520b64226e688bccf89cdfecac10ead4,"{""alpha"":1.0,""class"":""sklearn.linear_model.Ridge"",""fit_intercept"":true}","{""constant_std_replacement"":1.0,""constant_std_threshold"":1e-06,""feature_order"":[""2^n"",""2^n*one_qubit_count"",""2^n*two_qubit_count"",""2^n*work_scaled_multiqubit_count"",""shots""],""mean"":[125.824,8791.232,49558.208,212.288,32.0],""n_definition"":""active_width"",""scale_after_constant_guard"":[164.7856335485591,28257.772074425404,288053.123319857,1184.9935481073294,1.0],""std_before_constant_guard"":[164.7856335485591,28257.772074425404,288053.123319857,1184.9935481073294,0.0],""target"":""raw_seconds"",""transform"":""outer_train_standard_scaler_on_raw_work_features""}",,single,True
cudaq_dense_statevector_fp64,fp64,work_scaled_ridge,3,2e57556a1b12802c7368ef21e0eb8e5c9863f768a48a9a4d0771725e60b8a616,True,ok,0.00018331900355406106,0.0005130591601737416,ok,,125,25,cfe2de41d200712ceb24a38a6f886f2adc63cb5ef2a07d137698d4a4df53927f,711625bc7eb331c0b9a32c4a0cd93207520b64226e688bccf89cdfecac10ead4,"{""alpha"":1.0,""class"":""sklearn.linear_model.Ridge"",""fit_intercept"":true}","{""constant_std_replacement"":1.0,""constant_std_threshold"":1e-06,""feature_order"":[""2^n"",""2^n*one_qubit_count"",""2^n*two_qubit_count"",""2^n*work_scaled_multiqubit_count"",""shots""],""mean"":[125.824,8791.232,49558.208,212.288,32.0],""n_definition"":""active_width"",""scale_after_constant_guard"":[164.7856335485591,28257.772074425404,288053.123319857,1184.9935481073294,1.0],""std_before_constant_guard"":[164.7856335485591,28257.772074425404,288053.123319857,1184.9935481073294,0.0],""target"":""raw_seconds"",""transform"":""outer_train_standard_scaler_on_raw_work_features""}",,single,True
cudaq_dense_statevector_fp64,fp64,work_scaled_ridge,3,3157278e31c54e80e45de35bfb793aac89eb413e21aabe08b2e0e140de8c0d39,True,ok,0.0011858819925691932,0.0011232386784875811,ok,,125,25,cfe2de41d200712ceb24a38a6f886f2adc63cb5ef2a07d137698d4a4df53927f,711625bc7eb331c0b9a32c4a0cd93207520b64226e688bccf89cdfecac10ead4,"{""alpha"":1.0,""class"":""sklearn.linear_model.Ridge"",""fit_intercept"":true}","{""constant_std_replacement"":1.0,""constant_std_threshold"":1e-06,""feature_order"":[""2^n"",""2^n*one_qubit_count"",""2^n*two_qubit_count"",""2^n*work_scaled_multiqubit_count"",""shots""],""mean"":[125.824,8791.232,49558.208,212.288,32.0],""n_definition"":""active_width"",""scale_after_constant_guard"":[164.7856335485591,28257.772074425404,288053.123319857,1184.9935481073294,1.0],""std_before_constant_guard"":[164.7856335485591,28257.772074425404,288053.123319857,1184.9935481073294,0.0],""target"":""raw_seconds"",""transform"":""outer_train_standard_scaler_on_raw_work_features""}",,single,True
cudaq_dense_statevector_fp64,fp64,work_scaled_ridge,3,3c0ed99f7e5a0409bdadc636b8b7a5dd911304ccbe2e87b32589b91dd44a6a5a,True,ok,0.00010722399747464806,0.0005938695634963265,ok,,125,25,cfe2de41d200712ceb24a38a6f886f2adc63cb5ef2a07d137698d4a4df53927f,711625bc7eb331c0b9a32c4a0cd93207520b64226e688bccf89cdfecac10ead4,"{""alpha"":1.0,""class"":""sklearn.linear_model.Ridge"",""fit_intercept"":true}","{""constant_std_replacement"":1.0,""constant_std_threshold"":1e-06,""feature_order"":[""2^n"",""2^n*one_qubit_count"",""2^n*two_qubit_count"",""2^n*work_scaled_multiqubit_count"",""shots""],""mean"":[125.824,8791.232,49558.208,212.288,32.0],""n_definition"":""active_width"",""scale_after_constant_guard"":[164.7856335485591,28257.772074425404,288053.123319857,1184.9935481073294,1.0],""std_before_constant_guard"":[164.7856335485591,28257.772074425404,288053.123319857,1184.9935481073294,0.0],""target"":""raw_seconds"",""transform"":""outer_train_standard_scaler_on_raw_work_features""}",,single,True
cudaq_dense_statevector_fp64,fp64,work_scaled_ridge,3,45ca196e391297302c92dc6ea0fd119efa62b2ee88e3b85260561e5fbafa7400,True,ok,0.00014396599726751447,0.000592302197673767,ok,,125,25,cfe2de41d200712ceb24a38a6f886f2adc63cb5ef2a07d137698d4a4df53927f,711625bc7eb331c0b9a32c4a0cd93207520b64226e688bccf89cdfecac10ead4,"{""alpha"":1.0,""class"":""sklearn.linear_model.Ridge"",""fit_intercept"":true}","{""constant_std_replacement"":1.0,""constant_std_threshold"":1e-06,""feature_order"":[""2^n"",""2^n*one_qubit_count"",""2^n*two_qubit_count"",""2^n*work_scaled_multiqubit_count"",""shots""],""mean"":[125.824,8791.232,49558.208,212.288,32.0],""n_definition"":""active_width"",""scale_after_constant_guard"":[164.7856335485591,28257.772074425404,288053.123319857,1184.9935481073294,1.0],""std_before_constant_guard"":[164.7856335485591,28257.772074425404,288053.123319857,1184.9935481073294,0.0],""target"":""raw_seconds"",""transform"":""outer_train_standard_scaler_on_raw_work_features""}",,single,True
cudaq_dense_statevector_fp64,fp64,work_scaled_ridge,3,4d5b55eb4b8a0aea0af4bde721618cbe79ed66e0636398ffddc79ace483672a6,True,ok,0.0005926589947193861,0.0006144174506132977,ok,,125,25,cfe2de41d200712ceb24a38a6f886f2adc63cb5ef2a07d137698d4a4df53927f,711625bc7eb331c0b9a32c4a0cd93207520b64226e688bccf89cdfecac10ead4,"{""alpha"":1.0,""class"":""sklearn.linear_model.Ridge"",""fit_intercept"":true}","{""constant_std_replacement"":1.0,""constant_std_threshold"":1e-06,""feature_order"":[""2^n"",""2^n*one_qubit_count"",""2^n*two_qubit_count"",""2^n*work_scaled_multiqubit_count"",""shots""],""mean"":[125.824,8791.232,49558.208,212.288,32.0],""n_definition"":""active_width"",""scale_after_constant_guard"":[164.7856335485591,28257.772074425404,288053.123319857,1184.9935481073294,1.0],""std_before_constant_guard"":[164.7856335485591,28257.772074425404,288053.123319857,1184.9935481073294,0.0],""target"":""raw_seconds"",""transform"":""outer_train_standard_scaler_on_raw_work_features""}",,single,True
cudaq_dense_statevector_fp64,fp64,work_scaled_ridge,3,5042c6dd513b1366c0a145850de9e534b0e38aabc818b994ab8c4b6cad7ad5c8,True,ok,0.0012798240059055388,0.0006943790408221486,ok,,125,25,cfe2de41d200712ceb24a38a6f886f2adc63cb5ef2a07d137698d4a4df53927f,711625bc7eb331c0b9a32c4a0cd93207520b64226e688bccf89cdfecac10ead4,"{""alpha"":1.0,""class"":""sklearn.linear_model.Ridge"",""fit_intercept"":true}","{""constant_std_replacement"":1.0,""constant_std_threshold"":1e-06,""feature_order"":[""2^n"",""2^n*one_qubit_count"",""2^n*two_qubit_count"",""2^n*work_scaled_multiqubit_count"",""shots""],""mean"":[125.824,8791.232,49558.208,212.288,32.0],""n_definition"":""active_width"",""scale_after_constant_guard"":[164.7856335485591,28257.772074425404,288053.123319857,1184.9935481073294,1.0],""std_before_constant_guard"":[164.7856335485591,28257.772074425404,288053.123319857,1184.9935481073294,0.0],""target"":""raw_seconds"",""transform"":""outer_train_standard_scaler_on_raw_work_features""}",,single,True
cudaq_dense_statevector_fp64,fp64,work_scaled_ridge,3,50a5fc62010017f60b77f8c81e9ddf9bd95419be272d2ec5ed1445aae0c7ac92,True,ok,9.929899533744901e-05,0.0005920575995166219,ok,,125,25,cfe2de41d200712ceb24a38a6f886f2adc63cb5ef2a07d137698d4a4df53927f,711625bc7eb331c0b9a32c4a0cd93207520b64226e688bccf89cdfecac10ead4,"{""alpha"":1.0,""class"":""sklearn.linear_model.Ridge"",""fit_intercept"":true}","{""constant_std_replacement"":1.0,""constant_std_threshold"":1e-06,""feature_order"":[""2^n"",""2^n*one_qubit_count"",""2^n*two_qubit_count"",""2^n*work_scaled_multiqubit_count"",""shots""],""mean"":[125.824,8791.232,49558.208,212.288,32.0],""n_definition"":""active_width"",""scale_after_constant_guard"":[164.7856335485591,28257.772074425404,288053.123319857,1184.9935481073294,1.0],""std_before_constant_guard"":[164.7856335485591,28257.772074425404,288053.123319857,1184.9935481073294,0.0],""target"":""raw_seconds"",""transform"":""outer_train_standard_scaler_on_raw_work_features""}",,single,True
cudaq_dense_statevector_fp64,fp64,work_scaled_ridge,3,78ecec267502f433ab148452979221600becf679520b50ad454009e0ca097af5,True,ok,0.0005828499997733161,0.0009308393442295794,ok,,125,25,cfe2de41d200712ceb24a38a6f886f2adc63cb5ef2a07d137698d4a4df53927f,711625bc7eb331c0b9a32c4a0cd93207520b64226e688bccf89cdfecac10ead4,"{""alpha"":1.0,""class"":""sklearn.linear_model.Ridge"",""fit_intercept"":true}","{""constant_std_replacement"":1.0,""constant_std_threshold"":1e-06,""feature_order"":[""2^n"",""2^n*one_qubit_count"",""2^n*two_qubit_count"",""2^n*work_scaled_multiqubit_count"",""shots""],""mean"":[125.824,8791.232,49558.208,212.288,32.0],""n_definition"":""active_width"",""scale_after_constant_guard"":[164.7856335485591,28257.772074425404,288053.123319857,1184.9935481073294,1.0],""std_before_constant_guard"":[164.7856335485591,28257.772074425404,288053.123319857,1184.9935481073294,0.0],""target"":""raw_seconds"",""transform"":""outer_train_standard_scaler_on_raw_work_features""}",,single,True
cudaq_dense_statevector_fp64,fp64,work_scaled_ridge,3,79b8fdfbfe6897a226612f9b9e27a4533aac4b48258335fb7746c5f10989cedc,True,ok,0.00013466700329445302,0.0005929044871264895,ok,,125,25,cfe2de41d200712ceb24a38a6f886f2adc63cb5ef2a07d137698d4a4df53927f,711625bc7eb331c0b9a32c4a0cd93207520b64226e688bccf89cdfecac10ead4,"{""alpha"":1.0,""class"":""sklearn.linear_model.Ridge"",""fit_intercept"":true}","{""constant_std_replacement"":1.0,""constant_std_threshold"":1e-06,""feature_order"":[""2^n"",""2^n*one_qubit_count"",""2^n*two_qubit_count"",""2^n*work_scaled_multiqubit_count"",""shots""],""mean"":[125.824,8791.232,49558.208,212.288,32.0],""n_definition"":""active_width"",""scale_after_constant_guard"":[164.7856335485591,28257.772074425404,288053.123319857,1184.9935481073294,1.0],""std_before_constant_guard"":[164.7856335485591,28257.772074425404,288053.123319857,1184.9935481073294,0.0],""target"":""raw_seconds"",""transform"":""outer_train_standard_scaler_on_raw_work_features""}",,single,True
cudaq_dense_statevector_fp64,fp64,work_scaled_ridge,3,81a66b1daaf97d148a8a075515daf8702349d257883a1dd88e26993c1622351f,True,ok,0.0005727160023525357,0.0009397043851506535,ok,,125,25,cfe2de41d200712ceb24a38a6f886f2adc63cb5ef2a07d137698d4a4df53927f,711625bc7eb331c0b9a32c4a0cd93207520b64226e688bccf89cdfecac10ead4,"{""alpha"":1.0,""class"":""sklearn.linear_model.Ridge"",""fit_intercept"":true}","{""constant_std_replacement"":1.0,""constant_std_threshold"":1e-06,""feature_order"":[""2^n"",""2^n*one_qubit_count"",""2^n*two_qubit_count"",""2^n*work_scaled_multiqubit_count"",""shots""],""mean"":[125.824,8791.232,49558.208,212.288,32.0],""n_definition"":""active_width"",""scale_after_constant_guard"":[164.7856335485591,28257.772074425404,288053.123319857,1184.9935481073294,1.0],""std_before_constant_guard"":[164.7856335485591,28257.772074425404,288053.123319857,1184.9935481073294,0.0],""target"":""raw_seconds"",""transform"":""outer_train_standard_scaler_on_raw_work_features""}",,single,True
cudaq_dense_statevector_fp64,fp64,work_scaled_ridge,3,8d3b3ff10a3a80d0dda4e7043cce2b222aaf9e3cc19caa194b8e87da40266ac5,True,ok,0.0004214040091028437,0.00060517832310024,ok,,125,25,cfe2de41d200712ceb24a38a6f886f2adc63cb5ef2a07d137698d4a4df53927f,711625bc7eb331c0b9a32c4a0cd93207520b64226e688bccf89cdfecac10ead4,"{""alpha"":1.0,""class"":""sklearn.linear_model.Ridge"",""fit_intercept"":true}","{""constant_std_replacement"":1.0,""constant_std_threshold"":1e-06,""feature_order"":[""2^n"",""2^n*one_qubit_count"",""2^n*two_qubit_count"",""2^n*work_scaled_multiqubit_count"",""shots""],""mean"":[125.824,8791.232,49558.208,212.288,32.0],""n_definition"":""active_width"",""scale_after_constant_guard"":[164.7856335485591,28257.772074425404,288053.123319857,1184.9935481073294,1.0],""std_before_constant_guard"":[164.7856335485591,28257.772074425404,288053.123319857,1184.9935481073294,0.0],""target"":""raw_seconds"",""transform"":""outer_train_standard_scaler_on_raw_work_features""}",,single,True
cudaq_dense_statevector_fp64,fp64,work_scaled_ridge,3,99e0865dc3fced630c02b5b2710b24fd9257ba31d54112cde08a769e974f53c4,True,ok,0.000739519004127942,0.0007707180031708812,ok,,125,25,cfe2de41d200712ceb24a38a6f886f2adc63cb5ef2a07d137698d4a4df53927f,711625bc7eb331c0b9a32c4a0cd93207520b64226e688bccf89cdfecac10ead4,"{""alpha"":1.0,""class"":""sklearn.linear_model.Ridge"",""fit_intercept"":true}","{""constant_std_replacement"":1.0,""constant_std_threshold"":1e-06,""feature_order"":[""2^n"",""2^n*one_qubit_count"",""2^n*two_qubit_count"",""2^n*work_scaled_multiqubit_count"",""shots""],""mean"":[125.824,8791.232,49558.208,212.288,32.0],""n_definition"":""active_width"",""scale_after_constant_guard"":[164.7856335485591,28257.772074425404,288053.123319857,1184.9935481073294,1.0],""std_before_constant_guard"":[164.7856335485591,28257.772074425404,288053.123319857,1184.9935481073294,0.0],""target"":""raw_seconds"",""transform"":""outer_train_standard_scaler_on_raw_work_features""}",,single,True
cudaq_dense_statevector_fp64,fp64,work_scaled_ridge,3,9fc54c185186ff8c504ebdac4e3fa109beb4cf46f86196a3376b3153a7f72962,True,ok,0.00020380900241434574,0.0005348941529338595,ok,,125,25,cfe2de41d200712ceb24a38a6f886f2adc63cb5ef2a07d137698d4a4df53927f,711625bc7eb331c0b9a32c4a0cd93207520b64226e688bccf89cdfecac10ead4,"{""alpha"":1.0,""class"":""sklearn.linear_model.Ridge"",""fit_intercept"":true}","{""constant_std_replacement"":1.0,""constant_std_threshold"":1e-06,""feature_order"":[""2^n"",""2^n*one_qubit_count"",""2^n*two_qubit_count"",""2^n*work_scaled_multiqubit_count"",""shots""],""mean"":[125.824,8791.232,49558.208,212.288,32.0],""n_definition"":""active_width"",""scale_after_constant_guard"":[164.7856335485591,28257.772074425404,288053.123319857,1184.9935481073294,1.0],""std_before_constant_guard"":[164.7856335485591,28257.772074425404,288053.123319857,1184.9935481073294,0.0],""target"":""raw_seconds"",""transform"":""outer_train_standard_scaler_on_raw_work_features""}",,single,True
cudaq_dense_statevector_fp64,fp64,work_scaled_ridge,3,b6afb1122e1baece13144a1d0da78738759129107f453e9579e99e8789e057fe,True,ok,0.00019810900266747922,0.0005044184791144282,ok,,125,25,cfe2de41d200712ceb24a38a6f886f2adc63cb5ef2a07d137698d4a4df53927f,711625bc7eb331c0b9a32c4a0cd93207520b64226e688bccf89cdfecac10ead4,"{""alpha"":1.0,""class"":""sklearn.linear_model.Ridge"",""fit_intercept"":true}","{""constant_std_replacement"":1.0,""constant_std_threshold"":1e-06,""feature_order"":[""2^n"",""2^n*one_qubit_count"",""2^n*two_qubit_count"",""2^n*work_scaled_multiqubit_count"",""shots""],""mean"":[125.824,8791.232,49558.208,212.288,32.0],""n_definition"":""active_width"",""scale_after_constant_guard"":[164.7856335485591,28257.772074425404,288053.123319857,1184.9935481073294,1.0],""std_before_constant_guard"":[164.7856335485591,28257.772074425404,288053.123319857,1184.9935481073294,0.0],""target"":""raw_seconds"",""transform"":""outer_train_standard_scaler_on_raw_work_features""}",,single,True
cudaq_dense_statevector_fp64,fp64,work_scaled_ridge,3,c69c35c09a4dcfe7dd09af0b73be8e5f608531bf0baadd794f6861bcf237e40c,True,ok,0.0001400179899064824,0.0005929044871264895,ok,,125,25,cfe2de41d200712ceb24a38a6f886f2adc63cb5ef2a07d137698d4a4df53927f,711625bc7eb331c0b9a32c4a0cd93207520b64226e688bccf89cdfecac10ead4,"{""alpha"":1.0,""class"":""sklearn.linear_model.Ridge"",""fit_intercept"":true}","{""constant_std_replacement"":1.0,""constant_std_threshold"":1e-06,""feature_order"":[""2^n"",""2^n*one_qubit_count"",""2^n*two_qubit_count"",""2^n*work_scaled_multiqubit_count"",""shots""],""mean"":[125.824,8791.232,49558.208,212.288,32.0],""n_definition"":""active_width"",""scale_after_constant_guard"":[164.7856335485591,28257.772074425404,288053.123319857,1184.9935481073294,1.0],""std_before_constant_guard"":[164.7856335485591,28257.772074425404,288053.123319857,1184.9935481073294,0.0],""target"":""raw_seconds"",""transform"":""outer_train_standard_scaler_on_raw_work_features""}",,single,True
cudaq_dense_statevector_fp64,fp64,work_scaled_ridge,3,db0e077b1674f90860a270d014aa8226822880dbf36c819dad0bea17881b7eb5,True,ok,0.0002332010044483468,0.00036784703194932006,ok,,125,25,cfe2de41d200712ceb24a38a6f886f2adc63cb5ef2a07d137698d4a4df53927f,711625bc7eb331c0b9a32c4a0cd93207520b64226e688bccf89cdfecac10ead4,"{""alpha"":1.0,""class"":""sklearn.linear_model.Ridge"",""fit_intercept"":true}","{""constant_std_replacement"":1.0,""constant_std_threshold"":1e-06,""feature_order"":[""2^n"",""2^n*one_qubit_count"",""2^n*two_qubit_count"",""2^n*work_scaled_multiqubit_count"",""shots""],""mean"":[125.824,8791.232,49558.208,212.288,32.0],""n_definition"":""active_width"",""scale_after_constant_guard"":[164.7856335485591,28257.772074425404,288053.123319857,1184.9935481073294,1.0],""std_before_constant_guard"":[164.7856335485591,28257.772074425404,288053.123319857,1184.9935481073294,0.0],""target"":""raw_seconds"",""transform"":""outer_train_standard_scaler_on_raw_work_features""}",,single,True
cudaq_dense_statevector_fp64,fp64,work_scaled_ridge,3,e2fba21685e6e7d22d625d8babcc9c51a8911815153e52fc89277e0efe117045,True,ok,0.00027516100089997053,0.0005404541537739694,ok,,125,25,cfe2de41d200712ceb24a38a6f886f2adc63cb5ef2a07d137698d4a4df53927f,711625bc7eb331c0b9a32c4a0cd93207520b64226e688bccf89cdfecac10ead4,"{""alpha"":1.0,""class"":""sklearn.linear_model.Ridge"",""fit_intercept"":true}","{""constant_std_replacement"":1.0,""constant_std_threshold"":1e-06,""feature_order"":[""2^n"",""2^n*one_qubit_count"",""2^n*two_qubit_count"",""2^n*work_scaled_multiqubit_count"",""shots""],""mean"":[125.824,8791.232,49558.208,212.288,32.0],""n_definition"":""active_width"",""scale_after_constant_guard"":[164.7856335485591,28257.772074425404,288053.123319857,1184.9935481073294,1.0],""std_before_constant_guard"":[164.7856335485591,28257.772074425404,288053.123319857,1184.9935481073294,0.0],""target"":""raw_seconds"",""transform"":""outer_train_standard_scaler_on_raw_work_features""}",,single,True
cudaq_dense_statevector_fp64,fp64,work_scaled_ridge,3,e4664972befc3ffed396f3842bf910be22c2fbe7f293d3c295b971dfe094d398,True,ok,0.00048641600005794317,0.0007188649865649283,ok,,125,25,cfe2de41d200712ceb24a38a6f886f2adc63cb5ef2a07d137698d4a4df53927f,711625bc7eb331c0b9a32c4a0cd93207520b64226e688bccf89cdfecac10ead4,"{""alpha"":1.0,""class"":""sklearn.linear_model.Ridge"",""fit_intercept"":true}","{""constant_std_replacement"":1.0,""constant_std_threshold"":1e-06,""feature_order"":[""2^n"",""2^n*one_qubit_count"",""2^n*two_qubit_count"",""2^n*work_scaled_multiqubit_count"",""shots""],""mean"":[125.824,8791.232,49558.208,212.288,32.0],""n_definition"":""active_width"",""scale_after_constant_guard"":[164.7856335485591,28257.772074425404,288053.123319857,1184.9935481073294,1.0],""std_before_constant_guard"":[164.7856335485591,28257.772074425404,288053.123319857,1184.9935481073294,0.0],""target"":""raw_seconds"",""transform"":""outer_train_standard_scaler_on_raw_work_features""}",,single,True
cudaq_dense_statevector_fp64,fp64,work_scaled_ridge,3,f0e0170b510412a7e964e82f14793115a9e53a1b250283a74abd893a45b5f20e,True,ok,0.000482554009067826,0.0006483945324459253,ok,,125,25,cfe2de41d200712ceb24a38a6f886f2adc63cb5ef2a07d137698d4a4df53927f,711625bc7eb331c0b9a32c4a0cd93207520b64226e688bccf89cdfecac10ead4,"{""alpha"":1.0,""class"":""sklearn.linear_model.Ridge"",""fit_intercept"":true}","{""constant_std_replacement"":1.0,""constant_std_threshold"":1e-06,""feature_order"":[""2^n"",""2^n*one_qubit_count"",""2^n*two_qubit_count"",""2^n*work_scaled_multiqubit_count"",""shots""],""mean"":[125.824,8791.232,49558.208,212.288,32.0],""n_definition"":""active_width"",""scale_after_constant_guard"":[164.7856335485591,28257.772074425404,288053.123319857,1184.9935481073294,1.0],""std_before_constant_guard"":[164.7856335485591,28257.772074425404,288053.123319857,1184.9935481073294,0.0],""target"":""raw_seconds"",""transform"":""outer_train_standard_scaler_on_raw_work_features""}",,single,True
cudaq_dense_statevector_fp64,fp64,work_scaled_ridge,3,fa595f88d0ab98542a799af4492f53b2a5e2e88ebc442a9b508abac209d0afcc,True,ok,0.0010868179961107671,0.0008443344831629181,ok,,125,25,cfe2de41d200712ceb24a38a6f886f2adc63cb5ef2a07d137698d4a4df53927f,711625bc7eb331c0b9a32c4a0cd93207520b64226e688bccf89cdfecac10ead4,"{""alpha"":1.0,""class"":""sklearn.linear_model.Ridge"",""fit_intercept"":true}","{""constant_std_replacement"":1.0,""constant_std_threshold"":1e-06,""feature_order"":[""2^n"",""2^n*one_qubit_count"",""2^n*two_qubit_count"",""2^n*work_scaled_multiqubit_count"",""shots""],""mean"":[125.824,8791.232,49558.208,212.288,32.0],""n_definition"":""active_width"",""scale_after_constant_guard"":[164.7856335485591,28257.772074425404,288053.123319857,1184.9935481073294,1.0],""std_before_constant_guard"":[164.7856335485591,28257.772074425404,288053.123319857,1184.9935481073294,0.0],""target"":""raw_seconds"",""transform"":""outer_train_standard_scaler_on_raw_work_features""}",,single,True
cudaq_dense_statevector_fp64,fp64,work_scaled_ridge,3,fea8eb37e38bc24d3352d9446471b5cf8f6b8af6ae4c0f931d5942564936274c,True,ok,0.0006803360010962933,0.0011178206278571548,ok,,125,25,cfe2de41d200712ceb24a38a6f886f2adc63cb5ef2a07d137698d4a4df53927f,711625bc7eb331c0b9a32c4a0cd93207520b64226e688bccf89cdfecac10ead4,"{""alpha"":1.0,""class"":""sklearn.linear_model.Ridge"",""fit_intercept"":true}","{""constant_std_replacement"":1.0,""constant_std_threshold"":1e-06,""feature_order"":[""2^n"",""2^n*one_qubit_count"",""2^n*two_qubit_count"",""2^n*work_scaled_multiqubit_count"",""shots""],""mean"":[125.824,8791.232,49558.208,212.288,32.0],""n_definition"":""active_width"",""scale_after_constant_guard"":[164.7856335485591,28257.772074425404,288053.123319857,1184.9935481073294,1.0],""std_before_constant_guard"":[164.7856335485591,28257.772074425404,288053.123319857,1184.9935481073294,0.0],""target"":""raw_seconds"",""transform"":""outer_train_standard_scaler_on_raw_work_features""}",,single,True
