panel_member_id,source_sha256,fold,method_id,method_family,view,target_seconds,member_observed_seconds,prediction_seconds,successful_seed_count,status,terminal_reason
sim_common_q16_v1::ae_indep_qiskit_2,de56c0798eca25bd1510d4d10f11e996f0bad2a11ce94a265da0635c161cbcae,0,azizov_gnn_hybrid_median_three_seeds,azizov_gnn_median_three_seeds,hybrid,0.6445786120020784,0.6445786120020784,0.6612619734111175,3,predicted,
sim_common_q16_v1::ae_indep_qiskit_2,de56c0798eca25bd1510d4d10f11e996f0bad2a11ce94a265da0635c161cbcae,0,azizov_gnn_source_median_three_seeds,azizov_gnn_median_three_seeds,source,0.6445786120020784,0.6445786120020784,0.5482908430912778,3,predicted,
sim_common_q16_v1::ae_indep_qiskit_2,de56c0798eca25bd1510d4d10f11e996f0bad2a11ce94a265da0635c161cbcae,0,azizov_gnn_transpiled_median_three_seeds,azizov_gnn_median_three_seeds,transpiled,0.6445786120020784,0.6445786120020784,0.6602898920363689,3,predicted,
sim_common_q16_v1::ae_indep_qiskit_3,6b2f9fea850557b40ca9b69341ec300b1c4fe1f4bf53e94436af2ba1586bac62,0,azizov_gnn_hybrid_median_three_seeds,azizov_gnn_median_three_seeds,hybrid,0.6324521900023683,0.6324521900023683,0.6726898617591507,3,predicted,
sim_common_q16_v1::ae_indep_qiskit_3,6b2f9fea850557b40ca9b69341ec300b1c4fe1f4bf53e94436af2ba1586bac62,0,azizov_gnn_source_median_three_seeds,azizov_gnn_median_three_seeds,source,0.6324521900023683,0.6324521900023683,0.5587739330496225,3,predicted,
sim_common_q16_v1::ae_indep_qiskit_3,6b2f9fea850557b40ca9b69341ec300b1c4fe1f4bf53e94436af2ba1586bac62,0,azizov_gnn_transpiled_median_three_seeds,azizov_gnn_median_three_seeds,transpiled,0.6324521900023683,0.6324521900023683,0.6669051193632061,3,predicted,
sim_common_q16_v1::ae_indep_qiskit_4,9b4261e2d98678946a9aefea16ba9b8abcae8409f8589f8fb3daa941694f88c6,0,azizov_gnn_hybrid_median_three_seeds,azizov_gnn_median_three_seeds,hybrid,0.6257052269975247,0.6257052269975247,0.6634855439938054,3,predicted,
sim_common_q16_v1::ae_indep_qiskit_4,9b4261e2d98678946a9aefea16ba9b8abcae8409f8589f8fb3daa941694f88c6,0,azizov_gnn_source_median_three_seeds,azizov_gnn_median_three_seeds,source,0.6257052269975247,0.6257052269975247,0.564388594284086,3,predicted,
sim_common_q16_v1::ae_indep_qiskit_4,9b4261e2d98678946a9aefea16ba9b8abcae8409f8589f8fb3daa941694f88c6,0,azizov_gnn_transpiled_median_three_seeds,azizov_gnn_median_three_seeds,transpiled,0.6257052269975247,0.6257052269975247,0.6625673574709751,3,predicted,
sim_common_q16_v1::ae_indep_qiskit_5,8e4821df72704634cb81ea4d738477a8d596a49cba641e6198fdc9970e1d5d2f,1,azizov_gnn_hybrid_median_three_seeds,azizov_gnn_median_three_seeds,hybrid,0.6429755230019509,0.6429755230019509,0.6522392054378272,3,predicted,
sim_common_q16_v1::ae_indep_qiskit_5,8e4821df72704634cb81ea4d738477a8d596a49cba641e6198fdc9970e1d5d2f,1,azizov_gnn_source_median_three_seeds,azizov_gnn_median_three_seeds,source,0.6429755230019509,0.6429755230019509,0.6891711931384338,3,predicted,
sim_common_q16_v1::ae_indep_qiskit_5,8e4821df72704634cb81ea4d738477a8d596a49cba641e6198fdc9970e1d5d2f,1,azizov_gnn_transpiled_median_three_seeds,azizov_gnn_median_three_seeds,transpiled,0.6429755230019509,0.6429755230019509,0.6640979169774857,3,predicted,
sim_common_q16_v1::ae_indep_qiskit_6,585424315575b559a664523f6ce6236189739069b3872eea4ccdb995a29f8701,2,azizov_gnn_hybrid_median_three_seeds,azizov_gnn_median_three_seeds,hybrid,0.6249196000026132,0.6249196000026132,0.6830293795703455,3,predicted,
sim_common_q16_v1::ae_indep_qiskit_6,585424315575b559a664523f6ce6236189739069b3872eea4ccdb995a29f8701,2,azizov_gnn_source_median_three_seeds,azizov_gnn_median_three_seeds,source,0.6249196000026132,0.6249196000026132,0.6325436752247818,3,predicted,
sim_common_q16_v1::ae_indep_qiskit_6,585424315575b559a664523f6ce6236189739069b3872eea4ccdb995a29f8701,2,azizov_gnn_transpiled_median_three_seeds,azizov_gnn_median_three_seeds,transpiled,0.6249196000026132,0.6249196000026132,0.7632345540800161,3,predicted,
sim_common_q16_v1::ae_indep_qiskit_7,a70c5b796698f145c5992d324b3a0b5e28eb7301e6f306652a316a55c68f1ae8,4,azizov_gnn_hybrid_median_three_seeds,azizov_gnn_median_three_seeds,hybrid,0.6728184880012122,0.6728184880012122,0.6443890741966345,3,predicted,
sim_common_q16_v1::ae_indep_qiskit_7,a70c5b796698f145c5992d324b3a0b5e28eb7301e6f306652a316a55c68f1ae8,4,azizov_gnn_source_median_three_seeds,azizov_gnn_median_three_seeds,source,0.6728184880012122,0.6728184880012122,0.6825769132643889,3,predicted,
sim_common_q16_v1::ae_indep_qiskit_7,a70c5b796698f145c5992d324b3a0b5e28eb7301e6f306652a316a55c68f1ae8,4,azizov_gnn_transpiled_median_three_seeds,azizov_gnn_median_three_seeds,transpiled,0.6728184880012122,0.6728184880012122,0.6694007039775557,3,predicted,
sim_common_q16_v1::ae_indep_qiskit_8,78d3420407751ab52a65abe926510d585ebd3a5d1934ac31c13b28eca5c5ee8a,4,azizov_gnn_hybrid_median_three_seeds,azizov_gnn_median_three_seeds,hybrid,0.7626127499970607,0.7626127499970607,0.663681875479402,3,predicted,
sim_common_q16_v1::ae_indep_qiskit_8,78d3420407751ab52a65abe926510d585ebd3a5d1934ac31c13b28eca5c5ee8a,4,azizov_gnn_source_median_three_seeds,azizov_gnn_median_three_seeds,source,0.7626127499970607,0.7626127499970607,0.7056851864921554,3,predicted,
sim_common_q16_v1::ae_indep_qiskit_8,78d3420407751ab52a65abe926510d585ebd3a5d1934ac31c13b28eca5c5ee8a,4,azizov_gnn_transpiled_median_three_seeds,azizov_gnn_median_three_seeds,transpiled,0.7626127499970607,0.7626127499970607,0.7530673672841094,3,predicted,
sim_common_q16_v1::ae_indep_qiskit_9,78ecec267502f433ab148452979221600becf679520b50ad454009e0ca097af5,3,azizov_gnn_hybrid_median_three_seeds,azizov_gnn_median_three_seeds,hybrid,0.7365946390018507,0.7365946390018507,0.8742062053076101,3,predicted,
sim_common_q16_v1::ae_indep_qiskit_9,78ecec267502f433ab148452979221600becf679520b50ad454009e0ca097af5,3,azizov_gnn_source_median_three_seeds,azizov_gnn_median_three_seeds,source,0.7365946390018507,0.7365946390018507,1.2700442030398125,3,predicted,
sim_common_q16_v1::ae_indep_qiskit_9,78ecec267502f433ab148452979221600becf679520b50ad454009e0ca097af5,3,azizov_gnn_transpiled_median_three_seeds,azizov_gnn_median_three_seeds,transpiled,0.7365946390018507,0.7365946390018507,1.0932654124398966,3,predicted,
sim_common_q16_v1::dj_indep_qiskit_2,242786b0f7d73c715a317cbdc0725596836f08d98ecd6eb06b3b4ac4f3f563fb,4,azizov_gnn_hybrid_median_three_seeds,azizov_gnn_median_three_seeds,hybrid,0.6235974270020961,0.6235974270020961,0.6366078462674826,3,predicted,
sim_common_q16_v1::dj_indep_qiskit_2,242786b0f7d73c715a317cbdc0725596836f08d98ecd6eb06b3b4ac4f3f563fb,4,azizov_gnn_source_median_three_seeds,azizov_gnn_median_three_seeds,source,0.6235974270020961,0.6235974270020961,0.675492483349152,3,predicted,
sim_common_q16_v1::dj_indep_qiskit_2,242786b0f7d73c715a317cbdc0725596836f08d98ecd6eb06b3b4ac4f3f563fb,4,azizov_gnn_transpiled_median_three_seeds,azizov_gnn_median_three_seeds,transpiled,0.6235974270020961,0.6235974270020961,0.6330062417987534,3,predicted,
sim_common_q16_v1::dj_indep_qiskit_3,bc8cb33a3a242fb3ab35191a36313674faaca8fe1839cfa05d79788052424d1d,1,azizov_gnn_hybrid_median_three_seeds,azizov_gnn_median_three_seeds,hybrid,0.6417426940024598,0.6417426940024598,0.6710026910805478,3,predicted,
sim_common_q16_v1::dj_indep_qiskit_3,bc8cb33a3a242fb3ab35191a36313674faaca8fe1839cfa05d79788052424d1d,1,azizov_gnn_source_median_three_seeds,azizov_gnn_median_three_seeds,source,0.6417426940024598,0.6417426940024598,0.6898656420174125,3,predicted,
sim_common_q16_v1::dj_indep_qiskit_3,bc8cb33a3a242fb3ab35191a36313674faaca8fe1839cfa05d79788052424d1d,1,azizov_gnn_transpiled_median_three_seeds,azizov_gnn_median_three_seeds,transpiled,0.6417426940024598,0.6417426940024598,0.6913302974139246,3,predicted,
sim_common_q16_v1::dj_indep_qiskit_4,3e4560adf43b5c5102bf22f235abcb9dd2ed5e34930cdb929a128226f96e4ea5,1,azizov_gnn_hybrid_median_three_seeds,azizov_gnn_median_three_seeds,hybrid,0.6125353499992343,0.6125353499992343,0.6652555454326647,3,predicted,
sim_common_q16_v1::dj_indep_qiskit_4,3e4560adf43b5c5102bf22f235abcb9dd2ed5e34930cdb929a128226f96e4ea5,1,azizov_gnn_source_median_three_seeds,azizov_gnn_median_three_seeds,source,0.6125353499992343,0.6125353499992343,0.6973670310571921,3,predicted,
sim_common_q16_v1::dj_indep_qiskit_4,3e4560adf43b5c5102bf22f235abcb9dd2ed5e34930cdb929a128226f96e4ea5,1,azizov_gnn_transpiled_median_three_seeds,azizov_gnn_median_three_seeds,transpiled,0.6125353499992343,0.6125353499992343,0.6504071925728472,3,predicted,
sim_common_q16_v1::dj_indep_qiskit_5,f12c9439f3dfce19e2f161aed74fdafb33146528cdb8524425608579de8b6741,0,azizov_gnn_hybrid_median_three_seeds,azizov_gnn_median_three_seeds,hybrid,0.6494606499982183,0.6494606499982183,0.6386777385315517,3,predicted,
sim_common_q16_v1::dj_indep_qiskit_5,f12c9439f3dfce19e2f161aed74fdafb33146528cdb8524425608579de8b6741,0,azizov_gnn_source_median_three_seeds,azizov_gnn_median_three_seeds,source,0.6494606499982183,0.6494606499982183,0.6218324598429379,3,predicted,
sim_common_q16_v1::dj_indep_qiskit_5,f12c9439f3dfce19e2f161aed74fdafb33146528cdb8524425608579de8b6741,0,azizov_gnn_transpiled_median_three_seeds,azizov_gnn_median_three_seeds,transpiled,0.6494606499982183,0.6494606499982183,0.6650815570625035,3,predicted,
sim_common_q16_v1::dj_indep_qiskit_6,b5736e26e119a619b687dcc0cf8065475e3805bc0c6180b480e0e36badc289db,2,azizov_gnn_hybrid_median_three_seeds,azizov_gnn_median_three_seeds,hybrid,0.7272395580002922,0.7272395580002922,0.7258402282403768,3,predicted,
sim_common_q16_v1::dj_indep_qiskit_6,b5736e26e119a619b687dcc0cf8065475e3805bc0c6180b480e0e36badc289db,2,azizov_gnn_source_median_three_seeds,azizov_gnn_median_three_seeds,source,0.7272395580002922,0.7272395580002922,0.6268789600829225,3,predicted,
sim_common_q16_v1::dj_indep_qiskit_6,b5736e26e119a619b687dcc0cf8065475e3805bc0c6180b480e0e36badc289db,2,azizov_gnn_transpiled_median_three_seeds,azizov_gnn_median_three_seeds,transpiled,0.7272395580002922,0.7272395580002922,0.8226517464431656,3,predicted,
sim_common_q16_v1::dj_indep_qiskit_7,9fc54c185186ff8c504ebdac4e3fa109beb4cf46f86196a3376b3153a7f72962,3,azizov_gnn_hybrid_median_three_seeds,azizov_gnn_median_three_seeds,hybrid,0.6525007039999764,0.6525007039999764,0.7335753954890512,3,predicted,
sim_common_q16_v1::dj_indep_qiskit_7,9fc54c185186ff8c504ebdac4e3fa109beb4cf46f86196a3376b3153a7f72962,3,azizov_gnn_source_median_three_seeds,azizov_gnn_median_three_seeds,source,0.6525007039999764,0.6525007039999764,1.2870162876621127,3,predicted,
sim_common_q16_v1::dj_indep_qiskit_7,9fc54c185186ff8c504ebdac4e3fa109beb4cf46f86196a3376b3153a7f72962,3,azizov_gnn_transpiled_median_three_seeds,azizov_gnn_median_three_seeds,transpiled,0.6525007039999764,0.6525007039999764,0.6900694186338491,3,predicted,
sim_common_q16_v1::dj_indep_qiskit_9,db0e077b1674f90860a270d014aa8226822880dbf36c819dad0bea17881b7eb5,3,azizov_gnn_hybrid_median_three_seeds,azizov_gnn_median_three_seeds,hybrid,0.6677595889996155,0.6677595889996155,1.0097308119285642,3,predicted,
sim_common_q16_v1::dj_indep_qiskit_9,db0e077b1674f90860a270d014aa8226822880dbf36c819dad0bea17881b7eb5,3,azizov_gnn_source_median_three_seeds,azizov_gnn_median_three_seeds,source,0.6677595889996155,0.6677595889996155,2.542559272824691,3,predicted,
sim_common_q16_v1::dj_indep_qiskit_9,db0e077b1674f90860a270d014aa8226822880dbf36c819dad0bea17881b7eb5,3,azizov_gnn_transpiled_median_three_seeds,azizov_gnn_median_three_seeds,transpiled,0.6677595889996155,0.6677595889996155,0.8374541020911295,3,predicted,
sim_common_q16_v1::ghz_indep_qiskit_2,fcd9497c7764bb185a96cc8b6d1c7878851e9b87e64de7ebf47aa1d16eb3ee0a,4,azizov_gnn_hybrid_median_three_seeds,azizov_gnn_median_three_seeds,hybrid,0.6328717180003878,0.6328717180003878,0.635338196663112,3,predicted,
sim_common_q16_v1::ghz_indep_qiskit_2,fcd9497c7764bb185a96cc8b6d1c7878851e9b87e64de7ebf47aa1d16eb3ee0a,4,azizov_gnn_source_median_three_seeds,azizov_gnn_median_three_seeds,source,0.6328717180003878,0.6328717180003878,0.7317451631897656,3,predicted,
sim_common_q16_v1::ghz_indep_qiskit_2,fcd9497c7764bb185a96cc8b6d1c7878851e9b87e64de7ebf47aa1d16eb3ee0a,4,azizov_gnn_transpiled_median_three_seeds,azizov_gnn_median_three_seeds,transpiled,0.6328717180003878,0.6328717180003878,0.6117330548649652,3,predicted,
sim_common_q16_v1::ghz_indep_qiskit_3,7344fd4d264c475e52edca02e3426225c78af7ed0bdaae137741a04685725a5d,2,azizov_gnn_hybrid_median_three_seeds,azizov_gnn_median_three_seeds,hybrid,0.6362690579990158,0.6362690579990158,0.6528649745345733,3,predicted,
sim_common_q16_v1::ghz_indep_qiskit_3,7344fd4d264c475e52edca02e3426225c78af7ed0bdaae137741a04685725a5d,2,azizov_gnn_source_median_three_seeds,azizov_gnn_median_three_seeds,source,0.6362690579990158,0.6362690579990158,0.6398281417525093,3,predicted,
sim_common_q16_v1::ghz_indep_qiskit_3,7344fd4d264c475e52edca02e3426225c78af7ed0bdaae137741a04685725a5d,2,azizov_gnn_transpiled_median_three_seeds,azizov_gnn_median_three_seeds,transpiled,0.6362690579990158,0.6362690579990158,0.7408212632450197,3,predicted,
sim_common_q16_v1::ghz_indep_qiskit_4,01bfdd8291d6badf1219dd3bf6d7e12559976b8ccb3e67d2548e729dc0c0dc82,2,azizov_gnn_hybrid_median_three_seeds,azizov_gnn_median_three_seeds,hybrid,0.6424375300011889,0.6424375300011889,0.6393600273995815,3,predicted,
sim_common_q16_v1::ghz_indep_qiskit_4,01bfdd8291d6badf1219dd3bf6d7e12559976b8ccb3e67d2548e729dc0c0dc82,2,azizov_gnn_source_median_three_seeds,azizov_gnn_median_three_seeds,source,0.6424375300011889,0.6424375300011889,0.6366049197872197,3,predicted,
sim_common_q16_v1::ghz_indep_qiskit_4,01bfdd8291d6badf1219dd3bf6d7e12559976b8ccb3e67d2548e729dc0c0dc82,2,azizov_gnn_transpiled_median_three_seeds,azizov_gnn_median_three_seeds,transpiled,0.6424375300011889,0.6424375300011889,0.7103468660756029,3,predicted,
sim_common_q16_v1::ghz_indep_qiskit_5,de4639e0b84f220ce7281521fbce5104129cc70befb85198bf93def8d4ba7a65,4,azizov_gnn_hybrid_median_three_seeds,azizov_gnn_median_three_seeds,hybrid,0.6349322169990046,0.6349322169990046,0.6247753549259092,3,predicted,
sim_common_q16_v1::ghz_indep_qiskit_5,de4639e0b84f220ce7281521fbce5104129cc70befb85198bf93def8d4ba7a65,4,azizov_gnn_source_median_three_seeds,azizov_gnn_median_three_seeds,source,0.6349322169990046,0.6349322169990046,0.6842161391571469,3,predicted,
sim_common_q16_v1::ghz_indep_qiskit_5,de4639e0b84f220ce7281521fbce5104129cc70befb85198bf93def8d4ba7a65,4,azizov_gnn_transpiled_median_three_seeds,azizov_gnn_median_three_seeds,transpiled,0.6349322169990046,0.6349322169990046,0.5820814240212038,3,predicted,
sim_common_q16_v1::ghz_indep_qiskit_6,c67a77f55c658ad1270fd52c8cbc66319b72ceaa5ca5d4015d775b44e8edd85a,2,azizov_gnn_hybrid_median_three_seeds,azizov_gnn_median_three_seeds,hybrid,0.6285922220013163,0.6285922220013163,0.6375616209745709,3,predicted,
sim_common_q16_v1::ghz_indep_qiskit_6,c67a77f55c658ad1270fd52c8cbc66319b72ceaa5ca5d4015d775b44e8edd85a,2,azizov_gnn_source_median_three_seeds,azizov_gnn_median_three_seeds,source,0.6285922220013163,0.6285922220013163,0.6496880537103903,3,predicted,
sim_common_q16_v1::ghz_indep_qiskit_6,c67a77f55c658ad1270fd52c8cbc66319b72ceaa5ca5d4015d775b44e8edd85a,2,azizov_gnn_transpiled_median_three_seeds,azizov_gnn_median_three_seeds,transpiled,0.6285922220013163,0.6285922220013163,0.6802976768815886,3,predicted,
sim_common_q16_v1::ghz_indep_qiskit_7,4b24f68f78c4499a295ab28caa04282d174b7ab2a6b0f5333d3bfe630df72f71,0,azizov_gnn_hybrid_median_three_seeds,azizov_gnn_median_three_seeds,hybrid,0.6354831150019891,0.6354831150019891,0.6716157389660808,3,predicted,
sim_common_q16_v1::ghz_indep_qiskit_7,4b24f68f78c4499a295ab28caa04282d174b7ab2a6b0f5333d3bfe630df72f71,0,azizov_gnn_source_median_three_seeds,azizov_gnn_median_three_seeds,source,0.6354831150019891,0.6354831150019891,0.6760241604446028,3,predicted,
sim_common_q16_v1::ghz_indep_qiskit_7,4b24f68f78c4499a295ab28caa04282d174b7ab2a6b0f5333d3bfe630df72f71,0,azizov_gnn_transpiled_median_three_seeds,azizov_gnn_median_three_seeds,transpiled,0.6354831150019891,0.6354831150019891,0.6657742438421113,3,predicted,
sim_common_q16_v1::ghz_indep_qiskit_8,2e57556a1b12802c7368ef21e0eb8e5c9863f768a48a9a4d0771725e60b8a616,3,azizov_gnn_hybrid_median_three_seeds,azizov_gnn_median_three_seeds,hybrid,0.644572266999603,0.644572266999603,0.6947792315323857,3,predicted,
sim_common_q16_v1::ghz_indep_qiskit_8,2e57556a1b12802c7368ef21e0eb8e5c9863f768a48a9a4d0771725e60b8a616,3,azizov_gnn_source_median_three_seeds,azizov_gnn_median_three_seeds,source,0.644572266999603,0.644572266999603,0.6811567130520173,3,predicted,
sim_common_q16_v1::ghz_indep_qiskit_8,2e57556a1b12802c7368ef21e0eb8e5c9863f768a48a9a4d0771725e60b8a616,3,azizov_gnn_transpiled_median_three_seeds,azizov_gnn_median_three_seeds,transpiled,0.644572266999603,0.644572266999603,0.6933454010651985,3,predicted,
sim_common_q16_v1::ghz_indep_qiskit_9,b5f6ad96b1eb0fc9087c079e22e8a91398b460e24d616ed0d8829247aee24f18,0,azizov_gnn_hybrid_median_three_seeds,azizov_gnn_median_three_seeds,hybrid,0.7290791659979732,0.7290791659979732,0.7020601507238334,3,predicted,
sim_common_q16_v1::ghz_indep_qiskit_9,b5f6ad96b1eb0fc9087c079e22e8a91398b460e24d616ed0d8829247aee24f18,0,azizov_gnn_source_median_three_seeds,azizov_gnn_median_three_seeds,source,0.7290791659979732,0.7290791659979732,0.7348793828421132,3,predicted,
sim_common_q16_v1::ghz_indep_qiskit_9,b5f6ad96b1eb0fc9087c079e22e8a91398b460e24d616ed0d8829247aee24f18,0,azizov_gnn_transpiled_median_three_seeds,azizov_gnn_median_three_seeds,transpiled,0.7290791659979732,0.7290791659979732,0.8548131508477496,3,predicted,
sim_common_q16_v1::graphstate_indep_qiskit_3,51e3c5bc60da502bf92a6ed65a7c728a8b957b427652ac8fdaa002b9afc50d40,4,azizov_gnn_hybrid_median_three_seeds,azizov_gnn_median_three_seeds,hybrid,0.645907268000883,0.645907268000883,0.6351601705453757,3,predicted,
sim_common_q16_v1::graphstate_indep_qiskit_3,51e3c5bc60da502bf92a6ed65a7c728a8b957b427652ac8fdaa002b9afc50d40,4,azizov_gnn_source_median_three_seeds,azizov_gnn_median_three_seeds,source,0.645907268000883,0.645907268000883,0.6920311808411554,3,predicted,
sim_common_q16_v1::graphstate_indep_qiskit_3,51e3c5bc60da502bf92a6ed65a7c728a8b957b427652ac8fdaa002b9afc50d40,4,azizov_gnn_transpiled_median_three_seeds,azizov_gnn_median_three_seeds,transpiled,0.645907268000883,0.645907268000883,0.6105620422045834,3,predicted,
sim_common_q16_v1::graphstate_indep_qiskit_4,13721ab5a328b17bf3f8c3692cda844a7e538a8c92530d0c1236f43d3ad5a884,3,azizov_gnn_hybrid_median_three_seeds,azizov_gnn_median_three_seeds,hybrid,0.6307967300017481,0.6307967300017481,0.6483553484494013,3,predicted,
sim_common_q16_v1::graphstate_indep_qiskit_4,13721ab5a328b17bf3f8c3692cda844a7e538a8c92530d0c1236f43d3ad5a884,3,azizov_gnn_source_median_three_seeds,azizov_gnn_median_three_seeds,source,0.6307967300017481,0.6307967300017481,0.6296626192677915,3,predicted,
sim_common_q16_v1::graphstate_indep_qiskit_4,13721ab5a328b17bf3f8c3692cda844a7e538a8c92530d0c1236f43d3ad5a884,3,azizov_gnn_transpiled_median_three_seeds,azizov_gnn_median_three_seeds,transpiled,0.6307967300017481,0.6307967300017481,0.5450469561463039,3,predicted,
sim_common_q16_v1::graphstate_indep_qiskit_5,cfadb6828c07bfc2fac00ca0c9c03935e927b88961597b69936fc199a094b9ea,0,azizov_gnn_hybrid_median_three_seeds,azizov_gnn_median_three_seeds,hybrid,0.6335009460017318,0.6335009460017318,0.6238823583267269,3,predicted,
sim_common_q16_v1::graphstate_indep_qiskit_5,cfadb6828c07bfc2fac00ca0c9c03935e927b88961597b69936fc199a094b9ea,0,azizov_gnn_source_median_three_seeds,azizov_gnn_median_three_seeds,source,0.6335009460017318,0.6335009460017318,0.6189523581076665,3,predicted,
sim_common_q16_v1::graphstate_indep_qiskit_5,cfadb6828c07bfc2fac00ca0c9c03935e927b88961597b69936fc199a094b9ea,0,azizov_gnn_transpiled_median_three_seeds,azizov_gnn_median_three_seeds,transpiled,0.6335009460017318,0.6335009460017318,0.6793923325047397,3,predicted,
sim_common_q16_v1::graphstate_indep_qiskit_6,7b944ad7e38d98fae66177b6c014ae2878d62bcd1765103c19941653817e7996,1,azizov_gnn_hybrid_median_three_seeds,azizov_gnn_median_three_seeds,hybrid,4.12037888100167,4.12037888100167,1.9554465450699796,3,predicted,
sim_common_q16_v1::graphstate_indep_qiskit_6,7b944ad7e38d98fae66177b6c014ae2878d62bcd1765103c19941653817e7996,1,azizov_gnn_source_median_three_seeds,azizov_gnn_median_three_seeds,source,4.12037888100167,4.12037888100167,0.7761175137750909,3,predicted,
sim_common_q16_v1::graphstate_indep_qiskit_6,7b944ad7e38d98fae66177b6c014ae2878d62bcd1765103c19941653817e7996,1,azizov_gnn_transpiled_median_three_seeds,azizov_gnn_median_three_seeds,transpiled,4.12037888100167,4.12037888100167,3.2980107275575627,3,predicted,
sim_common_q16_v1::graphstate_indep_qiskit_7,551dfe6ad672d4157a761610fc4c1061ea844868f2106407374764552251d63a,1,azizov_gnn_hybrid_median_three_seeds,azizov_gnn_median_three_seeds,hybrid,0.6352743349998491,0.6352743349998491,0.7070711622168264,3,predicted,
sim_common_q16_v1::graphstate_indep_qiskit_7,551dfe6ad672d4157a761610fc4c1061ea844868f2106407374764552251d63a,1,azizov_gnn_source_median_three_seeds,azizov_gnn_median_three_seeds,source,0.6352743349998491,0.6352743349998491,0.7066032809942797,3,predicted,
sim_common_q16_v1::graphstate_indep_qiskit_7,551dfe6ad672d4157a761610fc4c1061ea844868f2106407374764552251d63a,1,azizov_gnn_transpiled_median_three_seeds,azizov_gnn_median_three_seeds,transpiled,0.6352743349998491,0.6352743349998491,0.6464347054132231,3,predicted,
sim_common_q16_v1::graphstate_indep_qiskit_8,b6afb1122e1baece13144a1d0da78738759129107f453e9579e99e8789e057fe,3,azizov_gnn_hybrid_median_three_seeds,azizov_gnn_median_three_seeds,hybrid,0.7141289200008032,0.7141289200008032,0.7676090628107234,3,predicted,
sim_common_q16_v1::graphstate_indep_qiskit_8,b6afb1122e1baece13144a1d0da78738759129107f453e9579e99e8789e057fe,3,azizov_gnn_source_median_three_seeds,azizov_gnn_median_three_seeds,source,0.7141289200008032,0.7141289200008032,2.089391152149326,3,predicted,
sim_common_q16_v1::graphstate_indep_qiskit_8,b6afb1122e1baece13144a1d0da78738759129107f453e9579e99e8789e057fe,3,azizov_gnn_transpiled_median_three_seeds,azizov_gnn_median_three_seeds,transpiled,0.7141289200008032,0.7141289200008032,0.5799199094323508,3,predicted,
sim_common_q16_v1::graphstate_indep_qiskit_9,040a287609a78a55ab6148ad1a3cc6aa2fcee8b0871b077a9c1a37bee49f69fe,0,azizov_gnn_hybrid_median_three_seeds,azizov_gnn_median_three_seeds,hybrid,3.4133249820006317,3.4133249820006317,1.4770957109017098,3,predicted,
sim_common_q16_v1::graphstate_indep_qiskit_9,040a287609a78a55ab6148ad1a3cc6aa2fcee8b0871b077a9c1a37bee49f69fe,0,azizov_gnn_source_median_three_seeds,azizov_gnn_median_three_seeds,source,3.4133249820006317,3.4133249820006317,0.8003307103793186,3,predicted,
sim_common_q16_v1::graphstate_indep_qiskit_9,040a287609a78a55ab6148ad1a3cc6aa2fcee8b0871b077a9c1a37bee49f69fe,0,azizov_gnn_transpiled_median_three_seeds,azizov_gnn_median_three_seeds,transpiled,3.4133249820006317,3.4133249820006317,1.880037379915604,3,predicted,
sim_common_q16_v1::grover-noancilla_indep_qiskit_2,55746e6a2fd8d9c4b8c813443f2db46b072f75db1632dd252298c735fbc72bf0,1,azizov_gnn_hybrid_median_three_seeds,azizov_gnn_median_three_seeds,hybrid,0.6316192150006827,0.6274016160023166,0.8525598522160093,3,predicted,
sim_common_q16_v1::grover-noancilla_indep_qiskit_2,55746e6a2fd8d9c4b8c813443f2db46b072f75db1632dd252298c735fbc72bf0,1,azizov_gnn_source_median_three_seeds,azizov_gnn_median_three_seeds,source,0.6316192150006827,0.6274016160023166,0.697099960738736,3,predicted,
sim_common_q16_v1::grover-noancilla_indep_qiskit_2,55746e6a2fd8d9c4b8c813443f2db46b072f75db1632dd252298c735fbc72bf0,1,azizov_gnn_transpiled_median_three_seeds,azizov_gnn_median_three_seeds,transpiled,0.6316192150006827,0.6274016160023166,1.0726541414308064,3,predicted,
sim_common_q16_v1::grover-noancilla_indep_qiskit_3,bc77f4afad8bbb19a6b320c11bc8f8110a330e395e5c509895e0b6c566cab5e9,4,azizov_gnn_hybrid_median_three_seeds,azizov_gnn_median_three_seeds,hybrid,0.6336756905002403,0.6221831709990511,0.6362775772286163,3,predicted,
sim_common_q16_v1::grover-noancilla_indep_qiskit_3,bc77f4afad8bbb19a6b320c11bc8f8110a330e395e5c509895e0b6c566cab5e9,4,azizov_gnn_source_median_three_seeds,azizov_gnn_median_three_seeds,source,0.6336756905002403,0.6221831709990511,0.6890958843454391,3,predicted,
sim_common_q16_v1::grover-noancilla_indep_qiskit_3,bc77f4afad8bbb19a6b320c11bc8f8110a330e395e5c509895e0b6c566cab5e9,4,azizov_gnn_transpiled_median_three_seeds,azizov_gnn_median_three_seeds,transpiled,0.6336756905002403,0.6221831709990511,0.614687410972282,3,predicted,
sim_common_q16_v1::grover-noancilla_indep_qiskit_4,edc62038c489069da135981ccefd5c5a2f3cc0a991fa6da4defa393abdb0d2a4,4,azizov_gnn_hybrid_median_three_seeds,azizov_gnn_median_three_seeds,hybrid,0.6425279779978155,0.6347441939979035,0.6397127621199343,3,predicted,
sim_common_q16_v1::grover-noancilla_indep_qiskit_4,edc62038c489069da135981ccefd5c5a2f3cc0a991fa6da4defa393abdb0d2a4,4,azizov_gnn_source_median_three_seeds,azizov_gnn_median_three_seeds,source,0.6425279779978155,0.6347441939979035,0.7330247386172739,3,predicted,
sim_common_q16_v1::grover-noancilla_indep_qiskit_4,edc62038c489069da135981ccefd5c5a2f3cc0a991fa6da4defa393abdb0d2a4,4,azizov_gnn_transpiled_median_three_seeds,azizov_gnn_median_three_seeds,transpiled,0.6425279779978155,0.6347441939979035,0.5959530210100997,3,predicted,
sim_common_q16_v1::grover-noancilla_indep_qiskit_5,dd514cba6fbc94c48a3eb8f2ff2210ef74259e76e7f796394066418bfd93ee86,2,azizov_gnn_hybrid_median_three_seeds,azizov_gnn_median_three_seeds,hybrid,0.6749066180018417,0.6749066180018417,0.7206219198027133,3,predicted,
sim_common_q16_v1::grover-noancilla_indep_qiskit_5,dd514cba6fbc94c48a3eb8f2ff2210ef74259e76e7f796394066418bfd93ee86,2,azizov_gnn_source_median_three_seeds,azizov_gnn_median_three_seeds,source,0.6749066180018417,0.6749066180018417,0.6802646265364034,3,predicted,
sim_common_q16_v1::grover-noancilla_indep_qiskit_5,dd514cba6fbc94c48a3eb8f2ff2210ef74259e76e7f796394066418bfd93ee86,2,azizov_gnn_transpiled_median_three_seeds,azizov_gnn_median_three_seeds,transpiled,0.6749066180018417,0.6749066180018417,0.7632492677171012,3,predicted,
sim_common_q16_v1::grover-noancilla_indep_qiskit_6,b6a15d3507225e442ed02c90df5179f09c529df7bf5ee38a8005cc265f4203a6,0,azizov_gnn_hybrid_median_three_seeds,azizov_gnn_median_three_seeds,hybrid,0.8617562030012778,0.8617562030012778,1.4643863940875304,3,predicted,
sim_common_q16_v1::grover-noancilla_indep_qiskit_6,b6a15d3507225e442ed02c90df5179f09c529df7bf5ee38a8005cc265f4203a6,0,azizov_gnn_source_median_three_seeds,azizov_gnn_median_three_seeds,source,0.8617562030012778,0.8617562030012778,0.9170740836014382,3,predicted,
sim_common_q16_v1::grover-noancilla_indep_qiskit_6,b6a15d3507225e442ed02c90df5179f09c529df7bf5ee38a8005cc265f4203a6,0,azizov_gnn_transpiled_median_three_seeds,azizov_gnn_median_three_seeds,transpiled,0.8617562030012778,0.8617562030012778,1.1489698788543725,3,predicted,
sim_common_q16_v1::grover-noancilla_indep_qiskit_7,35548785a9c99b0ad9409f18dfbfc3baed0e1dcbb1d95eae8c8510dcda120410,0,azizov_gnn_hybrid_median_three_seeds,azizov_gnn_median_three_seeds,hybrid,2.755100520000269,2.755100520000269,2.0892545217605507,3,predicted,
sim_common_q16_v1::grover-noancilla_indep_qiskit_7,35548785a9c99b0ad9409f18dfbfc3baed0e1dcbb1d95eae8c8510dcda120410,0,azizov_gnn_source_median_three_seeds,azizov_gnn_median_three_seeds,source,2.755100520000269,2.755100520000269,1.2243963250731318,3,predicted,
sim_common_q16_v1::grover-noancilla_indep_qiskit_7,35548785a9c99b0ad9409f18dfbfc3baed0e1dcbb1d95eae8c8510dcda120410,0,azizov_gnn_transpiled_median_three_seeds,azizov_gnn_median_three_seeds,transpiled,2.755100520000269,2.755100520000269,2.3516759251423305,3,predicted,
sim_common_q16_v1::grover-noancilla_indep_qiskit_8,a3b7d67bad6cd47cb522addfaf763294b1ea99017f443c03052055a2f0074009,4,azizov_gnn_hybrid_median_three_seeds,azizov_gnn_median_three_seeds,hybrid,3.8077989039993554,3.8077989039993554,17.674381917181986,3,predicted,
sim_common_q16_v1::grover-noancilla_indep_qiskit_8,a3b7d67bad6cd47cb522addfaf763294b1ea99017f443c03052055a2f0074009,4,azizov_gnn_source_median_three_seeds,azizov_gnn_median_three_seeds,source,3.8077989039993554,3.8077989039993554,14.011853641022345,3,predicted,
sim_common_q16_v1::grover-noancilla_indep_qiskit_8,a3b7d67bad6cd47cb522addfaf763294b1ea99017f443c03052055a2f0074009,4,azizov_gnn_transpiled_median_three_seeds,azizov_gnn_median_three_seeds,transpiled,3.8077989039993554,3.8077989039993554,8.37294679600009,3,predicted,
sim_common_q16_v1::grover-v-chain_indep_qiskit_2,55746e6a2fd8d9c4b8c813443f2db46b072f75db1632dd252298c735fbc72bf0,1,azizov_gnn_hybrid_median_three_seeds,azizov_gnn_median_three_seeds,hybrid,0.6316192150006827,0.6358368139990489,0.8525598522160093,3,predicted,
sim_common_q16_v1::grover-v-chain_indep_qiskit_2,55746e6a2fd8d9c4b8c813443f2db46b072f75db1632dd252298c735fbc72bf0,1,azizov_gnn_source_median_three_seeds,azizov_gnn_median_three_seeds,source,0.6316192150006827,0.6358368139990489,0.697099960738736,3,predicted,
sim_common_q16_v1::grover-v-chain_indep_qiskit_2,55746e6a2fd8d9c4b8c813443f2db46b072f75db1632dd252298c735fbc72bf0,1,azizov_gnn_transpiled_median_three_seeds,azizov_gnn_median_three_seeds,transpiled,0.6316192150006827,0.6358368139990489,1.0726541414308064,3,predicted,
sim_common_q16_v1::grover-v-chain_indep_qiskit_3,bc77f4afad8bbb19a6b320c11bc8f8110a330e395e5c509895e0b6c566cab5e9,4,azizov_gnn_hybrid_median_three_seeds,azizov_gnn_median_three_seeds,hybrid,0.6336756905002403,0.6451682100014295,0.6362775772286163,3,predicted,
sim_common_q16_v1::grover-v-chain_indep_qiskit_3,bc77f4afad8bbb19a6b320c11bc8f8110a330e395e5c509895e0b6c566cab5e9,4,azizov_gnn_source_median_three_seeds,azizov_gnn_median_three_seeds,source,0.6336756905002403,0.6451682100014295,0.6890958843454391,3,predicted,
sim_common_q16_v1::grover-v-chain_indep_qiskit_3,bc77f4afad8bbb19a6b320c11bc8f8110a330e395e5c509895e0b6c566cab5e9,4,azizov_gnn_transpiled_median_three_seeds,azizov_gnn_median_three_seeds,transpiled,0.6336756905002403,0.6451682100014295,0.614687410972282,3,predicted,
sim_common_q16_v1::grover-v-chain_indep_qiskit_4,edc62038c489069da135981ccefd5c5a2f3cc0a991fa6da4defa393abdb0d2a4,4,azizov_gnn_hybrid_median_three_seeds,azizov_gnn_median_three_seeds,hybrid,0.6425279779978155,0.6503117619977274,0.6397127621199343,3,predicted,
sim_common_q16_v1::grover-v-chain_indep_qiskit_4,edc62038c489069da135981ccefd5c5a2f3cc0a991fa6da4defa393abdb0d2a4,4,azizov_gnn_source_median_three_seeds,azizov_gnn_median_three_seeds,source,0.6425279779978155,0.6503117619977274,0.7330247386172739,3,predicted,
sim_common_q16_v1::grover-v-chain_indep_qiskit_4,edc62038c489069da135981ccefd5c5a2f3cc0a991fa6da4defa393abdb0d2a4,4,azizov_gnn_transpiled_median_three_seeds,azizov_gnn_median_three_seeds,transpiled,0.6425279779978155,0.6503117619977274,0.5959530210100997,3,predicted,
sim_common_q16_v1::grover-v-chain_indep_qiskit_5,5042c6dd513b1366c0a145850de9e534b0e38aabc818b994ab8c4b6cad7ad5c8,3,azizov_gnn_hybrid_median_three_seeds,azizov_gnn_median_three_seeds,hybrid,0.6741303899980267,0.6741303899980267,0.7227565321843077,3,predicted,
sim_common_q16_v1::grover-v-chain_indep_qiskit_5,5042c6dd513b1366c0a145850de9e534b0e38aabc818b994ab8c4b6cad7ad5c8,3,azizov_gnn_source_median_three_seeds,azizov_gnn_median_three_seeds,source,0.6741303899980267,0.6741303899980267,0.7155676541213682,3,predicted,
sim_common_q16_v1::grover-v-chain_indep_qiskit_5,5042c6dd513b1366c0a145850de9e534b0e38aabc818b994ab8c4b6cad7ad5c8,3,azizov_gnn_transpiled_median_three_seeds,azizov_gnn_median_three_seeds,transpiled,0.6741303899980267,0.6741303899980267,0.6402438396259269,3,predicted,
sim_common_q16_v1::grover-v-chain_indep_qiskit_7,84056291d9ff227b3c615cc378349fa1154f5a122bcd0eb6bc04045bbf3affa0,4,azizov_gnn_hybrid_median_three_seeds,azizov_gnn_median_three_seeds,hybrid,1.1920864250023442,1.1920864250023442,1.317254299539657,3,predicted,
sim_common_q16_v1::grover-v-chain_indep_qiskit_7,84056291d9ff227b3c615cc378349fa1154f5a122bcd0eb6bc04045bbf3affa0,4,azizov_gnn_source_median_three_seeds,azizov_gnn_median_three_seeds,source,1.1920864250023442,1.1920864250023442,1.2501614213448298,3,predicted,
sim_common_q16_v1::grover-v-chain_indep_qiskit_7,84056291d9ff227b3c615cc378349fa1154f5a122bcd0eb6bc04045bbf3affa0,4,azizov_gnn_transpiled_median_three_seeds,azizov_gnn_median_three_seeds,transpiled,1.1920864250023442,1.1920864250023442,0.9661771697929509,3,predicted,
sim_common_q16_v1::grover-v-chain_indep_qiskit_9,3d37464cf8c53831d2867c0c111a83e03a820e90fa26f77d01a4a85f4f9d6875,1,azizov_gnn_hybrid_median_three_seeds,azizov_gnn_median_three_seeds,hybrid,3.409926619999169,3.409926619999169,2.057096882674184,3,predicted,
sim_common_q16_v1::grover-v-chain_indep_qiskit_9,3d37464cf8c53831d2867c0c111a83e03a820e90fa26f77d01a4a85f4f9d6875,1,azizov_gnn_source_median_three_seeds,azizov_gnn_median_three_seeds,source,3.409926619999169,3.409926619999169,2.27792682133458,3,predicted,
sim_common_q16_v1::grover-v-chain_indep_qiskit_9,3d37464cf8c53831d2867c0c111a83e03a820e90fa26f77d01a4a85f4f9d6875,1,azizov_gnn_transpiled_median_three_seeds,azizov_gnn_median_three_seeds,transpiled,3.409926619999169,3.409926619999169,2.1157494643084607,3,predicted,
sim_common_q16_v1::portfolioqaoa_indep_qiskit_3,47e6743e95c380a13dc5947d9e9b3db26e541efabd4a27134ff26aa14c00ba7d,1,azizov_gnn_hybrid_median_three_seeds,azizov_gnn_median_three_seeds,hybrid,0.6487017560029926,0.6487017560029926,0.674040844692094,3,predicted,
sim_common_q16_v1::portfolioqaoa_indep_qiskit_3,47e6743e95c380a13dc5947d9e9b3db26e541efabd4a27134ff26aa14c00ba7d,1,azizov_gnn_source_median_three_seeds,azizov_gnn_median_three_seeds,source,0.6487017560029926,0.6487017560029926,0.6971791669835781,3,predicted,
sim_common_q16_v1::portfolioqaoa_indep_qiskit_3,47e6743e95c380a13dc5947d9e9b3db26e541efabd4a27134ff26aa14c00ba7d,1,azizov_gnn_transpiled_median_three_seeds,azizov_gnn_median_three_seeds,transpiled,0.6487017560029926,0.6487017560029926,0.6619691190317591,3,predicted,
sim_common_q16_v1::portfolioqaoa_indep_qiskit_4,568570a69663949a1aaac2fe16e74d3d065c7a8e6013e21368a9d8add886d6dc,2,azizov_gnn_hybrid_median_three_seeds,azizov_gnn_median_three_seeds,hybrid,0.6451116749994981,0.6451116749994981,0.7030645044179937,3,predicted,
sim_common_q16_v1::portfolioqaoa_indep_qiskit_4,568570a69663949a1aaac2fe16e74d3d065c7a8e6013e21368a9d8add886d6dc,2,azizov_gnn_source_median_three_seeds,azizov_gnn_median_three_seeds,source,0.6451116749994981,0.6451116749994981,0.6580236500892913,3,predicted,
sim_common_q16_v1::portfolioqaoa_indep_qiskit_4,568570a69663949a1aaac2fe16e74d3d065c7a8e6013e21368a9d8add886d6dc,2,azizov_gnn_transpiled_median_three_seeds,azizov_gnn_median_three_seeds,transpiled,0.6451116749994981,0.6451116749994981,0.7169061931857548,3,predicted,
sim_common_q16_v1::portfolioqaoa_indep_qiskit_5,0f7836c0a3a429dd9b4f2b55a4fab5d6d112458814cb34efb22309ec614c801f,2,azizov_gnn_hybrid_median_three_seeds,azizov_gnn_median_three_seeds,hybrid,0.6517559040003107,0.6517559040003107,0.7220245487391008,3,predicted,
sim_common_q16_v1::portfolioqaoa_indep_qiskit_5,0f7836c0a3a429dd9b4f2b55a4fab5d6d112458814cb34efb22309ec614c801f,2,azizov_gnn_source_median_three_seeds,azizov_gnn_median_three_seeds,source,0.6517559040003107,0.6517559040003107,0.6450472666910858,3,predicted,
sim_common_q16_v1::portfolioqaoa_indep_qiskit_5,0f7836c0a3a429dd9b4f2b55a4fab5d6d112458814cb34efb22309ec614c801f,2,azizov_gnn_transpiled_median_three_seeds,azizov_gnn_median_three_seeds,transpiled,0.6517559040003107,0.6517559040003107,0.7112745077318501,3,predicted,
sim_common_q16_v1::portfolioqaoa_indep_qiskit_6,4dd5e72918722dff3c88e277e20e3ecc1e06dfd0601343e784eeb454470800b7,4,azizov_gnn_hybrid_median_three_seeds,azizov_gnn_median_three_seeds,hybrid,0.6879031880016555,0.6879031880016555,0.7213505368150404,3,predicted,
sim_common_q16_v1::portfolioqaoa_indep_qiskit_6,4dd5e72918722dff3c88e277e20e3ecc1e06dfd0601343e784eeb454470800b7,4,azizov_gnn_source_median_three_seeds,azizov_gnn_median_three_seeds,source,0.6879031880016555,0.6879031880016555,0.78511513226027,3,predicted,
sim_common_q16_v1::portfolioqaoa_indep_qiskit_6,4dd5e72918722dff3c88e277e20e3ecc1e06dfd0601343e784eeb454470800b7,4,azizov_gnn_transpiled_median_three_seeds,azizov_gnn_median_three_seeds,transpiled,0.6879031880016555,0.6879031880016555,0.6137782681384665,3,predicted,
sim_common_q16_v1::portfolioqaoa_indep_qiskit_7,f8d88243c9d36e41e0eedeff4898e325d59ba4d8ceb4b81c7b48757ade1e94b4,0,azizov_gnn_hybrid_median_three_seeds,azizov_gnn_median_three_seeds,hybrid,0.8747539370015147,0.8747539370015147,0.7416935932178943,3,predicted,
sim_common_q16_v1::portfolioqaoa_indep_qiskit_7,f8d88243c9d36e41e0eedeff4898e325d59ba4d8ceb4b81c7b48757ade1e94b4,0,azizov_gnn_source_median_three_seeds,azizov_gnn_median_three_seeds,source,0.8747539370015147,0.8747539370015147,0.701378437189137,3,predicted,
sim_common_q16_v1::portfolioqaoa_indep_qiskit_7,f8d88243c9d36e41e0eedeff4898e325d59ba4d8ceb4b81c7b48757ade1e94b4,0,azizov_gnn_transpiled_median_three_seeds,azizov_gnn_median_three_seeds,transpiled,0.8747539370015147,0.8747539370015147,0.7471562708268511,3,predicted,
sim_common_q16_v1::portfolioqaoa_indep_qiskit_8,2372d3228c3e3e38e3351feb553380bce5a543c936f73a400de0e54ab470599a,1,azizov_gnn_hybrid_median_three_seeds,azizov_gnn_median_three_seeds,hybrid,0.7452616640002816,0.7452616640002816,0.954926230476649,3,predicted,
sim_common_q16_v1::portfolioqaoa_indep_qiskit_8,2372d3228c3e3e38e3351feb553380bce5a543c936f73a400de0e54ab470599a,1,azizov_gnn_source_median_three_seeds,azizov_gnn_median_three_seeds,source,0.7452616640002816,0.7452616640002816,1.0120555885880567,3,predicted,
sim_common_q16_v1::portfolioqaoa_indep_qiskit_8,2372d3228c3e3e38e3351feb553380bce5a543c936f73a400de0e54ab470599a,1,azizov_gnn_transpiled_median_three_seeds,azizov_gnn_median_three_seeds,transpiled,0.7452616640002816,0.7452616640002816,0.8924631838605166,3,predicted,
sim_common_q16_v1::portfolioqaoa_indep_qiskit_9,a53b2a3a1ba8397a96b487c44f825f3cab2e0c714b69298f2ab0a839975b173c,0,azizov_gnn_hybrid_median_three_seeds,azizov_gnn_median_three_seeds,hybrid,1.0392779800022254,1.0392779800022254,1.0478421376916398,3,predicted,
sim_common_q16_v1::portfolioqaoa_indep_qiskit_9,a53b2a3a1ba8397a96b487c44f825f3cab2e0c714b69298f2ab0a839975b173c,0,azizov_gnn_source_median_three_seeds,azizov_gnn_median_three_seeds,source,1.0392779800022254,1.0392779800022254,0.8462373489577509,3,predicted,
sim_common_q16_v1::portfolioqaoa_indep_qiskit_9,a53b2a3a1ba8397a96b487c44f825f3cab2e0c714b69298f2ab0a839975b173c,0,azizov_gnn_transpiled_median_three_seeds,azizov_gnn_median_three_seeds,transpiled,1.0392779800022254,1.0392779800022254,1.0112477968023648,3,predicted,
sim_common_q16_v1::portfoliovqe_indep_qiskit_3,4b5542071ea595cd62184de26c4f1dac3f6afa86f6450f50a28dbe8e1f865257,0,azizov_gnn_hybrid_median_three_seeds,azizov_gnn_median_three_seeds,hybrid,0.6282423720003862,0.6282423720003862,0.678698785639817,3,predicted,
sim_common_q16_v1::portfoliovqe_indep_qiskit_3,4b5542071ea595cd62184de26c4f1dac3f6afa86f6450f50a28dbe8e1f865257,0,azizov_gnn_source_median_three_seeds,azizov_gnn_median_three_seeds,source,0.6282423720003862,0.6282423720003862,0.5793880294595892,3,predicted,
sim_common_q16_v1::portfoliovqe_indep_qiskit_3,4b5542071ea595cd62184de26c4f1dac3f6afa86f6450f50a28dbe8e1f865257,0,azizov_gnn_transpiled_median_three_seeds,azizov_gnn_median_three_seeds,transpiled,0.6282423720003862,0.6282423720003862,0.6672395828114288,3,predicted,
sim_common_q16_v1::portfoliovqe_indep_qiskit_4,36bb1354ff108648bc8c9c529a2002a53a68e4bfa9bf3529edce11e5d47f851f,0,azizov_gnn_hybrid_median_three_seeds,azizov_gnn_median_three_seeds,hybrid,0.6387674009965849,0.6387674009965849,0.6789880789499082,3,predicted,
sim_common_q16_v1::portfoliovqe_indep_qiskit_4,36bb1354ff108648bc8c9c529a2002a53a68e4bfa9bf3529edce11e5d47f851f,0,azizov_gnn_source_median_three_seeds,azizov_gnn_median_three_seeds,source,0.6387674009965849,0.6387674009965849,0.5787892786088948,3,predicted,
sim_common_q16_v1::portfoliovqe_indep_qiskit_4,36bb1354ff108648bc8c9c529a2002a53a68e4bfa9bf3529edce11e5d47f851f,0,azizov_gnn_transpiled_median_three_seeds,azizov_gnn_median_three_seeds,transpiled,0.6387674009965849,0.6387674009965849,0.6860380455658648,3,predicted,
sim_common_q16_v1::portfoliovqe_indep_qiskit_5,28b9eac87132bbff64970708737a94c408cfa435ce16cd395a57ab6fbfe5a6f7,2,azizov_gnn_hybrid_median_three_seeds,azizov_gnn_median_three_seeds,hybrid,0.7472729069995694,0.7472729069995694,0.7118307016032606,3,predicted,
sim_common_q16_v1::portfoliovqe_indep_qiskit_5,28b9eac87132bbff64970708737a94c408cfa435ce16cd395a57ab6fbfe5a6f7,2,azizov_gnn_source_median_three_seeds,azizov_gnn_median_three_seeds,source,0.7472729069995694,0.7472729069995694,0.6295868068035368,3,predicted,
sim_common_q16_v1::portfoliovqe_indep_qiskit_5,28b9eac87132bbff64970708737a94c408cfa435ce16cd395a57ab6fbfe5a6f7,2,azizov_gnn_transpiled_median_three_seeds,azizov_gnn_median_three_seeds,transpiled,0.7472729069995694,0.7472729069995694,0.7206556614057356,3,predicted,
sim_common_q16_v1::portfoliovqe_indep_qiskit_6,7dafebd46e73b9b279f1ef96da32f7d563de3721b856b4570375ab81951e06fc,0,azizov_gnn_hybrid_median_three_seeds,azizov_gnn_median_three_seeds,hybrid,0.672533150001982,0.672533150001982,0.7297246747920789,3,predicted,
sim_common_q16_v1::portfoliovqe_indep_qiskit_6,7dafebd46e73b9b279f1ef96da32f7d563de3721b856b4570375ab81951e06fc,0,azizov_gnn_source_median_three_seeds,azizov_gnn_median_three_seeds,source,0.672533150001982,0.672533150001982,0.6396287614717067,3,predicted,
sim_common_q16_v1::portfoliovqe_indep_qiskit_6,7dafebd46e73b9b279f1ef96da32f7d563de3721b856b4570375ab81951e06fc,0,azizov_gnn_transpiled_median_three_seeds,azizov_gnn_median_three_seeds,transpiled,0.672533150001982,0.672533150001982,0.7425687492153045,3,predicted,
sim_common_q16_v1::portfoliovqe_indep_qiskit_7,99e0865dc3fced630c02b5b2710b24fd9257ba31d54112cde08a769e974f53c4,3,azizov_gnn_hybrid_median_three_seeds,azizov_gnn_median_three_seeds,hybrid,0.7434713800030295,0.7434713800030295,0.7479995806234299,3,predicted,
sim_common_q16_v1::portfoliovqe_indep_qiskit_7,99e0865dc3fced630c02b5b2710b24fd9257ba31d54112cde08a769e974f53c4,3,azizov_gnn_source_median_three_seeds,azizov_gnn_median_three_seeds,source,0.7434713800030295,0.7434713800030295,0.7557519125321257,3,predicted,
sim_common_q16_v1::portfoliovqe_indep_qiskit_7,99e0865dc3fced630c02b5b2710b24fd9257ba31d54112cde08a769e974f53c4,3,azizov_gnn_transpiled_median_three_seeds,azizov_gnn_median_three_seeds,transpiled,0.7434713800030295,0.7434713800030295,0.6911774746279831,3,predicted,
sim_common_q16_v1::portfoliovqe_indep_qiskit_8,eb43007109ad9707544629854cfc7259b0e6aa70c5a618cedacbb7d26dd746a0,0,azizov_gnn_hybrid_median_three_seeds,azizov_gnn_median_three_seeds,hybrid,0.7341747549980937,0.7341747549980937,0.8509988236385997,3,predicted,
sim_common_q16_v1::portfoliovqe_indep_qiskit_8,eb43007109ad9707544629854cfc7259b0e6aa70c5a618cedacbb7d26dd746a0,0,azizov_gnn_source_median_three_seeds,azizov_gnn_median_three_seeds,source,0.7341747549980937,0.7341747549980937,0.7437640241242367,3,predicted,
sim_common_q16_v1::portfoliovqe_indep_qiskit_8,eb43007109ad9707544629854cfc7259b0e6aa70c5a618cedacbb7d26dd746a0,0,azizov_gnn_transpiled_median_three_seeds,azizov_gnn_median_three_seeds,transpiled,0.7341747549980937,0.7341747549980937,0.7804865219588186,3,predicted,
sim_common_q16_v1::portfoliovqe_indep_qiskit_9,615d076a941f3eec9d225a20b894c8d30a0c90d4834d03fa0ebd5d13e4b46ded,2,azizov_gnn_hybrid_median_three_seeds,azizov_gnn_median_three_seeds,hybrid,1.0230367410003964,1.0230367410003964,1.0000395816851118,3,predicted,
sim_common_q16_v1::portfoliovqe_indep_qiskit_9,615d076a941f3eec9d225a20b894c8d30a0c90d4834d03fa0ebd5d13e4b46ded,2,azizov_gnn_source_median_three_seeds,azizov_gnn_median_three_seeds,source,1.0230367410003964,1.0230367410003964,0.8388131003987902,3,predicted,
sim_common_q16_v1::portfoliovqe_indep_qiskit_9,615d076a941f3eec9d225a20b894c8d30a0c90d4834d03fa0ebd5d13e4b46ded,2,azizov_gnn_transpiled_median_three_seeds,azizov_gnn_median_three_seeds,transpiled,1.0230367410003964,1.0230367410003964,1.1352128130198353,3,predicted,
sim_common_q16_v1::qaoa_indep_qiskit_3,45ca196e391297302c92dc6ea0fd119efa62b2ee88e3b85260561e5fbafa7400,3,azizov_gnn_hybrid_median_three_seeds,azizov_gnn_median_three_seeds,hybrid,0.6362355410019518,0.6362355410019518,0.6573361619732152,3,predicted,
sim_common_q16_v1::qaoa_indep_qiskit_3,45ca196e391297302c92dc6ea0fd119efa62b2ee88e3b85260561e5fbafa7400,3,azizov_gnn_source_median_three_seeds,azizov_gnn_median_three_seeds,source,0.6362355410019518,0.6362355410019518,0.6467376765114768,3,predicted,
sim_common_q16_v1::qaoa_indep_qiskit_3,45ca196e391297302c92dc6ea0fd119efa62b2ee88e3b85260561e5fbafa7400,3,azizov_gnn_transpiled_median_three_seeds,azizov_gnn_median_three_seeds,transpiled,0.6362355410019518,0.6362355410019518,0.5847585833976807,3,predicted,
sim_common_q16_v1::qaoa_indep_qiskit_4,9649572da691c86252b1620cba73350902b9ba3cf4dbdb3fb2e3531588da98c4,1,azizov_gnn_hybrid_median_three_seeds,azizov_gnn_median_three_seeds,hybrid,0.6444687240000349,0.6444687240000349,0.6864463085154316,3,predicted,
sim_common_q16_v1::qaoa_indep_qiskit_4,9649572da691c86252b1620cba73350902b9ba3cf4dbdb3fb2e3531588da98c4,1,azizov_gnn_source_median_three_seeds,azizov_gnn_median_three_seeds,source,0.6444687240000349,0.6444687240000349,0.6660939815045663,3,predicted,
sim_common_q16_v1::qaoa_indep_qiskit_4,9649572da691c86252b1620cba73350902b9ba3cf4dbdb3fb2e3531588da98c4,1,azizov_gnn_transpiled_median_three_seeds,azizov_gnn_median_three_seeds,transpiled,0.6444687240000349,0.6444687240000349,0.6340689963393901,3,predicted,
sim_common_q16_v1::qaoa_indep_qiskit_5,f2ce48d725be79c1ea5cbfeb36811261c4e74460588e911c3b2916a9303c1cf5,0,azizov_gnn_hybrid_median_three_seeds,azizov_gnn_median_three_seeds,hybrid,0.6301084189981339,0.6301084189981339,0.6686373840738489,3,predicted,
sim_common_q16_v1::qaoa_indep_qiskit_5,f2ce48d725be79c1ea5cbfeb36811261c4e74460588e911c3b2916a9303c1cf5,0,azizov_gnn_source_median_three_seeds,azizov_gnn_median_three_seeds,source,0.6301084189981339,0.6301084189981339,0.781829937646585,3,predicted,
sim_common_q16_v1::qaoa_indep_qiskit_5,f2ce48d725be79c1ea5cbfeb36811261c4e74460588e911c3b2916a9303c1cf5,0,azizov_gnn_transpiled_median_three_seeds,azizov_gnn_median_three_seeds,transpiled,0.6301084189981339,0.6301084189981339,0.6954046403585268,3,predicted,
sim_common_q16_v1::qaoa_indep_qiskit_6,6a475a20ac3d09839e2b43104ca187037db5ff813b811e0d7356adac93d25244,1,azizov_gnn_hybrid_median_three_seeds,azizov_gnn_median_three_seeds,hybrid,0.6421520209987648,0.6421520209987648,0.6863277995604362,3,predicted,
sim_common_q16_v1::qaoa_indep_qiskit_6,6a475a20ac3d09839e2b43104ca187037db5ff813b811e0d7356adac93d25244,1,azizov_gnn_source_median_three_seeds,azizov_gnn_median_three_seeds,source,0.6421520209987648,0.6421520209987648,0.6901967537185209,3,predicted,
sim_common_q16_v1::qaoa_indep_qiskit_6,6a475a20ac3d09839e2b43104ca187037db5ff813b811e0d7356adac93d25244,1,azizov_gnn_transpiled_median_three_seeds,azizov_gnn_median_three_seeds,transpiled,0.6421520209987648,0.6421520209987648,0.6380173104749436,3,predicted,
sim_common_q16_v1::qaoa_indep_qiskit_7,8e1c1014680274215f87d97c833f99474ed19b3393b2b8eea20a36bde517708b,4,azizov_gnn_hybrid_median_three_seeds,azizov_gnn_median_three_seeds,hybrid,0.6511161570015247,0.6511161570015247,0.6256038257324061,3,predicted,
sim_common_q16_v1::qaoa_indep_qiskit_7,8e1c1014680274215f87d97c833f99474ed19b3393b2b8eea20a36bde517708b,4,azizov_gnn_source_median_three_seeds,azizov_gnn_median_three_seeds,source,0.6511161570015247,0.6511161570015247,1.4739032921004263,3,predicted,
sim_common_q16_v1::qaoa_indep_qiskit_7,8e1c1014680274215f87d97c833f99474ed19b3393b2b8eea20a36bde517708b,4,azizov_gnn_transpiled_median_three_seeds,azizov_gnn_median_three_seeds,transpiled,0.6511161570015247,0.6511161570015247,0.5669462437421593,3,predicted,
sim_common_q16_v1::qaoa_indep_qiskit_8,0a43c652a1c92c83389d952438c22aa0d890a611333da29499d6ff1733925b21,0,azizov_gnn_hybrid_median_three_seeds,azizov_gnn_median_three_seeds,hybrid,0.6687408600009803,0.6687408600009803,1.9499185878497172,3,predicted,
sim_common_q16_v1::qaoa_indep_qiskit_8,0a43c652a1c92c83389d952438c22aa0d890a611333da29499d6ff1733925b21,0,azizov_gnn_source_median_three_seeds,azizov_gnn_median_three_seeds,source,0.6687408600009803,0.6687408600009803,1.248622517630486,3,predicted,
sim_common_q16_v1::qaoa_indep_qiskit_8,0a43c652a1c92c83389d952438c22aa0d890a611333da29499d6ff1733925b21,0,azizov_gnn_transpiled_median_three_seeds,azizov_gnn_median_three_seeds,transpiled,0.6687408600009803,0.6687408600009803,0.7889688797903467,3,predicted,
sim_common_q16_v1::qaoa_indep_qiskit_9,a4a7b8b8d556570de9ea2db286aaa4245fa50f4619f25f0f7414b16d503458d8,1,azizov_gnn_hybrid_median_three_seeds,azizov_gnn_median_three_seeds,hybrid,17.55494177699802,17.55494177699802,0.8977685780668252,3,predicted,
sim_common_q16_v1::qaoa_indep_qiskit_9,a4a7b8b8d556570de9ea2db286aaa4245fa50f4619f25f0f7414b16d503458d8,1,azizov_gnn_source_median_three_seeds,azizov_gnn_median_three_seeds,source,17.55494177699802,17.55494177699802,0.7436762000481563,3,predicted,
sim_common_q16_v1::qaoa_indep_qiskit_9,a4a7b8b8d556570de9ea2db286aaa4245fa50f4619f25f0f7414b16d503458d8,1,azizov_gnn_transpiled_median_three_seeds,azizov_gnn_median_three_seeds,transpiled,17.55494177699802,17.55494177699802,2.1454572153622276,3,predicted,
sim_common_q16_v1::qft_indep_qiskit_2,aa91238ec5978b739b87b3a657746a8786de113397a5abeadf726d1dd9c836b3,2,azizov_gnn_hybrid_median_three_seeds,azizov_gnn_median_three_seeds,hybrid,0.7182261369998741,0.7182261369998741,0.6777022012824957,3,predicted,
sim_common_q16_v1::qft_indep_qiskit_2,aa91238ec5978b739b87b3a657746a8786de113397a5abeadf726d1dd9c836b3,2,azizov_gnn_source_median_three_seeds,azizov_gnn_median_three_seeds,source,0.7182261369998741,0.7182261369998741,0.6152888484049094,3,predicted,
sim_common_q16_v1::qft_indep_qiskit_2,aa91238ec5978b739b87b3a657746a8786de113397a5abeadf726d1dd9c836b3,2,azizov_gnn_transpiled_median_three_seeds,azizov_gnn_median_three_seeds,transpiled,0.7182261369998741,0.7182261369998741,0.7552010116259804,3,predicted,
sim_common_q16_v1::qft_indep_qiskit_3,7f613ccae98ac8124d086ee9a39d94b1ed019520da8c3277395b109fd22d7d4d,4,azizov_gnn_hybrid_median_three_seeds,azizov_gnn_median_three_seeds,hybrid,0.638093072000629,0.638093072000629,0.6389110466322563,3,predicted,
sim_common_q16_v1::qft_indep_qiskit_3,7f613ccae98ac8124d086ee9a39d94b1ed019520da8c3277395b109fd22d7d4d,4,azizov_gnn_source_median_three_seeds,azizov_gnn_median_three_seeds,source,0.638093072000629,0.638093072000629,0.7130744260431774,3,predicted,
sim_common_q16_v1::qft_indep_qiskit_3,7f613ccae98ac8124d086ee9a39d94b1ed019520da8c3277395b109fd22d7d4d,4,azizov_gnn_transpiled_median_three_seeds,azizov_gnn_median_three_seeds,transpiled,0.638093072000629,0.638093072000629,0.6179561393965797,3,predicted,
sim_common_q16_v1::qft_indep_qiskit_4,ea84355871fa77560419766f8000de4dcb0eea29468bcb0d89a1c84edff34f61,0,azizov_gnn_hybrid_median_three_seeds,azizov_gnn_median_three_seeds,hybrid,0.6269083859988314,0.6269083859988314,0.657254863967223,3,predicted,
sim_common_q16_v1::qft_indep_qiskit_4,ea84355871fa77560419766f8000de4dcb0eea29468bcb0d89a1c84edff34f61,0,azizov_gnn_source_median_three_seeds,azizov_gnn_median_three_seeds,source,0.6269083859988314,0.6269083859988314,0.5522546720275621,3,predicted,
sim_common_q16_v1::qft_indep_qiskit_4,ea84355871fa77560419766f8000de4dcb0eea29468bcb0d89a1c84edff34f61,0,azizov_gnn_transpiled_median_three_seeds,azizov_gnn_median_three_seeds,transpiled,0.6269083859988314,0.6269083859988314,0.6687229206092729,3,predicted,
sim_common_q16_v1::qft_indep_qiskit_5,0285fd21a0dd1ca29cd386de85a1a8af49cc7d71f5c86f6451b55a11c68864a8,3,azizov_gnn_hybrid_median_three_seeds,azizov_gnn_median_three_seeds,hybrid,0.6442288310026925,0.6442288310026925,0.6812157346850317,3,predicted,
sim_common_q16_v1::qft_indep_qiskit_5,0285fd21a0dd1ca29cd386de85a1a8af49cc7d71f5c86f6451b55a11c68864a8,3,azizov_gnn_source_median_three_seeds,azizov_gnn_median_three_seeds,source,0.6442288310026925,0.6442288310026925,0.6714409864478135,3,predicted,
sim_common_q16_v1::qft_indep_qiskit_5,0285fd21a0dd1ca29cd386de85a1a8af49cc7d71f5c86f6451b55a11c68864a8,3,azizov_gnn_transpiled_median_three_seeds,azizov_gnn_median_three_seeds,transpiled,0.6442288310026925,0.6442288310026925,0.5648549811686849,3,predicted,
sim_common_q16_v1::qft_indep_qiskit_6,cbe1ca5505b485bd87b2e68f2b38ecae377e29f823c30e4c44d3f5f87d4266f7,1,azizov_gnn_hybrid_median_three_seeds,azizov_gnn_median_three_seeds,hybrid,0.651070706997416,0.651070706997416,0.7098619842754248,3,predicted,
sim_common_q16_v1::qft_indep_qiskit_6,cbe1ca5505b485bd87b2e68f2b38ecae377e29f823c30e4c44d3f5f87d4266f7,1,azizov_gnn_source_median_three_seeds,azizov_gnn_median_three_seeds,source,0.651070706997416,0.651070706997416,0.716341393683008,3,predicted,
sim_common_q16_v1::qft_indep_qiskit_6,cbe1ca5505b485bd87b2e68f2b38ecae377e29f823c30e4c44d3f5f87d4266f7,1,azizov_gnn_transpiled_median_three_seeds,azizov_gnn_median_three_seeds,transpiled,0.651070706997416,0.651070706997416,0.6757127048516154,3,predicted,
sim_common_q16_v1::qft_indep_qiskit_7,01de4bb89da48a3fc09c31d41d509c1446c6a4a3b329612c5baf0d39c56a922e,1,azizov_gnn_hybrid_median_three_seeds,azizov_gnn_median_three_seeds,hybrid,0.6848869749992446,0.6848869749992446,0.7228346767021321,3,predicted,
sim_common_q16_v1::qft_indep_qiskit_7,01de4bb89da48a3fc09c31d41d509c1446c6a4a3b329612c5baf0d39c56a922e,1,azizov_gnn_source_median_three_seeds,azizov_gnn_median_three_seeds,source,0.6848869749992446,0.6848869749992446,0.7671447070282199,3,predicted,
sim_common_q16_v1::qft_indep_qiskit_7,01de4bb89da48a3fc09c31d41d509c1446c6a4a3b329612c5baf0d39c56a922e,1,azizov_gnn_transpiled_median_three_seeds,azizov_gnn_median_three_seeds,transpiled,0.6848869749992446,0.6848869749992446,0.7480302124266781,3,predicted,
sim_common_q16_v1::qft_indep_qiskit_8,e4664972befc3ffed396f3842bf910be22c2fbe7f293d3c295b971dfe094d398,3,azizov_gnn_hybrid_median_three_seeds,azizov_gnn_median_three_seeds,hybrid,0.6876082300004782,0.6876082300004782,0.698930133463708,3,predicted,
sim_common_q16_v1::qft_indep_qiskit_8,e4664972befc3ffed396f3842bf910be22c2fbe7f293d3c295b971dfe094d398,3,azizov_gnn_source_median_three_seeds,azizov_gnn_median_three_seeds,source,0.6876082300004782,0.6876082300004782,0.6788803011086955,3,predicted,
sim_common_q16_v1::qft_indep_qiskit_8,e4664972befc3ffed396f3842bf910be22c2fbe7f293d3c295b971dfe094d398,3,azizov_gnn_transpiled_median_three_seeds,azizov_gnn_median_three_seeds,transpiled,0.6876082300004782,0.6876082300004782,0.7773792355796109,3,predicted,
sim_common_q16_v1::qft_indep_qiskit_9,e0c3acec67c0fb535add575a46e01889b30ec7970005214fd2188b94ae3a55a5,0,azizov_gnn_hybrid_median_three_seeds,azizov_gnn_median_three_seeds,hybrid,0.7909492459984904,0.7909492459984904,0.7944078404681225,3,predicted,
sim_common_q16_v1::qft_indep_qiskit_9,e0c3acec67c0fb535add575a46e01889b30ec7970005214fd2188b94ae3a55a5,0,azizov_gnn_source_median_three_seeds,azizov_gnn_median_three_seeds,source,0.7909492459984904,0.7909492459984904,0.6622203569157725,3,predicted,
sim_common_q16_v1::qft_indep_qiskit_9,e0c3acec67c0fb535add575a46e01889b30ec7970005214fd2188b94ae3a55a5,0,azizov_gnn_transpiled_median_three_seeds,azizov_gnn_median_three_seeds,transpiled,0.7909492459984904,0.7909492459984904,0.8741583934403676,3,predicted,
sim_common_q16_v1::qftentangled_indep_qiskit_2,02d66e8b66849fdd0f0581b84924adbd1bd2d7603e25e5e9faa447ac2a6708d0,2,azizov_gnn_hybrid_median_three_seeds,azizov_gnn_median_three_seeds,hybrid,0.6421512939996319,0.6421512939996319,0.6789732678430082,3,predicted,
sim_common_q16_v1::qftentangled_indep_qiskit_2,02d66e8b66849fdd0f0581b84924adbd1bd2d7603e25e5e9faa447ac2a6708d0,2,azizov_gnn_source_median_three_seeds,azizov_gnn_median_three_seeds,source,0.6421512939996319,0.6421512939996319,0.62371462830606,3,predicted,
sim_common_q16_v1::qftentangled_indep_qiskit_2,02d66e8b66849fdd0f0581b84924adbd1bd2d7603e25e5e9faa447ac2a6708d0,2,azizov_gnn_transpiled_median_three_seeds,azizov_gnn_median_three_seeds,transpiled,0.6421512939996319,0.6421512939996319,0.7545463288600996,3,predicted,
sim_common_q16_v1::qftentangled_indep_qiskit_3,5ab4253ed51b729f331c9f3cc78bfecd3ecb2fed2e98818816bf3f64e22f1bfe,2,azizov_gnn_hybrid_median_three_seeds,azizov_gnn_median_three_seeds,hybrid,0.6430523449998873,0.6430523449998873,0.672986296375958,3,predicted,
sim_common_q16_v1::qftentangled_indep_qiskit_3,5ab4253ed51b729f331c9f3cc78bfecd3ecb2fed2e98818816bf3f64e22f1bfe,2,azizov_gnn_source_median_three_seeds,azizov_gnn_median_three_seeds,source,0.6430523449998873,0.6430523449998873,0.6606705396290401,3,predicted,
sim_common_q16_v1::qftentangled_indep_qiskit_3,5ab4253ed51b729f331c9f3cc78bfecd3ecb2fed2e98818816bf3f64e22f1bfe,2,azizov_gnn_transpiled_median_three_seeds,azizov_gnn_median_three_seeds,transpiled,0.6430523449998873,0.6430523449998873,0.7582635514870695,3,predicted,
sim_common_q16_v1::qftentangled_indep_qiskit_4,d7a22ac29418bcf9f00346732fe1b985f8e0b9df60273404dabbf4a62027715f,0,azizov_gnn_hybrid_median_three_seeds,azizov_gnn_median_three_seeds,hybrid,0.718577378000191,0.718577378000191,0.6567701222044617,3,predicted,
sim_common_q16_v1::qftentangled_indep_qiskit_4,d7a22ac29418bcf9f00346732fe1b985f8e0b9df60273404dabbf4a62027715f,0,azizov_gnn_source_median_three_seeds,azizov_gnn_median_three_seeds,source,0.718577378000191,0.718577378000191,0.5603895019279921,3,predicted,
sim_common_q16_v1::qftentangled_indep_qiskit_4,d7a22ac29418bcf9f00346732fe1b985f8e0b9df60273404dabbf4a62027715f,0,azizov_gnn_transpiled_median_three_seeds,azizov_gnn_median_three_seeds,transpiled,0.718577378000191,0.718577378000191,0.6664137805391868,3,predicted,
sim_common_q16_v1::qftentangled_indep_qiskit_5,4ee5846eef239e2b0e0d3f950f78b5b4b8af213f0063eb50be6bf50bdbb4385d,4,azizov_gnn_hybrid_median_three_seeds,azizov_gnn_median_three_seeds,hybrid,0.711588597001537,0.711588597001537,0.6396159100941508,3,predicted,
sim_common_q16_v1::qftentangled_indep_qiskit_5,4ee5846eef239e2b0e0d3f950f78b5b4b8af213f0063eb50be6bf50bdbb4385d,4,azizov_gnn_source_median_three_seeds,azizov_gnn_median_three_seeds,source,0.711588597001537,0.711588597001537,0.7102480845940307,3,predicted,
sim_common_q16_v1::qftentangled_indep_qiskit_5,4ee5846eef239e2b0e0d3f950f78b5b4b8af213f0063eb50be6bf50bdbb4385d,4,azizov_gnn_transpiled_median_three_seeds,azizov_gnn_median_three_seeds,transpiled,0.711588597001537,0.711588597001537,0.5972473096071542,3,predicted,
sim_common_q16_v1::qftentangled_indep_qiskit_6,7c8832728feaaf34fac1fda49dfcbfbf655902b5b4eb3f1b11e43f21d15de5bf,2,azizov_gnn_hybrid_median_three_seeds,azizov_gnn_median_three_seeds,hybrid,0.6466906070018013,0.6466906070018013,0.711086022280716,3,predicted,
sim_common_q16_v1::qftentangled_indep_qiskit_6,7c8832728feaaf34fac1fda49dfcbfbf655902b5b4eb3f1b11e43f21d15de5bf,2,azizov_gnn_source_median_three_seeds,azizov_gnn_median_three_seeds,source,0.6466906070018013,0.6466906070018013,0.6672241797230025,3,predicted,
sim_common_q16_v1::qftentangled_indep_qiskit_6,7c8832728feaaf34fac1fda49dfcbfbf655902b5b4eb3f1b11e43f21d15de5bf,2,azizov_gnn_transpiled_median_three_seeds,azizov_gnn_median_three_seeds,transpiled,0.6466906070018013,0.6466906070018013,0.6982778139568178,3,predicted,
sim_common_q16_v1::qftentangled_indep_qiskit_7,f0e0170b510412a7e964e82f14793115a9e53a1b250283a74abd893a45b5f20e,3,azizov_gnn_hybrid_median_three_seeds,azizov_gnn_median_three_seeds,hybrid,0.7955734110000776,0.7955734110000776,0.6733703535223337,3,predicted,
sim_common_q16_v1::qftentangled_indep_qiskit_7,f0e0170b510412a7e964e82f14793115a9e53a1b250283a74abd893a45b5f20e,3,azizov_gnn_source_median_three_seeds,azizov_gnn_median_three_seeds,source,0.7955734110000776,0.7955734110000776,0.6813024170702566,3,predicted,
sim_common_q16_v1::qftentangled_indep_qiskit_7,f0e0170b510412a7e964e82f14793115a9e53a1b250283a74abd893a45b5f20e,3,azizov_gnn_transpiled_median_three_seeds,azizov_gnn_median_three_seeds,transpiled,0.7955734110000776,0.7955734110000776,0.6089478464979171,3,predicted,
sim_common_q16_v1::qftentangled_indep_qiskit_8,8711737782301f568af1980707e62c989655488357aa858d6c63bb8e206ae4fc,4,azizov_gnn_hybrid_median_three_seeds,azizov_gnn_median_three_seeds,hybrid,0.6800704039997072,0.6800704039997072,0.7264118580154224,3,predicted,
sim_common_q16_v1::qftentangled_indep_qiskit_8,8711737782301f568af1980707e62c989655488357aa858d6c63bb8e206ae4fc,4,azizov_gnn_source_median_three_seeds,azizov_gnn_median_three_seeds,source,0.6800704039997072,0.6800704039997072,0.8009561031158516,3,predicted,
sim_common_q16_v1::qftentangled_indep_qiskit_8,8711737782301f568af1980707e62c989655488357aa858d6c63bb8e206ae4fc,4,azizov_gnn_transpiled_median_three_seeds,azizov_gnn_median_three_seeds,transpiled,0.6800704039997072,0.6800704039997072,0.7432889953932,3,predicted,
sim_common_q16_v1::qftentangled_indep_qiskit_9,fea8eb37e38bc24d3352d9446471b5cf8f6b8af6ae4c0f931d5942564936274c,3,azizov_gnn_hybrid_median_three_seeds,azizov_gnn_median_three_seeds,hybrid,0.8116922409972176,0.8116922409972176,0.8003577522166698,3,predicted,
sim_common_q16_v1::qftentangled_indep_qiskit_9,fea8eb37e38bc24d3352d9446471b5cf8f6b8af6ae4c0f931d5942564936274c,3,azizov_gnn_source_median_three_seeds,azizov_gnn_median_three_seeds,source,0.8116922409972176,0.8116922409972176,0.7558536362207411,3,predicted,
sim_common_q16_v1::qftentangled_indep_qiskit_9,fea8eb37e38bc24d3352d9446471b5cf8f6b8af6ae4c0f931d5942564936274c,3,azizov_gnn_transpiled_median_three_seeds,azizov_gnn_median_three_seeds,transpiled,0.8116922409972176,0.8116922409972176,1.1519591098684938,3,predicted,
sim_common_q16_v1::qnn_indep_qiskit_2,3c0ed99f7e5a0409bdadc636b8b7a5dd911304ccbe2e87b32589b91dd44a6a5a,3,azizov_gnn_hybrid_median_three_seeds,azizov_gnn_median_three_seeds,hybrid,0.6364995420008199,0.6364995420008199,0.6622766330670162,3,predicted,
sim_common_q16_v1::qnn_indep_qiskit_2,3c0ed99f7e5a0409bdadc636b8b7a5dd911304ccbe2e87b32589b91dd44a6a5a,3,azizov_gnn_source_median_three_seeds,azizov_gnn_median_three_seeds,source,0.6364995420008199,0.6364995420008199,0.6656891563003731,3,predicted,
sim_common_q16_v1::qnn_indep_qiskit_2,3c0ed99f7e5a0409bdadc636b8b7a5dd911304ccbe2e87b32589b91dd44a6a5a,3,azizov_gnn_transpiled_median_three_seeds,azizov_gnn_median_three_seeds,transpiled,0.6364995420008199,0.6364995420008199,0.5996957201752993,3,predicted,
sim_common_q16_v1::qnn_indep_qiskit_3,15e80264fdff1398ab38bbd9144f853a3a2317e95163fda15a1e9ec2657beecb,3,azizov_gnn_hybrid_median_three_seeds,azizov_gnn_median_three_seeds,hybrid,0.7232230859990523,0.7232230859990523,0.6701908534540755,3,predicted,
sim_common_q16_v1::qnn_indep_qiskit_3,15e80264fdff1398ab38bbd9144f853a3a2317e95163fda15a1e9ec2657beecb,3,azizov_gnn_source_median_three_seeds,azizov_gnn_median_three_seeds,source,0.7232230859990523,0.7232230859990523,0.6592471707800132,3,predicted,
sim_common_q16_v1::qnn_indep_qiskit_3,15e80264fdff1398ab38bbd9144f853a3a2317e95163fda15a1e9ec2657beecb,3,azizov_gnn_transpiled_median_three_seeds,azizov_gnn_median_three_seeds,transpiled,0.7232230859990523,0.7232230859990523,0.5847790811272562,3,predicted,
sim_common_q16_v1::qnn_indep_qiskit_4,451bd8177acaca0301a8bb4d61cb192f26dce1f81d8ab04ca0aded562d525c58,1,azizov_gnn_hybrid_median_three_seeds,azizov_gnn_median_three_seeds,hybrid,0.6316140970011475,0.6316140970011475,0.6674651798294218,3,predicted,
sim_common_q16_v1::qnn_indep_qiskit_4,451bd8177acaca0301a8bb4d61cb192f26dce1f81d8ab04ca0aded562d525c58,1,azizov_gnn_source_median_three_seeds,azizov_gnn_median_three_seeds,source,0.6316140970011475,0.6316140970011475,0.7185073655362371,3,predicted,
sim_common_q16_v1::qnn_indep_qiskit_4,451bd8177acaca0301a8bb4d61cb192f26dce1f81d8ab04ca0aded562d525c58,1,azizov_gnn_transpiled_median_three_seeds,azizov_gnn_median_three_seeds,transpiled,0.6316140970011475,0.6316140970011475,0.6667891757751621,3,predicted,
sim_common_q16_v1::qnn_indep_qiskit_5,d506e52d304853cd9e55834d3112505279aa22e89e70aa7c00dfc57caad3c72c,0,azizov_gnn_hybrid_median_three_seeds,azizov_gnn_median_three_seeds,hybrid,0.6502378280019911,0.6502378280019911,0.6696741634631823,3,predicted,
sim_common_q16_v1::qnn_indep_qiskit_5,d506e52d304853cd9e55834d3112505279aa22e89e70aa7c00dfc57caad3c72c,0,azizov_gnn_source_median_three_seeds,azizov_gnn_median_three_seeds,source,0.6502378280019911,0.6502378280019911,0.5528543277174038,3,predicted,
sim_common_q16_v1::qnn_indep_qiskit_5,d506e52d304853cd9e55834d3112505279aa22e89e70aa7c00dfc57caad3c72c,0,azizov_gnn_transpiled_median_three_seeds,azizov_gnn_median_three_seeds,transpiled,0.6502378280019911,0.6502378280019911,0.6795745236284687,3,predicted,
sim_common_q16_v1::qnn_indep_qiskit_6,720a3cec5f9b39a53aa0d59f0ecc24f42f2948fbe56164a033262c628e2ba875,1,azizov_gnn_hybrid_median_three_seeds,azizov_gnn_median_three_seeds,hybrid,0.6810264529995038,0.6810264529995038,0.7049286486268014,3,predicted,
sim_common_q16_v1::qnn_indep_qiskit_6,720a3cec5f9b39a53aa0d59f0ecc24f42f2948fbe56164a033262c628e2ba875,1,azizov_gnn_source_median_three_seeds,azizov_gnn_median_three_seeds,source,0.6810264529995038,0.6810264529995038,0.7404640506629764,3,predicted,
sim_common_q16_v1::qnn_indep_qiskit_6,720a3cec5f9b39a53aa0d59f0ecc24f42f2948fbe56164a033262c628e2ba875,1,azizov_gnn_transpiled_median_three_seeds,azizov_gnn_median_three_seeds,transpiled,0.6810264529995038,0.6810264529995038,0.7124815921785119,3,predicted,
sim_common_q16_v1::qnn_indep_qiskit_7,6cf91acdbcfc0321d1ffcee7c2197fec29f2b9dd83e7c3b56dbe8d583332ccdb,1,azizov_gnn_hybrid_median_three_seeds,azizov_gnn_median_three_seeds,hybrid,0.7633359889987332,0.7633359889987332,0.7956764546325714,3,predicted,
sim_common_q16_v1::qnn_indep_qiskit_7,6cf91acdbcfc0321d1ffcee7c2197fec29f2b9dd83e7c3b56dbe8d583332ccdb,1,azizov_gnn_source_median_three_seeds,azizov_gnn_median_three_seeds,source,0.7633359889987332,0.7633359889987332,0.8054455046155702,3,predicted,
sim_common_q16_v1::qnn_indep_qiskit_7,6cf91acdbcfc0321d1ffcee7c2197fec29f2b9dd83e7c3b56dbe8d583332ccdb,1,azizov_gnn_transpiled_median_three_seeds,azizov_gnn_median_three_seeds,transpiled,0.7633359889987332,0.7633359889987332,0.7588590249305094,3,predicted,
sim_common_q16_v1::qnn_indep_qiskit_8,f76953672a13f3e92397fe3586ff6557882560261e995147a67b931d701c7fcf,4,azizov_gnn_hybrid_median_three_seeds,azizov_gnn_median_three_seeds,hybrid,0.8227666269995098,0.8227666269995098,0.8231532907978947,3,predicted,
sim_common_q16_v1::qnn_indep_qiskit_8,f76953672a13f3e92397fe3586ff6557882560261e995147a67b931d701c7fcf,4,azizov_gnn_source_median_three_seeds,azizov_gnn_median_three_seeds,source,0.8227666269995098,0.8227666269995098,0.8293671921570822,3,predicted,
sim_common_q16_v1::qnn_indep_qiskit_8,f76953672a13f3e92397fe3586ff6557882560261e995147a67b931d701c7fcf,4,azizov_gnn_transpiled_median_three_seeds,azizov_gnn_median_three_seeds,transpiled,0.8227666269995098,0.8227666269995098,0.7520192184806003,3,predicted,
sim_common_q16_v1::qnn_indep_qiskit_9,4df5b36e58378649053c461bf5ee1478fa114ac65c0c14551536b820ce8eafc7,1,azizov_gnn_hybrid_median_three_seeds,azizov_gnn_median_three_seeds,hybrid,0.9238195639991318,0.9238195639991318,0.9248884282439321,3,predicted,
sim_common_q16_v1::qnn_indep_qiskit_9,4df5b36e58378649053c461bf5ee1478fa114ac65c0c14551536b820ce8eafc7,1,azizov_gnn_source_median_three_seeds,azizov_gnn_median_three_seeds,source,0.9238195639991318,0.9238195639991318,0.9406996752274015,3,predicted,
sim_common_q16_v1::qnn_indep_qiskit_9,4df5b36e58378649053c461bf5ee1478fa114ac65c0c14551536b820ce8eafc7,1,azizov_gnn_transpiled_median_three_seeds,azizov_gnn_median_three_seeds,transpiled,0.9238195639991318,0.9238195639991318,0.9924562784523812,3,predicted,
sim_common_q16_v1::qpeexact_indep_qiskit_2,0a43a3dbe4a4294a007fa7ec167a24ea300d3762489b98245c2f80ad29727075,0,azizov_gnn_hybrid_median_three_seeds,azizov_gnn_median_three_seeds,hybrid,0.6283055000021704,0.6283055000021704,0.6697021289116254,3,predicted,
sim_common_q16_v1::qpeexact_indep_qiskit_2,0a43a3dbe4a4294a007fa7ec167a24ea300d3762489b98245c2f80ad29727075,0,azizov_gnn_source_median_three_seeds,azizov_gnn_median_three_seeds,source,0.6283055000021704,0.6283055000021704,0.5711376251107534,3,predicted,
sim_common_q16_v1::qpeexact_indep_qiskit_2,0a43a3dbe4a4294a007fa7ec167a24ea300d3762489b98245c2f80ad29727075,0,azizov_gnn_transpiled_median_three_seeds,azizov_gnn_median_three_seeds,transpiled,0.6283055000021704,0.6283055000021704,0.6620435155671607,3,predicted,
sim_common_q16_v1::qpeexact_indep_qiskit_3,56289d5fdefe63c89244b0849f2e22753ce30832776d74b79de4603006db32f4,4,azizov_gnn_hybrid_median_three_seeds,azizov_gnn_median_three_seeds,hybrid,0.7184256109976559,0.7184256109976559,0.6306775636507149,3,predicted,
sim_common_q16_v1::qpeexact_indep_qiskit_3,56289d5fdefe63c89244b0849f2e22753ce30832776d74b79de4603006db32f4,4,azizov_gnn_source_median_three_seeds,azizov_gnn_median_three_seeds,source,0.7184256109976559,0.7184256109976559,0.6825529442687004,3,predicted,
sim_common_q16_v1::qpeexact_indep_qiskit_3,56289d5fdefe63c89244b0849f2e22753ce30832776d74b79de4603006db32f4,4,azizov_gnn_transpiled_median_three_seeds,azizov_gnn_median_three_seeds,transpiled,0.7184256109976559,0.7184256109976559,0.6271664031971936,3,predicted,
sim_common_q16_v1::qpeexact_indep_qiskit_4,af7e7c49ba06f5c554580173d3dcd73bc9d5a9dd9c6e3d3cd8c94d494fa4b969,2,azizov_gnn_hybrid_median_three_seeds,azizov_gnn_median_three_seeds,hybrid,0.6284069449975505,0.6284069449975505,0.6715645268145393,3,predicted,
sim_common_q16_v1::qpeexact_indep_qiskit_4,af7e7c49ba06f5c554580173d3dcd73bc9d5a9dd9c6e3d3cd8c94d494fa4b969,2,azizov_gnn_source_median_three_seeds,azizov_gnn_median_three_seeds,source,0.6284069449975505,0.6284069449975505,0.6930677619565824,3,predicted,
sim_common_q16_v1::qpeexact_indep_qiskit_4,af7e7c49ba06f5c554580173d3dcd73bc9d5a9dd9c6e3d3cd8c94d494fa4b969,2,azizov_gnn_transpiled_median_three_seeds,azizov_gnn_median_three_seeds,transpiled,0.6284069449975505,0.6284069449975505,0.7715377863751695,3,predicted,
sim_common_q16_v1::qpeexact_indep_qiskit_5,7478da09664f4489c33c18a6ea1974cc9dea86d1adda1f912c3eaeff27c2d5fa,0,azizov_gnn_hybrid_median_three_seeds,azizov_gnn_median_three_seeds,hybrid,0.6475399470000411,0.6475399470000411,0.6770472367374473,3,predicted,
sim_common_q16_v1::qpeexact_indep_qiskit_5,7478da09664f4489c33c18a6ea1974cc9dea86d1adda1f912c3eaeff27c2d5fa,0,azizov_gnn_source_median_three_seeds,azizov_gnn_median_three_seeds,source,0.6475399470000411,0.6475399470000411,0.5685972559671033,3,predicted,
sim_common_q16_v1::qpeexact_indep_qiskit_5,7478da09664f4489c33c18a6ea1974cc9dea86d1adda1f912c3eaeff27c2d5fa,0,azizov_gnn_transpiled_median_three_seeds,azizov_gnn_median_three_seeds,transpiled,0.6475399470000411,0.6475399470000411,0.6712691410425673,3,predicted,
sim_common_q16_v1::qpeexact_indep_qiskit_6,abe368f160ce73db792b3af14a6e120eda4838b15f01376daa204a680d07c5bc,2,azizov_gnn_hybrid_median_three_seeds,azizov_gnn_median_three_seeds,hybrid,0.6475595259980764,0.6475595259980764,0.6865337632117813,3,predicted,
sim_common_q16_v1::qpeexact_indep_qiskit_6,abe368f160ce73db792b3af14a6e120eda4838b15f01376daa204a680d07c5bc,2,azizov_gnn_source_median_three_seeds,azizov_gnn_median_three_seeds,source,0.6475595259980764,0.6475595259980764,0.646584024823387,3,predicted,
sim_common_q16_v1::qpeexact_indep_qiskit_6,abe368f160ce73db792b3af14a6e120eda4838b15f01376daa204a680d07c5bc,2,azizov_gnn_transpiled_median_three_seeds,azizov_gnn_median_three_seeds,transpiled,0.6475595259980764,0.6475595259980764,0.7107242047228994,3,predicted,
sim_common_q16_v1::qpeexact_indep_qiskit_7,d06936015124a75ae15e1f94eeb54cc51ab24596726b8110765a69ba66d0e80a,0,azizov_gnn_hybrid_median_three_seeds,azizov_gnn_median_three_seeds,hybrid,0.6782379760006734,0.6782379760006734,0.7358686480834038,3,predicted,
sim_common_q16_v1::qpeexact_indep_qiskit_7,d06936015124a75ae15e1f94eeb54cc51ab24596726b8110765a69ba66d0e80a,0,azizov_gnn_source_median_three_seeds,azizov_gnn_median_three_seeds,source,0.6782379760006734,0.6782379760006734,0.627420819134462,3,predicted,
sim_common_q16_v1::qpeexact_indep_qiskit_7,d06936015124a75ae15e1f94eeb54cc51ab24596726b8110765a69ba66d0e80a,0,azizov_gnn_transpiled_median_three_seeds,azizov_gnn_median_three_seeds,transpiled,0.6782379760006734,0.6782379760006734,0.6954224259542915,3,predicted,
sim_common_q16_v1::qpeexact_indep_qiskit_8,5d3cc38ff0e2b9054c927b6309c6a8dfaba491733eab08b06cc06f2d333da23d,4,azizov_gnn_hybrid_median_three_seeds,azizov_gnn_median_three_seeds,hybrid,0.686445900999388,0.686445900999388,0.7275210879420699,3,predicted,
sim_common_q16_v1::qpeexact_indep_qiskit_8,5d3cc38ff0e2b9054c927b6309c6a8dfaba491733eab08b06cc06f2d333da23d,4,azizov_gnn_source_median_three_seeds,azizov_gnn_median_three_seeds,source,0.686445900999388,0.686445900999388,0.8015592702676171,3,predicted,
sim_common_q16_v1::qpeexact_indep_qiskit_8,5d3cc38ff0e2b9054c927b6309c6a8dfaba491733eab08b06cc06f2d333da23d,4,azizov_gnn_transpiled_median_three_seeds,azizov_gnn_median_three_seeds,transpiled,0.686445900999388,0.686445900999388,0.7784712832245908,3,predicted,
sim_common_q16_v1::qpeexact_indep_qiskit_9,31f7b2533d8a3c05d59b44a9b2d93f44bc48da630d1884cf9df0012199e10a74,1,azizov_gnn_hybrid_median_three_seeds,azizov_gnn_median_three_seeds,hybrid,0.7935242480016313,0.7935242480016313,0.8880032753940414,3,predicted,
sim_common_q16_v1::qpeexact_indep_qiskit_9,31f7b2533d8a3c05d59b44a9b2d93f44bc48da630d1884cf9df0012199e10a74,1,azizov_gnn_source_median_three_seeds,azizov_gnn_median_three_seeds,source,0.7935242480016313,0.7935242480016313,0.8080329730174536,3,predicted,
sim_common_q16_v1::qpeexact_indep_qiskit_9,31f7b2533d8a3c05d59b44a9b2d93f44bc48da630d1884cf9df0012199e10a74,1,azizov_gnn_transpiled_median_three_seeds,azizov_gnn_median_three_seeds,transpiled,0.7935242480016313,0.7935242480016313,1.1781203732254797,3,predicted,
sim_common_q16_v1::qpeinexact_indep_qiskit_2,acacd76111e7f23e4224342ca0ab5340b1bdaad3b6eba8893e4036ba14896362,1,azizov_gnn_hybrid_median_three_seeds,azizov_gnn_median_three_seeds,hybrid,0.6258419089972449,0.6258419089972449,0.6537345298098267,3,predicted,
sim_common_q16_v1::qpeinexact_indep_qiskit_2,acacd76111e7f23e4224342ca0ab5340b1bdaad3b6eba8893e4036ba14896362,1,azizov_gnn_source_median_three_seeds,azizov_gnn_median_three_seeds,source,0.6258419089972449,0.6258419089972449,0.6832861087355977,3,predicted,
sim_common_q16_v1::qpeinexact_indep_qiskit_2,acacd76111e7f23e4224342ca0ab5340b1bdaad3b6eba8893e4036ba14896362,1,azizov_gnn_transpiled_median_three_seeds,azizov_gnn_median_three_seeds,transpiled,0.6258419089972449,0.6258419089972449,0.6738917790981171,3,predicted,
sim_common_q16_v1::qpeinexact_indep_qiskit_3,afa0cd93480bae81feca2afdcb909ab13c2934f76b139c27872b18658e5c1f28,2,azizov_gnn_hybrid_median_three_seeds,azizov_gnn_median_three_seeds,hybrid,0.6425586090008437,0.6425586090008437,0.673340032640807,3,predicted,
sim_common_q16_v1::qpeinexact_indep_qiskit_3,afa0cd93480bae81feca2afdcb909ab13c2934f76b139c27872b18658e5c1f28,2,azizov_gnn_source_median_three_seeds,azizov_gnn_median_three_seeds,source,0.6425586090008437,0.6425586090008437,0.6293711418173331,3,predicted,
sim_common_q16_v1::qpeinexact_indep_qiskit_3,afa0cd93480bae81feca2afdcb909ab13c2934f76b139c27872b18658e5c1f28,2,azizov_gnn_transpiled_median_three_seeds,azizov_gnn_median_three_seeds,transpiled,0.6425586090008437,0.6425586090008437,0.7853608294302453,3,predicted,
sim_common_q16_v1::qpeinexact_indep_qiskit_4,1d76cd981622e5ca02125654d00534f3aec623bbb2b95b7ea894049f76916577,4,azizov_gnn_hybrid_median_three_seeds,azizov_gnn_median_three_seeds,hybrid,0.6402722480015655,0.6402722480015655,0.6313108210418981,3,predicted,
sim_common_q16_v1::qpeinexact_indep_qiskit_4,1d76cd981622e5ca02125654d00534f3aec623bbb2b95b7ea894049f76916577,4,azizov_gnn_source_median_three_seeds,azizov_gnn_median_three_seeds,source,0.6402722480015655,0.6402722480015655,0.7055720351419467,3,predicted,
sim_common_q16_v1::qpeinexact_indep_qiskit_4,1d76cd981622e5ca02125654d00534f3aec623bbb2b95b7ea894049f76916577,4,azizov_gnn_transpiled_median_three_seeds,azizov_gnn_median_three_seeds,transpiled,0.6402722480015655,0.6402722480015655,0.5703604060127434,3,predicted,
sim_common_q16_v1::qpeinexact_indep_qiskit_5,f37f599f25c5024b4069e866a31563a6daf0b1495d17d25343f7b3cfac1169ee,1,azizov_gnn_hybrid_median_three_seeds,azizov_gnn_median_three_seeds,hybrid,0.6406791050030733,0.6406791050030733,0.6836928021184369,3,predicted,
sim_common_q16_v1::qpeinexact_indep_qiskit_5,f37f599f25c5024b4069e866a31563a6daf0b1495d17d25343f7b3cfac1169ee,1,azizov_gnn_source_median_three_seeds,azizov_gnn_median_three_seeds,source,0.6406791050030733,0.6406791050030733,0.702056194151496,3,predicted,
sim_common_q16_v1::qpeinexact_indep_qiskit_5,f37f599f25c5024b4069e866a31563a6daf0b1495d17d25343f7b3cfac1169ee,1,azizov_gnn_transpiled_median_three_seeds,azizov_gnn_median_three_seeds,transpiled,0.6406791050030733,0.6406791050030733,0.6594659494323019,3,predicted,
sim_common_q16_v1::qpeinexact_indep_qiskit_6,c658b0f6c564cc6b7d6d48105e5567caf0660181ca2dbad8b9bdbdd353962fd6,0,azizov_gnn_hybrid_median_three_seeds,azizov_gnn_median_three_seeds,hybrid,0.6522649979997368,0.6522649979997368,0.7097448871273131,3,predicted,
sim_common_q16_v1::qpeinexact_indep_qiskit_6,c658b0f6c564cc6b7d6d48105e5567caf0660181ca2dbad8b9bdbdd353962fd6,0,azizov_gnn_source_median_three_seeds,azizov_gnn_median_three_seeds,source,0.6522649979997368,0.6522649979997368,0.5985315953409709,3,predicted,
sim_common_q16_v1::qpeinexact_indep_qiskit_6,c658b0f6c564cc6b7d6d48105e5567caf0660181ca2dbad8b9bdbdd353962fd6,0,azizov_gnn_transpiled_median_three_seeds,azizov_gnn_median_three_seeds,transpiled,0.6522649979997368,0.6522649979997368,0.6877449239539126,3,predicted,
sim_common_q16_v1::qpeinexact_indep_qiskit_7,093af0605e834bf0a4f2aef0b46600d12c6b1c913e791fb13e2513048a6b1c70,4,azizov_gnn_hybrid_median_three_seeds,azizov_gnn_median_three_seeds,hybrid,0.7007861210004194,0.7007861210004194,0.6443469780546296,3,predicted,
sim_common_q16_v1::qpeinexact_indep_qiskit_7,093af0605e834bf0a4f2aef0b46600d12c6b1c913e791fb13e2513048a6b1c70,4,azizov_gnn_source_median_three_seeds,azizov_gnn_median_three_seeds,source,0.7007861210004194,0.7007861210004194,0.7459455582555448,3,predicted,
sim_common_q16_v1::qpeinexact_indep_qiskit_7,093af0605e834bf0a4f2aef0b46600d12c6b1c913e791fb13e2513048a6b1c70,4,azizov_gnn_transpiled_median_three_seeds,azizov_gnn_median_three_seeds,transpiled,0.7007861210004194,0.7007861210004194,0.6559079524328917,3,predicted,
sim_common_q16_v1::qpeinexact_indep_qiskit_8,82da8e687716ed31c95e72560edb07e7f6073a5be0f5ebffb17d22aff22c81fd,0,azizov_gnn_hybrid_median_three_seeds,azizov_gnn_median_three_seeds,hybrid,0.6688155289994029,0.6688155289994029,0.7786311461738407,3,predicted,
sim_common_q16_v1::qpeinexact_indep_qiskit_8,82da8e687716ed31c95e72560edb07e7f6073a5be0f5ebffb17d22aff22c81fd,0,azizov_gnn_source_median_three_seeds,azizov_gnn_median_three_seeds,source,0.6688155289994029,0.6688155289994029,0.6661586315767487,3,predicted,
sim_common_q16_v1::qpeinexact_indep_qiskit_8,82da8e687716ed31c95e72560edb07e7f6073a5be0f5ebffb17d22aff22c81fd,0,azizov_gnn_transpiled_median_three_seeds,azizov_gnn_median_three_seeds,transpiled,0.6688155289994029,0.6688155289994029,0.7429255626734943,3,predicted,
sim_common_q16_v1::qpeinexact_indep_qiskit_9,81a66b1daaf97d148a8a075515daf8702349d257883a1dd88e26993c1622351f,3,azizov_gnn_hybrid_median_three_seeds,azizov_gnn_median_three_seeds,hybrid,0.8898592920013471,0.8898592920013471,0.7948816068805591,3,predicted,
sim_common_q16_v1::qpeinexact_indep_qiskit_9,81a66b1daaf97d148a8a075515daf8702349d257883a1dd88e26993c1622351f,3,azizov_gnn_source_median_three_seeds,azizov_gnn_median_three_seeds,source,0.8898592920013471,0.8898592920013471,0.8366941849288205,3,predicted,
sim_common_q16_v1::qpeinexact_indep_qiskit_9,81a66b1daaf97d148a8a075515daf8702349d257883a1dd88e26993c1622351f,3,azizov_gnn_transpiled_median_three_seeds,azizov_gnn_median_three_seeds,transpiled,0.8898592920013471,0.8898592920013471,1.1025853327839887,3,predicted,
sim_common_q16_v1::qwalk-noancilla_indep_qiskit_3,9110b8773ad1c544b5ec91feaaa99c96975f7577fe6966b0f0df52dab84bef92,4,azizov_gnn_hybrid_median_three_seeds,azizov_gnn_median_three_seeds,hybrid,0.6806762745000015,0.6374438919992826,0.6229920774989017,3,predicted,
sim_common_q16_v1::qwalk-noancilla_indep_qiskit_3,9110b8773ad1c544b5ec91feaaa99c96975f7577fe6966b0f0df52dab84bef92,4,azizov_gnn_source_median_three_seeds,azizov_gnn_median_three_seeds,source,0.6806762745000015,0.6374438919992826,0.6817958401924751,3,predicted,
sim_common_q16_v1::qwalk-noancilla_indep_qiskit_3,9110b8773ad1c544b5ec91feaaa99c96975f7577fe6966b0f0df52dab84bef92,4,azizov_gnn_transpiled_median_three_seeds,azizov_gnn_median_three_seeds,transpiled,0.6806762745000015,0.6374438919992826,0.6203195749935998,3,predicted,
sim_common_q16_v1::qwalk-noancilla_indep_qiskit_4,2df018ddcd5f44fd33cd5d80af349db5f84e36d6a5f905ef4611e5e5cc0d03f4,4,azizov_gnn_hybrid_median_three_seeds,azizov_gnn_median_three_seeds,hybrid,0.6810126529999252,0.6810126529999252,0.6594858308389616,3,predicted,
sim_common_q16_v1::qwalk-noancilla_indep_qiskit_4,2df018ddcd5f44fd33cd5d80af349db5f84e36d6a5f905ef4611e5e5cc0d03f4,4,azizov_gnn_source_median_three_seeds,azizov_gnn_median_three_seeds,source,0.6810126529999252,0.6810126529999252,0.9582423623754655,3,predicted,
sim_common_q16_v1::qwalk-noancilla_indep_qiskit_4,2df018ddcd5f44fd33cd5d80af349db5f84e36d6a5f905ef4611e5e5cc0d03f4,4,azizov_gnn_transpiled_median_three_seeds,azizov_gnn_median_three_seeds,transpiled,0.6810126529999252,0.6810126529999252,0.686725576287706,3,predicted,
sim_common_q16_v1::qwalk-noancilla_indep_qiskit_5,7e02b8d5bbea94c5e0eabb2edd6a74e15949ae6b737fabb55e66a61d47181912,4,azizov_gnn_hybrid_median_three_seeds,azizov_gnn_median_three_seeds,hybrid,0.7063868340010231,0.7063868340010231,0.7113956879142691,3,predicted,
sim_common_q16_v1::qwalk-noancilla_indep_qiskit_5,7e02b8d5bbea94c5e0eabb2edd6a74e15949ae6b737fabb55e66a61d47181912,4,azizov_gnn_source_median_three_seeds,azizov_gnn_median_three_seeds,source,0.7063868340010231,0.7063868340010231,0.7480942908938476,3,predicted,
sim_common_q16_v1::qwalk-noancilla_indep_qiskit_5,7e02b8d5bbea94c5e0eabb2edd6a74e15949ae6b737fabb55e66a61d47181912,4,azizov_gnn_transpiled_median_three_seeds,azizov_gnn_median_three_seeds,transpiled,0.7063868340010231,0.7063868340010231,0.7172104638345503,3,predicted,
sim_common_q16_v1::qwalk-noancilla_indep_qiskit_6,97bdbd3569346cfa4a289ced5de0f3280a495266d423a3af48650bf01484b9be,0,azizov_gnn_hybrid_median_three_seeds,azizov_gnn_median_three_seeds,hybrid,1.015744493000966,1.015744493000966,1.779457537628504,3,predicted,
sim_common_q16_v1::qwalk-noancilla_indep_qiskit_6,97bdbd3569346cfa4a289ced5de0f3280a495266d423a3af48650bf01484b9be,0,azizov_gnn_source_median_three_seeds,azizov_gnn_median_three_seeds,source,1.015744493000966,1.015744493000966,1.3460342285365585,3,predicted,
sim_common_q16_v1::qwalk-noancilla_indep_qiskit_6,97bdbd3569346cfa4a289ced5de0f3280a495266d423a3af48650bf01484b9be,0,azizov_gnn_transpiled_median_three_seeds,azizov_gnn_median_three_seeds,transpiled,1.015744493000966,1.015744493000966,1.9792879869961626,3,predicted,
sim_common_q16_v1::qwalk-noancilla_indep_qiskit_7,73abe6179f1e84e36777e1d953028143ee3ff00662ddb793d55022d9344b4940,2,azizov_gnn_hybrid_median_three_seeds,azizov_gnn_median_three_seeds,hybrid,2.998404195997864,2.998404195997864,1.4362352919886465,3,predicted,
sim_common_q16_v1::qwalk-noancilla_indep_qiskit_7,73abe6179f1e84e36777e1d953028143ee3ff00662ddb793d55022d9344b4940,2,azizov_gnn_source_median_three_seeds,azizov_gnn_median_three_seeds,source,2.998404195997864,2.998404195997864,1.7694110407746206,3,predicted,
sim_common_q16_v1::qwalk-noancilla_indep_qiskit_7,73abe6179f1e84e36777e1d953028143ee3ff00662ddb793d55022d9344b4940,2,azizov_gnn_transpiled_median_three_seeds,azizov_gnn_median_three_seeds,transpiled,2.998404195997864,2.998404195997864,2.605273045412724,3,predicted,
sim_common_q16_v1::qwalk-noancilla_indep_qiskit_8,b23a0318d268fcffc78b4f6ce920c98f33487ec34a71cf7b6225b9b6eb93f1bb,4,azizov_gnn_hybrid_median_three_seeds,azizov_gnn_median_three_seeds,hybrid,3.649332992998097,3.649332992998097,6.3413956098573845,3,predicted,
sim_common_q16_v1::qwalk-noancilla_indep_qiskit_8,b23a0318d268fcffc78b4f6ce920c98f33487ec34a71cf7b6225b9b6eb93f1bb,4,azizov_gnn_source_median_three_seeds,azizov_gnn_median_three_seeds,source,3.649332992998097,3.649332992998097,5.2433118216777865,3,predicted,
sim_common_q16_v1::qwalk-noancilla_indep_qiskit_8,b23a0318d268fcffc78b4f6ce920c98f33487ec34a71cf7b6225b9b6eb93f1bb,4,azizov_gnn_transpiled_median_three_seeds,azizov_gnn_median_three_seeds,transpiled,3.649332992998097,3.649332992998097,7.8036664418540616,3,predicted,
sim_common_q16_v1::qwalk-noancilla_indep_qiskit_9,e8037a4f622df36c65c0e756e11a6c6e3b8b40fbabaffb6cd59ff1cc79f49063,0,azizov_gnn_hybrid_median_three_seeds,azizov_gnn_median_three_seeds,hybrid,18.4117178100023,18.4117178100023,9.333339859786278,3,predicted,
sim_common_q16_v1::qwalk-noancilla_indep_qiskit_9,e8037a4f622df36c65c0e756e11a6c6e3b8b40fbabaffb6cd59ff1cc79f49063,0,azizov_gnn_source_median_three_seeds,azizov_gnn_median_three_seeds,source,18.4117178100023,18.4117178100023,6.0265273427455455,3,predicted,
sim_common_q16_v1::qwalk-noancilla_indep_qiskit_9,e8037a4f622df36c65c0e756e11a6c6e3b8b40fbabaffb6cd59ff1cc79f49063,0,azizov_gnn_transpiled_median_three_seeds,azizov_gnn_median_three_seeds,transpiled,18.4117178100023,18.4117178100023,13.844270331677356,3,predicted,
sim_common_q16_v1::qwalk-v-chain_indep_qiskit_3,9110b8773ad1c544b5ec91feaaa99c96975f7577fe6966b0f0df52dab84bef92,4,azizov_gnn_hybrid_median_three_seeds,azizov_gnn_median_three_seeds,hybrid,0.6806762745000015,0.7239086570007203,0.6229920774989017,3,predicted,
sim_common_q16_v1::qwalk-v-chain_indep_qiskit_3,9110b8773ad1c544b5ec91feaaa99c96975f7577fe6966b0f0df52dab84bef92,4,azizov_gnn_source_median_three_seeds,azizov_gnn_median_three_seeds,source,0.6806762745000015,0.7239086570007203,0.6817958401924751,3,predicted,
sim_common_q16_v1::qwalk-v-chain_indep_qiskit_3,9110b8773ad1c544b5ec91feaaa99c96975f7577fe6966b0f0df52dab84bef92,4,azizov_gnn_transpiled_median_three_seeds,azizov_gnn_median_three_seeds,transpiled,0.6806762745000015,0.7239086570007203,0.6203195749935998,3,predicted,
sim_common_q16_v1::qwalk-v-chain_indep_qiskit_5,72fb5f837aaa2bec862c3a477efd166f351b72903612c32d444704a431457f4d,0,azizov_gnn_hybrid_median_three_seeds,azizov_gnn_median_three_seeds,hybrid,0.6463327589990513,0.6463327589990513,0.7286831667676703,3,predicted,
sim_common_q16_v1::qwalk-v-chain_indep_qiskit_5,72fb5f837aaa2bec862c3a477efd166f351b72903612c32d444704a431457f4d,0,azizov_gnn_source_median_three_seeds,azizov_gnn_median_three_seeds,source,0.6463327589990513,0.6463327589990513,0.7236741579411075,3,predicted,
sim_common_q16_v1::qwalk-v-chain_indep_qiskit_5,72fb5f837aaa2bec862c3a477efd166f351b72903612c32d444704a431457f4d,0,azizov_gnn_transpiled_median_three_seeds,azizov_gnn_median_three_seeds,transpiled,0.6463327589990513,0.6463327589990513,0.7092674094719706,3,predicted,
sim_common_q16_v1::qwalk-v-chain_indep_qiskit_7,3d8107599f669ba102c734a8796433a6a348197dd98a74c63f172d7790b5c9a2,2,azizov_gnn_hybrid_median_three_seeds,azizov_gnn_median_three_seeds,hybrid,0.984092689002864,0.984092689002864,0.9254487475572412,3,predicted,
sim_common_q16_v1::qwalk-v-chain_indep_qiskit_7,3d8107599f669ba102c734a8796433a6a348197dd98a74c63f172d7790b5c9a2,2,azizov_gnn_source_median_three_seeds,azizov_gnn_median_three_seeds,source,0.984092689002864,0.984092689002864,1.0270386403572032,3,predicted,
sim_common_q16_v1::qwalk-v-chain_indep_qiskit_7,3d8107599f669ba102c734a8796433a6a348197dd98a74c63f172d7790b5c9a2,2,azizov_gnn_transpiled_median_three_seeds,azizov_gnn_median_three_seeds,transpiled,0.984092689002864,0.984092689002864,0.9737833914738742,3,predicted,
sim_common_q16_v1::qwalk-v-chain_indep_qiskit_9,8650fb4f2d0816cd59c97df1ed4051936ecb3b5c31d39ba97cdc5cd2af374a8a,4,azizov_gnn_hybrid_median_three_seeds,azizov_gnn_median_three_seeds,hybrid,1.861087077002594,1.861087077002594,1.606493536723915,3,predicted,
sim_common_q16_v1::qwalk-v-chain_indep_qiskit_9,8650fb4f2d0816cd59c97df1ed4051936ecb3b5c31d39ba97cdc5cd2af374a8a,4,azizov_gnn_source_median_three_seeds,azizov_gnn_median_three_seeds,source,1.861087077002594,1.861087077002594,1.5429411819380443,3,predicted,
sim_common_q16_v1::qwalk-v-chain_indep_qiskit_9,8650fb4f2d0816cd59c97df1ed4051936ecb3b5c31d39ba97cdc5cd2af374a8a,4,azizov_gnn_transpiled_median_three_seeds,azizov_gnn_median_three_seeds,transpiled,1.861087077002594,1.861087077002594,1.4348786736190764,3,predicted,
sim_common_q16_v1::random_indep_qiskit_2,433844fca892218b1218ca028aafb0eddf1929d5ca52fdea53b3cb324e4055bd,1,azizov_gnn_hybrid_median_three_seeds,azizov_gnn_median_three_seeds,hybrid,0.6350642280012835,0.6350642280012835,0.6902969965502437,3,predicted,
sim_common_q16_v1::random_indep_qiskit_2,433844fca892218b1218ca028aafb0eddf1929d5ca52fdea53b3cb324e4055bd,1,azizov_gnn_source_median_three_seeds,azizov_gnn_median_three_seeds,source,0.6350642280012835,0.6350642280012835,0.6941312322078743,3,predicted,
sim_common_q16_v1::random_indep_qiskit_2,433844fca892218b1218ca028aafb0eddf1929d5ca52fdea53b3cb324e4055bd,1,azizov_gnn_transpiled_median_three_seeds,azizov_gnn_median_three_seeds,transpiled,0.6350642280012835,0.6350642280012835,0.6788990141279455,3,predicted,
sim_common_q16_v1::random_indep_qiskit_3,d7ecd343052e510bdf5fa0f67f2fdbc3ee5ddccd19f39548c2853114a94dece2,4,azizov_gnn_hybrid_median_three_seeds,azizov_gnn_median_three_seeds,hybrid,0.6280151889986882,0.6280151889986882,0.639139258675924,3,predicted,
sim_common_q16_v1::random_indep_qiskit_3,d7ecd343052e510bdf5fa0f67f2fdbc3ee5ddccd19f39548c2853114a94dece2,4,azizov_gnn_source_median_three_seeds,azizov_gnn_median_three_seeds,source,0.6280151889986882,0.6280151889986882,0.7157928361715002,3,predicted,
sim_common_q16_v1::random_indep_qiskit_3,d7ecd343052e510bdf5fa0f67f2fdbc3ee5ddccd19f39548c2853114a94dece2,4,azizov_gnn_transpiled_median_three_seeds,azizov_gnn_median_three_seeds,transpiled,0.6280151889986882,0.6280151889986882,0.6073284186111043,3,predicted,
sim_common_q16_v1::random_indep_qiskit_4,212e0f8a693a745c9fc792b876e7be6ddb0ba051c1b0f558e0819e1437a8a2fb,2,azizov_gnn_hybrid_median_three_seeds,azizov_gnn_median_three_seeds,hybrid,0.7269409180007642,0.7269409180007642,0.6474543508816635,3,predicted,
sim_common_q16_v1::random_indep_qiskit_4,212e0f8a693a745c9fc792b876e7be6ddb0ba051c1b0f558e0819e1437a8a2fb,2,azizov_gnn_source_median_three_seeds,azizov_gnn_median_three_seeds,source,0.7269409180007642,0.7269409180007642,0.6616056046326118,3,predicted,
sim_common_q16_v1::random_indep_qiskit_4,212e0f8a693a745c9fc792b876e7be6ddb0ba051c1b0f558e0819e1437a8a2fb,2,azizov_gnn_transpiled_median_three_seeds,azizov_gnn_median_three_seeds,transpiled,0.7269409180007642,0.7269409180007642,0.6654314380637565,3,predicted,
sim_common_q16_v1::random_indep_qiskit_5,8f11cd416ae9672f06a39e5ee3a27a70bcbf31d7177cb47270c0cd8512c95381,1,azizov_gnn_hybrid_median_three_seeds,azizov_gnn_median_three_seeds,hybrid,0.7345396679993428,0.7345396679993428,1.017483876950685,3,predicted,
sim_common_q16_v1::random_indep_qiskit_5,8f11cd416ae9672f06a39e5ee3a27a70bcbf31d7177cb47270c0cd8512c95381,1,azizov_gnn_source_median_three_seeds,azizov_gnn_median_three_seeds,source,0.7345396679993428,0.7345396679993428,0.7524268502636273,3,predicted,
sim_common_q16_v1::random_indep_qiskit_5,8f11cd416ae9672f06a39e5ee3a27a70bcbf31d7177cb47270c0cd8512c95381,1,azizov_gnn_transpiled_median_three_seeds,azizov_gnn_median_three_seeds,transpiled,0.7345396679993428,0.7345396679993428,0.6307136237494367,3,predicted,
sim_common_q16_v1::random_indep_qiskit_6,4d5b55eb4b8a0aea0af4bde721618cbe79ed66e0636398ffddc79ace483672a6,3,azizov_gnn_hybrid_median_three_seeds,azizov_gnn_median_three_seeds,hybrid,0.6658408169969334,0.6658408169969334,1.050251815923905,3,predicted,
sim_common_q16_v1::random_indep_qiskit_6,4d5b55eb4b8a0aea0af4bde721618cbe79ed66e0636398ffddc79ace483672a6,3,azizov_gnn_source_median_three_seeds,azizov_gnn_median_three_seeds,source,0.6658408169969334,0.6658408169969334,0.9437373546280142,3,predicted,
sim_common_q16_v1::random_indep_qiskit_6,4d5b55eb4b8a0aea0af4bde721618cbe79ed66e0636398ffddc79ace483672a6,3,azizov_gnn_transpiled_median_three_seeds,azizov_gnn_median_three_seeds,transpiled,0.6658408169969334,0.6658408169969334,0.5782155417272076,3,predicted,
sim_common_q16_v1::random_indep_qiskit_7,8ffee9c3a3af1aeaa766f38df57fcb62de5efa16d7f328d60a8977cb0da39e22,0,azizov_gnn_hybrid_median_three_seeds,azizov_gnn_median_three_seeds,hybrid,0.7144554340011382,0.7144554340011382,0.8224929238618561,3,predicted,
sim_common_q16_v1::random_indep_qiskit_7,8ffee9c3a3af1aeaa766f38df57fcb62de5efa16d7f328d60a8977cb0da39e22,0,azizov_gnn_source_median_three_seeds,azizov_gnn_median_three_seeds,source,0.7144554340011382,0.7144554340011382,0.6872619241888104,3,predicted,
sim_common_q16_v1::random_indep_qiskit_7,8ffee9c3a3af1aeaa766f38df57fcb62de5efa16d7f328d60a8977cb0da39e22,0,azizov_gnn_transpiled_median_three_seeds,azizov_gnn_median_three_seeds,transpiled,0.7144554340011382,0.7144554340011382,0.7121483599915225,3,predicted,
sim_common_q16_v1::random_indep_qiskit_8,fa595f88d0ab98542a799af4492f53b2a5e2e88ebc442a9b508abac209d0afcc,3,azizov_gnn_hybrid_median_three_seeds,azizov_gnn_median_three_seeds,hybrid,0.6867609079999966,0.6867609079999966,0.8338617219852463,3,predicted,
sim_common_q16_v1::random_indep_qiskit_8,fa595f88d0ab98542a799af4492f53b2a5e2e88ebc442a9b508abac209d0afcc,3,azizov_gnn_source_median_three_seeds,azizov_gnn_median_three_seeds,source,0.6867609079999966,0.6867609079999966,0.8754160949351797,3,predicted,
sim_common_q16_v1::random_indep_qiskit_8,fa595f88d0ab98542a799af4492f53b2a5e2e88ebc442a9b508abac209d0afcc,3,azizov_gnn_transpiled_median_three_seeds,azizov_gnn_median_three_seeds,transpiled,0.6867609079999966,0.6867609079999966,0.8103979600776969,3,predicted,
sim_common_q16_v1::random_indep_qiskit_9,93eff191c23e0c3d13a127f38595909e7092290f5119c9be24a1ccc61fff5767,1,azizov_gnn_hybrid_median_three_seeds,azizov_gnn_median_three_seeds,hybrid,0.9196448500006228,0.9196448500006228,1.459810065744541,3,predicted,
sim_common_q16_v1::random_indep_qiskit_9,93eff191c23e0c3d13a127f38595909e7092290f5119c9be24a1ccc61fff5767,1,azizov_gnn_source_median_three_seeds,azizov_gnn_median_three_seeds,source,0.9196448500006228,0.9196448500006228,2.109189192351449,3,predicted,
sim_common_q16_v1::random_indep_qiskit_9,93eff191c23e0c3d13a127f38595909e7092290f5119c9be24a1ccc61fff5767,1,azizov_gnn_transpiled_median_three_seeds,azizov_gnn_median_three_seeds,transpiled,0.9196448500006228,0.9196448500006228,1.008022863632015,3,predicted,
sim_common_q16_v1::realamprandom_indep_qiskit_2,806f1844d225682cd7d5d0b276b5567caa23697f73064d8a20347024bb03fe40,1,azizov_gnn_hybrid_median_three_seeds,azizov_gnn_median_three_seeds,hybrid,0.6811683435007581,0.7270244620012818,0.6851505002506686,3,predicted,
sim_common_q16_v1::realamprandom_indep_qiskit_2,806f1844d225682cd7d5d0b276b5567caa23697f73064d8a20347024bb03fe40,1,azizov_gnn_source_median_three_seeds,azizov_gnn_median_three_seeds,source,0.6811683435007581,0.7270244620012818,0.7242370539976164,3,predicted,
sim_common_q16_v1::realamprandom_indep_qiskit_2,806f1844d225682cd7d5d0b276b5567caa23697f73064d8a20347024bb03fe40,1,azizov_gnn_transpiled_median_three_seeds,azizov_gnn_median_three_seeds,transpiled,0.6811683435007581,0.7270244620012818,0.6789442464583182,3,predicted,
sim_common_q16_v1::realamprandom_indep_qiskit_3,79b8fdfbfe6897a226612f9b9e27a4533aac4b48258335fb7746c5f10989cedc,3,azizov_gnn_hybrid_median_three_seeds,azizov_gnn_median_three_seeds,hybrid,0.6289825359999668,0.6333517960010795,0.6655446068007413,3,predicted,
sim_common_q16_v1::realamprandom_indep_qiskit_3,79b8fdfbfe6897a226612f9b9e27a4533aac4b48258335fb7746c5f10989cedc,3,azizov_gnn_source_median_three_seeds,azizov_gnn_median_three_seeds,source,0.6289825359999668,0.6333517960010795,0.6649334877271754,3,predicted,
sim_common_q16_v1::realamprandom_indep_qiskit_3,79b8fdfbfe6897a226612f9b9e27a4533aac4b48258335fb7746c5f10989cedc,3,azizov_gnn_transpiled_median_three_seeds,azizov_gnn_median_three_seeds,transpiled,0.6289825359999668,0.6333517960010795,0.5894094700724587,3,predicted,
sim_common_q16_v1::realamprandom_indep_qiskit_4,187d76ac82884dc3202418b0e06077eec26afed0c625b228d76b4416e6bfa480,3,azizov_gnn_hybrid_median_three_seeds,azizov_gnn_median_three_seeds,hybrid,0.690793351001048,0.6371145330012951,0.666025957639403,3,predicted,
sim_common_q16_v1::realamprandom_indep_qiskit_4,187d76ac82884dc3202418b0e06077eec26afed0c625b228d76b4416e6bfa480,3,azizov_gnn_source_median_three_seeds,azizov_gnn_median_three_seeds,source,0.690793351001048,0.6371145330012951,0.6676262966463943,3,predicted,
sim_common_q16_v1::realamprandom_indep_qiskit_4,187d76ac82884dc3202418b0e06077eec26afed0c625b228d76b4416e6bfa480,3,azizov_gnn_transpiled_median_three_seeds,azizov_gnn_median_three_seeds,transpiled,0.690793351001048,0.6371145330012951,0.5873124481271177,3,predicted,
sim_common_q16_v1::realamprandom_indep_qiskit_5,8d3b3ff10a3a80d0dda4e7043cce2b222aaf9e3cc19caa194b8e87da40266ac5,3,azizov_gnn_hybrid_median_three_seeds,azizov_gnn_median_three_seeds,hybrid,0.6970405395004491,0.6386868430017785,0.6869121826851641,3,predicted,
sim_common_q16_v1::realamprandom_indep_qiskit_5,8d3b3ff10a3a80d0dda4e7043cce2b222aaf9e3cc19caa194b8e87da40266ac5,3,azizov_gnn_source_median_three_seeds,azizov_gnn_median_three_seeds,source,0.6970405395004491,0.6386868430017785,0.7017563330242296,3,predicted,
sim_common_q16_v1::realamprandom_indep_qiskit_5,8d3b3ff10a3a80d0dda4e7043cce2b222aaf9e3cc19caa194b8e87da40266ac5,3,azizov_gnn_transpiled_median_three_seeds,azizov_gnn_median_three_seeds,transpiled,0.6970405395004491,0.6386868430017785,0.5808153013657487,3,predicted,
sim_common_q16_v1::realamprandom_indep_qiskit_6,c9931425f0767057491a7e6ab8f1ed937fde917a862097440f57606892bddde9,0,azizov_gnn_hybrid_median_three_seeds,azizov_gnn_median_three_seeds,hybrid,0.7250354759999027,0.669643510998867,0.745317734113593,3,predicted,
sim_common_q16_v1::realamprandom_indep_qiskit_6,c9931425f0767057491a7e6ab8f1ed937fde917a862097440f57606892bddde9,0,azizov_gnn_source_median_three_seeds,azizov_gnn_median_three_seeds,source,0.7250354759999027,0.669643510998867,0.6233279377480849,3,predicted,
sim_common_q16_v1::realamprandom_indep_qiskit_6,c9931425f0767057491a7e6ab8f1ed937fde917a862097440f57606892bddde9,0,azizov_gnn_transpiled_median_three_seeds,azizov_gnn_median_three_seeds,transpiled,0.7250354759999027,0.669643510998867,0.7394132769228186,3,predicted,
sim_common_q16_v1::realamprandom_indep_qiskit_7,af19d23c83544c8b7f6be5c42e0254336c9902c1ef454c06b9d45c4582d2fd3d,2,azizov_gnn_hybrid_median_three_seeds,azizov_gnn_median_three_seeds,hybrid,0.7604988409984799,0.7463375029983581,0.8247600087172231,3,predicted,
sim_common_q16_v1::realamprandom_indep_qiskit_7,af19d23c83544c8b7f6be5c42e0254336c9902c1ef454c06b9d45c4582d2fd3d,2,azizov_gnn_source_median_three_seeds,azizov_gnn_median_three_seeds,source,0.7604988409984799,0.7463375029983581,0.7223333195280086,3,predicted,
sim_common_q16_v1::realamprandom_indep_qiskit_7,af19d23c83544c8b7f6be5c42e0254336c9902c1ef454c06b9d45c4582d2fd3d,2,azizov_gnn_transpiled_median_three_seeds,azizov_gnn_median_three_seeds,transpiled,0.7604988409984799,0.7463375029983581,0.8361714043335222,3,predicted,
sim_common_q16_v1::realamprandom_indep_qiskit_8,8ea085ea0c0185c560746ab5988221e203c457e2afbb475976fb99f718e2dad1,4,azizov_gnn_hybrid_median_three_seeds,azizov_gnn_median_three_seeds,hybrid,0.7514831415010121,0.7581430490026833,0.8887755274472178,3,predicted,
sim_common_q16_v1::realamprandom_indep_qiskit_8,8ea085ea0c0185c560746ab5988221e203c457e2afbb475976fb99f718e2dad1,4,azizov_gnn_source_median_three_seeds,azizov_gnn_median_three_seeds,source,0.7514831415010121,0.7581430490026833,0.9173474286022314,3,predicted,
sim_common_q16_v1::realamprandom_indep_qiskit_8,8ea085ea0c0185c560746ab5988221e203c457e2afbb475976fb99f718e2dad1,4,azizov_gnn_transpiled_median_three_seeds,azizov_gnn_median_three_seeds,transpiled,0.7514831415010121,0.7581430490026833,0.7510742911879249,3,predicted,
sim_common_q16_v1::realamprandom_indep_qiskit_9,bdd8a427e9747bbc01ad8e77a22d61f0314fe8db0de17786839f2193ab0928bd,0,azizov_gnn_hybrid_median_three_seeds,azizov_gnn_median_three_seeds,hybrid,1.027857403500093,1.0256131179994554,1.0572928387623663,3,predicted,
sim_common_q16_v1::realamprandom_indep_qiskit_9,bdd8a427e9747bbc01ad8e77a22d61f0314fe8db0de17786839f2193ab0928bd,0,azizov_gnn_source_median_three_seeds,azizov_gnn_median_three_seeds,source,1.027857403500093,1.0256131179994554,0.701823584154715,3,predicted,
sim_common_q16_v1::realamprandom_indep_qiskit_9,bdd8a427e9747bbc01ad8e77a22d61f0314fe8db0de17786839f2193ab0928bd,0,azizov_gnn_transpiled_median_three_seeds,azizov_gnn_median_three_seeds,transpiled,1.027857403500093,1.0256131179994554,1.0261515257100444,3,predicted,
sim_common_q16_v1::su2random_indep_qiskit_2,66c9180a271ec04f728ab259ed86a24fe52676e6f40a7614b02f79fd13536c91,0,azizov_gnn_hybrid_median_three_seeds,azizov_gnn_median_three_seeds,hybrid,0.73017823400005,0.73017823400005,0.6717945952657263,3,predicted,
sim_common_q16_v1::su2random_indep_qiskit_2,66c9180a271ec04f728ab259ed86a24fe52676e6f40a7614b02f79fd13536c91,0,azizov_gnn_source_median_three_seeds,azizov_gnn_median_three_seeds,source,0.73017823400005,0.73017823400005,0.5737334171839763,3,predicted,
sim_common_q16_v1::su2random_indep_qiskit_2,66c9180a271ec04f728ab259ed86a24fe52676e6f40a7614b02f79fd13536c91,0,azizov_gnn_transpiled_median_three_seeds,azizov_gnn_median_three_seeds,transpiled,0.73017823400005,0.73017823400005,0.659472675453666,3,predicted,
sim_common_q16_v1::su2random_indep_qiskit_3,c69c35c09a4dcfe7dd09af0b73be8e5f608531bf0baadd794f6861bcf237e40c,3,azizov_gnn_hybrid_median_three_seeds,azizov_gnn_median_three_seeds,hybrid,0.7221970069986128,0.7221970069986128,0.673363371691714,3,predicted,
sim_common_q16_v1::su2random_indep_qiskit_3,c69c35c09a4dcfe7dd09af0b73be8e5f608531bf0baadd794f6861bcf237e40c,3,azizov_gnn_source_median_three_seeds,azizov_gnn_median_three_seeds,source,0.7221970069986128,0.7221970069986128,0.6703735397726953,3,predicted,
sim_common_q16_v1::su2random_indep_qiskit_3,c69c35c09a4dcfe7dd09af0b73be8e5f608531bf0baadd794f6861bcf237e40c,3,azizov_gnn_transpiled_median_three_seeds,azizov_gnn_median_three_seeds,transpiled,0.7221970069986128,0.7221970069986128,0.5861228744929003,3,predicted,
sim_common_q16_v1::su2random_indep_qiskit_4,7fabc879bc998db5c05d7cc5b83db2d1704d7587139b714da9cf82639f4f093e,4,azizov_gnn_hybrid_median_three_seeds,azizov_gnn_median_three_seeds,hybrid,0.6280798560001131,0.6280798560001131,0.6766249597352553,3,predicted,
sim_common_q16_v1::su2random_indep_qiskit_4,7fabc879bc998db5c05d7cc5b83db2d1704d7587139b714da9cf82639f4f093e,4,azizov_gnn_source_median_three_seeds,azizov_gnn_median_three_seeds,source,0.6280798560001131,0.6280798560001131,0.7450138917283806,3,predicted,
sim_common_q16_v1::su2random_indep_qiskit_4,7fabc879bc998db5c05d7cc5b83db2d1704d7587139b714da9cf82639f4f093e,4,azizov_gnn_transpiled_median_three_seeds,azizov_gnn_median_three_seeds,transpiled,0.6280798560001131,0.6280798560001131,0.5794015855139595,3,predicted,
sim_common_q16_v1::su2random_indep_qiskit_5,c1572e3b6e41c965a5943c21ceacdbad56fc868b4ee02ff4ef8af2d2054a0602,2,azizov_gnn_hybrid_median_three_seeds,azizov_gnn_median_three_seeds,hybrid,0.7392793660001189,0.7392793660001189,0.740410210569917,3,predicted,
sim_common_q16_v1::su2random_indep_qiskit_5,c1572e3b6e41c965a5943c21ceacdbad56fc868b4ee02ff4ef8af2d2054a0602,2,azizov_gnn_source_median_three_seeds,azizov_gnn_median_three_seeds,source,0.7392793660001189,0.7392793660001189,0.6664957265051551,3,predicted,
sim_common_q16_v1::su2random_indep_qiskit_5,c1572e3b6e41c965a5943c21ceacdbad56fc868b4ee02ff4ef8af2d2054a0602,2,azizov_gnn_transpiled_median_three_seeds,azizov_gnn_median_three_seeds,transpiled,0.7392793660001189,0.7392793660001189,0.6727306395909729,3,predicted,
sim_common_q16_v1::su2random_indep_qiskit_6,2f497b92b87e3e9f44c1ae23dfbffc7309c1550756e6829eb694d42dd4f2ed03,4,azizov_gnn_hybrid_median_three_seeds,azizov_gnn_median_three_seeds,hybrid,0.7643177909994847,0.7643177909994847,0.6825327865073687,3,predicted,
sim_common_q16_v1::su2random_indep_qiskit_6,2f497b92b87e3e9f44c1ae23dfbffc7309c1550756e6829eb694d42dd4f2ed03,4,azizov_gnn_source_median_three_seeds,azizov_gnn_median_three_seeds,source,0.7643177909994847,0.7643177909994847,0.7813190570065609,3,predicted,
sim_common_q16_v1::su2random_indep_qiskit_6,2f497b92b87e3e9f44c1ae23dfbffc7309c1550756e6829eb694d42dd4f2ed03,4,azizov_gnn_transpiled_median_three_seeds,azizov_gnn_median_three_seeds,transpiled,0.7643177909994847,0.7643177909994847,0.5917953425169988,3,predicted,
sim_common_q16_v1::su2random_indep_qiskit_7,4f2368cad1a087f01b7598f13a9afa3b7cea2d6f9e96f79eb390f62213c97af7,2,azizov_gnn_hybrid_median_three_seeds,azizov_gnn_median_three_seeds,hybrid,0.7721899220014166,0.7721899220014166,0.8178423749261038,3,predicted,
sim_common_q16_v1::su2random_indep_qiskit_7,4f2368cad1a087f01b7598f13a9afa3b7cea2d6f9e96f79eb390f62213c97af7,2,azizov_gnn_source_median_three_seeds,azizov_gnn_median_three_seeds,source,0.7721899220014166,0.7721899220014166,0.7547054008979546,3,predicted,
sim_common_q16_v1::su2random_indep_qiskit_7,4f2368cad1a087f01b7598f13a9afa3b7cea2d6f9e96f79eb390f62213c97af7,2,azizov_gnn_transpiled_median_three_seeds,azizov_gnn_median_three_seeds,transpiled,0.7721899220014166,0.7721899220014166,0.8008350216328693,3,predicted,
sim_common_q16_v1::su2random_indep_qiskit_8,3157278e31c54e80e45de35bfb793aac89eb413e21aabe08b2e0e140de8c0d39,3,azizov_gnn_hybrid_median_three_seeds,azizov_gnn_median_three_seeds,hybrid,0.738525782002398,0.738525782002398,0.8922525987324832,3,predicted,
sim_common_q16_v1::su2random_indep_qiskit_8,3157278e31c54e80e45de35bfb793aac89eb413e21aabe08b2e0e140de8c0d39,3,azizov_gnn_source_median_three_seeds,azizov_gnn_median_three_seeds,source,0.738525782002398,0.738525782002398,0.936376412691455,3,predicted,
sim_common_q16_v1::su2random_indep_qiskit_8,3157278e31c54e80e45de35bfb793aac89eb413e21aabe08b2e0e140de8c0d39,3,azizov_gnn_transpiled_median_three_seeds,azizov_gnn_median_three_seeds,transpiled,0.738525782002398,0.738525782002398,0.8523792119863003,3,predicted,
sim_common_q16_v1::su2random_indep_qiskit_9,c6ee0cb7c958cecf010796ce2ad0bb148b9fd660dd52393972c541d9ae422eca,4,azizov_gnn_hybrid_median_three_seeds,azizov_gnn_median_three_seeds,hybrid,1.0278606899992155,1.0278606899992155,0.773587136531652,3,predicted,
sim_common_q16_v1::su2random_indep_qiskit_9,c6ee0cb7c958cecf010796ce2ad0bb148b9fd660dd52393972c541d9ae422eca,4,azizov_gnn_source_median_three_seeds,azizov_gnn_median_three_seeds,source,1.0278606899992155,1.0278606899992155,0.923821598948592,3,predicted,
sim_common_q16_v1::su2random_indep_qiskit_9,c6ee0cb7c958cecf010796ce2ad0bb148b9fd660dd52393972c541d9ae422eca,4,azizov_gnn_transpiled_median_three_seeds,azizov_gnn_median_three_seeds,transpiled,1.0278606899992155,1.0278606899992155,0.957505295453434,3,predicted,
sim_common_q16_v1::twolocalrandom_indep_qiskit_2,806f1844d225682cd7d5d0b276b5567caa23697f73064d8a20347024bb03fe40,1,azizov_gnn_hybrid_median_three_seeds,azizov_gnn_median_three_seeds,hybrid,0.6811683435007581,0.6353122250002343,0.6851505002506686,3,predicted,
sim_common_q16_v1::twolocalrandom_indep_qiskit_2,806f1844d225682cd7d5d0b276b5567caa23697f73064d8a20347024bb03fe40,1,azizov_gnn_source_median_three_seeds,azizov_gnn_median_three_seeds,source,0.6811683435007581,0.6353122250002343,0.7242370539976164,3,predicted,
sim_common_q16_v1::twolocalrandom_indep_qiskit_2,806f1844d225682cd7d5d0b276b5567caa23697f73064d8a20347024bb03fe40,1,azizov_gnn_transpiled_median_three_seeds,azizov_gnn_median_three_seeds,transpiled,0.6811683435007581,0.6353122250002343,0.6789442464583182,3,predicted,
sim_common_q16_v1::twolocalrandom_indep_qiskit_3,79b8fdfbfe6897a226612f9b9e27a4533aac4b48258335fb7746c5f10989cedc,3,azizov_gnn_hybrid_median_three_seeds,azizov_gnn_median_three_seeds,hybrid,0.6289825359999668,0.6246132759988541,0.6655446068007413,3,predicted,
sim_common_q16_v1::twolocalrandom_indep_qiskit_3,79b8fdfbfe6897a226612f9b9e27a4533aac4b48258335fb7746c5f10989cedc,3,azizov_gnn_source_median_three_seeds,azizov_gnn_median_three_seeds,source,0.6289825359999668,0.6246132759988541,0.6649334877271754,3,predicted,
sim_common_q16_v1::twolocalrandom_indep_qiskit_3,79b8fdfbfe6897a226612f9b9e27a4533aac4b48258335fb7746c5f10989cedc,3,azizov_gnn_transpiled_median_three_seeds,azizov_gnn_median_three_seeds,transpiled,0.6289825359999668,0.6246132759988541,0.5894094700724587,3,predicted,
sim_common_q16_v1::twolocalrandom_indep_qiskit_4,187d76ac82884dc3202418b0e06077eec26afed0c625b228d76b4416e6bfa480,3,azizov_gnn_hybrid_median_three_seeds,azizov_gnn_median_three_seeds,hybrid,0.690793351001048,0.7444721690008009,0.666025957639403,3,predicted,
sim_common_q16_v1::twolocalrandom_indep_qiskit_4,187d76ac82884dc3202418b0e06077eec26afed0c625b228d76b4416e6bfa480,3,azizov_gnn_source_median_three_seeds,azizov_gnn_median_three_seeds,source,0.690793351001048,0.7444721690008009,0.6676262966463943,3,predicted,
sim_common_q16_v1::twolocalrandom_indep_qiskit_4,187d76ac82884dc3202418b0e06077eec26afed0c625b228d76b4416e6bfa480,3,azizov_gnn_transpiled_median_three_seeds,azizov_gnn_median_three_seeds,transpiled,0.690793351001048,0.7444721690008009,0.5873124481271177,3,predicted,
sim_common_q16_v1::twolocalrandom_indep_qiskit_5,8d3b3ff10a3a80d0dda4e7043cce2b222aaf9e3cc19caa194b8e87da40266ac5,3,azizov_gnn_hybrid_median_three_seeds,azizov_gnn_median_three_seeds,hybrid,0.6970405395004491,0.7553942359991197,0.6869121826851641,3,predicted,
sim_common_q16_v1::twolocalrandom_indep_qiskit_5,8d3b3ff10a3a80d0dda4e7043cce2b222aaf9e3cc19caa194b8e87da40266ac5,3,azizov_gnn_source_median_three_seeds,azizov_gnn_median_three_seeds,source,0.6970405395004491,0.7553942359991197,0.7017563330242296,3,predicted,
sim_common_q16_v1::twolocalrandom_indep_qiskit_5,8d3b3ff10a3a80d0dda4e7043cce2b222aaf9e3cc19caa194b8e87da40266ac5,3,azizov_gnn_transpiled_median_three_seeds,azizov_gnn_median_three_seeds,transpiled,0.6970405395004491,0.7553942359991197,0.5808153013657487,3,predicted,
sim_common_q16_v1::twolocalrandom_indep_qiskit_6,c9931425f0767057491a7e6ab8f1ed937fde917a862097440f57606892bddde9,0,azizov_gnn_hybrid_median_three_seeds,azizov_gnn_median_three_seeds,hybrid,0.7250354759999027,0.7804274410009384,0.745317734113593,3,predicted,
sim_common_q16_v1::twolocalrandom_indep_qiskit_6,c9931425f0767057491a7e6ab8f1ed937fde917a862097440f57606892bddde9,0,azizov_gnn_source_median_three_seeds,azizov_gnn_median_three_seeds,source,0.7250354759999027,0.7804274410009384,0.6233279377480849,3,predicted,
sim_common_q16_v1::twolocalrandom_indep_qiskit_6,c9931425f0767057491a7e6ab8f1ed937fde917a862097440f57606892bddde9,0,azizov_gnn_transpiled_median_three_seeds,azizov_gnn_median_three_seeds,transpiled,0.7250354759999027,0.7804274410009384,0.7394132769228186,3,predicted,
sim_common_q16_v1::twolocalrandom_indep_qiskit_7,af19d23c83544c8b7f6be5c42e0254336c9902c1ef454c06b9d45c4582d2fd3d,2,azizov_gnn_hybrid_median_three_seeds,azizov_gnn_median_three_seeds,hybrid,0.7604988409984799,0.7746601789986016,0.8247600087172231,3,predicted,
sim_common_q16_v1::twolocalrandom_indep_qiskit_7,af19d23c83544c8b7f6be5c42e0254336c9902c1ef454c06b9d45c4582d2fd3d,2,azizov_gnn_source_median_three_seeds,azizov_gnn_median_three_seeds,source,0.7604988409984799,0.7746601789986016,0.7223333195280086,3,predicted,
sim_common_q16_v1::twolocalrandom_indep_qiskit_7,af19d23c83544c8b7f6be5c42e0254336c9902c1ef454c06b9d45c4582d2fd3d,2,azizov_gnn_transpiled_median_three_seeds,azizov_gnn_median_three_seeds,transpiled,0.7604988409984799,0.7746601789986016,0.8361714043335222,3,predicted,
sim_common_q16_v1::twolocalrandom_indep_qiskit_8,8ea085ea0c0185c560746ab5988221e203c457e2afbb475976fb99f718e2dad1,4,azizov_gnn_hybrid_median_three_seeds,azizov_gnn_median_three_seeds,hybrid,0.7514831415010121,0.744823233999341,0.8887755274472178,3,predicted,
sim_common_q16_v1::twolocalrandom_indep_qiskit_8,8ea085ea0c0185c560746ab5988221e203c457e2afbb475976fb99f718e2dad1,4,azizov_gnn_source_median_three_seeds,azizov_gnn_median_three_seeds,source,0.7514831415010121,0.744823233999341,0.9173474286022314,3,predicted,
sim_common_q16_v1::twolocalrandom_indep_qiskit_8,8ea085ea0c0185c560746ab5988221e203c457e2afbb475976fb99f718e2dad1,4,azizov_gnn_transpiled_median_three_seeds,azizov_gnn_median_three_seeds,transpiled,0.7514831415010121,0.744823233999341,0.7510742911879249,3,predicted,
sim_common_q16_v1::twolocalrandom_indep_qiskit_9,bdd8a427e9747bbc01ad8e77a22d61f0314fe8db0de17786839f2193ab0928bd,0,azizov_gnn_hybrid_median_three_seeds,azizov_gnn_median_three_seeds,hybrid,1.027857403500093,1.0301016890007304,1.0572928387623663,3,predicted,
sim_common_q16_v1::twolocalrandom_indep_qiskit_9,bdd8a427e9747bbc01ad8e77a22d61f0314fe8db0de17786839f2193ab0928bd,0,azizov_gnn_source_median_three_seeds,azizov_gnn_median_three_seeds,source,1.027857403500093,1.0301016890007304,0.701823584154715,3,predicted,
sim_common_q16_v1::twolocalrandom_indep_qiskit_9,bdd8a427e9747bbc01ad8e77a22d61f0314fe8db0de17786839f2193ab0928bd,0,azizov_gnn_transpiled_median_three_seeds,azizov_gnn_median_three_seeds,transpiled,1.027857403500093,1.0301016890007304,1.0261515257100444,3,predicted,
sim_common_q16_v1::vqe_indep_qiskit_3,92c02520f591e3d46218c6839b62acb2a1d5fbcc2ceba197b9265653f1737b24,4,azizov_gnn_hybrid_median_three_seeds,azizov_gnn_median_three_seeds,hybrid,0.6360782570009178,0.6360782570009178,0.6420247362844962,3,predicted,
sim_common_q16_v1::vqe_indep_qiskit_3,92c02520f591e3d46218c6839b62acb2a1d5fbcc2ceba197b9265653f1737b24,4,azizov_gnn_source_median_three_seeds,azizov_gnn_median_three_seeds,source,0.6360782570009178,0.6360782570009178,0.6858267163565062,3,predicted,
sim_common_q16_v1::vqe_indep_qiskit_3,92c02520f591e3d46218c6839b62acb2a1d5fbcc2ceba197b9265653f1737b24,4,azizov_gnn_transpiled_median_three_seeds,azizov_gnn_median_three_seeds,transpiled,0.6360782570009178,0.6360782570009178,0.6139669051649446,3,predicted,
sim_common_q16_v1::vqe_indep_qiskit_4,23a9403cafedb94bbd2f39d4d9106aca7f890047719b80231d86ac9fb8382383,0,azizov_gnn_hybrid_median_three_seeds,azizov_gnn_median_three_seeds,hybrid,0.633112699000776,0.633112699000776,0.6459087359416719,3,predicted,
sim_common_q16_v1::vqe_indep_qiskit_4,23a9403cafedb94bbd2f39d4d9106aca7f890047719b80231d86ac9fb8382383,0,azizov_gnn_source_median_three_seeds,azizov_gnn_median_three_seeds,source,0.633112699000776,0.633112699000776,0.5754337426697702,3,predicted,
sim_common_q16_v1::vqe_indep_qiskit_4,23a9403cafedb94bbd2f39d4d9106aca7f890047719b80231d86ac9fb8382383,0,azizov_gnn_transpiled_median_three_seeds,azizov_gnn_median_three_seeds,transpiled,0.633112699000776,0.633112699000776,0.6566719664247682,3,predicted,
sim_common_q16_v1::vqe_indep_qiskit_5,8c7594c05053bb7af0015bd637170a669e9d39c1da6edce6a769992b6ef5c9cb,0,azizov_gnn_hybrid_median_three_seeds,azizov_gnn_median_three_seeds,hybrid,0.7155582859995775,0.7155582859995775,0.6441205888829212,3,predicted,
sim_common_q16_v1::vqe_indep_qiskit_5,8c7594c05053bb7af0015bd637170a669e9d39c1da6edce6a769992b6ef5c9cb,0,azizov_gnn_source_median_three_seeds,azizov_gnn_median_three_seeds,source,0.7155582859995775,0.7155582859995775,0.5892924751878299,3,predicted,
sim_common_q16_v1::vqe_indep_qiskit_5,8c7594c05053bb7af0015bd637170a669e9d39c1da6edce6a769992b6ef5c9cb,0,azizov_gnn_transpiled_median_three_seeds,azizov_gnn_median_three_seeds,transpiled,0.7155582859995775,0.7155582859995775,0.6573537457846048,3,predicted,
sim_common_q16_v1::vqe_indep_qiskit_6,58501be4f197f4efd57535977a245f6adb39216116363b46836664cd6ca29e10,2,azizov_gnn_hybrid_median_three_seeds,azizov_gnn_median_three_seeds,hybrid,0.6403484270012996,0.6403484270012996,0.6731016737955475,3,predicted,
sim_common_q16_v1::vqe_indep_qiskit_6,58501be4f197f4efd57535977a245f6adb39216116363b46836664cd6ca29e10,2,azizov_gnn_source_median_three_seeds,azizov_gnn_median_three_seeds,source,0.6403484270012996,0.6403484270012996,0.6200519778680527,3,predicted,
sim_common_q16_v1::vqe_indep_qiskit_6,58501be4f197f4efd57535977a245f6adb39216116363b46836664cd6ca29e10,2,azizov_gnn_transpiled_median_three_seeds,azizov_gnn_median_three_seeds,transpiled,0.6403484270012996,0.6403484270012996,0.708886623418966,3,predicted,
sim_common_q16_v1::vqe_indep_qiskit_7,63b92ee6c5b54da107e9016de97e2cb7768bfb970ebc025650706533e47d3caf,2,azizov_gnn_hybrid_median_three_seeds,azizov_gnn_median_three_seeds,hybrid,0.739464948001114,0.739464948001114,0.6959364698580002,3,predicted,
sim_common_q16_v1::vqe_indep_qiskit_7,63b92ee6c5b54da107e9016de97e2cb7768bfb970ebc025650706533e47d3caf,2,azizov_gnn_source_median_three_seeds,azizov_gnn_median_three_seeds,source,0.739464948001114,0.739464948001114,0.6097599952287809,3,predicted,
sim_common_q16_v1::vqe_indep_qiskit_7,63b92ee6c5b54da107e9016de97e2cb7768bfb970ebc025650706533e47d3caf,2,azizov_gnn_transpiled_median_three_seeds,azizov_gnn_median_three_seeds,transpiled,0.739464948001114,0.739464948001114,0.7678587782214719,3,predicted,
sim_common_q16_v1::vqe_indep_qiskit_8,6e066adb38de82d96650b3f806e398374e88912fd4688ab9c98f3c94dcd33e16,4,azizov_gnn_hybrid_median_three_seeds,azizov_gnn_median_three_seeds,hybrid,0.6498198089975631,0.6498198089975631,0.7054256510021397,3,predicted,
sim_common_q16_v1::vqe_indep_qiskit_8,6e066adb38de82d96650b3f806e398374e88912fd4688ab9c98f3c94dcd33e16,4,azizov_gnn_source_median_three_seeds,azizov_gnn_median_three_seeds,source,0.6498198089975631,0.6498198089975631,0.7765493890106807,3,predicted,
sim_common_q16_v1::vqe_indep_qiskit_8,6e066adb38de82d96650b3f806e398374e88912fd4688ab9c98f3c94dcd33e16,4,azizov_gnn_transpiled_median_three_seeds,azizov_gnn_median_three_seeds,transpiled,0.6498198089975631,0.6498198089975631,0.7238519055508587,3,predicted,
sim_common_q16_v1::vqe_indep_qiskit_9,bbafe35368c1a915635c383f6aaa4ec709a7c6e055550875d4de11ca0983dbb5,4,azizov_gnn_hybrid_median_three_seeds,azizov_gnn_median_three_seeds,hybrid,0.6784349429981376,0.6784349429981376,0.7636268195963057,3,predicted,
sim_common_q16_v1::vqe_indep_qiskit_9,bbafe35368c1a915635c383f6aaa4ec709a7c6e055550875d4de11ca0983dbb5,4,azizov_gnn_source_median_three_seeds,azizov_gnn_median_three_seeds,source,0.6784349429981376,0.6784349429981376,0.8129333086413054,3,predicted,
sim_common_q16_v1::vqe_indep_qiskit_9,bbafe35368c1a915635c383f6aaa4ec709a7c6e055550875d4de11ca0983dbb5,4,azizov_gnn_transpiled_median_three_seeds,azizov_gnn_median_three_seeds,transpiled,0.6784349429981376,0.6784349429981376,0.9374721456094287,3,predicted,
sim_common_q16_v1::wstate_indep_qiskit_2,75b1db396e34d1f1b234ea8dcdc253203a770cecce7f48bb8a126860723c43df,1,azizov_gnn_hybrid_median_three_seeds,azizov_gnn_median_three_seeds,hybrid,0.6422257209997042,0.6422257209997042,0.6702487932181629,3,predicted,
sim_common_q16_v1::wstate_indep_qiskit_2,75b1db396e34d1f1b234ea8dcdc253203a770cecce7f48bb8a126860723c43df,1,azizov_gnn_source_median_three_seeds,azizov_gnn_median_three_seeds,source,0.6422257209997042,0.6422257209997042,0.6827357791722029,3,predicted,
sim_common_q16_v1::wstate_indep_qiskit_2,75b1db396e34d1f1b234ea8dcdc253203a770cecce7f48bb8a126860723c43df,1,azizov_gnn_transpiled_median_three_seeds,azizov_gnn_median_three_seeds,transpiled,0.6422257209997042,0.6422257209997042,0.6660695521764444,3,predicted,
sim_common_q16_v1::wstate_indep_qiskit_3,50a5fc62010017f60b77f8c81e9ddf9bd95419be272d2ec5ed1445aae0c7ac92,3,azizov_gnn_hybrid_median_three_seeds,azizov_gnn_median_three_seeds,hybrid,0.6512624009992578,0.6512624009992578,0.6608532735508346,3,predicted,
sim_common_q16_v1::wstate_indep_qiskit_3,50a5fc62010017f60b77f8c81e9ddf9bd95419be272d2ec5ed1445aae0c7ac92,3,azizov_gnn_source_median_three_seeds,azizov_gnn_median_three_seeds,source,0.6512624009992578,0.6512624009992578,0.6545695320683986,3,predicted,
sim_common_q16_v1::wstate_indep_qiskit_3,50a5fc62010017f60b77f8c81e9ddf9bd95419be272d2ec5ed1445aae0c7ac92,3,azizov_gnn_transpiled_median_three_seeds,azizov_gnn_median_three_seeds,transpiled,0.6512624009992578,0.6512624009992578,0.6009781098360194,3,predicted,
sim_common_q16_v1::wstate_indep_qiskit_4,387f2f6f12a10e034ae5b68c11336a9874e87f20871579eec585bfd7311f38c8,4,azizov_gnn_hybrid_median_three_seeds,azizov_gnn_median_three_seeds,hybrid,0.629814787000214,0.629814787000214,0.6415459169412764,3,predicted,
sim_common_q16_v1::wstate_indep_qiskit_4,387f2f6f12a10e034ae5b68c11336a9874e87f20871579eec585bfd7311f38c8,4,azizov_gnn_source_median_three_seeds,azizov_gnn_median_three_seeds,source,0.629814787000214,0.629814787000214,0.7112041292417841,3,predicted,
sim_common_q16_v1::wstate_indep_qiskit_4,387f2f6f12a10e034ae5b68c11336a9874e87f20871579eec585bfd7311f38c8,4,azizov_gnn_transpiled_median_three_seeds,azizov_gnn_median_three_seeds,transpiled,0.629814787000214,0.629814787000214,0.5525011691085858,3,predicted,
sim_common_q16_v1::wstate_indep_qiskit_5,dc97062e3adcbcaf813cae5e970c8a0357a239b8d4a09e77a4e3e4625532d209,1,azizov_gnn_hybrid_median_three_seeds,azizov_gnn_median_three_seeds,hybrid,0.6107438010003534,0.6107438010003534,0.6801434474990762,3,predicted,
sim_common_q16_v1::wstate_indep_qiskit_5,dc97062e3adcbcaf813cae5e970c8a0357a239b8d4a09e77a4e3e4625532d209,1,azizov_gnn_source_median_three_seeds,azizov_gnn_median_three_seeds,source,0.6107438010003534,0.6107438010003534,0.7133213390275963,3,predicted,
sim_common_q16_v1::wstate_indep_qiskit_5,dc97062e3adcbcaf813cae5e970c8a0357a239b8d4a09e77a4e3e4625532d209,1,azizov_gnn_transpiled_median_three_seeds,azizov_gnn_median_three_seeds,transpiled,0.6107438010003534,0.6107438010003534,0.6556796755193881,3,predicted,
sim_common_q16_v1::wstate_indep_qiskit_6,dbfb4dd8bf80cda30461759a3169ec60ac535a27409cf938f691179c6a121ebd,0,azizov_gnn_hybrid_median_three_seeds,azizov_gnn_median_three_seeds,hybrid,0.7103313010011334,0.7103313010011334,0.637916360608922,3,predicted,
sim_common_q16_v1::wstate_indep_qiskit_6,dbfb4dd8bf80cda30461759a3169ec60ac535a27409cf938f691179c6a121ebd,0,azizov_gnn_source_median_three_seeds,azizov_gnn_median_three_seeds,source,0.7103313010011334,0.7103313010011334,0.6287167944480413,3,predicted,
sim_common_q16_v1::wstate_indep_qiskit_6,dbfb4dd8bf80cda30461759a3169ec60ac535a27409cf938f691179c6a121ebd,0,azizov_gnn_transpiled_median_three_seeds,azizov_gnn_median_three_seeds,transpiled,0.7103313010011334,0.7103313010011334,0.6622494855308435,3,predicted,
sim_common_q16_v1::wstate_indep_qiskit_7,1dab21c93a580f711efff03a0f4a1d82985cf201219e886ab246e03a9011735c,1,azizov_gnn_hybrid_median_three_seeds,azizov_gnn_median_three_seeds,hybrid,0.6361640809991513,0.6361640809991513,0.6859344376839274,3,predicted,
sim_common_q16_v1::wstate_indep_qiskit_7,1dab21c93a580f711efff03a0f4a1d82985cf201219e886ab246e03a9011735c,1,azizov_gnn_source_median_three_seeds,azizov_gnn_median_three_seeds,source,0.6361640809991513,0.6361640809991513,0.7116719455225404,3,predicted,
sim_common_q16_v1::wstate_indep_qiskit_7,1dab21c93a580f711efff03a0f4a1d82985cf201219e886ab246e03a9011735c,1,azizov_gnn_transpiled_median_three_seeds,azizov_gnn_median_three_seeds,transpiled,0.6361640809991513,0.6361640809991513,0.7169337216784761,3,predicted,
sim_common_q16_v1::wstate_indep_qiskit_8,e2fba21685e6e7d22d625d8babcc9c51a8911815153e52fc89277e0efe117045,3,azizov_gnn_hybrid_median_three_seeds,azizov_gnn_median_three_seeds,hybrid,0.7347158170014154,0.7347158170014154,0.6721810699219464,3,predicted,
sim_common_q16_v1::wstate_indep_qiskit_8,e2fba21685e6e7d22d625d8babcc9c51a8911815153e52fc89277e0efe117045,3,azizov_gnn_source_median_three_seeds,azizov_gnn_median_three_seeds,source,0.7347158170014154,0.7347158170014154,0.6653161925427596,3,predicted,
sim_common_q16_v1::wstate_indep_qiskit_8,e2fba21685e6e7d22d625d8babcc9c51a8911815153e52fc89277e0efe117045,3,azizov_gnn_transpiled_median_three_seeds,azizov_gnn_median_three_seeds,transpiled,0.7347158170014154,0.7347158170014154,0.6695748451224759,3,predicted,
sim_common_q16_v1::wstate_indep_qiskit_9,84c07c56eef046e3c72823b20fb674075b1ab68a85dc6a06baf7f35983e2bd17,2,azizov_gnn_hybrid_median_three_seeds,azizov_gnn_median_three_seeds,hybrid,0.6752045199973509,0.6752045199973509,0.8089191439637755,3,predicted,
sim_common_q16_v1::wstate_indep_qiskit_9,84c07c56eef046e3c72823b20fb674075b1ab68a85dc6a06baf7f35983e2bd17,2,azizov_gnn_source_median_three_seeds,azizov_gnn_median_three_seeds,source,0.6752045199973509,0.6752045199973509,0.7141552651821088,3,predicted,
sim_common_q16_v1::wstate_indep_qiskit_9,84c07c56eef046e3c72823b20fb674075b1ab68a85dc6a06baf7f35983e2bd17,2,azizov_gnn_transpiled_median_three_seeds,azizov_gnn_median_three_seeds,transpiled,0.6752045199973509,0.6752045199973509,0.9650399035425096,3,predicted,
