circuit_id,family,source_file,source_sha256,backend_class,backend_name,optimization_level,shots,seed_transpiler,seed_simulator,logical_width,logical_depth,logical_ops,logical_two_qubit_ops,physical_width,physical_depth,physical_ops,physical_two_qubit_ops,swap_count,dag_node_count,t_transpile_s,t_first_exec_s,t_exec_s,t_total_s,session_id,repetition,warmup_count,observation_kind,status,error
ae_indep_qiskit_2,ae,data/quantum_circuits/ae_indep_qiskit_2.qasm,de56c0798eca25bd1510d4d10f11e996f0bad2a11ce94a265da0635c161cbcae,FakeSherbrooke,fake_sherbrooke,1,1024,1234,1234,2,6,10,2,127,14,20,2,0,20,0.12321284900099272,0.7311467510007787,0.6152557549976336,0.7384686039986263,session-1,0,3,raw_repetition,ok,
ae_indep_qiskit_2,ae,data/quantum_circuits/ae_indep_qiskit_2.qasm,de56c0798eca25bd1510d4d10f11e996f0bad2a11ce94a265da0635c161cbcae,FakeSherbrooke,fake_sherbrooke,1,1024,1234,1234,2,6,10,2,127,14,20,2,0,20,,,0.7293769210009486,0.8525897700019414,session-1,1,3,raw_repetition,ok,
ae_indep_qiskit_2,ae,data/quantum_circuits/ae_indep_qiskit_2.qasm,de56c0798eca25bd1510d4d10f11e996f0bad2a11ce94a265da0635c161cbcae,FakeSherbrooke,fake_sherbrooke,1,1024,1234,1234,2,6,10,2,127,14,20,2,0,20,,,0.6133365999994567,0.7365494490004494,session-1,2,3,raw_repetition,ok,
ae_indep_qiskit_2,ae,data/quantum_circuits/ae_indep_qiskit_2.qasm,de56c0798eca25bd1510d4d10f11e996f0bad2a11ce94a265da0635c161cbcae,FakeSherbrooke,fake_sherbrooke,1,1024,1234,1234,2,6,10,2,127,14,20,2,0,20,,,0.7239557489992876,0.8471685980002803,session-1,3,3,raw_repetition,ok,
ae_indep_qiskit_2,ae,data/quantum_circuits/ae_indep_qiskit_2.qasm,de56c0798eca25bd1510d4d10f11e996f0bad2a11ce94a265da0635c161cbcae,FakeSherbrooke,fake_sherbrooke,1,1024,1234,1234,2,6,10,2,127,14,20,2,0,20,,,0.6078821580013027,0.7310950070022955,session-1,4,3,raw_repetition,ok,
ae_indep_qiskit_3,ae,data/quantum_circuits/ae_indep_qiskit_3.qasm,6b2f9fea850557b40ca9b69341ec300b1c4fe1f4bf53e94436af2ba1586bac62,FakeSherbrooke,fake_sherbrooke,1,1024,1234,1234,3,12,18,4,127,35,62,9,0,62,0.0383969270005764,0.7223579390010855,0.6433725540009618,0.6817694810015382,session-1,0,3,raw_repetition,ok,
ae_indep_qiskit_3,ae,data/quantum_circuits/ae_indep_qiskit_3.qasm,6b2f9fea850557b40ca9b69341ec300b1c4fe1f4bf53e94436af2ba1586bac62,FakeSherbrooke,fake_sherbrooke,1,1024,1234,1234,3,12,18,4,127,35,62,9,0,62,,,0.6305821999994805,0.6689791270000569,session-1,1,3,raw_repetition,ok,
ae_indep_qiskit_3,ae,data/quantum_circuits/ae_indep_qiskit_3.qasm,6b2f9fea850557b40ca9b69341ec300b1c4fe1f4bf53e94436af2ba1586bac62,FakeSherbrooke,fake_sherbrooke,1,1024,1234,1234,3,12,18,4,127,35,62,9,0,62,,,0.7373580040002707,0.7757549310008471,session-1,2,3,raw_repetition,ok,
ae_indep_qiskit_3,ae,data/quantum_circuits/ae_indep_qiskit_3.qasm,6b2f9fea850557b40ca9b69341ec300b1c4fe1f4bf53e94436af2ba1586bac62,FakeSherbrooke,fake_sherbrooke,1,1024,1234,1234,3,12,18,4,127,35,62,9,0,62,,,0.6324521900023683,0.6708491170029447,session-1,3,3,raw_repetition,ok,
ae_indep_qiskit_3,ae,data/quantum_circuits/ae_indep_qiskit_3.qasm,6b2f9fea850557b40ca9b69341ec300b1c4fe1f4bf53e94436af2ba1586bac62,FakeSherbrooke,fake_sherbrooke,1,1024,1234,1234,3,12,18,4,127,35,62,9,0,62,,,0.626219724999828,0.6646166520004044,session-1,4,3,raw_repetition,ok,
ae_indep_qiskit_4,ae,data/quantum_circuits/ae_indep_qiskit_4.qasm,9b4261e2d98678946a9aefea16ba9b8abcae8409f8589f8fb3daa941694f88c6,FakeSherbrooke,fake_sherbrooke,1,1024,1234,1234,4,18,27,6,127,82,125,18,0,125,0.055450438001571456,0.7358267160016112,0.7500112230009108,0.8054616610024823,session-1,0,3,raw_repetition,ok,
ae_indep_qiskit_4,ae,data/quantum_circuits/ae_indep_qiskit_4.qasm,9b4261e2d98678946a9aefea16ba9b8abcae8409f8589f8fb3daa941694f88c6,FakeSherbrooke,fake_sherbrooke,1,1024,1234,1234,4,18,27,6,127,82,125,18,0,125,,,0.7356573210017814,0.7911077590033528,session-1,1,3,raw_repetition,ok,
ae_indep_qiskit_4,ae,data/quantum_circuits/ae_indep_qiskit_4.qasm,9b4261e2d98678946a9aefea16ba9b8abcae8409f8589f8fb3daa941694f88c6,FakeSherbrooke,fake_sherbrooke,1,1024,1234,1234,4,18,27,6,127,82,125,18,0,125,,,0.6104528010000649,0.6659032390016364,session-1,2,3,raw_repetition,ok,
ae_indep_qiskit_4,ae,data/quantum_circuits/ae_indep_qiskit_4.qasm,9b4261e2d98678946a9aefea16ba9b8abcae8409f8589f8fb3daa941694f88c6,FakeSherbrooke,fake_sherbrooke,1,1024,1234,1234,4,18,27,6,127,82,125,18,0,125,,,0.6032744299991464,0.6587248680007178,session-1,3,3,raw_repetition,ok,
ae_indep_qiskit_4,ae,data/quantum_circuits/ae_indep_qiskit_4.qasm,9b4261e2d98678946a9aefea16ba9b8abcae8409f8589f8fb3daa941694f88c6,FakeSherbrooke,fake_sherbrooke,1,1024,1234,1234,4,18,27,6,127,82,125,18,0,125,,,0.7199666179985797,0.7754170560001512,session-1,4,3,raw_repetition,ok,
ae_indep_qiskit_5,ae,data/quantum_circuits/ae_indep_qiskit_5.qasm,8e4821df72704634cb81ea4d738477a8d596a49cba641e6198fdc9970e1d5d2f,FakeSherbrooke,fake_sherbrooke,1,1024,1234,1234,5,24,37,8,127,130,205,32,0,205,0.054298187998938374,0.6326458260009531,0.6394707610015757,0.6937689490005141,session-1,0,3,raw_repetition,ok,
ae_indep_qiskit_5,ae,data/quantum_circuits/ae_indep_qiskit_5.qasm,8e4821df72704634cb81ea4d738477a8d596a49cba641e6198fdc9970e1d5d2f,FakeSherbrooke,fake_sherbrooke,1,1024,1234,1234,5,24,37,8,127,130,205,32,0,205,,,0.6355420350009808,0.6898402229999192,session-1,1,3,raw_repetition,ok,
ae_indep_qiskit_5,ae,data/quantum_circuits/ae_indep_qiskit_5.qasm,8e4821df72704634cb81ea4d738477a8d596a49cba641e6198fdc9970e1d5d2f,FakeSherbrooke,fake_sherbrooke,1,1024,1234,1234,5,24,37,8,127,130,205,32,0,205,,,0.760055607999675,0.8143537959986134,session-1,2,3,raw_repetition,ok,
ae_indep_qiskit_5,ae,data/quantum_circuits/ae_indep_qiskit_5.qasm,8e4821df72704634cb81ea4d738477a8d596a49cba641e6198fdc9970e1d5d2f,FakeSherbrooke,fake_sherbrooke,1,1024,1234,1234,5,24,37,8,127,130,205,32,0,205,,,0.6252266179981234,0.6795248059970618,session-1,3,3,raw_repetition,ok,
ae_indep_qiskit_5,ae,data/quantum_circuits/ae_indep_qiskit_5.qasm,8e4821df72704634cb81ea4d738477a8d596a49cba641e6198fdc9970e1d5d2f,FakeSherbrooke,fake_sherbrooke,1,1024,1234,1234,5,24,37,8,127,130,205,32,0,205,,,0.6249120680004125,0.6792102559993509,session-1,4,3,raw_repetition,ok,
ae_indep_qiskit_6,ae,data/quantum_circuits/ae_indep_qiskit_6.qasm,585424315575b559a664523f6ce6236189739069b3872eea4ccdb995a29f8701,FakeSherbrooke,fake_sherbrooke,1,1024,1234,1234,6,30,48,10,127,187,317,51,0,317,0.05724507300328696,0.7379063190019224,0.6135807690006914,0.6708258420039783,session-1,0,3,raw_repetition,ok,
ae_indep_qiskit_6,ae,data/quantum_circuits/ae_indep_qiskit_6.qasm,585424315575b559a664523f6ce6236189739069b3872eea4ccdb995a29f8701,FakeSherbrooke,fake_sherbrooke,1,1024,1234,1234,6,30,48,10,127,187,317,51,0,317,,,0.7248032429997693,0.7820483160030562,session-1,1,3,raw_repetition,ok,
ae_indep_qiskit_6,ae,data/quantum_circuits/ae_indep_qiskit_6.qasm,585424315575b559a664523f6ce6236189739069b3872eea4ccdb995a29f8701,FakeSherbrooke,fake_sherbrooke,1,1024,1234,1234,6,30,48,10,127,187,317,51,0,317,,,0.6136847490015498,0.6709298220048368,session-1,2,3,raw_repetition,ok,
ae_indep_qiskit_6,ae,data/quantum_circuits/ae_indep_qiskit_6.qasm,585424315575b559a664523f6ce6236189739069b3872eea4ccdb995a29f8701,FakeSherbrooke,fake_sherbrooke,1,1024,1234,1234,6,30,48,10,127,187,317,51,0,317,,,0.724217344999488,0.7814624180027749,session-1,3,3,raw_repetition,ok,
ae_indep_qiskit_6,ae,data/quantum_circuits/ae_indep_qiskit_6.qasm,585424315575b559a664523f6ce6236189739069b3872eea4ccdb995a29f8701,FakeSherbrooke,fake_sherbrooke,1,1024,1234,1234,6,30,48,10,127,187,317,51,0,317,,,0.6074385169995367,0.6646835900028236,session-1,4,3,raw_repetition,ok,
ae_indep_qiskit_7,ae,data/quantum_circuits/ae_indep_qiskit_7.qasm,a70c5b796698f145c5992d324b3a0b5e28eb7301e6f306652a316a55c68f1ae8,FakeSherbrooke,fake_sherbrooke,1,1024,1234,1234,7,36,60,12,127,268,491,81,0,491,0.07249887400030275,0.7655679050003528,0.7737559380002494,0.8462548120005522,session-1,0,3,raw_repetition,ok,
ae_indep_qiskit_7,ae,data/quantum_circuits/ae_indep_qiskit_7.qasm,a70c5b796698f145c5992d324b3a0b5e28eb7301e6f306652a316a55c68f1ae8,FakeSherbrooke,fake_sherbrooke,1,1024,1234,1234,7,36,60,12,127,268,491,81,0,491,,,0.6552468919981038,0.7277457659984066,session-1,1,3,raw_repetition,ok,
ae_indep_qiskit_7,ae,data/quantum_circuits/ae_indep_qiskit_7.qasm,a70c5b796698f145c5992d324b3a0b5e28eb7301e6f306652a316a55c68f1ae8,FakeSherbrooke,fake_sherbrooke,1,1024,1234,1234,7,36,60,12,127,268,491,81,0,491,,,0.7774472759992932,0.849946149999596,session-1,2,3,raw_repetition,ok,
ae_indep_qiskit_7,ae,data/quantum_circuits/ae_indep_qiskit_7.qasm,a70c5b796698f145c5992d324b3a0b5e28eb7301e6f306652a316a55c68f1ae8,FakeSherbrooke,fake_sherbrooke,1,1024,1234,1234,7,36,60,12,127,268,491,81,0,491,,,0.659396631999698,0.7318955060000008,session-1,3,3,raw_repetition,ok,
ae_indep_qiskit_7,ae,data/quantum_circuits/ae_indep_qiskit_7.qasm,a70c5b796698f145c5992d324b3a0b5e28eb7301e6f306652a316a55c68f1ae8,FakeSherbrooke,fake_sherbrooke,1,1024,1234,1234,7,36,60,12,127,268,491,81,0,491,,,0.6547611579990189,0.7272600319993217,session-1,4,3,raw_repetition,ok,
ae_indep_qiskit_8,ae,data/quantum_circuits/ae_indep_qiskit_8.qasm,78d3420407751ab52a65abe926510d585ebd3a5d1934ac31c13b28eca5c5ee8a,FakeSherbrooke,fake_sherbrooke,1,1024,1234,1234,8,42,73,14,127,347,685,110,0,685,0.07948125699840602,0.7554696090010111,0.7799082359997556,0.8593894929981616,session-1,0,3,raw_repetition,ok,
ae_indep_qiskit_8,ae,data/quantum_circuits/ae_indep_qiskit_8.qasm,78d3420407751ab52a65abe926510d585ebd3a5d1934ac31c13b28eca5c5ee8a,FakeSherbrooke,fake_sherbrooke,1,1024,1234,1234,8,42,73,14,127,347,685,110,0,685,,,0.7626127499970607,0.8420940069954668,session-1,1,3,raw_repetition,ok,
ae_indep_qiskit_8,ae,data/quantum_circuits/ae_indep_qiskit_8.qasm,78d3420407751ab52a65abe926510d585ebd3a5d1934ac31c13b28eca5c5ee8a,FakeSherbrooke,fake_sherbrooke,1,1024,1234,1234,8,42,73,14,127,347,685,110,0,685,,,0.6455652650001866,0.7250465219985927,session-1,2,3,raw_repetition,ok,
ae_indep_qiskit_8,ae,data/quantum_circuits/ae_indep_qiskit_8.qasm,78d3420407751ab52a65abe926510d585ebd3a5d1934ac31c13b28eca5c5ee8a,FakeSherbrooke,fake_sherbrooke,1,1024,1234,1234,8,42,73,14,127,347,685,110,0,685,,,0.6592570800021349,0.7387383370005409,session-1,3,3,raw_repetition,ok,
ae_indep_qiskit_8,ae,data/quantum_circuits/ae_indep_qiskit_8.qasm,78d3420407751ab52a65abe926510d585ebd3a5d1934ac31c13b28eca5c5ee8a,FakeSherbrooke,fake_sherbrooke,1,1024,1234,1234,8,42,73,14,127,347,685,110,0,685,,,0.7820136139998795,0.8614948709982855,session-1,4,3,raw_repetition,ok,
ae_indep_qiskit_9,ae,data/quantum_circuits/ae_indep_qiskit_9.qasm,78ecec267502f433ab148452979221600becf679520b50ad454009e0ca097af5,FakeSherbrooke,fake_sherbrooke,1,1024,1234,1234,9,48,87,16,127,407,920,150,0,920,0.09843211300176335,0.7152759130003687,0.8260817150003277,0.924513828002091,session-1,0,3,raw_repetition,ok,
ae_indep_qiskit_9,ae,data/quantum_circuits/ae_indep_qiskit_9.qasm,78ecec267502f433ab148452979221600becf679520b50ad454009e0ca097af5,FakeSherbrooke,fake_sherbrooke,1,1024,1234,1234,9,48,87,16,127,407,920,150,0,920,,,0.8416154890001053,0.9400476020018687,session-1,1,3,raw_repetition,ok,
ae_indep_qiskit_9,ae,data/quantum_circuits/ae_indep_qiskit_9.qasm,78ecec267502f433ab148452979221600becf679520b50ad454009e0ca097af5,FakeSherbrooke,fake_sherbrooke,1,1024,1234,1234,9,48,87,16,127,407,920,150,0,920,,,0.7190910860008444,0.8175231990026077,session-1,2,3,raw_repetition,ok,
ae_indep_qiskit_9,ae,data/quantum_circuits/ae_indep_qiskit_9.qasm,78ecec267502f433ab148452979221600becf679520b50ad454009e0ca097af5,FakeSherbrooke,fake_sherbrooke,1,1024,1234,1234,9,48,87,16,127,407,920,150,0,920,,,0.7325828629982425,0.8310149760000058,session-1,3,3,raw_repetition,ok,
ae_indep_qiskit_9,ae,data/quantum_circuits/ae_indep_qiskit_9.qasm,78ecec267502f433ab148452979221600becf679520b50ad454009e0ca097af5,FakeSherbrooke,fake_sherbrooke,1,1024,1234,1234,9,48,87,16,127,407,920,150,0,920,,,0.8421828169994114,0.9406149300011748,session-1,4,3,raw_repetition,ok,
dj_indep_qiskit_2,dj,data/quantum_circuits/dj_indep_qiskit_2.qasm,242786b0f7d73c715a317cbdc0725596836f08d98ecd6eb06b3b4ac4f3f563fb,FakeSherbrooke,fake_sherbrooke,1,1024,1234,1234,2,4,6,1,127,6,8,1,0,8,0.0157232120000117,0.6302218580021872,0.7173499700002139,0.7330731820002256,session-1,0,3,raw_repetition,ok,
dj_indep_qiskit_2,dj,data/quantum_circuits/dj_indep_qiskit_2.qasm,242786b0f7d73c715a317cbdc0725596836f08d98ecd6eb06b3b4ac4f3f563fb,FakeSherbrooke,fake_sherbrooke,1,1024,1234,1234,2,4,6,1,127,6,8,1,0,8,,,0.7493229740030074,0.7650461860030191,session-1,1,3,raw_repetition,ok,
dj_indep_qiskit_2,dj,data/quantum_circuits/dj_indep_qiskit_2.qasm,242786b0f7d73c715a317cbdc0725596836f08d98ecd6eb06b3b4ac4f3f563fb,FakeSherbrooke,fake_sherbrooke,1,1024,1234,1234,2,4,6,1,127,6,8,1,0,8,,,0.6034727559999737,0.6191959679999854,session-1,2,3,raw_repetition,ok,
dj_indep_qiskit_2,dj,data/quantum_circuits/dj_indep_qiskit_2.qasm,242786b0f7d73c715a317cbdc0725596836f08d98ecd6eb06b3b4ac4f3f563fb,FakeSherbrooke,fake_sherbrooke,1,1024,1234,1234,2,4,6,1,127,6,8,1,0,8,,,0.6217546139996557,0.6374778259996674,session-1,3,3,raw_repetition,ok,
dj_indep_qiskit_2,dj,data/quantum_circuits/dj_indep_qiskit_2.qasm,242786b0f7d73c715a317cbdc0725596836f08d98ecd6eb06b3b4ac4f3f563fb,FakeSherbrooke,fake_sherbrooke,1,1024,1234,1234,2,4,6,1,127,6,8,1,0,8,,,0.7418329450010788,0.7575561570010905,session-1,4,3,raw_repetition,ok,
dj_indep_qiskit_3,dj,data/quantum_circuits/dj_indep_qiskit_3.qasm,bc8cb33a3a242fb3ab35191a36313674faaca8fe1839cfa05d79788052424d1d,FakeSherbrooke,fake_sherbrooke,1,1024,1234,1234,3,5,10,2,127,9,14,2,0,14,0.018875723999371985,0.601204560000042,0.6025249640006223,0.6214006879999943,session-1,0,3,raw_repetition,ok,
dj_indep_qiskit_3,dj,data/quantum_circuits/dj_indep_qiskit_3.qasm,bc8cb33a3a242fb3ab35191a36313674faaca8fe1839cfa05d79788052424d1d,FakeSherbrooke,fake_sherbrooke,1,1024,1234,1234,3,5,10,2,127,9,14,2,0,14,,,0.7207235479982046,0.7395992719975766,session-1,1,3,raw_repetition,ok,
dj_indep_qiskit_3,dj,data/quantum_circuits/dj_indep_qiskit_3.qasm,bc8cb33a3a242fb3ab35191a36313674faaca8fe1839cfa05d79788052424d1d,FakeSherbrooke,fake_sherbrooke,1,1024,1234,1234,3,5,10,2,127,9,14,2,0,14,,,0.6067493680020561,0.6256250920014281,session-1,2,3,raw_repetition,ok,
dj_indep_qiskit_3,dj,data/quantum_circuits/dj_indep_qiskit_3.qasm,bc8cb33a3a242fb3ab35191a36313674faaca8fe1839cfa05d79788052424d1d,FakeSherbrooke,fake_sherbrooke,1,1024,1234,1234,3,5,10,2,127,9,14,2,0,14,,,0.6826407049993577,0.7015164289987297,session-1,3,3,raw_repetition,ok,
dj_indep_qiskit_3,dj,data/quantum_circuits/dj_indep_qiskit_3.qasm,bc8cb33a3a242fb3ab35191a36313674faaca8fe1839cfa05d79788052424d1d,FakeSherbrooke,fake_sherbrooke,1,1024,1234,1234,3,5,10,2,127,9,14,2,0,14,,,0.7058766640002432,0.7247523879996152,session-1,4,3,raw_repetition,ok,
dj_indep_qiskit_4,dj,data/quantum_circuits/dj_indep_qiskit_4.qasm,3e4560adf43b5c5102bf22f235abcb9dd2ed5e34930cdb929a128226f96e4ea5,FakeSherbrooke,fake_sherbrooke,1,1024,1234,1234,4,6,14,3,127,15,26,3,0,26,0.01990391700019245,0.6005086690020107,0.7103415609999502,0.7302454780001426,session-1,0,3,raw_repetition,ok,
dj_indep_qiskit_4,dj,data/quantum_circuits/dj_indep_qiskit_4.qasm,3e4560adf43b5c5102bf22f235abcb9dd2ed5e34930cdb929a128226f96e4ea5,FakeSherbrooke,fake_sherbrooke,1,1024,1234,1234,4,6,14,3,127,15,26,3,0,26,,,0.6125353499992343,0.6324392669994268,session-1,1,3,raw_repetition,ok,
dj_indep_qiskit_4,dj,data/quantum_circuits/dj_indep_qiskit_4.qasm,3e4560adf43b5c5102bf22f235abcb9dd2ed5e34930cdb929a128226f96e4ea5,FakeSherbrooke,fake_sherbrooke,1,1024,1234,1234,4,6,14,3,127,15,26,3,0,26,,,0.5920118760004698,0.6119157930006622,session-1,2,3,raw_repetition,ok,
dj_indep_qiskit_4,dj,data/quantum_circuits/dj_indep_qiskit_4.qasm,3e4560adf43b5c5102bf22f235abcb9dd2ed5e34930cdb929a128226f96e4ea5,FakeSherbrooke,fake_sherbrooke,1,1024,1234,1234,4,6,14,3,127,15,26,3,0,26,,,0.7056824139981472,0.7255863309983397,session-1,3,3,raw_repetition,ok,
dj_indep_qiskit_4,dj,data/quantum_circuits/dj_indep_qiskit_4.qasm,3e4560adf43b5c5102bf22f235abcb9dd2ed5e34930cdb929a128226f96e4ea5,FakeSherbrooke,fake_sherbrooke,1,1024,1234,1234,4,6,14,3,127,15,26,3,0,26,,,0.5997617579996586,0.619665674999851,session-1,4,3,raw_repetition,ok,
dj_indep_qiskit_5,dj,data/quantum_circuits/dj_indep_qiskit_5.qasm,f12c9439f3dfce19e2f161aed74fdafb33146528cdb8524425608579de8b6741,FakeSherbrooke,fake_sherbrooke,1,1024,1234,1234,5,7,18,4,127,28,51,7,0,51,0.04075116699823411,0.6929538320000574,0.7163153479996254,0.7570665149978595,session-1,0,3,raw_repetition,ok,
dj_indep_qiskit_5,dj,data/quantum_circuits/dj_indep_qiskit_5.qasm,f12c9439f3dfce19e2f161aed74fdafb33146528cdb8524425608579de8b6741,FakeSherbrooke,fake_sherbrooke,1,1024,1234,1234,5,7,18,4,127,28,51,7,0,51,,,0.5995085399990785,0.6402597069973126,session-1,1,3,raw_repetition,ok,
dj_indep_qiskit_5,dj,data/quantum_circuits/dj_indep_qiskit_5.qasm,f12c9439f3dfce19e2f161aed74fdafb33146528cdb8524425608579de8b6741,FakeSherbrooke,fake_sherbrooke,1,1024,1234,1234,5,7,18,4,127,28,51,7,0,51,,,0.7226844659999188,0.7634356329981529,session-1,2,3,raw_repetition,ok,
dj_indep_qiskit_5,dj,data/quantum_circuits/dj_indep_qiskit_5.qasm,f12c9439f3dfce19e2f161aed74fdafb33146528cdb8524425608579de8b6741,FakeSherbrooke,fake_sherbrooke,1,1024,1234,1234,5,7,18,4,127,28,51,7,0,51,,,0.6235685120009293,0.6643196789991634,session-1,3,3,raw_repetition,ok,
dj_indep_qiskit_5,dj,data/quantum_circuits/dj_indep_qiskit_5.qasm,f12c9439f3dfce19e2f161aed74fdafb33146528cdb8524425608579de8b6741,FakeSherbrooke,fake_sherbrooke,1,1024,1234,1234,5,7,18,4,127,28,51,7,0,51,,,0.6157485889998497,0.6564997559980839,session-1,4,3,raw_repetition,ok,
dj_indep_qiskit_6,dj,data/quantum_circuits/dj_indep_qiskit_6.qasm,b5736e26e119a619b687dcc0cf8065475e3805bc0c6180b480e0e36badc289db,FakeSherbrooke,fake_sherbrooke,1,1024,1234,1234,6,8,22,5,127,52,113,17,0,113,0.16432439600248472,0.6271709370012104,0.7397449019990745,0.9040692980015592,session-1,0,3,raw_repetition,ok,
dj_indep_qiskit_6,dj,data/quantum_circuits/dj_indep_qiskit_6.qasm,b5736e26e119a619b687dcc0cf8065475e3805bc0c6180b480e0e36badc289db,FakeSherbrooke,fake_sherbrooke,1,1024,1234,1234,6,8,22,5,127,52,113,17,0,113,,,0.6178152620013861,0.7821396580038709,session-1,1,3,raw_repetition,ok,
dj_indep_qiskit_6,dj,data/quantum_circuits/dj_indep_qiskit_6.qasm,b5736e26e119a619b687dcc0cf8065475e3805bc0c6180b480e0e36badc289db,FakeSherbrooke,fake_sherbrooke,1,1024,1234,1234,6,8,22,5,127,52,113,17,0,113,,,0.748491673002718,0.9128160690052027,session-1,2,3,raw_repetition,ok,
dj_indep_qiskit_6,dj,data/quantum_circuits/dj_indep_qiskit_6.qasm,b5736e26e119a619b687dcc0cf8065475e3805bc0c6180b480e0e36badc289db,FakeSherbrooke,fake_sherbrooke,1,1024,1234,1234,6,8,22,5,127,52,113,17,0,113,,,0.7678375680006866,0.9321619640031713,session-1,3,3,raw_repetition,ok,
dj_indep_qiskit_6,dj,data/quantum_circuits/dj_indep_qiskit_6.qasm,b5736e26e119a619b687dcc0cf8065475e3805bc0c6180b480e0e36badc289db,FakeSherbrooke,fake_sherbrooke,1,1024,1234,1234,6,8,22,5,127,52,113,17,0,113,,,0.6223806850030087,0.7867050810054934,session-1,4,3,raw_repetition,ok,
dj_indep_qiskit_7,dj,data/quantum_circuits/dj_indep_qiskit_7.qasm,9fc54c185186ff8c504ebdac4e3fa109beb4cf46f86196a3376b3153a7f72962,FakeSherbrooke,fake_sherbrooke,1,1024,1234,1234,7,9,26,6,127,62,121,18,0,121,0.03991898499953095,0.6132651320003788,0.602586994999001,0.642505979998532,session-1,0,3,raw_repetition,ok,
dj_indep_qiskit_7,dj,data/quantum_circuits/dj_indep_qiskit_7.qasm,9fc54c185186ff8c504ebdac4e3fa109beb4cf46f86196a3376b3153a7f72962,FakeSherbrooke,fake_sherbrooke,1,1024,1234,1234,7,9,26,6,127,62,121,18,0,121,,,0.7265302939995308,0.7664492789990618,session-1,1,3,raw_repetition,ok,
dj_indep_qiskit_7,dj,data/quantum_circuits/dj_indep_qiskit_7.qasm,9fc54c185186ff8c504ebdac4e3fa109beb4cf46f86196a3376b3153a7f72962,FakeSherbrooke,fake_sherbrooke,1,1024,1234,1234,7,9,26,6,127,62,121,18,0,121,,,0.6214588910006569,0.6613778760001878,session-1,2,3,raw_repetition,ok,
dj_indep_qiskit_7,dj,data/quantum_circuits/dj_indep_qiskit_7.qasm,9fc54c185186ff8c504ebdac4e3fa109beb4cf46f86196a3376b3153a7f72962,FakeSherbrooke,fake_sherbrooke,1,1024,1234,1234,7,9,26,6,127,62,121,18,0,121,,,0.7657143609976629,0.8056333459971938,session-1,3,3,raw_repetition,ok,
dj_indep_qiskit_7,dj,data/quantum_circuits/dj_indep_qiskit_7.qasm,9fc54c185186ff8c504ebdac4e3fa109beb4cf46f86196a3376b3153a7f72962,FakeSherbrooke,fake_sherbrooke,1,1024,1234,1234,7,9,26,6,127,62,121,18,0,121,,,0.6331732480030041,0.6730922330025351,session-1,4,3,raw_repetition,ok,
dj_indep_qiskit_9,dj,data/quantum_circuits/dj_indep_qiskit_9.qasm,db0e077b1674f90860a270d014aa8226822880dbf36c819dad0bea17881b7eb5,FakeSherbrooke,fake_sherbrooke,1,1024,1234,1234,9,11,34,8,127,83,150,23,0,150,0.04520340599992778,0.6243887899981928,0.6359870699998282,0.681190475999756,session-1,0,3,raw_repetition,ok,
dj_indep_qiskit_9,dj,data/quantum_circuits/dj_indep_qiskit_9.qasm,db0e077b1674f90860a270d014aa8226822880dbf36c819dad0bea17881b7eb5,FakeSherbrooke,fake_sherbrooke,1,1024,1234,1234,9,11,34,8,127,83,150,23,0,150,,,0.7925041229973431,0.8377075289972709,session-1,1,3,raw_repetition,ok,
dj_indep_qiskit_9,dj,data/quantum_circuits/dj_indep_qiskit_9.qasm,db0e077b1674f90860a270d014aa8226822880dbf36c819dad0bea17881b7eb5,FakeSherbrooke,fake_sherbrooke,1,1024,1234,1234,9,11,34,8,127,83,150,23,0,150,,,0.6555255739986023,0.7007289799985301,session-1,2,3,raw_repetition,ok,
dj_indep_qiskit_9,dj,data/quantum_circuits/dj_indep_qiskit_9.qasm,db0e077b1674f90860a270d014aa8226822880dbf36c819dad0bea17881b7eb5,FakeSherbrooke,fake_sherbrooke,1,1024,1234,1234,9,11,34,8,127,83,150,23,0,150,,,0.6250779319998401,0.6702813379997679,session-1,3,3,raw_repetition,ok,
dj_indep_qiskit_9,dj,data/quantum_circuits/dj_indep_qiskit_9.qasm,db0e077b1674f90860a270d014aa8226822880dbf36c819dad0bea17881b7eb5,FakeSherbrooke,fake_sherbrooke,1,1024,1234,1234,9,11,34,8,127,83,150,23,0,150,,,0.74201021999761,0.7872136259975377,session-1,4,3,raw_repetition,ok,
ghz_indep_qiskit_2,ghz,data/quantum_circuits/ghz_indep_qiskit_2.qasm,fcd9497c7764bb185a96cc8b6d1c7878851e9b87e64de7ebf47aa1d16eb3ee0a,FakeSherbrooke,fake_sherbrooke,1,1024,1234,1234,2,3,5,1,127,6,10,1,0,10,0.014251593998778844,0.5970367059999262,0.6225614450013381,0.636813039000117,session-1,0,3,raw_repetition,ok,
ghz_indep_qiskit_2,ghz,data/quantum_circuits/ghz_indep_qiskit_2.qasm,fcd9497c7764bb185a96cc8b6d1c7878851e9b87e64de7ebf47aa1d16eb3ee0a,FakeSherbrooke,fake_sherbrooke,1,1024,1234,1234,2,3,5,1,127,6,10,1,0,10,,,0.6266549129977648,0.6409065069965436,session-1,1,3,raw_repetition,ok,
ghz_indep_qiskit_2,ghz,data/quantum_circuits/ghz_indep_qiskit_2.qasm,fcd9497c7764bb185a96cc8b6d1c7878851e9b87e64de7ebf47aa1d16eb3ee0a,FakeSherbrooke,fake_sherbrooke,1,1024,1234,1234,2,3,5,1,127,6,10,1,0,10,,,0.762383437002427,0.7766350310012058,session-1,2,3,raw_repetition,ok,
ghz_indep_qiskit_2,ghz,data/quantum_circuits/ghz_indep_qiskit_2.qasm,fcd9497c7764bb185a96cc8b6d1c7878851e9b87e64de7ebf47aa1d16eb3ee0a,FakeSherbrooke,fake_sherbrooke,1,1024,1234,1234,2,3,5,1,127,6,10,1,0,10,,,0.6278711440027109,0.6421227380014898,session-1,3,3,raw_repetition,ok,
ghz_indep_qiskit_2,ghz,data/quantum_circuits/ghz_indep_qiskit_2.qasm,fcd9497c7764bb185a96cc8b6d1c7878851e9b87e64de7ebf47aa1d16eb3ee0a,FakeSherbrooke,fake_sherbrooke,1,1024,1234,1234,2,3,5,1,127,6,10,1,0,10,,,0.6208685179990425,0.6351201119978214,session-1,4,3,raw_repetition,ok,
ghz_indep_qiskit_3,ghz,data/quantum_circuits/ghz_indep_qiskit_3.qasm,7344fd4d264c475e52edca02e3426225c78af7ed0bdaae137741a04685725a5d,FakeSherbrooke,fake_sherbrooke,1,1024,1234,1234,3,4,7,2,127,9,20,2,0,20,0.01738365200071712,0.7475070979999145,0.7551726909987337,0.7725563429994509,session-1,0,3,raw_repetition,ok,
ghz_indep_qiskit_3,ghz,data/quantum_circuits/ghz_indep_qiskit_3.qasm,7344fd4d264c475e52edca02e3426225c78af7ed0bdaae137741a04685725a5d,FakeSherbrooke,fake_sherbrooke,1,1024,1234,1234,3,4,7,2,127,9,20,2,0,20,,,0.6281839980001678,0.6455676500008849,session-1,1,3,raw_repetition,ok,
ghz_indep_qiskit_3,ghz,data/quantum_circuits/ghz_indep_qiskit_3.qasm,7344fd4d264c475e52edca02e3426225c78af7ed0bdaae137741a04685725a5d,FakeSherbrooke,fake_sherbrooke,1,1024,1234,1234,3,4,7,2,127,9,20,2,0,20,,,0.6027986070002953,0.6201822590010124,session-1,2,3,raw_repetition,ok,
ghz_indep_qiskit_3,ghz,data/quantum_circuits/ghz_indep_qiskit_3.qasm,7344fd4d264c475e52edca02e3426225c78af7ed0bdaae137741a04685725a5d,FakeSherbrooke,fake_sherbrooke,1,1024,1234,1234,3,4,7,2,127,9,20,2,0,20,,,0.7291220929982956,0.7465057449990127,session-1,3,3,raw_repetition,ok,
ghz_indep_qiskit_3,ghz,data/quantum_circuits/ghz_indep_qiskit_3.qasm,7344fd4d264c475e52edca02e3426225c78af7ed0bdaae137741a04685725a5d,FakeSherbrooke,fake_sherbrooke,1,1024,1234,1234,3,4,7,2,127,9,20,2,0,20,,,0.6175860139992437,0.6349696659999609,session-1,4,3,raw_repetition,ok,
ghz_indep_qiskit_4,ghz,data/quantum_circuits/ghz_indep_qiskit_4.qasm,01bfdd8291d6badf1219dd3bf6d7e12559976b8ccb3e67d2548e729dc0c0dc82,FakeSherbrooke,fake_sherbrooke,1,1024,1234,1234,4,5,9,3,127,12,28,3,0,28,0.018993805002537556,0.7383202900018659,0.6069845410020207,0.6259783460045583,session-1,0,3,raw_repetition,ok,
ghz_indep_qiskit_4,ghz,data/quantum_circuits/ghz_indep_qiskit_4.qasm,01bfdd8291d6badf1219dd3bf6d7e12559976b8ccb3e67d2548e729dc0c0dc82,FakeSherbrooke,fake_sherbrooke,1,1024,1234,1234,4,5,9,3,127,12,28,3,0,28,,,0.6019179030008672,0.6209117080034048,session-1,1,3,raw_repetition,ok,
ghz_indep_qiskit_4,ghz,data/quantum_circuits/ghz_indep_qiskit_4.qasm,01bfdd8291d6badf1219dd3bf6d7e12559976b8ccb3e67d2548e729dc0c0dc82,FakeSherbrooke,fake_sherbrooke,1,1024,1234,1234,4,5,9,3,127,12,28,3,0,28,,,0.7136385389967472,0.7326323439992848,session-1,2,3,raw_repetition,ok,
ghz_indep_qiskit_4,ghz,data/quantum_circuits/ghz_indep_qiskit_4.qasm,01bfdd8291d6badf1219dd3bf6d7e12559976b8ccb3e67d2548e729dc0c0dc82,FakeSherbrooke,fake_sherbrooke,1,1024,1234,1234,4,5,9,3,127,12,28,3,0,28,,,0.6065168290006113,0.6255106340031489,session-1,3,3,raw_repetition,ok,
ghz_indep_qiskit_4,ghz,data/quantum_circuits/ghz_indep_qiskit_4.qasm,01bfdd8291d6badf1219dd3bf6d7e12559976b8ccb3e67d2548e729dc0c0dc82,FakeSherbrooke,fake_sherbrooke,1,1024,1234,1234,4,5,9,3,127,12,28,3,0,28,,,0.7409332169991103,0.7599270220016479,session-1,4,3,raw_repetition,ok,
ghz_indep_qiskit_5,ghz,data/quantum_circuits/ghz_indep_qiskit_5.qasm,de4639e0b84f220ce7281521fbce5104129cc70befb85198bf93def8d4ba7a65,FakeSherbrooke,fake_sherbrooke,1,1024,1234,1234,5,6,11,4,127,14,35,4,0,35,0.016172082996490644,0.6137201719975565,0.6072970169989276,0.6234690999954182,session-1,0,3,raw_repetition,ok,
ghz_indep_qiskit_5,ghz,data/quantum_circuits/ghz_indep_qiskit_5.qasm,de4639e0b84f220ce7281521fbce5104129cc70befb85198bf93def8d4ba7a65,FakeSherbrooke,fake_sherbrooke,1,1024,1234,1234,5,6,11,4,127,14,35,4,0,35,,,0.7331499789979716,0.7493220619944623,session-1,1,3,raw_repetition,ok,
ghz_indep_qiskit_5,ghz,data/quantum_circuits/ghz_indep_qiskit_5.qasm,de4639e0b84f220ce7281521fbce5104129cc70befb85198bf93def8d4ba7a65,FakeSherbrooke,fake_sherbrooke,1,1024,1234,1234,5,6,11,4,127,14,35,4,0,35,,,0.6220497640024405,0.6382218469989311,session-1,2,3,raw_repetition,ok,
ghz_indep_qiskit_5,ghz,data/quantum_circuits/ghz_indep_qiskit_5.qasm,de4639e0b84f220ce7281521fbce5104129cc70befb85198bf93def8d4ba7a65,FakeSherbrooke,fake_sherbrooke,1,1024,1234,1234,5,6,11,4,127,14,35,4,0,35,,,0.7369053799993708,0.7530774629958614,session-1,3,3,raw_repetition,ok,
ghz_indep_qiskit_5,ghz,data/quantum_circuits/ghz_indep_qiskit_5.qasm,de4639e0b84f220ce7281521fbce5104129cc70befb85198bf93def8d4ba7a65,FakeSherbrooke,fake_sherbrooke,1,1024,1234,1234,5,6,11,4,127,14,35,4,0,35,,,0.603001805000531,0.6191738879970217,session-1,4,3,raw_repetition,ok,
ghz_indep_qiskit_6,ghz,data/quantum_circuits/ghz_indep_qiskit_6.qasm,c67a77f55c658ad1270fd52c8cbc66319b72ceaa5ca5d4015d775b44e8edd85a,FakeSherbrooke,fake_sherbrooke,1,1024,1234,1234,6,7,13,5,127,16,42,5,0,42,0.01649270699999761,0.7169483049983683,0.6078460200005793,0.6243387270005769,session-1,0,3,raw_repetition,ok,
ghz_indep_qiskit_6,ghz,data/quantum_circuits/ghz_indep_qiskit_6.qasm,c67a77f55c658ad1270fd52c8cbc66319b72ceaa5ca5d4015d775b44e8edd85a,FakeSherbrooke,fake_sherbrooke,1,1024,1234,1234,6,7,13,5,127,16,42,5,0,42,,,0.6060220879990084,0.622514794999006,session-1,1,3,raw_repetition,ok,
ghz_indep_qiskit_6,ghz,data/quantum_circuits/ghz_indep_qiskit_6.qasm,c67a77f55c658ad1270fd52c8cbc66319b72ceaa5ca5d4015d775b44e8edd85a,FakeSherbrooke,fake_sherbrooke,1,1024,1234,1234,6,7,13,5,127,16,42,5,0,42,,,0.73709349499768,0.7535862019976776,session-1,2,3,raw_repetition,ok,
ghz_indep_qiskit_6,ghz,data/quantum_circuits/ghz_indep_qiskit_6.qasm,c67a77f55c658ad1270fd52c8cbc66319b72ceaa5ca5d4015d775b44e8edd85a,FakeSherbrooke,fake_sherbrooke,1,1024,1234,1234,6,7,13,5,127,16,42,5,0,42,,,0.6010928610012343,0.6175855680012319,session-1,3,3,raw_repetition,ok,
ghz_indep_qiskit_6,ghz,data/quantum_circuits/ghz_indep_qiskit_6.qasm,c67a77f55c658ad1270fd52c8cbc66319b72ceaa5ca5d4015d775b44e8edd85a,FakeSherbrooke,fake_sherbrooke,1,1024,1234,1234,6,7,13,5,127,16,42,5,0,42,,,0.7304784200023278,0.7469711270023254,session-1,4,3,raw_repetition,ok,
ghz_indep_qiskit_7,ghz,data/quantum_circuits/ghz_indep_qiskit_7.qasm,4b24f68f78c4499a295ab28caa04282d174b7ab2a6b0f5333d3bfe630df72f71,FakeSherbrooke,fake_sherbrooke,1,1024,1234,1234,7,8,15,6,127,18,49,6,0,49,0.01671497400093358,0.6178347380009654,0.6244861199993466,0.6412010940002801,session-1,0,3,raw_repetition,ok,
ghz_indep_qiskit_7,ghz,data/quantum_circuits/ghz_indep_qiskit_7.qasm,4b24f68f78c4499a295ab28caa04282d174b7ab2a6b0f5333d3bfe630df72f71,FakeSherbrooke,fake_sherbrooke,1,1024,1234,1234,7,8,15,6,127,18,49,6,0,49,,,0.7478473859991936,0.7645623600001272,session-1,1,3,raw_repetition,ok,
ghz_indep_qiskit_7,ghz,data/quantum_circuits/ghz_indep_qiskit_7.qasm,4b24f68f78c4499a295ab28caa04282d174b7ab2a6b0f5333d3bfe630df72f71,FakeSherbrooke,fake_sherbrooke,1,1024,1234,1234,7,8,15,6,127,18,49,6,0,49,,,0.6310917900009372,0.6478067640018708,session-1,2,3,raw_repetition,ok,
ghz_indep_qiskit_7,ghz,data/quantum_circuits/ghz_indep_qiskit_7.qasm,4b24f68f78c4499a295ab28caa04282d174b7ab2a6b0f5333d3bfe630df72f71,FakeSherbrooke,fake_sherbrooke,1,1024,1234,1234,7,8,15,6,127,18,49,6,0,49,,,0.7626932019993546,0.7794081760002882,session-1,3,3,raw_repetition,ok,
ghz_indep_qiskit_7,ghz,data/quantum_circuits/ghz_indep_qiskit_7.qasm,4b24f68f78c4499a295ab28caa04282d174b7ab2a6b0f5333d3bfe630df72f71,FakeSherbrooke,fake_sherbrooke,1,1024,1234,1234,7,8,15,6,127,18,49,6,0,49,,,0.6141540349999559,0.6308690090008895,session-1,4,3,raw_repetition,ok,
ghz_indep_qiskit_8,ghz,data/quantum_circuits/ghz_indep_qiskit_8.qasm,2e57556a1b12802c7368ef21e0eb8e5c9863f768a48a9a4d0771725e60b8a616,FakeSherbrooke,fake_sherbrooke,1,1024,1234,1234,8,9,17,7,127,20,56,7,0,56,0.016652461999910884,0.6223295759991743,0.720816745000775,0.7374692070006859,session-1,0,3,raw_repetition,ok,
ghz_indep_qiskit_8,ghz,data/quantum_circuits/ghz_indep_qiskit_8.qasm,2e57556a1b12802c7368ef21e0eb8e5c9863f768a48a9a4d0771725e60b8a616,FakeSherbrooke,fake_sherbrooke,1,1024,1234,1234,8,9,17,7,127,20,56,7,0,56,,,0.6136003050014551,0.630252767001366,session-1,1,3,raw_repetition,ok,
ghz_indep_qiskit_8,ghz,data/quantum_circuits/ghz_indep_qiskit_8.qasm,2e57556a1b12802c7368ef21e0eb8e5c9863f768a48a9a4d0771725e60b8a616,FakeSherbrooke,fake_sherbrooke,1,1024,1234,1234,8,9,17,7,127,20,56,7,0,56,,,0.6155946569997468,0.6322471189996577,session-1,2,3,raw_repetition,ok,
ghz_indep_qiskit_8,ghz,data/quantum_circuits/ghz_indep_qiskit_8.qasm,2e57556a1b12802c7368ef21e0eb8e5c9863f768a48a9a4d0771725e60b8a616,FakeSherbrooke,fake_sherbrooke,1,1024,1234,1234,8,9,17,7,127,20,56,7,0,56,,,0.7192377450010099,0.7358902070009208,session-1,3,3,raw_repetition,ok,
ghz_indep_qiskit_8,ghz,data/quantum_circuits/ghz_indep_qiskit_8.qasm,2e57556a1b12802c7368ef21e0eb8e5c9863f768a48a9a4d0771725e60b8a616,FakeSherbrooke,fake_sherbrooke,1,1024,1234,1234,8,9,17,7,127,20,56,7,0,56,,,0.628906822999852,0.6455592849997629,session-1,4,3,raw_repetition,ok,
ghz_indep_qiskit_9,ghz,data/quantum_circuits/ghz_indep_qiskit_9.qasm,b5f6ad96b1eb0fc9087c079e22e8a91398b460e24d616ed0d8829247aee24f18,FakeSherbrooke,fake_sherbrooke,1,1024,1234,1234,9,10,19,8,127,22,63,8,0,63,0.023643296997761354,0.7578308499978448,0.740132992999861,0.7637762899976224,session-1,0,3,raw_repetition,ok,
ghz_indep_qiskit_9,ghz,data/quantum_circuits/ghz_indep_qiskit_9.qasm,b5f6ad96b1eb0fc9087c079e22e8a91398b460e24d616ed0d8829247aee24f18,FakeSherbrooke,fake_sherbrooke,1,1024,1234,1234,9,10,19,8,127,22,63,8,0,63,,,0.6206954029985354,0.6443386999962968,session-1,1,3,raw_repetition,ok,
ghz_indep_qiskit_9,ghz,data/quantum_circuits/ghz_indep_qiskit_9.qasm,b5f6ad96b1eb0fc9087c079e22e8a91398b460e24d616ed0d8829247aee24f18,FakeSherbrooke,fake_sherbrooke,1,1024,1234,1234,9,10,19,8,127,22,63,8,0,63,,,0.7308534779986076,0.7544967749963689,session-1,2,3,raw_repetition,ok,
ghz_indep_qiskit_9,ghz,data/quantum_circuits/ghz_indep_qiskit_9.qasm,b5f6ad96b1eb0fc9087c079e22e8a91398b460e24d616ed0d8829247aee24f18,FakeSherbrooke,fake_sherbrooke,1,1024,1234,1234,9,10,19,8,127,22,63,8,0,63,,,0.6150172060006298,0.6386605029983912,session-1,3,3,raw_repetition,ok,
ghz_indep_qiskit_9,ghz,data/quantum_circuits/ghz_indep_qiskit_9.qasm,b5f6ad96b1eb0fc9087c079e22e8a91398b460e24d616ed0d8829247aee24f18,FakeSherbrooke,fake_sherbrooke,1,1024,1234,1234,9,10,19,8,127,22,63,8,0,63,,,0.7290791659979732,0.7527224629957345,session-1,4,3,raw_repetition,ok,
graphstate_indep_qiskit_3,graphstate,data/quantum_circuits/graphstate_indep_qiskit_3.qasm,51e3c5bc60da502bf92a6ed65a7c728a8b957b427652ac8fdaa002b9afc50d40,FakeSherbrooke,fake_sherbrooke,1,1024,1234,1234,3,5,10,3,127,25,44,6,0,44,0.037998346000676975,0.597367923001002,0.6027628769988951,0.640761222999572,session-1,0,3,raw_repetition,ok,
graphstate_indep_qiskit_3,graphstate,data/quantum_circuits/graphstate_indep_qiskit_3.qasm,51e3c5bc60da502bf92a6ed65a7c728a8b957b427652ac8fdaa002b9afc50d40,FakeSherbrooke,fake_sherbrooke,1,1024,1234,1234,3,5,10,3,127,25,44,6,0,44,,,0.7231960550016083,0.7611944010022853,session-1,1,3,raw_repetition,ok,
graphstate_indep_qiskit_3,graphstate,data/quantum_circuits/graphstate_indep_qiskit_3.qasm,51e3c5bc60da502bf92a6ed65a7c728a8b957b427652ac8fdaa002b9afc50d40,FakeSherbrooke,fake_sherbrooke,1,1024,1234,1234,3,5,10,3,127,25,44,6,0,44,,,0.6194100389984669,0.6574083849991439,session-1,2,3,raw_repetition,ok,
graphstate_indep_qiskit_3,graphstate,data/quantum_circuits/graphstate_indep_qiskit_3.qasm,51e3c5bc60da502bf92a6ed65a7c728a8b957b427652ac8fdaa002b9afc50d40,FakeSherbrooke,fake_sherbrooke,1,1024,1234,1234,3,5,10,3,127,25,44,6,0,44,,,0.7487459969997872,0.7867443430004641,session-1,3,3,raw_repetition,ok,
graphstate_indep_qiskit_3,graphstate,data/quantum_circuits/graphstate_indep_qiskit_3.qasm,51e3c5bc60da502bf92a6ed65a7c728a8b957b427652ac8fdaa002b9afc50d40,FakeSherbrooke,fake_sherbrooke,1,1024,1234,1234,3,5,10,3,127,25,44,6,0,44,,,0.62785451200034,0.665852858001017,session-1,4,3,raw_repetition,ok,
graphstate_indep_qiskit_4,graphstate,data/quantum_circuits/graphstate_indep_qiskit_4.qasm,13721ab5a328b17bf3f8c3692cda844a7e538a8c92530d0c1236f43d3ad5a884,FakeSherbrooke,fake_sherbrooke,1,1024,1234,1234,4,5,13,4,127,29,69,10,0,69,0.0347058500010462,0.7434052749995317,0.7503299050003989,0.7850357550014451,session-1,0,3,raw_repetition,ok,
graphstate_indep_qiskit_4,graphstate,data/quantum_circuits/graphstate_indep_qiskit_4.qasm,13721ab5a328b17bf3f8c3692cda844a7e538a8c92530d0c1236f43d3ad5a884,FakeSherbrooke,fake_sherbrooke,1,1024,1234,1234,4,5,13,4,127,29,69,10,0,69,,,0.6307967300017481,0.6655025800027943,session-1,1,3,raw_repetition,ok,
graphstate_indep_qiskit_4,graphstate,data/quantum_circuits/graphstate_indep_qiskit_4.qasm,13721ab5a328b17bf3f8c3692cda844a7e538a8c92530d0c1236f43d3ad5a884,FakeSherbrooke,fake_sherbrooke,1,1024,1234,1234,4,5,13,4,127,29,69,10,0,69,,,0.6237106060034421,0.6584164560044883,session-1,2,3,raw_repetition,ok,
graphstate_indep_qiskit_4,graphstate,data/quantum_circuits/graphstate_indep_qiskit_4.qasm,13721ab5a328b17bf3f8c3692cda844a7e538a8c92530d0c1236f43d3ad5a884,FakeSherbrooke,fake_sherbrooke,1,1024,1234,1234,4,5,13,4,127,29,69,10,0,69,,,0.7512752469992847,0.7859810970003309,session-1,3,3,raw_repetition,ok,
graphstate_indep_qiskit_4,graphstate,data/quantum_circuits/graphstate_indep_qiskit_4.qasm,13721ab5a328b17bf3f8c3692cda844a7e538a8c92530d0c1236f43d3ad5a884,FakeSherbrooke,fake_sherbrooke,1,1024,1234,1234,4,5,13,4,127,29,69,10,0,69,,,0.6220332289994985,0.6567390790005447,session-1,4,3,raw_repetition,ok,
graphstate_indep_qiskit_5,graphstate,data/quantum_circuits/graphstate_indep_qiskit_5.qasm,cfadb6828c07bfc2fac00ca0c9c03935e927b88961597b69936fc199a094b9ea,FakeSherbrooke,fake_sherbrooke,1,1024,1234,1234,5,6,16,5,127,39,91,14,0,91,0.03791787099908106,0.7487050109994016,0.5994716360000893,0.6373895069991704,session-1,0,3,raw_repetition,ok,
graphstate_indep_qiskit_5,graphstate,data/quantum_circuits/graphstate_indep_qiskit_5.qasm,cfadb6828c07bfc2fac00ca0c9c03935e927b88961597b69936fc199a094b9ea,FakeSherbrooke,fake_sherbrooke,1,1024,1234,1234,5,6,16,5,127,39,91,14,0,91,,,0.7101285540011304,0.7480464250002115,session-1,1,3,raw_repetition,ok,
graphstate_indep_qiskit_5,graphstate,data/quantum_circuits/graphstate_indep_qiskit_5.qasm,cfadb6828c07bfc2fac00ca0c9c03935e927b88961597b69936fc199a094b9ea,FakeSherbrooke,fake_sherbrooke,1,1024,1234,1234,5,6,16,5,127,39,91,14,0,91,,,0.727971290001733,0.7658891610008141,session-1,2,3,raw_repetition,ok,
graphstate_indep_qiskit_5,graphstate,data/quantum_circuits/graphstate_indep_qiskit_5.qasm,cfadb6828c07bfc2fac00ca0c9c03935e927b88961597b69936fc199a094b9ea,FakeSherbrooke,fake_sherbrooke,1,1024,1234,1234,5,6,16,5,127,39,91,14,0,91,,,0.6121430359999067,0.6500609069989878,session-1,3,3,raw_repetition,ok,
graphstate_indep_qiskit_5,graphstate,data/quantum_circuits/graphstate_indep_qiskit_5.qasm,cfadb6828c07bfc2fac00ca0c9c03935e927b88961597b69936fc199a094b9ea,FakeSherbrooke,fake_sherbrooke,1,1024,1234,1234,5,6,16,5,127,39,91,14,0,91,,,0.6054616850015009,0.6433795560005819,session-1,4,3,raw_repetition,ok,
graphstate_indep_qiskit_6,graphstate,data/quantum_circuits/graphstate_indep_qiskit_6.qasm,7b944ad7e38d98fae66177b6c014ae2878d62bcd1765103c19941653817e7996,FakeSherbrooke,fake_sherbrooke,1,1024,1234,1234,6,7,19,6,127,97,264,42,0,264,0.05520362999959616,4.69629378999889,4.59265321699786,4.647856846997456,session-1,0,3,raw_repetition,ok,
graphstate_indep_qiskit_6,graphstate,data/quantum_circuits/graphstate_indep_qiskit_6.qasm,7b944ad7e38d98fae66177b6c014ae2878d62bcd1765103c19941653817e7996,FakeSherbrooke,fake_sherbrooke,1,1024,1234,1234,6,7,19,6,127,97,264,42,0,264,,,4.12037888100167,4.1755825110012665,session-1,1,3,raw_repetition,ok,
graphstate_indep_qiskit_6,graphstate,data/quantum_circuits/graphstate_indep_qiskit_6.qasm,7b944ad7e38d98fae66177b6c014ae2878d62bcd1765103c19941653817e7996,FakeSherbrooke,fake_sherbrooke,1,1024,1234,1234,6,7,19,6,127,97,264,42,0,264,,,4.024186943999666,4.079390573999262,session-1,2,3,raw_repetition,ok,
graphstate_indep_qiskit_6,graphstate,data/quantum_circuits/graphstate_indep_qiskit_6.qasm,7b944ad7e38d98fae66177b6c014ae2878d62bcd1765103c19941653817e7996,FakeSherbrooke,fake_sherbrooke,1,1024,1234,1234,6,7,19,6,127,97,264,42,0,264,,,4.177883920998283,4.23308755099788,session-1,3,3,raw_repetition,ok,
graphstate_indep_qiskit_6,graphstate,data/quantum_circuits/graphstate_indep_qiskit_6.qasm,7b944ad7e38d98fae66177b6c014ae2878d62bcd1765103c19941653817e7996,FakeSherbrooke,fake_sherbrooke,1,1024,1234,1234,6,7,19,6,127,97,264,42,0,264,,,4.0816776499996195,4.136881279999216,session-1,4,3,raw_repetition,ok,
graphstate_indep_qiskit_7,graphstate,data/quantum_circuits/graphstate_indep_qiskit_7.qasm,551dfe6ad672d4157a761610fc4c1061ea844868f2106407374764552251d63a,FakeSherbrooke,fake_sherbrooke,1,1024,1234,1234,7,5,22,7,127,26,110,16,0,110,0.05543321499862941,0.7600073739995423,0.6310269440000411,0.6864601589986705,session-1,0,3,raw_repetition,ok,
graphstate_indep_qiskit_7,graphstate,data/quantum_circuits/graphstate_indep_qiskit_7.qasm,551dfe6ad672d4157a761610fc4c1061ea844868f2106407374764552251d63a,FakeSherbrooke,fake_sherbrooke,1,1024,1234,1234,7,5,22,7,127,26,110,16,0,110,,,0.6226531339998473,0.6780863489984768,session-1,1,3,raw_repetition,ok,
graphstate_indep_qiskit_7,graphstate,data/quantum_circuits/graphstate_indep_qiskit_7.qasm,551dfe6ad672d4157a761610fc4c1061ea844868f2106407374764552251d63a,FakeSherbrooke,fake_sherbrooke,1,1024,1234,1234,7,5,22,7,127,26,110,16,0,110,,,0.7629011960016214,0.8183344110002508,session-1,2,3,raw_repetition,ok,
graphstate_indep_qiskit_7,graphstate,data/quantum_circuits/graphstate_indep_qiskit_7.qasm,551dfe6ad672d4157a761610fc4c1061ea844868f2106407374764552251d63a,FakeSherbrooke,fake_sherbrooke,1,1024,1234,1234,7,5,22,7,127,26,110,16,0,110,,,0.6402521060008439,0.6956853209994733,session-1,3,3,raw_repetition,ok,
graphstate_indep_qiskit_7,graphstate,data/quantum_circuits/graphstate_indep_qiskit_7.qasm,551dfe6ad672d4157a761610fc4c1061ea844868f2106407374764552251d63a,FakeSherbrooke,fake_sherbrooke,1,1024,1234,1234,7,5,22,7,127,26,110,16,0,110,,,0.6352743349998491,0.6907075499984785,session-1,4,3,raw_repetition,ok,
graphstate_indep_qiskit_8,graphstate,data/quantum_circuits/graphstate_indep_qiskit_8.qasm,b6afb1122e1baece13144a1d0da78738759129107f453e9579e99e8789e057fe,FakeSherbrooke,fake_sherbrooke,1,1024,1234,1234,8,6,25,8,127,35,132,20,0,132,0.16430018200117047,0.6148392130016873,0.7141289200008032,0.8784291020019737,session-1,0,3,raw_repetition,ok,
graphstate_indep_qiskit_8,graphstate,data/quantum_circuits/graphstate_indep_qiskit_8.qasm,b6afb1122e1baece13144a1d0da78738759129107f453e9579e99e8789e057fe,FakeSherbrooke,fake_sherbrooke,1,1024,1234,1234,8,6,25,8,127,35,132,20,0,132,,,0.7387221930002852,0.9030223750014557,session-1,1,3,raw_repetition,ok,
graphstate_indep_qiskit_8,graphstate,data/quantum_circuits/graphstate_indep_qiskit_8.qasm,b6afb1122e1baece13144a1d0da78738759129107f453e9579e99e8789e057fe,FakeSherbrooke,fake_sherbrooke,1,1024,1234,1234,8,6,25,8,127,35,132,20,0,132,,,0.6362912109980243,0.8005913929991948,session-1,2,3,raw_repetition,ok,
graphstate_indep_qiskit_8,graphstate,data/quantum_circuits/graphstate_indep_qiskit_8.qasm,b6afb1122e1baece13144a1d0da78738759129107f453e9579e99e8789e057fe,FakeSherbrooke,fake_sherbrooke,1,1024,1234,1234,8,6,25,8,127,35,132,20,0,132,,,0.6236034899993683,0.7879036720005388,session-1,3,3,raw_repetition,ok,
graphstate_indep_qiskit_8,graphstate,data/quantum_circuits/graphstate_indep_qiskit_8.qasm,b6afb1122e1baece13144a1d0da78738759129107f453e9579e99e8789e057fe,FakeSherbrooke,fake_sherbrooke,1,1024,1234,1234,8,6,25,8,127,35,132,20,0,132,,,0.7377524370022002,0.9020526190033706,session-1,4,3,raw_repetition,ok,
graphstate_indep_qiskit_9,graphstate,data/quantum_circuits/graphstate_indep_qiskit_9.qasm,040a287609a78a55ab6148ad1a3cc6aa2fcee8b0871b077a9c1a37bee49f69fe,FakeSherbrooke,fake_sherbrooke,1,1024,1234,1234,9,7,28,9,127,100,262,42,0,262,0.07439941000120598,3.3930116910014476,3.4892323589992884,3.5636317690004944,session-1,0,3,raw_repetition,ok,
graphstate_indep_qiskit_9,graphstate,data/quantum_circuits/graphstate_indep_qiskit_9.qasm,040a287609a78a55ab6148ad1a3cc6aa2fcee8b0871b077a9c1a37bee49f69fe,FakeSherbrooke,fake_sherbrooke,1,1024,1234,1234,9,7,28,9,127,100,262,42,0,262,,,3.390470529000595,3.464869939001801,session-1,1,3,raw_repetition,ok,
graphstate_indep_qiskit_9,graphstate,data/quantum_circuits/graphstate_indep_qiskit_9.qasm,040a287609a78a55ab6148ad1a3cc6aa2fcee8b0871b077a9c1a37bee49f69fe,FakeSherbrooke,fake_sherbrooke,1,1024,1234,1234,9,7,28,9,127,100,262,42,0,262,,,3.3659402770026645,3.4403396870038705,session-1,2,3,raw_repetition,ok,
graphstate_indep_qiskit_9,graphstate,data/quantum_circuits/graphstate_indep_qiskit_9.qasm,040a287609a78a55ab6148ad1a3cc6aa2fcee8b0871b077a9c1a37bee49f69fe,FakeSherbrooke,fake_sherbrooke,1,1024,1234,1234,9,7,28,9,127,100,262,42,0,262,,,3.4969394440013275,3.5713388540025335,session-1,3,3,raw_repetition,ok,
graphstate_indep_qiskit_9,graphstate,data/quantum_circuits/graphstate_indep_qiskit_9.qasm,040a287609a78a55ab6148ad1a3cc6aa2fcee8b0871b077a9c1a37bee49f69fe,FakeSherbrooke,fake_sherbrooke,1,1024,1234,1234,9,7,28,9,127,100,262,42,0,262,,,3.5336749870002677,3.6080743970014737,session-1,4,3,raw_repetition,ok,
grover-noancilla_indep_qiskit_2,grover-noancilla,data/quantum_circuits/grover-noancilla_indep_qiskit_2.qasm,55746e6a2fd8d9c4b8c813443f2db46b072f75db1632dd252298c735fbc72bf0,FakeSherbrooke,fake_sherbrooke,1,1024,1234,1234,2,2,5,0,127,4,7,0,0,7,0.012457744000130333,0.634112006999203,0.7606115259986836,0.773069269998814,session-1,0,3,raw_repetition,ok,
grover-noancilla_indep_qiskit_2,grover-noancilla,data/quantum_circuits/grover-noancilla_indep_qiskit_2.qasm,55746e6a2fd8d9c4b8c813443f2db46b072f75db1632dd252298c735fbc72bf0,FakeSherbrooke,fake_sherbrooke,1,1024,1234,1234,2,2,5,0,127,4,7,0,0,7,,,0.6274016160023166,0.6398593600024469,session-1,1,3,raw_repetition,ok,
grover-noancilla_indep_qiskit_2,grover-noancilla,data/quantum_circuits/grover-noancilla_indep_qiskit_2.qasm,55746e6a2fd8d9c4b8c813443f2db46b072f75db1632dd252298c735fbc72bf0,FakeSherbrooke,fake_sherbrooke,1,1024,1234,1234,2,2,5,0,127,4,7,0,0,7,,,0.6242899089993443,0.6367476529994747,session-1,2,3,raw_repetition,ok,
grover-noancilla_indep_qiskit_2,grover-noancilla,data/quantum_circuits/grover-noancilla_indep_qiskit_2.qasm,55746e6a2fd8d9c4b8c813443f2db46b072f75db1632dd252298c735fbc72bf0,FakeSherbrooke,fake_sherbrooke,1,1024,1234,1234,2,2,5,0,127,4,7,0,0,7,,,0.7535488069988787,0.766006550999009,session-1,3,3,raw_repetition,ok,
grover-noancilla_indep_qiskit_2,grover-noancilla,data/quantum_circuits/grover-noancilla_indep_qiskit_2.qasm,55746e6a2fd8d9c4b8c813443f2db46b072f75db1632dd252298c735fbc72bf0,FakeSherbrooke,fake_sherbrooke,1,1024,1234,1234,2,2,5,0,127,4,7,0,0,7,,,0.6215234830015106,0.633981227001641,session-1,4,3,raw_repetition,ok,
grover-noancilla_indep_qiskit_3,grover-noancilla,data/quantum_circuits/grover-noancilla_indep_qiskit_3.qasm,bc77f4afad8bbb19a6b320c11bc8f8110a330e395e5c509895e0b6c566cab5e9,FakeSherbrooke,fake_sherbrooke,1,1024,1234,1234,3,10,17,3,127,56,87,12,0,87,0.04725908299951698,0.7622554429981392,0.6111213309995946,0.6583804139991116,session-1,0,3,raw_repetition,ok,
grover-noancilla_indep_qiskit_3,grover-noancilla,data/quantum_circuits/grover-noancilla_indep_qiskit_3.qasm,bc77f4afad8bbb19a6b320c11bc8f8110a330e395e5c509895e0b6c566cab5e9,FakeSherbrooke,fake_sherbrooke,1,1024,1234,1234,3,10,17,3,127,56,87,12,0,87,,,0.6046978029989987,0.6519568859985156,session-1,1,3,raw_repetition,ok,
grover-noancilla_indep_qiskit_3,grover-noancilla,data/quantum_circuits/grover-noancilla_indep_qiskit_3.qasm,bc77f4afad8bbb19a6b320c11bc8f8110a330e395e5c509895e0b6c566cab5e9,FakeSherbrooke,fake_sherbrooke,1,1024,1234,1234,3,10,17,3,127,56,87,12,0,87,,,0.7211135699981241,0.7683726529976411,session-1,2,3,raw_repetition,ok,
grover-noancilla_indep_qiskit_3,grover-noancilla,data/quantum_circuits/grover-noancilla_indep_qiskit_3.qasm,bc77f4afad8bbb19a6b320c11bc8f8110a330e395e5c509895e0b6c566cab5e9,FakeSherbrooke,fake_sherbrooke,1,1024,1234,1234,3,10,17,3,127,56,87,12,0,87,,,0.60364896000101,0.650908043000527,session-1,3,3,raw_repetition,ok,
grover-noancilla_indep_qiskit_3,grover-noancilla,data/quantum_circuits/grover-noancilla_indep_qiskit_3.qasm,bc77f4afad8bbb19a6b320c11bc8f8110a330e395e5c509895e0b6c566cab5e9,FakeSherbrooke,fake_sherbrooke,1,1024,1234,1234,3,10,17,3,127,56,87,12,0,87,,,0.7229199020002852,0.7701789849998022,session-1,4,3,raw_repetition,ok,
grover-noancilla_indep_qiskit_4,grover-noancilla,data/quantum_circuits/grover-noancilla_indep_qiskit_4.qasm,edc62038c489069da135981ccefd5c5a2f3cc0a991fa6da4defa393abdb0d2a4,FakeSherbrooke,fake_sherbrooke,1,1024,1234,1234,4,34,49,12,127,313,600,100,0,600,0.07062252499963506,0.6155369990010513,0.7465122180001345,0.8171347429997695,session-1,0,3,raw_repetition,ok,
grover-noancilla_indep_qiskit_4,grover-noancilla,data/quantum_circuits/grover-noancilla_indep_qiskit_4.qasm,edc62038c489069da135981ccefd5c5a2f3cc0a991fa6da4defa393abdb0d2a4,FakeSherbrooke,fake_sherbrooke,1,1024,1234,1234,4,34,49,12,127,313,600,100,0,600,,,0.6233290379968821,0.6939515629965172,session-1,1,3,raw_repetition,ok,
grover-noancilla_indep_qiskit_4,grover-noancilla,data/quantum_circuits/grover-noancilla_indep_qiskit_4.qasm,edc62038c489069da135981ccefd5c5a2f3cc0a991fa6da4defa393abdb0d2a4,FakeSherbrooke,fake_sherbrooke,1,1024,1234,1234,4,34,49,12,127,313,600,100,0,600,,,0.6193856659992889,0.690008190998924,session-1,2,3,raw_repetition,ok,
grover-noancilla_indep_qiskit_4,grover-noancilla,data/quantum_circuits/grover-noancilla_indep_qiskit_4.qasm,edc62038c489069da135981ccefd5c5a2f3cc0a991fa6da4defa393abdb0d2a4,FakeSherbrooke,fake_sherbrooke,1,1024,1234,1234,4,34,49,12,127,313,600,100,0,600,,,0.7326667899978929,0.803289314997528,session-1,3,3,raw_repetition,ok,
grover-noancilla_indep_qiskit_4,grover-noancilla,data/quantum_circuits/grover-noancilla_indep_qiskit_4.qasm,edc62038c489069da135981ccefd5c5a2f3cc0a991fa6da4defa393abdb0d2a4,FakeSherbrooke,fake_sherbrooke,1,1024,1234,1234,4,34,49,12,127,313,600,100,0,600,,,0.612074365002627,0.6826968900022621,session-1,4,3,raw_repetition,ok,
grover-noancilla_indep_qiskit_5,grover-noancilla,data/quantum_circuits/grover-noancilla_indep_qiskit_5.qasm,dd514cba6fbc94c48a3eb8f2ff2210ef74259e76e7f796394066418bfd93ee86,FakeSherbrooke,fake_sherbrooke,1,1024,1234,1234,5,170,197,84,127,970,1796,309,0,1796,0.14661740099836607,0.6466954050010827,0.6438514010005747,0.7904688019989408,session-1,0,3,raw_repetition,ok,
grover-noancilla_indep_qiskit_5,grover-noancilla,data/quantum_circuits/grover-noancilla_indep_qiskit_5.qasm,dd514cba6fbc94c48a3eb8f2ff2210ef74259e76e7f796394066418bfd93ee86,FakeSherbrooke,fake_sherbrooke,1,1024,1234,1234,5,170,197,84,127,970,1796,309,0,1796,,,0.6571476050012279,0.803765005999594,session-1,1,3,raw_repetition,ok,
grover-noancilla_indep_qiskit_5,grover-noancilla,data/quantum_circuits/grover-noancilla_indep_qiskit_5.qasm,dd514cba6fbc94c48a3eb8f2ff2210ef74259e76e7f796394066418bfd93ee86,FakeSherbrooke,fake_sherbrooke,1,1024,1234,1234,5,170,197,84,127,970,1796,309,0,1796,,,0.7603230999993684,0.9069405009977345,session-1,2,3,raw_repetition,ok,
grover-noancilla_indep_qiskit_5,grover-noancilla,data/quantum_circuits/grover-noancilla_indep_qiskit_5.qasm,dd514cba6fbc94c48a3eb8f2ff2210ef74259e76e7f796394066418bfd93ee86,FakeSherbrooke,fake_sherbrooke,1,1024,1234,1234,5,170,197,84,127,970,1796,309,0,1796,,,0.6325595559974317,0.7791769569957978,session-1,3,3,raw_repetition,ok,
grover-noancilla_indep_qiskit_5,grover-noancilla,data/quantum_circuits/grover-noancilla_indep_qiskit_5.qasm,dd514cba6fbc94c48a3eb8f2ff2210ef74259e76e7f796394066418bfd93ee86,FakeSherbrooke,fake_sherbrooke,1,1024,1234,1234,5,170,197,84,127,970,1796,309,0,1796,,,0.753072767998674,0.89969016899704,session-1,4,3,raw_repetition,ok,
grover-noancilla_indep_qiskit_6,grover-noancilla,data/quantum_circuits/grover-noancilla_indep_qiskit_6.qasm,b6a15d3507225e442ed02c90df5179f09c529df7bf5ee38a8005cc265f4203a6,FakeSherbrooke,fake_sherbrooke,1,1024,1234,1234,6,402,457,192,127,3007,5939,1025,0,5939,0.3967630469996948,0.9444848299972364,0.8398061289990437,1.2365691759987385,session-1,0,3,raw_repetition,ok,
grover-noancilla_indep_qiskit_6,grover-noancilla,data/quantum_circuits/grover-noancilla_indep_qiskit_6.qasm,b6a15d3507225e442ed02c90df5179f09c529df7bf5ee38a8005cc265f4203a6,FakeSherbrooke,fake_sherbrooke,1,1024,1234,1234,6,402,457,192,127,3007,5939,1025,0,5939,,,0.9752568900003098,1.3720199370000046,session-1,1,3,raw_repetition,ok,
grover-noancilla_indep_qiskit_6,grover-noancilla,data/quantum_circuits/grover-noancilla_indep_qiskit_6.qasm,b6a15d3507225e442ed02c90df5179f09c529df7bf5ee38a8005cc265f4203a6,FakeSherbrooke,fake_sherbrooke,1,1024,1234,1234,6,402,457,192,127,3007,5939,1025,0,5939,,,0.8493483649981499,1.2461114119978447,session-1,2,3,raw_repetition,ok,
grover-noancilla_indep_qiskit_6,grover-noancilla,data/quantum_circuits/grover-noancilla_indep_qiskit_6.qasm,b6a15d3507225e442ed02c90df5179f09c529df7bf5ee38a8005cc265f4203a6,FakeSherbrooke,fake_sherbrooke,1,1024,1234,1234,6,402,457,192,127,3007,5939,1025,0,5939,,,0.9502290169984917,1.3469920639981865,session-1,3,3,raw_repetition,ok,
grover-noancilla_indep_qiskit_6,grover-noancilla,data/quantum_circuits/grover-noancilla_indep_qiskit_6.qasm,b6a15d3507225e442ed02c90df5179f09c529df7bf5ee38a8005cc265f4203a6,FakeSherbrooke,fake_sherbrooke,1,1024,1234,1234,6,402,457,192,127,3007,5939,1025,0,5939,,,0.8346795889992791,1.2314426359989739,session-1,4,3,raw_repetition,ok,
grover-noancilla_indep_qiskit_7,grover-noancilla,data/quantum_circuits/grover-noancilla_indep_qiskit_7.qasm,35548785a9c99b0ad9409f18dfbfc3baed0e1dcbb1d95eae8c8510dcda120410,FakeSherbrooke,fake_sherbrooke,1,1024,1234,1234,7,1124,1203,552,127,10000,20865,3567,0,20865,1.3705106179986615,2.8659359279990895,2.7249791100002767,4.095489727998938,session-1,0,3,raw_repetition,ok,
grover-noancilla_indep_qiskit_7,grover-noancilla,data/quantum_circuits/grover-noancilla_indep_qiskit_7.qasm,35548785a9c99b0ad9409f18dfbfc3baed0e1dcbb1d95eae8c8510dcda120410,FakeSherbrooke,fake_sherbrooke,1,1024,1234,1234,7,1124,1203,552,127,10000,20865,3567,0,20865,,,2.7336188059998676,4.104129423998529,session-1,1,3,raw_repetition,ok,
grover-noancilla_indep_qiskit_7,grover-noancilla,data/quantum_circuits/grover-noancilla_indep_qiskit_7.qasm,35548785a9c99b0ad9409f18dfbfc3baed0e1dcbb1d95eae8c8510dcda120410,FakeSherbrooke,fake_sherbrooke,1,1024,1234,1234,7,1124,1203,552,127,10000,20865,3567,0,20865,,,2.7224032979975163,4.092913915996178,session-1,2,3,raw_repetition,ok,
grover-noancilla_indep_qiskit_7,grover-noancilla,data/quantum_circuits/grover-noancilla_indep_qiskit_7.qasm,35548785a9c99b0ad9409f18dfbfc3baed0e1dcbb1d95eae8c8510dcda120410,FakeSherbrooke,fake_sherbrooke,1,1024,1234,1234,7,1124,1203,552,127,10000,20865,3567,0,20865,,,2.8648609319971,4.235371549995762,session-1,3,3,raw_repetition,ok,
grover-noancilla_indep_qiskit_7,grover-noancilla,data/quantum_circuits/grover-noancilla_indep_qiskit_7.qasm,35548785a9c99b0ad9409f18dfbfc3baed0e1dcbb1d95eae8c8510dcda120410,FakeSherbrooke,fake_sherbrooke,1,1024,1234,1234,7,1124,1203,552,127,10000,20865,3567,0,20865,,,2.7574416089992155,4.127952226997877,session-1,4,3,raw_repetition,ok,
grover-noancilla_indep_qiskit_8,grover-noancilla,data/quantum_circuits/grover-noancilla_indep_qiskit_8.qasm,a3b7d67bad6cd47cb522addfaf763294b1ea99017f443c03052055a2f0074009,FakeSherbrooke,fake_sherbrooke,1,1024,1234,1234,8,3034,3153,1504,127,25905,55643,9548,0,55643,3.761775162998674,3.811133355000493,3.8190758689997892,7.580851031998463,session-1,0,3,raw_repetition,ok,
grover-noancilla_indep_qiskit_8,grover-noancilla,data/quantum_circuits/grover-noancilla_indep_qiskit_8.qasm,a3b7d67bad6cd47cb522addfaf763294b1ea99017f443c03052055a2f0074009,FakeSherbrooke,fake_sherbrooke,1,1024,1234,1234,8,3034,3153,1504,127,25905,55643,9548,0,55643,,,3.8120746230015357,7.57384978600021,session-1,1,3,raw_repetition,ok,
grover-noancilla_indep_qiskit_8,grover-noancilla,data/quantum_circuits/grover-noancilla_indep_qiskit_8.qasm,a3b7d67bad6cd47cb522addfaf763294b1ea99017f443c03052055a2f0074009,FakeSherbrooke,fake_sherbrooke,1,1024,1234,1234,8,3034,3153,1504,127,25905,55643,9548,0,55643,,,3.8025136449978163,7.5642888079964905,session-1,2,3,raw_repetition,ok,
grover-noancilla_indep_qiskit_8,grover-noancilla,data/quantum_circuits/grover-noancilla_indep_qiskit_8.qasm,a3b7d67bad6cd47cb522addfaf763294b1ea99017f443c03052055a2f0074009,FakeSherbrooke,fake_sherbrooke,1,1024,1234,1234,8,3034,3153,1504,127,25905,55643,9548,0,55643,,,3.8035961239984317,7.565371286997106,session-1,3,3,raw_repetition,ok,
grover-noancilla_indep_qiskit_8,grover-noancilla,data/quantum_circuits/grover-noancilla_indep_qiskit_8.qasm,a3b7d67bad6cd47cb522addfaf763294b1ea99017f443c03052055a2f0074009,FakeSherbrooke,fake_sherbrooke,1,1024,1234,1234,8,3034,3153,1504,127,25905,55643,9548,0,55643,,,3.8243057940017025,7.586080957000377,session-1,4,3,raw_repetition,ok,
grover-v-chain_indep_qiskit_2,grover-v-chain,data/quantum_circuits/grover-v-chain_indep_qiskit_2.qasm,55746e6a2fd8d9c4b8c813443f2db46b072f75db1632dd252298c735fbc72bf0,FakeSherbrooke,fake_sherbrooke,1,1024,1234,1234,2,2,5,0,127,4,7,0,0,7,0.01321403999827453,0.6145644399985031,0.7221570500005328,0.7353710899988073,session-1,0,3,raw_repetition,ok,
grover-v-chain_indep_qiskit_2,grover-v-chain,data/quantum_circuits/grover-v-chain_indep_qiskit_2.qasm,55746e6a2fd8d9c4b8c813443f2db46b072f75db1632dd252298c735fbc72bf0,FakeSherbrooke,fake_sherbrooke,1,1024,1234,1234,2,2,5,0,127,4,7,0,0,7,,,0.6059321940010705,0.619146233999345,session-1,1,3,raw_repetition,ok,
grover-v-chain_indep_qiskit_2,grover-v-chain,data/quantum_circuits/grover-v-chain_indep_qiskit_2.qasm,55746e6a2fd8d9c4b8c813443f2db46b072f75db1632dd252298c735fbc72bf0,FakeSherbrooke,fake_sherbrooke,1,1024,1234,1234,2,2,5,0,127,4,7,0,0,7,,,0.6006679700003588,0.6138820099986333,session-1,2,3,raw_repetition,ok,
grover-v-chain_indep_qiskit_2,grover-v-chain,data/quantum_circuits/grover-v-chain_indep_qiskit_2.qasm,55746e6a2fd8d9c4b8c813443f2db46b072f75db1632dd252298c735fbc72bf0,FakeSherbrooke,fake_sherbrooke,1,1024,1234,1234,2,2,5,0,127,4,7,0,0,7,,,0.7332147770030133,0.7464288170012878,session-1,3,3,raw_repetition,ok,
grover-v-chain_indep_qiskit_2,grover-v-chain,data/quantum_circuits/grover-v-chain_indep_qiskit_2.qasm,55746e6a2fd8d9c4b8c813443f2db46b072f75db1632dd252298c735fbc72bf0,FakeSherbrooke,fake_sherbrooke,1,1024,1234,1234,2,2,5,0,127,4,7,0,0,7,,,0.6003513610012305,0.6135654009995051,session-1,4,3,raw_repetition,ok,
grover-v-chain_indep_qiskit_3,grover-v-chain,data/quantum_circuits/grover-v-chain_indep_qiskit_3.qasm,bc77f4afad8bbb19a6b320c11bc8f8110a330e395e5c509895e0b6c566cab5e9,FakeSherbrooke,fake_sherbrooke,1,1024,1234,1234,3,10,17,3,127,56,87,12,0,87,0.04868943000110448,0.7214249259995995,0.6005435380029667,0.6492329680040712,session-1,0,3,raw_repetition,ok,
grover-v-chain_indep_qiskit_3,grover-v-chain,data/quantum_circuits/grover-v-chain_indep_qiskit_3.qasm,bc77f4afad8bbb19a6b320c11bc8f8110a330e395e5c509895e0b6c566cab5e9,FakeSherbrooke,fake_sherbrooke,1,1024,1234,1234,3,10,17,3,127,56,87,12,0,87,,,0.7076273200000287,0.7563167500011332,session-1,1,3,raw_repetition,ok,
grover-v-chain_indep_qiskit_3,grover-v-chain,data/quantum_circuits/grover-v-chain_indep_qiskit_3.qasm,bc77f4afad8bbb19a6b320c11bc8f8110a330e395e5c509895e0b6c566cab5e9,FakeSherbrooke,fake_sherbrooke,1,1024,1234,1234,3,10,17,3,127,56,87,12,0,87,,,0.7296374180004932,0.7783268480015977,session-1,2,3,raw_repetition,ok,
grover-v-chain_indep_qiskit_3,grover-v-chain,data/quantum_circuits/grover-v-chain_indep_qiskit_3.qasm,bc77f4afad8bbb19a6b320c11bc8f8110a330e395e5c509895e0b6c566cab5e9,FakeSherbrooke,fake_sherbrooke,1,1024,1234,1234,3,10,17,3,127,56,87,12,0,87,,,0.6078215499983344,0.6565109799994389,session-1,3,3,raw_repetition,ok,
grover-v-chain_indep_qiskit_3,grover-v-chain,data/quantum_circuits/grover-v-chain_indep_qiskit_3.qasm,bc77f4afad8bbb19a6b320c11bc8f8110a330e395e5c509895e0b6c566cab5e9,FakeSherbrooke,fake_sherbrooke,1,1024,1234,1234,3,10,17,3,127,56,87,12,0,87,,,0.601855003998935,0.6505444340000395,session-1,4,3,raw_repetition,ok,
grover-v-chain_indep_qiskit_4,grover-v-chain,data/quantum_circuits/grover-v-chain_indep_qiskit_4.qasm,edc62038c489069da135981ccefd5c5a2f3cc0a991fa6da4defa393abdb0d2a4,FakeSherbrooke,fake_sherbrooke,1,1024,1234,1234,4,34,49,12,127,313,600,100,0,600,0.072890337996796,0.7323477069985529,0.6047209150019626,0.6776112529987586,session-1,0,3,raw_repetition,ok,
grover-v-chain_indep_qiskit_4,grover-v-chain,data/quantum_circuits/grover-v-chain_indep_qiskit_4.qasm,edc62038c489069da135981ccefd5c5a2f3cc0a991fa6da4defa393abdb0d2a4,FakeSherbrooke,fake_sherbrooke,1,1024,1234,1234,4,34,49,12,127,313,600,100,0,600,,,0.7359504460000608,0.8088407839968568,session-1,1,3,raw_repetition,ok,
grover-v-chain_indep_qiskit_4,grover-v-chain,data/quantum_circuits/grover-v-chain_indep_qiskit_4.qasm,edc62038c489069da135981ccefd5c5a2f3cc0a991fa6da4defa393abdb0d2a4,FakeSherbrooke,fake_sherbrooke,1,1024,1234,1234,4,34,49,12,127,313,600,100,0,600,,,0.7474544159995276,0.8203447539963236,session-1,2,3,raw_repetition,ok,
grover-v-chain_indep_qiskit_4,grover-v-chain,data/quantum_circuits/grover-v-chain_indep_qiskit_4.qasm,edc62038c489069da135981ccefd5c5a2f3cc0a991fa6da4defa393abdb0d2a4,FakeSherbrooke,fake_sherbrooke,1,1024,1234,1234,4,34,49,12,127,313,600,100,0,600,,,0.6335680409974884,0.7064583789942844,session-1,3,3,raw_repetition,ok,
grover-v-chain_indep_qiskit_4,grover-v-chain,data/quantum_circuits/grover-v-chain_indep_qiskit_4.qasm,edc62038c489069da135981ccefd5c5a2f3cc0a991fa6da4defa393abdb0d2a4,FakeSherbrooke,fake_sherbrooke,1,1024,1234,1234,4,34,49,12,127,313,600,100,0,600,,,0.6142287319999014,0.6871190699966974,session-1,4,3,raw_repetition,ok,
grover-v-chain_indep_qiskit_5,grover-v-chain,data/quantum_circuits/grover-v-chain_indep_qiskit_5.qasm,5042c6dd513b1366c0a145850de9e534b0e38aabc818b994ab8c4b6cad7ad5c8,FakeSherbrooke,fake_sherbrooke,1,1024,1234,1234,5,102,131,42,127,1149,1925,330,0,1925,0.1632639929994184,0.7590326639983687,0.637772683003277,0.8010366760026955,session-1,0,3,raw_repetition,ok,
grover-v-chain_indep_qiskit_5,grover-v-chain,data/quantum_circuits/grover-v-chain_indep_qiskit_5.qasm,5042c6dd513b1366c0a145850de9e534b0e38aabc818b994ab8c4b6cad7ad5c8,FakeSherbrooke,fake_sherbrooke,1,1024,1234,1234,5,102,131,42,127,1149,1925,330,0,1925,,,0.7595904720001272,0.9228544649995456,session-1,1,3,raw_repetition,ok,
grover-v-chain_indep_qiskit_5,grover-v-chain,data/quantum_circuits/grover-v-chain_indep_qiskit_5.qasm,5042c6dd513b1366c0a145850de9e534b0e38aabc818b994ab8c4b6cad7ad5c8,FakeSherbrooke,fake_sherbrooke,1,1024,1234,1234,5,102,131,42,127,1149,1925,330,0,1925,,,0.6464007280010264,0.8096647210004448,session-1,2,3,raw_repetition,ok,
grover-v-chain_indep_qiskit_5,grover-v-chain,data/quantum_circuits/grover-v-chain_indep_qiskit_5.qasm,5042c6dd513b1366c0a145850de9e534b0e38aabc818b994ab8c4b6cad7ad5c8,FakeSherbrooke,fake_sherbrooke,1,1024,1234,1234,5,102,131,42,127,1149,1925,330,0,1925,,,0.761212871002499,0.9244768640019174,session-1,3,3,raw_repetition,ok,
grover-v-chain_indep_qiskit_5,grover-v-chain,data/quantum_circuits/grover-v-chain_indep_qiskit_5.qasm,5042c6dd513b1366c0a145850de9e534b0e38aabc818b994ab8c4b6cad7ad5c8,FakeSherbrooke,fake_sherbrooke,1,1024,1234,1234,5,102,131,42,127,1149,1925,330,0,1925,,,0.6498103869998886,0.813074379999307,session-1,4,3,raw_repetition,ok,
grover-v-chain_indep_qiskit_7,grover-v-chain,data/quantum_circuits/grover-v-chain_indep_qiskit_7.qasm,84056291d9ff227b3c615cc378349fa1154f5a122bcd0eb6bc04045bbf3affa0,FakeSherbrooke,fake_sherbrooke,1,1024,1234,1234,7,271,318,120,127,2678,5444,944,0,5444,0.36646883399953367,1.2943232750003517,1.1662043529977382,1.5326731869972718,session-1,0,3,raw_repetition,ok,
grover-v-chain_indep_qiskit_7,grover-v-chain,data/quantum_circuits/grover-v-chain_indep_qiskit_7.qasm,84056291d9ff227b3c615cc378349fa1154f5a122bcd0eb6bc04045bbf3affa0,FakeSherbrooke,fake_sherbrooke,1,1024,1234,1234,7,271,318,120,127,2678,5444,944,0,5444,,,1.312485826001648,1.6789546600011818,session-1,1,3,raw_repetition,ok,
grover-v-chain_indep_qiskit_7,grover-v-chain,data/quantum_circuits/grover-v-chain_indep_qiskit_7.qasm,84056291d9ff227b3c615cc378349fa1154f5a122bcd0eb6bc04045bbf3affa0,FakeSherbrooke,fake_sherbrooke,1,1024,1234,1234,7,271,318,120,127,2678,5444,944,0,5444,,,1.1919007539981976,1.5583695879977313,session-1,2,3,raw_repetition,ok,
grover-v-chain_indep_qiskit_7,grover-v-chain,data/quantum_circuits/grover-v-chain_indep_qiskit_7.qasm,84056291d9ff227b3c615cc378349fa1154f5a122bcd0eb6bc04045bbf3affa0,FakeSherbrooke,fake_sherbrooke,1,1024,1234,1234,7,271,318,120,127,2678,5444,944,0,5444,,,1.314612965001288,1.6810817990008218,session-1,3,3,raw_repetition,ok,
grover-v-chain_indep_qiskit_7,grover-v-chain,data/quantum_circuits/grover-v-chain_indep_qiskit_7.qasm,84056291d9ff227b3c615cc378349fa1154f5a122bcd0eb6bc04045bbf3affa0,FakeSherbrooke,fake_sherbrooke,1,1024,1234,1234,7,271,318,120,127,2678,5444,944,0,5444,,,1.196366850999766,1.5628356849992997,session-1,4,3,raw_repetition,ok,
grover-v-chain_indep_qiskit_9,grover-v-chain,data/quantum_circuits/grover-v-chain_indep_qiskit_9.qasm,3d37464cf8c53831d2867c0c111a83e03a820e90fa26f77d01a4a85f4f9d6875,FakeSherbrooke,fake_sherbrooke,1,1024,1234,1234,9,801,881,372,127,7032,14939,2664,0,14939,1.0829024119993846,3.3822571569980937,3.5295287289991393,4.612431140998524,session-1,0,3,raw_repetition,ok,
grover-v-chain_indep_qiskit_9,grover-v-chain,data/quantum_circuits/grover-v-chain_indep_qiskit_9.qasm,3d37464cf8c53831d2867c0c111a83e03a820e90fa26f77d01a4a85f4f9d6875,FakeSherbrooke,fake_sherbrooke,1,1024,1234,1234,9,801,881,372,127,7032,14939,2664,0,14939,,,3.3921425959997578,4.475045007999142,session-1,1,3,raw_repetition,ok,
grover-v-chain_indep_qiskit_9,grover-v-chain,data/quantum_circuits/grover-v-chain_indep_qiskit_9.qasm,3d37464cf8c53831d2867c0c111a83e03a820e90fa26f77d01a4a85f4f9d6875,FakeSherbrooke,fake_sherbrooke,1,1024,1234,1234,9,801,881,372,127,7032,14939,2664,0,14939,,,3.383997389999422,4.466899801998807,session-1,2,3,raw_repetition,ok,
grover-v-chain_indep_qiskit_9,grover-v-chain,data/quantum_circuits/grover-v-chain_indep_qiskit_9.qasm,3d37464cf8c53831d2867c0c111a83e03a820e90fa26f77d01a4a85f4f9d6875,FakeSherbrooke,fake_sherbrooke,1,1024,1234,1234,9,801,881,372,127,7032,14939,2664,0,14939,,,3.379558234999422,4.462460646998807,session-1,3,3,raw_repetition,ok,
grover-v-chain_indep_qiskit_9,grover-v-chain,data/quantum_circuits/grover-v-chain_indep_qiskit_9.qasm,3d37464cf8c53831d2867c0c111a83e03a820e90fa26f77d01a4a85f4f9d6875,FakeSherbrooke,fake_sherbrooke,1,1024,1234,1234,9,801,881,372,127,7032,14939,2664,0,14939,,,3.5022709920012858,4.58517340400067,session-1,4,3,raw_repetition,ok,
portfolioqaoa_indep_qiskit_3,portfolioqaoa,data/quantum_circuits/portfolioqaoa_indep_qiskit_3.qasm,47e6743e95c380a13dc5947d9e9b3db26e541efabd4a27134ff26aa14c00ba7d,FakeSherbrooke,fake_sherbrooke,1,1024,1234,1234,3,15,29,9,127,126,208,30,0,208,0.04906108399882214,0.6139436260018556,0.739257990000624,0.7883190739994461,session-1,0,3,raw_repetition,ok,
portfolioqaoa_indep_qiskit_3,portfolioqaoa,data/quantum_circuits/portfolioqaoa_indep_qiskit_3.qasm,47e6743e95c380a13dc5947d9e9b3db26e541efabd4a27134ff26aa14c00ba7d,FakeSherbrooke,fake_sherbrooke,1,1024,1234,1234,3,15,29,9,127,126,208,30,0,208,,,0.6133844020005199,0.662445485999342,session-1,1,3,raw_repetition,ok,
portfolioqaoa_indep_qiskit_3,portfolioqaoa,data/quantum_circuits/portfolioqaoa_indep_qiskit_3.qasm,47e6743e95c380a13dc5947d9e9b3db26e541efabd4a27134ff26aa14c00ba7d,FakeSherbrooke,fake_sherbrooke,1,1024,1234,1234,3,15,29,9,127,126,208,30,0,208,,,0.716947433000314,0.7660085169991362,session-1,2,3,raw_repetition,ok,
portfolioqaoa_indep_qiskit_3,portfolioqaoa,data/quantum_circuits/portfolioqaoa_indep_qiskit_3.qasm,47e6743e95c380a13dc5947d9e9b3db26e541efabd4a27134ff26aa14c00ba7d,FakeSherbrooke,fake_sherbrooke,1,1024,1234,1234,3,15,29,9,127,126,208,30,0,208,,,0.622384129997954,0.6714452139967761,session-1,3,3,raw_repetition,ok,
portfolioqaoa_indep_qiskit_3,portfolioqaoa,data/quantum_circuits/portfolioqaoa_indep_qiskit_3.qasm,47e6743e95c380a13dc5947d9e9b3db26e541efabd4a27134ff26aa14c00ba7d,FakeSherbrooke,fake_sherbrooke,1,1024,1234,1234,3,15,29,9,127,126,208,30,0,208,,,0.7415841949987225,0.7906452789975447,session-1,4,3,raw_repetition,ok,
portfolioqaoa_indep_qiskit_4,portfolioqaoa,data/quantum_circuits/portfolioqaoa_indep_qiskit_4.qasm,568570a69663949a1aaac2fe16e74d3d065c7a8e6013e21368a9d8add886d6dc,FakeSherbrooke,fake_sherbrooke,1,1024,1234,1234,4,19,44,18,127,252,450,72,0,450,0.06452002099831589,0.7616749750013696,0.6407377399991674,0.7052577609974833,session-1,0,3,raw_repetition,ok,
portfolioqaoa_indep_qiskit_4,portfolioqaoa,data/quantum_circuits/portfolioqaoa_indep_qiskit_4.qasm,568570a69663949a1aaac2fe16e74d3d065c7a8e6013e21368a9d8add886d6dc,FakeSherbrooke,fake_sherbrooke,1,1024,1234,1234,4,19,44,18,127,252,450,72,0,450,,,0.6323491580005793,0.6968691789988952,session-1,1,3,raw_repetition,ok,
portfolioqaoa_indep_qiskit_4,portfolioqaoa,data/quantum_circuits/portfolioqaoa_indep_qiskit_4.qasm,568570a69663949a1aaac2fe16e74d3d065c7a8e6013e21368a9d8add886d6dc,FakeSherbrooke,fake_sherbrooke,1,1024,1234,1234,4,19,44,18,127,252,450,72,0,450,,,0.7667725460014481,0.831292566999764,session-1,2,3,raw_repetition,ok,
portfolioqaoa_indep_qiskit_4,portfolioqaoa,data/quantum_circuits/portfolioqaoa_indep_qiskit_4.qasm,568570a69663949a1aaac2fe16e74d3d065c7a8e6013e21368a9d8add886d6dc,FakeSherbrooke,fake_sherbrooke,1,1024,1234,1234,4,19,44,18,127,252,450,72,0,450,,,0.6350835829980497,0.6996036039963656,session-1,3,3,raw_repetition,ok,
portfolioqaoa_indep_qiskit_4,portfolioqaoa,data/quantum_circuits/portfolioqaoa_indep_qiskit_4.qasm,568570a69663949a1aaac2fe16e74d3d065c7a8e6013e21368a9d8add886d6dc,FakeSherbrooke,fake_sherbrooke,1,1024,1234,1234,4,19,44,18,127,252,450,72,0,450,,,0.7463827910032705,0.8109028120015864,session-1,4,3,raw_repetition,ok,
portfolioqaoa_indep_qiskit_5,portfolioqaoa,data/quantum_circuits/portfolioqaoa_indep_qiskit_5.qasm,0f7836c0a3a429dd9b4f2b55a4fab5d6d112458814cb34efb22309ec614c801f,FakeSherbrooke,fake_sherbrooke,1,1024,1234,1234,5,23,62,30,127,354,670,108,0,670,0.07336469900110387,0.6275355730031151,0.7508838909998303,0.8242485900009342,session-1,0,3,raw_repetition,ok,
portfolioqaoa_indep_qiskit_5,portfolioqaoa,data/quantum_circuits/portfolioqaoa_indep_qiskit_5.qasm,0f7836c0a3a429dd9b4f2b55a4fab5d6d112458814cb34efb22309ec614c801f,FakeSherbrooke,fake_sherbrooke,1,1024,1234,1234,5,23,62,30,127,354,670,108,0,670,,,0.6288212779982132,0.7021859769993171,session-1,1,3,raw_repetition,ok,
portfolioqaoa_indep_qiskit_5,portfolioqaoa,data/quantum_circuits/portfolioqaoa_indep_qiskit_5.qasm,0f7836c0a3a429dd9b4f2b55a4fab5d6d112458814cb34efb22309ec614c801f,FakeSherbrooke,fake_sherbrooke,1,1024,1234,1234,5,23,62,30,127,354,670,108,0,670,,,0.6148835489984776,0.6882482479995815,session-1,2,3,raw_repetition,ok,
portfolioqaoa_indep_qiskit_5,portfolioqaoa,data/quantum_circuits/portfolioqaoa_indep_qiskit_5.qasm,0f7836c0a3a429dd9b4f2b55a4fab5d6d112458814cb34efb22309ec614c801f,FakeSherbrooke,fake_sherbrooke,1,1024,1234,1234,5,23,62,30,127,354,670,108,0,670,,,0.7265045780004584,0.7998692770015623,session-1,3,3,raw_repetition,ok,
portfolioqaoa_indep_qiskit_5,portfolioqaoa,data/quantum_circuits/portfolioqaoa_indep_qiskit_5.qasm,0f7836c0a3a429dd9b4f2b55a4fab5d6d112458814cb34efb22309ec614c801f,FakeSherbrooke,fake_sherbrooke,1,1024,1234,1234,5,23,62,30,127,354,670,108,0,670,,,0.6150060389991268,0.6883707380002306,session-1,4,3,raw_repetition,ok,
portfolioqaoa_indep_qiskit_6,portfolioqaoa,data/quantum_circuits/portfolioqaoa_indep_qiskit_6.qasm,4dd5e72918722dff3c88e277e20e3ecc1e06dfd0601343e784eeb454470800b7,FakeSherbrooke,fake_sherbrooke,1,1024,1234,1234,6,27,83,45,127,556,1137,192,0,1137,0.10916271499809227,0.7668027309991885,0.6515035810007248,0.7606662959988171,session-1,0,3,raw_repetition,ok,
portfolioqaoa_indep_qiskit_6,portfolioqaoa,data/quantum_circuits/portfolioqaoa_indep_qiskit_6.qasm,4dd5e72918722dff3c88e277e20e3ecc1e06dfd0601343e784eeb454470800b7,FakeSherbrooke,fake_sherbrooke,1,1024,1234,1234,6,27,83,45,127,556,1137,192,0,1137,,,0.7817759800018393,0.8909386949999316,session-1,1,3,raw_repetition,ok,
portfolioqaoa_indep_qiskit_6,portfolioqaoa,data/quantum_circuits/portfolioqaoa_indep_qiskit_6.qasm,4dd5e72918722dff3c88e277e20e3ecc1e06dfd0601343e784eeb454470800b7,FakeSherbrooke,fake_sherbrooke,1,1024,1234,1234,6,27,83,45,127,556,1137,192,0,1137,,,0.6579486359987641,0.7671113509968563,session-1,2,3,raw_repetition,ok,
portfolioqaoa_indep_qiskit_6,portfolioqaoa,data/quantum_circuits/portfolioqaoa_indep_qiskit_6.qasm,4dd5e72918722dff3c88e277e20e3ecc1e06dfd0601343e784eeb454470800b7,FakeSherbrooke,fake_sherbrooke,1,1024,1234,1234,6,27,83,45,127,556,1137,192,0,1137,,,0.6558926130019245,0.7650553280000167,session-1,3,3,raw_repetition,ok,
portfolioqaoa_indep_qiskit_6,portfolioqaoa,data/quantum_circuits/portfolioqaoa_indep_qiskit_6.qasm,4dd5e72918722dff3c88e277e20e3ecc1e06dfd0601343e784eeb454470800b7,FakeSherbrooke,fake_sherbrooke,1,1024,1234,1234,6,27,83,45,127,556,1137,192,0,1137,,,0.7673204819984676,0.8764831969965599,session-1,4,3,raw_repetition,ok,
portfolioqaoa_indep_qiskit_7,portfolioqaoa,data/quantum_circuits/portfolioqaoa_indep_qiskit_7.qasm,f8d88243c9d36e41e0eedeff4898e325d59ba4d8ceb4b81c7b48757ade1e94b4,FakeSherbrooke,fake_sherbrooke,1,1024,1234,1234,7,31,107,63,127,699,1591,276,0,1591,0.12838585200006492,0.7653603450016817,0.9077912070024468,1.0361770590025117,session-1,0,3,raw_repetition,ok,
portfolioqaoa_indep_qiskit_7,portfolioqaoa,data/quantum_circuits/portfolioqaoa_indep_qiskit_7.qasm,f8d88243c9d36e41e0eedeff4898e325d59ba4d8ceb4b81c7b48757ade1e94b4,FakeSherbrooke,fake_sherbrooke,1,1024,1234,1234,7,31,107,63,127,699,1591,276,0,1591,,,0.7850636139992275,0.9134494659992924,session-1,1,3,raw_repetition,ok,
portfolioqaoa_indep_qiskit_7,portfolioqaoa,data/quantum_circuits/portfolioqaoa_indep_qiskit_7.qasm,f8d88243c9d36e41e0eedeff4898e325d59ba4d8ceb4b81c7b48757ade1e94b4,FakeSherbrooke,fake_sherbrooke,1,1024,1234,1234,7,31,107,63,127,699,1591,276,0,1591,,,0.8984483650019683,1.0268342170020333,session-1,2,3,raw_repetition,ok,
portfolioqaoa_indep_qiskit_7,portfolioqaoa,data/quantum_circuits/portfolioqaoa_indep_qiskit_7.qasm,f8d88243c9d36e41e0eedeff4898e325d59ba4d8ceb4b81c7b48757ade1e94b4,FakeSherbrooke,fake_sherbrooke,1,1024,1234,1234,7,31,107,63,127,699,1591,276,0,1591,,,0.7807756859983783,0.9091615379984432,session-1,3,3,raw_repetition,ok,
portfolioqaoa_indep_qiskit_7,portfolioqaoa,data/quantum_circuits/portfolioqaoa_indep_qiskit_7.qasm,f8d88243c9d36e41e0eedeff4898e325d59ba4d8ceb4b81c7b48757ade1e94b4,FakeSherbrooke,fake_sherbrooke,1,1024,1234,1234,7,31,107,63,127,699,1591,276,0,1591,,,0.8747539370015147,1.0031397890015796,session-1,4,3,raw_repetition,ok,
portfolioqaoa_indep_qiskit_8,portfolioqaoa,data/quantum_circuits/portfolioqaoa_indep_qiskit_8.qasm,2372d3228c3e3e38e3351feb553380bce5a543c936f73a400de0e54ab470599a,FakeSherbrooke,fake_sherbrooke,1,1024,1234,1234,8,35,134,84,127,864,2194,384,0,2194,0.1670873289986048,0.8463932639970153,0.7348967559992161,0.9019840849978209,session-1,0,3,raw_repetition,ok,
portfolioqaoa_indep_qiskit_8,portfolioqaoa,data/quantum_circuits/portfolioqaoa_indep_qiskit_8.qasm,2372d3228c3e3e38e3351feb553380bce5a543c936f73a400de0e54ab470599a,FakeSherbrooke,fake_sherbrooke,1,1024,1234,1234,8,35,134,84,127,864,2194,384,0,2194,,,0.7251637399967876,0.8922510689953924,session-1,1,3,raw_repetition,ok,
portfolioqaoa_indep_qiskit_8,portfolioqaoa,data/quantum_circuits/portfolioqaoa_indep_qiskit_8.qasm,2372d3228c3e3e38e3351feb553380bce5a543c936f73a400de0e54ab470599a,FakeSherbrooke,fake_sherbrooke,1,1024,1234,1234,8,35,134,84,127,864,2194,384,0,2194,,,0.8501054619991919,1.0171927909977967,session-1,2,3,raw_repetition,ok,
portfolioqaoa_indep_qiskit_8,portfolioqaoa,data/quantum_circuits/portfolioqaoa_indep_qiskit_8.qasm,2372d3228c3e3e38e3351feb553380bce5a543c936f73a400de0e54ab470599a,FakeSherbrooke,fake_sherbrooke,1,1024,1234,1234,8,35,134,84,127,864,2194,384,0,2194,,,0.7338850169981015,0.9009723459967063,session-1,3,3,raw_repetition,ok,
portfolioqaoa_indep_qiskit_8,portfolioqaoa,data/quantum_circuits/portfolioqaoa_indep_qiskit_8.qasm,2372d3228c3e3e38e3351feb553380bce5a543c936f73a400de0e54ab470599a,FakeSherbrooke,fake_sherbrooke,1,1024,1234,1234,8,35,134,84,127,864,2194,384,0,2194,,,0.7230396639970422,0.890126992995647,session-1,4,3,raw_repetition,ok,
portfolioqaoa_indep_qiskit_9,portfolioqaoa,data/quantum_circuits/portfolioqaoa_indep_qiskit_9.qasm,a53b2a3a1ba8397a96b487c44f825f3cab2e0c714b69298f2ab0a839975b173c,FakeSherbrooke,fake_sherbrooke,1,1024,1234,1234,9,39,164,108,127,737,2785,483,0,2785,0.20295700499991653,1.132194994999736,1.0225570170005085,1.225514022000425,session-1,0,3,raw_repetition,ok,
portfolioqaoa_indep_qiskit_9,portfolioqaoa,data/quantum_circuits/portfolioqaoa_indep_qiskit_9.qasm,a53b2a3a1ba8397a96b487c44f825f3cab2e0c714b69298f2ab0a839975b173c,FakeSherbrooke,fake_sherbrooke,1,1024,1234,1234,9,39,164,108,127,737,2785,483,0,2785,,,1.1300675489983405,1.333024553998257,session-1,1,3,raw_repetition,ok,
portfolioqaoa_indep_qiskit_9,portfolioqaoa,data/quantum_circuits/portfolioqaoa_indep_qiskit_9.qasm,a53b2a3a1ba8397a96b487c44f825f3cab2e0c714b69298f2ab0a839975b173c,FakeSherbrooke,fake_sherbrooke,1,1024,1234,1234,9,39,164,108,127,737,2785,483,0,2785,,,1.1376415790000465,1.340598583999963,session-1,2,3,raw_repetition,ok,
portfolioqaoa_indep_qiskit_9,portfolioqaoa,data/quantum_circuits/portfolioqaoa_indep_qiskit_9.qasm,a53b2a3a1ba8397a96b487c44f825f3cab2e0c714b69298f2ab0a839975b173c,FakeSherbrooke,fake_sherbrooke,1,1024,1234,1234,9,39,164,108,127,737,2785,483,0,2785,,,1.0306891689979238,1.2336461739978404,session-1,3,3,raw_repetition,ok,
portfolioqaoa_indep_qiskit_9,portfolioqaoa,data/quantum_circuits/portfolioqaoa_indep_qiskit_9.qasm,a53b2a3a1ba8397a96b487c44f825f3cab2e0c714b69298f2ab0a839975b173c,FakeSherbrooke,fake_sherbrooke,1,1024,1234,1234,9,39,164,108,127,737,2785,483,0,2785,,,1.0392779800022254,1.242234985002142,session-1,4,3,raw_repetition,ok,
portfoliovqe_indep_qiskit_3,portfoliovqe,data/quantum_circuits/portfoliovqe_indep_qiskit_3.qasm,4b5542071ea595cd62184de26c4f1dac3f6afa86f6450f50a28dbe8e1f865257,FakeSherbrooke,fake_sherbrooke,1,1024,1234,1234,3,14,25,9,127,79,134,21,0,134,0.03860248499768204,0.7270554149981763,0.6173411380004836,0.6559436229981657,session-1,0,3,raw_repetition,ok,
portfoliovqe_indep_qiskit_3,portfoliovqe,data/quantum_circuits/portfoliovqe_indep_qiskit_3.qasm,4b5542071ea595cd62184de26c4f1dac3f6afa86f6450f50a28dbe8e1f865257,FakeSherbrooke,fake_sherbrooke,1,1024,1234,1234,3,14,25,9,127,79,134,21,0,134,,,0.7319647209988034,0.7705672059964854,session-1,1,3,raw_repetition,ok,
portfoliovqe_indep_qiskit_3,portfoliovqe,data/quantum_circuits/portfoliovqe_indep_qiskit_3.qasm,4b5542071ea595cd62184de26c4f1dac3f6afa86f6450f50a28dbe8e1f865257,FakeSherbrooke,fake_sherbrooke,1,1024,1234,1234,3,14,25,9,127,79,134,21,0,134,,,0.727331898000557,0.765934382998239,session-1,2,3,raw_repetition,ok,
portfoliovqe_indep_qiskit_3,portfoliovqe,data/quantum_circuits/portfoliovqe_indep_qiskit_3.qasm,4b5542071ea595cd62184de26c4f1dac3f6afa86f6450f50a28dbe8e1f865257,FakeSherbrooke,fake_sherbrooke,1,1024,1234,1234,3,14,25,9,127,79,134,21,0,134,,,0.6144064630025241,0.6530089480002061,session-1,3,3,raw_repetition,ok,
portfoliovqe_indep_qiskit_3,portfoliovqe,data/quantum_circuits/portfoliovqe_indep_qiskit_3.qasm,4b5542071ea595cd62184de26c4f1dac3f6afa86f6450f50a28dbe8e1f865257,FakeSherbrooke,fake_sherbrooke,1,1024,1234,1234,3,14,25,9,127,79,134,21,0,134,,,0.6117437520006206,0.6503462369983026,session-1,4,3,raw_repetition,ok,
portfoliovqe_indep_qiskit_4,portfoliovqe,data/quantum_circuits/portfoliovqe_indep_qiskit_4.qasm,36bb1354ff108648bc8c9c529a2002a53a68e4bfa9bf3529edce11e5d47f851f,FakeSherbrooke,fake_sherbrooke,1,1024,1234,1234,4,18,39,18,127,172,312,54,0,312,0.049822951998066856,0.7373619450008846,0.6066423010015569,0.6564652529996238,session-1,0,3,raw_repetition,ok,
portfoliovqe_indep_qiskit_4,portfoliovqe,data/quantum_circuits/portfoliovqe_indep_qiskit_4.qasm,36bb1354ff108648bc8c9c529a2002a53a68e4bfa9bf3529edce11e5d47f851f,FakeSherbrooke,fake_sherbrooke,1,1024,1234,1234,4,18,39,18,127,172,312,54,0,312,,,0.7107068669974979,0.7605298189955647,session-1,1,3,raw_repetition,ok,
portfoliovqe_indep_qiskit_4,portfoliovqe,data/quantum_circuits/portfoliovqe_indep_qiskit_4.qasm,36bb1354ff108648bc8c9c529a2002a53a68e4bfa9bf3529edce11e5d47f851f,FakeSherbrooke,fake_sherbrooke,1,1024,1234,1234,4,18,39,18,127,172,312,54,0,312,,,0.6044577550019312,0.6542807069999981,session-1,2,3,raw_repetition,ok,
portfoliovqe_indep_qiskit_4,portfoliovqe,data/quantum_circuits/portfoliovqe_indep_qiskit_4.qasm,36bb1354ff108648bc8c9c529a2002a53a68e4bfa9bf3529edce11e5d47f851f,FakeSherbrooke,fake_sherbrooke,1,1024,1234,1234,4,18,39,18,127,172,312,54,0,312,,,0.7196416689985199,0.7694646209965867,session-1,3,3,raw_repetition,ok,
portfoliovqe_indep_qiskit_4,portfoliovqe,data/quantum_circuits/portfoliovqe_indep_qiskit_4.qasm,36bb1354ff108648bc8c9c529a2002a53a68e4bfa9bf3529edce11e5d47f851f,FakeSherbrooke,fake_sherbrooke,1,1024,1234,1234,4,18,39,18,127,172,312,54,0,312,,,0.6132973359999596,0.6631202879980265,session-1,4,3,raw_repetition,ok,
portfoliovqe_indep_qiskit_5,portfoliovqe,data/quantum_circuits/portfoliovqe_indep_qiskit_5.qasm,28b9eac87132bbff64970708737a94c408cfa435ce16cd395a57ab6fbfe5a6f7,FakeSherbrooke,fake_sherbrooke,1,1024,1234,1234,5,22,56,30,127,233,451,78,0,451,0.17715352899904246,0.6346515049990558,0.7297941329998139,0.9069476619988563,session-1,0,3,raw_repetition,ok,
portfoliovqe_indep_qiskit_5,portfoliovqe,data/quantum_circuits/portfoliovqe_indep_qiskit_5.qasm,28b9eac87132bbff64970708737a94c408cfa435ce16cd395a57ab6fbfe5a6f7,FakeSherbrooke,fake_sherbrooke,1,1024,1234,1234,5,22,56,30,127,233,451,78,0,451,,,0.7391700270018191,0.9163235560008616,session-1,1,3,raw_repetition,ok,
portfoliovqe_indep_qiskit_5,portfoliovqe,data/quantum_circuits/portfoliovqe_indep_qiskit_5.qasm,28b9eac87132bbff64970708737a94c408cfa435ce16cd395a57ab6fbfe5a6f7,FakeSherbrooke,fake_sherbrooke,1,1024,1234,1234,5,22,56,30,127,233,451,78,0,451,,,0.6203904530011641,0.7975439820002066,session-1,2,3,raw_repetition,ok,
portfoliovqe_indep_qiskit_5,portfoliovqe,data/quantum_circuits/portfoliovqe_indep_qiskit_5.qasm,28b9eac87132bbff64970708737a94c408cfa435ce16cd395a57ab6fbfe5a6f7,FakeSherbrooke,fake_sherbrooke,1,1024,1234,1234,5,22,56,30,127,233,451,78,0,451,,,0.6173360540014983,0.7944895830005407,session-1,3,3,raw_repetition,ok,
portfoliovqe_indep_qiskit_5,portfoliovqe,data/quantum_circuits/portfoliovqe_indep_qiskit_5.qasm,28b9eac87132bbff64970708737a94c408cfa435ce16cd395a57ab6fbfe5a6f7,FakeSherbrooke,fake_sherbrooke,1,1024,1234,1234,5,22,56,30,127,233,451,78,0,451,,,0.7516017269990698,0.9287552559981123,session-1,4,3,raw_repetition,ok,
portfoliovqe_indep_qiskit_6,portfoliovqe,data/quantum_circuits/portfoliovqe_indep_qiskit_6.qasm,7dafebd46e73b9b279f1ef96da32f7d563de3721b856b4570375ab81951e06fc,FakeSherbrooke,fake_sherbrooke,1,1024,1234,1234,6,26,76,45,127,394,803,147,0,803,0.07848670800012769,0.6404429329995764,0.7445199229987338,0.8230066309988615,session-1,0,3,raw_repetition,ok,
portfoliovqe_indep_qiskit_6,portfoliovqe,data/quantum_circuits/portfoliovqe_indep_qiskit_6.qasm,7dafebd46e73b9b279f1ef96da32f7d563de3721b856b4570375ab81951e06fc,FakeSherbrooke,fake_sherbrooke,1,1024,1234,1234,6,26,76,45,127,394,803,147,0,803,,,0.7621989420003956,0.8406856500005233,session-1,1,3,raw_repetition,ok,
portfoliovqe_indep_qiskit_6,portfoliovqe,data/quantum_circuits/portfoliovqe_indep_qiskit_6.qasm,7dafebd46e73b9b279f1ef96da32f7d563de3721b856b4570375ab81951e06fc,FakeSherbrooke,fake_sherbrooke,1,1024,1234,1234,6,26,76,45,127,394,803,147,0,803,,,0.662456262998603,0.7409429709987307,session-1,2,3,raw_repetition,ok,
portfoliovqe_indep_qiskit_6,portfoliovqe,data/quantum_circuits/portfoliovqe_indep_qiskit_6.qasm,7dafebd46e73b9b279f1ef96da32f7d563de3721b856b4570375ab81951e06fc,FakeSherbrooke,fake_sherbrooke,1,1024,1234,1234,6,26,76,45,127,394,803,147,0,803,,,0.666030802000023,0.7445175100001507,session-1,3,3,raw_repetition,ok,
portfoliovqe_indep_qiskit_6,portfoliovqe,data/quantum_circuits/portfoliovqe_indep_qiskit_6.qasm,7dafebd46e73b9b279f1ef96da32f7d563de3721b856b4570375ab81951e06fc,FakeSherbrooke,fake_sherbrooke,1,1024,1234,1234,6,26,76,45,127,394,803,147,0,803,,,0.7837656690026051,0.8622523770027328,session-1,4,3,raw_repetition,ok,
portfoliovqe_indep_qiskit_7,portfoliovqe,data/quantum_circuits/portfoliovqe_indep_qiskit_7.qasm,99e0865dc3fced630c02b5b2710b24fd9257ba31d54112cde08a769e974f53c4,FakeSherbrooke,fake_sherbrooke,1,1024,1234,1234,7,30,99,63,127,483,1158,213,0,1158,0.10439084099925822,0.7494525189977139,0.8711561429990979,0.9755469839983562,session-1,0,3,raw_repetition,ok,
portfoliovqe_indep_qiskit_7,portfoliovqe,data/quantum_circuits/portfoliovqe_indep_qiskit_7.qasm,99e0865dc3fced630c02b5b2710b24fd9257ba31d54112cde08a769e974f53c4,FakeSherbrooke,fake_sherbrooke,1,1024,1234,1234,7,30,99,63,127,483,1158,213,0,1158,,,0.7265426179983479,0.8309334589976061,session-1,1,3,raw_repetition,ok,
portfoliovqe_indep_qiskit_7,portfoliovqe,data/quantum_circuits/portfoliovqe_indep_qiskit_7.qasm,99e0865dc3fced630c02b5b2710b24fd9257ba31d54112cde08a769e974f53c4,FakeSherbrooke,fake_sherbrooke,1,1024,1234,1234,7,30,99,63,127,483,1158,213,0,1158,,,0.7285019849987293,0.8328928259979875,session-1,2,3,raw_repetition,ok,
portfoliovqe_indep_qiskit_7,portfoliovqe,data/quantum_circuits/portfoliovqe_indep_qiskit_7.qasm,99e0865dc3fced630c02b5b2710b24fd9257ba31d54112cde08a769e974f53c4,FakeSherbrooke,fake_sherbrooke,1,1024,1234,1234,7,30,99,63,127,483,1158,213,0,1158,,,0.8725665560014022,0.9769573970006604,session-1,3,3,raw_repetition,ok,
portfoliovqe_indep_qiskit_7,portfoliovqe,data/quantum_circuits/portfoliovqe_indep_qiskit_7.qasm,99e0865dc3fced630c02b5b2710b24fd9257ba31d54112cde08a769e974f53c4,FakeSherbrooke,fake_sherbrooke,1,1024,1234,1234,7,30,99,63,127,483,1158,213,0,1158,,,0.7371888680027041,0.8415797090019623,session-1,4,3,raw_repetition,ok,
portfoliovqe_indep_qiskit_8,portfoliovqe,data/quantum_circuits/portfoliovqe_indep_qiskit_8.qasm,eb43007109ad9707544629854cfc7259b0e6aa70c5a618cedacbb7d26dd746a0,FakeSherbrooke,fake_sherbrooke,1,1024,1234,1234,8,34,125,84,127,650,1647,300,0,1647,0.24326277100044535,0.7137543630014989,0.747647695003252,0.9909104660036974,session-1,0,3,raw_repetition,ok,
portfoliovqe_indep_qiskit_8,portfoliovqe,data/quantum_circuits/portfoliovqe_indep_qiskit_8.qasm,eb43007109ad9707544629854cfc7259b0e6aa70c5a618cedacbb7d26dd746a0,FakeSherbrooke,fake_sherbrooke,1,1024,1234,1234,8,34,125,84,127,650,1647,300,0,1647,,,0.7388635700008308,0.9821263410012762,session-1,1,3,raw_repetition,ok,
portfoliovqe_indep_qiskit_8,portfoliovqe,data/quantum_circuits/portfoliovqe_indep_qiskit_8.qasm,eb43007109ad9707544629854cfc7259b0e6aa70c5a618cedacbb7d26dd746a0,FakeSherbrooke,fake_sherbrooke,1,1024,1234,1234,8,34,125,84,127,650,1647,300,0,1647,,,0.8730543890014815,1.1163171600019268,session-1,2,3,raw_repetition,ok,
portfoliovqe_indep_qiskit_8,portfoliovqe,data/quantum_circuits/portfoliovqe_indep_qiskit_8.qasm,eb43007109ad9707544629854cfc7259b0e6aa70c5a618cedacbb7d26dd746a0,FakeSherbrooke,fake_sherbrooke,1,1024,1234,1234,8,34,125,84,127,650,1647,300,0,1647,,,0.7513851240000804,0.9946478950005258,session-1,3,3,raw_repetition,ok,
portfoliovqe_indep_qiskit_8,portfoliovqe,data/quantum_circuits/portfoliovqe_indep_qiskit_8.qasm,eb43007109ad9707544629854cfc7259b0e6aa70c5a618cedacbb7d26dd746a0,FakeSherbrooke,fake_sherbrooke,1,1024,1234,1234,8,34,125,84,127,650,1647,300,0,1647,,,0.746136141999159,0.9893989129996044,session-1,4,3,raw_repetition,ok,
portfoliovqe_indep_qiskit_9,portfoliovqe,data/quantum_circuits/portfoliovqe_indep_qiskit_9.qasm,615d076a941f3eec9d225a20b894c8d30a0c90d4834d03fa0ebd5d13e4b46ded,FakeSherbrooke,fake_sherbrooke,1,1024,1234,1234,9,38,154,108,127,509,2039,375,0,2039,0.15640061399972183,1.1509729329991387,1.1268384920003882,1.28323910600011,session-1,0,3,raw_repetition,ok,
portfoliovqe_indep_qiskit_9,portfoliovqe,data/quantum_circuits/portfoliovqe_indep_qiskit_9.qasm,615d076a941f3eec9d225a20b894c8d30a0c90d4834d03fa0ebd5d13e4b46ded,FakeSherbrooke,fake_sherbrooke,1,1024,1234,1234,9,38,154,108,127,509,2039,375,0,2039,,,1.0140037260025565,1.1704043400022783,session-1,1,3,raw_repetition,ok,
portfoliovqe_indep_qiskit_9,portfoliovqe,data/quantum_circuits/portfoliovqe_indep_qiskit_9.qasm,615d076a941f3eec9d225a20b894c8d30a0c90d4834d03fa0ebd5d13e4b46ded,FakeSherbrooke,fake_sherbrooke,1,1024,1234,1234,9,38,154,108,127,509,2039,375,0,2039,,,1.0042392969990033,1.160639910998725,session-1,2,3,raw_repetition,ok,
portfoliovqe_indep_qiskit_9,portfoliovqe,data/quantum_circuits/portfoliovqe_indep_qiskit_9.qasm,615d076a941f3eec9d225a20b894c8d30a0c90d4834d03fa0ebd5d13e4b46ded,FakeSherbrooke,fake_sherbrooke,1,1024,1234,1234,9,38,154,108,127,509,2039,375,0,2039,,,1.1300463839979784,1.2864469979977002,session-1,3,3,raw_repetition,ok,
portfoliovqe_indep_qiskit_9,portfoliovqe,data/quantum_circuits/portfoliovqe_indep_qiskit_9.qasm,615d076a941f3eec9d225a20b894c8d30a0c90d4834d03fa0ebd5d13e4b46ded,FakeSherbrooke,fake_sherbrooke,1,1024,1234,1234,9,38,154,108,127,509,2039,375,0,2039,,,1.0116069850009808,1.1680075990007026,session-1,4,3,raw_repetition,ok,
qaoa_indep_qiskit_3,qaoa,data/quantum_circuits/qaoa_indep_qiskit_3.qasm,45ca196e391297302c92dc6ea0fd119efa62b2ee88e3b85260561e5fbafa7400,FakeSherbrooke,fake_sherbrooke,1,1024,1234,1234,3,10,19,6,127,75,122,18,0,122,0.04853951100085396,0.6216851440003666,0.7348510250012623,0.7833905360021163,session-1,0,3,raw_repetition,ok,
qaoa_indep_qiskit_3,qaoa,data/quantum_circuits/qaoa_indep_qiskit_3.qasm,45ca196e391297302c92dc6ea0fd119efa62b2ee88e3b85260561e5fbafa7400,FakeSherbrooke,fake_sherbrooke,1,1024,1234,1234,3,10,19,6,127,75,122,18,0,122,,,0.63048040799913,0.6790199189999839,session-1,1,3,raw_repetition,ok,
qaoa_indep_qiskit_3,qaoa,data/quantum_circuits/qaoa_indep_qiskit_3.qasm,45ca196e391297302c92dc6ea0fd119efa62b2ee88e3b85260561e5fbafa7400,FakeSherbrooke,fake_sherbrooke,1,1024,1234,1234,3,10,19,6,127,75,122,18,0,122,,,0.6181890480002039,0.6667285590010579,session-1,2,3,raw_repetition,ok,
qaoa_indep_qiskit_3,qaoa,data/quantum_circuits/qaoa_indep_qiskit_3.qasm,45ca196e391297302c92dc6ea0fd119efa62b2ee88e3b85260561e5fbafa7400,FakeSherbrooke,fake_sherbrooke,1,1024,1234,1234,3,10,19,6,127,75,122,18,0,122,,,0.7371177550012362,0.7856572660020902,session-1,3,3,raw_repetition,ok,
qaoa_indep_qiskit_3,qaoa,data/quantum_circuits/qaoa_indep_qiskit_3.qasm,45ca196e391297302c92dc6ea0fd119efa62b2ee88e3b85260561e5fbafa7400,FakeSherbrooke,fake_sherbrooke,1,1024,1234,1234,3,10,19,6,127,75,122,18,0,122,,,0.7337032610012102,0.7822427720020642,session-1,4,3,raw_repetition,ok,
qaoa_indep_qiskit_4,qaoa,data/quantum_circuits/qaoa_indep_qiskit_4.qasm,9649572da691c86252b1620cba73350902b9ba3cf4dbdb3fb2e3531588da98c4,FakeSherbrooke,fake_sherbrooke,1,1024,1234,1234,4,9,25,8,127,63,147,22,0,147,0.04169337199709844,0.6169046120012354,0.7316936989991518,0.7733870709962503,session-1,0,3,raw_repetition,ok,
qaoa_indep_qiskit_4,qaoa,data/quantum_circuits/qaoa_indep_qiskit_4.qasm,9649572da691c86252b1620cba73350902b9ba3cf4dbdb3fb2e3531588da98c4,FakeSherbrooke,fake_sherbrooke,1,1024,1234,1234,4,9,25,8,127,63,147,22,0,147,,,0.6182268120028311,0.6599201839999296,session-1,1,3,raw_repetition,ok,
qaoa_indep_qiskit_4,qaoa,data/quantum_circuits/qaoa_indep_qiskit_4.qasm,9649572da691c86252b1620cba73350902b9ba3cf4dbdb3fb2e3531588da98c4,FakeSherbrooke,fake_sherbrooke,1,1024,1234,1234,4,9,25,8,127,63,147,22,0,147,,,0.7385097190017405,0.7802030909988389,session-1,2,3,raw_repetition,ok,
qaoa_indep_qiskit_4,qaoa,data/quantum_circuits/qaoa_indep_qiskit_4.qasm,9649572da691c86252b1620cba73350902b9ba3cf4dbdb3fb2e3531588da98c4,FakeSherbrooke,fake_sherbrooke,1,1024,1234,1234,4,9,25,8,127,63,147,22,0,147,,,0.7618662790009694,0.8035596509980678,session-1,3,3,raw_repetition,ok,
qaoa_indep_qiskit_4,qaoa,data/quantum_circuits/qaoa_indep_qiskit_4.qasm,9649572da691c86252b1620cba73350902b9ba3cf4dbdb3fb2e3531588da98c4,FakeSherbrooke,fake_sherbrooke,1,1024,1234,1234,4,9,25,8,127,63,147,22,0,147,,,0.6140869489972829,0.6557803209943813,session-1,4,3,raw_repetition,ok,
qaoa_indep_qiskit_5,qaoa,data/quantum_circuits/qaoa_indep_qiskit_5.qasm,f2ce48d725be79c1ea5cbfeb36811261c4e74460588e911c3b2916a9303c1cf5,FakeSherbrooke,fake_sherbrooke,1,1024,1234,1234,5,10,31,10,127,73,205,32,0,205,0.06299714199849404,0.6009743829999934,0.6162491129980481,0.6792462549965421,session-1,0,3,raw_repetition,ok,
qaoa_indep_qiskit_5,qaoa,data/quantum_circuits/qaoa_indep_qiskit_5.qasm,f2ce48d725be79c1ea5cbfeb36811261c4e74460588e911c3b2916a9303c1cf5,FakeSherbrooke,fake_sherbrooke,1,1024,1234,1234,5,10,31,10,127,73,205,32,0,205,,,0.7220102000028419,0.7850073420013359,session-1,1,3,raw_repetition,ok,
qaoa_indep_qiskit_5,qaoa,data/quantum_circuits/qaoa_indep_qiskit_5.qasm,f2ce48d725be79c1ea5cbfeb36811261c4e74460588e911c3b2916a9303c1cf5,FakeSherbrooke,fake_sherbrooke,1,1024,1234,1234,5,10,31,10,127,73,205,32,0,205,,,0.6075360559989349,0.6705331979974289,session-1,2,3,raw_repetition,ok,
qaoa_indep_qiskit_5,qaoa,data/quantum_circuits/qaoa_indep_qiskit_5.qasm,f2ce48d725be79c1ea5cbfeb36811261c4e74460588e911c3b2916a9303c1cf5,FakeSherbrooke,fake_sherbrooke,1,1024,1234,1234,5,10,31,10,127,73,205,32,0,205,,,0.7274983589995827,0.7904955009980767,session-1,3,3,raw_repetition,ok,
qaoa_indep_qiskit_5,qaoa,data/quantum_circuits/qaoa_indep_qiskit_5.qasm,f2ce48d725be79c1ea5cbfeb36811261c4e74460588e911c3b2916a9303c1cf5,FakeSherbrooke,fake_sherbrooke,1,1024,1234,1234,5,10,31,10,127,73,205,32,0,205,,,0.6042060560030222,0.6672031980015163,session-1,4,3,raw_repetition,ok,
qaoa_indep_qiskit_6,qaoa,data/quantum_circuits/qaoa_indep_qiskit_6.qasm,6a475a20ac3d09839e2b43104ca187037db5ff813b811e0d7356adac93d25244,FakeSherbrooke,fake_sherbrooke,1,1024,1234,1234,6,9,37,12,127,93,251,39,0,251,0.05199686800187919,0.7235080409991497,0.7595857390006131,0.8115826070024923,session-1,0,3,raw_repetition,ok,
qaoa_indep_qiskit_6,qaoa,data/quantum_circuits/qaoa_indep_qiskit_6.qasm,6a475a20ac3d09839e2b43104ca187037db5ff813b811e0d7356adac93d25244,FakeSherbrooke,fake_sherbrooke,1,1024,1234,1234,6,9,37,12,127,93,251,39,0,251,,,0.633143128001393,0.6851399960032722,session-1,1,3,raw_repetition,ok,
qaoa_indep_qiskit_6,qaoa,data/quantum_circuits/qaoa_indep_qiskit_6.qasm,6a475a20ac3d09839e2b43104ca187037db5ff813b811e0d7356adac93d25244,FakeSherbrooke,fake_sherbrooke,1,1024,1234,1234,6,9,37,12,127,93,251,39,0,251,,,0.7747879279995686,0.8267847960014478,session-1,2,3,raw_repetition,ok,
qaoa_indep_qiskit_6,qaoa,data/quantum_circuits/qaoa_indep_qiskit_6.qasm,6a475a20ac3d09839e2b43104ca187037db5ff813b811e0d7356adac93d25244,FakeSherbrooke,fake_sherbrooke,1,1024,1234,1234,6,9,37,12,127,93,251,39,0,251,,,0.6421520209987648,0.694148889000644,session-1,3,3,raw_repetition,ok,
qaoa_indep_qiskit_6,qaoa,data/quantum_circuits/qaoa_indep_qiskit_6.qasm,6a475a20ac3d09839e2b43104ca187037db5ff813b811e0d7356adac93d25244,FakeSherbrooke,fake_sherbrooke,1,1024,1234,1234,6,9,37,12,127,93,251,39,0,251,,,0.6180840820015874,0.6700809500034666,session-1,4,3,raw_repetition,ok,
qaoa_indep_qiskit_7,qaoa,data/quantum_circuits/qaoa_indep_qiskit_7.qasm,8e1c1014680274215f87d97c833f99474ed19b3393b2b8eea20a36bde517708b,FakeSherbrooke,fake_sherbrooke,1,1024,1234,1234,7,10,43,14,127,75,274,40,0,274,0.08318331700138515,0.7709410290008236,0.6305407410000043,0.7137240580013895,session-1,0,3,raw_repetition,ok,
qaoa_indep_qiskit_7,qaoa,data/quantum_circuits/qaoa_indep_qiskit_7.qasm,8e1c1014680274215f87d97c833f99474ed19b3393b2b8eea20a36bde517708b,FakeSherbrooke,fake_sherbrooke,1,1024,1234,1234,7,10,43,14,127,75,274,40,0,274,,,0.7701824920004583,0.8533658090018434,session-1,1,3,raw_repetition,ok,
qaoa_indep_qiskit_7,qaoa,data/quantum_circuits/qaoa_indep_qiskit_7.qasm,8e1c1014680274215f87d97c833f99474ed19b3393b2b8eea20a36bde517708b,FakeSherbrooke,fake_sherbrooke,1,1024,1234,1234,7,10,43,14,127,75,274,40,0,274,,,0.6290545810006734,0.7122378980020585,session-1,2,3,raw_repetition,ok,
qaoa_indep_qiskit_7,qaoa,data/quantum_circuits/qaoa_indep_qiskit_7.qasm,8e1c1014680274215f87d97c833f99474ed19b3393b2b8eea20a36bde517708b,FakeSherbrooke,fake_sherbrooke,1,1024,1234,1234,7,10,43,14,127,75,274,40,0,274,,,0.7688516419984808,0.8520349589998659,session-1,3,3,raw_repetition,ok,
qaoa_indep_qiskit_7,qaoa,data/quantum_circuits/qaoa_indep_qiskit_7.qasm,8e1c1014680274215f87d97c833f99474ed19b3393b2b8eea20a36bde517708b,FakeSherbrooke,fake_sherbrooke,1,1024,1234,1234,7,10,43,14,127,75,274,40,0,274,,,0.6504549959972792,0.7336383129986643,session-1,4,3,raw_repetition,ok,
qaoa_indep_qiskit_8,qaoa,data/quantum_circuits/qaoa_indep_qiskit_8.qasm,0a43c652a1c92c83389d952438c22aa0d890a611333da29499d6ff1733925b21,FakeSherbrooke,fake_sherbrooke,1,1024,1234,1234,8,9,49,16,127,69,322,50,0,322,0.0800176709999505,0.7581360699987272,0.7483612700016238,0.8283789410015743,session-1,0,3,raw_repetition,ok,
qaoa_indep_qiskit_8,qaoa,data/quantum_circuits/qaoa_indep_qiskit_8.qasm,0a43c652a1c92c83389d952438c22aa0d890a611333da29499d6ff1733925b21,FakeSherbrooke,fake_sherbrooke,1,1024,1234,1234,8,9,49,16,127,69,322,50,0,322,,,0.6349018750006508,0.7149195460006013,session-1,1,3,raw_repetition,ok,
qaoa_indep_qiskit_8,qaoa,data/quantum_circuits/qaoa_indep_qiskit_8.qasm,0a43c652a1c92c83389d952438c22aa0d890a611333da29499d6ff1733925b21,FakeSherbrooke,fake_sherbrooke,1,1024,1234,1234,8,9,49,16,127,69,322,50,0,322,,,0.764906124000845,0.8449237950007955,session-1,2,3,raw_repetition,ok,
qaoa_indep_qiskit_8,qaoa,data/quantum_circuits/qaoa_indep_qiskit_8.qasm,0a43c652a1c92c83389d952438c22aa0d890a611333da29499d6ff1733925b21,FakeSherbrooke,fake_sherbrooke,1,1024,1234,1234,8,9,49,16,127,69,322,50,0,322,,,0.6296664779983985,0.709684148998349,session-1,3,3,raw_repetition,ok,
qaoa_indep_qiskit_8,qaoa,data/quantum_circuits/qaoa_indep_qiskit_8.qasm,0a43c652a1c92c83389d952438c22aa0d890a611333da29499d6ff1733925b21,FakeSherbrooke,fake_sherbrooke,1,1024,1234,1234,8,9,49,16,127,69,322,50,0,322,,,0.7675642489994061,0.8475819199993566,session-1,4,3,raw_repetition,ok,
qaoa_indep_qiskit_9,qaoa,data/quantum_circuits/qaoa_indep_qiskit_9.qasm,a4a7b8b8d556570de9ea2db286aaa4245fa50f4619f25f0f7414b16d503458d8,FakeSherbrooke,fake_sherbrooke,1,1024,1234,1234,9,10,55,18,127,112,438,69,0,438,0.06620895299784024,17.532954647002043,17.619513401001313,17.685722353999154,session-1,0,3,raw_repetition,ok,
qaoa_indep_qiskit_9,qaoa,data/quantum_circuits/qaoa_indep_qiskit_9.qasm,a4a7b8b8d556570de9ea2db286aaa4245fa50f4619f25f0f7414b16d503458d8,FakeSherbrooke,fake_sherbrooke,1,1024,1234,1234,9,10,55,18,127,112,438,69,0,438,,,17.507124044001102,17.573332996998943,session-1,1,3,raw_repetition,ok,
qaoa_indep_qiskit_9,qaoa,data/quantum_circuits/qaoa_indep_qiskit_9.qasm,a4a7b8b8d556570de9ea2db286aaa4245fa50f4619f25f0f7414b16d503458d8,FakeSherbrooke,fake_sherbrooke,1,1024,1234,1234,9,10,55,18,127,112,438,69,0,438,,,17.643507516000682,17.709716468998522,session-1,2,3,raw_repetition,ok,
qaoa_indep_qiskit_9,qaoa,data/quantum_circuits/qaoa_indep_qiskit_9.qasm,a4a7b8b8d556570de9ea2db286aaa4245fa50f4619f25f0f7414b16d503458d8,FakeSherbrooke,fake_sherbrooke,1,1024,1234,1234,9,10,55,18,127,112,438,69,0,438,,,17.55494177699802,17.62115072999586,session-1,3,3,raw_repetition,ok,
qaoa_indep_qiskit_9,qaoa,data/quantum_circuits/qaoa_indep_qiskit_9.qasm,a4a7b8b8d556570de9ea2db286aaa4245fa50f4619f25f0f7414b16d503458d8,FakeSherbrooke,fake_sherbrooke,1,1024,1234,1234,9,10,55,18,127,112,438,69,0,438,,,17.53710406299797,17.60331301599581,session-1,4,3,raw_repetition,ok,
qft_indep_qiskit_2,qft,data/quantum_circuits/qft_indep_qiskit_2.qasm,aa91238ec5978b739b87b3a657746a8786de113397a5abeadf726d1dd9c836b3,FakeSherbrooke,fake_sherbrooke,1,1024,1234,1234,2,5,7,1,127,22,38,5,0,38,0.02103417399848695,0.7115010500019707,0.7219569869994302,0.7429911609979172,session-1,0,3,raw_repetition,ok,
qft_indep_qiskit_2,qft,data/quantum_circuits/qft_indep_qiskit_2.qasm,aa91238ec5978b739b87b3a657746a8786de113397a5abeadf726d1dd9c836b3,FakeSherbrooke,fake_sherbrooke,1,1024,1234,1234,2,5,7,1,127,22,38,5,0,38,,,0.5950042490003398,0.6160384229988267,session-1,1,3,raw_repetition,ok,
qft_indep_qiskit_2,qft,data/quantum_circuits/qft_indep_qiskit_2.qasm,aa91238ec5978b739b87b3a657746a8786de113397a5abeadf726d1dd9c836b3,FakeSherbrooke,fake_sherbrooke,1,1024,1234,1234,2,5,7,1,127,22,38,5,0,38,,,0.7182261369998741,0.7392603109983611,session-1,2,3,raw_repetition,ok,
qft_indep_qiskit_2,qft,data/quantum_circuits/qft_indep_qiskit_2.qasm,aa91238ec5978b739b87b3a657746a8786de113397a5abeadf726d1dd9c836b3,FakeSherbrooke,fake_sherbrooke,1,1024,1234,1234,2,5,7,1,127,22,38,5,0,38,,,0.7544145079991722,0.7754486819976592,session-1,3,3,raw_repetition,ok,
qft_indep_qiskit_2,qft,data/quantum_circuits/qft_indep_qiskit_2.qasm,aa91238ec5978b739b87b3a657746a8786de113397a5abeadf726d1dd9c836b3,FakeSherbrooke,fake_sherbrooke,1,1024,1234,1234,2,5,7,1,127,22,38,5,0,38,,,0.6077575220006111,0.628791695999098,session-1,4,3,raw_repetition,ok,
qft_indep_qiskit_3,qft,data/quantum_circuits/qft_indep_qiskit_3.qasm,7f613ccae98ac8124d086ee9a39d94b1ed019520da8c3277395b109fd22d7d4d,FakeSherbrooke,fake_sherbrooke,1,1024,1234,1234,3,7,11,1,127,55,90,12,0,90,0.03697579900108394,0.6123445029988943,0.6045610860019224,0.6415368850030063,session-1,0,3,raw_repetition,ok,
qft_indep_qiskit_3,qft,data/quantum_circuits/qft_indep_qiskit_3.qasm,7f613ccae98ac8124d086ee9a39d94b1ed019520da8c3277395b109fd22d7d4d,FakeSherbrooke,fake_sherbrooke,1,1024,1234,1234,3,7,11,1,127,55,90,12,0,90,,,0.7233287659983034,0.7603045649993874,session-1,1,3,raw_repetition,ok,
qft_indep_qiskit_3,qft,data/quantum_circuits/qft_indep_qiskit_3.qasm,7f613ccae98ac8124d086ee9a39d94b1ed019520da8c3277395b109fd22d7d4d,FakeSherbrooke,fake_sherbrooke,1,1024,1234,1234,3,7,11,1,127,55,90,12,0,90,,,0.6067342010028369,0.6437100000039209,session-1,2,3,raw_repetition,ok,
qft_indep_qiskit_3,qft,data/quantum_circuits/qft_indep_qiskit_3.qasm,7f613ccae98ac8124d086ee9a39d94b1ed019520da8c3277395b109fd22d7d4d,FakeSherbrooke,fake_sherbrooke,1,1024,1234,1234,3,7,11,1,127,55,90,12,0,90,,,0.7153105779980251,0.752286376999109,session-1,3,3,raw_repetition,ok,
qft_indep_qiskit_3,qft,data/quantum_circuits/qft_indep_qiskit_3.qasm,7f613ccae98ac8124d086ee9a39d94b1ed019520da8c3277395b109fd22d7d4d,FakeSherbrooke,fake_sherbrooke,1,1024,1234,1234,3,7,11,1,127,55,90,12,0,90,,,0.613992459999281,0.6509682590003649,session-1,4,3,raw_repetition,ok,
qft_indep_qiskit_4,qft,data/quantum_circuits/qft_indep_qiskit_4.qasm,ea84355871fa77560419766f8000de4dcb0eea29468bcb0d89a1c84edff34f61,FakeSherbrooke,fake_sherbrooke,1,1024,1234,1234,4,9,17,2,127,98,184,27,0,184,0.04502929000227596,0.6191115630026616,0.766977693001536,0.8120069830038119,session-1,0,3,raw_repetition,ok,
qft_indep_qiskit_4,qft,data/quantum_circuits/qft_indep_qiskit_4.qasm,ea84355871fa77560419766f8000de4dcb0eea29468bcb0d89a1c84edff34f61,FakeSherbrooke,fake_sherbrooke,1,1024,1234,1234,4,9,17,2,127,98,184,27,0,184,,,0.6365585879975697,0.6815878779998457,session-1,1,3,raw_repetition,ok,
qft_indep_qiskit_4,qft,data/quantum_circuits/qft_indep_qiskit_4.qasm,ea84355871fa77560419766f8000de4dcb0eea29468bcb0d89a1c84edff34f61,FakeSherbrooke,fake_sherbrooke,1,1024,1234,1234,4,9,17,2,127,98,184,27,0,184,,,0.6262333680024312,0.6712626580047072,session-1,2,3,raw_repetition,ok,
qft_indep_qiskit_4,qft,data/quantum_circuits/qft_indep_qiskit_4.qasm,ea84355871fa77560419766f8000de4dcb0eea29468bcb0d89a1c84edff34f61,FakeSherbrooke,fake_sherbrooke,1,1024,1234,1234,4,9,17,2,127,98,184,27,0,184,,,0.7471777329992619,0.7922070230015379,session-1,3,3,raw_repetition,ok,
qft_indep_qiskit_4,qft,data/quantum_circuits/qft_indep_qiskit_4.qasm,ea84355871fa77560419766f8000de4dcb0eea29468bcb0d89a1c84edff34f61,FakeSherbrooke,fake_sherbrooke,1,1024,1234,1234,4,9,17,2,127,98,184,27,0,184,,,0.6201923389999138,0.6652216290021897,session-1,4,3,raw_repetition,ok,
qft_indep_qiskit_5,qft,data/quantum_circuits/qft_indep_qiskit_5.qasm,0285fd21a0dd1ca29cd386de85a1a8af49cc7d71f5c86f6451b55a11c68864a8,FakeSherbrooke,fake_sherbrooke,1,1024,1234,1234,5,11,23,2,127,145,284,41,0,284,0.04820083000231534,0.7642297249985859,0.63696945799893,0.6851702880012454,session-1,0,3,raw_repetition,ok,
qft_indep_qiskit_5,qft,data/quantum_circuits/qft_indep_qiskit_5.qasm,0285fd21a0dd1ca29cd386de85a1a8af49cc7d71f5c86f6451b55a11c68864a8,FakeSherbrooke,fake_sherbrooke,1,1024,1234,1234,5,11,23,2,127,145,284,41,0,284,,,0.6233044910004537,0.671505321002769,session-1,1,3,raw_repetition,ok,
qft_indep_qiskit_5,qft,data/quantum_circuits/qft_indep_qiskit_5.qasm,0285fd21a0dd1ca29cd386de85a1a8af49cc7d71f5c86f6451b55a11c68864a8,FakeSherbrooke,fake_sherbrooke,1,1024,1234,1234,5,11,23,2,127,145,284,41,0,284,,,0.7233054150019598,0.7715062450042751,session-1,2,3,raw_repetition,ok,
qft_indep_qiskit_5,qft,data/quantum_circuits/qft_indep_qiskit_5.qasm,0285fd21a0dd1ca29cd386de85a1a8af49cc7d71f5c86f6451b55a11c68864a8,FakeSherbrooke,fake_sherbrooke,1,1024,1234,1234,5,11,23,2,127,145,284,41,0,284,,,0.7416118109977106,0.7898126410000259,session-1,3,3,raw_repetition,ok,
qft_indep_qiskit_5,qft,data/quantum_circuits/qft_indep_qiskit_5.qasm,0285fd21a0dd1ca29cd386de85a1a8af49cc7d71f5c86f6451b55a11c68864a8,FakeSherbrooke,fake_sherbrooke,1,1024,1234,1234,5,11,23,2,127,145,284,41,0,284,,,0.6221076709989575,0.6703085010012728,session-1,4,3,raw_repetition,ok,
qft_indep_qiskit_6,qft,data/quantum_circuits/qft_indep_qiskit_6.qasm,cbe1ca5505b485bd87b2e68f2b38ecae377e29f823c30e4c44d3f5f87d4266f7,FakeSherbrooke,fake_sherbrooke,1,1024,1234,1234,6,13,31,3,127,185,436,69,0,436,0.05758740799865336,0.626100151999708,0.6431578410010843,0.7007452489997377,session-1,0,3,raw_repetition,ok,
qft_indep_qiskit_6,qft,data/quantum_circuits/qft_indep_qiskit_6.qasm,cbe1ca5505b485bd87b2e68f2b38ecae377e29f823c30e4c44d3f5f87d4266f7,FakeSherbrooke,fake_sherbrooke,1,1024,1234,1234,6,13,31,3,127,185,436,69,0,436,,,0.621708047001448,0.6792954550001014,session-1,1,3,raw_repetition,ok,
qft_indep_qiskit_6,qft,data/quantum_circuits/qft_indep_qiskit_6.qasm,cbe1ca5505b485bd87b2e68f2b38ecae377e29f823c30e4c44d3f5f87d4266f7,FakeSherbrooke,fake_sherbrooke,1,1024,1234,1234,6,13,31,3,127,185,436,69,0,436,,,0.7517489749989181,0.8093363829975715,session-1,2,3,raw_repetition,ok,
qft_indep_qiskit_6,qft,data/quantum_circuits/qft_indep_qiskit_6.qasm,cbe1ca5505b485bd87b2e68f2b38ecae377e29f823c30e4c44d3f5f87d4266f7,FakeSherbrooke,fake_sherbrooke,1,1024,1234,1234,6,13,31,3,127,185,436,69,0,436,,,0.6500006409987691,0.7075880489974224,session-1,3,3,raw_repetition,ok,
qft_indep_qiskit_6,qft,data/quantum_circuits/qft_indep_qiskit_6.qasm,cbe1ca5505b485bd87b2e68f2b38ecae377e29f823c30e4c44d3f5f87d4266f7,FakeSherbrooke,fake_sherbrooke,1,1024,1234,1234,6,13,31,3,127,185,436,69,0,436,,,0.6460376159993757,0.7036250239980291,session-1,4,3,raw_repetition,ok,
qft_indep_qiskit_7,qft,data/quantum_circuits/qft_indep_qiskit_7.qasm,01de4bb89da48a3fc09c31d41d509c1446c6a4a3b329612c5baf0d39c56a922e,FakeSherbrooke,fake_sherbrooke,1,1024,1234,1234,7,15,39,3,127,291,620,99,0,620,0.06830671299758251,0.8135150169982808,0.6630331849992217,0.7313398979968042,session-1,0,3,raw_repetition,ok,
qft_indep_qiskit_7,qft,data/quantum_circuits/qft_indep_qiskit_7.qasm,01de4bb89da48a3fc09c31d41d509c1446c6a4a3b329612c5baf0d39c56a922e,FakeSherbrooke,fake_sherbrooke,1,1024,1234,1234,7,15,39,3,127,291,620,99,0,620,,,0.7898692950002442,0.8581760079978267,session-1,1,3,raw_repetition,ok,
qft_indep_qiskit_7,qft,data/quantum_circuits/qft_indep_qiskit_7.qasm,01de4bb89da48a3fc09c31d41d509c1446c6a4a3b329612c5baf0d39c56a922e,FakeSherbrooke,fake_sherbrooke,1,1024,1234,1234,7,15,39,3,127,291,620,99,0,620,,,0.6686045639980875,0.73691127699567,session-1,2,3,raw_repetition,ok,
qft_indep_qiskit_7,qft,data/quantum_circuits/qft_indep_qiskit_7.qasm,01de4bb89da48a3fc09c31d41d509c1446c6a4a3b329612c5baf0d39c56a922e,FakeSherbrooke,fake_sherbrooke,1,1024,1234,1234,7,15,39,3,127,291,620,99,0,620,,,0.7879885239999567,0.8562952369975392,session-1,3,3,raw_repetition,ok,
qft_indep_qiskit_7,qft,data/quantum_circuits/qft_indep_qiskit_7.qasm,01de4bb89da48a3fc09c31d41d509c1446c6a4a3b329612c5baf0d39c56a922e,FakeSherbrooke,fake_sherbrooke,1,1024,1234,1234,7,15,39,3,127,291,620,99,0,620,,,0.6715889680017426,0.7398956809993251,session-1,4,3,raw_repetition,ok,
qft_indep_qiskit_8,qft,data/quantum_circuits/qft_indep_qiskit_8.qasm,e4664972befc3ffed396f3842bf910be22c2fbe7f293d3c295b971dfe094d398,FakeSherbrooke,fake_sherbrooke,1,1024,1234,1234,8,17,49,4,127,349,864,140,0,864,0.08198596000147518,0.6690293540013954,0.6731254379992606,0.7551113980007358,session-1,0,3,raw_repetition,ok,
qft_indep_qiskit_8,qft,data/quantum_circuits/qft_indep_qiskit_8.qasm,e4664972befc3ffed396f3842bf910be22c2fbe7f293d3c295b971dfe094d398,FakeSherbrooke,fake_sherbrooke,1,1024,1234,1234,8,17,49,4,127,349,864,140,0,864,,,0.6682946040018578,0.750280564003333,session-1,1,3,raw_repetition,ok,
qft_indep_qiskit_8,qft,data/quantum_circuits/qft_indep_qiskit_8.qasm,e4664972befc3ffed396f3842bf910be22c2fbe7f293d3c295b971dfe094d398,FakeSherbrooke,fake_sherbrooke,1,1024,1234,1234,8,17,49,4,127,349,864,140,0,864,,,0.7738896180017036,0.8558755780031788,session-1,2,3,raw_repetition,ok,
qft_indep_qiskit_8,qft,data/quantum_circuits/qft_indep_qiskit_8.qasm,e4664972befc3ffed396f3842bf910be22c2fbe7f293d3c295b971dfe094d398,FakeSherbrooke,fake_sherbrooke,1,1024,1234,1234,8,17,49,4,127,349,864,140,0,864,,,0.6545973379979841,0.7365832979994593,session-1,3,3,raw_repetition,ok,
qft_indep_qiskit_8,qft,data/quantum_circuits/qft_indep_qiskit_8.qasm,e4664972befc3ffed396f3842bf910be22c2fbe7f293d3c295b971dfe094d398,FakeSherbrooke,fake_sherbrooke,1,1024,1234,1234,8,17,49,4,127,349,864,140,0,864,,,0.6418207879978581,0.7238067479993333,session-1,4,3,raw_repetition,ok,
qft_indep_qiskit_9,qft,data/quantum_circuits/qft_indep_qiskit_9.qasm,e0c3acec67c0fb535add575a46e01889b30ec7970005214fd2188b94ae3a55a5,FakeSherbrooke,fake_sherbrooke,1,1024,1234,1234,9,19,59,4,127,456,1138,189,0,1138,0.09866801099997247,0.8859965240008023,0.8805311340001936,0.979199145000166,session-1,0,3,raw_repetition,ok,
qft_indep_qiskit_9,qft,data/quantum_circuits/qft_indep_qiskit_9.qasm,e0c3acec67c0fb535add575a46e01889b30ec7970005214fd2188b94ae3a55a5,FakeSherbrooke,fake_sherbrooke,1,1024,1234,1234,9,19,59,4,127,456,1138,189,0,1138,,,0.7707870029989863,0.8694550139989587,session-1,1,3,raw_repetition,ok,
qft_indep_qiskit_9,qft,data/quantum_circuits/qft_indep_qiskit_9.qasm,e0c3acec67c0fb535add575a46e01889b30ec7970005214fd2188b94ae3a55a5,FakeSherbrooke,fake_sherbrooke,1,1024,1234,1234,9,19,59,4,127,456,1138,189,0,1138,,,0.8916287469983217,0.9902967579982942,session-1,2,3,raw_repetition,ok,
qft_indep_qiskit_9,qft,data/quantum_circuits/qft_indep_qiskit_9.qasm,e0c3acec67c0fb535add575a46e01889b30ec7970005214fd2188b94ae3a55a5,FakeSherbrooke,fake_sherbrooke,1,1024,1234,1234,9,19,59,4,127,456,1138,189,0,1138,,,0.7731090489978669,0.8717770599978394,session-1,3,3,raw_repetition,ok,
qft_indep_qiskit_9,qft,data/quantum_circuits/qft_indep_qiskit_9.qasm,e0c3acec67c0fb535add575a46e01889b30ec7970005214fd2188b94ae3a55a5,FakeSherbrooke,fake_sherbrooke,1,1024,1234,1234,9,19,59,4,127,456,1138,189,0,1138,,,0.7606213210019632,0.8592893320019357,session-1,4,3,raw_repetition,ok,
qftentangled_indep_qiskit_2,qftentangled,data/quantum_circuits/qftentangled_indep_qiskit_2.qasm,02d66e8b66849fdd0f0581b84924adbd1bd2d7603e25e5e9faa447ac2a6708d0,FakeSherbrooke,fake_sherbrooke,1,1024,1234,1234,2,7,9,2,127,26,44,6,0,44,0.023058930000843247,0.7212886529996467,0.6043832529976498,0.6274421829984931,session-1,0,3,raw_repetition,ok,
qftentangled_indep_qiskit_2,qftentangled,data/quantum_circuits/qftentangled_indep_qiskit_2.qasm,02d66e8b66849fdd0f0581b84924adbd1bd2d7603e25e5e9faa447ac2a6708d0,FakeSherbrooke,fake_sherbrooke,1,1024,1234,1234,2,7,9,2,127,26,44,6,0,44,,,0.7433807110028283,0.7664396410036716,session-1,1,3,raw_repetition,ok,
qftentangled_indep_qiskit_2,qftentangled,data/quantum_circuits/qftentangled_indep_qiskit_2.qasm,02d66e8b66849fdd0f0581b84924adbd1bd2d7603e25e5e9faa447ac2a6708d0,FakeSherbrooke,fake_sherbrooke,1,1024,1234,1234,2,7,9,2,127,26,44,6,0,44,,,0.6047544870016281,0.6278134170024714,session-1,2,3,raw_repetition,ok,
qftentangled_indep_qiskit_2,qftentangled,data/quantum_circuits/qftentangled_indep_qiskit_2.qasm,02d66e8b66849fdd0f0581b84924adbd1bd2d7603e25e5e9faa447ac2a6708d0,FakeSherbrooke,fake_sherbrooke,1,1024,1234,1234,2,7,9,2,127,26,44,6,0,44,,,0.6007891949993791,0.6238481250002224,session-1,3,3,raw_repetition,ok,
qftentangled_indep_qiskit_2,qftentangled,data/quantum_circuits/qftentangled_indep_qiskit_2.qasm,02d66e8b66849fdd0f0581b84924adbd1bd2d7603e25e5e9faa447ac2a6708d0,FakeSherbrooke,fake_sherbrooke,1,1024,1234,1234,2,7,9,2,127,26,44,6,0,44,,,0.708411890998832,0.7314708209996752,session-1,4,3,raw_repetition,ok,
qftentangled_indep_qiskit_3,qftentangled,data/quantum_circuits/qftentangled_indep_qiskit_3.qasm,5ab4253ed51b729f331c9f3cc78bfecd3ecb2fed2e98818816bf3f64e22f1bfe,FakeSherbrooke,fake_sherbrooke,1,1024,1234,1234,3,9,14,3,127,56,93,14,0,93,0.035339154997927835,0.596781385000213,0.6087159679991601,0.6440551229970879,session-1,0,3,raw_repetition,ok,
qftentangled_indep_qiskit_3,qftentangled,data/quantum_circuits/qftentangled_indep_qiskit_3.qasm,5ab4253ed51b729f331c9f3cc78bfecd3ecb2fed2e98818816bf3f64e22f1bfe,FakeSherbrooke,fake_sherbrooke,1,1024,1234,1234,3,9,14,3,127,56,93,14,0,93,,,0.7412955889994919,0.7766347439974197,session-1,1,3,raw_repetition,ok,
qftentangled_indep_qiskit_3,qftentangled,data/quantum_circuits/qftentangled_indep_qiskit_3.qasm,5ab4253ed51b729f331c9f3cc78bfecd3ecb2fed2e98818816bf3f64e22f1bfe,FakeSherbrooke,fake_sherbrooke,1,1024,1234,1234,3,9,14,3,127,56,93,14,0,93,,,0.6331995119981002,0.668538666996028,session-1,2,3,raw_repetition,ok,
qftentangled_indep_qiskit_3,qftentangled,data/quantum_circuits/qftentangled_indep_qiskit_3.qasm,5ab4253ed51b729f331c9f3cc78bfecd3ecb2fed2e98818816bf3f64e22f1bfe,FakeSherbrooke,fake_sherbrooke,1,1024,1234,1234,3,9,14,3,127,56,93,14,0,93,,,0.61198605699974,0.6473252119976678,session-1,3,3,raw_repetition,ok,
qftentangled_indep_qiskit_3,qftentangled,data/quantum_circuits/qftentangled_indep_qiskit_3.qasm,5ab4253ed51b729f331c9f3cc78bfecd3ecb2fed2e98818816bf3f64e22f1bfe,FakeSherbrooke,fake_sherbrooke,1,1024,1234,1234,3,9,14,3,127,56,93,14,0,93,,,0.7252296200022101,0.760568775000138,session-1,4,3,raw_repetition,ok,
qftentangled_indep_qiskit_4,qftentangled,data/quantum_circuits/qftentangled_indep_qiskit_4.qasm,d7a22ac29418bcf9f00346732fe1b985f8e0b9df60273404dabbf4a62027715f,FakeSherbrooke,fake_sherbrooke,1,1024,1234,1234,4,11,21,5,127,113,193,30,0,193,0.04118580700014718,0.6150446749998082,0.7394077920034761,0.7805935990036232,session-1,0,3,raw_repetition,ok,
qftentangled_indep_qiskit_4,qftentangled,data/quantum_circuits/qftentangled_indep_qiskit_4.qasm,d7a22ac29418bcf9f00346732fe1b985f8e0b9df60273404dabbf4a62027715f,FakeSherbrooke,fake_sherbrooke,1,1024,1234,1234,4,11,21,5,127,113,193,30,0,193,,,0.7691810530013754,0.8103668600015226,session-1,1,3,raw_repetition,ok,
qftentangled_indep_qiskit_4,qftentangled,data/quantum_circuits/qftentangled_indep_qiskit_4.qasm,d7a22ac29418bcf9f00346732fe1b985f8e0b9df60273404dabbf4a62027715f,FakeSherbrooke,fake_sherbrooke,1,1024,1234,1234,4,11,21,5,127,113,193,30,0,193,,,0.638710668998101,0.6798964759982482,session-1,2,3,raw_repetition,ok,
qftentangled_indep_qiskit_4,qftentangled,data/quantum_circuits/qftentangled_indep_qiskit_4.qasm,d7a22ac29418bcf9f00346732fe1b985f8e0b9df60273404dabbf4a62027715f,FakeSherbrooke,fake_sherbrooke,1,1024,1234,1234,4,11,21,5,127,113,193,30,0,193,,,0.6218935519973456,0.6630793589974928,session-1,3,3,raw_repetition,ok,
qftentangled_indep_qiskit_4,qftentangled,data/quantum_circuits/qftentangled_indep_qiskit_4.qasm,d7a22ac29418bcf9f00346732fe1b985f8e0b9df60273404dabbf4a62027715f,FakeSherbrooke,fake_sherbrooke,1,1024,1234,1234,4,11,21,5,127,113,193,30,0,193,,,0.718577378000191,0.7597631850003381,session-1,4,3,raw_repetition,ok,
qftentangled_indep_qiskit_5,qftentangled,data/quantum_circuits/qftentangled_indep_qiskit_5.qasm,4ee5846eef239e2b0e0d3f950f78b5b4b8af213f0063eb50be6bf50bdbb4385d,FakeSherbrooke,fake_sherbrooke,1,1024,1234,1234,5,13,28,6,127,177,322,51,0,322,0.05250833600075566,0.6079790290023084,0.7256354989985994,0.778143834999355,session-1,0,3,raw_repetition,ok,
qftentangled_indep_qiskit_5,qftentangled,data/quantum_circuits/qftentangled_indep_qiskit_5.qasm,4ee5846eef239e2b0e0d3f950f78b5b4b8af213f0063eb50be6bf50bdbb4385d,FakeSherbrooke,fake_sherbrooke,1,1024,1234,1234,5,13,28,6,127,177,322,51,0,322,,,0.6003183129978424,0.6528266489985981,session-1,1,3,raw_repetition,ok,
qftentangled_indep_qiskit_5,qftentangled,data/quantum_circuits/qftentangled_indep_qiskit_5.qasm,4ee5846eef239e2b0e0d3f950f78b5b4b8af213f0063eb50be6bf50bdbb4385d,FakeSherbrooke,fake_sherbrooke,1,1024,1234,1234,5,13,28,6,127,177,322,51,0,322,,,0.7140370950000943,0.7665454310008499,session-1,2,3,raw_repetition,ok,
qftentangled_indep_qiskit_5,qftentangled,data/quantum_circuits/qftentangled_indep_qiskit_5.qasm,4ee5846eef239e2b0e0d3f950f78b5b4b8af213f0063eb50be6bf50bdbb4385d,FakeSherbrooke,fake_sherbrooke,1,1024,1234,1234,5,13,28,6,127,177,322,51,0,322,,,0.60606265000024,0.6585709860009956,session-1,3,3,raw_repetition,ok,
qftentangled_indep_qiskit_5,qftentangled,data/quantum_circuits/qftentangled_indep_qiskit_5.qasm,4ee5846eef239e2b0e0d3f950f78b5b4b8af213f0063eb50be6bf50bdbb4385d,FakeSherbrooke,fake_sherbrooke,1,1024,1234,1234,5,13,28,6,127,177,322,51,0,322,,,0.711588597001537,0.7640969330022926,session-1,4,3,raw_repetition,ok,
qftentangled_indep_qiskit_6,qftentangled,data/quantum_circuits/qftentangled_indep_qiskit_6.qasm,7c8832728feaaf34fac1fda49dfcbfbf655902b5b4eb3f1b11e43f21d15de5bf,FakeSherbrooke,fake_sherbrooke,1,1024,1234,1234,6,15,37,8,127,218,491,80,0,491,0.06188402999760001,0.741985555003339,0.6285956369974883,0.6904796669950883,session-1,0,3,raw_repetition,ok,
qftentangled_indep_qiskit_6,qftentangled,data/quantum_circuits/qftentangled_indep_qiskit_6.qasm,7c8832728feaaf34fac1fda49dfcbfbf655902b5b4eb3f1b11e43f21d15de5bf,FakeSherbrooke,fake_sherbrooke,1,1024,1234,1234,6,15,37,8,127,218,491,80,0,491,,,0.6251251300018339,0.6870091599994339,session-1,1,3,raw_repetition,ok,
qftentangled_indep_qiskit_6,qftentangled,data/quantum_circuits/qftentangled_indep_qiskit_6.qasm,7c8832728feaaf34fac1fda49dfcbfbf655902b5b4eb3f1b11e43f21d15de5bf,FakeSherbrooke,fake_sherbrooke,1,1024,1234,1234,6,15,37,8,127,218,491,80,0,491,,,0.7379525879987341,0.7998366179963341,session-1,2,3,raw_repetition,ok,
qftentangled_indep_qiskit_6,qftentangled,data/quantum_circuits/qftentangled_indep_qiskit_6.qasm,7c8832728feaaf34fac1fda49dfcbfbf655902b5b4eb3f1b11e43f21d15de5bf,FakeSherbrooke,fake_sherbrooke,1,1024,1234,1234,6,15,37,8,127,218,491,80,0,491,,,0.6466906070018013,0.7085746369994013,session-1,3,3,raw_repetition,ok,
qftentangled_indep_qiskit_6,qftentangled,data/quantum_circuits/qftentangled_indep_qiskit_6.qasm,7c8832728feaaf34fac1fda49dfcbfbf655902b5b4eb3f1b11e43f21d15de5bf,FakeSherbrooke,fake_sherbrooke,1,1024,1234,1234,6,15,37,8,127,218,491,80,0,491,,,0.7502636900026118,0.8121477200002118,session-1,4,3,raw_repetition,ok,
qftentangled_indep_qiskit_7,qftentangled,data/quantum_circuits/qftentangled_indep_qiskit_7.qasm,f0e0170b510412a7e964e82f14793115a9e53a1b250283a74abd893a45b5f20e,FakeSherbrooke,fake_sherbrooke,1,1024,1234,1234,7,17,46,9,127,282,746,123,0,746,0.08724459200311685,0.709396944999753,0.8126314740002272,0.899876066003344,session-1,0,3,raw_repetition,ok,
qftentangled_indep_qiskit_7,qftentangled,data/quantum_circuits/qftentangled_indep_qiskit_7.qasm,f0e0170b510412a7e964e82f14793115a9e53a1b250283a74abd893a45b5f20e,FakeSherbrooke,fake_sherbrooke,1,1024,1234,1234,7,17,46,9,127,282,746,123,0,746,,,0.7124899580012425,0.7997345500043593,session-1,1,3,raw_repetition,ok,
qftentangled_indep_qiskit_7,qftentangled,data/quantum_circuits/qftentangled_indep_qiskit_7.qasm,f0e0170b510412a7e964e82f14793115a9e53a1b250283a74abd893a45b5f20e,FakeSherbrooke,fake_sherbrooke,1,1024,1234,1234,7,17,46,9,127,282,746,123,0,746,,,0.6956725470008678,0.7829171390039846,session-1,2,3,raw_repetition,ok,
qftentangled_indep_qiskit_7,qftentangled,data/quantum_circuits/qftentangled_indep_qiskit_7.qasm,f0e0170b510412a7e964e82f14793115a9e53a1b250283a74abd893a45b5f20e,FakeSherbrooke,fake_sherbrooke,1,1024,1234,1234,7,17,46,9,127,282,746,123,0,746,,,0.7874070660000143,0.8746516580031312,session-1,3,3,raw_repetition,ok,
qftentangled_indep_qiskit_7,qftentangled,data/quantum_circuits/qftentangled_indep_qiskit_7.qasm,f0e0170b510412a7e964e82f14793115a9e53a1b250283a74abd893a45b5f20e,FakeSherbrooke,fake_sherbrooke,1,1024,1234,1234,7,17,46,9,127,282,746,123,0,746,,,0.6764128559989331,0.7636574480020499,session-1,4,3,raw_repetition,ok,
qftentangled_indep_qiskit_8,qftentangled,data/quantum_circuits/qftentangled_indep_qiskit_8.qasm,8711737782301f568af1980707e62c989655488357aa858d6c63bb8e206ae4fc,FakeSherbrooke,fake_sherbrooke,1,1024,1234,1234,8,19,57,11,127,381,1042,177,0,1042,0.09263082799952826,0.7814499269989028,0.663072008999734,0.7557028369992622,session-1,0,3,raw_repetition,ok,
qftentangled_indep_qiskit_8,qftentangled,data/quantum_circuits/qftentangled_indep_qiskit_8.qasm,8711737782301f568af1980707e62c989655488357aa858d6c63bb8e206ae4fc,FakeSherbrooke,fake_sherbrooke,1,1024,1234,1234,8,19,57,11,127,381,1042,177,0,1042,,,0.7865513450014987,0.879182173001027,session-1,1,3,raw_repetition,ok,
qftentangled_indep_qiskit_8,qftentangled,data/quantum_circuits/qftentangled_indep_qiskit_8.qasm,8711737782301f568af1980707e62c989655488357aa858d6c63bb8e206ae4fc,FakeSherbrooke,fake_sherbrooke,1,1024,1234,1234,8,19,57,11,127,381,1042,177,0,1042,,,0.6719745539994619,0.7646053819989902,session-1,2,3,raw_repetition,ok,
qftentangled_indep_qiskit_8,qftentangled,data/quantum_circuits/qftentangled_indep_qiskit_8.qasm,8711737782301f568af1980707e62c989655488357aa858d6c63bb8e206ae4fc,FakeSherbrooke,fake_sherbrooke,1,1024,1234,1234,8,19,57,11,127,381,1042,177,0,1042,,,0.6708017219971225,0.7634325499966508,session-1,3,3,raw_repetition,ok,
qftentangled_indep_qiskit_8,qftentangled,data/quantum_circuits/qftentangled_indep_qiskit_8.qasm,8711737782301f568af1980707e62c989655488357aa858d6c63bb8e206ae4fc,FakeSherbrooke,fake_sherbrooke,1,1024,1234,1234,8,19,57,11,127,381,1042,177,0,1042,,,0.7676342570011911,0.8602650850007194,session-1,4,3,raw_repetition,ok,
qftentangled_indep_qiskit_9,qftentangled,data/quantum_circuits/qftentangled_indep_qiskit_9.qasm,fea8eb37e38bc24d3352d9446471b5cf8f6b8af6ae4c0f931d5942564936274c,FakeSherbrooke,fake_sherbrooke,1,1024,1234,1234,9,21,68,12,127,445,1256,215,0,1256,0.10984787499910453,0.9420145350013627,0.7874209920009889,0.8972688670000935,session-1,0,3,raw_repetition,ok,
qftentangled_indep_qiskit_9,qftentangled,data/quantum_circuits/qftentangled_indep_qiskit_9.qasm,fea8eb37e38bc24d3352d9446471b5cf8f6b8af6ae4c0f931d5942564936274c,FakeSherbrooke,fake_sherbrooke,1,1024,1234,1234,9,21,68,12,127,445,1256,215,0,1256,,,0.7794007619995682,0.8892486369986727,session-1,1,3,raw_repetition,ok,
qftentangled_indep_qiskit_9,qftentangled,data/quantum_circuits/qftentangled_indep_qiskit_9.qasm,fea8eb37e38bc24d3352d9446471b5cf8f6b8af6ae4c0f931d5942564936274c,FakeSherbrooke,fake_sherbrooke,1,1024,1234,1234,9,21,68,12,127,445,1256,215,0,1256,,,0.9009543379979732,1.0108022129970777,session-1,2,3,raw_repetition,ok,
qftentangled_indep_qiskit_9,qftentangled,data/quantum_circuits/qftentangled_indep_qiskit_9.qasm,fea8eb37e38bc24d3352d9446471b5cf8f6b8af6ae4c0f931d5942564936274c,FakeSherbrooke,fake_sherbrooke,1,1024,1234,1234,9,21,68,12,127,445,1256,215,0,1256,,,0.9067463130013493,1.0165941880004539,session-1,3,3,raw_repetition,ok,
qftentangled_indep_qiskit_9,qftentangled,data/quantum_circuits/qftentangled_indep_qiskit_9.qasm,fea8eb37e38bc24d3352d9446471b5cf8f6b8af6ae4c0f931d5942564936274c,FakeSherbrooke,fake_sherbrooke,1,1024,1234,1234,9,21,68,12,127,445,1256,215,0,1256,,,0.7940592580016528,0.9039071330007573,session-1,4,3,raw_repetition,ok,
qnn_indep_qiskit_2,qnn,data/quantum_circuits/qnn_indep_qiskit_2.qasm,3c0ed99f7e5a0409bdadc636b8b7a5dd911304ccbe2e87b32589b91dd44a6a5a,FakeSherbrooke,fake_sherbrooke,1,1024,1234,1234,2,12,18,5,127,30,46,5,0,46,0.021298137999110622,0.6047664119978435,0.726096062000579,0.7473941999996896,session-1,0,3,raw_repetition,ok,
qnn_indep_qiskit_2,qnn,data/quantum_circuits/qnn_indep_qiskit_2.qasm,3c0ed99f7e5a0409bdadc636b8b7a5dd911304ccbe2e87b32589b91dd44a6a5a,FakeSherbrooke,fake_sherbrooke,1,1024,1234,1234,2,12,18,5,127,30,46,5,0,46,,,0.6079925529993488,0.6292906909984595,session-1,1,3,raw_repetition,ok,
qnn_indep_qiskit_2,qnn,data/quantum_circuits/qnn_indep_qiskit_2.qasm,3c0ed99f7e5a0409bdadc636b8b7a5dd911304ccbe2e87b32589b91dd44a6a5a,FakeSherbrooke,fake_sherbrooke,1,1024,1234,1234,2,12,18,5,127,30,46,5,0,46,,,0.6128901720003341,0.6341883099994448,session-1,2,3,raw_repetition,ok,
qnn_indep_qiskit_2,qnn,data/quantum_circuits/qnn_indep_qiskit_2.qasm,3c0ed99f7e5a0409bdadc636b8b7a5dd911304ccbe2e87b32589b91dd44a6a5a,FakeSherbrooke,fake_sherbrooke,1,1024,1234,1234,2,12,18,5,127,30,46,5,0,46,,,0.7382748429990897,0.7595729809982004,session-1,3,3,raw_repetition,ok,
qnn_indep_qiskit_2,qnn,data/quantum_circuits/qnn_indep_qiskit_2.qasm,3c0ed99f7e5a0409bdadc636b8b7a5dd911304ccbe2e87b32589b91dd44a6a5a,FakeSherbrooke,fake_sherbrooke,1,1024,1234,1234,2,12,18,5,127,30,46,5,0,46,,,0.7601838420014246,0.7814819800005353,session-1,4,3,raw_repetition,ok,
qnn_indep_qiskit_3,qnn,data/quantum_circuits/qnn_indep_qiskit_3.qasm,15e80264fdff1398ab38bbd9144f853a3a2317e95163fda15a1e9ec2657beecb,FakeSherbrooke,fake_sherbrooke,1,1024,1234,1234,3,25,36,14,127,94,155,23,0,155,0.04587417899892898,0.6283737070007192,0.7412033530017652,0.7870775320006942,session-1,0,3,raw_repetition,ok,
qnn_indep_qiskit_3,qnn,data/quantum_circuits/qnn_indep_qiskit_3.qasm,15e80264fdff1398ab38bbd9144f853a3a2317e95163fda15a1e9ec2657beecb,FakeSherbrooke,fake_sherbrooke,1,1024,1234,1234,3,25,36,14,127,94,155,23,0,155,,,0.6137094959995011,0.6595836749984301,session-1,1,3,raw_repetition,ok,
qnn_indep_qiskit_3,qnn,data/quantum_circuits/qnn_indep_qiskit_3.qasm,15e80264fdff1398ab38bbd9144f853a3a2317e95163fda15a1e9ec2657beecb,FakeSherbrooke,fake_sherbrooke,1,1024,1234,1234,3,25,36,14,127,94,155,23,0,155,,,0.7232230859990523,0.7690972649979813,session-1,2,3,raw_repetition,ok,
qnn_indep_qiskit_3,qnn,data/quantum_circuits/qnn_indep_qiskit_3.qasm,15e80264fdff1398ab38bbd9144f853a3a2317e95163fda15a1e9ec2657beecb,FakeSherbrooke,fake_sherbrooke,1,1024,1234,1234,3,25,36,14,127,94,155,23,0,155,,,0.7634386389981955,0.8093128179971245,session-1,3,3,raw_repetition,ok,
qnn_indep_qiskit_3,qnn,data/quantum_circuits/qnn_indep_qiskit_3.qasm,15e80264fdff1398ab38bbd9144f853a3a2317e95163fda15a1e9ec2657beecb,FakeSherbrooke,fake_sherbrooke,1,1024,1234,1234,3,25,36,14,127,94,155,23,0,155,,,0.6319204489991535,0.6777946279980824,session-1,4,3,raw_repetition,ok,
qnn_indep_qiskit_4,qnn,data/quantum_circuits/qnn_indep_qiskit_4.qasm,451bd8177acaca0301a8bb4d61cb192f26dce1f81d8ab04ca0aded562d525c58,FakeSherbrooke,fake_sherbrooke,1,1024,1234,1234,4,35,60,27,127,156,241,39,0,241,0.045565018997876905,0.6318223320013203,0.6054593949993432,0.6510244139972201,session-1,0,3,raw_repetition,ok,
qnn_indep_qiskit_4,qnn,data/quantum_circuits/qnn_indep_qiskit_4.qasm,451bd8177acaca0301a8bb4d61cb192f26dce1f81d8ab04ca0aded562d525c58,FakeSherbrooke,fake_sherbrooke,1,1024,1234,1234,4,35,60,27,127,156,241,39,0,241,,,0.7187326769999345,0.7642976959978114,session-1,1,3,raw_repetition,ok,
qnn_indep_qiskit_4,qnn,data/quantum_circuits/qnn_indep_qiskit_4.qasm,451bd8177acaca0301a8bb4d61cb192f26dce1f81d8ab04ca0aded562d525c58,FakeSherbrooke,fake_sherbrooke,1,1024,1234,1234,4,35,60,27,127,156,241,39,0,241,,,0.6104092509995098,0.6559742699973867,session-1,2,3,raw_repetition,ok,
qnn_indep_qiskit_4,qnn,data/quantum_circuits/qnn_indep_qiskit_4.qasm,451bd8177acaca0301a8bb4d61cb192f26dce1f81d8ab04ca0aded562d525c58,FakeSherbrooke,fake_sherbrooke,1,1024,1234,1234,4,35,60,27,127,156,241,39,0,241,,,0.72385068499716,0.7694157039950369,session-1,3,3,raw_repetition,ok,
qnn_indep_qiskit_4,qnn,data/quantum_circuits/qnn_indep_qiskit_4.qasm,451bd8177acaca0301a8bb4d61cb192f26dce1f81d8ab04ca0aded562d525c58,FakeSherbrooke,fake_sherbrooke,1,1024,1234,1234,4,35,60,27,127,156,241,39,0,241,,,0.6174002109983121,0.662965229996189,session-1,4,3,raw_repetition,ok,
qnn_indep_qiskit_5,qnn,data/quantum_circuits/qnn_indep_qiskit_5.qasm,d506e52d304853cd9e55834d3112505279aa22e89e70aa7c00dfc57caad3c72c,FakeSherbrooke,fake_sherbrooke,1,1024,1234,1234,5,45,90,44,127,280,499,83,0,499,0.06118773100024555,0.7291426619995036,0.7649003270016692,0.8260880580019148,session-1,0,3,raw_repetition,ok,
qnn_indep_qiskit_5,qnn,data/quantum_circuits/qnn_indep_qiskit_5.qasm,d506e52d304853cd9e55834d3112505279aa22e89e70aa7c00dfc57caad3c72c,FakeSherbrooke,fake_sherbrooke,1,1024,1234,1234,5,45,90,44,127,280,499,83,0,499,,,0.6376204650005093,0.6988081960007548,session-1,1,3,raw_repetition,ok,
qnn_indep_qiskit_5,qnn,data/quantum_circuits/qnn_indep_qiskit_5.qasm,d506e52d304853cd9e55834d3112505279aa22e89e70aa7c00dfc57caad3c72c,FakeSherbrooke,fake_sherbrooke,1,1024,1234,1234,5,45,90,44,127,280,499,83,0,499,,,0.7688761410026927,0.8300638720029383,session-1,2,3,raw_repetition,ok,
qnn_indep_qiskit_5,qnn,data/quantum_circuits/qnn_indep_qiskit_5.qasm,d506e52d304853cd9e55834d3112505279aa22e89e70aa7c00dfc57caad3c72c,FakeSherbrooke,fake_sherbrooke,1,1024,1234,1234,5,45,90,44,127,280,499,83,0,499,,,0.6235119260018109,0.6846996570020565,session-1,3,3,raw_repetition,ok,
qnn_indep_qiskit_5,qnn,data/quantum_circuits/qnn_indep_qiskit_5.qasm,d506e52d304853cd9e55834d3112505279aa22e89e70aa7c00dfc57caad3c72c,FakeSherbrooke,fake_sherbrooke,1,1024,1234,1234,5,45,90,44,127,280,499,83,0,499,,,0.6136514969985001,0.6748392279987456,session-1,4,3,raw_repetition,ok,
qnn_indep_qiskit_6,qnn,data/quantum_circuits/qnn_indep_qiskit_6.qasm,720a3cec5f9b39a53aa0d59f0ecc24f42f2948fbe56164a033262c628e2ba875,FakeSherbrooke,fake_sherbrooke,1,1024,1234,1234,6,55,126,65,127,374,797,137,0,797,0.0783347490032611,0.7792487570004596,0.7467194269993342,0.8250541760025953,session-1,0,3,raw_repetition,ok,
qnn_indep_qiskit_6,qnn,data/quantum_circuits/qnn_indep_qiskit_6.qasm,720a3cec5f9b39a53aa0d59f0ecc24f42f2948fbe56164a033262c628e2ba875,FakeSherbrooke,fake_sherbrooke,1,1024,1234,1234,6,55,126,65,127,374,797,137,0,797,,,0.6269393180009502,0.7052740670042112,session-1,1,3,raw_repetition,ok,
qnn_indep_qiskit_6,qnn,data/quantum_circuits/qnn_indep_qiskit_6.qasm,720a3cec5f9b39a53aa0d59f0ecc24f42f2948fbe56164a033262c628e2ba875,FakeSherbrooke,fake_sherbrooke,1,1024,1234,1234,6,55,126,65,127,374,797,137,0,797,,,0.7567346079995332,0.8350693570027943,session-1,2,3,raw_repetition,ok,
qnn_indep_qiskit_6,qnn,data/quantum_circuits/qnn_indep_qiskit_6.qasm,720a3cec5f9b39a53aa0d59f0ecc24f42f2948fbe56164a033262c628e2ba875,FakeSherbrooke,fake_sherbrooke,1,1024,1234,1234,6,55,126,65,127,374,797,137,0,797,,,0.6407907009997871,0.7191254500030482,session-1,3,3,raw_repetition,ok,
qnn_indep_qiskit_6,qnn,data/quantum_circuits/qnn_indep_qiskit_6.qasm,720a3cec5f9b39a53aa0d59f0ecc24f42f2948fbe56164a033262c628e2ba875,FakeSherbrooke,fake_sherbrooke,1,1024,1234,1234,6,55,126,65,127,374,797,137,0,797,,,0.7638657889983733,0.8422005380016344,session-1,4,3,raw_repetition,ok,
qnn_indep_qiskit_7,qnn,data/quantum_circuits/qnn_indep_qiskit_7.qasm,6cf91acdbcfc0321d1ffcee7c2197fec29f2b9dd83e7c3b56dbe8d583332ccdb,FakeSherbrooke,fake_sherbrooke,1,1024,1234,1234,7,65,168,90,127,404,1109,195,0,1109,0.10769944499770645,0.7477627549997123,0.8398801160001312,0.9475795609978377,session-1,0,3,raw_repetition,ok,
qnn_indep_qiskit_7,qnn,data/quantum_circuits/qnn_indep_qiskit_7.qasm,6cf91acdbcfc0321d1ffcee7c2197fec29f2b9dd83e7c3b56dbe8d583332ccdb,FakeSherbrooke,fake_sherbrooke,1,1024,1234,1234,7,65,168,90,127,404,1109,195,0,1109,,,0.7280120629984594,0.8357115079961659,session-1,1,3,raw_repetition,ok,
qnn_indep_qiskit_7,qnn,data/quantum_circuits/qnn_indep_qiskit_7.qasm,6cf91acdbcfc0321d1ffcee7c2197fec29f2b9dd83e7c3b56dbe8d583332ccdb,FakeSherbrooke,fake_sherbrooke,1,1024,1234,1234,7,65,168,90,127,404,1109,195,0,1109,,,0.8582438869998441,0.9659433319975506,session-1,2,3,raw_repetition,ok,
qnn_indep_qiskit_7,qnn,data/quantum_circuits/qnn_indep_qiskit_7.qasm,6cf91acdbcfc0321d1ffcee7c2197fec29f2b9dd83e7c3b56dbe8d583332ccdb,FakeSherbrooke,fake_sherbrooke,1,1024,1234,1234,7,65,168,90,127,404,1109,195,0,1109,,,0.7397740779997548,0.8474735229974613,session-1,3,3,raw_repetition,ok,
qnn_indep_qiskit_7,qnn,data/quantum_circuits/qnn_indep_qiskit_7.qasm,6cf91acdbcfc0321d1ffcee7c2197fec29f2b9dd83e7c3b56dbe8d583332ccdb,FakeSherbrooke,fake_sherbrooke,1,1024,1234,1234,7,65,168,90,127,404,1109,195,0,1109,,,0.867539394999767,0.9752388399974734,session-1,4,3,raw_repetition,ok,
qnn_indep_qiskit_8,qnn,data/quantum_circuits/qnn_indep_qiskit_8.qasm,f76953672a13f3e92397fe3586ff6557882560261e995147a67b931d701c7fcf,FakeSherbrooke,fake_sherbrooke,1,1024,1234,1234,8,75,216,119,127,486,1513,263,0,1513,0.13620200000150362,0.6959577870002249,0.7086979320010869,0.8448999320025905,session-1,0,3,raw_repetition,ok,
qnn_indep_qiskit_8,qnn,data/quantum_circuits/qnn_indep_qiskit_8.qasm,f76953672a13f3e92397fe3586ff6557882560261e995147a67b931d701c7fcf,FakeSherbrooke,fake_sherbrooke,1,1024,1234,1234,8,75,216,119,127,486,1513,263,0,1513,,,0.8247228729997005,0.9609248730012041,session-1,1,3,raw_repetition,ok,
qnn_indep_qiskit_8,qnn,data/quantum_circuits/qnn_indep_qiskit_8.qasm,f76953672a13f3e92397fe3586ff6557882560261e995147a67b931d701c7fcf,FakeSherbrooke,fake_sherbrooke,1,1024,1234,1234,8,75,216,119,127,486,1513,263,0,1513,,,0.7111946889999672,0.8473966890014708,session-1,2,3,raw_repetition,ok,
qnn_indep_qiskit_8,qnn,data/quantum_circuits/qnn_indep_qiskit_8.qasm,f76953672a13f3e92397fe3586ff6557882560261e995147a67b931d701c7fcf,FakeSherbrooke,fake_sherbrooke,1,1024,1234,1234,8,75,216,119,127,486,1513,263,0,1513,,,0.7067684280009416,0.8429704280024453,session-1,3,3,raw_repetition,ok,
qnn_indep_qiskit_8,qnn,data/quantum_circuits/qnn_indep_qiskit_8.qasm,f76953672a13f3e92397fe3586ff6557882560261e995147a67b931d701c7fcf,FakeSherbrooke,fake_sherbrooke,1,1024,1234,1234,8,75,216,119,127,486,1513,263,0,1513,,,0.8393558950010629,0.9755578950025665,session-1,4,3,raw_repetition,ok,
qnn_indep_qiskit_9,qnn,data/quantum_circuits/qnn_indep_qiskit_9.qasm,4df5b36e58378649053c461bf5ee1478fa114ac65c0c14551536b820ce8eafc7,FakeSherbrooke,fake_sherbrooke,1,1024,1234,1234,9,85,270,152,127,671,1902,335,0,1902,0.14972420199774206,1.0508269470010418,0.9238195639991318,1.0735437659968738,session-1,0,3,raw_repetition,ok,
qnn_indep_qiskit_9,qnn,data/quantum_circuits/qnn_indep_qiskit_9.qasm,4df5b36e58378649053c461bf5ee1478fa114ac65c0c14551536b820ce8eafc7,FakeSherbrooke,fake_sherbrooke,1,1024,1234,1234,9,85,270,152,127,671,1902,335,0,1902,,,0.8953701870013901,1.0450943889991322,session-1,1,3,raw_repetition,ok,
qnn_indep_qiskit_9,qnn,data/quantum_circuits/qnn_indep_qiskit_9.qasm,4df5b36e58378649053c461bf5ee1478fa114ac65c0c14551536b820ce8eafc7,FakeSherbrooke,fake_sherbrooke,1,1024,1234,1234,9,85,270,152,127,671,1902,335,0,1902,,,1.039814824998757,1.1895390269964992,session-1,2,3,raw_repetition,ok,
qnn_indep_qiskit_9,qnn,data/quantum_circuits/qnn_indep_qiskit_9.qasm,4df5b36e58378649053c461bf5ee1478fa114ac65c0c14551536b820ce8eafc7,FakeSherbrooke,fake_sherbrooke,1,1024,1234,1234,9,85,270,152,127,671,1902,335,0,1902,,,0.9111546539970732,1.0608788559948152,session-1,3,3,raw_repetition,ok,
qnn_indep_qiskit_9,qnn,data/quantum_circuits/qnn_indep_qiskit_9.qasm,4df5b36e58378649053c461bf5ee1478fa114ac65c0c14551536b820ce8eafc7,FakeSherbrooke,fake_sherbrooke,1,1024,1234,1234,9,85,270,152,127,671,1902,335,0,1902,,,1.027934562000155,1.177658763997897,session-1,4,3,raw_repetition,ok,
qpeexact_indep_qiskit_2,qpeexact,data/quantum_circuits/qpeexact_indep_qiskit_2.qasm,0a43a3dbe4a4294a007fa7ec167a24ea300d3762489b98245c2f80ad29727075,FakeSherbrooke,fake_sherbrooke,1,1024,1234,1234,2,4,6,0,127,11,16,2,0,16,0.02204331299799378,0.7573902410003939,0.6165239619986096,0.6385672749966034,session-1,0,3,raw_repetition,ok,
qpeexact_indep_qiskit_2,qpeexact,data/quantum_circuits/qpeexact_indep_qiskit_2.qasm,0a43a3dbe4a4294a007fa7ec167a24ea300d3762489b98245c2f80ad29727075,FakeSherbrooke,fake_sherbrooke,1,1024,1234,1234,2,4,6,0,127,11,16,2,0,16,,,0.7539091159997042,0.775952428997698,session-1,1,3,raw_repetition,ok,
qpeexact_indep_qiskit_2,qpeexact,data/quantum_circuits/qpeexact_indep_qiskit_2.qasm,0a43a3dbe4a4294a007fa7ec167a24ea300d3762489b98245c2f80ad29727075,FakeSherbrooke,fake_sherbrooke,1,1024,1234,1234,2,4,6,0,127,11,16,2,0,16,,,0.6278315180024947,0.6498748310004885,session-1,2,3,raw_repetition,ok,
qpeexact_indep_qiskit_2,qpeexact,data/quantum_circuits/qpeexact_indep_qiskit_2.qasm,0a43a3dbe4a4294a007fa7ec167a24ea300d3762489b98245c2f80ad29727075,FakeSherbrooke,fake_sherbrooke,1,1024,1234,1234,2,4,6,0,127,11,16,2,0,16,,,0.6283055000021704,0.6503488130001642,session-1,3,3,raw_repetition,ok,
qpeexact_indep_qiskit_2,qpeexact,data/quantum_circuits/qpeexact_indep_qiskit_2.qasm,0a43a3dbe4a4294a007fa7ec167a24ea300d3762489b98245c2f80ad29727075,FakeSherbrooke,fake_sherbrooke,1,1024,1234,1234,2,4,6,0,127,11,16,2,0,16,,,0.7580712400012999,0.7801145529992937,session-1,4,3,raw_repetition,ok,
qpeexact_indep_qiskit_3,qpeexact,data/quantum_circuits/qpeexact_indep_qiskit_3.qasm,56289d5fdefe63c89244b0849f2e22753ce30832776d74b79de4603006db32f4,FakeSherbrooke,fake_sherbrooke,1,1024,1234,1234,3,7,11,1,127,28,43,7,0,43,0.035328826001205016,0.6329806140020082,0.758265060998383,0.793593886999588,session-1,0,3,raw_repetition,ok,
qpeexact_indep_qiskit_3,qpeexact,data/quantum_circuits/qpeexact_indep_qiskit_3.qasm,56289d5fdefe63c89244b0849f2e22753ce30832776d74b79de4603006db32f4,FakeSherbrooke,fake_sherbrooke,1,1024,1234,1234,3,7,11,1,127,28,43,7,0,43,,,0.6330420759986737,0.6683709019998787,session-1,1,3,raw_repetition,ok,
qpeexact_indep_qiskit_3,qpeexact,data/quantum_circuits/qpeexact_indep_qiskit_3.qasm,56289d5fdefe63c89244b0849f2e22753ce30832776d74b79de4603006db32f4,FakeSherbrooke,fake_sherbrooke,1,1024,1234,1234,3,7,11,1,127,28,43,7,0,43,,,0.600407277001068,0.635736103002273,session-1,2,3,raw_repetition,ok,
qpeexact_indep_qiskit_3,qpeexact,data/quantum_circuits/qpeexact_indep_qiskit_3.qasm,56289d5fdefe63c89244b0849f2e22753ce30832776d74b79de4603006db32f4,FakeSherbrooke,fake_sherbrooke,1,1024,1234,1234,3,7,11,1,127,28,43,7,0,43,,,0.7184256109976559,0.7537544369988609,session-1,3,3,raw_repetition,ok,
qpeexact_indep_qiskit_3,qpeexact,data/quantum_circuits/qpeexact_indep_qiskit_3.qasm,56289d5fdefe63c89244b0849f2e22753ce30832776d74b79de4603006db32f4,FakeSherbrooke,fake_sherbrooke,1,1024,1234,1234,3,7,11,1,127,28,43,7,0,43,,,0.7308326410020527,0.7661614670032577,session-1,4,3,raw_repetition,ok,
qpeexact_indep_qiskit_4,qpeexact,data/quantum_circuits/qpeexact_indep_qiskit_4.qasm,af7e7c49ba06f5c554580173d3dcd73bc9d5a9dd9c6e3d3cd8c94d494fa4b969,FakeSherbrooke,fake_sherbrooke,1,1024,1234,1234,4,9,16,1,127,71,111,17,0,111,0.04996686999947997,0.6124971309982357,0.7434052489988972,0.7933721189983771,session-1,0,3,raw_repetition,ok,
qpeexact_indep_qiskit_4,qpeexact,data/quantum_circuits/qpeexact_indep_qiskit_4.qasm,af7e7c49ba06f5c554580173d3dcd73bc9d5a9dd9c6e3d3cd8c94d494fa4b969,FakeSherbrooke,fake_sherbrooke,1,1024,1234,1234,4,9,16,1,127,71,111,17,0,111,,,0.6258655800011184,0.6758324500005983,session-1,1,3,raw_repetition,ok,
qpeexact_indep_qiskit_4,qpeexact,data/quantum_circuits/qpeexact_indep_qiskit_4.qasm,af7e7c49ba06f5c554580173d3dcd73bc9d5a9dd9c6e3d3cd8c94d494fa4b969,FakeSherbrooke,fake_sherbrooke,1,1024,1234,1234,4,9,16,1,127,71,111,17,0,111,,,0.7361174059988116,0.7860842759982916,session-1,2,3,raw_repetition,ok,
qpeexact_indep_qiskit_4,qpeexact,data/quantum_circuits/qpeexact_indep_qiskit_4.qasm,af7e7c49ba06f5c554580173d3dcd73bc9d5a9dd9c6e3d3cd8c94d494fa4b969,FakeSherbrooke,fake_sherbrooke,1,1024,1234,1234,4,9,16,1,127,71,111,17,0,111,,,0.628178979997756,0.6781458499972359,session-1,3,3,raw_repetition,ok,
qpeexact_indep_qiskit_4,qpeexact,data/quantum_circuits/qpeexact_indep_qiskit_4.qasm,af7e7c49ba06f5c554580173d3dcd73bc9d5a9dd9c6e3d3cd8c94d494fa4b969,FakeSherbrooke,fake_sherbrooke,1,1024,1234,1234,4,9,16,1,127,71,111,17,0,111,,,0.6230758159981633,0.6730426859976433,session-1,4,3,raw_repetition,ok,
qpeexact_indep_qiskit_5,qpeexact,data/quantum_circuits/qpeexact_indep_qiskit_5.qasm,7478da09664f4489c33c18a6ea1974cc9dea86d1adda1f912c3eaeff27c2d5fa,FakeSherbrooke,fake_sherbrooke,1,1024,1234,1234,5,14,26,2,127,151,265,41,0,265,0.04810426100084442,0.7515581419975206,0.7254006619987194,0.7735049229995639,session-1,0,3,raw_repetition,ok,
qpeexact_indep_qiskit_5,qpeexact,data/quantum_circuits/qpeexact_indep_qiskit_5.qasm,7478da09664f4489c33c18a6ea1974cc9dea86d1adda1f912c3eaeff27c2d5fa,FakeSherbrooke,fake_sherbrooke,1,1024,1234,1234,5,14,26,2,127,151,265,41,0,265,,,0.6191106940023019,0.6672149550031463,session-1,1,3,raw_repetition,ok,
qpeexact_indep_qiskit_5,qpeexact,data/quantum_circuits/qpeexact_indep_qiskit_5.qasm,7478da09664f4489c33c18a6ea1974cc9dea86d1adda1f912c3eaeff27c2d5fa,FakeSherbrooke,fake_sherbrooke,1,1024,1234,1234,5,14,26,2,127,151,265,41,0,265,,,0.6140659830016375,0.6621702440024819,session-1,2,3,raw_repetition,ok,
qpeexact_indep_qiskit_5,qpeexact,data/quantum_circuits/qpeexact_indep_qiskit_5.qasm,7478da09664f4489c33c18a6ea1974cc9dea86d1adda1f912c3eaeff27c2d5fa,FakeSherbrooke,fake_sherbrooke,1,1024,1234,1234,5,14,26,2,127,151,265,41,0,265,,,0.7295139689995267,0.7776182300003711,session-1,3,3,raw_repetition,ok,
qpeexact_indep_qiskit_5,qpeexact,data/quantum_circuits/qpeexact_indep_qiskit_5.qasm,7478da09664f4489c33c18a6ea1974cc9dea86d1adda1f912c3eaeff27c2d5fa,FakeSherbrooke,fake_sherbrooke,1,1024,1234,1234,5,14,26,2,127,151,265,41,0,265,,,0.6197277799983567,0.6678320409992011,session-1,4,3,raw_repetition,ok,
qpeexact_indep_qiskit_6,qpeexact,data/quantum_circuits/qpeexact_indep_qiskit_6.qasm,abe368f160ce73db792b3af14a6e120eda4838b15f01376daa204a680d07c5bc,FakeSherbrooke,fake_sherbrooke,1,1024,1234,1234,6,15,33,2,127,183,338,52,0,338,0.0582573540013982,0.7377828719982062,0.6392405449987564,0.6974978990001546,session-1,0,3,raw_repetition,ok,
qpeexact_indep_qiskit_6,qpeexact,data/quantum_circuits/qpeexact_indep_qiskit_6.qasm,abe368f160ce73db792b3af14a6e120eda4838b15f01376daa204a680d07c5bc,FakeSherbrooke,fake_sherbrooke,1,1024,1234,1234,6,15,33,2,127,183,338,52,0,338,,,0.7366423540006508,0.794899708002049,session-1,1,3,raw_repetition,ok,
qpeexact_indep_qiskit_6,qpeexact,data/quantum_circuits/qpeexact_indep_qiskit_6.qasm,abe368f160ce73db792b3af14a6e120eda4838b15f01376daa204a680d07c5bc,FakeSherbrooke,fake_sherbrooke,1,1024,1234,1234,6,15,33,2,127,183,338,52,0,338,,,0.6157333980008843,0.6739907520022825,session-1,2,3,raw_repetition,ok,
qpeexact_indep_qiskit_6,qpeexact,data/quantum_circuits/qpeexact_indep_qiskit_6.qasm,abe368f160ce73db792b3af14a6e120eda4838b15f01376daa204a680d07c5bc,FakeSherbrooke,fake_sherbrooke,1,1024,1234,1234,6,15,33,2,127,183,338,52,0,338,,,0.6100687120015209,0.6683260660029191,session-1,3,3,raw_repetition,ok,
qpeexact_indep_qiskit_6,qpeexact,data/quantum_circuits/qpeexact_indep_qiskit_6.qasm,abe368f160ce73db792b3af14a6e120eda4838b15f01376daa204a680d07c5bc,FakeSherbrooke,fake_sherbrooke,1,1024,1234,1234,6,15,33,2,127,183,338,52,0,338,,,0.7204581850019167,0.7787155390033149,session-1,4,3,raw_repetition,ok,
qpeexact_indep_qiskit_7,qpeexact,data/quantum_circuits/qpeexact_indep_qiskit_7.qasm,d06936015124a75ae15e1f94eeb54cc51ab24596726b8110765a69ba66d0e80a,FakeSherbrooke,fake_sherbrooke,1,1024,1234,1234,7,16,42,3,127,272,518,83,0,518,0.06130446700262837,0.7723883699982252,0.6637005880002107,0.7250050550028391,session-1,0,3,raw_repetition,ok,
qpeexact_indep_qiskit_7,qpeexact,data/quantum_circuits/qpeexact_indep_qiskit_7.qasm,d06936015124a75ae15e1f94eeb54cc51ab24596726b8110765a69ba66d0e80a,FakeSherbrooke,fake_sherbrooke,1,1024,1234,1234,7,16,42,3,127,272,518,83,0,518,,,0.8015069829998538,0.8628114500024822,session-1,1,3,raw_repetition,ok,
qpeexact_indep_qiskit_7,qpeexact,data/quantum_circuits/qpeexact_indep_qiskit_7.qasm,d06936015124a75ae15e1f94eeb54cc51ab24596726b8110765a69ba66d0e80a,FakeSherbrooke,fake_sherbrooke,1,1024,1234,1234,7,16,42,3,127,272,518,83,0,518,,,0.6770994369981054,0.7384039040007337,session-1,2,3,raw_repetition,ok,
qpeexact_indep_qiskit_7,qpeexact,data/quantum_circuits/qpeexact_indep_qiskit_7.qasm,d06936015124a75ae15e1f94eeb54cc51ab24596726b8110765a69ba66d0e80a,FakeSherbrooke,fake_sherbrooke,1,1024,1234,1234,7,16,42,3,127,272,518,83,0,518,,,0.6540361480001593,0.7153406150027877,session-1,3,3,raw_repetition,ok,
qpeexact_indep_qiskit_7,qpeexact,data/quantum_circuits/qpeexact_indep_qiskit_7.qasm,d06936015124a75ae15e1f94eeb54cc51ab24596726b8110765a69ba66d0e80a,FakeSherbrooke,fake_sherbrooke,1,1024,1234,1234,7,16,42,3,127,272,518,83,0,518,,,0.780157285000314,0.8414617520029424,session-1,4,3,raw_repetition,ok,
qpeexact_indep_qiskit_8,qpeexact,data/quantum_circuits/qpeexact_indep_qiskit_8.qasm,5d3cc38ff0e2b9054c927b6309c6a8dfaba491733eab08b06cc06f2d333da23d,FakeSherbrooke,fake_sherbrooke,1,1024,1234,1234,8,23,54,3,127,440,847,143,0,847,0.08365049499843735,0.6798455639982421,0.7619882940016396,0.8456387890000769,session-1,0,3,raw_repetition,ok,
qpeexact_indep_qiskit_8,qpeexact,data/quantum_circuits/qpeexact_indep_qiskit_8.qasm,5d3cc38ff0e2b9054c927b6309c6a8dfaba491733eab08b06cc06f2d333da23d,FakeSherbrooke,fake_sherbrooke,1,1024,1234,1234,8,23,54,3,127,440,847,143,0,847,,,0.649617112998385,0.7332676079968223,session-1,1,3,raw_repetition,ok,
qpeexact_indep_qiskit_8,qpeexact,data/quantum_circuits/qpeexact_indep_qiskit_8.qasm,5d3cc38ff0e2b9054c927b6309c6a8dfaba491733eab08b06cc06f2d333da23d,FakeSherbrooke,fake_sherbrooke,1,1024,1234,1234,8,23,54,3,127,440,847,143,0,847,,,0.7758536290020857,0.859504124000523,session-1,2,3,raw_repetition,ok,
qpeexact_indep_qiskit_8,qpeexact,data/quantum_circuits/qpeexact_indep_qiskit_8.qasm,5d3cc38ff0e2b9054c927b6309c6a8dfaba491733eab08b06cc06f2d333da23d,FakeSherbrooke,fake_sherbrooke,1,1024,1234,1234,8,23,54,3,127,440,847,143,0,847,,,0.6620742359991709,0.7457247309976083,session-1,3,3,raw_repetition,ok,
qpeexact_indep_qiskit_8,qpeexact,data/quantum_circuits/qpeexact_indep_qiskit_8.qasm,5d3cc38ff0e2b9054c927b6309c6a8dfaba491733eab08b06cc06f2d333da23d,FakeSherbrooke,fake_sherbrooke,1,1024,1234,1234,8,23,54,3,127,440,847,143,0,847,,,0.7892625120002776,0.872913006998715,session-1,4,3,raw_repetition,ok,
qpeexact_indep_qiskit_9,qpeexact,data/quantum_circuits/qpeexact_indep_qiskit_9.qasm,31f7b2533d8a3c05d59b44a9b2d93f44bc48da630d1884cf9df0012199e10a74,FakeSherbrooke,fake_sherbrooke,1,1024,1234,1234,9,24,65,4,127,495,1097,181,0,1097,0.09945660499943187,0.7893330909973884,0.7705160299992713,0.8699726349987031,session-1,0,3,raw_repetition,ok,
qpeexact_indep_qiskit_9,qpeexact,data/quantum_circuits/qpeexact_indep_qiskit_9.qasm,31f7b2533d8a3c05d59b44a9b2d93f44bc48da630d1884cf9df0012199e10a74,FakeSherbrooke,fake_sherbrooke,1,1024,1234,1234,9,24,65,4,127,495,1097,181,0,1097,,,0.7576516530025401,0.857108258001972,session-1,1,3,raw_repetition,ok,
qpeexact_indep_qiskit_9,qpeexact,data/quantum_circuits/qpeexact_indep_qiskit_9.qasm,31f7b2533d8a3c05d59b44a9b2d93f44bc48da630d1884cf9df0012199e10a74,FakeSherbrooke,fake_sherbrooke,1,1024,1234,1234,9,24,65,4,127,495,1097,181,0,1097,,,0.8799666689992591,0.979423273998691,session-1,2,3,raw_repetition,ok,
qpeexact_indep_qiskit_9,qpeexact,data/quantum_circuits/qpeexact_indep_qiskit_9.qasm,31f7b2533d8a3c05d59b44a9b2d93f44bc48da630d1884cf9df0012199e10a74,FakeSherbrooke,fake_sherbrooke,1,1024,1234,1234,9,24,65,4,127,495,1097,181,0,1097,,,0.7622289279970573,0.8616855329964892,session-1,3,3,raw_repetition,ok,
qpeexact_indep_qiskit_9,qpeexact,data/quantum_circuits/qpeexact_indep_qiskit_9.qasm,31f7b2533d8a3c05d59b44a9b2d93f44bc48da630d1884cf9df0012199e10a74,FakeSherbrooke,fake_sherbrooke,1,1024,1234,1234,9,24,65,4,127,495,1097,181,0,1097,,,0.8798779280004965,0.9793345329999283,session-1,4,3,raw_repetition,ok,
qpeinexact_indep_qiskit_2,qpeinexact,data/quantum_circuits/qpeinexact_indep_qiskit_2.qasm,acacd76111e7f23e4224342ca0ab5340b1bdaad3b6eba8893e4036ba14896362,FakeSherbrooke,fake_sherbrooke,1,1024,1234,1234,2,4,6,0,127,11,17,2,0,17,0.01701515500099049,0.5996838320024835,0.6245028109988198,0.6415179659998103,session-1,0,3,raw_repetition,ok,
qpeinexact_indep_qiskit_2,qpeinexact,data/quantum_circuits/qpeinexact_indep_qiskit_2.qasm,acacd76111e7f23e4224342ca0ab5340b1bdaad3b6eba8893e4036ba14896362,FakeSherbrooke,fake_sherbrooke,1,1024,1234,1234,2,4,6,0,127,11,17,2,0,17,,,0.7210070930013899,0.7380222480023804,session-1,1,3,raw_repetition,ok,
qpeinexact_indep_qiskit_2,qpeinexact,data/quantum_circuits/qpeinexact_indep_qiskit_2.qasm,acacd76111e7f23e4224342ca0ab5340b1bdaad3b6eba8893e4036ba14896362,FakeSherbrooke,fake_sherbrooke,1,1024,1234,1234,2,4,6,0,127,11,17,2,0,17,,,0.616408557001705,0.6334237120026955,session-1,2,3,raw_repetition,ok,
qpeinexact_indep_qiskit_2,qpeinexact,data/quantum_circuits/qpeinexact_indep_qiskit_2.qasm,acacd76111e7f23e4224342ca0ab5340b1bdaad3b6eba8893e4036ba14896362,FakeSherbrooke,fake_sherbrooke,1,1024,1234,1234,2,4,6,0,127,11,17,2,0,17,,,0.7591895069999737,0.7762046620009642,session-1,3,3,raw_repetition,ok,
qpeinexact_indep_qiskit_2,qpeinexact,data/quantum_circuits/qpeinexact_indep_qiskit_2.qasm,acacd76111e7f23e4224342ca0ab5340b1bdaad3b6eba8893e4036ba14896362,FakeSherbrooke,fake_sherbrooke,1,1024,1234,1234,2,4,6,0,127,11,17,2,0,17,,,0.6114861410023877,0.6285012960033782,session-1,4,3,raw_repetition,ok,
qpeinexact_indep_qiskit_3,qpeinexact,data/quantum_circuits/qpeinexact_indep_qiskit_3.qasm,afa0cd93480bae81feca2afdcb909ab13c2934f76b139c27872b18658e5c1f28,FakeSherbrooke,fake_sherbrooke,1,1024,1234,1234,3,8,12,1,127,48,75,12,0,75,0.03435568699933356,0.6069420430030732,0.7499003060001996,0.7842559929995332,session-1,0,3,raw_repetition,ok,
qpeinexact_indep_qiskit_3,qpeinexact,data/quantum_circuits/qpeinexact_indep_qiskit_3.qasm,afa0cd93480bae81feca2afdcb909ab13c2934f76b139c27872b18658e5c1f28,FakeSherbrooke,fake_sherbrooke,1,1024,1234,1234,3,8,12,1,127,48,75,12,0,75,,,0.6037151419986913,0.6380708289980248,session-1,1,3,raw_repetition,ok,
qpeinexact_indep_qiskit_3,qpeinexact,data/quantum_circuits/qpeinexact_indep_qiskit_3.qasm,afa0cd93480bae81feca2afdcb909ab13c2934f76b139c27872b18658e5c1f28,FakeSherbrooke,fake_sherbrooke,1,1024,1234,1234,3,8,12,1,127,48,75,12,0,75,,,0.6162781960010761,0.6506338830004097,session-1,2,3,raw_repetition,ok,
qpeinexact_indep_qiskit_3,qpeinexact,data/quantum_circuits/qpeinexact_indep_qiskit_3.qasm,afa0cd93480bae81feca2afdcb909ab13c2934f76b139c27872b18658e5c1f28,FakeSherbrooke,fake_sherbrooke,1,1024,1234,1234,3,8,12,1,127,48,75,12,0,75,,,0.758724359999178,0.7930800469985115,session-1,3,3,raw_repetition,ok,
qpeinexact_indep_qiskit_3,qpeinexact,data/quantum_circuits/qpeinexact_indep_qiskit_3.qasm,afa0cd93480bae81feca2afdcb909ab13c2934f76b139c27872b18658e5c1f28,FakeSherbrooke,fake_sherbrooke,1,1024,1234,1234,3,8,12,1,127,48,75,12,0,75,,,0.6284022690015263,0.6627579560008598,session-1,4,3,raw_repetition,ok,
qpeinexact_indep_qiskit_4,qpeinexact,data/quantum_circuits/qpeinexact_indep_qiskit_4.qasm,1d76cd981622e5ca02125654d00534f3aec623bbb2b95b7ea894049f76916577,FakeSherbrooke,fake_sherbrooke,1,1024,1234,1234,4,11,18,1,127,88,170,27,0,170,0.05310742399888113,0.7664066049983376,0.6167750589993375,0.6698824829982186,session-1,0,3,raw_repetition,ok,
qpeinexact_indep_qiskit_4,qpeinexact,data/quantum_circuits/qpeinexact_indep_qiskit_4.qasm,1d76cd981622e5ca02125654d00534f3aec623bbb2b95b7ea894049f76916577,FakeSherbrooke,fake_sherbrooke,1,1024,1234,1234,4,11,18,1,127,88,170,27,0,170,,,0.7598674350010697,0.8129748589999508,session-1,1,3,raw_repetition,ok,
qpeinexact_indep_qiskit_4,qpeinexact,data/quantum_circuits/qpeinexact_indep_qiskit_4.qasm,1d76cd981622e5ca02125654d00534f3aec623bbb2b95b7ea894049f76916577,FakeSherbrooke,fake_sherbrooke,1,1024,1234,1234,4,11,18,1,127,88,170,27,0,170,,,0.6306766079978843,0.6837840319967654,session-1,2,3,raw_repetition,ok,
qpeinexact_indep_qiskit_4,qpeinexact,data/quantum_circuits/qpeinexact_indep_qiskit_4.qasm,1d76cd981622e5ca02125654d00534f3aec623bbb2b95b7ea894049f76916577,FakeSherbrooke,fake_sherbrooke,1,1024,1234,1234,4,11,18,1,127,88,170,27,0,170,,,0.6225103409997246,0.6756177649986057,session-1,3,3,raw_repetition,ok,
qpeinexact_indep_qiskit_4,qpeinexact,data/quantum_circuits/qpeinexact_indep_qiskit_4.qasm,1d76cd981622e5ca02125654d00534f3aec623bbb2b95b7ea894049f76916577,FakeSherbrooke,fake_sherbrooke,1,1024,1234,1234,4,11,18,1,127,88,170,27,0,170,,,0.7137931969991769,0.766900620998058,session-1,4,3,raw_repetition,ok,
qpeinexact_indep_qiskit_5,qpeinexact,data/quantum_circuits/qpeinexact_indep_qiskit_5.qasm,f37f599f25c5024b4069e866a31563a6daf0b1495d17d25343f7b3cfac1169ee,FakeSherbrooke,fake_sherbrooke,1,1024,1234,1234,5,14,26,2,127,151,267,41,0,267,0.04620314899875666,0.6178837639999983,0.6116633890014782,0.6578665380002349,session-1,0,3,raw_repetition,ok,
qpeinexact_indep_qiskit_5,qpeinexact,data/quantum_circuits/qpeinexact_indep_qiskit_5.qasm,f37f599f25c5024b4069e866a31563a6daf0b1495d17d25343f7b3cfac1169ee,FakeSherbrooke,fake_sherbrooke,1,1024,1234,1234,5,14,26,2,127,151,267,41,0,267,,,0.7368144789979851,0.7830176279967418,session-1,1,3,raw_repetition,ok,
qpeinexact_indep_qiskit_5,qpeinexact,data/quantum_circuits/qpeinexact_indep_qiskit_5.qasm,f37f599f25c5024b4069e866a31563a6daf0b1495d17d25343f7b3cfac1169ee,FakeSherbrooke,fake_sherbrooke,1,1024,1234,1234,5,14,26,2,127,151,267,41,0,267,,,0.6406791050030733,0.68688225400183,session-1,2,3,raw_repetition,ok,
qpeinexact_indep_qiskit_5,qpeinexact,data/quantum_circuits/qpeinexact_indep_qiskit_5.qasm,f37f599f25c5024b4069e866a31563a6daf0b1495d17d25343f7b3cfac1169ee,FakeSherbrooke,fake_sherbrooke,1,1024,1234,1234,5,14,26,2,127,151,267,41,0,267,,,0.6347996129989042,0.6810027619976609,session-1,3,3,raw_repetition,ok,
qpeinexact_indep_qiskit_5,qpeinexact,data/quantum_circuits/qpeinexact_indep_qiskit_5.qasm,f37f599f25c5024b4069e866a31563a6daf0b1495d17d25343f7b3cfac1169ee,FakeSherbrooke,fake_sherbrooke,1,1024,1234,1234,5,14,26,2,127,151,267,41,0,267,,,0.7527077420018031,0.7989108910005598,session-1,4,3,raw_repetition,ok,
qpeinexact_indep_qiskit_6,qpeinexact,data/quantum_circuits/qpeinexact_indep_qiskit_6.qasm,c658b0f6c564cc6b7d6d48105e5567caf0660181ca2dbad8b9bdbdd353962fd6,FakeSherbrooke,fake_sherbrooke,1,1024,1234,1234,6,17,34,2,127,214,398,66,0,398,0.05427136700018309,0.6266347290002159,0.634918892999849,0.6891902600000321,session-1,0,3,raw_repetition,ok,
qpeinexact_indep_qiskit_6,qpeinexact,data/quantum_circuits/qpeinexact_indep_qiskit_6.qasm,c658b0f6c564cc6b7d6d48105e5567caf0660181ca2dbad8b9bdbdd353962fd6,FakeSherbrooke,fake_sherbrooke,1,1024,1234,1234,6,17,34,2,127,214,398,66,0,398,,,0.631511051000416,0.6857824180005991,session-1,1,3,raw_repetition,ok,
qpeinexact_indep_qiskit_6,qpeinexact,data/quantum_circuits/qpeinexact_indep_qiskit_6.qasm,c658b0f6c564cc6b7d6d48105e5567caf0660181ca2dbad8b9bdbdd353962fd6,FakeSherbrooke,fake_sherbrooke,1,1024,1234,1234,6,17,34,2,127,214,398,66,0,398,,,0.7496953009977005,0.8039666679978836,session-1,2,3,raw_repetition,ok,
qpeinexact_indep_qiskit_6,qpeinexact,data/quantum_circuits/qpeinexact_indep_qiskit_6.qasm,c658b0f6c564cc6b7d6d48105e5567caf0660181ca2dbad8b9bdbdd353962fd6,FakeSherbrooke,fake_sherbrooke,1,1024,1234,1234,6,17,34,2,127,214,398,66,0,398,,,0.6470534910004062,0.7013248580005893,session-1,3,3,raw_repetition,ok,
qpeinexact_indep_qiskit_6,qpeinexact,data/quantum_circuits/qpeinexact_indep_qiskit_6.qasm,c658b0f6c564cc6b7d6d48105e5567caf0660181ca2dbad8b9bdbdd353962fd6,FakeSherbrooke,fake_sherbrooke,1,1024,1234,1234,6,17,34,2,127,214,398,66,0,398,,,0.6462462439994852,0.7005176109996682,session-1,4,3,raw_repetition,ok,
qpeinexact_indep_qiskit_7,qpeinexact,data/quantum_circuits/qpeinexact_indep_qiskit_7.qasm,093af0605e834bf0a4f2aef0b46600d12c6b1c913e791fb13e2513048a6b1c70,FakeSherbrooke,fake_sherbrooke,1,1024,1234,1234,7,20,44,3,127,313,611,99,0,611,0.06970410400026594,0.809444787002576,0.6890064959989104,0.7587105999991763,session-1,0,3,raw_repetition,ok,
qpeinexact_indep_qiskit_7,qpeinexact,data/quantum_circuits/qpeinexact_indep_qiskit_7.qasm,093af0605e834bf0a4f2aef0b46600d12c6b1c913e791fb13e2513048a6b1c70,FakeSherbrooke,fake_sherbrooke,1,1024,1234,1234,7,20,44,3,127,313,611,99,0,611,,,0.8041777409998758,0.8738818450001418,session-1,1,3,raw_repetition,ok,
qpeinexact_indep_qiskit_7,qpeinexact,data/quantum_circuits/qpeinexact_indep_qiskit_7.qasm,093af0605e834bf0a4f2aef0b46600d12c6b1c913e791fb13e2513048a6b1c70,FakeSherbrooke,fake_sherbrooke,1,1024,1234,1234,7,20,44,3,127,313,611,99,0,611,,,0.6681879660027334,0.7378920700029994,session-1,2,3,raw_repetition,ok,
qpeinexact_indep_qiskit_7,qpeinexact,data/quantum_circuits/qpeinexact_indep_qiskit_7.qasm,093af0605e834bf0a4f2aef0b46600d12c6b1c913e791fb13e2513048a6b1c70,FakeSherbrooke,fake_sherbrooke,1,1024,1234,1234,7,20,44,3,127,313,611,99,0,611,,,0.7929882580028789,0.8626923620031448,session-1,3,3,raw_repetition,ok,
qpeinexact_indep_qiskit_7,qpeinexact,data/quantum_circuits/qpeinexact_indep_qiskit_7.qasm,093af0605e834bf0a4f2aef0b46600d12c6b1c913e791fb13e2513048a6b1c70,FakeSherbrooke,fake_sherbrooke,1,1024,1234,1234,7,20,44,3,127,313,611,99,0,611,,,0.6679451859999972,0.7376492900002631,session-1,4,3,raw_repetition,ok,
qpeinexact_indep_qiskit_8,qpeinexact,data/quantum_circuits/qpeinexact_indep_qiskit_8.qasm,82da8e687716ed31c95e72560edb07e7f6073a5be0f5ebffb17d22aff22c81fd,FakeSherbrooke,fake_sherbrooke,1,1024,1234,1234,8,23,54,3,127,440,847,143,0,847,0.08392737900067004,0.6483044769993285,0.6575509829999646,0.7414783620006347,session-1,0,3,raw_repetition,ok,
qpeinexact_indep_qiskit_8,qpeinexact,data/quantum_circuits/qpeinexact_indep_qiskit_8.qasm,82da8e687716ed31c95e72560edb07e7f6073a5be0f5ebffb17d22aff22c81fd,FakeSherbrooke,fake_sherbrooke,1,1024,1234,1234,8,23,54,3,127,440,847,143,0,847,,,0.6476331939993543,0.7315605730000243,session-1,1,3,raw_repetition,ok,
qpeinexact_indep_qiskit_8,qpeinexact,data/quantum_circuits/qpeinexact_indep_qiskit_8.qasm,82da8e687716ed31c95e72560edb07e7f6073a5be0f5ebffb17d22aff22c81fd,FakeSherbrooke,fake_sherbrooke,1,1024,1234,1234,8,23,54,3,127,440,847,143,0,847,,,0.7745542970005772,0.8584816760012473,session-1,2,3,raw_repetition,ok,
qpeinexact_indep_qiskit_8,qpeinexact,data/quantum_circuits/qpeinexact_indep_qiskit_8.qasm,82da8e687716ed31c95e72560edb07e7f6073a5be0f5ebffb17d22aff22c81fd,FakeSherbrooke,fake_sherbrooke,1,1024,1234,1234,8,23,54,3,127,440,847,143,0,847,,,0.6611228849978943,0.7450502639985643,session-1,3,3,raw_repetition,ok,
qpeinexact_indep_qiskit_8,qpeinexact,data/quantum_circuits/qpeinexact_indep_qiskit_8.qasm,82da8e687716ed31c95e72560edb07e7f6073a5be0f5ebffb17d22aff22c81fd,FakeSherbrooke,fake_sherbrooke,1,1024,1234,1234,8,23,54,3,127,440,847,143,0,847,,,0.6814123029980692,0.7653396819987393,session-1,4,3,raw_repetition,ok,
qpeinexact_indep_qiskit_9,qpeinexact,data/quantum_circuits/qpeinexact_indep_qiskit_9.qasm,81a66b1daaf97d148a8a075515daf8702349d257883a1dd88e26993c1622351f,FakeSherbrooke,fake_sherbrooke,1,1024,1234,1234,9,26,66,4,127,539,1163,195,0,1163,0.10153230699870619,0.9029422160019749,0.9126938689987583,1.0142261759974645,session-1,0,3,raw_repetition,ok,
qpeinexact_indep_qiskit_9,qpeinexact,data/quantum_circuits/qpeinexact_indep_qiskit_9.qasm,81a66b1daaf97d148a8a075515daf8702349d257883a1dd88e26993c1622351f,FakeSherbrooke,fake_sherbrooke,1,1024,1234,1234,9,26,66,4,127,539,1163,195,0,1163,,,0.7851051500001631,0.8866374569988693,session-1,1,3,raw_repetition,ok,
qpeinexact_indep_qiskit_9,qpeinexact,data/quantum_circuits/qpeinexact_indep_qiskit_9.qasm,81a66b1daaf97d148a8a075515daf8702349d257883a1dd88e26993c1622351f,FakeSherbrooke,fake_sherbrooke,1,1024,1234,1234,9,26,66,4,127,539,1163,195,0,1163,,,0.9182787909994659,1.019811097998172,session-1,2,3,raw_repetition,ok,
qpeinexact_indep_qiskit_9,qpeinexact,data/quantum_circuits/qpeinexact_indep_qiskit_9.qasm,81a66b1daaf97d148a8a075515daf8702349d257883a1dd88e26993c1622351f,FakeSherbrooke,fake_sherbrooke,1,1024,1234,1234,9,26,66,4,127,539,1163,195,0,1163,,,0.7839530040000682,0.8854853109987744,session-1,3,3,raw_repetition,ok,
qpeinexact_indep_qiskit_9,qpeinexact,data/quantum_circuits/qpeinexact_indep_qiskit_9.qasm,81a66b1daaf97d148a8a075515daf8702349d257883a1dd88e26993c1622351f,FakeSherbrooke,fake_sherbrooke,1,1024,1234,1234,9,26,66,4,127,539,1163,195,0,1163,,,0.7756350929994369,0.8771673999981431,session-1,4,3,raw_repetition,ok,
qwalk-noancilla_indep_qiskit_3,qwalk-noancilla,data/quantum_circuits/qwalk-noancilla_indep_qiskit_3.qasm,9110b8773ad1c544b5ec91feaaa99c96975f7577fe6966b0f0df52dab84bef92,FakeSherbrooke,fake_sherbrooke,1,1024,1234,1234,3,20,29,6,127,370,626,102,0,626,0.06524268299835967,0.7617697829991812,0.771555678002187,0.8367983610005467,session-1,0,3,raw_repetition,ok,
qwalk-noancilla_indep_qiskit_3,qwalk-noancilla,data/quantum_circuits/qwalk-noancilla_indep_qiskit_3.qasm,9110b8773ad1c544b5ec91feaaa99c96975f7577fe6966b0f0df52dab84bef92,FakeSherbrooke,fake_sherbrooke,1,1024,1234,1234,3,20,29,6,127,370,626,102,0,626,,,0.6374438919992826,0.7026865749976423,session-1,1,3,raw_repetition,ok,
qwalk-noancilla_indep_qiskit_3,qwalk-noancilla,data/quantum_circuits/qwalk-noancilla_indep_qiskit_3.qasm,9110b8773ad1c544b5ec91feaaa99c96975f7577fe6966b0f0df52dab84bef92,FakeSherbrooke,fake_sherbrooke,1,1024,1234,1234,3,20,29,6,127,370,626,102,0,626,,,0.614302181002131,0.6795448640004906,session-1,2,3,raw_repetition,ok,
qwalk-noancilla_indep_qiskit_3,qwalk-noancilla,data/quantum_circuits/qwalk-noancilla_indep_qiskit_3.qasm,9110b8773ad1c544b5ec91feaaa99c96975f7577fe6966b0f0df52dab84bef92,FakeSherbrooke,fake_sherbrooke,1,1024,1234,1234,3,20,29,6,127,370,626,102,0,626,,,0.7375260519984295,0.8027687349967891,session-1,3,3,raw_repetition,ok,
qwalk-noancilla_indep_qiskit_3,qwalk-noancilla,data/quantum_circuits/qwalk-noancilla_indep_qiskit_3.qasm,9110b8773ad1c544b5ec91feaaa99c96975f7577fe6966b0f0df52dab84bef92,FakeSherbrooke,fake_sherbrooke,1,1024,1234,1234,3,20,29,6,127,370,626,102,0,626,,,0.626951829999598,0.6921945129979576,session-1,4,3,raw_repetition,ok,
qwalk-noancilla_indep_qiskit_4,qwalk-noancilla,data/quantum_circuits/qwalk-noancilla_indep_qiskit_4.qasm,2df018ddcd5f44fd33cd5d80af349db5f84e36d6a5f905ef4611e5e5cc0d03f4,FakeSherbrooke,fake_sherbrooke,1,1024,1234,1234,4,170,195,90,127,1330,2289,429,0,2289,0.16785795699979644,0.7605101109984389,0.6432213910011342,0.8110793480009306,session-1,0,3,raw_repetition,ok,
qwalk-noancilla_indep_qiskit_4,qwalk-noancilla,data/quantum_circuits/qwalk-noancilla_indep_qiskit_4.qasm,2df018ddcd5f44fd33cd5d80af349db5f84e36d6a5f905ef4611e5e5cc0d03f4,FakeSherbrooke,fake_sherbrooke,1,1024,1234,1234,4,170,195,90,127,1330,2289,429,0,2289,,,0.7597442719998071,0.9276022289996035,session-1,1,3,raw_repetition,ok,
qwalk-noancilla_indep_qiskit_4,qwalk-noancilla,data/quantum_circuits/qwalk-noancilla_indep_qiskit_4.qasm,2df018ddcd5f44fd33cd5d80af349db5f84e36d6a5f905ef4611e5e5cc0d03f4,FakeSherbrooke,fake_sherbrooke,1,1024,1234,1234,4,170,195,90,127,1330,2289,429,0,2289,,,0.639805103000981,0.8076630600007775,session-1,2,3,raw_repetition,ok,
qwalk-noancilla_indep_qiskit_4,qwalk-noancilla,data/quantum_circuits/qwalk-noancilla_indep_qiskit_4.qasm,2df018ddcd5f44fd33cd5d80af349db5f84e36d6a5f905ef4611e5e5cc0d03f4,FakeSherbrooke,fake_sherbrooke,1,1024,1234,1234,4,170,195,90,127,1330,2289,429,0,2289,,,0.7525774179994187,0.9204353749992151,session-1,3,3,raw_repetition,ok,
qwalk-noancilla_indep_qiskit_4,qwalk-noancilla,data/quantum_circuits/qwalk-noancilla_indep_qiskit_4.qasm,2df018ddcd5f44fd33cd5d80af349db5f84e36d6a5f905ef4611e5e5cc0d03f4,FakeSherbrooke,fake_sherbrooke,1,1024,1234,1234,4,170,195,90,127,1330,2289,429,0,2289,,,0.6359135279999464,0.8037714849997428,session-1,4,3,raw_repetition,ok,
qwalk-noancilla_indep_qiskit_5,qwalk-noancilla,data/quantum_circuits/qwalk-noancilla_indep_qiskit_5.qasm,7e02b8d5bbea94c5e0eabb2edd6a74e15949ae6b737fabb55e66a61d47181912,FakeSherbrooke,fake_sherbrooke,1,1024,1234,1234,5,404,459,198,127,2391,4082,717,0,4082,0.3935302780009806,0.6859781139974075,0.6964075519972539,1.0899378299982345,session-1,0,3,raw_repetition,ok,
qwalk-noancilla_indep_qiskit_5,qwalk-noancilla,data/quantum_circuits/qwalk-noancilla_indep_qiskit_5.qasm,7e02b8d5bbea94c5e0eabb2edd6a74e15949ae6b737fabb55e66a61d47181912,FakeSherbrooke,fake_sherbrooke,1,1024,1234,1234,5,404,459,198,127,2391,4082,717,0,4082,,,0.8108813159997226,1.2044115940007032,session-1,1,3,raw_repetition,ok,
qwalk-noancilla_indep_qiskit_5,qwalk-noancilla,data/quantum_circuits/qwalk-noancilla_indep_qiskit_5.qasm,7e02b8d5bbea94c5e0eabb2edd6a74e15949ae6b737fabb55e66a61d47181912,FakeSherbrooke,fake_sherbrooke,1,1024,1234,1234,5,404,459,198,127,2391,4082,717,0,4082,,,0.6919270950020291,1.0854573730030097,session-1,2,3,raw_repetition,ok,
qwalk-noancilla_indep_qiskit_5,qwalk-noancilla,data/quantum_circuits/qwalk-noancilla_indep_qiskit_5.qasm,7e02b8d5bbea94c5e0eabb2edd6a74e15949ae6b737fabb55e66a61d47181912,FakeSherbrooke,fake_sherbrooke,1,1024,1234,1234,5,404,459,198,127,2391,4082,717,0,4082,,,0.8148414050010615,1.2083716830020421,session-1,3,3,raw_repetition,ok,
qwalk-noancilla_indep_qiskit_5,qwalk-noancilla,data/quantum_circuits/qwalk-noancilla_indep_qiskit_5.qasm,7e02b8d5bbea94c5e0eabb2edd6a74e15949ae6b737fabb55e66a61d47181912,FakeSherbrooke,fake_sherbrooke,1,1024,1234,1234,5,404,459,198,127,2391,4082,717,0,4082,,,0.6926021079998463,1.086132386000827,session-1,4,3,raw_repetition,ok,
qwalk-noancilla_indep_qiskit_6,qwalk-noancilla,data/quantum_circuits/qwalk-noancilla_indep_qiskit_6.qasm,97bdbd3569346cfa4a289ced5de0f3280a495266d423a3af48650bf01484b9be,FakeSherbrooke,fake_sherbrooke,1,1024,1234,1234,6,764,838,378,127,5412,10076,1752,0,10076,0.7781382329994813,0.9878476269987004,1.102819466002984,1.8809576990024652,session-1,0,3,raw_repetition,ok,
qwalk-noancilla_indep_qiskit_6,qwalk-noancilla,data/quantum_circuits/qwalk-noancilla_indep_qiskit_6.qasm,97bdbd3569346cfa4a289ced5de0f3280a495266d423a3af48650bf01484b9be,FakeSherbrooke,fake_sherbrooke,1,1024,1234,1234,6,764,838,378,127,5412,10076,1752,0,10076,,,1.0064121989998966,1.784550431999378,session-1,1,3,raw_repetition,ok,
qwalk-noancilla_indep_qiskit_6,qwalk-noancilla,data/quantum_circuits/qwalk-noancilla_indep_qiskit_6.qasm,97bdbd3569346cfa4a289ced5de0f3280a495266d423a3af48650bf01484b9be,FakeSherbrooke,fake_sherbrooke,1,1024,1234,1234,6,764,838,378,127,5412,10076,1752,0,10076,,,0.9955061590007972,1.7736443920002785,session-1,2,3,raw_repetition,ok,
qwalk-noancilla_indep_qiskit_6,qwalk-noancilla,data/quantum_circuits/qwalk-noancilla_indep_qiskit_6.qasm,97bdbd3569346cfa4a289ced5de0f3280a495266d423a3af48650bf01484b9be,FakeSherbrooke,fake_sherbrooke,1,1024,1234,1234,6,764,838,378,127,5412,10076,1752,0,10076,,,1.1216189439983282,1.8997571769978094,session-1,3,3,raw_repetition,ok,
qwalk-noancilla_indep_qiskit_6,qwalk-noancilla,data/quantum_circuits/qwalk-noancilla_indep_qiskit_6.qasm,97bdbd3569346cfa4a289ced5de0f3280a495266d423a3af48650bf01484b9be,FakeSherbrooke,fake_sherbrooke,1,1024,1234,1234,6,764,838,378,127,5412,10076,1752,0,10076,,,0.9777542769988941,1.7558925099983753,session-1,4,3,raw_repetition,ok,
qwalk-noancilla_indep_qiskit_7,qwalk-noancilla,data/quantum_circuits/qwalk-noancilla_indep_qiskit_7.qasm,73abe6179f1e84e36777e1d953028143ee3ff00662ddb793d55022d9344b4940,FakeSherbrooke,fake_sherbrooke,1,1024,1234,1234,7,1508,1601,750,127,11882,23316,4074,0,23316,1.5433332050015451,3.1318714749977516,3.015758477999043,4.559091683000588,session-1,0,3,raw_repetition,ok,
qwalk-noancilla_indep_qiskit_7,qwalk-noancilla,data/quantum_circuits/qwalk-noancilla_indep_qiskit_7.qasm,73abe6179f1e84e36777e1d953028143ee3ff00662ddb793d55022d9344b4940,FakeSherbrooke,fake_sherbrooke,1,1024,1234,1234,7,1508,1601,750,127,11882,23316,4074,0,23316,,,3.034928013999888,4.578261219001433,session-1,1,3,raw_repetition,ok,
qwalk-noancilla_indep_qiskit_7,qwalk-noancilla,data/quantum_circuits/qwalk-noancilla_indep_qiskit_7.qasm,73abe6179f1e84e36777e1d953028143ee3ff00662ddb793d55022d9344b4940,FakeSherbrooke,fake_sherbrooke,1,1024,1234,1234,7,1508,1601,750,127,11882,23316,4074,0,23316,,,3.0136018980010704,4.5569351030026155,session-1,2,3,raw_repetition,ok,
qwalk-noancilla_indep_qiskit_7,qwalk-noancilla,data/quantum_circuits/qwalk-noancilla_indep_qiskit_7.qasm,73abe6179f1e84e36777e1d953028143ee3ff00662ddb793d55022d9344b4940,FakeSherbrooke,fake_sherbrooke,1,1024,1234,1234,7,1508,1601,750,127,11882,23316,4074,0,23316,,,3.0050500680008554,4.5483832730024005,session-1,3,3,raw_repetition,ok,
qwalk-noancilla_indep_qiskit_7,qwalk-noancilla,data/quantum_circuits/qwalk-noancilla_indep_qiskit_7.qasm,73abe6179f1e84e36777e1d953028143ee3ff00662ddb793d55022d9344b4940,FakeSherbrooke,fake_sherbrooke,1,1024,1234,1234,7,1508,1601,750,127,11882,23316,4074,0,23316,,,3.1274801139988995,4.670813319000445,session-1,4,3,raw_repetition,ok,
qwalk-noancilla_indep_qiskit_8,qwalk-noancilla,data/quantum_circuits/qwalk-noancilla_indep_qiskit_8.qasm,b23a0318d268fcffc78b4f6ce920c98f33487ec34a71cf7b6225b9b6eb93f1bb,FakeSherbrooke,fake_sherbrooke,1,1024,1234,1234,8,3020,3132,1506,127,25390,52883,9063,0,52883,3.595510369999829,3.6486790939998173,3.656206028001179,7.251716398001008,session-1,0,3,raw_repetition,ok,
qwalk-noancilla_indep_qiskit_8,qwalk-noancilla,data/quantum_circuits/qwalk-noancilla_indep_qiskit_8.qasm,b23a0318d268fcffc78b4f6ce920c98f33487ec34a71cf7b6225b9b6eb93f1bb,FakeSherbrooke,fake_sherbrooke,1,1024,1234,1234,8,3020,3132,1506,127,25390,52883,9063,0,52883,,,3.670717398999841,7.26622776899967,session-1,1,3,raw_repetition,ok,
qwalk-noancilla_indep_qiskit_8,qwalk-noancilla,data/quantum_circuits/qwalk-noancilla_indep_qiskit_8.qasm,b23a0318d268fcffc78b4f6ce920c98f33487ec34a71cf7b6225b9b6eb93f1bb,FakeSherbrooke,fake_sherbrooke,1,1024,1234,1234,8,3020,3132,1506,127,25390,52883,9063,0,52883,,,3.664496892997704,7.260007262997533,session-1,2,3,raw_repetition,ok,
qwalk-noancilla_indep_qiskit_8,qwalk-noancilla,data/quantum_circuits/qwalk-noancilla_indep_qiskit_8.qasm,b23a0318d268fcffc78b4f6ce920c98f33487ec34a71cf7b6225b9b6eb93f1bb,FakeSherbrooke,fake_sherbrooke,1,1024,1234,1234,8,3020,3132,1506,127,25390,52883,9063,0,52883,,,3.626933461997396,7.222443831997225,session-1,3,3,raw_repetition,ok,
qwalk-noancilla_indep_qiskit_8,qwalk-noancilla,data/quantum_circuits/qwalk-noancilla_indep_qiskit_8.qasm,b23a0318d268fcffc78b4f6ce920c98f33487ec34a71cf7b6225b9b6eb93f1bb,FakeSherbrooke,fake_sherbrooke,1,1024,1234,1234,8,3020,3132,1506,127,25390,52883,9063,0,52883,,,3.63654127600239,7.232051646002219,session-1,4,3,raw_repetition,ok,
qwalk-noancilla_indep_qiskit_9,qwalk-noancilla,data/quantum_circuits/qwalk-noancilla_indep_qiskit_9.qasm,e8037a4f622df36c65c0e756e11a6c6e3b8b40fbabaffb6cd59ff1cc79f49063,FakeSherbrooke,fake_sherbrooke,1,1024,1234,1234,9,6068,6199,3030,127,54330,106652,18321,0,106652,6.883867364998878,18.47250734699992,18.440135084998474,25.32400244999735,session-1,0,3,raw_repetition,ok,
qwalk-noancilla_indep_qiskit_9,qwalk-noancilla,data/quantum_circuits/qwalk-noancilla_indep_qiskit_9.qasm,e8037a4f622df36c65c0e756e11a6c6e3b8b40fbabaffb6cd59ff1cc79f49063,FakeSherbrooke,fake_sherbrooke,1,1024,1234,1234,9,6068,6199,3030,127,54330,106652,18321,0,106652,,,18.4117178100023,25.29558517500118,session-1,1,3,raw_repetition,ok,
qwalk-noancilla_indep_qiskit_9,qwalk-noancilla,data/quantum_circuits/qwalk-noancilla_indep_qiskit_9.qasm,e8037a4f622df36c65c0e756e11a6c6e3b8b40fbabaffb6cd59ff1cc79f49063,FakeSherbrooke,fake_sherbrooke,1,1024,1234,1234,9,6068,6199,3030,127,54330,106652,18321,0,106652,,,18.40341556599742,25.287282930996298,session-1,2,3,raw_repetition,ok,
qwalk-noancilla_indep_qiskit_9,qwalk-noancilla,data/quantum_circuits/qwalk-noancilla_indep_qiskit_9.qasm,e8037a4f622df36c65c0e756e11a6c6e3b8b40fbabaffb6cd59ff1cc79f49063,FakeSherbrooke,fake_sherbrooke,1,1024,1234,1234,9,6068,6199,3030,127,54330,106652,18321,0,106652,,,18.236088845998893,25.11995621099777,session-1,3,3,raw_repetition,ok,
qwalk-noancilla_indep_qiskit_9,qwalk-noancilla,data/quantum_circuits/qwalk-noancilla_indep_qiskit_9.qasm,e8037a4f622df36c65c0e756e11a6c6e3b8b40fbabaffb6cd59ff1cc79f49063,FakeSherbrooke,fake_sherbrooke,1,1024,1234,1234,9,6068,6199,3030,127,54330,106652,18321,0,106652,,,18.42470080899875,25.308568173997628,session-1,4,3,raw_repetition,ok,
qwalk-v-chain_indep_qiskit_3,qwalk-v-chain,data/quantum_circuits/qwalk-v-chain_indep_qiskit_3.qasm,9110b8773ad1c544b5ec91feaaa99c96975f7577fe6966b0f0df52dab84bef92,FakeSherbrooke,fake_sherbrooke,1,1024,1234,1234,3,20,29,6,127,370,626,102,0,626,0.06629861599867581,0.7335013250012707,0.7291825690008409,0.7954811849995167,session-1,0,3,raw_repetition,ok,
qwalk-v-chain_indep_qiskit_3,qwalk-v-chain,data/quantum_circuits/qwalk-v-chain_indep_qiskit_3.qasm,9110b8773ad1c544b5ec91feaaa99c96975f7577fe6966b0f0df52dab84bef92,FakeSherbrooke,fake_sherbrooke,1,1024,1234,1234,3,20,29,6,127,370,626,102,0,626,,,0.6156131859970628,0.6819118019957386,session-1,1,3,raw_repetition,ok,
qwalk-v-chain_indep_qiskit_3,qwalk-v-chain,data/quantum_circuits/qwalk-v-chain_indep_qiskit_3.qasm,9110b8773ad1c544b5ec91feaaa99c96975f7577fe6966b0f0df52dab84bef92,FakeSherbrooke,fake_sherbrooke,1,1024,1234,1234,3,20,29,6,127,370,626,102,0,626,,,0.7331125730015629,0.7994111890002387,session-1,2,3,raw_repetition,ok,
qwalk-v-chain_indep_qiskit_3,qwalk-v-chain,data/quantum_circuits/qwalk-v-chain_indep_qiskit_3.qasm,9110b8773ad1c544b5ec91feaaa99c96975f7577fe6966b0f0df52dab84bef92,FakeSherbrooke,fake_sherbrooke,1,1024,1234,1234,3,20,29,6,127,370,626,102,0,626,,,0.6142852119992313,0.6805838279979071,session-1,3,3,raw_repetition,ok,
qwalk-v-chain_indep_qiskit_3,qwalk-v-chain,data/quantum_circuits/qwalk-v-chain_indep_qiskit_3.qasm,9110b8773ad1c544b5ec91feaaa99c96975f7577fe6966b0f0df52dab84bef92,FakeSherbrooke,fake_sherbrooke,1,1024,1234,1234,3,20,29,6,127,370,626,102,0,626,,,0.7239086570007203,0.7902072729993961,session-1,4,3,raw_repetition,ok,
qwalk-v-chain_indep_qiskit_5,qwalk-v-chain,data/quantum_circuits/qwalk-v-chain_indep_qiskit_5.qasm,72fb5f837aaa2bec862c3a477efd166f351b72903612c32d444704a431457f4d,FakeSherbrooke,fake_sherbrooke,1,1024,1234,1234,5,38,55,6,127,920,1686,309,0,1686,0.14825701399968239,0.6425995199970203,0.6385796840004332,0.7868366980001156,session-1,0,3,raw_repetition,ok,
qwalk-v-chain_indep_qiskit_5,qwalk-v-chain,data/quantum_circuits/qwalk-v-chain_indep_qiskit_5.qasm,72fb5f837aaa2bec862c3a477efd166f351b72903612c32d444704a431457f4d,FakeSherbrooke,fake_sherbrooke,1,1024,1234,1234,5,38,55,6,127,920,1686,309,0,1686,,,0.7577025660029904,0.9059595800026727,session-1,1,3,raw_repetition,ok,
qwalk-v-chain_indep_qiskit_5,qwalk-v-chain,data/quantum_circuits/qwalk-v-chain_indep_qiskit_5.qasm,72fb5f837aaa2bec862c3a477efd166f351b72903612c32d444704a431457f4d,FakeSherbrooke,fake_sherbrooke,1,1024,1234,1234,5,38,55,6,127,920,1686,309,0,1686,,,0.6420806729984179,0.7903376869981003,session-1,2,3,raw_repetition,ok,
qwalk-v-chain_indep_qiskit_5,qwalk-v-chain,data/quantum_circuits/qwalk-v-chain_indep_qiskit_5.qasm,72fb5f837aaa2bec862c3a477efd166f351b72903612c32d444704a431457f4d,FakeSherbrooke,fake_sherbrooke,1,1024,1234,1234,5,38,55,6,127,920,1686,309,0,1686,,,0.7553006569978606,0.903557670997543,session-1,3,3,raw_repetition,ok,
qwalk-v-chain_indep_qiskit_5,qwalk-v-chain,data/quantum_circuits/qwalk-v-chain_indep_qiskit_5.qasm,72fb5f837aaa2bec862c3a477efd166f351b72903612c32d444704a431457f4d,FakeSherbrooke,fake_sherbrooke,1,1024,1234,1234,5,38,55,6,127,920,1686,309,0,1686,,,0.64220202299839,0.7904590369980724,session-1,4,3,raw_repetition,ok,
qwalk-v-chain_indep_qiskit_7,qwalk-v-chain,data/quantum_circuits/qwalk-v-chain_indep_qiskit_7.qasm,3d8107599f669ba102c734a8796433a6a348197dd98a74c63f172d7790b5c9a2,FakeSherbrooke,fake_sherbrooke,1,1024,1234,1234,7,68,93,6,127,1906,3455,612,0,3455,0.38812758600033703,0.9690007380013412,0.9620767900014471,1.3502043760017841,session-1,0,3,raw_repetition,ok,
qwalk-v-chain_indep_qiskit_7,qwalk-v-chain,data/quantum_circuits/qwalk-v-chain_indep_qiskit_7.qasm,3d8107599f669ba102c734a8796433a6a348197dd98a74c63f172d7790b5c9a2,FakeSherbrooke,fake_sherbrooke,1,1024,1234,1234,7,68,93,6,127,1906,3455,612,0,3455,,,0.9615794450000976,1.3497070310004347,session-1,1,3,raw_repetition,ok,
qwalk-v-chain_indep_qiskit_7,qwalk-v-chain,data/quantum_circuits/qwalk-v-chain_indep_qiskit_7.qasm,3d8107599f669ba102c734a8796433a6a348197dd98a74c63f172d7790b5c9a2,FakeSherbrooke,fake_sherbrooke,1,1024,1234,1234,7,68,93,6,127,1906,3455,612,0,3455,,,0.9670726290023595,1.3552002150026965,session-1,2,3,raw_repetition,ok,
qwalk-v-chain_indep_qiskit_7,qwalk-v-chain,data/quantum_circuits/qwalk-v-chain_indep_qiskit_7.qasm,3d8107599f669ba102c734a8796433a6a348197dd98a74c63f172d7790b5c9a2,FakeSherbrooke,fake_sherbrooke,1,1024,1234,1234,7,68,93,6,127,1906,3455,612,0,3455,,,1.1034083339982317,1.4915359199985687,session-1,3,3,raw_repetition,ok,
qwalk-v-chain_indep_qiskit_7,qwalk-v-chain,data/quantum_circuits/qwalk-v-chain_indep_qiskit_7.qasm,3d8107599f669ba102c734a8796433a6a348197dd98a74c63f172d7790b5c9a2,FakeSherbrooke,fake_sherbrooke,1,1024,1234,1234,7,68,93,6,127,1906,3455,612,0,3455,,,1.1101860189992294,1.4983136049995665,session-1,4,3,raw_repetition,ok,
qwalk-v-chain_indep_qiskit_9,qwalk-v-chain,data/quantum_circuits/qwalk-v-chain_indep_qiskit_9.qasm,8650fb4f2d0816cd59c97df1ed4051936ecb3b5c31d39ba97cdc5cd2af374a8a,FakeSherbrooke,fake_sherbrooke,1,1024,1234,1234,9,110,143,6,127,2869,5754,1035,0,5754,0.429970561999653,1.7506192830005602,1.7614676200028043,2.1914381820024573,session-1,0,3,raw_repetition,ok,
qwalk-v-chain_indep_qiskit_9,qwalk-v-chain,data/quantum_circuits/qwalk-v-chain_indep_qiskit_9.qasm,8650fb4f2d0816cd59c97df1ed4051936ecb3b5c31d39ba97cdc5cd2af374a8a,FakeSherbrooke,fake_sherbrooke,1,1024,1234,1234,9,110,143,6,127,2869,5754,1035,0,5754,,,1.7676066910025838,2.197577253002237,session-1,1,3,raw_repetition,ok,
qwalk-v-chain_indep_qiskit_9,qwalk-v-chain,data/quantum_circuits/qwalk-v-chain_indep_qiskit_9.qasm,8650fb4f2d0816cd59c97df1ed4051936ecb3b5c31d39ba97cdc5cd2af374a8a,FakeSherbrooke,fake_sherbrooke,1,1024,1234,1234,9,110,143,6,127,2869,5754,1035,0,5754,,,1.8825901029995293,2.3125606649991823,session-1,2,3,raw_repetition,ok,
qwalk-v-chain_indep_qiskit_9,qwalk-v-chain,data/quantum_circuits/qwalk-v-chain_indep_qiskit_9.qasm,8650fb4f2d0816cd59c97df1ed4051936ecb3b5c31d39ba97cdc5cd2af374a8a,FakeSherbrooke,fake_sherbrooke,1,1024,1234,1234,9,110,143,6,127,2869,5754,1035,0,5754,,,1.780225172999053,2.210195734998706,session-1,3,3,raw_repetition,ok,
qwalk-v-chain_indep_qiskit_9,qwalk-v-chain,data/quantum_circuits/qwalk-v-chain_indep_qiskit_9.qasm,8650fb4f2d0816cd59c97df1ed4051936ecb3b5c31d39ba97cdc5cd2af374a8a,FakeSherbrooke,fake_sherbrooke,1,1024,1234,1234,9,110,143,6,127,2869,5754,1035,0,5754,,,1.755301242999849,2.185271804999502,session-1,4,3,raw_repetition,ok,
random_indep_qiskit_2,random,data/quantum_circuits/random_indep_qiskit_2.qasm,433844fca892218b1218ca028aafb0eddf1929d5ca52fdea53b3cb324e4055bd,FakeSherbrooke,fake_sherbrooke,1,1024,1234,1234,2,12,19,5,127,31,44,6,0,44,0.022197802001755917,0.7560887559993716,0.7492157160013448,0.7714135180031008,session-1,0,3,raw_repetition,ok,
random_indep_qiskit_2,random,data/quantum_circuits/random_indep_qiskit_2.qasm,433844fca892218b1218ca028aafb0eddf1929d5ca52fdea53b3cb324e4055bd,FakeSherbrooke,fake_sherbrooke,1,1024,1234,1234,2,12,19,5,127,31,44,6,0,44,,,0.6277381889995013,0.6499359910012572,session-1,1,3,raw_repetition,ok,
random_indep_qiskit_2,random,data/quantum_circuits/random_indep_qiskit_2.qasm,433844fca892218b1218ca028aafb0eddf1929d5ca52fdea53b3cb324e4055bd,FakeSherbrooke,fake_sherbrooke,1,1024,1234,1234,2,12,19,5,127,31,44,6,0,44,,,0.618314459999965,0.640512262001721,session-1,2,3,raw_repetition,ok,
random_indep_qiskit_2,random,data/quantum_circuits/random_indep_qiskit_2.qasm,433844fca892218b1218ca028aafb0eddf1929d5ca52fdea53b3cb324e4055bd,FakeSherbrooke,fake_sherbrooke,1,1024,1234,1234,2,12,19,5,127,31,44,6,0,44,,,0.7554007409999031,0.777598543001659,session-1,3,3,raw_repetition,ok,
random_indep_qiskit_2,random,data/quantum_circuits/random_indep_qiskit_2.qasm,433844fca892218b1218ca028aafb0eddf1929d5ca52fdea53b3cb324e4055bd,FakeSherbrooke,fake_sherbrooke,1,1024,1234,1234,2,12,19,5,127,31,44,6,0,44,,,0.6350642280012835,0.6572620300030394,session-1,4,3,raw_repetition,ok,
random_indep_qiskit_3,random,data/quantum_circuits/random_indep_qiskit_3.qasm,d7ecd343052e510bdf5fa0f67f2fdbc3ee5ddccd19f39548c2853114a94dece2,FakeSherbrooke,fake_sherbrooke,1,1024,1234,1234,3,11,20,4,127,103,172,27,0,172,0.062143652998202015,0.7692352650010434,0.6070248539981549,0.6691685069963569,session-1,0,3,raw_repetition,ok,
random_indep_qiskit_3,random,data/quantum_circuits/random_indep_qiskit_3.qasm,d7ecd343052e510bdf5fa0f67f2fdbc3ee5ddccd19f39548c2853114a94dece2,FakeSherbrooke,fake_sherbrooke,1,1024,1234,1234,3,11,20,4,127,103,172,27,0,172,,,0.6040949859998364,0.6662386389980384,session-1,1,3,raw_repetition,ok,
random_indep_qiskit_3,random,data/quantum_circuits/random_indep_qiskit_3.qasm,d7ecd343052e510bdf5fa0f67f2fdbc3ee5ddccd19f39548c2853114a94dece2,FakeSherbrooke,fake_sherbrooke,1,1024,1234,1234,3,11,20,4,127,103,172,27,0,172,,,0.7291371669998625,0.7912808199980645,session-1,2,3,raw_repetition,ok,
random_indep_qiskit_3,random,data/quantum_circuits/random_indep_qiskit_3.qasm,d7ecd343052e510bdf5fa0f67f2fdbc3ee5ddccd19f39548c2853114a94dece2,FakeSherbrooke,fake_sherbrooke,1,1024,1234,1234,3,11,20,4,127,103,172,27,0,172,,,0.6044353930010402,0.6665790459992422,session-1,3,3,raw_repetition,ok,
random_indep_qiskit_3,random,data/quantum_circuits/random_indep_qiskit_3.qasm,d7ecd343052e510bdf5fa0f67f2fdbc3ee5ddccd19f39548c2853114a94dece2,FakeSherbrooke,fake_sherbrooke,1,1024,1234,1234,3,11,20,4,127,103,172,27,0,172,,,0.7500786269993114,0.8122222799975134,session-1,4,3,raw_repetition,ok,
random_indep_qiskit_4,random,data/quantum_circuits/random_indep_qiskit_4.qasm,212e0f8a693a745c9fc792b876e7be6ddb0ba051c1b0f558e0819e1437a8a2fb,FakeSherbrooke,fake_sherbrooke,1,1024,1234,1234,4,28,51,13,127,134,260,38,0,260,0.0699848469994322,0.7776993650004442,0.6098812079981144,0.6798660549975466,session-1,0,3,raw_repetition,ok,
random_indep_qiskit_4,random,data/quantum_circuits/random_indep_qiskit_4.qasm,212e0f8a693a745c9fc792b876e7be6ddb0ba051c1b0f558e0819e1437a8a2fb,FakeSherbrooke,fake_sherbrooke,1,1024,1234,1234,4,28,51,13,127,134,260,38,0,260,,,0.6168804119988636,0.6868652589982958,session-1,1,3,raw_repetition,ok,
random_indep_qiskit_4,random,data/quantum_circuits/random_indep_qiskit_4.qasm,212e0f8a693a745c9fc792b876e7be6ddb0ba051c1b0f558e0819e1437a8a2fb,FakeSherbrooke,fake_sherbrooke,1,1024,1234,1234,4,28,51,13,127,134,260,38,0,260,,,0.7552402689980227,0.8252251159974549,session-1,2,3,raw_repetition,ok,
random_indep_qiskit_4,random,data/quantum_circuits/random_indep_qiskit_4.qasm,212e0f8a693a745c9fc792b876e7be6ddb0ba051c1b0f558e0819e1437a8a2fb,FakeSherbrooke,fake_sherbrooke,1,1024,1234,1234,4,28,51,13,127,134,260,38,0,260,,,0.619551383999351,0.6895362309987831,session-1,3,3,raw_repetition,ok,
random_indep_qiskit_4,random,data/quantum_circuits/random_indep_qiskit_4.qasm,212e0f8a693a745c9fc792b876e7be6ddb0ba051c1b0f558e0819e1437a8a2fb,FakeSherbrooke,fake_sherbrooke,1,1024,1234,1234,4,28,51,13,127,134,260,38,0,260,,,0.743086864000361,0.8130717109997931,session-1,4,3,raw_repetition,ok,
random_indep_qiskit_5,random,data/quantum_circuits/random_indep_qiskit_5.qasm,8f11cd416ae9672f06a39e5ee3a27a70bcbf31d7177cb47270c0cd8512c95381,FakeSherbrooke,fake_sherbrooke,1,1024,1234,1234,5,25,60,14,127,118,343,52,0,343,0.07550992799951928,0.757245322001836,0.6366411140006676,0.7121510420001869,session-1,0,3,raw_repetition,ok,
random_indep_qiskit_5,random,data/quantum_circuits/random_indep_qiskit_5.qasm,8f11cd416ae9672f06a39e5ee3a27a70bcbf31d7177cb47270c0cd8512c95381,FakeSherbrooke,fake_sherbrooke,1,1024,1234,1234,5,25,60,14,127,118,343,52,0,343,,,0.6270708730007755,0.7025808010002947,session-1,1,3,raw_repetition,ok,
random_indep_qiskit_5,random,data/quantum_circuits/random_indep_qiskit_5.qasm,8f11cd416ae9672f06a39e5ee3a27a70bcbf31d7177cb47270c0cd8512c95381,FakeSherbrooke,fake_sherbrooke,1,1024,1234,1234,5,25,60,14,127,118,343,52,0,343,,,0.7202073439984815,0.7957172719980008,session-1,2,3,raw_repetition,ok,
random_indep_qiskit_5,random,data/quantum_circuits/random_indep_qiskit_5.qasm,8f11cd416ae9672f06a39e5ee3a27a70bcbf31d7177cb47270c0cd8512c95381,FakeSherbrooke,fake_sherbrooke,1,1024,1234,1234,5,25,60,14,127,118,343,52,0,343,,,0.6080046549977851,0.6835145829973044,session-1,3,3,raw_repetition,ok,
random_indep_qiskit_5,random,data/quantum_circuits/random_indep_qiskit_5.qasm,8f11cd416ae9672f06a39e5ee3a27a70bcbf31d7177cb47270c0cd8512c95381,FakeSherbrooke,fake_sherbrooke,1,1024,1234,1234,5,25,60,14,127,118,343,52,0,343,,,0.7235286619979888,0.7990385899975081,session-1,4,3,raw_repetition,ok,
random_indep_qiskit_6,random,data/quantum_circuits/random_indep_qiskit_6.qasm,4d5b55eb4b8a0aea0af4bde721618cbe79ed66e0636398ffddc79ace483672a6,FakeSherbrooke,fake_sherbrooke,1,1024,1234,1234,6,34,79,20,127,273,546,85,0,546,0.09886889699919266,0.7698517520002497,0.6566265630026464,0.7554954600018391,session-1,0,3,raw_repetition,ok,
random_indep_qiskit_6,random,data/quantum_circuits/random_indep_qiskit_6.qasm,4d5b55eb4b8a0aea0af4bde721618cbe79ed66e0636398ffddc79ace483672a6,FakeSherbrooke,fake_sherbrooke,1,1024,1234,1234,6,34,79,20,127,273,546,85,0,546,,,0.779056010000204,0.8779249069993966,session-1,1,3,raw_repetition,ok,
random_indep_qiskit_6,random,data/quantum_circuits/random_indep_qiskit_6.qasm,4d5b55eb4b8a0aea0af4bde721618cbe79ed66e0636398ffddc79ace483672a6,FakeSherbrooke,fake_sherbrooke,1,1024,1234,1234,6,34,79,20,127,273,546,85,0,546,,,0.6284194159998151,0.7272883129990078,session-1,2,3,raw_repetition,ok,
random_indep_qiskit_6,random,data/quantum_circuits/random_indep_qiskit_6.qasm,4d5b55eb4b8a0aea0af4bde721618cbe79ed66e0636398ffddc79ace483672a6,FakeSherbrooke,fake_sherbrooke,1,1024,1234,1234,6,34,79,20,127,273,546,85,0,546,,,0.6188988840003731,0.7177677809995657,session-1,3,3,raw_repetition,ok,
random_indep_qiskit_6,random,data/quantum_circuits/random_indep_qiskit_6.qasm,4d5b55eb4b8a0aea0af4bde721618cbe79ed66e0636398ffddc79ace483672a6,FakeSherbrooke,fake_sherbrooke,1,1024,1234,1234,6,34,79,20,127,273,546,85,0,546,,,0.7398000530010904,0.8386689500002831,session-1,4,3,raw_repetition,ok,
random_indep_qiskit_7,random,data/quantum_circuits/random_indep_qiskit_7.qasm,8ffee9c3a3af1aeaa766f38df57fcb62de5efa16d7f328d60a8977cb0da39e22,FakeSherbrooke,fake_sherbrooke,1,1024,1234,1234,7,41,117,30,127,378,891,144,0,891,0.13190534600289539,0.8205846100026974,0.7033105249975051,0.8352158710004005,session-1,0,3,raw_repetition,ok,
random_indep_qiskit_7,random,data/quantum_circuits/random_indep_qiskit_7.qasm,8ffee9c3a3af1aeaa766f38df57fcb62de5efa16d7f328d60a8977cb0da39e22,FakeSherbrooke,fake_sherbrooke,1,1024,1234,1234,7,41,117,30,127,378,891,144,0,891,,,0.6965947010030504,0.8285000470059458,session-1,1,3,raw_repetition,ok,
random_indep_qiskit_7,random,data/quantum_circuits/random_indep_qiskit_7.qasm,8ffee9c3a3af1aeaa766f38df57fcb62de5efa16d7f328d60a8977cb0da39e22,FakeSherbrooke,fake_sherbrooke,1,1024,1234,1234,7,41,117,30,127,378,891,144,0,891,,,0.8036010319992783,0.9355063780021737,session-1,2,3,raw_repetition,ok,
random_indep_qiskit_7,random,data/quantum_circuits/random_indep_qiskit_7.qasm,8ffee9c3a3af1aeaa766f38df57fcb62de5efa16d7f328d60a8977cb0da39e22,FakeSherbrooke,fake_sherbrooke,1,1024,1234,1234,7,41,117,30,127,378,891,144,0,891,,,0.6882619659991178,0.8201673120020132,session-1,3,3,raw_repetition,ok,
random_indep_qiskit_7,random,data/quantum_circuits/random_indep_qiskit_7.qasm,8ffee9c3a3af1aeaa766f38df57fcb62de5efa16d7f328d60a8977cb0da39e22,FakeSherbrooke,fake_sherbrooke,1,1024,1234,1234,7,41,117,30,127,378,891,144,0,891,,,0.8135475779999979,0.9454529240028933,session-1,4,3,raw_repetition,ok,
random_indep_qiskit_8,random,data/quantum_circuits/random_indep_qiskit_8.qasm,fa595f88d0ab98542a799af4492f53b2a5e2e88ebc442a9b508abac209d0afcc,FakeSherbrooke,fake_sherbrooke,1,1024,1234,1234,8,50,153,40,127,511,1149,189,0,1149,0.1334619629997178,0.6713251750006748,0.7882610500018927,0.9217230130016105,session-1,0,3,raw_repetition,ok,
random_indep_qiskit_8,random,data/quantum_circuits/random_indep_qiskit_8.qasm,fa595f88d0ab98542a799af4492f53b2a5e2e88ebc442a9b508abac209d0afcc,FakeSherbrooke,fake_sherbrooke,1,1024,1234,1234,8,50,153,40,127,511,1149,189,0,1149,,,0.6738459849984793,0.807307947998197,session-1,1,3,raw_repetition,ok,
random_indep_qiskit_8,random,data/quantum_circuits/random_indep_qiskit_8.qasm,fa595f88d0ab98542a799af4492f53b2a5e2e88ebc442a9b508abac209d0afcc,FakeSherbrooke,fake_sherbrooke,1,1024,1234,1234,8,50,153,40,127,511,1149,189,0,1149,,,0.6657748529978562,0.799236815997574,session-1,2,3,raw_repetition,ok,
random_indep_qiskit_8,random,data/quantum_circuits/random_indep_qiskit_8.qasm,fa595f88d0ab98542a799af4492f53b2a5e2e88ebc442a9b508abac209d0afcc,FakeSherbrooke,fake_sherbrooke,1,1024,1234,1234,8,50,153,40,127,511,1149,189,0,1149,,,0.7758905439986847,0.9093525069984025,session-1,3,3,raw_repetition,ok,
random_indep_qiskit_8,random,data/quantum_circuits/random_indep_qiskit_8.qasm,fa595f88d0ab98542a799af4492f53b2a5e2e88ebc442a9b508abac209d0afcc,FakeSherbrooke,fake_sherbrooke,1,1024,1234,1234,8,50,153,40,127,511,1149,189,0,1149,,,0.6712596129982558,0.8047215759979736,session-1,4,3,raw_repetition,ok,
random_indep_qiskit_9,random,data/quantum_circuits/random_indep_qiskit_9.qasm,93eff191c23e0c3d13a127f38595909e7092290f5119c9be24a1ccc61fff5767,FakeSherbrooke,fake_sherbrooke,1,1024,1234,1234,9,53,164,39,127,680,1814,305,0,1814,0.19266950200108113,1.0231751130013436,0.9904701189989282,1.1831396210000094,session-1,0,3,raw_repetition,ok,
random_indep_qiskit_9,random,data/quantum_circuits/random_indep_qiskit_9.qasm,93eff191c23e0c3d13a127f38595909e7092290f5119c9be24a1ccc61fff5767,FakeSherbrooke,fake_sherbrooke,1,1024,1234,1234,9,53,164,39,127,680,1814,305,0,1814,,,0.8742309240005852,1.0669004260016663,session-1,1,3,raw_repetition,ok,
random_indep_qiskit_9,random,data/quantum_circuits/random_indep_qiskit_9.qasm,93eff191c23e0c3d13a127f38595909e7092290f5119c9be24a1ccc61fff5767,FakeSherbrooke,fake_sherbrooke,1,1024,1234,1234,9,53,164,39,127,680,1814,305,0,1814,,,0.9874537799987593,1.1801232819998404,session-1,2,3,raw_repetition,ok,
random_indep_qiskit_9,random,data/quantum_circuits/random_indep_qiskit_9.qasm,93eff191c23e0c3d13a127f38595909e7092290f5119c9be24a1ccc61fff5767,FakeSherbrooke,fake_sherbrooke,1,1024,1234,1234,9,53,164,39,127,680,1814,305,0,1814,,,0.8798633660007908,1.072532868001872,session-1,3,3,raw_repetition,ok,
random_indep_qiskit_9,random,data/quantum_circuits/random_indep_qiskit_9.qasm,93eff191c23e0c3d13a127f38595909e7092290f5119c9be24a1ccc61fff5767,FakeSherbrooke,fake_sherbrooke,1,1024,1234,1234,9,53,164,39,127,680,1814,305,0,1814,,,1.0056982090027304,1.1983677110038116,session-1,4,3,raw_repetition,ok,
realamprandom_indep_qiskit_2,realamprandom,data/quantum_circuits/realamprandom_indep_qiskit_2.qasm,806f1844d225682cd7d5d0b276b5567caa23697f73064d8a20347024bb03fe40,FakeSherbrooke,fake_sherbrooke,1,1024,1234,1234,2,8,14,3,127,20,31,3,0,31,0.02008733500042581,0.6214189799975429,0.6253743449997273,0.6454616800001531,session-1,0,3,raw_repetition,ok,
realamprandom_indep_qiskit_2,realamprandom,data/quantum_circuits/realamprandom_indep_qiskit_2.qasm,806f1844d225682cd7d5d0b276b5567caa23697f73064d8a20347024bb03fe40,FakeSherbrooke,fake_sherbrooke,1,1024,1234,1234,2,8,14,3,127,20,31,3,0,31,,,0.7474835859975428,0.7675709209979686,session-1,1,3,raw_repetition,ok,
realamprandom_indep_qiskit_2,realamprandom,data/quantum_circuits/realamprandom_indep_qiskit_2.qasm,806f1844d225682cd7d5d0b276b5567caa23697f73064d8a20347024bb03fe40,FakeSherbrooke,fake_sherbrooke,1,1024,1234,1234,2,8,14,3,127,20,31,3,0,31,,,0.6056734949997917,0.6257608300002175,session-1,2,3,raw_repetition,ok,
realamprandom_indep_qiskit_2,realamprandom,data/quantum_circuits/realamprandom_indep_qiskit_2.qasm,806f1844d225682cd7d5d0b276b5567caa23697f73064d8a20347024bb03fe40,FakeSherbrooke,fake_sherbrooke,1,1024,1234,1234,2,8,14,3,127,20,31,3,0,31,,,0.7492001870014064,0.7692875220018323,session-1,3,3,raw_repetition,ok,
realamprandom_indep_qiskit_2,realamprandom,data/quantum_circuits/realamprandom_indep_qiskit_2.qasm,806f1844d225682cd7d5d0b276b5567caa23697f73064d8a20347024bb03fe40,FakeSherbrooke,fake_sherbrooke,1,1024,1234,1234,2,8,14,3,127,20,31,3,0,31,,,0.6108096200005093,0.6308969550009351,session-1,4,3,raw_repetition,ok,
realamprandom_indep_qiskit_3,realamprandom,data/quantum_circuits/realamprandom_indep_qiskit_3.qasm,79b8fdfbfe6897a226612f9b9e27a4533aac4b48258335fb7746c5f10989cedc,FakeSherbrooke,fake_sherbrooke,1,1024,1234,1234,3,14,25,9,127,78,133,21,0,133,0.03974398300124449,0.6003855439994368,0.6207111880030425,0.660455171004287,session-1,0,3,raw_repetition,ok,
realamprandom_indep_qiskit_3,realamprandom,data/quantum_circuits/realamprandom_indep_qiskit_3.qasm,79b8fdfbfe6897a226612f9b9e27a4533aac4b48258335fb7746c5f10989cedc,FakeSherbrooke,fake_sherbrooke,1,1024,1234,1234,3,14,25,9,127,78,133,21,0,133,,,0.7281361390014354,0.7678801220026799,session-1,1,3,raw_repetition,ok,
realamprandom_indep_qiskit_3,realamprandom,data/quantum_circuits/realamprandom_indep_qiskit_3.qasm,79b8fdfbfe6897a226612f9b9e27a4533aac4b48258335fb7746c5f10989cedc,FakeSherbrooke,fake_sherbrooke,1,1024,1234,1234,3,14,25,9,127,78,133,21,0,133,,,0.609675874999084,0.6494198580003285,session-1,2,3,raw_repetition,ok,
realamprandom_indep_qiskit_3,realamprandom,data/quantum_circuits/realamprandom_indep_qiskit_3.qasm,79b8fdfbfe6897a226612f9b9e27a4533aac4b48258335fb7746c5f10989cedc,FakeSherbrooke,fake_sherbrooke,1,1024,1234,1234,3,14,25,9,127,78,133,21,0,133,,,0.7591110699977435,0.798855052998988,session-1,3,3,raw_repetition,ok,
realamprandom_indep_qiskit_3,realamprandom,data/quantum_circuits/realamprandom_indep_qiskit_3.qasm,79b8fdfbfe6897a226612f9b9e27a4533aac4b48258335fb7746c5f10989cedc,FakeSherbrooke,fake_sherbrooke,1,1024,1234,1234,3,14,25,9,127,78,133,21,0,133,,,0.6333517960010795,0.673095779002324,session-1,4,3,raw_repetition,ok,
realamprandom_indep_qiskit_4,realamprandom,data/quantum_circuits/realamprandom_indep_qiskit_4.qasm,187d76ac82884dc3202418b0e06077eec26afed0c625b228d76b4416e6bfa480,FakeSherbrooke,fake_sherbrooke,1,1024,1234,1234,4,18,39,18,127,173,319,54,0,319,0.049102162000053795,0.6309990740010107,0.6267841329972725,0.6758862949973263,session-1,0,3,raw_repetition,ok,
realamprandom_indep_qiskit_4,realamprandom,data/quantum_circuits/realamprandom_indep_qiskit_4.qasm,187d76ac82884dc3202418b0e06077eec26afed0c625b228d76b4416e6bfa480,FakeSherbrooke,fake_sherbrooke,1,1024,1234,1234,4,18,39,18,127,173,319,54,0,319,,,0.7521819329995196,0.8012840949995734,session-1,1,3,raw_repetition,ok,
realamprandom_indep_qiskit_4,realamprandom,data/quantum_circuits/realamprandom_indep_qiskit_4.qasm,187d76ac82884dc3202418b0e06077eec26afed0c625b228d76b4416e6bfa480,FakeSherbrooke,fake_sherbrooke,1,1024,1234,1234,4,18,39,18,127,173,319,54,0,319,,,0.6153871860005893,0.6644893480006431,session-1,2,3,raw_repetition,ok,
realamprandom_indep_qiskit_4,realamprandom,data/quantum_circuits/realamprandom_indep_qiskit_4.qasm,187d76ac82884dc3202418b0e06077eec26afed0c625b228d76b4416e6bfa480,FakeSherbrooke,fake_sherbrooke,1,1024,1234,1234,4,18,39,18,127,173,319,54,0,319,,,0.7733096379997733,0.822411799999827,session-1,3,3,raw_repetition,ok,
realamprandom_indep_qiskit_4,realamprandom,data/quantum_circuits/realamprandom_indep_qiskit_4.qasm,187d76ac82884dc3202418b0e06077eec26afed0c625b228d76b4416e6bfa480,FakeSherbrooke,fake_sherbrooke,1,1024,1234,1234,4,18,39,18,127,173,319,54,0,319,,,0.6371145330012951,0.6862166950013489,session-1,4,3,raw_repetition,ok,
realamprandom_indep_qiskit_5,realamprandom,data/quantum_circuits/realamprandom_indep_qiskit_5.qasm,8d3b3ff10a3a80d0dda4e7043cce2b222aaf9e3cc19caa194b8e87da40266ac5,FakeSherbrooke,fake_sherbrooke,1,1024,1234,1234,5,22,56,30,127,230,459,78,0,459,0.05430088999855798,0.6283279080016655,0.6386868430017785,0.6929877330003364,session-1,0,3,raw_repetition,ok,
realamprandom_indep_qiskit_5,realamprandom,data/quantum_circuits/realamprandom_indep_qiskit_5.qasm,8d3b3ff10a3a80d0dda4e7043cce2b222aaf9e3cc19caa194b8e87da40266ac5,FakeSherbrooke,fake_sherbrooke,1,1024,1234,1234,5,22,56,30,127,230,459,78,0,459,,,0.7453701209997234,0.7996710109982814,session-1,1,3,raw_repetition,ok,
realamprandom_indep_qiskit_5,realamprandom,data/quantum_circuits/realamprandom_indep_qiskit_5.qasm,8d3b3ff10a3a80d0dda4e7043cce2b222aaf9e3cc19caa194b8e87da40266ac5,FakeSherbrooke,fake_sherbrooke,1,1024,1234,1234,5,22,56,30,127,230,459,78,0,459,,,0.6349069220013916,0.6892078119999496,session-1,2,3,raw_repetition,ok,
realamprandom_indep_qiskit_5,realamprandom,data/quantum_circuits/realamprandom_indep_qiskit_5.qasm,8d3b3ff10a3a80d0dda4e7043cce2b222aaf9e3cc19caa194b8e87da40266ac5,FakeSherbrooke,fake_sherbrooke,1,1024,1234,1234,5,22,56,30,127,230,459,78,0,459,,,0.6234938809975574,0.6777947709961154,session-1,3,3,raw_repetition,ok,
realamprandom_indep_qiskit_5,realamprandom,data/quantum_circuits/realamprandom_indep_qiskit_5.qasm,8d3b3ff10a3a80d0dda4e7043cce2b222aaf9e3cc19caa194b8e87da40266ac5,FakeSherbrooke,fake_sherbrooke,1,1024,1234,1234,5,22,56,30,127,230,459,78,0,459,,,0.7544993280025665,0.8088002180011244,session-1,4,3,raw_repetition,ok,
realamprandom_indep_qiskit_6,realamprandom,data/quantum_circuits/realamprandom_indep_qiskit_6.qasm,c9931425f0767057491a7e6ab8f1ed937fde917a862097440f57606892bddde9,FakeSherbrooke,fake_sherbrooke,1,1024,1234,1234,6,26,76,45,127,397,839,147,0,839,0.07379253399994923,0.6371147179997934,0.645263171998522,0.7190557059984712,session-1,0,3,raw_repetition,ok,
realamprandom_indep_qiskit_6,realamprandom,data/quantum_circuits/realamprandom_indep_qiskit_6.qasm,c9931425f0767057491a7e6ab8f1ed937fde917a862097440f57606892bddde9,FakeSherbrooke,fake_sherbrooke,1,1024,1234,1234,6,26,76,45,127,397,839,147,0,839,,,0.6391341449998436,0.7129266789997928,session-1,1,3,raw_repetition,ok,
realamprandom_indep_qiskit_6,realamprandom,data/quantum_circuits/realamprandom_indep_qiskit_6.qasm,c9931425f0767057491a7e6ab8f1ed937fde917a862097440f57606892bddde9,FakeSherbrooke,fake_sherbrooke,1,1024,1234,1234,6,26,76,45,127,397,839,147,0,839,,,0.7748868519993266,0.8486793859992758,session-1,2,3,raw_repetition,ok,
realamprandom_indep_qiskit_6,realamprandom,data/quantum_circuits/realamprandom_indep_qiskit_6.qasm,c9931425f0767057491a7e6ab8f1ed937fde917a862097440f57606892bddde9,FakeSherbrooke,fake_sherbrooke,1,1024,1234,1234,6,26,76,45,127,397,839,147,0,839,,,0.6418218979997619,0.7156144319997111,session-1,3,3,raw_repetition,ok,
realamprandom_indep_qiskit_6,realamprandom,data/quantum_circuits/realamprandom_indep_qiskit_6.qasm,c9931425f0767057491a7e6ab8f1ed937fde917a862097440f57606892bddde9,FakeSherbrooke,fake_sherbrooke,1,1024,1234,1234,6,26,76,45,127,397,839,147,0,839,,,0.6351544339995598,0.7089469679995091,session-1,4,3,raw_repetition,ok,
realamprandom_indep_qiskit_7,realamprandom,data/quantum_circuits/realamprandom_indep_qiskit_7.qasm,af19d23c83544c8b7f6be5c42e0254336c9902c1ef454c06b9d45c4582d2fd3d,FakeSherbrooke,fake_sherbrooke,1,1024,1234,1234,7,30,99,63,127,482,1180,213,0,1180,0.09999891700135777,0.8434228840014839,0.8470226899989939,0.9470216070003517,session-1,0,3,raw_repetition,ok,
realamprandom_indep_qiskit_7,realamprandom,data/quantum_circuits/realamprandom_indep_qiskit_7.qasm,af19d23c83544c8b7f6be5c42e0254336c9902c1ef454c06b9d45c4582d2fd3d,FakeSherbrooke,fake_sherbrooke,1,1024,1234,1234,7,30,99,63,127,482,1180,213,0,1180,,,0.7311823339987313,0.8311812510000891,session-1,1,3,raw_repetition,ok,
realamprandom_indep_qiskit_7,realamprandom,data/quantum_circuits/realamprandom_indep_qiskit_7.qasm,af19d23c83544c8b7f6be5c42e0254336c9902c1ef454c06b9d45c4582d2fd3d,FakeSherbrooke,fake_sherbrooke,1,1024,1234,1234,7,30,99,63,127,482,1180,213,0,1180,,,0.7328916689984908,0.8328905859998486,session-1,2,3,raw_repetition,ok,
realamprandom_indep_qiskit_7,realamprandom,data/quantum_circuits/realamprandom_indep_qiskit_7.qasm,af19d23c83544c8b7f6be5c42e0254336c9902c1ef454c06b9d45c4582d2fd3d,FakeSherbrooke,fake_sherbrooke,1,1024,1234,1234,7,30,99,63,127,482,1180,213,0,1180,,,0.8418987089971779,0.9418976259985357,session-1,3,3,raw_repetition,ok,
realamprandom_indep_qiskit_7,realamprandom,data/quantum_circuits/realamprandom_indep_qiskit_7.qasm,af19d23c83544c8b7f6be5c42e0254336c9902c1ef454c06b9d45c4582d2fd3d,FakeSherbrooke,fake_sherbrooke,1,1024,1234,1234,7,30,99,63,127,482,1180,213,0,1180,,,0.7263517979990866,0.8263507150004443,session-1,4,3,raw_repetition,ok,
realamprandom_indep_qiskit_8,realamprandom,data/quantum_circuits/realamprandom_indep_qiskit_8.qasm,8ea085ea0c0185c560746ab5988221e203c457e2afbb475976fb99f718e2dad1,FakeSherbrooke,fake_sherbrooke,1,1024,1234,1234,8,34,125,84,127,654,1664,300,0,1664,0.23424902999977348,0.7122450370006845,0.8339065760010271,1.0681556060008006,session-1,0,3,raw_repetition,ok,
realamprandom_indep_qiskit_8,realamprandom,data/quantum_circuits/realamprandom_indep_qiskit_8.qasm,8ea085ea0c0185c560746ab5988221e203c457e2afbb475976fb99f718e2dad1,FakeSherbrooke,fake_sherbrooke,1,1024,1234,1234,8,34,125,84,127,654,1664,300,0,1664,,,0.8375410340013332,1.0717900640011067,session-1,1,3,raw_repetition,ok,
realamprandom_indep_qiskit_8,realamprandom,data/quantum_circuits/realamprandom_indep_qiskit_8.qasm,8ea085ea0c0185c560746ab5988221e203c457e2afbb475976fb99f718e2dad1,FakeSherbrooke,fake_sherbrooke,1,1024,1234,1234,8,34,125,84,127,654,1664,300,0,1664,,,0.7200964160001604,0.9543454459999339,session-1,2,3,raw_repetition,ok,
realamprandom_indep_qiskit_8,realamprandom,data/quantum_circuits/realamprandom_indep_qiskit_8.qasm,8ea085ea0c0185c560746ab5988221e203c457e2afbb475976fb99f718e2dad1,FakeSherbrooke,fake_sherbrooke,1,1024,1234,1234,8,34,125,84,127,654,1664,300,0,1664,,,0.7153286790016864,0.9495777090014599,session-1,3,3,raw_repetition,ok,
realamprandom_indep_qiskit_8,realamprandom,data/quantum_circuits/realamprandom_indep_qiskit_8.qasm,8ea085ea0c0185c560746ab5988221e203c457e2afbb475976fb99f718e2dad1,FakeSherbrooke,fake_sherbrooke,1,1024,1234,1234,8,34,125,84,127,654,1664,300,0,1664,,,0.8230965330003528,1.0573455630001263,session-1,4,3,raw_repetition,ok,
realamprandom_indep_qiskit_9,realamprandom,data/quantum_circuits/realamprandom_indep_qiskit_9.qasm,bdd8a427e9747bbc01ad8e77a22d61f0314fe8db0de17786839f2193ab0928bd,FakeSherbrooke,fake_sherbrooke,1,1024,1234,1234,9,38,154,108,127,513,2101,375,0,2101,0.14530956900125602,1.1281488999993599,1.0256131179994554,1.1709226870007114,session-1,0,3,raw_repetition,ok,
realamprandom_indep_qiskit_9,realamprandom,data/quantum_circuits/realamprandom_indep_qiskit_9.qasm,bdd8a427e9747bbc01ad8e77a22d61f0314fe8db0de17786839f2193ab0928bd,FakeSherbrooke,fake_sherbrooke,1,1024,1234,1234,9,38,154,108,127,513,2101,375,0,2101,,,1.1666591100001824,1.3119686790014384,session-1,1,3,raw_repetition,ok,
realamprandom_indep_qiskit_9,realamprandom,data/quantum_circuits/realamprandom_indep_qiskit_9.qasm,bdd8a427e9747bbc01ad8e77a22d61f0314fe8db0de17786839f2193ab0928bd,FakeSherbrooke,fake_sherbrooke,1,1024,1234,1234,9,38,154,108,127,513,2101,375,0,2101,,,1.0062916329989093,1.1516012020001654,session-1,2,3,raw_repetition,ok,
realamprandom_indep_qiskit_9,realamprandom,data/quantum_circuits/realamprandom_indep_qiskit_9.qasm,bdd8a427e9747bbc01ad8e77a22d61f0314fe8db0de17786839f2193ab0928bd,FakeSherbrooke,fake_sherbrooke,1,1024,1234,1234,9,38,154,108,127,513,2101,375,0,2101,,,0.9985581050023029,1.143867674003559,session-1,3,3,raw_repetition,ok,
realamprandom_indep_qiskit_9,realamprandom,data/quantum_circuits/realamprandom_indep_qiskit_9.qasm,bdd8a427e9747bbc01ad8e77a22d61f0314fe8db0de17786839f2193ab0928bd,FakeSherbrooke,fake_sherbrooke,1,1024,1234,1234,9,38,154,108,127,513,2101,375,0,2101,,,1.125776440003392,1.271086009004648,session-1,4,3,raw_repetition,ok,
su2random_indep_qiskit_2,su2random,data/quantum_circuits/su2random_indep_qiskit_2.qasm,66c9180a271ec04f728ab259ed86a24fe52676e6f40a7614b02f79fd13536c91,FakeSherbrooke,fake_sherbrooke,1,1024,1234,1234,2,8,14,3,127,23,44,3,0,44,0.016942467998887878,0.6292372379975859,0.5987199749979482,0.615662442996836,session-1,0,3,raw_repetition,ok,
su2random_indep_qiskit_2,su2random,data/quantum_circuits/su2random_indep_qiskit_2.qasm,66c9180a271ec04f728ab259ed86a24fe52676e6f40a7614b02f79fd13536c91,FakeSherbrooke,fake_sherbrooke,1,1024,1234,1234,2,8,14,3,127,23,44,3,0,44,,,0.7099472709996917,0.7268897389985796,session-1,1,3,raw_repetition,ok,
su2random_indep_qiskit_2,su2random,data/quantum_circuits/su2random_indep_qiskit_2.qasm,66c9180a271ec04f728ab259ed86a24fe52676e6f40a7614b02f79fd13536c91,FakeSherbrooke,fake_sherbrooke,1,1024,1234,1234,2,8,14,3,127,23,44,3,0,44,,,0.5959296620021632,0.6128721300010511,session-1,2,3,raw_repetition,ok,
su2random_indep_qiskit_2,su2random,data/quantum_circuits/su2random_indep_qiskit_2.qasm,66c9180a271ec04f728ab259ed86a24fe52676e6f40a7614b02f79fd13536c91,FakeSherbrooke,fake_sherbrooke,1,1024,1234,1234,2,8,14,3,127,23,44,3,0,44,,,0.7115494320023572,0.7284919000012451,session-1,3,3,raw_repetition,ok,
su2random_indep_qiskit_2,su2random,data/quantum_circuits/su2random_indep_qiskit_2.qasm,66c9180a271ec04f728ab259ed86a24fe52676e6f40a7614b02f79fd13536c91,FakeSherbrooke,fake_sherbrooke,1,1024,1234,1234,2,8,14,3,127,23,44,3,0,44,,,0.5947984179983905,0.6117408859972784,session-1,4,3,raw_repetition,ok,
su2random_indep_qiskit_3,su2random,data/quantum_circuits/su2random_indep_qiskit_3.qasm,c69c35c09a4dcfe7dd09af0b73be8e5f608531bf0baadd794f6861bcf237e40c,FakeSherbrooke,fake_sherbrooke,1,1024,1234,1234,3,14,25,9,127,86,153,21,0,153,0.03681159699772252,0.7176854089993867,0.744660076998116,0.7814716739958385,session-1,0,3,raw_repetition,ok,
su2random_indep_qiskit_3,su2random,data/quantum_circuits/su2random_indep_qiskit_3.qasm,c69c35c09a4dcfe7dd09af0b73be8e5f608531bf0baadd794f6861bcf237e40c,FakeSherbrooke,fake_sherbrooke,1,1024,1234,1234,3,14,25,9,127,86,153,21,0,153,,,0.6051012329990044,0.6419128299967269,session-1,1,3,raw_repetition,ok,
su2random_indep_qiskit_3,su2random,data/quantum_circuits/su2random_indep_qiskit_3.qasm,c69c35c09a4dcfe7dd09af0b73be8e5f608531bf0baadd794f6861bcf237e40c,FakeSherbrooke,fake_sherbrooke,1,1024,1234,1234,3,14,25,9,127,86,153,21,0,153,,,0.6020546450017719,0.6388662419994944,session-1,2,3,raw_repetition,ok,
su2random_indep_qiskit_3,su2random,data/quantum_circuits/su2random_indep_qiskit_3.qasm,c69c35c09a4dcfe7dd09af0b73be8e5f608531bf0baadd794f6861bcf237e40c,FakeSherbrooke,fake_sherbrooke,1,1024,1234,1234,3,14,25,9,127,86,153,21,0,153,,,0.7185475070000393,0.7553591039977618,session-1,3,3,raw_repetition,ok,
su2random_indep_qiskit_3,su2random,data/quantum_circuits/su2random_indep_qiskit_3.qasm,c69c35c09a4dcfe7dd09af0b73be8e5f608531bf0baadd794f6861bcf237e40c,FakeSherbrooke,fake_sherbrooke,1,1024,1234,1234,3,14,25,9,127,86,153,21,0,153,,,0.5980146220026654,0.6348262190003879,session-1,4,3,raw_repetition,ok,
su2random_indep_qiskit_4,su2random,data/quantum_circuits/su2random_indep_qiskit_4.qasm,7fabc879bc998db5c05d7cc5b83db2d1704d7587139b714da9cf82639f4f093e,FakeSherbrooke,fake_sherbrooke,1,1024,1234,1234,4,18,39,18,127,183,343,54,0,343,0.05123530700075207,0.728077793999546,0.6131637500002398,0.6643990570009919,session-1,0,3,raw_repetition,ok,
su2random_indep_qiskit_4,su2random,data/quantum_circuits/su2random_indep_qiskit_4.qasm,7fabc879bc998db5c05d7cc5b83db2d1704d7587139b714da9cf82639f4f093e,FakeSherbrooke,fake_sherbrooke,1,1024,1234,1234,4,18,39,18,127,183,343,54,0,343,,,0.7404499750009563,0.7916852820017084,session-1,1,3,raw_repetition,ok,
su2random_indep_qiskit_4,su2random,data/quantum_circuits/su2random_indep_qiskit_4.qasm,7fabc879bc998db5c05d7cc5b83db2d1704d7587139b714da9cf82639f4f093e,FakeSherbrooke,fake_sherbrooke,1,1024,1234,1234,4,18,39,18,127,183,343,54,0,343,,,0.6172554299992044,0.6684907369999564,session-1,2,3,raw_repetition,ok,
su2random_indep_qiskit_4,su2random,data/quantum_circuits/su2random_indep_qiskit_4.qasm,7fabc879bc998db5c05d7cc5b83db2d1704d7587139b714da9cf82639f4f093e,FakeSherbrooke,fake_sherbrooke,1,1024,1234,1234,4,18,39,18,127,183,343,54,0,343,,,0.6187204659981944,0.6699557729989465,session-1,3,3,raw_repetition,ok,
su2random_indep_qiskit_4,su2random,data/quantum_circuits/su2random_indep_qiskit_4.qasm,7fabc879bc998db5c05d7cc5b83db2d1704d7587139b714da9cf82639f4f093e,FakeSherbrooke,fake_sherbrooke,1,1024,1234,1234,4,18,39,18,127,183,343,54,0,343,,,0.7224768490013957,0.7737121560021478,session-1,4,3,raw_repetition,ok,
su2random_indep_qiskit_5,su2random,data/quantum_circuits/su2random_indep_qiskit_5.qasm,c1572e3b6e41c965a5943c21ceacdbad56fc868b4ee02ff4ef8af2d2054a0602,FakeSherbrooke,fake_sherbrooke,1,1024,1234,1234,5,22,56,30,127,237,487,78,0,487,0.05941931399866007,0.6143124699992768,0.6199679940000351,0.6793873079986952,session-1,0,3,raw_repetition,ok,
su2random_indep_qiskit_5,su2random,data/quantum_circuits/su2random_indep_qiskit_5.qasm,c1572e3b6e41c965a5943c21ceacdbad56fc868b4ee02ff4ef8af2d2054a0602,FakeSherbrooke,fake_sherbrooke,1,1024,1234,1234,5,22,56,30,127,237,487,78,0,487,,,0.6148858469969127,0.6743051609955728,session-1,1,3,raw_repetition,ok,
su2random_indep_qiskit_5,su2random,data/quantum_circuits/su2random_indep_qiskit_5.qasm,c1572e3b6e41c965a5943c21ceacdbad56fc868b4ee02ff4ef8af2d2054a0602,FakeSherbrooke,fake_sherbrooke,1,1024,1234,1234,5,22,56,30,127,237,487,78,0,487,,,0.7359923989970412,0.7954117129957012,session-1,2,3,raw_repetition,ok,
su2random_indep_qiskit_5,su2random,data/quantum_circuits/su2random_indep_qiskit_5.qasm,c1572e3b6e41c965a5943c21ceacdbad56fc868b4ee02ff4ef8af2d2054a0602,FakeSherbrooke,fake_sherbrooke,1,1024,1234,1234,5,22,56,30,127,237,487,78,0,487,,,0.6170286189990293,0.6764479329976893,session-1,3,3,raw_repetition,ok,
su2random_indep_qiskit_5,su2random,data/quantum_circuits/su2random_indep_qiskit_5.qasm,c1572e3b6e41c965a5943c21ceacdbad56fc868b4ee02ff4ef8af2d2054a0602,FakeSherbrooke,fake_sherbrooke,1,1024,1234,1234,5,22,56,30,127,237,487,78,0,487,,,0.729660220000369,0.7890795339990291,session-1,4,3,raw_repetition,ok,
su2random_indep_qiskit_6,su2random,data/quantum_circuits/su2random_indep_qiskit_6.qasm,2f497b92b87e3e9f44c1ae23dfbffc7309c1550756e6829eb694d42dd4f2ed03,FakeSherbrooke,fake_sherbrooke,1,1024,1234,1234,6,26,76,45,127,412,877,147,0,877,0.07640826200076845,0.6629648190028092,0.781910986002913,0.8583192480036814,session-1,0,3,raw_repetition,ok,
su2random_indep_qiskit_6,su2random,data/quantum_circuits/su2random_indep_qiskit_6.qasm,2f497b92b87e3e9f44c1ae23dfbffc7309c1550756e6829eb694d42dd4f2ed03,FakeSherbrooke,fake_sherbrooke,1,1024,1234,1234,6,26,76,45,127,412,877,147,0,877,,,0.6327392690000124,0.7091475310007809,session-1,1,3,raw_repetition,ok,
su2random_indep_qiskit_6,su2random,data/quantum_circuits/su2random_indep_qiskit_6.qasm,2f497b92b87e3e9f44c1ae23dfbffc7309c1550756e6829eb694d42dd4f2ed03,FakeSherbrooke,fake_sherbrooke,1,1024,1234,1234,6,26,76,45,127,412,877,147,0,877,,,0.7580455940005777,0.8344538560013461,session-1,2,3,raw_repetition,ok,
su2random_indep_qiskit_6,su2random,data/quantum_circuits/su2random_indep_qiskit_6.qasm,2f497b92b87e3e9f44c1ae23dfbffc7309c1550756e6829eb694d42dd4f2ed03,FakeSherbrooke,fake_sherbrooke,1,1024,1234,1234,6,26,76,45,127,412,877,147,0,877,,,0.6408262760014622,0.7172345380022307,session-1,3,3,raw_repetition,ok,
su2random_indep_qiskit_6,su2random,data/quantum_circuits/su2random_indep_qiskit_6.qasm,2f497b92b87e3e9f44c1ae23dfbffc7309c1550756e6829eb694d42dd4f2ed03,FakeSherbrooke,fake_sherbrooke,1,1024,1234,1234,6,26,76,45,127,412,877,147,0,877,,,0.6358415520007838,0.7122498140015523,session-1,4,3,raw_repetition,ok,
su2random_indep_qiskit_7,su2random,data/quantum_circuits/su2random_indep_qiskit_7.qasm,4f2368cad1a087f01b7598f13a9afa3b7cea2d6f9e96f79eb390f62213c97af7,FakeSherbrooke,fake_sherbrooke,1,1024,1234,1234,7,30,99,63,127,503,1221,213,0,1221,0.10070965300110402,0.8394869380026648,0.8371294540011149,0.937839107002219,session-1,0,3,raw_repetition,ok,
su2random_indep_qiskit_7,su2random,data/quantum_circuits/su2random_indep_qiskit_7.qasm,4f2368cad1a087f01b7598f13a9afa3b7cea2d6f9e96f79eb390f62213c97af7,FakeSherbrooke,fake_sherbrooke,1,1024,1234,1234,7,30,99,63,127,503,1221,213,0,1221,,,0.8493705559994851,0.9500802090005891,session-1,1,3,raw_repetition,ok,
su2random_indep_qiskit_7,su2random,data/quantum_circuits/su2random_indep_qiskit_7.qasm,4f2368cad1a087f01b7598f13a9afa3b7cea2d6f9e96f79eb390f62213c97af7,FakeSherbrooke,fake_sherbrooke,1,1024,1234,1234,7,30,99,63,127,503,1221,213,0,1221,,,0.7342943849980657,0.8350040379991697,session-1,2,3,raw_repetition,ok,
su2random_indep_qiskit_7,su2random,data/quantum_circuits/su2random_indep_qiskit_7.qasm,4f2368cad1a087f01b7598f13a9afa3b7cea2d6f9e96f79eb390f62213c97af7,FakeSherbrooke,fake_sherbrooke,1,1024,1234,1234,7,30,99,63,127,503,1221,213,0,1221,,,0.7303576150006847,0.8310672680017888,session-1,3,3,raw_repetition,ok,
su2random_indep_qiskit_7,su2random,data/quantum_circuits/su2random_indep_qiskit_7.qasm,4f2368cad1a087f01b7598f13a9afa3b7cea2d6f9e96f79eb390f62213c97af7,FakeSherbrooke,fake_sherbrooke,1,1024,1234,1234,7,30,99,63,127,503,1221,213,0,1221,,,0.8521051909992821,0.9528148440003861,session-1,4,3,raw_repetition,ok,
su2random_indep_qiskit_8,su2random,data/quantum_circuits/su2random_indep_qiskit_8.qasm,3157278e31c54e80e45de35bfb793aac89eb413e21aabe08b2e0e140de8c0d39,FakeSherbrooke,fake_sherbrooke,1,1024,1234,1234,8,34,125,84,127,663,1704,300,0,1704,0.12223004800034687,0.7222692200011807,0.8494986089972372,0.971728656997584,session-1,0,3,raw_repetition,ok,
su2random_indep_qiskit_8,su2random,data/quantum_circuits/su2random_indep_qiskit_8.qasm,3157278e31c54e80e45de35bfb793aac89eb413e21aabe08b2e0e140de8c0d39,FakeSherbrooke,fake_sherbrooke,1,1024,1234,1234,8,34,125,84,127,663,1704,300,0,1704,,,0.7190220509983192,0.841252098998666,session-1,1,3,raw_repetition,ok,
su2random_indep_qiskit_8,su2random,data/quantum_circuits/su2random_indep_qiskit_8.qasm,3157278e31c54e80e45de35bfb793aac89eb413e21aabe08b2e0e140de8c0d39,FakeSherbrooke,fake_sherbrooke,1,1024,1234,1234,8,34,125,84,127,663,1704,300,0,1704,,,0.8287210820017208,0.9509511300020677,session-1,2,3,raw_repetition,ok,
su2random_indep_qiskit_8,su2random,data/quantum_circuits/su2random_indep_qiskit_8.qasm,3157278e31c54e80e45de35bfb793aac89eb413e21aabe08b2e0e140de8c0d39,FakeSherbrooke,fake_sherbrooke,1,1024,1234,1234,8,34,125,84,127,663,1704,300,0,1704,,,0.7165395249976427,0.8387695729979896,session-1,3,3,raw_repetition,ok,
su2random_indep_qiskit_8,su2random,data/quantum_circuits/su2random_indep_qiskit_8.qasm,3157278e31c54e80e45de35bfb793aac89eb413e21aabe08b2e0e140de8c0d39,FakeSherbrooke,fake_sherbrooke,1,1024,1234,1234,8,34,125,84,127,663,1704,300,0,1704,,,0.8357012010019389,0.9579312490022858,session-1,4,3,raw_repetition,ok,
su2random_indep_qiskit_9,su2random,data/quantum_circuits/su2random_indep_qiskit_9.qasm,c6ee0cb7c958cecf010796ce2ad0bb148b9fd660dd52393972c541d9ae422eca,FakeSherbrooke,fake_sherbrooke,1,1024,1234,1234,9,38,154,108,127,526,2146,375,0,2146,0.15254265499970643,1.1502225740005088,1.011026774001948,1.1635694290016545,session-1,0,3,raw_repetition,ok,
su2random_indep_qiskit_9,su2random,data/quantum_circuits/su2random_indep_qiskit_9.qasm,c6ee0cb7c958cecf010796ce2ad0bb148b9fd660dd52393972c541d9ae422eca,FakeSherbrooke,fake_sherbrooke,1,1024,1234,1234,9,38,154,108,127,526,2146,375,0,2146,,,1.124827390001883,1.2773700450015895,session-1,1,3,raw_repetition,ok,
su2random_indep_qiskit_9,su2random,data/quantum_circuits/su2random_indep_qiskit_9.qasm,c6ee0cb7c958cecf010796ce2ad0bb148b9fd660dd52393972c541d9ae422eca,FakeSherbrooke,fake_sherbrooke,1,1024,1234,1234,9,38,154,108,127,526,2146,375,0,2146,,,1.0087604710024607,1.1613031260021671,session-1,2,3,raw_repetition,ok,
su2random_indep_qiskit_9,su2random,data/quantum_circuits/su2random_indep_qiskit_9.qasm,c6ee0cb7c958cecf010796ce2ad0bb148b9fd660dd52393972c541d9ae422eca,FakeSherbrooke,fake_sherbrooke,1,1024,1234,1234,9,38,154,108,127,526,2146,375,0,2146,,,1.007655020999664,1.1601976759993704,session-1,3,3,raw_repetition,ok,
su2random_indep_qiskit_9,su2random,data/quantum_circuits/su2random_indep_qiskit_9.qasm,c6ee0cb7c958cecf010796ce2ad0bb148b9fd660dd52393972c541d9ae422eca,FakeSherbrooke,fake_sherbrooke,1,1024,1234,1234,9,38,154,108,127,526,2146,375,0,2146,,,1.1250534079990757,1.2775960629987821,session-1,4,3,raw_repetition,ok,
twolocalrandom_indep_qiskit_2,twolocalrandom,data/quantum_circuits/twolocalrandom_indep_qiskit_2.qasm,806f1844d225682cd7d5d0b276b5567caa23697f73064d8a20347024bb03fe40,FakeSherbrooke,fake_sherbrooke,1,1024,1234,1234,2,8,14,3,127,20,31,3,0,31,0.016623434999928577,0.6025977210010751,0.7465315420013212,0.7631549770012498,session-1,0,3,raw_repetition,ok,
twolocalrandom_indep_qiskit_2,twolocalrandom,data/quantum_circuits/twolocalrandom_indep_qiskit_2.qasm,806f1844d225682cd7d5d0b276b5567caa23697f73064d8a20347024bb03fe40,FakeSherbrooke,fake_sherbrooke,1,1024,1234,1234,2,8,14,3,127,20,31,3,0,31,,,0.607892782001727,0.6245162170016556,session-1,1,3,raw_repetition,ok,
twolocalrandom_indep_qiskit_2,twolocalrandom,data/quantum_circuits/twolocalrandom_indep_qiskit_2.qasm,806f1844d225682cd7d5d0b276b5567caa23697f73064d8a20347024bb03fe40,FakeSherbrooke,fake_sherbrooke,1,1024,1234,1234,2,8,14,3,127,20,31,3,0,31,,,0.7559293390004314,0.7725527740003599,session-1,2,3,raw_repetition,ok,
twolocalrandom_indep_qiskit_2,twolocalrandom,data/quantum_circuits/twolocalrandom_indep_qiskit_2.qasm,806f1844d225682cd7d5d0b276b5567caa23697f73064d8a20347024bb03fe40,FakeSherbrooke,fake_sherbrooke,1,1024,1234,1234,2,8,14,3,127,20,31,3,0,31,,,0.6269189160011592,0.6435423510010878,session-1,3,3,raw_repetition,ok,
twolocalrandom_indep_qiskit_2,twolocalrandom,data/quantum_circuits/twolocalrandom_indep_qiskit_2.qasm,806f1844d225682cd7d5d0b276b5567caa23697f73064d8a20347024bb03fe40,FakeSherbrooke,fake_sherbrooke,1,1024,1234,1234,2,8,14,3,127,20,31,3,0,31,,,0.7275373390002642,0.7441607740001928,session-1,4,3,raw_repetition,ok,
twolocalrandom_indep_qiskit_3,twolocalrandom,data/quantum_circuits/twolocalrandom_indep_qiskit_3.qasm,79b8fdfbfe6897a226612f9b9e27a4533aac4b48258335fb7746c5f10989cedc,FakeSherbrooke,fake_sherbrooke,1,1024,1234,1234,3,14,25,9,127,78,133,21,0,133,0.03876559499985888,0.6188218349998351,0.7404894770006649,0.7792550720005238,session-1,0,3,raw_repetition,ok,
twolocalrandom_indep_qiskit_3,twolocalrandom,data/quantum_circuits/twolocalrandom_indep_qiskit_3.qasm,79b8fdfbfe6897a226612f9b9e27a4533aac4b48258335fb7746c5f10989cedc,FakeSherbrooke,fake_sherbrooke,1,1024,1234,1234,3,14,25,9,127,78,133,21,0,133,,,0.7341229660014505,0.7728885610013094,session-1,1,3,raw_repetition,ok,
twolocalrandom_indep_qiskit_3,twolocalrandom,data/quantum_circuits/twolocalrandom_indep_qiskit_3.qasm,79b8fdfbfe6897a226612f9b9e27a4533aac4b48258335fb7746c5f10989cedc,FakeSherbrooke,fake_sherbrooke,1,1024,1234,1234,3,14,25,9,127,78,133,21,0,133,,,0.6330109359987546,0.6717765309986135,session-1,2,3,raw_repetition,ok,
twolocalrandom_indep_qiskit_3,twolocalrandom,data/quantum_circuits/twolocalrandom_indep_qiskit_3.qasm,79b8fdfbfe6897a226612f9b9e27a4533aac4b48258335fb7746c5f10989cedc,FakeSherbrooke,fake_sherbrooke,1,1024,1234,1234,3,14,25,9,127,78,133,21,0,133,,,0.6169990770031291,0.6557646720029879,session-1,3,3,raw_repetition,ok,
twolocalrandom_indep_qiskit_3,twolocalrandom,data/quantum_circuits/twolocalrandom_indep_qiskit_3.qasm,79b8fdfbfe6897a226612f9b9e27a4533aac4b48258335fb7746c5f10989cedc,FakeSherbrooke,fake_sherbrooke,1,1024,1234,1234,3,14,25,9,127,78,133,21,0,133,,,0.7445185139986279,0.7832841089984868,session-1,4,3,raw_repetition,ok,
twolocalrandom_indep_qiskit_4,twolocalrandom,data/quantum_circuits/twolocalrandom_indep_qiskit_4.qasm,187d76ac82884dc3202418b0e06077eec26afed0c625b228d76b4416e6bfa480,FakeSherbrooke,fake_sherbrooke,1,1024,1234,1234,4,18,39,18,127,173,319,54,0,319,0.05868093499884708,0.6171188350017474,0.6145657900015067,0.6732467250003538,session-1,0,3,raw_repetition,ok,
twolocalrandom_indep_qiskit_4,twolocalrandom,data/quantum_circuits/twolocalrandom_indep_qiskit_4.qasm,187d76ac82884dc3202418b0e06077eec26afed0c625b228d76b4416e6bfa480,FakeSherbrooke,fake_sherbrooke,1,1024,1234,1234,4,18,39,18,127,173,319,54,0,319,,,0.7510801400021592,0.8097610750010062,session-1,1,3,raw_repetition,ok,
twolocalrandom_indep_qiskit_4,twolocalrandom,data/quantum_circuits/twolocalrandom_indep_qiskit_4.qasm,187d76ac82884dc3202418b0e06077eec26afed0c625b228d76b4416e6bfa480,FakeSherbrooke,fake_sherbrooke,1,1024,1234,1234,4,18,39,18,127,173,319,54,0,319,,,0.606693567999173,0.66537450299802,session-1,2,3,raw_repetition,ok,
twolocalrandom_indep_qiskit_4,twolocalrandom,data/quantum_circuits/twolocalrandom_indep_qiskit_4.qasm,187d76ac82884dc3202418b0e06077eec26afed0c625b228d76b4416e6bfa480,FakeSherbrooke,fake_sherbrooke,1,1024,1234,1234,4,18,39,18,127,173,319,54,0,319,,,0.7238916520000203,0.7825725869988673,session-1,3,3,raw_repetition,ok,
twolocalrandom_indep_qiskit_4,twolocalrandom,data/quantum_circuits/twolocalrandom_indep_qiskit_4.qasm,187d76ac82884dc3202418b0e06077eec26afed0c625b228d76b4416e6bfa480,FakeSherbrooke,fake_sherbrooke,1,1024,1234,1234,4,18,39,18,127,173,319,54,0,319,,,0.6033456680015661,0.6620266030004132,session-1,4,3,raw_repetition,ok,
twolocalrandom_indep_qiskit_5,twolocalrandom,data/quantum_circuits/twolocalrandom_indep_qiskit_5.qasm,8d3b3ff10a3a80d0dda4e7043cce2b222aaf9e3cc19caa194b8e87da40266ac5,FakeSherbrooke,fake_sherbrooke,1,1024,1234,1234,5,22,56,30,127,230,459,78,0,459,0.05412114299906534,0.7195819259977725,0.7416995739986305,0.7958207169976959,session-1,0,3,raw_repetition,ok,
twolocalrandom_indep_qiskit_5,twolocalrandom,data/quantum_circuits/twolocalrandom_indep_qiskit_5.qasm,8d3b3ff10a3a80d0dda4e7043cce2b222aaf9e3cc19caa194b8e87da40266ac5,FakeSherbrooke,fake_sherbrooke,1,1024,1234,1234,5,22,56,30,127,230,459,78,0,459,,,0.6170311850000871,0.6711523279991525,session-1,1,3,raw_repetition,ok,
twolocalrandom_indep_qiskit_5,twolocalrandom,data/quantum_circuits/twolocalrandom_indep_qiskit_5.qasm,8d3b3ff10a3a80d0dda4e7043cce2b222aaf9e3cc19caa194b8e87da40266ac5,FakeSherbrooke,fake_sherbrooke,1,1024,1234,1234,5,22,56,30,127,230,459,78,0,459,,,0.6090295690009953,0.6631507120000606,session-1,2,3,raw_repetition,ok,
twolocalrandom_indep_qiskit_5,twolocalrandom,data/quantum_circuits/twolocalrandom_indep_qiskit_5.qasm,8d3b3ff10a3a80d0dda4e7043cce2b222aaf9e3cc19caa194b8e87da40266ac5,FakeSherbrooke,fake_sherbrooke,1,1024,1234,1234,5,22,56,30,127,230,459,78,0,459,,,0.7226315090010758,0.7767526520001411,session-1,3,3,raw_repetition,ok,
twolocalrandom_indep_qiskit_5,twolocalrandom,data/quantum_circuits/twolocalrandom_indep_qiskit_5.qasm,8d3b3ff10a3a80d0dda4e7043cce2b222aaf9e3cc19caa194b8e87da40266ac5,FakeSherbrooke,fake_sherbrooke,1,1024,1234,1234,5,22,56,30,127,230,459,78,0,459,,,0.605096749997756,0.6592178929968213,session-1,4,3,raw_repetition,ok,
twolocalrandom_indep_qiskit_6,twolocalrandom,data/quantum_circuits/twolocalrandom_indep_qiskit_6.qasm,c9931425f0767057491a7e6ab8f1ed937fde917a862097440f57606892bddde9,FakeSherbrooke,fake_sherbrooke,1,1024,1234,1234,6,26,76,45,127,397,839,147,0,839,0.07376717799706967,0.7482548309999402,0.7646383610008343,0.8384055389979039,session-1,0,3,raw_repetition,ok,
twolocalrandom_indep_qiskit_6,twolocalrandom,data/quantum_circuits/twolocalrandom_indep_qiskit_6.qasm,c9931425f0767057491a7e6ab8f1ed937fde917a862097440f57606892bddde9,FakeSherbrooke,fake_sherbrooke,1,1024,1234,1234,6,26,76,45,127,397,839,147,0,839,,,0.6519369939996977,0.7257041719967674,session-1,1,3,raw_repetition,ok,
twolocalrandom_indep_qiskit_6,twolocalrandom,data/quantum_circuits/twolocalrandom_indep_qiskit_6.qasm,c9931425f0767057491a7e6ab8f1ed937fde917a862097440f57606892bddde9,FakeSherbrooke,fake_sherbrooke,1,1024,1234,1234,6,26,76,45,127,397,839,147,0,839,,,0.7952438520005671,0.8690110299976368,session-1,2,3,raw_repetition,ok,
twolocalrandom_indep_qiskit_6,twolocalrandom,data/quantum_circuits/twolocalrandom_indep_qiskit_6.qasm,c9931425f0767057491a7e6ab8f1ed937fde917a862097440f57606892bddde9,FakeSherbrooke,fake_sherbrooke,1,1024,1234,1234,6,26,76,45,127,397,839,147,0,839,,,0.6434518890018808,0.7172190669989504,session-1,3,3,raw_repetition,ok,
twolocalrandom_indep_qiskit_6,twolocalrandom,data/quantum_circuits/twolocalrandom_indep_qiskit_6.qasm,c9931425f0767057491a7e6ab8f1ed937fde917a862097440f57606892bddde9,FakeSherbrooke,fake_sherbrooke,1,1024,1234,1234,6,26,76,45,127,397,839,147,0,839,,,0.6602431499995873,0.734010327996657,session-1,4,3,raw_repetition,ok,
twolocalrandom_indep_qiskit_7,twolocalrandom,data/quantum_circuits/twolocalrandom_indep_qiskit_7.qasm,af19d23c83544c8b7f6be5c42e0254336c9902c1ef454c06b9d45c4582d2fd3d,FakeSherbrooke,fake_sherbrooke,1,1024,1234,1234,7,30,99,63,127,482,1180,213,0,1180,0.10790588300005766,0.8689766999996209,0.7220087399982731,0.8299146229983307,session-1,0,3,raw_repetition,ok,
twolocalrandom_indep_qiskit_7,twolocalrandom,data/quantum_circuits/twolocalrandom_indep_qiskit_7.qasm,af19d23c83544c8b7f6be5c42e0254336c9902c1ef454c06b9d45c4582d2fd3d,FakeSherbrooke,fake_sherbrooke,1,1024,1234,1234,7,30,99,63,127,482,1180,213,0,1180,,,0.8451226420002058,0.9530285250002635,session-1,1,3,raw_repetition,ok,
twolocalrandom_indep_qiskit_7,twolocalrandom,data/quantum_circuits/twolocalrandom_indep_qiskit_7.qasm,af19d23c83544c8b7f6be5c42e0254336c9902c1ef454c06b9d45c4582d2fd3d,FakeSherbrooke,fake_sherbrooke,1,1024,1234,1234,7,30,99,63,127,482,1180,213,0,1180,,,0.7352060310004163,0.8431119140004739,session-1,2,3,raw_repetition,ok,
twolocalrandom_indep_qiskit_7,twolocalrandom,data/quantum_circuits/twolocalrandom_indep_qiskit_7.qasm,af19d23c83544c8b7f6be5c42e0254336c9902c1ef454c06b9d45c4582d2fd3d,FakeSherbrooke,fake_sherbrooke,1,1024,1234,1234,7,30,99,63,127,482,1180,213,0,1180,,,0.743819467999856,0.8517253509999136,session-1,3,3,raw_repetition,ok,
twolocalrandom_indep_qiskit_7,twolocalrandom,data/quantum_circuits/twolocalrandom_indep_qiskit_7.qasm,af19d23c83544c8b7f6be5c42e0254336c9902c1ef454c06b9d45c4582d2fd3d,FakeSherbrooke,fake_sherbrooke,1,1024,1234,1234,7,30,99,63,127,482,1180,213,0,1180,,,0.8611114749983244,0.9690173579983821,session-1,4,3,raw_repetition,ok,
twolocalrandom_indep_qiskit_8,twolocalrandom,data/quantum_circuits/twolocalrandom_indep_qiskit_8.qasm,8ea085ea0c0185c560746ab5988221e203c457e2afbb475976fb99f718e2dad1,FakeSherbrooke,fake_sherbrooke,1,1024,1234,1234,8,34,125,84,127,654,1664,300,0,1664,0.12047534999874188,0.7367637369970907,0.7247802189995127,0.8452555689982546,session-1,0,3,raw_repetition,ok,
twolocalrandom_indep_qiskit_8,twolocalrandom,data/quantum_circuits/twolocalrandom_indep_qiskit_8.qasm,8ea085ea0c0185c560746ab5988221e203c457e2afbb475976fb99f718e2dad1,FakeSherbrooke,fake_sherbrooke,1,1024,1234,1234,8,34,125,84,127,654,1664,300,0,1664,,,0.8669112600000517,0.9873866099987936,session-1,1,3,raw_repetition,ok,
twolocalrandom_indep_qiskit_8,twolocalrandom,data/quantum_circuits/twolocalrandom_indep_qiskit_8.qasm,8ea085ea0c0185c560746ab5988221e203c457e2afbb475976fb99f718e2dad1,FakeSherbrooke,fake_sherbrooke,1,1024,1234,1234,8,34,125,84,127,654,1664,300,0,1664,,,0.7478495579998707,0.8683249079986126,session-1,2,3,raw_repetition,ok,
twolocalrandom_indep_qiskit_8,twolocalrandom,data/quantum_circuits/twolocalrandom_indep_qiskit_8.qasm,8ea085ea0c0185c560746ab5988221e203c457e2afbb475976fb99f718e2dad1,FakeSherbrooke,fake_sherbrooke,1,1024,1234,1234,8,34,125,84,127,654,1664,300,0,1664,,,0.738466998001968,0.8589423480007099,session-1,3,3,raw_repetition,ok,
twolocalrandom_indep_qiskit_8,twolocalrandom,data/quantum_circuits/twolocalrandom_indep_qiskit_8.qasm,8ea085ea0c0185c560746ab5988221e203c457e2afbb475976fb99f718e2dad1,FakeSherbrooke,fake_sherbrooke,1,1024,1234,1234,8,34,125,84,127,654,1664,300,0,1664,,,0.8597009090008214,0.9801762589995633,session-1,4,3,raw_repetition,ok,
twolocalrandom_indep_qiskit_9,twolocalrandom,data/quantum_circuits/twolocalrandom_indep_qiskit_9.qasm,bdd8a427e9747bbc01ad8e77a22d61f0314fe8db0de17786839f2193ab0928bd,FakeSherbrooke,fake_sherbrooke,1,1024,1234,1234,9,38,154,108,127,513,2101,375,0,2101,0.14573793000090518,1.0013951859982626,1.0371853260003263,1.1829232560012315,session-1,0,3,raw_repetition,ok,
twolocalrandom_indep_qiskit_9,twolocalrandom,data/quantum_circuits/twolocalrandom_indep_qiskit_9.qasm,bdd8a427e9747bbc01ad8e77a22d61f0314fe8db0de17786839f2193ab0928bd,FakeSherbrooke,fake_sherbrooke,1,1024,1234,1234,9,38,154,108,127,513,2101,375,0,2101,,,1.0087056560005294,1.1544435860014346,session-1,1,3,raw_repetition,ok,
twolocalrandom_indep_qiskit_9,twolocalrandom,data/quantum_circuits/twolocalrandom_indep_qiskit_9.qasm,bdd8a427e9747bbc01ad8e77a22d61f0314fe8db0de17786839f2193ab0928bd,FakeSherbrooke,fake_sherbrooke,1,1024,1234,1234,9,38,154,108,127,513,2101,375,0,2101,,,1.0018454509990988,1.147583381000004,session-1,2,3,raw_repetition,ok,
twolocalrandom_indep_qiskit_9,twolocalrandom,data/quantum_circuits/twolocalrandom_indep_qiskit_9.qasm,bdd8a427e9747bbc01ad8e77a22d61f0314fe8db0de17786839f2193ab0928bd,FakeSherbrooke,fake_sherbrooke,1,1024,1234,1234,9,38,154,108,127,513,2101,375,0,2101,,,1.1146492670013686,1.2603871970022738,session-1,3,3,raw_repetition,ok,
twolocalrandom_indep_qiskit_9,twolocalrandom,data/quantum_circuits/twolocalrandom_indep_qiskit_9.qasm,bdd8a427e9747bbc01ad8e77a22d61f0314fe8db0de17786839f2193ab0928bd,FakeSherbrooke,fake_sherbrooke,1,1024,1234,1234,9,38,154,108,127,513,2101,375,0,2101,,,1.1271351390023483,1.2728730690032535,session-1,4,3,raw_repetition,ok,
vqe_indep_qiskit_3,vqe,data/quantum_circuits/vqe_indep_qiskit_3.qasm,92c02520f591e3d46218c6839b62acb2a1d5fbcc2ceba197b9265653f1737b24,FakeSherbrooke,fake_sherbrooke,1,1024,1234,1234,3,8,17,4,127,21,41,4,0,41,0.020325510999100516,0.6161800589979975,0.7510326699994039,0.7713581809985044,session-1,0,3,raw_repetition,ok,
vqe_indep_qiskit_3,vqe,data/quantum_circuits/vqe_indep_qiskit_3.qasm,92c02520f591e3d46218c6839b62acb2a1d5fbcc2ceba197b9265653f1737b24,FakeSherbrooke,fake_sherbrooke,1,1024,1234,1234,3,8,17,4,127,21,41,4,0,41,,,0.6269369629990251,0.6472624739981256,session-1,1,3,raw_repetition,ok,
vqe_indep_qiskit_3,vqe,data/quantum_circuits/vqe_indep_qiskit_3.qasm,92c02520f591e3d46218c6839b62acb2a1d5fbcc2ceba197b9265653f1737b24,FakeSherbrooke,fake_sherbrooke,1,1024,1234,1234,3,8,17,4,127,21,41,4,0,41,,,0.7342504360021849,0.7545759470012854,session-1,2,3,raw_repetition,ok,
vqe_indep_qiskit_3,vqe,data/quantum_circuits/vqe_indep_qiskit_3.qasm,92c02520f591e3d46218c6839b62acb2a1d5fbcc2ceba197b9265653f1737b24,FakeSherbrooke,fake_sherbrooke,1,1024,1234,1234,3,8,17,4,127,21,41,4,0,41,,,0.6019698229974892,0.6222953339965898,session-1,3,3,raw_repetition,ok,
vqe_indep_qiskit_3,vqe,data/quantum_circuits/vqe_indep_qiskit_3.qasm,92c02520f591e3d46218c6839b62acb2a1d5fbcc2ceba197b9265653f1737b24,FakeSherbrooke,fake_sherbrooke,1,1024,1234,1234,3,8,17,4,127,21,41,4,0,41,,,0.7631261789974815,0.783451689996582,session-1,4,3,raw_repetition,ok,
vqe_indep_qiskit_4,vqe,data/quantum_circuits/vqe_indep_qiskit_4.qasm,23a9403cafedb94bbd2f39d4d9106aca7f890047719b80231d86ac9fb8382383,FakeSherbrooke,fake_sherbrooke,1,1024,1234,1234,4,9,23,6,127,25,57,6,0,57,0.021671434999007033,0.6269565780021367,0.720933081000112,0.742604515999119,session-1,0,3,raw_repetition,ok,
vqe_indep_qiskit_4,vqe,data/quantum_circuits/vqe_indep_qiskit_4.qasm,23a9403cafedb94bbd2f39d4d9106aca7f890047719b80231d86ac9fb8382383,FakeSherbrooke,fake_sherbrooke,1,1024,1234,1234,4,9,23,6,127,25,57,6,0,57,,,0.6076239409994741,0.6292953759984812,session-1,1,3,raw_repetition,ok,
vqe_indep_qiskit_4,vqe,data/quantum_circuits/vqe_indep_qiskit_4.qasm,23a9403cafedb94bbd2f39d4d9106aca7f890047719b80231d86ac9fb8382383,FakeSherbrooke,fake_sherbrooke,1,1024,1234,1234,4,9,23,6,127,25,57,6,0,57,,,0.6055584200003068,0.6272298549993138,session-1,2,3,raw_repetition,ok,
vqe_indep_qiskit_4,vqe,data/quantum_circuits/vqe_indep_qiskit_4.qasm,23a9403cafedb94bbd2f39d4d9106aca7f890047719b80231d86ac9fb8382383,FakeSherbrooke,fake_sherbrooke,1,1024,1234,1234,4,9,23,6,127,25,57,6,0,57,,,0.7149933189975854,0.7366647539965925,session-1,3,3,raw_repetition,ok,
vqe_indep_qiskit_4,vqe,data/quantum_circuits/vqe_indep_qiskit_4.qasm,23a9403cafedb94bbd2f39d4d9106aca7f890047719b80231d86ac9fb8382383,FakeSherbrooke,fake_sherbrooke,1,1024,1234,1234,4,9,23,6,127,25,57,6,0,57,,,0.5993821279989788,0.6210535629979859,session-1,4,3,raw_repetition,ok,
vqe_indep_qiskit_5,vqe,data/quantum_circuits/vqe_indep_qiskit_5.qasm,8c7594c05053bb7af0015bd637170a669e9d39c1da6edce6a769992b6ef5c9cb,FakeSherbrooke,fake_sherbrooke,1,1024,1234,1234,5,10,29,8,127,28,74,8,0,74,0.02319768099914654,0.7321991929966316,0.6284137800030294,0.6516114610021759,session-1,0,3,raw_repetition,ok,
vqe_indep_qiskit_5,vqe,data/quantum_circuits/vqe_indep_qiskit_5.qasm,8c7594c05053bb7af0015bd637170a669e9d39c1da6edce6a769992b6ef5c9cb,FakeSherbrooke,fake_sherbrooke,1,1024,1234,1234,5,10,29,8,127,28,74,8,0,74,,,0.7488575809984468,0.7720552619975933,session-1,1,3,raw_repetition,ok,
vqe_indep_qiskit_5,vqe,data/quantum_circuits/vqe_indep_qiskit_5.qasm,8c7594c05053bb7af0015bd637170a669e9d39c1da6edce6a769992b6ef5c9cb,FakeSherbrooke,fake_sherbrooke,1,1024,1234,1234,5,10,29,8,127,28,74,8,0,74,,,0.6376946199998201,0.6608923009989667,session-1,2,3,raw_repetition,ok,
vqe_indep_qiskit_5,vqe,data/quantum_circuits/vqe_indep_qiskit_5.qasm,8c7594c05053bb7af0015bd637170a669e9d39c1da6edce6a769992b6ef5c9cb,FakeSherbrooke,fake_sherbrooke,1,1024,1234,1234,5,10,29,8,127,28,74,8,0,74,,,0.6111499899998307,0.6343476709989773,session-1,3,3,raw_repetition,ok,
vqe_indep_qiskit_5,vqe,data/quantum_circuits/vqe_indep_qiskit_5.qasm,8c7594c05053bb7af0015bd637170a669e9d39c1da6edce6a769992b6ef5c9cb,FakeSherbrooke,fake_sherbrooke,1,1024,1234,1234,5,10,29,8,127,28,74,8,0,74,,,0.7209470990019327,0.7441447800010792,session-1,4,3,raw_repetition,ok,
vqe_indep_qiskit_6,vqe,data/quantum_circuits/vqe_indep_qiskit_6.qasm,58501be4f197f4efd57535977a245f6adb39216116363b46836664cd6ca29e10,FakeSherbrooke,fake_sherbrooke,1,1024,1234,1234,6,11,35,10,127,30,88,10,0,88,0.024326513997948496,0.6072218189983687,0.7236083809984848,0.7479348949964333,session-1,0,3,raw_repetition,ok,
vqe_indep_qiskit_6,vqe,data/quantum_circuits/vqe_indep_qiskit_6.qasm,58501be4f197f4efd57535977a245f6adb39216116363b46836664cd6ca29e10,FakeSherbrooke,fake_sherbrooke,1,1024,1234,1234,6,11,35,10,127,30,88,10,0,88,,,0.6109720310014382,0.6352985449993866,session-1,1,3,raw_repetition,ok,
vqe_indep_qiskit_6,vqe,data/quantum_circuits/vqe_indep_qiskit_6.qasm,58501be4f197f4efd57535977a245f6adb39216116363b46836664cd6ca29e10,FakeSherbrooke,fake_sherbrooke,1,1024,1234,1234,6,11,35,10,127,30,88,10,0,88,,,0.6012550119994557,0.6255815259974042,session-1,2,3,raw_repetition,ok,
vqe_indep_qiskit_6,vqe,data/quantum_circuits/vqe_indep_qiskit_6.qasm,58501be4f197f4efd57535977a245f6adb39216116363b46836664cd6ca29e10,FakeSherbrooke,fake_sherbrooke,1,1024,1234,1234,6,11,35,10,127,30,88,10,0,88,,,0.7184133580012713,0.7427398719992198,session-1,3,3,raw_repetition,ok,
vqe_indep_qiskit_6,vqe,data/quantum_circuits/vqe_indep_qiskit_6.qasm,58501be4f197f4efd57535977a245f6adb39216116363b46836664cd6ca29e10,FakeSherbrooke,fake_sherbrooke,1,1024,1234,1234,6,11,35,10,127,30,88,10,0,88,,,0.728956584000116,0.7532830979980645,session-1,4,3,raw_repetition,ok,
vqe_indep_qiskit_7,vqe,data/quantum_circuits/vqe_indep_qiskit_7.qasm,63b92ee6c5b54da107e9016de97e2cb7768bfb970ebc025650706533e47d3caf,FakeSherbrooke,fake_sherbrooke,1,1024,1234,1234,7,12,41,12,127,33,104,12,0,104,0.02302879600028973,0.61668388399994,0.7413233840015891,0.7643521800018789,session-1,0,3,raw_repetition,ok,
vqe_indep_qiskit_7,vqe,data/quantum_circuits/vqe_indep_qiskit_7.qasm,63b92ee6c5b54da107e9016de97e2cb7768bfb970ebc025650706533e47d3caf,FakeSherbrooke,fake_sherbrooke,1,1024,1234,1234,7,12,41,12,127,33,104,12,0,104,,,0.6224489690030168,0.6454777650033066,session-1,1,3,raw_repetition,ok,
vqe_indep_qiskit_7,vqe,data/quantum_circuits/vqe_indep_qiskit_7.qasm,63b92ee6c5b54da107e9016de97e2cb7768bfb970ebc025650706533e47d3caf,FakeSherbrooke,fake_sherbrooke,1,1024,1234,1234,7,12,41,12,127,33,104,12,0,104,,,0.6197892669988505,0.6428180629991402,session-1,2,3,raw_repetition,ok,
vqe_indep_qiskit_7,vqe,data/quantum_circuits/vqe_indep_qiskit_7.qasm,63b92ee6c5b54da107e9016de97e2cb7768bfb970ebc025650706533e47d3caf,FakeSherbrooke,fake_sherbrooke,1,1024,1234,1234,7,12,41,12,127,33,104,12,0,104,,,0.7424227019982936,0.7654514979985834,session-1,3,3,raw_repetition,ok,
vqe_indep_qiskit_7,vqe,data/quantum_circuits/vqe_indep_qiskit_7.qasm,63b92ee6c5b54da107e9016de97e2cb7768bfb970ebc025650706533e47d3caf,FakeSherbrooke,fake_sherbrooke,1,1024,1234,1234,7,12,41,12,127,33,104,12,0,104,,,0.6231599359998654,0.6461887320001551,session-1,4,3,raw_repetition,ok,
vqe_indep_qiskit_8,vqe,data/quantum_circuits/vqe_indep_qiskit_8.qasm,6e066adb38de82d96650b3f806e398374e88912fd4688ab9c98f3c94dcd33e16,FakeSherbrooke,fake_sherbrooke,1,1024,1234,1234,8,13,47,14,127,35,114,14,0,114,0.024560076999478042,0.7474033819999022,0.6322565469999972,0.6568166239994753,session-1,0,3,raw_repetition,ok,
vqe_indep_qiskit_8,vqe,data/quantum_circuits/vqe_indep_qiskit_8.qasm,6e066adb38de82d96650b3f806e398374e88912fd4688ab9c98f3c94dcd33e16,FakeSherbrooke,fake_sherbrooke,1,1024,1234,1234,8,13,47,14,127,35,114,14,0,114,,,0.7521135560018593,0.7766736330013373,session-1,1,3,raw_repetition,ok,
vqe_indep_qiskit_8,vqe,data/quantum_circuits/vqe_indep_qiskit_8.qasm,6e066adb38de82d96650b3f806e398374e88912fd4688ab9c98f3c94dcd33e16,FakeSherbrooke,fake_sherbrooke,1,1024,1234,1234,8,13,47,14,127,35,114,14,0,114,,,0.761605140996835,0.786165217996313,session-1,2,3,raw_repetition,ok,
vqe_indep_qiskit_8,vqe,data/quantum_circuits/vqe_indep_qiskit_8.qasm,6e066adb38de82d96650b3f806e398374e88912fd4688ab9c98f3c94dcd33e16,FakeSherbrooke,fake_sherbrooke,1,1024,1234,1234,8,13,47,14,127,35,114,14,0,114,,,0.6377017699996941,0.6622618469991721,session-1,3,3,raw_repetition,ok,
vqe_indep_qiskit_8,vqe,data/quantum_circuits/vqe_indep_qiskit_8.qasm,6e066adb38de82d96650b3f806e398374e88912fd4688ab9c98f3c94dcd33e16,FakeSherbrooke,fake_sherbrooke,1,1024,1234,1234,8,13,47,14,127,35,114,14,0,114,,,0.6256597079991479,0.650219784998626,session-1,4,3,raw_repetition,ok,
vqe_indep_qiskit_9,vqe,data/quantum_circuits/vqe_indep_qiskit_9.qasm,bbafe35368c1a915635c383f6aaa4ec709a7c6e055550875d4de11ca0983dbb5,FakeSherbrooke,fake_sherbrooke,1,1024,1234,1234,9,14,53,16,127,40,134,16,0,134,0.02931480099869077,0.7867960080002376,0.7777278169996862,0.807042617998377,session-1,0,3,raw_repetition,ok,
vqe_indep_qiskit_9,vqe,data/quantum_circuits/vqe_indep_qiskit_9.qasm,bbafe35368c1a915635c383f6aaa4ec709a7c6e055550875d4de11ca0983dbb5,FakeSherbrooke,fake_sherbrooke,1,1024,1234,1234,9,14,53,16,127,40,134,16,0,134,,,0.6601275309985795,0.6894423319972702,session-1,1,3,raw_repetition,ok,
vqe_indep_qiskit_9,vqe,data/quantum_circuits/vqe_indep_qiskit_9.qasm,bbafe35368c1a915635c383f6aaa4ec709a7c6e055550875d4de11ca0983dbb5,FakeSherbrooke,fake_sherbrooke,1,1024,1234,1234,9,14,53,16,127,40,134,16,0,134,,,0.7732352110033389,0.8025500120020297,session-1,2,3,raw_repetition,ok,
vqe_indep_qiskit_9,vqe,data/quantum_circuits/vqe_indep_qiskit_9.qasm,bbafe35368c1a915635c383f6aaa4ec709a7c6e055550875d4de11ca0983dbb5,FakeSherbrooke,fake_sherbrooke,1,1024,1234,1234,9,14,53,16,127,40,134,16,0,134,,,0.6610348200010776,0.6903496209997684,session-1,3,3,raw_repetition,ok,
vqe_indep_qiskit_9,vqe,data/quantum_circuits/vqe_indep_qiskit_9.qasm,bbafe35368c1a915635c383f6aaa4ec709a7c6e055550875d4de11ca0983dbb5,FakeSherbrooke,fake_sherbrooke,1,1024,1234,1234,9,14,53,16,127,40,134,16,0,134,,,0.7923451379974722,0.821659938996163,session-1,4,3,raw_repetition,ok,
wstate_indep_qiskit_2,wstate,data/quantum_circuits/wstate_indep_qiskit_2.qasm,75b1db396e34d1f1b234ea8dcdc253203a770cecce7f48bb8a126860723c43df,FakeSherbrooke,fake_sherbrooke,1,1024,1234,1234,2,5,8,2,127,11,20,2,0,20,0.017442592998122564,0.6195319129983545,0.7127352219977183,0.7301778149958409,session-1,0,3,raw_repetition,ok,
wstate_indep_qiskit_2,wstate,data/quantum_circuits/wstate_indep_qiskit_2.qasm,75b1db396e34d1f1b234ea8dcdc253203a770cecce7f48bb8a126860723c43df,FakeSherbrooke,fake_sherbrooke,1,1024,1234,1234,2,5,8,2,127,11,20,2,0,20,,,0.7343785230004869,0.7518211159986095,session-1,1,3,raw_repetition,ok,
wstate_indep_qiskit_2,wstate,data/quantum_circuits/wstate_indep_qiskit_2.qasm,75b1db396e34d1f1b234ea8dcdc253203a770cecce7f48bb8a126860723c43df,FakeSherbrooke,fake_sherbrooke,1,1024,1234,1234,2,5,8,2,127,11,20,2,0,20,,,0.6141875079993042,0.6316301009974268,session-1,2,3,raw_repetition,ok,
wstate_indep_qiskit_2,wstate,data/quantum_circuits/wstate_indep_qiskit_2.qasm,75b1db396e34d1f1b234ea8dcdc253203a770cecce7f48bb8a126860723c43df,FakeSherbrooke,fake_sherbrooke,1,1024,1234,1234,2,5,8,2,127,11,20,2,0,20,,,0.607931616003043,0.6253742090011656,session-1,3,3,raw_repetition,ok,
wstate_indep_qiskit_2,wstate,data/quantum_circuits/wstate_indep_qiskit_2.qasm,75b1db396e34d1f1b234ea8dcdc253203a770cecce7f48bb8a126860723c43df,FakeSherbrooke,fake_sherbrooke,1,1024,1234,1234,2,5,8,2,127,11,20,2,0,20,,,0.7170967570018547,0.7345393499999773,session-1,4,3,raw_repetition,ok,
wstate_indep_qiskit_3,wstate,data/quantum_circuits/wstate_indep_qiskit_3.qasm,50a5fc62010017f60b77f8c81e9ddf9bd95419be272d2ec5ed1445aae0c7ac92,FakeSherbrooke,fake_sherbrooke,1,1024,1234,1234,3,7,13,4,127,20,37,4,0,37,0.021383176997915143,0.6027054959995439,0.7212502900001709,0.7426334669980861,session-1,0,3,raw_repetition,ok,
wstate_indep_qiskit_3,wstate,data/quantum_circuits/wstate_indep_qiskit_3.qasm,50a5fc62010017f60b77f8c81e9ddf9bd95419be272d2ec5ed1445aae0c7ac92,FakeSherbrooke,fake_sherbrooke,1,1024,1234,1234,3,7,13,4,127,20,37,4,0,37,,,0.6073725499991269,0.6287557269970421,session-1,1,3,raw_repetition,ok,
wstate_indep_qiskit_3,wstate,data/quantum_circuits/wstate_indep_qiskit_3.qasm,50a5fc62010017f60b77f8c81e9ddf9bd95419be272d2ec5ed1445aae0c7ac92,FakeSherbrooke,fake_sherbrooke,1,1024,1234,1234,3,7,13,4,127,20,37,4,0,37,,,0.7168108650002978,0.7381940419982129,session-1,2,3,raw_repetition,ok,
wstate_indep_qiskit_3,wstate,data/quantum_circuits/wstate_indep_qiskit_3.qasm,50a5fc62010017f60b77f8c81e9ddf9bd95419be272d2ec5ed1445aae0c7ac92,FakeSherbrooke,fake_sherbrooke,1,1024,1234,1234,3,7,13,4,127,20,37,4,0,37,,,0.6093409659988538,0.6307241429967689,session-1,3,3,raw_repetition,ok,
wstate_indep_qiskit_3,wstate,data/quantum_circuits/wstate_indep_qiskit_3.qasm,50a5fc62010017f60b77f8c81e9ddf9bd95419be272d2ec5ed1445aae0c7ac92,FakeSherbrooke,fake_sherbrooke,1,1024,1234,1234,3,7,13,4,127,20,37,4,0,37,,,0.7283800920013164,0.7497632689992315,session-1,4,3,raw_repetition,ok,
wstate_indep_qiskit_4,wstate,data/quantum_circuits/wstate_indep_qiskit_4.qasm,387f2f6f12a10e034ae5b68c11336a9874e87f20871579eec585bfd7311f38c8,FakeSherbrooke,fake_sherbrooke,1,1024,1234,1234,4,9,18,6,127,22,50,6,0,50,0.022894953002833063,0.608262776000629,0.715692432000651,0.7385873850034841,session-1,0,3,raw_repetition,ok,
wstate_indep_qiskit_4,wstate,data/quantum_circuits/wstate_indep_qiskit_4.qasm,387f2f6f12a10e034ae5b68c11336a9874e87f20871579eec585bfd7311f38c8,FakeSherbrooke,fake_sherbrooke,1,1024,1234,1234,4,9,18,6,127,22,50,6,0,50,,,0.5991299330016773,0.6220248860045103,session-1,1,3,raw_repetition,ok,
wstate_indep_qiskit_4,wstate,data/quantum_circuits/wstate_indep_qiskit_4.qasm,387f2f6f12a10e034ae5b68c11336a9874e87f20871579eec585bfd7311f38c8,FakeSherbrooke,fake_sherbrooke,1,1024,1234,1234,4,9,18,6,127,22,50,6,0,50,,,0.710647281997808,0.7335422350006411,session-1,2,3,raw_repetition,ok,
wstate_indep_qiskit_4,wstate,data/quantum_circuits/wstate_indep_qiskit_4.qasm,387f2f6f12a10e034ae5b68c11336a9874e87f20871579eec585bfd7311f38c8,FakeSherbrooke,fake_sherbrooke,1,1024,1234,1234,4,9,18,6,127,22,50,6,0,50,,,0.7222653399985575,0.7451602930013905,session-1,3,3,raw_repetition,ok,
wstate_indep_qiskit_4,wstate,data/quantum_circuits/wstate_indep_qiskit_4.qasm,387f2f6f12a10e034ae5b68c11336a9874e87f20871579eec585bfd7311f38c8,FakeSherbrooke,fake_sherbrooke,1,1024,1234,1234,4,9,18,6,127,22,50,6,0,50,,,0.6097510489998967,0.6326460020027298,session-1,4,3,raw_repetition,ok,
wstate_indep_qiskit_5,wstate,data/quantum_circuits/wstate_indep_qiskit_5.qasm,dc97062e3adcbcaf813cae5e970c8a0357a239b8d4a09e77a4e3e4625532d209,FakeSherbrooke,fake_sherbrooke,1,1024,1234,1234,5,11,23,8,127,27,67,8,0,67,0.0206755780018284,0.6033019999995304,0.6020207359979395,0.6226963139997679,session-1,0,3,raw_repetition,ok,
wstate_indep_qiskit_5,wstate,data/quantum_circuits/wstate_indep_qiskit_5.qasm,dc97062e3adcbcaf813cae5e970c8a0357a239b8d4a09e77a4e3e4625532d209,FakeSherbrooke,fake_sherbrooke,1,1024,1234,1234,5,11,23,8,127,27,67,8,0,67,,,0.7170430070000293,0.7377185850018577,session-1,1,3,raw_repetition,ok,
wstate_indep_qiskit_5,wstate,data/quantum_circuits/wstate_indep_qiskit_5.qasm,dc97062e3adcbcaf813cae5e970c8a0357a239b8d4a09e77a4e3e4625532d209,FakeSherbrooke,fake_sherbrooke,1,1024,1234,1234,5,11,23,8,127,27,67,8,0,67,,,0.5957936340018932,0.6164692120037216,session-1,2,3,raw_repetition,ok,
wstate_indep_qiskit_5,wstate,data/quantum_circuits/wstate_indep_qiskit_5.qasm,dc97062e3adcbcaf813cae5e970c8a0357a239b8d4a09e77a4e3e4625532d209,FakeSherbrooke,fake_sherbrooke,1,1024,1234,1234,5,11,23,8,127,27,67,8,0,67,,,0.7235217239976919,0.7441973019995203,session-1,3,3,raw_repetition,ok,
wstate_indep_qiskit_5,wstate,data/quantum_circuits/wstate_indep_qiskit_5.qasm,dc97062e3adcbcaf813cae5e970c8a0357a239b8d4a09e77a4e3e4625532d209,FakeSherbrooke,fake_sherbrooke,1,1024,1234,1234,5,11,23,8,127,27,67,8,0,67,,,0.6071511330010253,0.6278267110028537,session-1,4,3,raw_repetition,ok,
wstate_indep_qiskit_6,wstate,data/quantum_circuits/wstate_indep_qiskit_6.qasm,dbfb4dd8bf80cda30461759a3169ec60ac535a27409cf938f691179c6a121ebd,FakeSherbrooke,fake_sherbrooke,1,1024,1234,1234,6,13,28,10,127,32,84,10,0,84,0.025409057998331264,0.7260256160006975,0.60572490100094,0.6311339589992713,session-1,0,3,raw_repetition,ok,
wstate_indep_qiskit_6,wstate,data/quantum_circuits/wstate_indep_qiskit_6.qasm,dbfb4dd8bf80cda30461759a3169ec60ac535a27409cf938f691179c6a121ebd,FakeSherbrooke,fake_sherbrooke,1,1024,1234,1234,6,13,28,10,127,32,84,10,0,84,,,0.7193048160006583,0.7447138739989896,session-1,1,3,raw_repetition,ok,
wstate_indep_qiskit_6,wstate,data/quantum_circuits/wstate_indep_qiskit_6.qasm,dbfb4dd8bf80cda30461759a3169ec60ac535a27409cf938f691179c6a121ebd,FakeSherbrooke,fake_sherbrooke,1,1024,1234,1234,6,13,28,10,127,32,84,10,0,84,,,0.735561752000649,0.7609708099989803,session-1,2,3,raw_repetition,ok,
wstate_indep_qiskit_6,wstate,data/quantum_circuits/wstate_indep_qiskit_6.qasm,dbfb4dd8bf80cda30461759a3169ec60ac535a27409cf938f691179c6a121ebd,FakeSherbrooke,fake_sherbrooke,1,1024,1234,1234,6,13,28,10,127,32,84,10,0,84,,,0.6206625839986373,0.6460716419969685,session-1,3,3,raw_repetition,ok,
wstate_indep_qiskit_6,wstate,data/quantum_circuits/wstate_indep_qiskit_6.qasm,dbfb4dd8bf80cda30461759a3169ec60ac535a27409cf938f691179c6a121ebd,FakeSherbrooke,fake_sherbrooke,1,1024,1234,1234,6,13,28,10,127,32,84,10,0,84,,,0.6275226530015061,0.6529317109998374,session-1,4,3,raw_repetition,ok,
wstate_indep_qiskit_7,wstate,data/quantum_circuits/wstate_indep_qiskit_7.qasm,1dab21c93a580f711efff03a0f4a1d82985cf201219e886ab246e03a9011735c,FakeSherbrooke,fake_sherbrooke,1,1024,1234,1234,7,15,33,12,127,37,101,12,0,101,0.02351563000047463,0.7537939960020594,0.6397103910021542,0.6632260210026288,session-1,0,3,raw_repetition,ok,
wstate_indep_qiskit_7,wstate,data/quantum_circuits/wstate_indep_qiskit_7.qasm,1dab21c93a580f711efff03a0f4a1d82985cf201219e886ab246e03a9011735c,FakeSherbrooke,fake_sherbrooke,1,1024,1234,1234,7,15,33,12,127,37,101,12,0,101,,,0.7550721560000966,0.7785877860005712,session-1,1,3,raw_repetition,ok,
wstate_indep_qiskit_7,wstate,data/quantum_circuits/wstate_indep_qiskit_7.qasm,1dab21c93a580f711efff03a0f4a1d82985cf201219e886ab246e03a9011735c,FakeSherbrooke,fake_sherbrooke,1,1024,1234,1234,7,15,33,12,127,37,101,12,0,101,,,0.6258157219999703,0.6493313520004449,session-1,2,3,raw_repetition,ok,
wstate_indep_qiskit_7,wstate,data/quantum_circuits/wstate_indep_qiskit_7.qasm,1dab21c93a580f711efff03a0f4a1d82985cf201219e886ab246e03a9011735c,FakeSherbrooke,fake_sherbrooke,1,1024,1234,1234,7,15,33,12,127,37,101,12,0,101,,,0.6236059969996859,0.6471216270001605,session-1,3,3,raw_repetition,ok,
wstate_indep_qiskit_7,wstate,data/quantum_circuits/wstate_indep_qiskit_7.qasm,1dab21c93a580f711efff03a0f4a1d82985cf201219e886ab246e03a9011735c,FakeSherbrooke,fake_sherbrooke,1,1024,1234,1234,7,15,33,12,127,37,101,12,0,101,,,0.7595019529981073,0.7830175829985819,session-1,4,3,raw_repetition,ok,
wstate_indep_qiskit_8,wstate,data/quantum_circuits/wstate_indep_qiskit_8.qasm,e2fba21685e6e7d22d625d8babcc9c51a8911815153e52fc89277e0efe117045,FakeSherbrooke,fake_sherbrooke,1,1024,1234,1234,8,17,38,14,127,42,118,14,0,118,0.024498900998878526,0.7742030760018679,0.6261500539985718,0.6506489549974503,session-1,0,3,raw_repetition,ok,
wstate_indep_qiskit_8,wstate,data/quantum_circuits/wstate_indep_qiskit_8.qasm,e2fba21685e6e7d22d625d8babcc9c51a8911815153e52fc89277e0efe117045,FakeSherbrooke,fake_sherbrooke,1,1024,1234,1234,8,17,38,14,127,42,118,14,0,118,,,0.7700911940009973,0.7945900949998759,session-1,1,3,raw_repetition,ok,
wstate_indep_qiskit_8,wstate,data/quantum_circuits/wstate_indep_qiskit_8.qasm,e2fba21685e6e7d22d625d8babcc9c51a8911815153e52fc89277e0efe117045,FakeSherbrooke,fake_sherbrooke,1,1024,1234,1234,8,17,38,14,127,42,118,14,0,118,,,0.6213668839991442,0.6458657849980227,session-1,2,3,raw_repetition,ok,
wstate_indep_qiskit_8,wstate,data/quantum_circuits/wstate_indep_qiskit_8.qasm,e2fba21685e6e7d22d625d8babcc9c51a8911815153e52fc89277e0efe117045,FakeSherbrooke,fake_sherbrooke,1,1024,1234,1234,8,17,38,14,127,42,118,14,0,118,,,0.6081102520001878,0.6326091529990663,session-1,3,3,raw_repetition,ok,
wstate_indep_qiskit_8,wstate,data/quantum_circuits/wstate_indep_qiskit_8.qasm,e2fba21685e6e7d22d625d8babcc9c51a8911815153e52fc89277e0efe117045,FakeSherbrooke,fake_sherbrooke,1,1024,1234,1234,8,17,38,14,127,42,118,14,0,118,,,0.7334545699995942,0.7579534709984728,session-1,4,3,raw_repetition,ok,
wstate_indep_qiskit_9,wstate,data/quantum_circuits/wstate_indep_qiskit_9.qasm,84c07c56eef046e3c72823b20fb674075b1ab68a85dc6a06baf7f35983e2bd17,FakeSherbrooke,fake_sherbrooke,1,1024,1234,1234,9,19,43,16,127,47,135,16,0,135,0.02668859299956239,0.6398439510012395,0.7434969670030114,0.7701855600025738,session-1,0,3,raw_repetition,ok,
wstate_indep_qiskit_9,wstate,data/quantum_circuits/wstate_indep_qiskit_9.qasm,84c07c56eef046e3c72823b20fb674075b1ab68a85dc6a06baf7f35983e2bd17,FakeSherbrooke,fake_sherbrooke,1,1024,1234,1234,9,19,43,16,127,47,135,16,0,135,,,0.627824832998158,0.6545134259977203,session-1,1,3,raw_repetition,ok,
wstate_indep_qiskit_9,wstate,data/quantum_circuits/wstate_indep_qiskit_9.qasm,84c07c56eef046e3c72823b20fb674075b1ab68a85dc6a06baf7f35983e2bd17,FakeSherbrooke,fake_sherbrooke,1,1024,1234,1234,9,19,43,16,127,47,135,16,0,135,,,0.7482402750028996,0.774928868002462,session-1,2,3,raw_repetition,ok,
wstate_indep_qiskit_9,wstate,data/quantum_circuits/wstate_indep_qiskit_9.qasm,84c07c56eef046e3c72823b20fb674075b1ab68a85dc6a06baf7f35983e2bd17,FakeSherbrooke,fake_sherbrooke,1,1024,1234,1234,9,19,43,16,127,47,135,16,0,135,,,0.763134168999386,0.7898227619989484,session-1,3,3,raw_repetition,ok,
wstate_indep_qiskit_9,wstate,data/quantum_circuits/wstate_indep_qiskit_9.qasm,84c07c56eef046e3c72823b20fb674075b1ab68a85dc6a06baf7f35983e2bd17,FakeSherbrooke,fake_sherbrooke,1,1024,1234,1234,9,19,43,16,127,47,135,16,0,135,,,0.6449028179995366,0.671591410999099,session-1,4,3,raw_repetition,ok,
ae_indep_qiskit_2,ae,data/quantum_circuits/ae_indep_qiskit_2.qasm,de56c0798eca25bd1510d4d10f11e996f0bad2a11ce94a265da0635c161cbcae,FakeSherbrooke,fake_sherbrooke,1,1024,1234,1234,2,6,10,2,127,14,20,2,0,20,0.017640588001086144,0.6359466080029961,0.7295414120017085,0.7471820000027947,session-2,0,3,raw_repetition,ok,
ae_indep_qiskit_2,ae,data/quantum_circuits/ae_indep_qiskit_2.qasm,de56c0798eca25bd1510d4d10f11e996f0bad2a11ce94a265da0635c161cbcae,FakeSherbrooke,fake_sherbrooke,1,1024,1234,1234,2,6,10,2,127,14,20,2,0,20,,,0.6173197150019405,0.6349603030030266,session-2,1,3,raw_repetition,ok,
ae_indep_qiskit_2,ae,data/quantum_circuits/ae_indep_qiskit_2.qasm,de56c0798eca25bd1510d4d10f11e996f0bad2a11ce94a265da0635c161cbcae,FakeSherbrooke,fake_sherbrooke,1,1024,1234,1234,2,6,10,2,127,14,20,2,0,20,,,0.7535480439983075,0.7711886319993937,session-2,2,3,raw_repetition,ok,
ae_indep_qiskit_2,ae,data/quantum_circuits/ae_indep_qiskit_2.qasm,de56c0798eca25bd1510d4d10f11e996f0bad2a11ce94a265da0635c161cbcae,FakeSherbrooke,fake_sherbrooke,1,1024,1234,1234,2,6,10,2,127,14,20,2,0,20,,,0.6275300410015916,0.6451706290026777,session-2,3,3,raw_repetition,ok,
ae_indep_qiskit_2,ae,data/quantum_circuits/ae_indep_qiskit_2.qasm,de56c0798eca25bd1510d4d10f11e996f0bad2a11ce94a265da0635c161cbcae,FakeSherbrooke,fake_sherbrooke,1,1024,1234,1234,2,6,10,2,127,14,20,2,0,20,,,0.7225921339995693,0.7402327220006555,session-2,4,3,raw_repetition,ok,
ae_indep_qiskit_3,ae,data/quantum_circuits/ae_indep_qiskit_3.qasm,6b2f9fea850557b40ca9b69341ec300b1c4fe1f4bf53e94436af2ba1586bac62,FakeSherbrooke,fake_sherbrooke,1,1024,1234,1234,3,12,18,4,127,35,62,9,0,62,0.04615714399915305,0.7407574740027485,0.7633940679988882,0.8095512119980413,session-2,0,3,raw_repetition,ok,
ae_indep_qiskit_3,ae,data/quantum_circuits/ae_indep_qiskit_3.qasm,6b2f9fea850557b40ca9b69341ec300b1c4fe1f4bf53e94436af2ba1586bac62,FakeSherbrooke,fake_sherbrooke,1,1024,1234,1234,3,12,18,4,127,35,62,9,0,62,,,0.6458093299988832,0.6919664739980362,session-2,1,3,raw_repetition,ok,
ae_indep_qiskit_3,ae,data/quantum_circuits/ae_indep_qiskit_3.qasm,6b2f9fea850557b40ca9b69341ec300b1c4fe1f4bf53e94436af2ba1586bac62,FakeSherbrooke,fake_sherbrooke,1,1024,1234,1234,3,12,18,4,127,35,62,9,0,62,,,0.6423361670022132,0.6884933110013662,session-2,2,3,raw_repetition,ok,
ae_indep_qiskit_3,ae,data/quantum_circuits/ae_indep_qiskit_3.qasm,6b2f9fea850557b40ca9b69341ec300b1c4fe1f4bf53e94436af2ba1586bac62,FakeSherbrooke,fake_sherbrooke,1,1024,1234,1234,3,12,18,4,127,35,62,9,0,62,,,0.7704999259985925,0.8166570699977456,session-2,3,3,raw_repetition,ok,
ae_indep_qiskit_3,ae,data/quantum_circuits/ae_indep_qiskit_3.qasm,6b2f9fea850557b40ca9b69341ec300b1c4fe1f4bf53e94436af2ba1586bac62,FakeSherbrooke,fake_sherbrooke,1,1024,1234,1234,3,12,18,4,127,35,62,9,0,62,,,0.6359329209990392,0.6820900649981922,session-2,4,3,raw_repetition,ok,
ae_indep_qiskit_4,ae,data/quantum_circuits/ae_indep_qiskit_4.qasm,9b4261e2d98678946a9aefea16ba9b8abcae8409f8589f8fb3daa941694f88c6,FakeSherbrooke,fake_sherbrooke,1,1024,1234,1234,4,18,27,6,127,82,125,18,0,125,0.04065725300097256,0.6251826500010793,0.6194587840000167,0.6601160370009893,session-2,0,3,raw_repetition,ok,
ae_indep_qiskit_4,ae,data/quantum_circuits/ae_indep_qiskit_4.qasm,9b4261e2d98678946a9aefea16ba9b8abcae8409f8589f8fb3daa941694f88c6,FakeSherbrooke,fake_sherbrooke,1,1024,1234,1234,4,18,27,6,127,82,125,18,0,125,,,0.740575854000781,0.7812331070017535,session-2,1,3,raw_repetition,ok,
ae_indep_qiskit_4,ae,data/quantum_circuits/ae_indep_qiskit_4.qasm,9b4261e2d98678946a9aefea16ba9b8abcae8409f8589f8fb3daa941694f88c6,FakeSherbrooke,fake_sherbrooke,1,1024,1234,1234,4,18,27,6,127,82,125,18,0,125,,,0.6213401249988237,0.6619973779997963,session-2,2,3,raw_repetition,ok,
ae_indep_qiskit_4,ae,data/quantum_circuits/ae_indep_qiskit_4.qasm,9b4261e2d98678946a9aefea16ba9b8abcae8409f8589f8fb3daa941694f88c6,FakeSherbrooke,fake_sherbrooke,1,1024,1234,1234,4,18,27,6,127,82,125,18,0,125,,,0.6071075949985243,0.6477648479994969,session-2,3,3,raw_repetition,ok,
ae_indep_qiskit_4,ae,data/quantum_circuits/ae_indep_qiskit_4.qasm,9b4261e2d98678946a9aefea16ba9b8abcae8409f8589f8fb3daa941694f88c6,FakeSherbrooke,fake_sherbrooke,1,1024,1234,1234,4,18,27,6,127,82,125,18,0,125,,,0.7205989120011509,0.7612561650021235,session-2,4,3,raw_repetition,ok,
ae_indep_qiskit_5,ae,data/quantum_circuits/ae_indep_qiskit_5.qasm,8e4821df72704634cb81ea4d738477a8d596a49cba641e6198fdc9970e1d5d2f,FakeSherbrooke,fake_sherbrooke,1,1024,1234,1234,5,24,37,8,127,130,205,32,0,205,0.04808957699788152,0.6069777779994183,0.619820083000377,0.6679096599982586,session-2,0,3,raw_repetition,ok,
ae_indep_qiskit_5,ae,data/quantum_circuits/ae_indep_qiskit_5.qasm,8e4821df72704634cb81ea4d738477a8d596a49cba641e6198fdc9970e1d5d2f,FakeSherbrooke,fake_sherbrooke,1,1024,1234,1234,5,24,37,8,127,130,205,32,0,205,,,0.7500306399997498,0.7981202169976314,session-2,1,3,raw_repetition,ok,
ae_indep_qiskit_5,ae,data/quantum_circuits/ae_indep_qiskit_5.qasm,8e4821df72704634cb81ea4d738477a8d596a49cba641e6198fdc9970e1d5d2f,FakeSherbrooke,fake_sherbrooke,1,1024,1234,1234,5,24,37,8,127,130,205,32,0,205,,,0.6429755230019509,0.6910650999998325,session-2,2,3,raw_repetition,ok,
ae_indep_qiskit_5,ae,data/quantum_circuits/ae_indep_qiskit_5.qasm,8e4821df72704634cb81ea4d738477a8d596a49cba641e6198fdc9970e1d5d2f,FakeSherbrooke,fake_sherbrooke,1,1024,1234,1234,5,24,37,8,127,130,205,32,0,205,,,0.6140380979995825,0.662127674997464,session-2,3,3,raw_repetition,ok,
ae_indep_qiskit_5,ae,data/quantum_circuits/ae_indep_qiskit_5.qasm,8e4821df72704634cb81ea4d738477a8d596a49cba641e6198fdc9970e1d5d2f,FakeSherbrooke,fake_sherbrooke,1,1024,1234,1234,5,24,37,8,127,130,205,32,0,205,,,0.7163093499984825,0.764398926996364,session-2,4,3,raw_repetition,ok,
ae_indep_qiskit_6,ae,data/quantum_circuits/ae_indep_qiskit_6.qasm,585424315575b559a664523f6ce6236189739069b3872eea4ccdb995a29f8701,FakeSherbrooke,fake_sherbrooke,1,1024,1234,1234,6,30,48,10,127,187,317,51,0,317,0.059464190002472606,0.7487262020003982,0.6249196000026132,0.6843837900050858,session-2,0,3,raw_repetition,ok,
ae_indep_qiskit_6,ae,data/quantum_circuits/ae_indep_qiskit_6.qasm,585424315575b559a664523f6ce6236189739069b3872eea4ccdb995a29f8701,FakeSherbrooke,fake_sherbrooke,1,1024,1234,1234,6,30,48,10,127,187,317,51,0,317,,,0.7289117030013585,0.7883758930038312,session-2,1,3,raw_repetition,ok,
ae_indep_qiskit_6,ae,data/quantum_circuits/ae_indep_qiskit_6.qasm,585424315575b559a664523f6ce6236189739069b3872eea4ccdb995a29f8701,FakeSherbrooke,fake_sherbrooke,1,1024,1234,1234,6,30,48,10,127,187,317,51,0,317,,,0.6243082809996849,0.6837724710021575,session-2,2,3,raw_repetition,ok,
ae_indep_qiskit_6,ae,data/quantum_circuits/ae_indep_qiskit_6.qasm,585424315575b559a664523f6ce6236189739069b3872eea4ccdb995a29f8701,FakeSherbrooke,fake_sherbrooke,1,1024,1234,1234,6,30,48,10,127,187,317,51,0,317,,,0.7343609970012039,0.7938251870036765,session-2,3,3,raw_repetition,ok,
ae_indep_qiskit_6,ae,data/quantum_circuits/ae_indep_qiskit_6.qasm,585424315575b559a664523f6ce6236189739069b3872eea4ccdb995a29f8701,FakeSherbrooke,fake_sherbrooke,1,1024,1234,1234,6,30,48,10,127,187,317,51,0,317,,,0.6161534880011459,0.6756176780036185,session-2,4,3,raw_repetition,ok,
ae_indep_qiskit_7,ae,data/quantum_circuits/ae_indep_qiskit_7.qasm,a70c5b796698f145c5992d324b3a0b5e28eb7301e6f306652a316a55c68f1ae8,FakeSherbrooke,fake_sherbrooke,1,1024,1234,1234,7,36,60,12,127,268,491,81,0,491,0.07659067999702529,0.7759271499999159,0.7881444220001868,0.864735101997212,session-2,0,3,raw_repetition,ok,
ae_indep_qiskit_7,ae,data/quantum_circuits/ae_indep_qiskit_7.qasm,a70c5b796698f145c5992d324b3a0b5e28eb7301e6f306652a316a55c68f1ae8,FakeSherbrooke,fake_sherbrooke,1,1024,1234,1234,7,36,60,12,127,268,491,81,0,491,,,0.6728184880012122,0.7494091679982375,session-2,1,3,raw_repetition,ok,
ae_indep_qiskit_7,ae,data/quantum_circuits/ae_indep_qiskit_7.qasm,a70c5b796698f145c5992d324b3a0b5e28eb7301e6f306652a316a55c68f1ae8,FakeSherbrooke,fake_sherbrooke,1,1024,1234,1234,7,36,60,12,127,268,491,81,0,491,,,0.6645656900000176,0.7411563699970429,session-2,2,3,raw_repetition,ok,
ae_indep_qiskit_7,ae,data/quantum_circuits/ae_indep_qiskit_7.qasm,a70c5b796698f145c5992d324b3a0b5e28eb7301e6f306652a316a55c68f1ae8,FakeSherbrooke,fake_sherbrooke,1,1024,1234,1234,7,36,60,12,127,268,491,81,0,491,,,0.7907206039999437,0.867311283996969,session-2,3,3,raw_repetition,ok,
ae_indep_qiskit_7,ae,data/quantum_circuits/ae_indep_qiskit_7.qasm,a70c5b796698f145c5992d324b3a0b5e28eb7301e6f306652a316a55c68f1ae8,FakeSherbrooke,fake_sherbrooke,1,1024,1234,1234,7,36,60,12,127,268,491,81,0,491,,,0.6684754980014986,0.7450661779985239,session-2,4,3,raw_repetition,ok,
ae_indep_qiskit_8,ae,data/quantum_circuits/ae_indep_qiskit_8.qasm,78d3420407751ab52a65abe926510d585ebd3a5d1934ac31c13b28eca5c5ee8a,FakeSherbrooke,fake_sherbrooke,1,1024,1234,1234,8,42,73,14,127,347,685,110,0,685,0.08550404700145009,0.7828231150015199,0.6528002199993352,0.7383042670007853,session-2,0,3,raw_repetition,ok,
ae_indep_qiskit_8,ae,data/quantum_circuits/ae_indep_qiskit_8.qasm,78d3420407751ab52a65abe926510d585ebd3a5d1934ac31c13b28eca5c5ee8a,FakeSherbrooke,fake_sherbrooke,1,1024,1234,1234,8,42,73,14,127,347,685,110,0,685,,,0.7698878759983927,0.8553919229998428,session-2,1,3,raw_repetition,ok,
ae_indep_qiskit_8,ae,data/quantum_circuits/ae_indep_qiskit_8.qasm,78d3420407751ab52a65abe926510d585ebd3a5d1934ac31c13b28eca5c5ee8a,FakeSherbrooke,fake_sherbrooke,1,1024,1234,1234,8,42,73,14,127,347,685,110,0,685,,,0.6536233950027963,0.7391274420042464,session-2,2,3,raw_repetition,ok,
ae_indep_qiskit_8,ae,data/quantum_circuits/ae_indep_qiskit_8.qasm,78d3420407751ab52a65abe926510d585ebd3a5d1934ac31c13b28eca5c5ee8a,FakeSherbrooke,fake_sherbrooke,1,1024,1234,1234,8,42,73,14,127,347,685,110,0,685,,,0.6473035320013878,0.7328075790028379,session-2,3,3,raw_repetition,ok,
ae_indep_qiskit_8,ae,data/quantum_circuits/ae_indep_qiskit_8.qasm,78d3420407751ab52a65abe926510d585ebd3a5d1934ac31c13b28eca5c5ee8a,FakeSherbrooke,fake_sherbrooke,1,1024,1234,1234,8,42,73,14,127,347,685,110,0,685,,,0.7891597519992501,0.8746637990007002,session-2,4,3,raw_repetition,ok,
ae_indep_qiskit_9,ae,data/quantum_circuits/ae_indep_qiskit_9.qasm,78ecec267502f433ab148452979221600becf679520b50ad454009e0ca097af5,FakeSherbrooke,fake_sherbrooke,1,1024,1234,1234,9,48,87,16,127,407,920,150,0,920,0.10280004800006282,0.8655783110007178,0.723836985998787,0.8266370339988498,session-2,0,3,raw_repetition,ok,
ae_indep_qiskit_9,ae,data/quantum_circuits/ae_indep_qiskit_9.qasm,78ecec267502f433ab148452979221600becf679520b50ad454009e0ca097af5,FakeSherbrooke,fake_sherbrooke,1,1024,1234,1234,9,48,87,16,127,407,920,150,0,920,,,0.8580530120016192,0.960853060001682,session-2,1,3,raw_repetition,ok,
ae_indep_qiskit_9,ae,data/quantum_circuits/ae_indep_qiskit_9.qasm,78ecec267502f433ab148452979221600becf679520b50ad454009e0ca097af5,FakeSherbrooke,fake_sherbrooke,1,1024,1234,1234,9,48,87,16,127,407,920,150,0,920,,,0.727611677000823,0.8304117250008858,session-2,2,3,raw_repetition,ok,
ae_indep_qiskit_9,ae,data/quantum_circuits/ae_indep_qiskit_9.qasm,78ecec267502f433ab148452979221600becf679520b50ad454009e0ca097af5,FakeSherbrooke,fake_sherbrooke,1,1024,1234,1234,9,48,87,16,127,407,920,150,0,920,,,0.7217384030009271,0.8245384510009899,session-2,3,3,raw_repetition,ok,
ae_indep_qiskit_9,ae,data/quantum_circuits/ae_indep_qiskit_9.qasm,78ecec267502f433ab148452979221600becf679520b50ad454009e0ca097af5,FakeSherbrooke,fake_sherbrooke,1,1024,1234,1234,9,48,87,16,127,407,920,150,0,920,,,0.8758932180026022,0.978693266002665,session-2,4,3,raw_repetition,ok,
dj_indep_qiskit_2,dj,data/quantum_circuits/dj_indep_qiskit_2.qasm,242786b0f7d73c715a317cbdc0725596836f08d98ecd6eb06b3b4ac4f3f563fb,FakeSherbrooke,fake_sherbrooke,1,1024,1234,1234,2,4,6,1,127,6,8,1,0,8,0.015279028000804828,0.6197712940011115,0.6057193970009394,0.6209984250017442,session-2,0,3,raw_repetition,ok,
dj_indep_qiskit_2,dj,data/quantum_circuits/dj_indep_qiskit_2.qasm,242786b0f7d73c715a317cbdc0725596836f08d98ecd6eb06b3b4ac4f3f563fb,FakeSherbrooke,fake_sherbrooke,1,1024,1234,1234,2,4,6,1,127,6,8,1,0,8,,,0.7209435929980827,0.7362226209988876,session-2,1,3,raw_repetition,ok,
dj_indep_qiskit_2,dj,data/quantum_circuits/dj_indep_qiskit_2.qasm,242786b0f7d73c715a317cbdc0725596836f08d98ecd6eb06b3b4ac4f3f563fb,FakeSherbrooke,fake_sherbrooke,1,1024,1234,1234,2,4,6,1,127,6,8,1,0,8,,,0.6033780770012527,0.6186571050020575,session-2,2,3,raw_repetition,ok,
dj_indep_qiskit_2,dj,data/quantum_circuits/dj_indep_qiskit_2.qasm,242786b0f7d73c715a317cbdc0725596836f08d98ecd6eb06b3b4ac4f3f563fb,FakeSherbrooke,fake_sherbrooke,1,1024,1234,1234,2,4,6,1,127,6,8,1,0,8,,,0.7280418090012972,0.743320837002102,session-2,3,3,raw_repetition,ok,
dj_indep_qiskit_2,dj,data/quantum_circuits/dj_indep_qiskit_2.qasm,242786b0f7d73c715a317cbdc0725596836f08d98ecd6eb06b3b4ac4f3f563fb,FakeSherbrooke,fake_sherbrooke,1,1024,1234,1234,2,4,6,1,127,6,8,1,0,8,,,0.6224521169970103,0.6377311449978151,session-2,4,3,raw_repetition,ok,
dj_indep_qiskit_3,dj,data/quantum_circuits/dj_indep_qiskit_3.qasm,bc8cb33a3a242fb3ab35191a36313674faaca8fe1839cfa05d79788052424d1d,FakeSherbrooke,fake_sherbrooke,1,1024,1234,1234,3,5,10,2,127,9,14,2,0,14,0.02067870300015784,0.745440532999055,0.6162732070006314,0.6369519100007892,session-2,0,3,raw_repetition,ok,
dj_indep_qiskit_3,dj,data/quantum_circuits/dj_indep_qiskit_3.qasm,bc8cb33a3a242fb3ab35191a36313674faaca8fe1839cfa05d79788052424d1d,FakeSherbrooke,fake_sherbrooke,1,1024,1234,1234,3,5,10,2,127,9,14,2,0,14,,,0.6117428729994572,0.632421575999615,session-2,1,3,raw_repetition,ok,
dj_indep_qiskit_3,dj,data/quantum_circuits/dj_indep_qiskit_3.qasm,bc8cb33a3a242fb3ab35191a36313674faaca8fe1839cfa05d79788052424d1d,FakeSherbrooke,fake_sherbrooke,1,1024,1234,1234,3,5,10,2,127,9,14,2,0,14,,,0.7392739539973263,0.7599526569974842,session-2,2,3,raw_repetition,ok,
dj_indep_qiskit_3,dj,data/quantum_circuits/dj_indep_qiskit_3.qasm,bc8cb33a3a242fb3ab35191a36313674faaca8fe1839cfa05d79788052424d1d,FakeSherbrooke,fake_sherbrooke,1,1024,1234,1234,3,5,10,2,127,9,14,2,0,14,,,0.621240938999108,0.6419196419992659,session-2,3,3,raw_repetition,ok,
dj_indep_qiskit_3,dj,data/quantum_circuits/dj_indep_qiskit_3.qasm,bc8cb33a3a242fb3ab35191a36313674faaca8fe1839cfa05d79788052424d1d,FakeSherbrooke,fake_sherbrooke,1,1024,1234,1234,3,5,10,2,127,9,14,2,0,14,,,0.6140038550001918,0.6346825580003497,session-2,4,3,raw_repetition,ok,
dj_indep_qiskit_4,dj,data/quantum_circuits/dj_indep_qiskit_4.qasm,3e4560adf43b5c5102bf22f235abcb9dd2ed5e34930cdb929a128226f96e4ea5,FakeSherbrooke,fake_sherbrooke,1,1024,1234,1234,4,6,14,3,127,15,26,3,0,26,0.01946032899650163,0.730396008999378,0.6070410370011814,0.626501365997683,session-2,0,3,raw_repetition,ok,
dj_indep_qiskit_4,dj,data/quantum_circuits/dj_indep_qiskit_4.qasm,3e4560adf43b5c5102bf22f235abcb9dd2ed5e34930cdb929a128226f96e4ea5,FakeSherbrooke,fake_sherbrooke,1,1024,1234,1234,4,6,14,3,127,15,26,3,0,26,,,0.715102753998508,0.7345630829950096,session-2,1,3,raw_repetition,ok,
dj_indep_qiskit_4,dj,data/quantum_circuits/dj_indep_qiskit_4.qasm,3e4560adf43b5c5102bf22f235abcb9dd2ed5e34930cdb929a128226f96e4ea5,FakeSherbrooke,fake_sherbrooke,1,1024,1234,1234,4,6,14,3,127,15,26,3,0,26,,,0.6070312369993189,0.6264915659958206,session-2,2,3,raw_repetition,ok,
dj_indep_qiskit_4,dj,data/quantum_circuits/dj_indep_qiskit_4.qasm,3e4560adf43b5c5102bf22f235abcb9dd2ed5e34930cdb929a128226f96e4ea5,FakeSherbrooke,fake_sherbrooke,1,1024,1234,1234,4,6,14,3,127,15,26,3,0,26,,,0.722332468998502,0.7417927979950036,session-2,3,3,raw_repetition,ok,
dj_indep_qiskit_4,dj,data/quantum_circuits/dj_indep_qiskit_4.qasm,3e4560adf43b5c5102bf22f235abcb9dd2ed5e34930cdb929a128226f96e4ea5,FakeSherbrooke,fake_sherbrooke,1,1024,1234,1234,4,6,14,3,127,15,26,3,0,26,,,0.6052142429980449,0.6246745719945466,session-2,4,3,raw_repetition,ok,
dj_indep_qiskit_5,dj,data/quantum_circuits/dj_indep_qiskit_5.qasm,f12c9439f3dfce19e2f161aed74fdafb33146528cdb8524425608579de8b6741,FakeSherbrooke,fake_sherbrooke,1,1024,1234,1234,5,7,18,4,127,28,51,7,0,51,0.034183456999016926,0.7220083320025878,0.7216298740022467,0.7558133310012636,session-2,0,3,raw_repetition,ok,
dj_indep_qiskit_5,dj,data/quantum_circuits/dj_indep_qiskit_5.qasm,f12c9439f3dfce19e2f161aed74fdafb33146528cdb8524425608579de8b6741,FakeSherbrooke,fake_sherbrooke,1,1024,1234,1234,5,7,18,4,127,28,51,7,0,51,,,0.741883433998737,0.7760668909977539,session-2,1,3,raw_repetition,ok,
dj_indep_qiskit_5,dj,data/quantum_circuits/dj_indep_qiskit_5.qasm,f12c9439f3dfce19e2f161aed74fdafb33146528cdb8524425608579de8b6741,FakeSherbrooke,fake_sherbrooke,1,1024,1234,1234,5,7,18,4,127,28,51,7,0,51,,,0.6154277360001288,0.6496111929991457,session-2,2,3,raw_repetition,ok,
dj_indep_qiskit_5,dj,data/quantum_circuits/dj_indep_qiskit_5.qasm,f12c9439f3dfce19e2f161aed74fdafb33146528cdb8524425608579de8b6741,FakeSherbrooke,fake_sherbrooke,1,1024,1234,1234,5,7,18,4,127,28,51,7,0,51,,,0.6101782259975153,0.6443616829965322,session-2,3,3,raw_repetition,ok,
dj_indep_qiskit_5,dj,data/quantum_circuits/dj_indep_qiskit_5.qasm,f12c9439f3dfce19e2f161aed74fdafb33146528cdb8524425608579de8b6741,FakeSherbrooke,fake_sherbrooke,1,1024,1234,1234,5,7,18,4,127,28,51,7,0,51,,,0.7387596090011357,0.7729430660001526,session-2,4,3,raw_repetition,ok,
dj_indep_qiskit_6,dj,data/quantum_circuits/dj_indep_qiskit_6.qasm,b5736e26e119a619b687dcc0cf8065475e3805bc0c6180b480e0e36badc289db,FakeSherbrooke,fake_sherbrooke,1,1024,1234,1234,6,8,22,5,127,52,113,17,0,113,0.04385542700038059,0.6271355070020945,0.7271432119996462,0.7709986390000267,session-2,0,3,raw_repetition,ok,
dj_indep_qiskit_6,dj,data/quantum_circuits/dj_indep_qiskit_6.qasm,b5736e26e119a619b687dcc0cf8065475e3805bc0c6180b480e0e36badc289db,FakeSherbrooke,fake_sherbrooke,1,1024,1234,1234,6,8,22,5,127,52,113,17,0,113,,,0.7411003659981361,0.7849557929985167,session-2,1,3,raw_repetition,ok,
dj_indep_qiskit_6,dj,data/quantum_circuits/dj_indep_qiskit_6.qasm,b5736e26e119a619b687dcc0cf8065475e3805bc0c6180b480e0e36badc289db,FakeSherbrooke,fake_sherbrooke,1,1024,1234,1234,6,8,22,5,127,52,113,17,0,113,,,0.6185548460016435,0.662410273002024,session-2,2,3,raw_repetition,ok,
dj_indep_qiskit_6,dj,data/quantum_circuits/dj_indep_qiskit_6.qasm,b5736e26e119a619b687dcc0cf8065475e3805bc0c6180b480e0e36badc289db,FakeSherbrooke,fake_sherbrooke,1,1024,1234,1234,6,8,22,5,127,52,113,17,0,113,,,0.6164952709987119,0.6603506979990925,session-2,3,3,raw_repetition,ok,
dj_indep_qiskit_6,dj,data/quantum_circuits/dj_indep_qiskit_6.qasm,b5736e26e119a619b687dcc0cf8065475e3805bc0c6180b480e0e36badc289db,FakeSherbrooke,fake_sherbrooke,1,1024,1234,1234,6,8,22,5,127,52,113,17,0,113,,,0.7746070770008373,0.8184625040012179,session-2,4,3,raw_repetition,ok,
dj_indep_qiskit_7,dj,data/quantum_circuits/dj_indep_qiskit_7.qasm,9fc54c185186ff8c504ebdac4e3fa109beb4cf46f86196a3376b3153a7f72962,FakeSherbrooke,fake_sherbrooke,1,1024,1234,1234,7,9,26,6,127,62,121,18,0,121,0.04023572799997055,0.6234581149983569,0.7591455829970073,0.7993813109969778,session-2,0,3,raw_repetition,ok,
dj_indep_qiskit_7,dj,data/quantum_circuits/dj_indep_qiskit_7.qasm,9fc54c185186ff8c504ebdac4e3fa109beb4cf46f86196a3376b3153a7f72962,FakeSherbrooke,fake_sherbrooke,1,1024,1234,1234,7,9,26,6,127,62,121,18,0,121,,,0.6319247630017344,0.6721604910017049,session-2,1,3,raw_repetition,ok,
dj_indep_qiskit_7,dj,data/quantum_circuits/dj_indep_qiskit_7.qasm,9fc54c185186ff8c504ebdac4e3fa109beb4cf46f86196a3376b3153a7f72962,FakeSherbrooke,fake_sherbrooke,1,1024,1234,1234,7,9,26,6,127,62,121,18,0,121,,,0.7488217729987809,0.7890575009987515,session-2,2,3,raw_repetition,ok,
dj_indep_qiskit_7,dj,data/quantum_circuits/dj_indep_qiskit_7.qasm,9fc54c185186ff8c504ebdac4e3fa109beb4cf46f86196a3376b3153a7f72962,FakeSherbrooke,fake_sherbrooke,1,1024,1234,1234,7,9,26,6,127,62,121,18,0,121,,,0.6525007039999764,0.6927364319999469,session-2,3,3,raw_repetition,ok,
dj_indep_qiskit_7,dj,data/quantum_circuits/dj_indep_qiskit_7.qasm,9fc54c185186ff8c504ebdac4e3fa109beb4cf46f86196a3376b3153a7f72962,FakeSherbrooke,fake_sherbrooke,1,1024,1234,1234,7,9,26,6,127,62,121,18,0,121,,,0.6249902190029388,0.6652259470029094,session-2,4,3,raw_repetition,ok,
dj_indep_qiskit_9,dj,data/quantum_circuits/dj_indep_qiskit_9.qasm,db0e077b1674f90860a270d014aa8226822880dbf36c819dad0bea17881b7eb5,FakeSherbrooke,fake_sherbrooke,1,1024,1234,1234,9,11,34,8,127,83,150,23,0,150,0.06183022600089316,0.7967868159976206,0.7668279149984301,0.8286581409993232,session-2,0,3,raw_repetition,ok,
dj_indep_qiskit_9,dj,data/quantum_circuits/dj_indep_qiskit_9.qasm,db0e077b1674f90860a270d014aa8226822880dbf36c819dad0bea17881b7eb5,FakeSherbrooke,fake_sherbrooke,1,1024,1234,1234,9,11,34,8,127,83,150,23,0,150,,,0.6593578120009624,0.7211880380018556,session-2,1,3,raw_repetition,ok,
dj_indep_qiskit_9,dj,data/quantum_circuits/dj_indep_qiskit_9.qasm,db0e077b1674f90860a270d014aa8226822880dbf36c819dad0bea17881b7eb5,FakeSherbrooke,fake_sherbrooke,1,1024,1234,1234,9,11,34,8,127,83,150,23,0,150,,,0.6556515299998864,0.7174817560007796,session-2,2,3,raw_repetition,ok,
dj_indep_qiskit_9,dj,data/quantum_circuits/dj_indep_qiskit_9.qasm,db0e077b1674f90860a270d014aa8226822880dbf36c819dad0bea17881b7eb5,FakeSherbrooke,fake_sherbrooke,1,1024,1234,1234,9,11,34,8,127,83,150,23,0,150,,,0.7674214359976759,0.829251661998569,session-2,3,3,raw_repetition,ok,
dj_indep_qiskit_9,dj,data/quantum_circuits/dj_indep_qiskit_9.qasm,db0e077b1674f90860a270d014aa8226822880dbf36c819dad0bea17881b7eb5,FakeSherbrooke,fake_sherbrooke,1,1024,1234,1234,9,11,34,8,127,83,150,23,0,150,,,0.774433381997369,0.8362636079982622,session-2,4,3,raw_repetition,ok,
ghz_indep_qiskit_2,ghz,data/quantum_circuits/ghz_indep_qiskit_2.qasm,fcd9497c7764bb185a96cc8b6d1c7878851e9b87e64de7ebf47aa1d16eb3ee0a,FakeSherbrooke,fake_sherbrooke,1,1024,1234,1234,2,3,5,1,127,6,10,1,0,10,0.014969072999519994,0.6404267800025991,0.7455863909999607,0.7605554639994807,session-2,0,3,raw_repetition,ok,
ghz_indep_qiskit_2,ghz,data/quantum_circuits/ghz_indep_qiskit_2.qasm,fcd9497c7764bb185a96cc8b6d1c7878851e9b87e64de7ebf47aa1d16eb3ee0a,FakeSherbrooke,fake_sherbrooke,1,1024,1234,1234,2,3,5,1,127,6,10,1,0,10,,,0.617297551001684,0.632266624001204,session-2,1,3,raw_repetition,ok,
ghz_indep_qiskit_2,ghz,data/quantum_circuits/ghz_indep_qiskit_2.qasm,fcd9497c7764bb185a96cc8b6d1c7878851e9b87e64de7ebf47aa1d16eb3ee0a,FakeSherbrooke,fake_sherbrooke,1,1024,1234,1234,2,3,5,1,127,6,10,1,0,10,,,0.6328717180003878,0.6478407909999078,session-2,2,3,raw_repetition,ok,
ghz_indep_qiskit_2,ghz,data/quantum_circuits/ghz_indep_qiskit_2.qasm,fcd9497c7764bb185a96cc8b6d1c7878851e9b87e64de7ebf47aa1d16eb3ee0a,FakeSherbrooke,fake_sherbrooke,1,1024,1234,1234,2,3,5,1,127,6,10,1,0,10,,,0.7596968180005206,0.7746658910000406,session-2,3,3,raw_repetition,ok,
ghz_indep_qiskit_2,ghz,data/quantum_circuits/ghz_indep_qiskit_2.qasm,fcd9497c7764bb185a96cc8b6d1c7878851e9b87e64de7ebf47aa1d16eb3ee0a,FakeSherbrooke,fake_sherbrooke,1,1024,1234,1234,2,3,5,1,127,6,10,1,0,10,,,0.6139676650018373,0.6289367380013573,session-2,4,3,raw_repetition,ok,
ghz_indep_qiskit_3,ghz,data/quantum_circuits/ghz_indep_qiskit_3.qasm,7344fd4d264c475e52edca02e3426225c78af7ed0bdaae137741a04685725a5d,FakeSherbrooke,fake_sherbrooke,1,1024,1234,1234,3,4,7,2,127,9,20,2,0,20,0.015391416000056779,0.623334675001388,0.6362690579990158,0.6516604739990726,session-2,0,3,raw_repetition,ok,
ghz_indep_qiskit_3,ghz,data/quantum_circuits/ghz_indep_qiskit_3.qasm,7344fd4d264c475e52edca02e3426225c78af7ed0bdaae137741a04685725a5d,FakeSherbrooke,fake_sherbrooke,1,1024,1234,1234,3,4,7,2,127,9,20,2,0,20,,,0.7715214210002159,0.7869128370002727,session-2,1,3,raw_repetition,ok,
ghz_indep_qiskit_3,ghz,data/quantum_circuits/ghz_indep_qiskit_3.qasm,7344fd4d264c475e52edca02e3426225c78af7ed0bdaae137741a04685725a5d,FakeSherbrooke,fake_sherbrooke,1,1024,1234,1234,3,4,7,2,127,9,20,2,0,20,,,0.6325549030007096,0.6479463190007664,session-2,2,3,raw_repetition,ok,
ghz_indep_qiskit_3,ghz,data/quantum_circuits/ghz_indep_qiskit_3.qasm,7344fd4d264c475e52edca02e3426225c78af7ed0bdaae137741a04685725a5d,FakeSherbrooke,fake_sherbrooke,1,1024,1234,1234,3,4,7,2,127,9,20,2,0,20,,,0.6283442389976699,0.6437356549977267,session-2,3,3,raw_repetition,ok,
ghz_indep_qiskit_3,ghz,data/quantum_circuits/ghz_indep_qiskit_3.qasm,7344fd4d264c475e52edca02e3426225c78af7ed0bdaae137741a04685725a5d,FakeSherbrooke,fake_sherbrooke,1,1024,1234,1234,3,4,7,2,127,9,20,2,0,20,,,0.740432589998818,0.7558240059988748,session-2,4,3,raw_repetition,ok,
ghz_indep_qiskit_4,ghz,data/quantum_circuits/ghz_indep_qiskit_4.qasm,01bfdd8291d6badf1219dd3bf6d7e12559976b8ccb3e67d2548e729dc0c0dc82,FakeSherbrooke,fake_sherbrooke,1,1024,1234,1234,4,5,9,3,127,12,28,3,0,28,0.01832493300025817,0.615546954999445,0.7512371059965517,0.7695620389968099,session-2,0,3,raw_repetition,ok,
ghz_indep_qiskit_4,ghz,data/quantum_circuits/ghz_indep_qiskit_4.qasm,01bfdd8291d6badf1219dd3bf6d7e12559976b8ccb3e67d2548e729dc0c0dc82,FakeSherbrooke,fake_sherbrooke,1,1024,1234,1234,4,5,9,3,127,12,28,3,0,28,,,0.7498298200007412,0.7681547530009993,session-2,1,3,raw_repetition,ok,
ghz_indep_qiskit_4,ghz,data/quantum_circuits/ghz_indep_qiskit_4.qasm,01bfdd8291d6badf1219dd3bf6d7e12559976b8ccb3e67d2548e729dc0c0dc82,FakeSherbrooke,fake_sherbrooke,1,1024,1234,1234,4,5,9,3,127,12,28,3,0,28,,,0.614709686000424,0.6330346190006821,session-2,2,3,raw_repetition,ok,
ghz_indep_qiskit_4,ghz,data/quantum_circuits/ghz_indep_qiskit_4.qasm,01bfdd8291d6badf1219dd3bf6d7e12559976b8ccb3e67d2548e729dc0c0dc82,FakeSherbrooke,fake_sherbrooke,1,1024,1234,1234,4,5,9,3,127,12,28,3,0,28,,,0.6087929389977944,0.6271178719980526,session-2,3,3,raw_repetition,ok,
ghz_indep_qiskit_4,ghz,data/quantum_circuits/ghz_indep_qiskit_4.qasm,01bfdd8291d6badf1219dd3bf6d7e12559976b8ccb3e67d2548e729dc0c0dc82,FakeSherbrooke,fake_sherbrooke,1,1024,1234,1234,4,5,9,3,127,12,28,3,0,28,,,0.7375710390006134,0.7558959720008716,session-2,4,3,raw_repetition,ok,
ghz_indep_qiskit_5,ghz,data/quantum_circuits/ghz_indep_qiskit_5.qasm,de4639e0b84f220ce7281521fbce5104129cc70befb85198bf93def8d4ba7a65,FakeSherbrooke,fake_sherbrooke,1,1024,1234,1234,5,6,11,4,127,14,35,4,0,35,0.018721167001785943,0.6387390090021654,0.7712782460002927,0.7899994130020787,session-2,0,3,raw_repetition,ok,
ghz_indep_qiskit_5,ghz,data/quantum_circuits/ghz_indep_qiskit_5.qasm,de4639e0b84f220ce7281521fbce5104129cc70befb85198bf93def8d4ba7a65,FakeSherbrooke,fake_sherbrooke,1,1024,1234,1234,5,6,11,4,127,14,35,4,0,35,,,0.6349322169990046,0.6536533840007905,session-2,1,3,raw_repetition,ok,
ghz_indep_qiskit_5,ghz,data/quantum_circuits/ghz_indep_qiskit_5.qasm,de4639e0b84f220ce7281521fbce5104129cc70befb85198bf93def8d4ba7a65,FakeSherbrooke,fake_sherbrooke,1,1024,1234,1234,5,6,11,4,127,14,35,4,0,35,,,0.62177337400135,0.640494541003136,session-2,2,3,raw_repetition,ok,
ghz_indep_qiskit_5,ghz,data/quantum_circuits/ghz_indep_qiskit_5.qasm,de4639e0b84f220ce7281521fbce5104129cc70befb85198bf93def8d4ba7a65,FakeSherbrooke,fake_sherbrooke,1,1024,1234,1234,5,6,11,4,127,14,35,4,0,35,,,0.7383869860022969,0.7571081530040829,session-2,3,3,raw_repetition,ok,
ghz_indep_qiskit_5,ghz,data/quantum_circuits/ghz_indep_qiskit_5.qasm,de4639e0b84f220ce7281521fbce5104129cc70befb85198bf93def8d4ba7a65,FakeSherbrooke,fake_sherbrooke,1,1024,1234,1234,5,6,11,4,127,14,35,4,0,35,,,0.6180539840024721,0.6367751510042581,session-2,4,3,raw_repetition,ok,
ghz_indep_qiskit_6,ghz,data/quantum_circuits/ghz_indep_qiskit_6.qasm,c67a77f55c658ad1270fd52c8cbc66319b72ceaa5ca5d4015d775b44e8edd85a,FakeSherbrooke,fake_sherbrooke,1,1024,1234,1234,6,7,13,5,127,16,42,5,0,42,0.018737274000159232,0.7444183309999062,0.6280199969987734,0.6467572709989327,session-2,0,3,raw_repetition,ok,
ghz_indep_qiskit_6,ghz,data/quantum_circuits/ghz_indep_qiskit_6.qasm,c67a77f55c658ad1270fd52c8cbc66319b72ceaa5ca5d4015d775b44e8edd85a,FakeSherbrooke,fake_sherbrooke,1,1024,1234,1234,6,7,13,5,127,16,42,5,0,42,,,0.7488564919985947,0.767593765998754,session-2,1,3,raw_repetition,ok,
ghz_indep_qiskit_6,ghz,data/quantum_circuits/ghz_indep_qiskit_6.qasm,c67a77f55c658ad1270fd52c8cbc66319b72ceaa5ca5d4015d775b44e8edd85a,FakeSherbrooke,fake_sherbrooke,1,1024,1234,1234,6,7,13,5,127,16,42,5,0,42,,,0.6323999240012199,0.6511371980013791,session-2,2,3,raw_repetition,ok,
ghz_indep_qiskit_6,ghz,data/quantum_circuits/ghz_indep_qiskit_6.qasm,c67a77f55c658ad1270fd52c8cbc66319b72ceaa5ca5d4015d775b44e8edd85a,FakeSherbrooke,fake_sherbrooke,1,1024,1234,1234,6,7,13,5,127,16,42,5,0,42,,,0.7639801240002271,0.7827173980003863,session-2,3,3,raw_repetition,ok,
ghz_indep_qiskit_6,ghz,data/quantum_circuits/ghz_indep_qiskit_6.qasm,c67a77f55c658ad1270fd52c8cbc66319b72ceaa5ca5d4015d775b44e8edd85a,FakeSherbrooke,fake_sherbrooke,1,1024,1234,1234,6,7,13,5,127,16,42,5,0,42,,,0.7808624760000384,0.7995997500001977,session-2,4,3,raw_repetition,ok,
ghz_indep_qiskit_7,ghz,data/quantum_circuits/ghz_indep_qiskit_7.qasm,4b24f68f78c4499a295ab28caa04282d174b7ab2a6b0f5333d3bfe630df72f71,FakeSherbrooke,fake_sherbrooke,1,1024,1234,1234,7,8,15,6,127,18,49,6,0,49,0.018021073999989312,0.6495262030002777,0.7493798159994185,0.7674008899994078,session-2,0,3,raw_repetition,ok,
ghz_indep_qiskit_7,ghz,data/quantum_circuits/ghz_indep_qiskit_7.qasm,4b24f68f78c4499a295ab28caa04282d174b7ab2a6b0f5333d3bfe630df72f71,FakeSherbrooke,fake_sherbrooke,1,1024,1234,1234,7,8,15,6,127,18,49,6,0,49,,,0.6354831150019891,0.6535041890019784,session-2,1,3,raw_repetition,ok,
ghz_indep_qiskit_7,ghz,data/quantum_circuits/ghz_indep_qiskit_7.qasm,4b24f68f78c4499a295ab28caa04282d174b7ab2a6b0f5333d3bfe630df72f71,FakeSherbrooke,fake_sherbrooke,1,1024,1234,1234,7,8,15,6,127,18,49,6,0,49,,,0.6211374730009993,0.6391585470009886,session-2,2,3,raw_repetition,ok,
ghz_indep_qiskit_7,ghz,data/quantum_circuits/ghz_indep_qiskit_7.qasm,4b24f68f78c4499a295ab28caa04282d174b7ab2a6b0f5333d3bfe630df72f71,FakeSherbrooke,fake_sherbrooke,1,1024,1234,1234,7,8,15,6,127,18,49,6,0,49,,,0.7481431630003499,0.7661642370003392,session-2,3,3,raw_repetition,ok,
ghz_indep_qiskit_7,ghz,data/quantum_circuits/ghz_indep_qiskit_7.qasm,4b24f68f78c4499a295ab28caa04282d174b7ab2a6b0f5333d3bfe630df72f71,FakeSherbrooke,fake_sherbrooke,1,1024,1234,1234,7,8,15,6,127,18,49,6,0,49,,,0.6252960359997815,0.6433171099997708,session-2,4,3,raw_repetition,ok,
ghz_indep_qiskit_8,ghz,data/quantum_circuits/ghz_indep_qiskit_8.qasm,2e57556a1b12802c7368ef21e0eb8e5c9863f768a48a9a4d0771725e60b8a616,FakeSherbrooke,fake_sherbrooke,1,1024,1234,1234,8,9,17,7,127,20,56,7,0,56,0.01700305100166588,0.7426074169998174,0.6226667499977339,0.6396698009993997,session-2,0,3,raw_repetition,ok,
ghz_indep_qiskit_8,ghz,data/quantum_circuits/ghz_indep_qiskit_8.qasm,2e57556a1b12802c7368ef21e0eb8e5c9863f768a48a9a4d0771725e60b8a616,FakeSherbrooke,fake_sherbrooke,1,1024,1234,1234,8,9,17,7,127,20,56,7,0,56,,,0.6130139480010257,0.6300169990026916,session-2,1,3,raw_repetition,ok,
ghz_indep_qiskit_8,ghz,data/quantum_circuits/ghz_indep_qiskit_8.qasm,2e57556a1b12802c7368ef21e0eb8e5c9863f768a48a9a4d0771725e60b8a616,FakeSherbrooke,fake_sherbrooke,1,1024,1234,1234,8,9,17,7,127,20,56,7,0,56,,,0.7321457689977251,0.749148819999391,session-2,2,3,raw_repetition,ok,
ghz_indep_qiskit_8,ghz,data/quantum_circuits/ghz_indep_qiskit_8.qasm,2e57556a1b12802c7368ef21e0eb8e5c9863f768a48a9a4d0771725e60b8a616,FakeSherbrooke,fake_sherbrooke,1,1024,1234,1234,8,9,17,7,127,20,56,7,0,56,,,0.644572266999603,0.6615753180012689,session-2,3,3,raw_repetition,ok,
ghz_indep_qiskit_8,ghz,data/quantum_circuits/ghz_indep_qiskit_8.qasm,2e57556a1b12802c7368ef21e0eb8e5c9863f768a48a9a4d0771725e60b8a616,FakeSherbrooke,fake_sherbrooke,1,1024,1234,1234,8,9,17,7,127,20,56,7,0,56,,,0.7607483489991864,0.7777514000008523,session-2,4,3,raw_repetition,ok,
ghz_indep_qiskit_9,ghz,data/quantum_circuits/ghz_indep_qiskit_9.qasm,b5f6ad96b1eb0fc9087c079e22e8a91398b460e24d616ed0d8829247aee24f18,FakeSherbrooke,fake_sherbrooke,1,1024,1234,1234,9,10,19,8,127,22,63,8,0,63,0.017374736002238933,0.6455320850000135,0.6541279449993453,0.6715026810015843,session-2,0,3,raw_repetition,ok,
ghz_indep_qiskit_9,ghz,data/quantum_circuits/ghz_indep_qiskit_9.qasm,b5f6ad96b1eb0fc9087c079e22e8a91398b460e24d616ed0d8829247aee24f18,FakeSherbrooke,fake_sherbrooke,1,1024,1234,1234,9,10,19,8,127,22,63,8,0,63,,,0.799508126998262,0.816882863000501,session-2,1,3,raw_repetition,ok,
ghz_indep_qiskit_9,ghz,data/quantum_circuits/ghz_indep_qiskit_9.qasm,b5f6ad96b1eb0fc9087c079e22e8a91398b460e24d616ed0d8829247aee24f18,FakeSherbrooke,fake_sherbrooke,1,1024,1234,1234,9,10,19,8,127,22,63,8,0,63,,,0.6477589200003422,0.6651336560025811,session-2,2,3,raw_repetition,ok,
ghz_indep_qiskit_9,ghz,data/quantum_circuits/ghz_indep_qiskit_9.qasm,b5f6ad96b1eb0fc9087c079e22e8a91398b460e24d616ed0d8829247aee24f18,FakeSherbrooke,fake_sherbrooke,1,1024,1234,1234,9,10,19,8,127,22,63,8,0,63,,,0.649805862998619,0.6671805990008579,session-2,3,3,raw_repetition,ok,
ghz_indep_qiskit_9,ghz,data/quantum_circuits/ghz_indep_qiskit_9.qasm,b5f6ad96b1eb0fc9087c079e22e8a91398b460e24d616ed0d8829247aee24f18,FakeSherbrooke,fake_sherbrooke,1,1024,1234,1234,9,10,19,8,127,22,63,8,0,63,,,0.7709273209984531,0.788302057000692,session-2,4,3,raw_repetition,ok,
graphstate_indep_qiskit_3,graphstate,data/quantum_circuits/graphstate_indep_qiskit_3.qasm,51e3c5bc60da502bf92a6ed65a7c728a8b957b427652ac8fdaa002b9afc50d40,FakeSherbrooke,fake_sherbrooke,1,1024,1234,1234,3,5,10,3,127,25,44,6,0,44,0.03225018800003454,0.6333854570002586,0.7572939170022437,0.7895441050022782,session-2,0,3,raw_repetition,ok,
graphstate_indep_qiskit_3,graphstate,data/quantum_circuits/graphstate_indep_qiskit_3.qasm,51e3c5bc60da502bf92a6ed65a7c728a8b957b427652ac8fdaa002b9afc50d40,FakeSherbrooke,fake_sherbrooke,1,1024,1234,1234,3,5,10,3,127,25,44,6,0,44,,,0.620927395997569,0.6531775839976035,session-2,1,3,raw_repetition,ok,
graphstate_indep_qiskit_3,graphstate,data/quantum_circuits/graphstate_indep_qiskit_3.qasm,51e3c5bc60da502bf92a6ed65a7c728a8b957b427652ac8fdaa002b9afc50d40,FakeSherbrooke,fake_sherbrooke,1,1024,1234,1234,3,5,10,3,127,25,44,6,0,44,,,0.745409405000828,0.7776595930008625,session-2,2,3,raw_repetition,ok,
graphstate_indep_qiskit_3,graphstate,data/quantum_circuits/graphstate_indep_qiskit_3.qasm,51e3c5bc60da502bf92a6ed65a7c728a8b957b427652ac8fdaa002b9afc50d40,FakeSherbrooke,fake_sherbrooke,1,1024,1234,1234,3,5,10,3,127,25,44,6,0,44,,,0.7702149199976702,0.8024651079977048,session-2,3,3,raw_repetition,ok,
graphstate_indep_qiskit_3,graphstate,data/quantum_circuits/graphstate_indep_qiskit_3.qasm,51e3c5bc60da502bf92a6ed65a7c728a8b957b427652ac8fdaa002b9afc50d40,FakeSherbrooke,fake_sherbrooke,1,1024,1234,1234,3,5,10,3,127,25,44,6,0,44,,,0.6489483299992571,0.6811985179992917,session-2,4,3,raw_repetition,ok,
graphstate_indep_qiskit_4,graphstate,data/quantum_circuits/graphstate_indep_qiskit_4.qasm,13721ab5a328b17bf3f8c3692cda844a7e538a8c92530d0c1236f43d3ad5a884,FakeSherbrooke,fake_sherbrooke,1,1024,1234,1234,4,5,13,4,127,29,69,10,0,69,0.034163349999289494,0.6321397580031771,0.6169266549986787,0.6510900049979682,session-2,0,3,raw_repetition,ok,
graphstate_indep_qiskit_4,graphstate,data/quantum_circuits/graphstate_indep_qiskit_4.qasm,13721ab5a328b17bf3f8c3692cda844a7e538a8c92530d0c1236f43d3ad5a884,FakeSherbrooke,fake_sherbrooke,1,1024,1234,1234,4,5,13,4,127,29,69,10,0,69,,,0.6115516260033473,0.6457149760026368,session-2,1,3,raw_repetition,ok,
graphstate_indep_qiskit_4,graphstate,data/quantum_circuits/graphstate_indep_qiskit_4.qasm,13721ab5a328b17bf3f8c3692cda844a7e538a8c92530d0c1236f43d3ad5a884,FakeSherbrooke,fake_sherbrooke,1,1024,1234,1234,4,5,13,4,127,29,69,10,0,69,,,0.7388921009987826,0.773055450998072,session-2,2,3,raw_repetition,ok,
graphstate_indep_qiskit_4,graphstate,data/quantum_circuits/graphstate_indep_qiskit_4.qasm,13721ab5a328b17bf3f8c3692cda844a7e538a8c92530d0c1236f43d3ad5a884,FakeSherbrooke,fake_sherbrooke,1,1024,1234,1234,4,5,13,4,127,29,69,10,0,69,,,0.62532560299951,0.6594889529987995,session-2,3,3,raw_repetition,ok,
graphstate_indep_qiskit_4,graphstate,data/quantum_circuits/graphstate_indep_qiskit_4.qasm,13721ab5a328b17bf3f8c3692cda844a7e538a8c92530d0c1236f43d3ad5a884,FakeSherbrooke,fake_sherbrooke,1,1024,1234,1234,4,5,13,4,127,29,69,10,0,69,,,0.7569395790014823,0.7911029290007718,session-2,4,3,raw_repetition,ok,
graphstate_indep_qiskit_5,graphstate,data/quantum_circuits/graphstate_indep_qiskit_5.qasm,cfadb6828c07bfc2fac00ca0c9c03935e927b88961597b69936fc199a094b9ea,FakeSherbrooke,fake_sherbrooke,1,1024,1234,1234,5,6,16,5,127,39,91,14,0,91,0.04802303500036942,0.6270761289997608,0.6124349780002376,0.660458013000607,session-2,0,3,raw_repetition,ok,
graphstate_indep_qiskit_5,graphstate,data/quantum_circuits/graphstate_indep_qiskit_5.qasm,cfadb6828c07bfc2fac00ca0c9c03935e927b88961597b69936fc199a094b9ea,FakeSherbrooke,fake_sherbrooke,1,1024,1234,1234,5,6,16,5,127,39,91,14,0,91,,,0.74713009900006,0.7951531340004294,session-2,1,3,raw_repetition,ok,
graphstate_indep_qiskit_5,graphstate,data/quantum_circuits/graphstate_indep_qiskit_5.qasm,cfadb6828c07bfc2fac00ca0c9c03935e927b88961597b69936fc199a094b9ea,FakeSherbrooke,fake_sherbrooke,1,1024,1234,1234,5,6,16,5,127,39,91,14,0,91,,,0.7518699819993344,0.7998930169997038,session-2,2,3,raw_repetition,ok,
graphstate_indep_qiskit_5,graphstate,data/quantum_circuits/graphstate_indep_qiskit_5.qasm,cfadb6828c07bfc2fac00ca0c9c03935e927b88961597b69936fc199a094b9ea,FakeSherbrooke,fake_sherbrooke,1,1024,1234,1234,5,6,16,5,127,39,91,14,0,91,,,0.6442264739998791,0.6922495090002485,session-2,3,3,raw_repetition,ok,
graphstate_indep_qiskit_5,graphstate,data/quantum_circuits/graphstate_indep_qiskit_5.qasm,cfadb6828c07bfc2fac00ca0c9c03935e927b88961597b69936fc199a094b9ea,FakeSherbrooke,fake_sherbrooke,1,1024,1234,1234,5,6,16,5,127,39,91,14,0,91,,,0.637296733999392,0.6853197689997614,session-2,4,3,raw_repetition,ok,
graphstate_indep_qiskit_6,graphstate,data/quantum_circuits/graphstate_indep_qiskit_6.qasm,7b944ad7e38d98fae66177b6c014ae2878d62bcd1765103c19941653817e7996,FakeSherbrooke,fake_sherbrooke,1,1024,1234,1234,6,7,19,6,127,97,264,42,0,264,0.04885669199939002,4.69631468100124,4.063599454999348,4.112456146998738,session-2,0,3,raw_repetition,ok,
graphstate_indep_qiskit_6,graphstate,data/quantum_circuits/graphstate_indep_qiskit_6.qasm,7b944ad7e38d98fae66177b6c014ae2878d62bcd1765103c19941653817e7996,FakeSherbrooke,fake_sherbrooke,1,1024,1234,1234,6,7,19,6,127,97,264,42,0,264,,,4.710634225997637,4.759490917997027,session-2,1,3,raw_repetition,ok,
graphstate_indep_qiskit_6,graphstate,data/quantum_circuits/graphstate_indep_qiskit_6.qasm,7b944ad7e38d98fae66177b6c014ae2878d62bcd1765103c19941653817e7996,FakeSherbrooke,fake_sherbrooke,1,1024,1234,1234,6,7,19,6,127,97,264,42,0,264,,,4.063974860000599,4.112831551999989,session-2,2,3,raw_repetition,ok,
graphstate_indep_qiskit_6,graphstate,data/quantum_circuits/graphstate_indep_qiskit_6.qasm,7b944ad7e38d98fae66177b6c014ae2878d62bcd1765103c19941653817e7996,FakeSherbrooke,fake_sherbrooke,1,1024,1234,1234,6,7,19,6,127,97,264,42,0,264,,,4.034546537001006,4.083403229000396,session-2,3,3,raw_repetition,ok,
graphstate_indep_qiskit_6,graphstate,data/quantum_circuits/graphstate_indep_qiskit_6.qasm,7b944ad7e38d98fae66177b6c014ae2878d62bcd1765103c19941653817e7996,FakeSherbrooke,fake_sherbrooke,1,1024,1234,1234,6,7,19,6,127,97,264,42,0,264,,,4.13883862199873,4.18769531399812,session-2,4,3,raw_repetition,ok,
graphstate_indep_qiskit_7,graphstate,data/quantum_circuits/graphstate_indep_qiskit_7.qasm,551dfe6ad672d4157a761610fc4c1061ea844868f2106407374764552251d63a,FakeSherbrooke,fake_sherbrooke,1,1024,1234,1234,7,5,22,7,127,26,110,16,0,110,0.056840891997126164,0.7460936450006557,0.6296689609989699,0.686509852996096,session-2,0,3,raw_repetition,ok,
graphstate_indep_qiskit_7,graphstate,data/quantum_circuits/graphstate_indep_qiskit_7.qasm,551dfe6ad672d4157a761610fc4c1061ea844868f2106407374764552251d63a,FakeSherbrooke,fake_sherbrooke,1,1024,1234,1234,7,5,22,7,127,26,110,16,0,110,,,0.7477442749986949,0.804585166995821,session-2,1,3,raw_repetition,ok,
graphstate_indep_qiskit_7,graphstate,data/quantum_circuits/graphstate_indep_qiskit_7.qasm,551dfe6ad672d4157a761610fc4c1061ea844868f2106407374764552251d63a,FakeSherbrooke,fake_sherbrooke,1,1024,1234,1234,7,5,22,7,127,26,110,16,0,110,,,0.6276409530000819,0.6844818449972081,session-2,2,3,raw_repetition,ok,
graphstate_indep_qiskit_7,graphstate,data/quantum_circuits/graphstate_indep_qiskit_7.qasm,551dfe6ad672d4157a761610fc4c1061ea844868f2106407374764552251d63a,FakeSherbrooke,fake_sherbrooke,1,1024,1234,1234,7,5,22,7,127,26,110,16,0,110,,,0.6206790460018965,0.6775199379990227,session-2,3,3,raw_repetition,ok,
graphstate_indep_qiskit_7,graphstate,data/quantum_circuits/graphstate_indep_qiskit_7.qasm,551dfe6ad672d4157a761610fc4c1061ea844868f2106407374764552251d63a,FakeSherbrooke,fake_sherbrooke,1,1024,1234,1234,7,5,22,7,127,26,110,16,0,110,,,0.7367425769989495,0.7935834689960757,session-2,4,3,raw_repetition,ok,
graphstate_indep_qiskit_8,graphstate,data/quantum_circuits/graphstate_indep_qiskit_8.qasm,b6afb1122e1baece13144a1d0da78738759129107f453e9579e99e8789e057fe,FakeSherbrooke,fake_sherbrooke,1,1024,1234,1234,8,6,25,8,127,35,132,20,0,132,0.059055288998933975,0.6152693420008291,0.6231167930018273,0.6821720820007613,session-2,0,3,raw_repetition,ok,
graphstate_indep_qiskit_8,graphstate,data/quantum_circuits/graphstate_indep_qiskit_8.qasm,b6afb1122e1baece13144a1d0da78738759129107f453e9579e99e8789e057fe,FakeSherbrooke,fake_sherbrooke,1,1024,1234,1234,8,6,25,8,127,35,132,20,0,132,,,0.7679402510002546,0.8269955399991886,session-2,1,3,raw_repetition,ok,
graphstate_indep_qiskit_8,graphstate,data/quantum_circuits/graphstate_indep_qiskit_8.qasm,b6afb1122e1baece13144a1d0da78738759129107f453e9579e99e8789e057fe,FakeSherbrooke,fake_sherbrooke,1,1024,1234,1234,8,6,25,8,127,35,132,20,0,132,,,0.6248557750004693,0.6839110639994033,session-2,2,3,raw_repetition,ok,
graphstate_indep_qiskit_8,graphstate,data/quantum_circuits/graphstate_indep_qiskit_8.qasm,b6afb1122e1baece13144a1d0da78738759129107f453e9579e99e8789e057fe,FakeSherbrooke,fake_sherbrooke,1,1024,1234,1234,8,6,25,8,127,35,132,20,0,132,,,0.7491972069983603,0.8082524959972943,session-2,3,3,raw_repetition,ok,
graphstate_indep_qiskit_8,graphstate,data/quantum_circuits/graphstate_indep_qiskit_8.qasm,b6afb1122e1baece13144a1d0da78738759129107f453e9579e99e8789e057fe,FakeSherbrooke,fake_sherbrooke,1,1024,1234,1234,8,6,25,8,127,35,132,20,0,132,,,0.6277905960014323,0.6868458850003663,session-2,4,3,raw_repetition,ok,
graphstate_indep_qiskit_9,graphstate,data/quantum_circuits/graphstate_indep_qiskit_9.qasm,040a287609a78a55ab6148ad1a3cc6aa2fcee8b0871b077a9c1a37bee49f69fe,FakeSherbrooke,fake_sherbrooke,1,1024,1234,1234,9,7,28,9,127,100,262,42,0,262,0.07744086199818412,3.3801707189995795,3.4133249820006313,3.4907658439988154,session-2,0,3,raw_repetition,ok,
graphstate_indep_qiskit_9,graphstate,data/quantum_circuits/graphstate_indep_qiskit_9.qasm,040a287609a78a55ab6148ad1a3cc6aa2fcee8b0871b077a9c1a37bee49f69fe,FakeSherbrooke,fake_sherbrooke,1,1024,1234,1234,9,7,28,9,127,100,262,42,0,262,,,3.552470161997917,3.629911023996101,session-2,1,3,raw_repetition,ok,
graphstate_indep_qiskit_9,graphstate,data/quantum_circuits/graphstate_indep_qiskit_9.qasm,040a287609a78a55ab6148ad1a3cc6aa2fcee8b0871b077a9c1a37bee49f69fe,FakeSherbrooke,fake_sherbrooke,1,1024,1234,1234,9,7,28,9,127,100,262,42,0,262,,,3.405689032999362,3.483129894997546,session-2,2,3,raw_repetition,ok,
graphstate_indep_qiskit_9,graphstate,data/quantum_circuits/graphstate_indep_qiskit_9.qasm,040a287609a78a55ab6148ad1a3cc6aa2fcee8b0871b077a9c1a37bee49f69fe,FakeSherbrooke,fake_sherbrooke,1,1024,1234,1234,9,7,28,9,127,100,262,42,0,262,,,3.5403363550030917,3.617777217001276,session-2,3,3,raw_repetition,ok,
graphstate_indep_qiskit_9,graphstate,data/quantum_circuits/graphstate_indep_qiskit_9.qasm,040a287609a78a55ab6148ad1a3cc6aa2fcee8b0871b077a9c1a37bee49f69fe,FakeSherbrooke,fake_sherbrooke,1,1024,1234,1234,9,7,28,9,127,100,262,42,0,262,,,3.3984905760007678,3.475931437998952,session-2,4,3,raw_repetition,ok,
grover-noancilla_indep_qiskit_2,grover-noancilla,data/quantum_circuits/grover-noancilla_indep_qiskit_2.qasm,55746e6a2fd8d9c4b8c813443f2db46b072f75db1632dd252298c735fbc72bf0,FakeSherbrooke,fake_sherbrooke,1,1024,1234,1234,2,2,5,0,127,4,7,0,0,7,0.012885959000414005,0.6260190680004598,0.6155569100010325,0.6284428690014465,session-2,0,3,raw_repetition,ok,
grover-noancilla_indep_qiskit_2,grover-noancilla,data/quantum_circuits/grover-noancilla_indep_qiskit_2.qasm,55746e6a2fd8d9c4b8c813443f2db46b072f75db1632dd252298c735fbc72bf0,FakeSherbrooke,fake_sherbrooke,1,1024,1234,1234,2,2,5,0,127,4,7,0,0,7,,,0.7369814720004797,0.7498674310008937,session-2,1,3,raw_repetition,ok,
grover-noancilla_indep_qiskit_2,grover-noancilla,data/quantum_circuits/grover-noancilla_indep_qiskit_2.qasm,55746e6a2fd8d9c4b8c813443f2db46b072f75db1632dd252298c735fbc72bf0,FakeSherbrooke,fake_sherbrooke,1,1024,1234,1234,2,2,5,0,127,4,7,0,0,7,,,0.6167630159980035,0.6296489749984175,session-2,2,3,raw_repetition,ok,
grover-noancilla_indep_qiskit_2,grover-noancilla,data/quantum_circuits/grover-noancilla_indep_qiskit_2.qasm,55746e6a2fd8d9c4b8c813443f2db46b072f75db1632dd252298c735fbc72bf0,FakeSherbrooke,fake_sherbrooke,1,1024,1234,1234,2,2,5,0,127,4,7,0,0,7,,,0.6136720190006599,0.6265579780010739,session-2,3,3,raw_repetition,ok,
grover-noancilla_indep_qiskit_2,grover-noancilla,data/quantum_circuits/grover-noancilla_indep_qiskit_2.qasm,55746e6a2fd8d9c4b8c813443f2db46b072f75db1632dd252298c735fbc72bf0,FakeSherbrooke,fake_sherbrooke,1,1024,1234,1234,2,2,5,0,127,4,7,0,0,7,,,0.7227368870007922,0.7356228460012062,session-2,4,3,raw_repetition,ok,
grover-noancilla_indep_qiskit_3,grover-noancilla,data/quantum_circuits/grover-noancilla_indep_qiskit_3.qasm,bc77f4afad8bbb19a6b320c11bc8f8110a330e395e5c509895e0b6c566cab5e9,FakeSherbrooke,fake_sherbrooke,1,1024,1234,1234,3,10,17,3,127,56,87,12,0,87,0.04544308099866612,0.6096999080000387,0.7209105369984172,0.7663536179970833,session-2,0,3,raw_repetition,ok,
grover-noancilla_indep_qiskit_3,grover-noancilla,data/quantum_circuits/grover-noancilla_indep_qiskit_3.qasm,bc77f4afad8bbb19a6b320c11bc8f8110a330e395e5c509895e0b6c566cab5e9,FakeSherbrooke,fake_sherbrooke,1,1024,1234,1234,3,10,17,3,127,56,87,12,0,87,,,0.613902232998953,0.6593453139976191,session-2,1,3,raw_repetition,ok,
grover-noancilla_indep_qiskit_3,grover-noancilla,data/quantum_circuits/grover-noancilla_indep_qiskit_3.qasm,bc77f4afad8bbb19a6b320c11bc8f8110a330e395e5c509895e0b6c566cab5e9,FakeSherbrooke,fake_sherbrooke,1,1024,1234,1234,3,10,17,3,127,56,87,12,0,87,,,0.7175234970018209,0.7629665780004871,session-2,2,3,raw_repetition,ok,
grover-noancilla_indep_qiskit_3,grover-noancilla,data/quantum_circuits/grover-noancilla_indep_qiskit_3.qasm,bc77f4afad8bbb19a6b320c11bc8f8110a330e395e5c509895e0b6c566cab5e9,FakeSherbrooke,fake_sherbrooke,1,1024,1234,1234,3,10,17,3,127,56,87,12,0,87,,,0.7378781229999731,0.7833212039986392,session-2,3,3,raw_repetition,ok,
grover-noancilla_indep_qiskit_3,grover-noancilla,data/quantum_circuits/grover-noancilla_indep_qiskit_3.qasm,bc77f4afad8bbb19a6b320c11bc8f8110a330e395e5c509895e0b6c566cab5e9,FakeSherbrooke,fake_sherbrooke,1,1024,1234,1234,3,10,17,3,127,56,87,12,0,87,,,0.6167357670019555,0.6621788480006217,session-2,4,3,raw_repetition,ok,
grover-noancilla_indep_qiskit_4,grover-noancilla,data/quantum_circuits/grover-noancilla_indep_qiskit_4.qasm,edc62038c489069da135981ccefd5c5a2f3cc0a991fa6da4defa393abdb0d2a4,FakeSherbrooke,fake_sherbrooke,1,1024,1234,1234,4,34,49,12,127,313,600,100,0,600,0.07059609000134515,0.6292949470007443,0.6327747899995302,0.7033708800008753,session-2,0,3,raw_repetition,ok,
grover-noancilla_indep_qiskit_4,grover-noancilla,data/quantum_circuits/grover-noancilla_indep_qiskit_4.qasm,edc62038c489069da135981ccefd5c5a2f3cc0a991fa6da4defa393abdb0d2a4,FakeSherbrooke,fake_sherbrooke,1,1024,1234,1234,4,34,49,12,127,313,600,100,0,600,,,0.7901210880008875,0.8607171780022327,session-2,1,3,raw_repetition,ok,
grover-noancilla_indep_qiskit_4,grover-noancilla,data/quantum_circuits/grover-noancilla_indep_qiskit_4.qasm,edc62038c489069da135981ccefd5c5a2f3cc0a991fa6da4defa393abdb0d2a4,FakeSherbrooke,fake_sherbrooke,1,1024,1234,1234,4,34,49,12,127,313,600,100,0,600,,,0.6537669960016501,0.7243630860029953,session-2,2,3,raw_repetition,ok,
grover-noancilla_indep_qiskit_4,grover-noancilla,data/quantum_circuits/grover-noancilla_indep_qiskit_4.qasm,edc62038c489069da135981ccefd5c5a2f3cc0a991fa6da4defa393abdb0d2a4,FakeSherbrooke,fake_sherbrooke,1,1024,1234,1234,4,34,49,12,127,313,600,100,0,600,,,0.6340639059999376,0.7046599960012827,session-2,3,3,raw_repetition,ok,
grover-noancilla_indep_qiskit_4,grover-noancilla,data/quantum_circuits/grover-noancilla_indep_qiskit_4.qasm,edc62038c489069da135981ccefd5c5a2f3cc0a991fa6da4defa393abdb0d2a4,FakeSherbrooke,fake_sherbrooke,1,1024,1234,1234,4,34,49,12,127,313,600,100,0,600,,,0.7467097480002849,0.81730583800163,session-2,4,3,raw_repetition,ok,
grover-noancilla_indep_qiskit_5,grover-noancilla,data/quantum_circuits/grover-noancilla_indep_qiskit_5.qasm,dd514cba6fbc94c48a3eb8f2ff2210ef74259e76e7f796394066418bfd93ee86,FakeSherbrooke,fake_sherbrooke,1,1024,1234,1234,5,170,197,84,127,970,1796,309,0,1796,0.15354015399861964,0.651527938000072,0.6710017400000652,0.8245418939986848,session-2,0,3,raw_repetition,ok,
grover-noancilla_indep_qiskit_5,grover-noancilla,data/quantum_circuits/grover-noancilla_indep_qiskit_5.qasm,dd514cba6fbc94c48a3eb8f2ff2210ef74259e76e7f796394066418bfd93ee86,FakeSherbrooke,fake_sherbrooke,1,1024,1234,1234,5,170,197,84,127,970,1796,309,0,1796,,,0.6719779240011121,0.8255180779997318,session-2,1,3,raw_repetition,ok,
grover-noancilla_indep_qiskit_5,grover-noancilla,data/quantum_circuits/grover-noancilla_indep_qiskit_5.qasm,dd514cba6fbc94c48a3eb8f2ff2210ef74259e76e7f796394066418bfd93ee86,FakeSherbrooke,fake_sherbrooke,1,1024,1234,1234,5,170,197,84,127,970,1796,309,0,1796,,,0.77823882300072,0.9317789769993396,session-2,2,3,raw_repetition,ok,
grover-noancilla_indep_qiskit_5,grover-noancilla,data/quantum_circuits/grover-noancilla_indep_qiskit_5.qasm,dd514cba6fbc94c48a3eb8f2ff2210ef74259e76e7f796394066418bfd93ee86,FakeSherbrooke,fake_sherbrooke,1,1024,1234,1234,5,170,197,84,127,970,1796,309,0,1796,,,0.6749066180018417,0.8284467720004614,session-2,3,3,raw_repetition,ok,
grover-noancilla_indep_qiskit_5,grover-noancilla,data/quantum_circuits/grover-noancilla_indep_qiskit_5.qasm,dd514cba6fbc94c48a3eb8f2ff2210ef74259e76e7f796394066418bfd93ee86,FakeSherbrooke,fake_sherbrooke,1,1024,1234,1234,5,170,197,84,127,970,1796,309,0,1796,,,0.8144187729994883,0.9679589269981079,session-2,4,3,raw_repetition,ok,
grover-noancilla_indep_qiskit_6,grover-noancilla,data/quantum_circuits/grover-noancilla_indep_qiskit_6.qasm,b6a15d3507225e442ed02c90df5179f09c529df7bf5ee38a8005cc265f4203a6,FakeSherbrooke,fake_sherbrooke,1,1024,1234,1234,6,402,457,192,127,3007,5939,1025,0,5939,0.3908292500018433,0.8320487980017788,0.9604588049987797,1.351288055000623,session-2,0,3,raw_repetition,ok,
grover-noancilla_indep_qiskit_6,grover-noancilla,data/quantum_circuits/grover-noancilla_indep_qiskit_6.qasm,b6a15d3507225e442ed02c90df5179f09c529df7bf5ee38a8005cc265f4203a6,FakeSherbrooke,fake_sherbrooke,1,1024,1234,1234,6,402,457,192,127,3007,5939,1025,0,5939,,,0.8630164980022528,1.253845748004096,session-2,1,3,raw_repetition,ok,
grover-noancilla_indep_qiskit_6,grover-noancilla,data/quantum_circuits/grover-noancilla_indep_qiskit_6.qasm,b6a15d3507225e442ed02c90df5179f09c529df7bf5ee38a8005cc265f4203a6,FakeSherbrooke,fake_sherbrooke,1,1024,1234,1234,6,402,457,192,127,3007,5939,1025,0,5939,,,0.8326036709986511,1.2234329210004944,session-2,2,3,raw_repetition,ok,
grover-noancilla_indep_qiskit_6,grover-noancilla,data/quantum_circuits/grover-noancilla_indep_qiskit_6.qasm,b6a15d3507225e442ed02c90df5179f09c529df7bf5ee38a8005cc265f4203a6,FakeSherbrooke,fake_sherbrooke,1,1024,1234,1234,6,402,457,192,127,3007,5939,1025,0,5939,,,0.9798662140019587,1.370695464003802,session-2,3,3,raw_repetition,ok,
grover-noancilla_indep_qiskit_6,grover-noancilla,data/quantum_circuits/grover-noancilla_indep_qiskit_6.qasm,b6a15d3507225e442ed02c90df5179f09c529df7bf5ee38a8005cc265f4203a6,FakeSherbrooke,fake_sherbrooke,1,1024,1234,1234,6,402,457,192,127,3007,5939,1025,0,5939,,,0.8420609499989951,1.2328902000008384,session-2,4,3,raw_repetition,ok,
grover-noancilla_indep_qiskit_7,grover-noancilla,data/quantum_circuits/grover-noancilla_indep_qiskit_7.qasm,35548785a9c99b0ad9409f18dfbfc3baed0e1dcbb1d95eae8c8510dcda120410,FakeSherbrooke,fake_sherbrooke,1,1024,1234,1234,7,1124,1203,552,127,10000,20865,3567,0,20865,1.3975245319998066,2.8576929139999265,2.8505204640023294,4.248044996002136,session-2,0,3,raw_repetition,ok,
grover-noancilla_indep_qiskit_7,grover-noancilla,data/quantum_circuits/grover-noancilla_indep_qiskit_7.qasm,35548785a9c99b0ad9409f18dfbfc3baed0e1dcbb1d95eae8c8510dcda120410,FakeSherbrooke,fake_sherbrooke,1,1024,1234,1234,7,1124,1203,552,127,10000,20865,3567,0,20865,,,2.7558819180012506,4.153406450001057,session-2,1,3,raw_repetition,ok,
grover-noancilla_indep_qiskit_7,grover-noancilla,data/quantum_circuits/grover-noancilla_indep_qiskit_7.qasm,35548785a9c99b0ad9409f18dfbfc3baed0e1dcbb1d95eae8c8510dcda120410,FakeSherbrooke,fake_sherbrooke,1,1024,1234,1234,7,1124,1203,552,127,10000,20865,3567,0,20865,,,2.742287575998489,4.139812107998296,session-2,2,3,raw_repetition,ok,
grover-noancilla_indep_qiskit_7,grover-noancilla,data/quantum_circuits/grover-noancilla_indep_qiskit_7.qasm,35548785a9c99b0ad9409f18dfbfc3baed0e1dcbb1d95eae8c8510dcda120410,FakeSherbrooke,fake_sherbrooke,1,1024,1234,1234,7,1124,1203,552,127,10000,20865,3567,0,20865,,,2.8837408479994338,4.28126537999924,session-2,3,3,raw_repetition,ok,
grover-noancilla_indep_qiskit_7,grover-noancilla,data/quantum_circuits/grover-noancilla_indep_qiskit_7.qasm,35548785a9c99b0ad9409f18dfbfc3baed0e1dcbb1d95eae8c8510dcda120410,FakeSherbrooke,fake_sherbrooke,1,1024,1234,1234,7,1124,1203,552,127,10000,20865,3567,0,20865,,,2.730074181999953,4.12759871399976,session-2,4,3,raw_repetition,ok,
grover-noancilla_indep_qiskit_8,grover-noancilla,data/quantum_circuits/grover-noancilla_indep_qiskit_8.qasm,a3b7d67bad6cd47cb522addfaf763294b1ea99017f443c03052055a2f0074009,FakeSherbrooke,fake_sherbrooke,1,1024,1234,1234,8,3034,3153,1504,127,25905,55643,9548,0,55643,3.784888308000518,3.8123000470004627,3.7989401039994846,7.583828412000003,session-2,0,3,raw_repetition,ok,
grover-noancilla_indep_qiskit_8,grover-noancilla,data/quantum_circuits/grover-noancilla_indep_qiskit_8.qasm,a3b7d67bad6cd47cb522addfaf763294b1ea99017f443c03052055a2f0074009,FakeSherbrooke,fake_sherbrooke,1,1024,1234,1234,8,3034,3153,1504,127,25905,55643,9548,0,55643,,,3.8178578320003,7.602746140000818,session-2,1,3,raw_repetition,ok,
grover-noancilla_indep_qiskit_8,grover-noancilla,data/quantum_circuits/grover-noancilla_indep_qiskit_8.qasm,a3b7d67bad6cd47cb522addfaf763294b1ea99017f443c03052055a2f0074009,FakeSherbrooke,fake_sherbrooke,1,1024,1234,1234,8,3034,3153,1504,127,25905,55643,9548,0,55643,,,3.786675010000181,7.571563318000699,session-2,2,3,raw_repetition,ok,
grover-noancilla_indep_qiskit_8,grover-noancilla,data/quantum_circuits/grover-noancilla_indep_qiskit_8.qasm,a3b7d67bad6cd47cb522addfaf763294b1ea99017f443c03052055a2f0074009,FakeSherbrooke,fake_sherbrooke,1,1024,1234,1234,8,3034,3153,1504,127,25905,55643,9548,0,55643,,,3.8153042510020896,7.600192559002608,session-2,3,3,raw_repetition,ok,
grover-noancilla_indep_qiskit_8,grover-noancilla,data/quantum_circuits/grover-noancilla_indep_qiskit_8.qasm,a3b7d67bad6cd47cb522addfaf763294b1ea99017f443c03052055a2f0074009,FakeSherbrooke,fake_sherbrooke,1,1024,1234,1234,8,3034,3153,1504,127,25905,55643,9548,0,55643,,,3.6321824170008767,7.417070725001395,session-2,4,3,raw_repetition,ok,
grover-v-chain_indep_qiskit_2,grover-v-chain,data/quantum_circuits/grover-v-chain_indep_qiskit_2.qasm,55746e6a2fd8d9c4b8c813443f2db46b072f75db1632dd252298c735fbc72bf0,FakeSherbrooke,fake_sherbrooke,1,1024,1234,1234,2,2,5,0,127,4,7,0,0,7,0.11940672199852997,0.6078828800018528,0.7236734580001212,0.8430801799986511,session-2,0,3,raw_repetition,ok,
grover-v-chain_indep_qiskit_2,grover-v-chain,data/quantum_circuits/grover-v-chain_indep_qiskit_2.qasm,55746e6a2fd8d9c4b8c813443f2db46b072f75db1632dd252298c735fbc72bf0,FakeSherbrooke,fake_sherbrooke,1,1024,1234,1234,2,2,5,0,127,4,7,0,0,7,,,0.7529635130013048,0.8723702349998348,session-2,1,3,raw_repetition,ok,
grover-v-chain_indep_qiskit_2,grover-v-chain,data/quantum_circuits/grover-v-chain_indep_qiskit_2.qasm,55746e6a2fd8d9c4b8c813443f2db46b072f75db1632dd252298c735fbc72bf0,FakeSherbrooke,fake_sherbrooke,1,1024,1234,1234,2,2,5,0,127,4,7,0,0,7,,,0.6269361270024092,0.7463428490009392,session-2,2,3,raw_repetition,ok,
grover-v-chain_indep_qiskit_2,grover-v-chain,data/quantum_circuits/grover-v-chain_indep_qiskit_2.qasm,55746e6a2fd8d9c4b8c813443f2db46b072f75db1632dd252298c735fbc72bf0,FakeSherbrooke,fake_sherbrooke,1,1024,1234,1234,2,2,5,0,127,4,7,0,0,7,,,0.6346005359991977,0.7540072579977277,session-2,3,3,raw_repetition,ok,
grover-v-chain_indep_qiskit_2,grover-v-chain,data/quantum_circuits/grover-v-chain_indep_qiskit_2.qasm,55746e6a2fd8d9c4b8c813443f2db46b072f75db1632dd252298c735fbc72bf0,FakeSherbrooke,fake_sherbrooke,1,1024,1234,1234,2,2,5,0,127,4,7,0,0,7,,,0.7428546369992546,0.8622613589977846,session-2,4,3,raw_repetition,ok,
grover-v-chain_indep_qiskit_3,grover-v-chain,data/quantum_circuits/grover-v-chain_indep_qiskit_3.qasm,bc77f4afad8bbb19a6b320c11bc8f8110a330e395e5c509895e0b6c566cab5e9,FakeSherbrooke,fake_sherbrooke,1,1024,1234,1234,3,10,17,3,127,56,87,12,0,87,0.0404224140002043,0.6413080320016888,0.7309683849998692,0.7713907990000735,session-2,0,3,raw_repetition,ok,
grover-v-chain_indep_qiskit_3,grover-v-chain,data/quantum_circuits/grover-v-chain_indep_qiskit_3.qasm,bc77f4afad8bbb19a6b320c11bc8f8110a330e395e5c509895e0b6c566cab5e9,FakeSherbrooke,fake_sherbrooke,1,1024,1234,1234,3,10,17,3,127,56,87,12,0,87,,,0.7670375950001471,0.8074600090003514,session-2,1,3,raw_repetition,ok,
grover-v-chain_indep_qiskit_3,grover-v-chain,data/quantum_circuits/grover-v-chain_indep_qiskit_3.qasm,bc77f4afad8bbb19a6b320c11bc8f8110a330e395e5c509895e0b6c566cab5e9,FakeSherbrooke,fake_sherbrooke,1,1024,1234,1234,3,10,17,3,127,56,87,12,0,87,,,0.6129136569979892,0.6533360709981935,session-2,2,3,raw_repetition,ok,
grover-v-chain_indep_qiskit_3,grover-v-chain,data/quantum_circuits/grover-v-chain_indep_qiskit_3.qasm,bc77f4afad8bbb19a6b320c11bc8f8110a330e395e5c509895e0b6c566cab5e9,FakeSherbrooke,fake_sherbrooke,1,1024,1234,1234,3,10,17,3,127,56,87,12,0,87,,,0.6209553310000047,0.661377745000209,session-2,3,3,raw_repetition,ok,
grover-v-chain_indep_qiskit_3,grover-v-chain,data/quantum_circuits/grover-v-chain_indep_qiskit_3.qasm,bc77f4afad8bbb19a6b320c11bc8f8110a330e395e5c509895e0b6c566cab5e9,FakeSherbrooke,fake_sherbrooke,1,1024,1234,1234,3,10,17,3,127,56,87,12,0,87,,,0.7366573020008218,0.7770797160010261,session-2,4,3,raw_repetition,ok,
grover-v-chain_indep_qiskit_4,grover-v-chain,data/quantum_circuits/grover-v-chain_indep_qiskit_4.qasm,edc62038c489069da135981ccefd5c5a2f3cc0a991fa6da4defa393abdb0d2a4,FakeSherbrooke,fake_sherbrooke,1,1024,1234,1234,4,34,49,12,127,313,600,100,0,600,0.07033767599932617,0.6243455309995625,0.731757158999244,0.8020948349985701,session-2,0,3,raw_repetition,ok,
grover-v-chain_indep_qiskit_4,grover-v-chain,data/quantum_circuits/grover-v-chain_indep_qiskit_4.qasm,edc62038c489069da135981ccefd5c5a2f3cc0a991fa6da4defa393abdb0d2a4,FakeSherbrooke,fake_sherbrooke,1,1024,1234,1234,4,34,49,12,127,313,600,100,0,600,,,0.7534760980015562,0.8238137740008824,session-2,1,3,raw_repetition,ok,
grover-v-chain_indep_qiskit_4,grover-v-chain,data/quantum_circuits/grover-v-chain_indep_qiskit_4.qasm,edc62038c489069da135981ccefd5c5a2f3cc0a991fa6da4defa393abdb0d2a4,FakeSherbrooke,fake_sherbrooke,1,1024,1234,1234,4,34,49,12,127,313,600,100,0,600,,,0.6415655780001543,0.7119032539994805,session-2,2,3,raw_repetition,ok,
grover-v-chain_indep_qiskit_4,grover-v-chain,data/quantum_circuits/grover-v-chain_indep_qiskit_4.qasm,edc62038c489069da135981ccefd5c5a2f3cc0a991fa6da4defa393abdb0d2a4,FakeSherbrooke,fake_sherbrooke,1,1024,1234,1234,4,34,49,12,127,313,600,100,0,600,,,0.631185310001456,0.7015229860007821,session-2,3,3,raw_repetition,ok,
grover-v-chain_indep_qiskit_4,grover-v-chain,data/quantum_circuits/grover-v-chain_indep_qiskit_4.qasm,edc62038c489069da135981ccefd5c5a2f3cc0a991fa6da4defa393abdb0d2a4,FakeSherbrooke,fake_sherbrooke,1,1024,1234,1234,4,34,49,12,127,313,600,100,0,600,,,0.7574865099995804,0.8278241859989066,session-2,4,3,raw_repetition,ok,
grover-v-chain_indep_qiskit_5,grover-v-chain,data/quantum_circuits/grover-v-chain_indep_qiskit_5.qasm,5042c6dd513b1366c0a145850de9e534b0e38aabc818b994ab8c4b6cad7ad5c8,FakeSherbrooke,fake_sherbrooke,1,1024,1234,1234,5,102,131,42,127,1149,1925,330,0,1925,0.15564658400035114,0.6588359419984045,0.7677157220023219,0.923362306002673,session-2,0,3,raw_repetition,ok,
grover-v-chain_indep_qiskit_5,grover-v-chain,data/quantum_circuits/grover-v-chain_indep_qiskit_5.qasm,5042c6dd513b1366c0a145850de9e534b0e38aabc818b994ab8c4b6cad7ad5c8,FakeSherbrooke,fake_sherbrooke,1,1024,1234,1234,5,102,131,42,127,1149,1925,330,0,1925,,,0.6527058009996836,0.8083523850000347,session-2,1,3,raw_repetition,ok,
grover-v-chain_indep_qiskit_5,grover-v-chain,data/quantum_circuits/grover-v-chain_indep_qiskit_5.qasm,5042c6dd513b1366c0a145850de9e534b0e38aabc818b994ab8c4b6cad7ad5c8,FakeSherbrooke,fake_sherbrooke,1,1024,1234,1234,5,102,131,42,127,1149,1925,330,0,1925,,,0.7689399310002045,0.9245865150005557,session-2,2,3,raw_repetition,ok,
grover-v-chain_indep_qiskit_5,grover-v-chain,data/quantum_circuits/grover-v-chain_indep_qiskit_5.qasm,5042c6dd513b1366c0a145850de9e534b0e38aabc818b994ab8c4b6cad7ad5c8,FakeSherbrooke,fake_sherbrooke,1,1024,1234,1234,5,102,131,42,127,1149,1925,330,0,1925,,,0.6494480219989782,0.8050946059993294,session-2,3,3,raw_repetition,ok,
grover-v-chain_indep_qiskit_5,grover-v-chain,data/quantum_circuits/grover-v-chain_indep_qiskit_5.qasm,5042c6dd513b1366c0a145850de9e534b0e38aabc818b994ab8c4b6cad7ad5c8,FakeSherbrooke,fake_sherbrooke,1,1024,1234,1234,5,102,131,42,127,1149,1925,330,0,1925,,,0.7708916240007966,0.9265382080011477,session-2,4,3,raw_repetition,ok,
grover-v-chain_indep_qiskit_7,grover-v-chain,data/quantum_circuits/grover-v-chain_indep_qiskit_7.qasm,84056291d9ff227b3c615cc378349fa1154f5a122bcd0eb6bc04045bbf3affa0,FakeSherbrooke,fake_sherbrooke,1,1024,1234,1234,7,271,318,120,127,2678,5444,944,0,5444,0.3702930899999046,1.2822648740002478,1.1572451249994629,1.5275382149993675,session-2,0,3,raw_repetition,ok,
grover-v-chain_indep_qiskit_7,grover-v-chain,data/quantum_circuits/grover-v-chain_indep_qiskit_7.qasm,84056291d9ff227b3c615cc378349fa1154f5a122bcd0eb6bc04045bbf3affa0,FakeSherbrooke,fake_sherbrooke,1,1024,1234,1234,7,271,318,120,127,2678,5444,944,0,5444,,,1.2768893909997132,1.6471824809996178,session-2,1,3,raw_repetition,ok,
grover-v-chain_indep_qiskit_7,grover-v-chain,data/quantum_circuits/grover-v-chain_indep_qiskit_7.qasm,84056291d9ff227b3c615cc378349fa1154f5a122bcd0eb6bc04045bbf3affa0,FakeSherbrooke,fake_sherbrooke,1,1024,1234,1234,7,271,318,120,127,2678,5444,944,0,5444,,,1.1565206239974941,1.5268137139973987,session-2,2,3,raw_repetition,ok,
grover-v-chain_indep_qiskit_7,grover-v-chain,data/quantum_circuits/grover-v-chain_indep_qiskit_7.qasm,84056291d9ff227b3c615cc378349fa1154f5a122bcd0eb6bc04045bbf3affa0,FakeSherbrooke,fake_sherbrooke,1,1024,1234,1234,7,271,318,120,127,2678,5444,944,0,5444,,,1.2771808809993672,1.6474739709992718,session-2,3,3,raw_repetition,ok,
grover-v-chain_indep_qiskit_7,grover-v-chain,data/quantum_circuits/grover-v-chain_indep_qiskit_7.qasm,84056291d9ff227b3c615cc378349fa1154f5a122bcd0eb6bc04045bbf3affa0,FakeSherbrooke,fake_sherbrooke,1,1024,1234,1234,7,271,318,120,127,2678,5444,944,0,5444,,,1.1566903999992064,1.526983489999111,session-2,4,3,raw_repetition,ok,
grover-v-chain_indep_qiskit_9,grover-v-chain,data/quantum_circuits/grover-v-chain_indep_qiskit_9.qasm,3d37464cf8c53831d2867c0c111a83e03a820e90fa26f77d01a4a85f4f9d6875,FakeSherbrooke,fake_sherbrooke,1,1024,1234,1234,9,801,881,372,127,7032,14939,2664,0,14939,1.207890416997543,3.3859610889994656,3.3933237420023943,4.601214158999937,session-2,0,3,raw_repetition,ok,
grover-v-chain_indep_qiskit_9,grover-v-chain,data/quantum_circuits/grover-v-chain_indep_qiskit_9.qasm,3d37464cf8c53831d2867c0c111a83e03a820e90fa26f77d01a4a85f4f9d6875,FakeSherbrooke,fake_sherbrooke,1,1024,1234,1234,9,801,881,372,127,7032,14939,2664,0,14939,,,3.543267809000099,4.751158225997642,session-2,1,3,raw_repetition,ok,
grover-v-chain_indep_qiskit_9,grover-v-chain,data/quantum_circuits/grover-v-chain_indep_qiskit_9.qasm,3d37464cf8c53831d2867c0c111a83e03a820e90fa26f77d01a4a85f4f9d6875,FakeSherbrooke,fake_sherbrooke,1,1024,1234,1234,9,801,881,372,127,7032,14939,2664,0,14939,,,3.409926619999169,4.617817036996712,session-2,2,3,raw_repetition,ok,
grover-v-chain_indep_qiskit_9,grover-v-chain,data/quantum_circuits/grover-v-chain_indep_qiskit_9.qasm,3d37464cf8c53831d2867c0c111a83e03a820e90fa26f77d01a4a85f4f9d6875,FakeSherbrooke,fake_sherbrooke,1,1024,1234,1234,9,801,881,372,127,7032,14939,2664,0,14939,,,3.3908932589984033,4.598783675995946,session-2,3,3,raw_repetition,ok,
grover-v-chain_indep_qiskit_9,grover-v-chain,data/quantum_circuits/grover-v-chain_indep_qiskit_9.qasm,3d37464cf8c53831d2867c0c111a83e03a820e90fa26f77d01a4a85f4f9d6875,FakeSherbrooke,fake_sherbrooke,1,1024,1234,1234,9,801,881,372,127,7032,14939,2664,0,14939,,,3.5180929230009497,4.725983339998493,session-2,4,3,raw_repetition,ok,
portfolioqaoa_indep_qiskit_3,portfolioqaoa,data/quantum_circuits/portfolioqaoa_indep_qiskit_3.qasm,47e6743e95c380a13dc5947d9e9b3db26e541efabd4a27134ff26aa14c00ba7d,FakeSherbrooke,fake_sherbrooke,1,1024,1234,1234,3,15,29,9,127,126,208,30,0,208,0.05269092199887382,0.6144321350002429,0.6180490090009698,0.6707399309998436,session-2,0,3,raw_repetition,ok,
portfolioqaoa_indep_qiskit_3,portfolioqaoa,data/quantum_circuits/portfolioqaoa_indep_qiskit_3.qasm,47e6743e95c380a13dc5947d9e9b3db26e541efabd4a27134ff26aa14c00ba7d,FakeSherbrooke,fake_sherbrooke,1,1024,1234,1234,3,15,29,9,127,126,208,30,0,208,,,0.776183272999333,0.8288741949982068,session-2,1,3,raw_repetition,ok,
portfolioqaoa_indep_qiskit_3,portfolioqaoa,data/quantum_circuits/portfolioqaoa_indep_qiskit_3.qasm,47e6743e95c380a13dc5947d9e9b3db26e541efabd4a27134ff26aa14c00ba7d,FakeSherbrooke,fake_sherbrooke,1,1024,1234,1234,3,15,29,9,127,126,208,30,0,208,,,0.6447552839999844,0.6974462059988582,session-2,2,3,raw_repetition,ok,
portfolioqaoa_indep_qiskit_3,portfolioqaoa,data/quantum_circuits/portfolioqaoa_indep_qiskit_3.qasm,47e6743e95c380a13dc5947d9e9b3db26e541efabd4a27134ff26aa14c00ba7d,FakeSherbrooke,fake_sherbrooke,1,1024,1234,1234,3,15,29,9,127,126,208,30,0,208,,,0.6393656399995962,0.69205656199847,session-2,3,3,raw_repetition,ok,
portfolioqaoa_indep_qiskit_3,portfolioqaoa,data/quantum_circuits/portfolioqaoa_indep_qiskit_3.qasm,47e6743e95c380a13dc5947d9e9b3db26e541efabd4a27134ff26aa14c00ba7d,FakeSherbrooke,fake_sherbrooke,1,1024,1234,1234,3,15,29,9,127,126,208,30,0,208,,,0.7398079200029315,0.7924988420018053,session-2,4,3,raw_repetition,ok,
portfolioqaoa_indep_qiskit_4,portfolioqaoa,data/quantum_circuits/portfolioqaoa_indep_qiskit_4.qasm,568570a69663949a1aaac2fe16e74d3d065c7a8e6013e21368a9d8add886d6dc,FakeSherbrooke,fake_sherbrooke,1,1024,1234,1234,4,19,44,18,127,252,450,72,0,450,0.06347157599884667,0.631183086999954,0.6243223880010191,0.6877939639998658,session-2,0,3,raw_repetition,ok,
portfolioqaoa_indep_qiskit_4,portfolioqaoa,data/quantum_circuits/portfolioqaoa_indep_qiskit_4.qasm,568570a69663949a1aaac2fe16e74d3d065c7a8e6013e21368a9d8add886d6dc,FakeSherbrooke,fake_sherbrooke,1,1024,1234,1234,4,19,44,18,127,252,450,72,0,450,,,0.7790994999995746,0.8425710759984213,session-2,1,3,raw_repetition,ok,
portfolioqaoa_indep_qiskit_4,portfolioqaoa,data/quantum_circuits/portfolioqaoa_indep_qiskit_4.qasm,568570a69663949a1aaac2fe16e74d3d065c7a8e6013e21368a9d8add886d6dc,FakeSherbrooke,fake_sherbrooke,1,1024,1234,1234,4,19,44,18,127,252,450,72,0,450,,,0.6451116749994981,0.7085832509983447,session-2,2,3,raw_repetition,ok,
portfolioqaoa_indep_qiskit_4,portfolioqaoa,data/quantum_circuits/portfolioqaoa_indep_qiskit_4.qasm,568570a69663949a1aaac2fe16e74d3d065c7a8e6013e21368a9d8add886d6dc,FakeSherbrooke,fake_sherbrooke,1,1024,1234,1234,4,19,44,18,127,252,450,72,0,450,,,0.7543740509972849,0.8178456269961316,session-2,3,3,raw_repetition,ok,
portfolioqaoa_indep_qiskit_4,portfolioqaoa,data/quantum_circuits/portfolioqaoa_indep_qiskit_4.qasm,568570a69663949a1aaac2fe16e74d3d065c7a8e6013e21368a9d8add886d6dc,FakeSherbrooke,fake_sherbrooke,1,1024,1234,1234,4,19,44,18,127,252,450,72,0,450,,,0.6390123329983908,0.7024839089972374,session-2,4,3,raw_repetition,ok,
portfolioqaoa_indep_qiskit_5,portfolioqaoa,data/quantum_circuits/portfolioqaoa_indep_qiskit_5.qasm,0f7836c0a3a429dd9b4f2b55a4fab5d6d112458814cb34efb22309ec614c801f,FakeSherbrooke,fake_sherbrooke,1,1024,1234,1234,5,23,62,30,127,354,670,108,0,670,0.07153667799866525,0.6480433069991705,0.6552462120016571,0.7267828900003224,session-2,0,3,raw_repetition,ok,
portfolioqaoa_indep_qiskit_5,portfolioqaoa,data/quantum_circuits/portfolioqaoa_indep_qiskit_5.qasm,0f7836c0a3a429dd9b4f2b55a4fab5d6d112458814cb34efb22309ec614c801f,FakeSherbrooke,fake_sherbrooke,1,1024,1234,1234,5,23,62,30,127,354,670,108,0,670,,,0.6535524220016669,0.7250891000003321,session-2,1,3,raw_repetition,ok,
portfolioqaoa_indep_qiskit_5,portfolioqaoa,data/quantum_circuits/portfolioqaoa_indep_qiskit_5.qasm,0f7836c0a3a429dd9b4f2b55a4fab5d6d112458814cb34efb22309ec614c801f,FakeSherbrooke,fake_sherbrooke,1,1024,1234,1234,5,23,62,30,127,354,670,108,0,670,,,0.7945815029997902,0.8661181809984555,session-2,2,3,raw_repetition,ok,
portfolioqaoa_indep_qiskit_5,portfolioqaoa,data/quantum_circuits/portfolioqaoa_indep_qiskit_5.qasm,0f7836c0a3a429dd9b4f2b55a4fab5d6d112458814cb34efb22309ec614c801f,FakeSherbrooke,fake_sherbrooke,1,1024,1234,1234,5,23,62,30,127,354,670,108,0,670,,,0.660060035999777,0.7315967139984423,session-2,3,3,raw_repetition,ok,
portfolioqaoa_indep_qiskit_5,portfolioqaoa,data/quantum_circuits/portfolioqaoa_indep_qiskit_5.qasm,0f7836c0a3a429dd9b4f2b55a4fab5d6d112458814cb34efb22309ec614c801f,FakeSherbrooke,fake_sherbrooke,1,1024,1234,1234,5,23,62,30,127,354,670,108,0,670,,,0.6525778050017834,0.7241144830004487,session-2,4,3,raw_repetition,ok,
portfolioqaoa_indep_qiskit_6,portfolioqaoa,data/quantum_circuits/portfolioqaoa_indep_qiskit_6.qasm,4dd5e72918722dff3c88e277e20e3ecc1e06dfd0601343e784eeb454470800b7,FakeSherbrooke,fake_sherbrooke,1,1024,1234,1234,6,27,83,45,127,556,1137,192,0,1137,0.10866170499866712,0.8000021880034183,0.814429881000251,0.9230915859989182,session-2,0,3,raw_repetition,ok,
portfolioqaoa_indep_qiskit_6,portfolioqaoa,data/quantum_circuits/portfolioqaoa_indep_qiskit_6.qasm,4dd5e72918722dff3c88e277e20e3ecc1e06dfd0601343e784eeb454470800b7,FakeSherbrooke,fake_sherbrooke,1,1024,1234,1234,6,27,83,45,127,556,1137,192,0,1137,,,0.6801544519985327,0.7888161569971999,session-2,1,3,raw_repetition,ok,
portfolioqaoa_indep_qiskit_6,portfolioqaoa,data/quantum_circuits/portfolioqaoa_indep_qiskit_6.qasm,4dd5e72918722dff3c88e277e20e3ecc1e06dfd0601343e784eeb454470800b7,FakeSherbrooke,fake_sherbrooke,1,1024,1234,1234,6,27,83,45,127,556,1137,192,0,1137,,,0.823548133001168,0.9322098379998351,session-2,2,3,raw_repetition,ok,
portfolioqaoa_indep_qiskit_6,portfolioqaoa,data/quantum_circuits/portfolioqaoa_indep_qiskit_6.qasm,4dd5e72918722dff3c88e277e20e3ecc1e06dfd0601343e784eeb454470800b7,FakeSherbrooke,fake_sherbrooke,1,1024,1234,1234,6,27,83,45,127,556,1137,192,0,1137,,,0.6879031880016555,0.7965648930003226,session-2,3,3,raw_repetition,ok,
portfolioqaoa_indep_qiskit_6,portfolioqaoa,data/quantum_circuits/portfolioqaoa_indep_qiskit_6.qasm,4dd5e72918722dff3c88e277e20e3ecc1e06dfd0601343e784eeb454470800b7,FakeSherbrooke,fake_sherbrooke,1,1024,1234,1234,6,27,83,45,127,556,1137,192,0,1137,,,0.6612514160005958,0.7699131209992629,session-2,4,3,raw_repetition,ok,
portfolioqaoa_indep_qiskit_7,portfolioqaoa,data/quantum_circuits/portfolioqaoa_indep_qiskit_7.qasm,f8d88243c9d36e41e0eedeff4898e325d59ba4d8ceb4b81c7b48757ade1e94b4,FakeSherbrooke,fake_sherbrooke,1,1024,1234,1234,7,31,107,63,127,699,1591,276,0,1591,0.13084329300181707,0.9089440870011458,0.8888998000002175,1.0197430930020346,session-2,0,3,raw_repetition,ok,
portfolioqaoa_indep_qiskit_7,portfolioqaoa,data/quantum_circuits/portfolioqaoa_indep_qiskit_7.qasm,f8d88243c9d36e41e0eedeff4898e325d59ba4d8ceb4b81c7b48757ade1e94b4,FakeSherbrooke,fake_sherbrooke,1,1024,1234,1234,7,31,107,63,127,699,1591,276,0,1591,,,0.7722749209970061,0.9031182139988232,session-2,1,3,raw_repetition,ok,
portfolioqaoa_indep_qiskit_7,portfolioqaoa,data/quantum_circuits/portfolioqaoa_indep_qiskit_7.qasm,f8d88243c9d36e41e0eedeff4898e325d59ba4d8ceb4b81c7b48757ade1e94b4,FakeSherbrooke,fake_sherbrooke,1,1024,1234,1234,7,31,107,63,127,699,1591,276,0,1591,,,0.8926276089987368,1.023470902000554,session-2,2,3,raw_repetition,ok,
portfolioqaoa_indep_qiskit_7,portfolioqaoa,data/quantum_circuits/portfolioqaoa_indep_qiskit_7.qasm,f8d88243c9d36e41e0eedeff4898e325d59ba4d8ceb4b81c7b48757ade1e94b4,FakeSherbrooke,fake_sherbrooke,1,1024,1234,1234,7,31,107,63,127,699,1591,276,0,1591,,,0.7910819979988446,0.9219252910006617,session-2,3,3,raw_repetition,ok,
portfolioqaoa_indep_qiskit_7,portfolioqaoa,data/quantum_circuits/portfolioqaoa_indep_qiskit_7.qasm,f8d88243c9d36e41e0eedeff4898e325d59ba4d8ceb4b81c7b48757ade1e94b4,FakeSherbrooke,fake_sherbrooke,1,1024,1234,1234,7,31,107,63,127,699,1591,276,0,1591,,,0.9093384160005371,1.0401817090023542,session-2,4,3,raw_repetition,ok,
portfolioqaoa_indep_qiskit_8,portfolioqaoa,data/quantum_circuits/portfolioqaoa_indep_qiskit_8.qasm,2372d3228c3e3e38e3351feb553380bce5a543c936f73a400de0e54ab470599a,FakeSherbrooke,fake_sherbrooke,1,1024,1234,1234,8,35,134,84,127,864,2194,384,0,2194,0.16999644899988198,0.8952278920005483,0.8688781580021896,1.0388746070020716,session-2,0,3,raw_repetition,ok,
portfolioqaoa_indep_qiskit_8,portfolioqaoa,data/quantum_circuits/portfolioqaoa_indep_qiskit_8.qasm,2372d3228c3e3e38e3351feb553380bce5a543c936f73a400de0e54ab470599a,FakeSherbrooke,fake_sherbrooke,1,1024,1234,1234,8,35,134,84,127,864,2194,384,0,2194,,,0.7452616640002816,0.9152581130001636,session-2,1,3,raw_repetition,ok,
portfolioqaoa_indep_qiskit_8,portfolioqaoa,data/quantum_circuits/portfolioqaoa_indep_qiskit_8.qasm,2372d3228c3e3e38e3351feb553380bce5a543c936f73a400de0e54ab470599a,FakeSherbrooke,fake_sherbrooke,1,1024,1234,1234,8,35,134,84,127,864,2194,384,0,2194,,,0.7408026839984814,0.9107991329983633,session-2,2,3,raw_repetition,ok,
portfolioqaoa_indep_qiskit_8,portfolioqaoa,data/quantum_circuits/portfolioqaoa_indep_qiskit_8.qasm,2372d3228c3e3e38e3351feb553380bce5a543c936f73a400de0e54ab470599a,FakeSherbrooke,fake_sherbrooke,1,1024,1234,1234,8,35,134,84,127,864,2194,384,0,2194,,,0.7375098189986602,0.9075062679985422,session-2,3,3,raw_repetition,ok,
portfolioqaoa_indep_qiskit_8,portfolioqaoa,data/quantum_circuits/portfolioqaoa_indep_qiskit_8.qasm,2372d3228c3e3e38e3351feb553380bce5a543c936f73a400de0e54ab470599a,FakeSherbrooke,fake_sherbrooke,1,1024,1234,1234,8,35,134,84,127,864,2194,384,0,2194,,,0.8522518300014781,1.02224827900136,session-2,4,3,raw_repetition,ok,
portfolioqaoa_indep_qiskit_9,portfolioqaoa,data/quantum_circuits/portfolioqaoa_indep_qiskit_9.qasm,a53b2a3a1ba8397a96b487c44f825f3cab2e0c714b69298f2ab0a839975b173c,FakeSherbrooke,fake_sherbrooke,1,1024,1234,1234,9,39,164,108,127,737,2785,483,0,2785,0.20288410799912526,1.1476472769973043,1.1504473819986742,1.3533314899977995,session-2,0,3,raw_repetition,ok,
portfolioqaoa_indep_qiskit_9,portfolioqaoa,data/quantum_circuits/portfolioqaoa_indep_qiskit_9.qasm,a53b2a3a1ba8397a96b487c44f825f3cab2e0c714b69298f2ab0a839975b173c,FakeSherbrooke,fake_sherbrooke,1,1024,1234,1234,9,39,164,108,127,737,2785,483,0,2785,,,1.0449022779976076,1.2477863859967329,session-2,1,3,raw_repetition,ok,
portfolioqaoa_indep_qiskit_9,portfolioqaoa,data/quantum_circuits/portfolioqaoa_indep_qiskit_9.qasm,a53b2a3a1ba8397a96b487c44f825f3cab2e0c714b69298f2ab0a839975b173c,FakeSherbrooke,fake_sherbrooke,1,1024,1234,1234,9,39,164,108,127,737,2785,483,0,2785,,,1.0434965050008032,1.2463806129999284,session-2,2,3,raw_repetition,ok,
portfolioqaoa_indep_qiskit_9,portfolioqaoa,data/quantum_circuits/portfolioqaoa_indep_qiskit_9.qasm,a53b2a3a1ba8397a96b487c44f825f3cab2e0c714b69298f2ab0a839975b173c,FakeSherbrooke,fake_sherbrooke,1,1024,1234,1234,9,39,164,108,127,737,2785,483,0,2785,,,1.1679932629995164,1.3708773709986417,session-2,3,3,raw_repetition,ok,
portfolioqaoa_indep_qiskit_9,portfolioqaoa,data/quantum_circuits/portfolioqaoa_indep_qiskit_9.qasm,a53b2a3a1ba8397a96b487c44f825f3cab2e0c714b69298f2ab0a839975b173c,FakeSherbrooke,fake_sherbrooke,1,1024,1234,1234,9,39,164,108,127,737,2785,483,0,2785,,,1.0293153679995157,1.232199475998641,session-2,4,3,raw_repetition,ok,
portfoliovqe_indep_qiskit_3,portfoliovqe,data/quantum_circuits/portfoliovqe_indep_qiskit_3.qasm,4b5542071ea595cd62184de26c4f1dac3f6afa86f6450f50a28dbe8e1f865257,FakeSherbrooke,fake_sherbrooke,1,1024,1234,1234,3,14,25,9,127,79,134,21,0,134,0.03750103699712781,0.7399100559996441,0.6180583340028534,0.6555593709999812,session-2,0,3,raw_repetition,ok,
portfoliovqe_indep_qiskit_3,portfoliovqe,data/quantum_circuits/portfoliovqe_indep_qiskit_3.qasm,4b5542071ea595cd62184de26c4f1dac3f6afa86f6450f50a28dbe8e1f865257,FakeSherbrooke,fake_sherbrooke,1,1024,1234,1234,3,14,25,9,127,79,134,21,0,134,,,0.731868555998517,0.7693695929956448,session-2,1,3,raw_repetition,ok,
portfoliovqe_indep_qiskit_3,portfoliovqe,data/quantum_circuits/portfoliovqe_indep_qiskit_3.qasm,4b5542071ea595cd62184de26c4f1dac3f6afa86f6450f50a28dbe8e1f865257,FakeSherbrooke,fake_sherbrooke,1,1024,1234,1234,3,14,25,9,127,79,134,21,0,134,,,0.6323943280003732,0.669895364997501,session-2,2,3,raw_repetition,ok,
portfoliovqe_indep_qiskit_3,portfoliovqe,data/quantum_circuits/portfoliovqe_indep_qiskit_3.qasm,4b5542071ea595cd62184de26c4f1dac3f6afa86f6450f50a28dbe8e1f865257,FakeSherbrooke,fake_sherbrooke,1,1024,1234,1234,3,14,25,9,127,79,134,21,0,134,,,0.7496298309997655,0.7871308679968934,session-2,3,3,raw_repetition,ok,
portfoliovqe_indep_qiskit_3,portfoliovqe,data/quantum_circuits/portfoliovqe_indep_qiskit_3.qasm,4b5542071ea595cd62184de26c4f1dac3f6afa86f6450f50a28dbe8e1f865257,FakeSherbrooke,fake_sherbrooke,1,1024,1234,1234,3,14,25,9,127,79,134,21,0,134,,,0.6085302339997725,0.6460312709969003,session-2,4,3,raw_repetition,ok,
portfoliovqe_indep_qiskit_4,portfoliovqe,data/quantum_circuits/portfoliovqe_indep_qiskit_4.qasm,36bb1354ff108648bc8c9c529a2002a53a68e4bfa9bf3529edce11e5d47f851f,FakeSherbrooke,fake_sherbrooke,1,1024,1234,1234,4,18,39,18,127,172,312,54,0,312,0.051684259000467137,0.7468500120012322,0.7417530189995887,0.7934372780000558,session-2,0,3,raw_repetition,ok,
portfoliovqe_indep_qiskit_4,portfoliovqe,data/quantum_circuits/portfoliovqe_indep_qiskit_4.qasm,36bb1354ff108648bc8c9c529a2002a53a68e4bfa9bf3529edce11e5d47f851f,FakeSherbrooke,fake_sherbrooke,1,1024,1234,1234,4,18,39,18,127,172,312,54,0,312,,,0.618902515998343,0.6705867749988101,session-2,1,3,raw_repetition,ok,
portfoliovqe_indep_qiskit_4,portfoliovqe,data/quantum_circuits/portfoliovqe_indep_qiskit_4.qasm,36bb1354ff108648bc8c9c529a2002a53a68e4bfa9bf3529edce11e5d47f851f,FakeSherbrooke,fake_sherbrooke,1,1024,1234,1234,4,18,39,18,127,172,312,54,0,312,,,0.6351941319990146,0.6868783909994818,session-2,2,3,raw_repetition,ok,
portfoliovqe_indep_qiskit_4,portfoliovqe,data/quantum_circuits/portfoliovqe_indep_qiskit_4.qasm,36bb1354ff108648bc8c9c529a2002a53a68e4bfa9bf3529edce11e5d47f851f,FakeSherbrooke,fake_sherbrooke,1,1024,1234,1234,4,18,39,18,127,172,312,54,0,312,,,0.7270428480005648,0.778727107001032,session-2,3,3,raw_repetition,ok,
portfoliovqe_indep_qiskit_4,portfoliovqe,data/quantum_circuits/portfoliovqe_indep_qiskit_4.qasm,36bb1354ff108648bc8c9c529a2002a53a68e4bfa9bf3529edce11e5d47f851f,FakeSherbrooke,fake_sherbrooke,1,1024,1234,1234,4,18,39,18,127,172,312,54,0,312,,,0.7592310379986884,0.8109152969991555,session-2,4,3,raw_repetition,ok,
portfoliovqe_indep_qiskit_5,portfoliovqe,data/quantum_circuits/portfoliovqe_indep_qiskit_5.qasm,28b9eac87132bbff64970708737a94c408cfa435ce16cd395a57ab6fbfe5a6f7,FakeSherbrooke,fake_sherbrooke,1,1024,1234,1234,5,22,56,30,127,233,451,78,0,451,0.05679961499845376,0.6321862439981487,0.7650854650019028,0.8218850800003565,session-2,0,3,raw_repetition,ok,
portfoliovqe_indep_qiskit_5,portfoliovqe,data/quantum_circuits/portfoliovqe_indep_qiskit_5.qasm,28b9eac87132bbff64970708737a94c408cfa435ce16cd395a57ab6fbfe5a6f7,FakeSherbrooke,fake_sherbrooke,1,1024,1234,1234,5,22,56,30,127,233,451,78,0,451,,,0.6278842289975728,0.6846838439960266,session-2,1,3,raw_repetition,ok,
portfoliovqe_indep_qiskit_5,portfoliovqe,data/quantum_circuits/portfoliovqe_indep_qiskit_5.qasm,28b9eac87132bbff64970708737a94c408cfa435ce16cd395a57ab6fbfe5a6f7,FakeSherbrooke,fake_sherbrooke,1,1024,1234,1234,5,22,56,30,127,233,451,78,0,451,,,0.7472729069995694,0.8040725219980231,session-2,2,3,raw_repetition,ok,
portfoliovqe_indep_qiskit_5,portfoliovqe,data/quantum_circuits/portfoliovqe_indep_qiskit_5.qasm,28b9eac87132bbff64970708737a94c408cfa435ce16cd395a57ab6fbfe5a6f7,FakeSherbrooke,fake_sherbrooke,1,1024,1234,1234,5,22,56,30,127,233,451,78,0,451,,,0.6262520260024758,0.6830516410009295,session-2,3,3,raw_repetition,ok,
portfoliovqe_indep_qiskit_5,portfoliovqe,data/quantum_circuits/portfoliovqe_indep_qiskit_5.qasm,28b9eac87132bbff64970708737a94c408cfa435ce16cd395a57ab6fbfe5a6f7,FakeSherbrooke,fake_sherbrooke,1,1024,1234,1234,5,22,56,30,127,233,451,78,0,451,,,0.7507131530001061,0.8075127679985599,session-2,4,3,raw_repetition,ok,
portfoliovqe_indep_qiskit_6,portfoliovqe,data/quantum_circuits/portfoliovqe_indep_qiskit_6.qasm,7dafebd46e73b9b279f1ef96da32f7d563de3721b856b4570375ab81951e06fc,FakeSherbrooke,fake_sherbrooke,1,1024,1234,1234,6,26,76,45,127,394,803,147,0,803,0.0804285840022203,0.6576112090006063,0.8111368019999645,0.8915653860021848,session-2,0,3,raw_repetition,ok,
portfoliovqe_indep_qiskit_6,portfoliovqe,data/quantum_circuits/portfoliovqe_indep_qiskit_6.qasm,7dafebd46e73b9b279f1ef96da32f7d563de3721b856b4570375ab81951e06fc,FakeSherbrooke,fake_sherbrooke,1,1024,1234,1234,6,26,76,45,127,394,803,147,0,803,,,0.6686617779996595,0.7490903620018798,session-2,1,3,raw_repetition,ok,
portfoliovqe_indep_qiskit_6,portfoliovqe,data/quantum_circuits/portfoliovqe_indep_qiskit_6.qasm,7dafebd46e73b9b279f1ef96da32f7d563de3721b856b4570375ab81951e06fc,FakeSherbrooke,fake_sherbrooke,1,1024,1234,1234,6,26,76,45,127,394,803,147,0,803,,,0.6618387769995024,0.7422673610017227,session-2,2,3,raw_repetition,ok,
portfoliovqe_indep_qiskit_6,portfoliovqe,data/quantum_circuits/portfoliovqe_indep_qiskit_6.qasm,7dafebd46e73b9b279f1ef96da32f7d563de3721b856b4570375ab81951e06fc,FakeSherbrooke,fake_sherbrooke,1,1024,1234,1234,6,26,76,45,127,394,803,147,0,803,,,0.8096509110000625,0.8900794950022828,session-2,3,3,raw_repetition,ok,
portfoliovqe_indep_qiskit_6,portfoliovqe,data/quantum_circuits/portfoliovqe_indep_qiskit_6.qasm,7dafebd46e73b9b279f1ef96da32f7d563de3721b856b4570375ab81951e06fc,FakeSherbrooke,fake_sherbrooke,1,1024,1234,1234,6,26,76,45,127,394,803,147,0,803,,,0.6530224790003558,0.7334510630025761,session-2,4,3,raw_repetition,ok,
portfoliovqe_indep_qiskit_7,portfoliovqe,data/quantum_circuits/portfoliovqe_indep_qiskit_7.qasm,99e0865dc3fced630c02b5b2710b24fd9257ba31d54112cde08a769e974f53c4,FakeSherbrooke,fake_sherbrooke,1,1024,1234,1234,7,30,99,63,127,483,1158,213,0,1158,0.10154410500035738,0.7348146450021886,0.7434713800030295,0.8450154850033869,session-2,0,3,raw_repetition,ok,
portfoliovqe_indep_qiskit_7,portfoliovqe,data/quantum_circuits/portfoliovqe_indep_qiskit_7.qasm,99e0865dc3fced630c02b5b2710b24fd9257ba31d54112cde08a769e974f53c4,FakeSherbrooke,fake_sherbrooke,1,1024,1234,1234,7,30,99,63,127,483,1158,213,0,1158,,,0.8620416029989428,0.9635857079993002,session-2,1,3,raw_repetition,ok,
portfoliovqe_indep_qiskit_7,portfoliovqe,data/quantum_circuits/portfoliovqe_indep_qiskit_7.qasm,99e0865dc3fced630c02b5b2710b24fd9257ba31d54112cde08a769e974f53c4,FakeSherbrooke,fake_sherbrooke,1,1024,1234,1234,7,30,99,63,127,483,1158,213,0,1158,,,0.7425939589993504,0.8441380639997078,session-2,2,3,raw_repetition,ok,
portfoliovqe_indep_qiskit_7,portfoliovqe,data/quantum_circuits/portfoliovqe_indep_qiskit_7.qasm,99e0865dc3fced630c02b5b2710b24fd9257ba31d54112cde08a769e974f53c4,FakeSherbrooke,fake_sherbrooke,1,1024,1234,1234,7,30,99,63,127,483,1158,213,0,1158,,,0.7407529170013731,0.8422970220017305,session-2,3,3,raw_repetition,ok,
portfoliovqe_indep_qiskit_7,portfoliovqe,data/quantum_circuits/portfoliovqe_indep_qiskit_7.qasm,99e0865dc3fced630c02b5b2710b24fd9257ba31d54112cde08a769e974f53c4,FakeSherbrooke,fake_sherbrooke,1,1024,1234,1234,7,30,99,63,127,483,1158,213,0,1158,,,0.8644133269990562,0.9659574319994135,session-2,4,3,raw_repetition,ok,
portfoliovqe_indep_qiskit_8,portfoliovqe,data/quantum_circuits/portfoliovqe_indep_qiskit_8.qasm,eb43007109ad9707544629854cfc7259b0e6aa70c5a618cedacbb7d26dd746a0,FakeSherbrooke,fake_sherbrooke,1,1024,1234,1234,8,34,125,84,127,650,1647,300,0,1647,0.12545098699774826,0.7317289659986272,0.855271869997523,0.9807228569952713,session-2,0,3,raw_repetition,ok,
portfoliovqe_indep_qiskit_8,portfoliovqe,data/quantum_circuits/portfoliovqe_indep_qiskit_8.qasm,eb43007109ad9707544629854cfc7259b0e6aa70c5a618cedacbb7d26dd746a0,FakeSherbrooke,fake_sherbrooke,1,1024,1234,1234,8,34,125,84,127,650,1647,300,0,1647,,,0.7292228619990055,0.8546738489967538,session-2,1,3,raw_repetition,ok,
portfoliovqe_indep_qiskit_8,portfoliovqe,data/quantum_circuits/portfoliovqe_indep_qiskit_8.qasm,eb43007109ad9707544629854cfc7259b0e6aa70c5a618cedacbb7d26dd746a0,FakeSherbrooke,fake_sherbrooke,1,1024,1234,1234,8,34,125,84,127,650,1647,300,0,1647,,,0.7275048720002815,0.8529558589980297,session-2,2,3,raw_repetition,ok,
portfoliovqe_indep_qiskit_8,portfoliovqe,data/quantum_circuits/portfoliovqe_indep_qiskit_8.qasm,eb43007109ad9707544629854cfc7259b0e6aa70c5a618cedacbb7d26dd746a0,FakeSherbrooke,fake_sherbrooke,1,1024,1234,1234,8,34,125,84,127,650,1647,300,0,1647,,,0.8566071910026949,0.9820581780004431,session-2,3,3,raw_repetition,ok,
portfoliovqe_indep_qiskit_8,portfoliovqe,data/quantum_circuits/portfoliovqe_indep_qiskit_8.qasm,eb43007109ad9707544629854cfc7259b0e6aa70c5a618cedacbb7d26dd746a0,FakeSherbrooke,fake_sherbrooke,1,1024,1234,1234,8,34,125,84,127,650,1647,300,0,1647,,,0.7318891300019459,0.8573401169996941,session-2,4,3,raw_repetition,ok,
portfoliovqe_indep_qiskit_9,portfoliovqe,data/quantum_circuits/portfoliovqe_indep_qiskit_9.qasm,615d076a941f3eec9d225a20b894c8d30a0c90d4834d03fa0ebd5d13e4b46ded,FakeSherbrooke,fake_sherbrooke,1,1024,1234,1234,9,38,154,108,127,509,2039,375,0,2039,0.15151726399926702,1.1718435869988753,1.0200832520022232,1.1716005160014902,session-2,0,3,raw_repetition,ok,
portfoliovqe_indep_qiskit_9,portfoliovqe,data/quantum_circuits/portfoliovqe_indep_qiskit_9.qasm,615d076a941f3eec9d225a20b894c8d30a0c90d4834d03fa0ebd5d13e4b46ded,FakeSherbrooke,fake_sherbrooke,1,1024,1234,1234,9,38,154,108,127,509,2039,375,0,2039,,,1.117804135003098,1.269321399002365,session-2,1,3,raw_repetition,ok,
portfoliovqe_indep_qiskit_9,portfoliovqe,data/quantum_circuits/portfoliovqe_indep_qiskit_9.qasm,615d076a941f3eec9d225a20b894c8d30a0c90d4834d03fa0ebd5d13e4b46ded,FakeSherbrooke,fake_sherbrooke,1,1024,1234,1234,9,38,154,108,127,509,2039,375,0,2039,,,1.0230367410003964,1.1745540049996634,session-2,2,3,raw_repetition,ok,
portfoliovqe_indep_qiskit_9,portfoliovqe,data/quantum_circuits/portfoliovqe_indep_qiskit_9.qasm,615d076a941f3eec9d225a20b894c8d30a0c90d4834d03fa0ebd5d13e4b46ded,FakeSherbrooke,fake_sherbrooke,1,1024,1234,1234,9,38,154,108,127,509,2039,375,0,2039,,,1.146022783999797,1.297540047999064,session-2,3,3,raw_repetition,ok,
portfoliovqe_indep_qiskit_9,portfoliovqe,data/quantum_circuits/portfoliovqe_indep_qiskit_9.qasm,615d076a941f3eec9d225a20b894c8d30a0c90d4834d03fa0ebd5d13e4b46ded,FakeSherbrooke,fake_sherbrooke,1,1024,1234,1234,9,38,154,108,127,509,2039,375,0,2039,,,1.0229933650007297,1.1745106289999967,session-2,4,3,raw_repetition,ok,
qaoa_indep_qiskit_3,qaoa,data/quantum_circuits/qaoa_indep_qiskit_3.qasm,45ca196e391297302c92dc6ea0fd119efa62b2ee88e3b85260561e5fbafa7400,FakeSherbrooke,fake_sherbrooke,1,1024,1234,1234,3,10,19,6,127,75,122,18,0,122,0.14543677199981175,0.6379989569977624,0.6225261209983728,0.7679628929981845,session-2,0,3,raw_repetition,ok,
qaoa_indep_qiskit_3,qaoa,data/quantum_circuits/qaoa_indep_qiskit_3.qasm,45ca196e391297302c92dc6ea0fd119efa62b2ee88e3b85260561e5fbafa7400,FakeSherbrooke,fake_sherbrooke,1,1024,1234,1234,3,10,19,6,127,75,122,18,0,122,,,0.6208396859983623,0.766276457998174,session-2,1,3,raw_repetition,ok,
qaoa_indep_qiskit_3,qaoa,data/quantum_circuits/qaoa_indep_qiskit_3.qasm,45ca196e391297302c92dc6ea0fd119efa62b2ee88e3b85260561e5fbafa7400,FakeSherbrooke,fake_sherbrooke,1,1024,1234,1234,3,10,19,6,127,75,122,18,0,122,,,0.7484504310014017,0.8938872030012135,session-2,2,3,raw_repetition,ok,
qaoa_indep_qiskit_3,qaoa,data/quantum_circuits/qaoa_indep_qiskit_3.qasm,45ca196e391297302c92dc6ea0fd119efa62b2ee88e3b85260561e5fbafa7400,FakeSherbrooke,fake_sherbrooke,1,1024,1234,1234,3,10,19,6,127,75,122,18,0,122,,,0.6277766069979407,0.7732133789977524,session-2,3,3,raw_repetition,ok,
qaoa_indep_qiskit_3,qaoa,data/quantum_circuits/qaoa_indep_qiskit_3.qasm,45ca196e391297302c92dc6ea0fd119efa62b2ee88e3b85260561e5fbafa7400,FakeSherbrooke,fake_sherbrooke,1,1024,1234,1234,3,10,19,6,127,75,122,18,0,122,,,0.6259943459990609,0.7714311179988727,session-2,4,3,raw_repetition,ok,
qaoa_indep_qiskit_4,qaoa,data/quantum_circuits/qaoa_indep_qiskit_4.qasm,9649572da691c86252b1620cba73350902b9ba3cf4dbdb3fb2e3531588da98c4,FakeSherbrooke,fake_sherbrooke,1,1024,1234,1234,4,9,25,8,127,63,147,22,0,147,0.04256178600189742,0.7471294050010329,0.6267133610017481,0.6692751470036455,session-2,0,3,raw_repetition,ok,
qaoa_indep_qiskit_4,qaoa,data/quantum_circuits/qaoa_indep_qiskit_4.qasm,9649572da691c86252b1620cba73350902b9ba3cf4dbdb3fb2e3531588da98c4,FakeSherbrooke,fake_sherbrooke,1,1024,1234,1234,4,9,25,8,127,63,147,22,0,147,,,0.7395417100015038,0.7821034960034012,session-2,1,3,raw_repetition,ok,
qaoa_indep_qiskit_4,qaoa,data/quantum_circuits/qaoa_indep_qiskit_4.qasm,9649572da691c86252b1620cba73350902b9ba3cf4dbdb3fb2e3531588da98c4,FakeSherbrooke,fake_sherbrooke,1,1024,1234,1234,4,9,25,8,127,63,147,22,0,147,,,0.6209926359988458,0.6635544220007432,session-2,2,3,raw_repetition,ok,
qaoa_indep_qiskit_4,qaoa,data/quantum_circuits/qaoa_indep_qiskit_4.qasm,9649572da691c86252b1620cba73350902b9ba3cf4dbdb3fb2e3531588da98c4,FakeSherbrooke,fake_sherbrooke,1,1024,1234,1234,4,9,25,8,127,63,147,22,0,147,,,0.7455563250005071,0.7881181110024045,session-2,3,3,raw_repetition,ok,
qaoa_indep_qiskit_4,qaoa,data/quantum_circuits/qaoa_indep_qiskit_4.qasm,9649572da691c86252b1620cba73350902b9ba3cf4dbdb3fb2e3531588da98c4,FakeSherbrooke,fake_sherbrooke,1,1024,1234,1234,4,9,25,8,127,63,147,22,0,147,,,0.6444687240000349,0.6870305100019323,session-2,4,3,raw_repetition,ok,
qaoa_indep_qiskit_5,qaoa,data/quantum_circuits/qaoa_indep_qiskit_5.qasm,f2ce48d725be79c1ea5cbfeb36811261c4e74460588e911c3b2916a9303c1cf5,FakeSherbrooke,fake_sherbrooke,1,1024,1234,1234,5,10,31,10,127,73,205,32,0,205,0.05122993899931316,0.6370882650007843,0.6197941259997606,0.6710240649990737,session-2,0,3,raw_repetition,ok,
qaoa_indep_qiskit_5,qaoa,data/quantum_circuits/qaoa_indep_qiskit_5.qasm,f2ce48d725be79c1ea5cbfeb36811261c4e74460588e911c3b2916a9303c1cf5,FakeSherbrooke,fake_sherbrooke,1,1024,1234,1234,5,10,31,10,127,73,205,32,0,205,,,0.770016807000502,0.8212467459998152,session-2,1,3,raw_repetition,ok,
qaoa_indep_qiskit_5,qaoa,data/quantum_circuits/qaoa_indep_qiskit_5.qasm,f2ce48d725be79c1ea5cbfeb36811261c4e74460588e911c3b2916a9303c1cf5,FakeSherbrooke,fake_sherbrooke,1,1024,1234,1234,5,10,31,10,127,73,205,32,0,205,,,0.6424542459972145,0.6936841849965276,session-2,2,3,raw_repetition,ok,
qaoa_indep_qiskit_5,qaoa,data/quantum_circuits/qaoa_indep_qiskit_5.qasm,f2ce48d725be79c1ea5cbfeb36811261c4e74460588e911c3b2916a9303c1cf5,FakeSherbrooke,fake_sherbrooke,1,1024,1234,1234,5,10,31,10,127,73,205,32,0,205,,,0.7614135849980812,0.8126435239973944,session-2,3,3,raw_repetition,ok,
qaoa_indep_qiskit_5,qaoa,data/quantum_circuits/qaoa_indep_qiskit_5.qasm,f2ce48d725be79c1ea5cbfeb36811261c4e74460588e911c3b2916a9303c1cf5,FakeSherbrooke,fake_sherbrooke,1,1024,1234,1234,5,10,31,10,127,73,205,32,0,205,,,0.615201092998177,0.6664310319974902,session-2,4,3,raw_repetition,ok,
qaoa_indep_qiskit_6,qaoa,data/quantum_circuits/qaoa_indep_qiskit_6.qasm,6a475a20ac3d09839e2b43104ca187037db5ff813b811e0d7356adac93d25244,FakeSherbrooke,fake_sherbrooke,1,1024,1234,1234,6,9,37,12,127,93,251,39,0,251,0.052101818000664935,0.6173480869983905,0.6268413750003674,0.6789431930010323,session-2,0,3,raw_repetition,ok,
qaoa_indep_qiskit_6,qaoa,data/quantum_circuits/qaoa_indep_qiskit_6.qasm,6a475a20ac3d09839e2b43104ca187037db5ff813b811e0d7356adac93d25244,FakeSherbrooke,fake_sherbrooke,1,1024,1234,1234,6,9,37,12,127,93,251,39,0,251,,,0.7545466679985111,0.806648485999176,session-2,1,3,raw_repetition,ok,
qaoa_indep_qiskit_6,qaoa,data/quantum_circuits/qaoa_indep_qiskit_6.qasm,6a475a20ac3d09839e2b43104ca187037db5ff813b811e0d7356adac93d25244,FakeSherbrooke,fake_sherbrooke,1,1024,1234,1234,6,9,37,12,127,93,251,39,0,251,,,0.6291176689992426,0.6812194869999075,session-2,2,3,raw_repetition,ok,
qaoa_indep_qiskit_6,qaoa,data/quantum_circuits/qaoa_indep_qiskit_6.qasm,6a475a20ac3d09839e2b43104ca187037db5ff813b811e0d7356adac93d25244,FakeSherbrooke,fake_sherbrooke,1,1024,1234,1234,6,9,37,12,127,93,251,39,0,251,,,0.6370665239992377,0.6891683419999026,session-2,3,3,raw_repetition,ok,
qaoa_indep_qiskit_6,qaoa,data/quantum_circuits/qaoa_indep_qiskit_6.qasm,6a475a20ac3d09839e2b43104ca187037db5ff813b811e0d7356adac93d25244,FakeSherbrooke,fake_sherbrooke,1,1024,1234,1234,6,9,37,12,127,93,251,39,0,251,,,0.7565044049988501,0.808606222999515,session-2,4,3,raw_repetition,ok,
qaoa_indep_qiskit_7,qaoa,data/quantum_circuits/qaoa_indep_qiskit_7.qasm,8e1c1014680274215f87d97c833f99474ed19b3393b2b8eea20a36bde517708b,FakeSherbrooke,fake_sherbrooke,1,1024,1234,1234,7,10,43,14,127,75,274,40,0,274,0.07697507400007453,0.6661568710005668,0.7672930700027791,0.8442681440028537,session-2,0,3,raw_repetition,ok,
qaoa_indep_qiskit_7,qaoa,data/quantum_circuits/qaoa_indep_qiskit_7.qasm,8e1c1014680274215f87d97c833f99474ed19b3393b2b8eea20a36bde517708b,FakeSherbrooke,fake_sherbrooke,1,1024,1234,1234,7,10,43,14,127,75,274,40,0,274,,,0.6385797119983181,0.7155547859983926,session-2,1,3,raw_repetition,ok,
qaoa_indep_qiskit_7,qaoa,data/quantum_circuits/qaoa_indep_qiskit_7.qasm,8e1c1014680274215f87d97c833f99474ed19b3393b2b8eea20a36bde517708b,FakeSherbrooke,fake_sherbrooke,1,1024,1234,1234,7,10,43,14,127,75,274,40,0,274,,,0.6410692909994395,0.7180443649995141,session-2,2,3,raw_repetition,ok,
qaoa_indep_qiskit_7,qaoa,data/quantum_circuits/qaoa_indep_qiskit_7.qasm,8e1c1014680274215f87d97c833f99474ed19b3393b2b8eea20a36bde517708b,FakeSherbrooke,fake_sherbrooke,1,1024,1234,1234,7,10,43,14,127,75,274,40,0,274,,,0.758883780999895,0.8358588549999695,session-2,3,3,raw_repetition,ok,
qaoa_indep_qiskit_7,qaoa,data/quantum_circuits/qaoa_indep_qiskit_7.qasm,8e1c1014680274215f87d97c833f99474ed19b3393b2b8eea20a36bde517708b,FakeSherbrooke,fake_sherbrooke,1,1024,1234,1234,7,10,43,14,127,75,274,40,0,274,,,0.6511161570015247,0.7280912310015992,session-2,4,3,raw_repetition,ok,
qaoa_indep_qiskit_8,qaoa,data/quantum_circuits/qaoa_indep_qiskit_8.qasm,0a43c652a1c92c83389d952438c22aa0d890a611333da29499d6ff1733925b21,FakeSherbrooke,fake_sherbrooke,1,1024,1234,1234,8,9,49,16,127,69,322,50,0,322,0.06800926199866808,0.7492213759978767,0.7555024079993018,0.8235116699979699,session-2,0,3,raw_repetition,ok,
qaoa_indep_qiskit_8,qaoa,data/quantum_circuits/qaoa_indep_qiskit_8.qasm,0a43c652a1c92c83389d952438c22aa0d890a611333da29499d6ff1733925b21,FakeSherbrooke,fake_sherbrooke,1,1024,1234,1234,8,9,49,16,127,69,322,50,0,322,,,0.6687408600009803,0.7367501219996484,session-2,1,3,raw_repetition,ok,
qaoa_indep_qiskit_8,qaoa,data/quantum_circuits/qaoa_indep_qiskit_8.qasm,0a43c652a1c92c83389d952438c22aa0d890a611333da29499d6ff1733925b21,FakeSherbrooke,fake_sherbrooke,1,1024,1234,1234,8,9,49,16,127,69,322,50,0,322,,,0.6541809369991824,0.7221901989978505,session-2,2,3,raw_repetition,ok,
qaoa_indep_qiskit_8,qaoa,data/quantum_circuits/qaoa_indep_qiskit_8.qasm,0a43c652a1c92c83389d952438c22aa0d890a611333da29499d6ff1733925b21,FakeSherbrooke,fake_sherbrooke,1,1024,1234,1234,8,9,49,16,127,69,322,50,0,322,,,0.7860751210027956,0.8540843830014637,session-2,3,3,raw_repetition,ok,
qaoa_indep_qiskit_8,qaoa,data/quantum_circuits/qaoa_indep_qiskit_8.qasm,0a43c652a1c92c83389d952438c22aa0d890a611333da29499d6ff1733925b21,FakeSherbrooke,fake_sherbrooke,1,1024,1234,1234,8,9,49,16,127,69,322,50,0,322,,,0.6497190179979953,0.7177282799966633,session-2,4,3,raw_repetition,ok,
qaoa_indep_qiskit_9,qaoa,data/quantum_circuits/qaoa_indep_qiskit_9.qasm,a4a7b8b8d556570de9ea2db286aaa4245fa50f4619f25f0f7414b16d503458d8,FakeSherbrooke,fake_sherbrooke,1,1024,1234,1234,9,10,55,18,127,112,438,69,0,438,0.06406876500113867,17.680267052997806,17.60222741600228,17.666296181003418,session-2,0,3,raw_repetition,ok,
qaoa_indep_qiskit_9,qaoa,data/quantum_circuits/qaoa_indep_qiskit_9.qasm,a4a7b8b8d556570de9ea2db286aaa4245fa50f4619f25f0f7414b16d503458d8,FakeSherbrooke,fake_sherbrooke,1,1024,1234,1234,9,10,55,18,127,112,438,69,0,438,,,17.709235220001574,17.773303985002713,session-2,1,3,raw_repetition,ok,
qaoa_indep_qiskit_9,qaoa,data/quantum_circuits/qaoa_indep_qiskit_9.qasm,a4a7b8b8d556570de9ea2db286aaa4245fa50f4619f25f0f7414b16d503458d8,FakeSherbrooke,fake_sherbrooke,1,1024,1234,1234,9,10,55,18,127,112,438,69,0,438,,,17.567545155001426,17.631613920002565,session-2,2,3,raw_repetition,ok,
qaoa_indep_qiskit_9,qaoa,data/quantum_circuits/qaoa_indep_qiskit_9.qasm,a4a7b8b8d556570de9ea2db286aaa4245fa50f4619f25f0f7414b16d503458d8,FakeSherbrooke,fake_sherbrooke,1,1024,1234,1234,9,10,55,18,127,112,438,69,0,438,,,17.48770499300008,17.551773758001218,session-2,3,3,raw_repetition,ok,
qaoa_indep_qiskit_9,qaoa,data/quantum_circuits/qaoa_indep_qiskit_9.qasm,a4a7b8b8d556570de9ea2db286aaa4245fa50f4619f25f0f7414b16d503458d8,FakeSherbrooke,fake_sherbrooke,1,1024,1234,1234,9,10,55,18,127,112,438,69,0,438,,,17.665782456999295,17.729851222000434,session-2,4,3,raw_repetition,ok,
qft_indep_qiskit_2,qft,data/quantum_circuits/qft_indep_qiskit_2.qasm,aa91238ec5978b739b87b3a657746a8786de113397a5abeadf726d1dd9c836b3,FakeSherbrooke,fake_sherbrooke,1,1024,1234,1234,2,5,7,1,127,22,38,5,0,38,0.023416398002154892,0.6171823680015223,0.7228771629997937,0.7462935610019485,session-2,0,3,raw_repetition,ok,
qft_indep_qiskit_2,qft,data/quantum_circuits/qft_indep_qiskit_2.qasm,aa91238ec5978b739b87b3a657746a8786de113397a5abeadf726d1dd9c836b3,FakeSherbrooke,fake_sherbrooke,1,1024,1234,1234,2,5,7,1,127,22,38,5,0,38,,,0.7411475709996012,0.764563969001756,session-2,1,3,raw_repetition,ok,
qft_indep_qiskit_2,qft,data/quantum_circuits/qft_indep_qiskit_2.qasm,aa91238ec5978b739b87b3a657746a8786de113397a5abeadf726d1dd9c836b3,FakeSherbrooke,fake_sherbrooke,1,1024,1234,1234,2,5,7,1,127,22,38,5,0,38,,,0.6219663110023248,0.6453827090044797,session-2,2,3,raw_repetition,ok,
qft_indep_qiskit_2,qft,data/quantum_circuits/qft_indep_qiskit_2.qasm,aa91238ec5978b739b87b3a657746a8786de113397a5abeadf726d1dd9c836b3,FakeSherbrooke,fake_sherbrooke,1,1024,1234,1234,2,5,7,1,127,22,38,5,0,38,,,0.6140217129977827,0.6374381109999376,session-2,3,3,raw_repetition,ok,
qft_indep_qiskit_2,qft,data/quantum_circuits/qft_indep_qiskit_2.qasm,aa91238ec5978b739b87b3a657746a8786de113397a5abeadf726d1dd9c836b3,FakeSherbrooke,fake_sherbrooke,1,1024,1234,1234,2,5,7,1,127,22,38,5,0,38,,,0.7367333340007463,0.7601497320029011,session-2,4,3,raw_repetition,ok,
qft_indep_qiskit_3,qft,data/quantum_circuits/qft_indep_qiskit_3.qasm,7f613ccae98ac8124d086ee9a39d94b1ed019520da8c3277395b109fd22d7d4d,FakeSherbrooke,fake_sherbrooke,1,1024,1234,1234,3,7,11,1,127,55,90,12,0,90,0.03495913400183781,0.6240019679971738,0.7423132910007553,0.7772724250025931,session-2,0,3,raw_repetition,ok,
qft_indep_qiskit_3,qft,data/quantum_circuits/qft_indep_qiskit_3.qasm,7f613ccae98ac8124d086ee9a39d94b1ed019520da8c3277395b109fd22d7d4d,FakeSherbrooke,fake_sherbrooke,1,1024,1234,1234,3,7,11,1,127,55,90,12,0,90,,,0.6210932149988366,0.6560523490006744,session-2,1,3,raw_repetition,ok,
qft_indep_qiskit_3,qft,data/quantum_circuits/qft_indep_qiskit_3.qasm,7f613ccae98ac8124d086ee9a39d94b1ed019520da8c3277395b109fd22d7d4d,FakeSherbrooke,fake_sherbrooke,1,1024,1234,1234,3,7,11,1,127,55,90,12,0,90,,,0.745253015000344,0.7802121490021818,session-2,2,3,raw_repetition,ok,
qft_indep_qiskit_3,qft,data/quantum_circuits/qft_indep_qiskit_3.qasm,7f613ccae98ac8124d086ee9a39d94b1ed019520da8c3277395b109fd22d7d4d,FakeSherbrooke,fake_sherbrooke,1,1024,1234,1234,3,7,11,1,127,55,90,12,0,90,,,0.638093072000629,0.6730522060024668,session-2,3,3,raw_repetition,ok,
qft_indep_qiskit_3,qft,data/quantum_circuits/qft_indep_qiskit_3.qasm,7f613ccae98ac8124d086ee9a39d94b1ed019520da8c3277395b109fd22d7d4d,FakeSherbrooke,fake_sherbrooke,1,1024,1234,1234,3,7,11,1,127,55,90,12,0,90,,,0.6213004880009976,0.6562596220028354,session-2,4,3,raw_repetition,ok,
qft_indep_qiskit_4,qft,data/quantum_circuits/qft_indep_qiskit_4.qasm,ea84355871fa77560419766f8000de4dcb0eea29468bcb0d89a1c84edff34f61,FakeSherbrooke,fake_sherbrooke,1,1024,1234,1234,4,9,17,2,127,98,184,27,0,184,0.04360137000185205,0.7314152809994994,0.619602617000055,0.6632039870019071,session-2,0,3,raw_repetition,ok,
qft_indep_qiskit_4,qft,data/quantum_circuits/qft_indep_qiskit_4.qasm,ea84355871fa77560419766f8000de4dcb0eea29468bcb0d89a1c84edff34f61,FakeSherbrooke,fake_sherbrooke,1,1024,1234,1234,4,9,17,2,127,98,184,27,0,184,,,0.6202053929991962,0.6638067630010482,session-2,1,3,raw_repetition,ok,
qft_indep_qiskit_4,qft,data/quantum_circuits/qft_indep_qiskit_4.qasm,ea84355871fa77560419766f8000de4dcb0eea29468bcb0d89a1c84edff34f61,FakeSherbrooke,fake_sherbrooke,1,1024,1234,1234,4,9,17,2,127,98,184,27,0,184,,,0.742785130001721,0.786386500003573,session-2,2,3,raw_repetition,ok,
qft_indep_qiskit_4,qft,data/quantum_circuits/qft_indep_qiskit_4.qasm,ea84355871fa77560419766f8000de4dcb0eea29468bcb0d89a1c84edff34f61,FakeSherbrooke,fake_sherbrooke,1,1024,1234,1234,4,9,17,2,127,98,184,27,0,184,,,0.626182025000162,0.669783395002014,session-2,3,3,raw_repetition,ok,
qft_indep_qiskit_4,qft,data/quantum_circuits/qft_indep_qiskit_4.qasm,ea84355871fa77560419766f8000de4dcb0eea29468bcb0d89a1c84edff34f61,FakeSherbrooke,fake_sherbrooke,1,1024,1234,1234,4,9,17,2,127,98,184,27,0,184,,,0.6153261620020203,0.6589275320038723,session-2,4,3,raw_repetition,ok,
qft_indep_qiskit_5,qft,data/quantum_circuits/qft_indep_qiskit_5.qasm,0285fd21a0dd1ca29cd386de85a1a8af49cc7d71f5c86f6451b55a11c68864a8,FakeSherbrooke,fake_sherbrooke,1,1024,1234,1234,5,11,23,2,127,145,284,41,0,284,0.055732109998643864,0.7409646250016522,0.7362535730026138,0.7919856830012577,session-2,0,3,raw_repetition,ok,
qft_indep_qiskit_5,qft,data/quantum_circuits/qft_indep_qiskit_5.qasm,0285fd21a0dd1ca29cd386de85a1a8af49cc7d71f5c86f6451b55a11c68864a8,FakeSherbrooke,fake_sherbrooke,1,1024,1234,1234,5,11,23,2,127,145,284,41,0,284,,,0.6318961399992986,0.6876282499979425,session-2,1,3,raw_repetition,ok,
qft_indep_qiskit_5,qft,data/quantum_circuits/qft_indep_qiskit_5.qasm,0285fd21a0dd1ca29cd386de85a1a8af49cc7d71f5c86f6451b55a11c68864a8,FakeSherbrooke,fake_sherbrooke,1,1024,1234,1234,5,11,23,2,127,145,284,41,0,284,,,0.7615104710021114,0.8172425810007553,session-2,2,3,raw_repetition,ok,
qft_indep_qiskit_5,qft,data/quantum_circuits/qft_indep_qiskit_5.qasm,0285fd21a0dd1ca29cd386de85a1a8af49cc7d71f5c86f6451b55a11c68864a8,FakeSherbrooke,fake_sherbrooke,1,1024,1234,1234,5,11,23,2,127,145,284,41,0,284,,,0.7561159830001998,0.8118480929988436,session-2,3,3,raw_repetition,ok,
qft_indep_qiskit_5,qft,data/quantum_circuits/qft_indep_qiskit_5.qasm,0285fd21a0dd1ca29cd386de85a1a8af49cc7d71f5c86f6451b55a11c68864a8,FakeSherbrooke,fake_sherbrooke,1,1024,1234,1234,5,11,23,2,127,145,284,41,0,284,,,0.6475516789978428,0.7032837889964867,session-2,4,3,raw_repetition,ok,
qft_indep_qiskit_6,qft,data/quantum_circuits/qft_indep_qiskit_6.qasm,cbe1ca5505b485bd87b2e68f2b38ecae377e29f823c30e4c44d3f5f87d4266f7,FakeSherbrooke,fake_sherbrooke,1,1024,1234,1234,6,13,31,3,127,185,436,69,0,436,0.056386869000562,0.6496008150024863,0.6554366650016163,0.7118235340021783,session-2,0,3,raw_repetition,ok,
qft_indep_qiskit_6,qft,data/quantum_circuits/qft_indep_qiskit_6.qasm,cbe1ca5505b485bd87b2e68f2b38ecae377e29f823c30e4c44d3f5f87d4266f7,FakeSherbrooke,fake_sherbrooke,1,1024,1234,1234,6,13,31,3,127,185,436,69,0,436,,,0.7903603630002181,0.8467472320007801,session-2,1,3,raw_repetition,ok,
qft_indep_qiskit_6,qft,data/quantum_circuits/qft_indep_qiskit_6.qasm,cbe1ca5505b485bd87b2e68f2b38ecae377e29f823c30e4c44d3f5f87d4266f7,FakeSherbrooke,fake_sherbrooke,1,1024,1234,1234,6,13,31,3,127,185,436,69,0,436,,,0.646095863001392,0.702482732001954,session-2,2,3,raw_repetition,ok,
qft_indep_qiskit_6,qft,data/quantum_circuits/qft_indep_qiskit_6.qasm,cbe1ca5505b485bd87b2e68f2b38ecae377e29f823c30e4c44d3f5f87d4266f7,FakeSherbrooke,fake_sherbrooke,1,1024,1234,1234,6,13,31,3,127,185,436,69,0,436,,,0.6498202319999109,0.7062071010004729,session-2,3,3,raw_repetition,ok,
qft_indep_qiskit_6,qft,data/quantum_circuits/qft_indep_qiskit_6.qasm,cbe1ca5505b485bd87b2e68f2b38ecae377e29f823c30e4c44d3f5f87d4266f7,FakeSherbrooke,fake_sherbrooke,1,1024,1234,1234,6,13,31,3,127,185,436,69,0,436,,,0.7690834429995448,0.8254703120001068,session-2,4,3,raw_repetition,ok,
qft_indep_qiskit_7,qft,data/quantum_circuits/qft_indep_qiskit_7.qasm,01de4bb89da48a3fc09c31d41d509c1446c6a4a3b329612c5baf0d39c56a922e,FakeSherbrooke,fake_sherbrooke,1,1024,1234,1234,7,15,39,3,127,291,620,99,0,620,0.07338196400087327,0.6899630500010971,0.8001825760002248,0.8735645400010981,session-2,0,3,raw_repetition,ok,
qft_indep_qiskit_7,qft,data/quantum_circuits/qft_indep_qiskit_7.qasm,01de4bb89da48a3fc09c31d41d509c1446c6a4a3b329612c5baf0d39c56a922e,FakeSherbrooke,fake_sherbrooke,1,1024,1234,1234,7,15,39,3,127,291,620,99,0,620,,,0.6848869749992446,0.7582689390001178,session-2,1,3,raw_repetition,ok,
qft_indep_qiskit_7,qft,data/quantum_circuits/qft_indep_qiskit_7.qasm,01de4bb89da48a3fc09c31d41d509c1446c6a4a3b329612c5baf0d39c56a922e,FakeSherbrooke,fake_sherbrooke,1,1024,1234,1234,7,15,39,3,127,291,620,99,0,620,,,0.6780493650003336,0.7514313290012069,session-2,2,3,raw_repetition,ok,
qft_indep_qiskit_7,qft,data/quantum_circuits/qft_indep_qiskit_7.qasm,01de4bb89da48a3fc09c31d41d509c1446c6a4a3b329612c5baf0d39c56a922e,FakeSherbrooke,fake_sherbrooke,1,1024,1234,1234,7,15,39,3,127,291,620,99,0,620,,,0.7796797680020973,0.8530617320029705,session-2,3,3,raw_repetition,ok,
qft_indep_qiskit_7,qft,data/quantum_circuits/qft_indep_qiskit_7.qasm,01de4bb89da48a3fc09c31d41d509c1446c6a4a3b329612c5baf0d39c56a922e,FakeSherbrooke,fake_sherbrooke,1,1024,1234,1234,7,15,39,3,127,291,620,99,0,620,,,0.666057381000428,0.7394393450013013,session-2,4,3,raw_repetition,ok,
qft_indep_qiskit_8,qft,data/quantum_circuits/qft_indep_qiskit_8.qasm,e4664972befc3ffed396f3842bf910be22c2fbe7f293d3c295b971dfe094d398,FakeSherbrooke,fake_sherbrooke,1,1024,1234,1234,8,17,49,4,127,349,864,140,0,864,0.08221785999921849,0.7825766890018713,0.7982490879985562,0.8804669479977747,session-2,0,3,raw_repetition,ok,
qft_indep_qiskit_8,qft,data/quantum_circuits/qft_indep_qiskit_8.qasm,e4664972befc3ffed396f3842bf910be22c2fbe7f293d3c295b971dfe094d398,FakeSherbrooke,fake_sherbrooke,1,1024,1234,1234,8,17,49,4,127,349,864,140,0,864,,,0.6876082300004782,0.7698260899996967,session-2,1,3,raw_repetition,ok,
qft_indep_qiskit_8,qft,data/quantum_circuits/qft_indep_qiskit_8.qasm,e4664972befc3ffed396f3842bf910be22c2fbe7f293d3c295b971dfe094d398,FakeSherbrooke,fake_sherbrooke,1,1024,1234,1234,8,17,49,4,127,349,864,140,0,864,,,0.6820649910005159,0.7642828509997344,session-2,2,3,raw_repetition,ok,
qft_indep_qiskit_8,qft,data/quantum_circuits/qft_indep_qiskit_8.qasm,e4664972befc3ffed396f3842bf910be22c2fbe7f293d3c295b971dfe094d398,FakeSherbrooke,fake_sherbrooke,1,1024,1234,1234,8,17,49,4,127,349,864,140,0,864,,,0.8203901339984441,0.9026079939976626,session-2,3,3,raw_repetition,ok,
qft_indep_qiskit_8,qft,data/quantum_circuits/qft_indep_qiskit_8.qasm,e4664972befc3ffed396f3842bf910be22c2fbe7f293d3c295b971dfe094d398,FakeSherbrooke,fake_sherbrooke,1,1024,1234,1234,8,17,49,4,127,349,864,140,0,864,,,0.6719598880008562,0.7541777480000746,session-2,4,3,raw_repetition,ok,
qft_indep_qiskit_9,qft,data/quantum_circuits/qft_indep_qiskit_9.qasm,e0c3acec67c0fb535add575a46e01889b30ec7970005214fd2188b94ae3a55a5,FakeSherbrooke,fake_sherbrooke,1,1024,1234,1234,9,19,59,4,127,456,1138,189,0,1138,0.09832922699933988,0.7869344999999157,0.7909492459984904,0.8892784729978302,session-2,0,3,raw_repetition,ok,
qft_indep_qiskit_9,qft,data/quantum_circuits/qft_indep_qiskit_9.qasm,e0c3acec67c0fb535add575a46e01889b30ec7970005214fd2188b94ae3a55a5,FakeSherbrooke,fake_sherbrooke,1,1024,1234,1234,9,19,59,4,127,456,1138,189,0,1138,,,0.9093936999997823,1.0077229269991221,session-2,1,3,raw_repetition,ok,
qft_indep_qiskit_9,qft,data/quantum_circuits/qft_indep_qiskit_9.qasm,e0c3acec67c0fb535add575a46e01889b30ec7970005214fd2188b94ae3a55a5,FakeSherbrooke,fake_sherbrooke,1,1024,1234,1234,9,19,59,4,127,456,1138,189,0,1138,,,0.7849284740004805,0.8832577009998204,session-2,2,3,raw_repetition,ok,
qft_indep_qiskit_9,qft,data/quantum_circuits/qft_indep_qiskit_9.qasm,e0c3acec67c0fb535add575a46e01889b30ec7970005214fd2188b94ae3a55a5,FakeSherbrooke,fake_sherbrooke,1,1024,1234,1234,9,19,59,4,127,456,1138,189,0,1138,,,0.7745313630002784,0.8728605899996182,session-2,3,3,raw_repetition,ok,
qft_indep_qiskit_9,qft,data/quantum_circuits/qft_indep_qiskit_9.qasm,e0c3acec67c0fb535add575a46e01889b30ec7970005214fd2188b94ae3a55a5,FakeSherbrooke,fake_sherbrooke,1,1024,1234,1234,9,19,59,4,127,456,1138,189,0,1138,,,0.9105784630010021,1.008907690000342,session-2,4,3,raw_repetition,ok,
qftentangled_indep_qiskit_2,qftentangled,data/quantum_circuits/qftentangled_indep_qiskit_2.qasm,02d66e8b66849fdd0f0581b84924adbd1bd2d7603e25e5e9faa447ac2a6708d0,FakeSherbrooke,fake_sherbrooke,1,1024,1234,1234,2,7,9,2,127,26,44,6,0,44,0.02643373600221821,0.6198971300000267,0.6217130900004122,0.6481468260026304,session-2,0,3,raw_repetition,ok,
qftentangled_indep_qiskit_2,qftentangled,data/quantum_circuits/qftentangled_indep_qiskit_2.qasm,02d66e8b66849fdd0f0581b84924adbd1bd2d7603e25e5e9faa447ac2a6708d0,FakeSherbrooke,fake_sherbrooke,1,1024,1234,1234,2,7,9,2,127,26,44,6,0,44,,,0.7447768450001604,0.7712105810023786,session-2,1,3,raw_repetition,ok,
qftentangled_indep_qiskit_2,qftentangled,data/quantum_circuits/qftentangled_indep_qiskit_2.qasm,02d66e8b66849fdd0f0581b84924adbd1bd2d7603e25e5e9faa447ac2a6708d0,FakeSherbrooke,fake_sherbrooke,1,1024,1234,1234,2,7,9,2,127,26,44,6,0,44,,,0.6054002390010282,0.6318339750032465,session-2,2,3,raw_repetition,ok,
qftentangled_indep_qiskit_2,qftentangled,data/quantum_circuits/qftentangled_indep_qiskit_2.qasm,02d66e8b66849fdd0f0581b84924adbd1bd2d7603e25e5e9faa447ac2a6708d0,FakeSherbrooke,fake_sherbrooke,1,1024,1234,1234,2,7,9,2,127,26,44,6,0,44,,,0.7202281540012336,0.7466618900034518,session-2,3,3,raw_repetition,ok,
qftentangled_indep_qiskit_2,qftentangled,data/quantum_circuits/qftentangled_indep_qiskit_2.qasm,02d66e8b66849fdd0f0581b84924adbd1bd2d7603e25e5e9faa447ac2a6708d0,FakeSherbrooke,fake_sherbrooke,1,1024,1234,1234,2,7,9,2,127,26,44,6,0,44,,,0.7450566240004264,0.7714903600026446,session-2,4,3,raw_repetition,ok,
qftentangled_indep_qiskit_3,qftentangled,data/quantum_circuits/qftentangled_indep_qiskit_3.qasm,5ab4253ed51b729f331c9f3cc78bfecd3ecb2fed2e98818816bf3f64e22f1bfe,FakeSherbrooke,fake_sherbrooke,1,1024,1234,1234,3,9,14,3,127,56,93,14,0,93,0.0364160310018633,0.6185068120030337,0.7784570190015074,0.8148730500033707,session-2,0,3,raw_repetition,ok,
qftentangled_indep_qiskit_3,qftentangled,data/quantum_circuits/qftentangled_indep_qiskit_3.qasm,5ab4253ed51b729f331c9f3cc78bfecd3ecb2fed2e98818816bf3f64e22f1bfe,FakeSherbrooke,fake_sherbrooke,1,1024,1234,1234,3,9,14,3,127,56,93,14,0,93,,,0.6444402400011313,0.6808562710029946,session-2,1,3,raw_repetition,ok,
qftentangled_indep_qiskit_3,qftentangled,data/quantum_circuits/qftentangled_indep_qiskit_3.qasm,5ab4253ed51b729f331c9f3cc78bfecd3ecb2fed2e98818816bf3f64e22f1bfe,FakeSherbrooke,fake_sherbrooke,1,1024,1234,1234,3,9,14,3,127,56,93,14,0,93,,,0.6331966529978672,0.6696126839997305,session-2,2,3,raw_repetition,ok,
qftentangled_indep_qiskit_3,qftentangled,data/quantum_circuits/qftentangled_indep_qiskit_3.qasm,5ab4253ed51b729f331c9f3cc78bfecd3ecb2fed2e98818816bf3f64e22f1bfe,FakeSherbrooke,fake_sherbrooke,1,1024,1234,1234,3,9,14,3,127,56,93,14,0,93,,,0.7758525900026143,0.8122686210044776,session-2,3,3,raw_repetition,ok,
qftentangled_indep_qiskit_3,qftentangled,data/quantum_circuits/qftentangled_indep_qiskit_3.qasm,5ab4253ed51b729f331c9f3cc78bfecd3ecb2fed2e98818816bf3f64e22f1bfe,FakeSherbrooke,fake_sherbrooke,1,1024,1234,1234,3,9,14,3,127,56,93,14,0,93,,,0.6231383199992706,0.6595543510011339,session-2,4,3,raw_repetition,ok,
qftentangled_indep_qiskit_4,qftentangled,data/quantum_circuits/qftentangled_indep_qiskit_4.qasm,d7a22ac29418bcf9f00346732fe1b985f8e0b9df60273404dabbf4a62027715f,FakeSherbrooke,fake_sherbrooke,1,1024,1234,1234,4,11,21,5,127,113,193,30,0,193,0.049694437002472114,0.7710930399989593,0.612304549998953,0.6619989870014251,session-2,0,3,raw_repetition,ok,
qftentangled_indep_qiskit_4,qftentangled,data/quantum_circuits/qftentangled_indep_qiskit_4.qasm,d7a22ac29418bcf9f00346732fe1b985f8e0b9df60273404dabbf4a62027715f,FakeSherbrooke,fake_sherbrooke,1,1024,1234,1234,4,11,21,5,127,113,193,30,0,193,,,0.7295165360010287,0.7792109730035008,session-2,1,3,raw_repetition,ok,
qftentangled_indep_qiskit_4,qftentangled,data/quantum_circuits/qftentangled_indep_qiskit_4.qasm,d7a22ac29418bcf9f00346732fe1b985f8e0b9df60273404dabbf4a62027715f,FakeSherbrooke,fake_sherbrooke,1,1024,1234,1234,4,11,21,5,127,113,193,30,0,193,,,0.614313010002661,0.6640074470051331,session-2,2,3,raw_repetition,ok,
qftentangled_indep_qiskit_4,qftentangled,data/quantum_circuits/qftentangled_indep_qiskit_4.qasm,d7a22ac29418bcf9f00346732fe1b985f8e0b9df60273404dabbf4a62027715f,FakeSherbrooke,fake_sherbrooke,1,1024,1234,1234,4,11,21,5,127,113,193,30,0,193,,,0.7291784749977523,0.7788729120002245,session-2,3,3,raw_repetition,ok,
qftentangled_indep_qiskit_4,qftentangled,data/quantum_circuits/qftentangled_indep_qiskit_4.qasm,d7a22ac29418bcf9f00346732fe1b985f8e0b9df60273404dabbf4a62027715f,FakeSherbrooke,fake_sherbrooke,1,1024,1234,1234,4,11,21,5,127,113,193,30,0,193,,,0.6128672519989777,0.6625616890014498,session-2,4,3,raw_repetition,ok,
qftentangled_indep_qiskit_5,qftentangled,data/quantum_circuits/qftentangled_indep_qiskit_5.qasm,4ee5846eef239e2b0e0d3f950f78b5b4b8af213f0063eb50be6bf50bdbb4385d,FakeSherbrooke,fake_sherbrooke,1,1024,1234,1234,5,13,28,6,127,177,322,51,0,322,0.04952805999710108,0.7245913840015419,0.7656763740014867,0.8152044339985878,session-2,0,3,raw_repetition,ok,
qftentangled_indep_qiskit_5,qftentangled,data/quantum_circuits/qftentangled_indep_qiskit_5.qasm,4ee5846eef239e2b0e0d3f950f78b5b4b8af213f0063eb50be6bf50bdbb4385d,FakeSherbrooke,fake_sherbrooke,1,1024,1234,1234,5,13,28,6,127,177,322,51,0,322,,,0.6315896099986276,0.6811176699957286,session-2,1,3,raw_repetition,ok,
qftentangled_indep_qiskit_5,qftentangled,data/quantum_circuits/qftentangled_indep_qiskit_5.qasm,4ee5846eef239e2b0e0d3f950f78b5b4b8af213f0063eb50be6bf50bdbb4385d,FakeSherbrooke,fake_sherbrooke,1,1024,1234,1234,5,13,28,6,127,177,322,51,0,322,,,0.7750121239987493,0.8245401839958504,session-2,2,3,raw_repetition,ok,
qftentangled_indep_qiskit_5,qftentangled,data/quantum_circuits/qftentangled_indep_qiskit_5.qasm,4ee5846eef239e2b0e0d3f950f78b5b4b8af213f0063eb50be6bf50bdbb4385d,FakeSherbrooke,fake_sherbrooke,1,1024,1234,1234,5,13,28,6,127,177,322,51,0,322,,,0.6298220329990727,0.6793500929961738,session-2,3,3,raw_repetition,ok,
qftentangled_indep_qiskit_5,qftentangled,data/quantum_circuits/qftentangled_indep_qiskit_5.qasm,4ee5846eef239e2b0e0d3f950f78b5b4b8af213f0063eb50be6bf50bdbb4385d,FakeSherbrooke,fake_sherbrooke,1,1024,1234,1234,5,13,28,6,127,177,322,51,0,322,,,0.6198942699993495,0.6694223299964506,session-2,4,3,raw_repetition,ok,
qftentangled_indep_qiskit_6,qftentangled,data/quantum_circuits/qftentangled_indep_qiskit_6.qasm,7c8832728feaaf34fac1fda49dfcbfbf655902b5b4eb3f1b11e43f21d15de5bf,FakeSherbrooke,fake_sherbrooke,1,1024,1234,1234,6,15,37,8,127,218,491,80,0,491,0.06941112999993493,0.776271758000803,0.6358754450011475,0.7052865750010824,session-2,0,3,raw_repetition,ok,
qftentangled_indep_qiskit_6,qftentangled,data/quantum_circuits/qftentangled_indep_qiskit_6.qasm,7c8832728feaaf34fac1fda49dfcbfbf655902b5b4eb3f1b11e43f21d15de5bf,FakeSherbrooke,fake_sherbrooke,1,1024,1234,1234,6,15,37,8,127,218,491,80,0,491,,,0.7671280419999675,0.8365391719999025,session-2,1,3,raw_repetition,ok,
qftentangled_indep_qiskit_6,qftentangled,data/quantum_circuits/qftentangled_indep_qiskit_6.qasm,7c8832728feaaf34fac1fda49dfcbfbf655902b5b4eb3f1b11e43f21d15de5bf,FakeSherbrooke,fake_sherbrooke,1,1024,1234,1234,6,15,37,8,127,218,491,80,0,491,,,0.6419356309997966,0.7113467609997315,session-2,2,3,raw_repetition,ok,
qftentangled_indep_qiskit_6,qftentangled,data/quantum_circuits/qftentangled_indep_qiskit_6.qasm,7c8832728feaaf34fac1fda49dfcbfbf655902b5b4eb3f1b11e43f21d15de5bf,FakeSherbrooke,fake_sherbrooke,1,1024,1234,1234,6,15,37,8,127,218,491,80,0,491,,,0.7731008270020538,0.8425119570019888,session-2,3,3,raw_repetition,ok,
qftentangled_indep_qiskit_6,qftentangled,data/quantum_circuits/qftentangled_indep_qiskit_6.qasm,7c8832728feaaf34fac1fda49dfcbfbf655902b5b4eb3f1b11e43f21d15de5bf,FakeSherbrooke,fake_sherbrooke,1,1024,1234,1234,6,15,37,8,127,218,491,80,0,491,,,0.6506360040002619,0.7200471340001968,session-2,4,3,raw_repetition,ok,
qftentangled_indep_qiskit_7,qftentangled,data/quantum_circuits/qftentangled_indep_qiskit_7.qasm,f0e0170b510412a7e964e82f14793115a9e53a1b250283a74abd893a45b5f20e,FakeSherbrooke,fake_sherbrooke,1,1024,1234,1234,7,17,46,9,127,282,746,123,0,746,0.2037842259996978,0.7030950299995311,0.8253751109987206,1.0291593369984184,session-2,0,3,raw_repetition,ok,
qftentangled_indep_qiskit_7,qftentangled,data/quantum_circuits/qftentangled_indep_qiskit_7.qasm,f0e0170b510412a7e964e82f14793115a9e53a1b250283a74abd893a45b5f20e,FakeSherbrooke,fake_sherbrooke,1,1024,1234,1234,7,17,46,9,127,282,746,123,0,746,,,0.691889853002067,0.8956740790017648,session-2,1,3,raw_repetition,ok,
qftentangled_indep_qiskit_7,qftentangled,data/quantum_circuits/qftentangled_indep_qiskit_7.qasm,f0e0170b510412a7e964e82f14793115a9e53a1b250283a74abd893a45b5f20e,FakeSherbrooke,fake_sherbrooke,1,1024,1234,1234,7,17,46,9,127,282,746,123,0,746,,,0.7984027060010703,1.0021869320007681,session-2,2,3,raw_repetition,ok,
qftentangled_indep_qiskit_7,qftentangled,data/quantum_circuits/qftentangled_indep_qiskit_7.qasm,f0e0170b510412a7e964e82f14793115a9e53a1b250283a74abd893a45b5f20e,FakeSherbrooke,fake_sherbrooke,1,1024,1234,1234,7,17,46,9,127,282,746,123,0,746,,,0.68459370599885,0.8883779319985479,session-2,3,3,raw_repetition,ok,
qftentangled_indep_qiskit_7,qftentangled,data/quantum_circuits/qftentangled_indep_qiskit_7.qasm,f0e0170b510412a7e964e82f14793115a9e53a1b250283a74abd893a45b5f20e,FakeSherbrooke,fake_sherbrooke,1,1024,1234,1234,7,17,46,9,127,282,746,123,0,746,,,0.7955734110000776,0.9993576369997754,session-2,4,3,raw_repetition,ok,
qftentangled_indep_qiskit_8,qftentangled,data/quantum_circuits/qftentangled_indep_qiskit_8.qasm,8711737782301f568af1980707e62c989655488357aa858d6c63bb8e206ae4fc,FakeSherbrooke,fake_sherbrooke,1,1024,1234,1234,8,19,57,11,127,381,1042,177,0,1042,0.09290759799841908,0.8011169700002938,0.6695459570000821,0.7624535549985012,session-2,0,3,raw_repetition,ok,
qftentangled_indep_qiskit_8,qftentangled,data/quantum_circuits/qftentangled_indep_qiskit_8.qasm,8711737782301f568af1980707e62c989655488357aa858d6c63bb8e206ae4fc,FakeSherbrooke,fake_sherbrooke,1,1024,1234,1234,8,19,57,11,127,381,1042,177,0,1042,,,0.799731797997083,0.8926393959955021,session-2,1,3,raw_repetition,ok,
qftentangled_indep_qiskit_8,qftentangled,data/quantum_circuits/qftentangled_indep_qiskit_8.qasm,8711737782301f568af1980707e62c989655488357aa858d6c63bb8e206ae4fc,FakeSherbrooke,fake_sherbrooke,1,1024,1234,1234,8,19,57,11,127,381,1042,177,0,1042,,,0.6800704039997072,0.7729780019981263,session-2,2,3,raw_repetition,ok,
qftentangled_indep_qiskit_8,qftentangled,data/quantum_circuits/qftentangled_indep_qiskit_8.qasm,8711737782301f568af1980707e62c989655488357aa858d6c63bb8e206ae4fc,FakeSherbrooke,fake_sherbrooke,1,1024,1234,1234,8,19,57,11,127,381,1042,177,0,1042,,,0.6729673509980785,0.7658749489964976,session-2,3,3,raw_repetition,ok,
qftentangled_indep_qiskit_8,qftentangled,data/quantum_circuits/qftentangled_indep_qiskit_8.qasm,8711737782301f568af1980707e62c989655488357aa858d6c63bb8e206ae4fc,FakeSherbrooke,fake_sherbrooke,1,1024,1234,1234,8,19,57,11,127,381,1042,177,0,1042,,,0.7915509899976314,0.8844585879960505,session-2,4,3,raw_repetition,ok,
qftentangled_indep_qiskit_9,qftentangled,data/quantum_circuits/qftentangled_indep_qiskit_9.qasm,fea8eb37e38bc24d3352d9446471b5cf8f6b8af6ae4c0f931d5942564936274c,FakeSherbrooke,fake_sherbrooke,1,1024,1234,1234,9,21,68,12,127,445,1256,215,0,1256,0.10985602399887284,0.8069188070003293,0.8183580609984347,0.9282140849973075,session-2,0,3,raw_repetition,ok,
qftentangled_indep_qiskit_9,qftentangled,data/quantum_circuits/qftentangled_indep_qiskit_9.qasm,fea8eb37e38bc24d3352d9446471b5cf8f6b8af6ae4c0f931d5942564936274c,FakeSherbrooke,fake_sherbrooke,1,1024,1234,1234,9,21,68,12,127,445,1256,215,0,1256,,,0.8065758209995693,0.9164318449984421,session-2,1,3,raw_repetition,ok,
qftentangled_indep_qiskit_9,qftentangled,data/quantum_circuits/qftentangled_indep_qiskit_9.qasm,fea8eb37e38bc24d3352d9446471b5cf8f6b8af6ae4c0f931d5942564936274c,FakeSherbrooke,fake_sherbrooke,1,1024,1234,1234,9,21,68,12,127,445,1256,215,0,1256,,,0.9536497500012047,1.0635057740000775,session-2,2,3,raw_repetition,ok,
qftentangled_indep_qiskit_9,qftentangled,data/quantum_circuits/qftentangled_indep_qiskit_9.qasm,fea8eb37e38bc24d3352d9446471b5cf8f6b8af6ae4c0f931d5942564936274c,FakeSherbrooke,fake_sherbrooke,1,1024,1234,1234,9,21,68,12,127,445,1256,215,0,1256,,,0.8116922409972176,0.9215482649960904,session-2,3,3,raw_repetition,ok,
qftentangled_indep_qiskit_9,qftentangled,data/quantum_circuits/qftentangled_indep_qiskit_9.qasm,fea8eb37e38bc24d3352d9446471b5cf8f6b8af6ae4c0f931d5942564936274c,FakeSherbrooke,fake_sherbrooke,1,1024,1234,1234,9,21,68,12,127,445,1256,215,0,1256,,,0.8048136189972865,0.9146696429961594,session-2,4,3,raw_repetition,ok,
qnn_indep_qiskit_2,qnn,data/quantum_circuits/qnn_indep_qiskit_2.qasm,3c0ed99f7e5a0409bdadc636b8b7a5dd911304ccbe2e87b32589b91dd44a6a5a,FakeSherbrooke,fake_sherbrooke,1,1024,1234,1234,2,12,18,5,127,30,46,5,0,46,0.026309169999876758,0.7791729450000275,0.6277601570000115,0.6540693269998883,session-2,0,3,raw_repetition,ok,
qnn_indep_qiskit_2,qnn,data/quantum_circuits/qnn_indep_qiskit_2.qasm,3c0ed99f7e5a0409bdadc636b8b7a5dd911304ccbe2e87b32589b91dd44a6a5a,FakeSherbrooke,fake_sherbrooke,1,1024,1234,1234,2,12,18,5,127,30,46,5,0,46,,,0.7681457049984601,0.7944548749983369,session-2,1,3,raw_repetition,ok,
qnn_indep_qiskit_2,qnn,data/quantum_circuits/qnn_indep_qiskit_2.qasm,3c0ed99f7e5a0409bdadc636b8b7a5dd911304ccbe2e87b32589b91dd44a6a5a,FakeSherbrooke,fake_sherbrooke,1,1024,1234,1234,2,12,18,5,127,30,46,5,0,46,,,0.6350200239976402,0.661329193997517,session-2,2,3,raw_repetition,ok,
qnn_indep_qiskit_2,qnn,data/quantum_circuits/qnn_indep_qiskit_2.qasm,3c0ed99f7e5a0409bdadc636b8b7a5dd911304ccbe2e87b32589b91dd44a6a5a,FakeSherbrooke,fake_sherbrooke,1,1024,1234,1234,2,12,18,5,127,30,46,5,0,46,,,0.6322494199994253,0.6585585899993021,session-2,3,3,raw_repetition,ok,
qnn_indep_qiskit_2,qnn,data/quantum_circuits/qnn_indep_qiskit_2.qasm,3c0ed99f7e5a0409bdadc636b8b7a5dd911304ccbe2e87b32589b91dd44a6a5a,FakeSherbrooke,fake_sherbrooke,1,1024,1234,1234,2,12,18,5,127,30,46,5,0,46,,,0.7545787310009473,0.7808879010008241,session-2,4,3,raw_repetition,ok,
qnn_indep_qiskit_3,qnn,data/quantum_circuits/qnn_indep_qiskit_3.qasm,15e80264fdff1398ab38bbd9144f853a3a2317e95163fda15a1e9ec2657beecb,FakeSherbrooke,fake_sherbrooke,1,1024,1234,1234,3,25,36,14,127,94,155,23,0,155,0.0428237119995174,0.6321765190004953,0.6161701879973407,0.6589938999968581,session-2,0,3,raw_repetition,ok,
qnn_indep_qiskit_3,qnn,data/quantum_circuits/qnn_indep_qiskit_3.qasm,15e80264fdff1398ab38bbd9144f853a3a2317e95163fda15a1e9ec2657beecb,FakeSherbrooke,fake_sherbrooke,1,1024,1234,1234,3,25,36,14,127,94,155,23,0,155,,,0.74260625199895,0.7854299639984674,session-2,1,3,raw_repetition,ok,
qnn_indep_qiskit_3,qnn,data/quantum_circuits/qnn_indep_qiskit_3.qasm,15e80264fdff1398ab38bbd9144f853a3a2317e95163fda15a1e9ec2657beecb,FakeSherbrooke,fake_sherbrooke,1,1024,1234,1234,3,25,36,14,127,94,155,23,0,155,,,0.6153214080004545,0.6581451199999719,session-2,2,3,raw_repetition,ok,
qnn_indep_qiskit_3,qnn,data/quantum_circuits/qnn_indep_qiskit_3.qasm,15e80264fdff1398ab38bbd9144f853a3a2317e95163fda15a1e9ec2657beecb,FakeSherbrooke,fake_sherbrooke,1,1024,1234,1234,3,25,36,14,127,94,155,23,0,155,,,0.604403323999577,0.6472270359990944,session-2,3,3,raw_repetition,ok,
qnn_indep_qiskit_3,qnn,data/quantum_circuits/qnn_indep_qiskit_3.qasm,15e80264fdff1398ab38bbd9144f853a3a2317e95163fda15a1e9ec2657beecb,FakeSherbrooke,fake_sherbrooke,1,1024,1234,1234,3,25,36,14,127,94,155,23,0,155,,,0.7315887449985894,0.7744124569981068,session-2,4,3,raw_repetition,ok,
qnn_indep_qiskit_4,qnn,data/quantum_circuits/qnn_indep_qiskit_4.qasm,451bd8177acaca0301a8bb4d61cb192f26dce1f81d8ab04ca0aded562d525c58,FakeSherbrooke,fake_sherbrooke,1,1024,1234,1234,4,35,60,27,127,156,241,39,0,241,0.04618625399962184,0.6132849189998524,0.619273518997943,0.6654597729975649,session-2,0,3,raw_repetition,ok,
qnn_indep_qiskit_4,qnn,data/quantum_circuits/qnn_indep_qiskit_4.qasm,451bd8177acaca0301a8bb4d61cb192f26dce1f81d8ab04ca0aded562d525c58,FakeSherbrooke,fake_sherbrooke,1,1024,1234,1234,4,35,60,27,127,156,241,39,0,241,,,0.7511611179979809,0.7973473719976027,session-2,1,3,raw_repetition,ok,
qnn_indep_qiskit_4,qnn,data/quantum_circuits/qnn_indep_qiskit_4.qasm,451bd8177acaca0301a8bb4d61cb192f26dce1f81d8ab04ca0aded562d525c58,FakeSherbrooke,fake_sherbrooke,1,1024,1234,1234,4,35,60,27,127,156,241,39,0,241,,,0.6224837650006521,0.6686700190002739,session-2,2,3,raw_repetition,ok,
qnn_indep_qiskit_4,qnn,data/quantum_circuits/qnn_indep_qiskit_4.qasm,451bd8177acaca0301a8bb4d61cb192f26dce1f81d8ab04ca0aded562d525c58,FakeSherbrooke,fake_sherbrooke,1,1024,1234,1234,4,35,60,27,127,156,241,39,0,241,,,0.63788751699758,0.6840737709972018,session-2,3,3,raw_repetition,ok,
qnn_indep_qiskit_4,qnn,data/quantum_circuits/qnn_indep_qiskit_4.qasm,451bd8177acaca0301a8bb4d61cb192f26dce1f81d8ab04ca0aded562d525c58,FakeSherbrooke,fake_sherbrooke,1,1024,1234,1234,4,35,60,27,127,156,241,39,0,241,,,0.7567631329984579,0.8029493869980797,session-2,4,3,raw_repetition,ok,
qnn_indep_qiskit_5,qnn,data/quantum_circuits/qnn_indep_qiskit_5.qasm,d506e52d304853cd9e55834d3112505279aa22e89e70aa7c00dfc57caad3c72c,FakeSherbrooke,fake_sherbrooke,1,1024,1234,1234,5,45,90,44,127,280,499,83,0,499,0.06246018399906461,0.6488713979997556,0.6606520610002917,0.7231122449993563,session-2,0,3,raw_repetition,ok,
qnn_indep_qiskit_5,qnn,data/quantum_circuits/qnn_indep_qiskit_5.qasm,d506e52d304853cd9e55834d3112505279aa22e89e70aa7c00dfc57caad3c72c,FakeSherbrooke,fake_sherbrooke,1,1024,1234,1234,5,45,90,44,127,280,499,83,0,499,,,0.6492632359986601,0.7117234199977247,session-2,1,3,raw_repetition,ok,
qnn_indep_qiskit_5,qnn,data/quantum_circuits/qnn_indep_qiskit_5.qasm,d506e52d304853cd9e55834d3112505279aa22e89e70aa7c00dfc57caad3c72c,FakeSherbrooke,fake_sherbrooke,1,1024,1234,1234,5,45,90,44,127,280,499,83,0,499,,,0.7849424920023012,0.8474026760013658,session-2,2,3,raw_repetition,ok,
qnn_indep_qiskit_5,qnn,data/quantum_circuits/qnn_indep_qiskit_5.qasm,d506e52d304853cd9e55834d3112505279aa22e89e70aa7c00dfc57caad3c72c,FakeSherbrooke,fake_sherbrooke,1,1024,1234,1234,5,45,90,44,127,280,499,83,0,499,,,0.6533725400004187,0.7158327239994833,session-2,3,3,raw_repetition,ok,
qnn_indep_qiskit_5,qnn,data/quantum_circuits/qnn_indep_qiskit_5.qasm,d506e52d304853cd9e55834d3112505279aa22e89e70aa7c00dfc57caad3c72c,FakeSherbrooke,fake_sherbrooke,1,1024,1234,1234,5,45,90,44,127,280,499,83,0,499,,,0.6478468950008391,0.7103070789999038,session-2,4,3,raw_repetition,ok,
qnn_indep_qiskit_6,qnn,data/quantum_circuits/qnn_indep_qiskit_6.qasm,720a3cec5f9b39a53aa0d59f0ecc24f42f2948fbe56164a033262c628e2ba875,FakeSherbrooke,fake_sherbrooke,1,1024,1234,1234,6,55,126,65,127,374,797,137,0,797,0.07918531199902645,0.7789385430005495,0.6660928530000092,0.7452781649990357,session-2,0,3,raw_repetition,ok,
qnn_indep_qiskit_6,qnn,data/quantum_circuits/qnn_indep_qiskit_6.qasm,720a3cec5f9b39a53aa0d59f0ecc24f42f2948fbe56164a033262c628e2ba875,FakeSherbrooke,fake_sherbrooke,1,1024,1234,1234,6,55,126,65,127,374,797,137,0,797,,,0.7954792439995799,0.8746645559986064,session-2,1,3,raw_repetition,ok,
qnn_indep_qiskit_6,qnn,data/quantum_circuits/qnn_indep_qiskit_6.qasm,720a3cec5f9b39a53aa0d59f0ecc24f42f2948fbe56164a033262c628e2ba875,FakeSherbrooke,fake_sherbrooke,1,1024,1234,1234,6,55,126,65,127,374,797,137,0,797,,,0.6682750399995712,0.7474603519985976,session-2,2,3,raw_repetition,ok,
qnn_indep_qiskit_6,qnn,data/quantum_circuits/qnn_indep_qiskit_6.qasm,720a3cec5f9b39a53aa0d59f0ecc24f42f2948fbe56164a033262c628e2ba875,FakeSherbrooke,fake_sherbrooke,1,1024,1234,1234,6,55,126,65,127,374,797,137,0,797,,,0.8070510489997105,0.8862363609987369,session-2,3,3,raw_repetition,ok,
qnn_indep_qiskit_6,qnn,data/quantum_circuits/qnn_indep_qiskit_6.qasm,720a3cec5f9b39a53aa0d59f0ecc24f42f2948fbe56164a033262c628e2ba875,FakeSherbrooke,fake_sherbrooke,1,1024,1234,1234,6,55,126,65,127,374,797,137,0,797,,,0.6752852130011888,0.7544705250002153,session-2,4,3,raw_repetition,ok,
qnn_indep_qiskit_7,qnn,data/quantum_circuits/qnn_indep_qiskit_7.qasm,6cf91acdbcfc0321d1ffcee7c2197fec29f2b9dd83e7c3b56dbe8d583332ccdb,FakeSherbrooke,fake_sherbrooke,1,1024,1234,1234,7,65,168,90,127,404,1109,195,0,1109,0.10951257399938186,0.8940301660004479,0.7555709430016577,0.8650835170010396,session-2,0,3,raw_repetition,ok,
qnn_indep_qiskit_7,qnn,data/quantum_circuits/qnn_indep_qiskit_7.qasm,6cf91acdbcfc0321d1ffcee7c2197fec29f2b9dd83e7c3b56dbe8d583332ccdb,FakeSherbrooke,fake_sherbrooke,1,1024,1234,1234,7,65,168,90,127,404,1109,195,0,1109,,,0.8879201250019833,0.9974326990013651,session-2,1,3,raw_repetition,ok,
qnn_indep_qiskit_7,qnn,data/quantum_circuits/qnn_indep_qiskit_7.qasm,6cf91acdbcfc0321d1ffcee7c2197fec29f2b9dd83e7c3b56dbe8d583332ccdb,FakeSherbrooke,fake_sherbrooke,1,1024,1234,1234,7,65,168,90,127,404,1109,195,0,1109,,,0.7633359889987332,0.8728485629981151,session-2,2,3,raw_repetition,ok,
qnn_indep_qiskit_7,qnn,data/quantum_circuits/qnn_indep_qiskit_7.qasm,6cf91acdbcfc0321d1ffcee7c2197fec29f2b9dd83e7c3b56dbe8d583332ccdb,FakeSherbrooke,fake_sherbrooke,1,1024,1234,1234,7,65,168,90,127,404,1109,195,0,1109,,,0.7510040309971373,0.8605166049965192,session-2,3,3,raw_repetition,ok,
qnn_indep_qiskit_7,qnn,data/quantum_circuits/qnn_indep_qiskit_7.qasm,6cf91acdbcfc0321d1ffcee7c2197fec29f2b9dd83e7c3b56dbe8d583332ccdb,FakeSherbrooke,fake_sherbrooke,1,1024,1234,1234,7,65,168,90,127,404,1109,195,0,1109,,,0.8928481909970287,1.0023607649964106,session-2,4,3,raw_repetition,ok,
qnn_indep_qiskit_8,qnn,data/quantum_circuits/qnn_indep_qiskit_8.qasm,f76953672a13f3e92397fe3586ff6557882560261e995147a67b931d701c7fcf,FakeSherbrooke,fake_sherbrooke,1,1024,1234,1234,8,75,216,119,127,486,1513,263,0,1513,0.1355147760004911,0.7144054570017033,0.8439202579975245,0.9794350339980156,session-2,0,3,raw_repetition,ok,
qnn_indep_qiskit_8,qnn,data/quantum_circuits/qnn_indep_qiskit_8.qasm,f76953672a13f3e92397fe3586ff6557882560261e995147a67b931d701c7fcf,FakeSherbrooke,fake_sherbrooke,1,1024,1234,1234,8,75,216,119,127,486,1513,263,0,1513,,,0.7212707379985659,0.856785513999057,session-2,1,3,raw_repetition,ok,
qnn_indep_qiskit_8,qnn,data/quantum_circuits/qnn_indep_qiskit_8.qasm,f76953672a13f3e92397fe3586ff6557882560261e995147a67b931d701c7fcf,FakeSherbrooke,fake_sherbrooke,1,1024,1234,1234,8,75,216,119,127,486,1513,263,0,1513,,,0.8409370539993688,0.9764518299998599,session-2,2,3,raw_repetition,ok,
qnn_indep_qiskit_8,qnn,data/quantum_circuits/qnn_indep_qiskit_8.qasm,f76953672a13f3e92397fe3586ff6557882560261e995147a67b931d701c7fcf,FakeSherbrooke,fake_sherbrooke,1,1024,1234,1234,8,75,216,119,127,486,1513,263,0,1513,,,0.7005683749994205,0.8360831509999116,session-2,3,3,raw_repetition,ok,
qnn_indep_qiskit_8,qnn,data/quantum_circuits/qnn_indep_qiskit_8.qasm,f76953672a13f3e92397fe3586ff6557882560261e995147a67b931d701c7fcf,FakeSherbrooke,fake_sherbrooke,1,1024,1234,1234,8,75,216,119,127,486,1513,263,0,1513,,,0.8272534320021805,0.9627682080026716,session-2,4,3,raw_repetition,ok,
qnn_indep_qiskit_9,qnn,data/quantum_circuits/qnn_indep_qiskit_9.qasm,4df5b36e58378649053c461bf5ee1478fa114ac65c0c14551536b820ce8eafc7,FakeSherbrooke,fake_sherbrooke,1,1024,1234,1234,9,85,270,152,127,671,1902,335,0,1902,0.15093097199860495,0.9043633229994157,1.0279584519994387,1.1788894239980436,session-2,0,3,raw_repetition,ok,
qnn_indep_qiskit_9,qnn,data/quantum_circuits/qnn_indep_qiskit_9.qasm,4df5b36e58378649053c461bf5ee1478fa114ac65c0c14551536b820ce8eafc7,FakeSherbrooke,fake_sherbrooke,1,1024,1234,1234,9,85,270,152,127,671,1902,335,0,1902,,,0.9039357940018817,1.0548667660004867,session-2,1,3,raw_repetition,ok,
qnn_indep_qiskit_9,qnn,data/quantum_circuits/qnn_indep_qiskit_9.qasm,4df5b36e58378649053c461bf5ee1478fa114ac65c0c14551536b820ce8eafc7,FakeSherbrooke,fake_sherbrooke,1,1024,1234,1234,9,85,270,152,127,671,1902,335,0,1902,,,1.032737952999014,1.1836689249976189,session-2,2,3,raw_repetition,ok,
qnn_indep_qiskit_9,qnn,data/quantum_circuits/qnn_indep_qiskit_9.qasm,4df5b36e58378649053c461bf5ee1478fa114ac65c0c14551536b820ce8eafc7,FakeSherbrooke,fake_sherbrooke,1,1024,1234,1234,9,85,270,152,127,671,1902,335,0,1902,,,0.9054570610023802,1.0563880330009852,session-2,3,3,raw_repetition,ok,
qnn_indep_qiskit_9,qnn,data/quantum_circuits/qnn_indep_qiskit_9.qasm,4df5b36e58378649053c461bf5ee1478fa114ac65c0c14551536b820ce8eafc7,FakeSherbrooke,fake_sherbrooke,1,1024,1234,1234,9,85,270,152,127,671,1902,335,0,1902,,,0.9013587820008979,1.0522897539995029,session-2,4,3,raw_repetition,ok,
qpeexact_indep_qiskit_2,qpeexact,data/quantum_circuits/qpeexact_indep_qiskit_2.qasm,0a43a3dbe4a4294a007fa7ec167a24ea300d3762489b98245c2f80ad29727075,FakeSherbrooke,fake_sherbrooke,1,1024,1234,1234,2,4,6,0,127,11,16,2,0,16,0.020080721002159407,0.7272639980001259,0.7428959839999152,0.7629767050020746,session-2,0,3,raw_repetition,ok,
qpeexact_indep_qiskit_2,qpeexact,data/quantum_circuits/qpeexact_indep_qiskit_2.qasm,0a43a3dbe4a4294a007fa7ec167a24ea300d3762489b98245c2f80ad29727075,FakeSherbrooke,fake_sherbrooke,1,1024,1234,1234,2,4,6,0,127,11,16,2,0,16,,,0.6134552790026646,0.633536000004824,session-2,1,3,raw_repetition,ok,
qpeexact_indep_qiskit_2,qpeexact,data/quantum_circuits/qpeexact_indep_qiskit_2.qasm,0a43a3dbe4a4294a007fa7ec167a24ea300d3762489b98245c2f80ad29727075,FakeSherbrooke,fake_sherbrooke,1,1024,1234,1234,2,4,6,0,127,11,16,2,0,16,,,0.6104503389979072,0.6305310600000666,session-2,2,3,raw_repetition,ok,
qpeexact_indep_qiskit_2,qpeexact,data/quantum_circuits/qpeexact_indep_qiskit_2.qasm,0a43a3dbe4a4294a007fa7ec167a24ea300d3762489b98245c2f80ad29727075,FakeSherbrooke,fake_sherbrooke,1,1024,1234,1234,2,4,6,0,127,11,16,2,0,16,,,0.7188868619996356,0.738967583001795,session-2,3,3,raw_repetition,ok,
qpeexact_indep_qiskit_2,qpeexact,data/quantum_circuits/qpeexact_indep_qiskit_2.qasm,0a43a3dbe4a4294a007fa7ec167a24ea300d3762489b98245c2f80ad29727075,FakeSherbrooke,fake_sherbrooke,1,1024,1234,1234,2,4,6,0,127,11,16,2,0,16,,,0.6087368500011507,0.6288175710033101,session-2,4,3,raw_repetition,ok,
qpeexact_indep_qiskit_3,qpeexact,data/quantum_circuits/qpeexact_indep_qiskit_3.qasm,56289d5fdefe63c89244b0849f2e22753ce30832776d74b79de4603006db32f4,FakeSherbrooke,fake_sherbrooke,1,1024,1234,1234,3,7,11,1,127,28,43,7,0,43,0.02974247100064531,0.7605846309998014,0.643585608999274,0.6733280799999193,session-2,0,3,raw_repetition,ok,
qpeexact_indep_qiskit_3,qpeexact,data/quantum_circuits/qpeexact_indep_qiskit_3.qasm,56289d5fdefe63c89244b0849f2e22753ce30832776d74b79de4603006db32f4,FakeSherbrooke,fake_sherbrooke,1,1024,1234,1234,3,7,11,1,127,28,43,7,0,43,,,0.6177983319976192,0.6475408029982646,session-2,1,3,raw_repetition,ok,
qpeexact_indep_qiskit_3,qpeexact,data/quantum_circuits/qpeexact_indep_qiskit_3.qasm,56289d5fdefe63c89244b0849f2e22753ce30832776d74b79de4603006db32f4,FakeSherbrooke,fake_sherbrooke,1,1024,1234,1234,3,7,11,1,127,28,43,7,0,43,,,0.764966867001931,0.7947093380025763,session-2,2,3,raw_repetition,ok,
qpeexact_indep_qiskit_3,qpeexact,data/quantum_circuits/qpeexact_indep_qiskit_3.qasm,56289d5fdefe63c89244b0849f2e22753ce30832776d74b79de4603006db32f4,FakeSherbrooke,fake_sherbrooke,1,1024,1234,1234,3,7,11,1,127,28,43,7,0,43,,,0.6195032080031524,0.6492456790037977,session-2,3,3,raw_repetition,ok,
qpeexact_indep_qiskit_3,qpeexact,data/quantum_circuits/qpeexact_indep_qiskit_3.qasm,56289d5fdefe63c89244b0849f2e22753ce30832776d74b79de4603006db32f4,FakeSherbrooke,fake_sherbrooke,1,1024,1234,1234,3,7,11,1,127,28,43,7,0,43,,,0.773508280999522,0.8032507520001673,session-2,4,3,raw_repetition,ok,
qpeexact_indep_qiskit_4,qpeexact,data/quantum_circuits/qpeexact_indep_qiskit_4.qasm,af7e7c49ba06f5c554580173d3dcd73bc9d5a9dd9c6e3d3cd8c94d494fa4b969,FakeSherbrooke,fake_sherbrooke,1,1024,1234,1234,4,9,16,1,127,71,111,17,0,111,0.04090457900019828,0.6230225199979031,0.6271926429981249,0.6680972219983232,session-2,0,3,raw_repetition,ok,
qpeexact_indep_qiskit_4,qpeexact,data/quantum_circuits/qpeexact_indep_qiskit_4.qasm,af7e7c49ba06f5c554580173d3dcd73bc9d5a9dd9c6e3d3cd8c94d494fa4b969,FakeSherbrooke,fake_sherbrooke,1,1024,1234,1234,4,9,16,1,127,71,111,17,0,111,,,0.7285721539992664,0.7694767329994647,session-2,1,3,raw_repetition,ok,
qpeexact_indep_qiskit_4,qpeexact,data/quantum_circuits/qpeexact_indep_qiskit_4.qasm,af7e7c49ba06f5c554580173d3dcd73bc9d5a9dd9c6e3d3cd8c94d494fa4b969,FakeSherbrooke,fake_sherbrooke,1,1024,1234,1234,4,9,16,1,127,71,111,17,0,111,,,0.7557990980021714,0.7967036770023697,session-2,2,3,raw_repetition,ok,
qpeexact_indep_qiskit_4,qpeexact,data/quantum_circuits/qpeexact_indep_qiskit_4.qasm,af7e7c49ba06f5c554580173d3dcd73bc9d5a9dd9c6e3d3cd8c94d494fa4b969,FakeSherbrooke,fake_sherbrooke,1,1024,1234,1234,4,9,16,1,127,71,111,17,0,111,,,0.6284069449975505,0.6693115239977487,session-2,3,3,raw_repetition,ok,
qpeexact_indep_qiskit_4,qpeexact,data/quantum_circuits/qpeexact_indep_qiskit_4.qasm,af7e7c49ba06f5c554580173d3dcd73bc9d5a9dd9c6e3d3cd8c94d494fa4b969,FakeSherbrooke,fake_sherbrooke,1,1024,1234,1234,4,9,16,1,127,71,111,17,0,111,,,0.6229306050008745,0.6638351840010728,session-2,4,3,raw_repetition,ok,
qpeexact_indep_qiskit_5,qpeexact,data/quantum_circuits/qpeexact_indep_qiskit_5.qasm,7478da09664f4489c33c18a6ea1974cc9dea86d1adda1f912c3eaeff27c2d5fa,FakeSherbrooke,fake_sherbrooke,1,1024,1234,1234,5,14,26,2,127,151,265,41,0,265,0.045639984997251304,0.7456045600010839,0.77967043299941,0.8253104179966613,session-2,0,3,raw_repetition,ok,
qpeexact_indep_qiskit_5,qpeexact,data/quantum_circuits/qpeexact_indep_qiskit_5.qasm,7478da09664f4489c33c18a6ea1974cc9dea86d1adda1f912c3eaeff27c2d5fa,FakeSherbrooke,fake_sherbrooke,1,1024,1234,1234,5,14,26,2,127,151,265,41,0,265,,,0.6288907939997443,0.6745307789969957,session-2,1,3,raw_repetition,ok,
qpeexact_indep_qiskit_5,qpeexact,data/quantum_circuits/qpeexact_indep_qiskit_5.qasm,7478da09664f4489c33c18a6ea1974cc9dea86d1adda1f912c3eaeff27c2d5fa,FakeSherbrooke,fake_sherbrooke,1,1024,1234,1234,5,14,26,2,127,151,265,41,0,265,,,0.6416594050024287,0.68729938999968,session-2,2,3,raw_repetition,ok,
qpeexact_indep_qiskit_5,qpeexact,data/quantum_circuits/qpeexact_indep_qiskit_5.qasm,7478da09664f4489c33c18a6ea1974cc9dea86d1adda1f912c3eaeff27c2d5fa,FakeSherbrooke,fake_sherbrooke,1,1024,1234,1234,5,14,26,2,127,151,265,41,0,265,,,0.7638954970025225,0.8095354819997738,session-2,3,3,raw_repetition,ok,
qpeexact_indep_qiskit_5,qpeexact,data/quantum_circuits/qpeexact_indep_qiskit_5.qasm,7478da09664f4489c33c18a6ea1974cc9dea86d1adda1f912c3eaeff27c2d5fa,FakeSherbrooke,fake_sherbrooke,1,1024,1234,1234,5,14,26,2,127,151,265,41,0,265,,,0.6475399470000411,0.6931799319972924,session-2,4,3,raw_repetition,ok,
qpeexact_indep_qiskit_6,qpeexact,data/quantum_circuits/qpeexact_indep_qiskit_6.qasm,abe368f160ce73db792b3af14a6e120eda4838b15f01376daa204a680d07c5bc,FakeSherbrooke,fake_sherbrooke,1,1024,1234,1234,6,15,33,2,127,183,338,52,0,338,0.052814344002399594,0.746360952998657,0.650005177998537,0.7028195220009366,session-2,0,3,raw_repetition,ok,
qpeexact_indep_qiskit_6,qpeexact,data/quantum_circuits/qpeexact_indep_qiskit_6.qasm,abe368f160ce73db792b3af14a6e120eda4838b15f01376daa204a680d07c5bc,FakeSherbrooke,fake_sherbrooke,1,1024,1234,1234,6,15,33,2,127,183,338,52,0,338,,,0.7555156570015242,0.8083300010039238,session-2,1,3,raw_repetition,ok,
qpeexact_indep_qiskit_6,qpeexact,data/quantum_circuits/qpeexact_indep_qiskit_6.qasm,abe368f160ce73db792b3af14a6e120eda4838b15f01376daa204a680d07c5bc,FakeSherbrooke,fake_sherbrooke,1,1024,1234,1234,6,15,33,2,127,183,338,52,0,338,,,0.6209730779992242,0.6737874220016238,session-2,2,3,raw_repetition,ok,
qpeexact_indep_qiskit_6,qpeexact,data/quantum_circuits/qpeexact_indep_qiskit_6.qasm,abe368f160ce73db792b3af14a6e120eda4838b15f01376daa204a680d07c5bc,FakeSherbrooke,fake_sherbrooke,1,1024,1234,1234,6,15,33,2,127,183,338,52,0,338,,,0.7374465610009793,0.7902609050033789,session-2,3,3,raw_repetition,ok,
qpeexact_indep_qiskit_6,qpeexact,data/quantum_circuits/qpeexact_indep_qiskit_6.qasm,abe368f160ce73db792b3af14a6e120eda4838b15f01376daa204a680d07c5bc,FakeSherbrooke,fake_sherbrooke,1,1024,1234,1234,6,15,33,2,127,183,338,52,0,338,,,0.6231643640021503,0.6759787080045498,session-2,4,3,raw_repetition,ok,
qpeexact_indep_qiskit_7,qpeexact,data/quantum_circuits/qpeexact_indep_qiskit_7.qasm,d06936015124a75ae15e1f94eeb54cc51ab24596726b8110765a69ba66d0e80a,FakeSherbrooke,fake_sherbrooke,1,1024,1234,1234,7,16,42,3,127,272,518,83,0,518,0.0660624270021799,0.7816922569982125,0.7719462630011549,0.8380086900033348,session-2,0,3,raw_repetition,ok,
qpeexact_indep_qiskit_7,qpeexact,data/quantum_circuits/qpeexact_indep_qiskit_7.qasm,d06936015124a75ae15e1f94eeb54cc51ab24596726b8110765a69ba66d0e80a,FakeSherbrooke,fake_sherbrooke,1,1024,1234,1234,7,16,42,3,127,272,518,83,0,518,,,0.6563955709971196,0.7224579979992996,session-2,1,3,raw_repetition,ok,
qpeexact_indep_qiskit_7,qpeexact,data/quantum_circuits/qpeexact_indep_qiskit_7.qasm,d06936015124a75ae15e1f94eeb54cc51ab24596726b8110765a69ba66d0e80a,FakeSherbrooke,fake_sherbrooke,1,1024,1234,1234,7,16,42,3,127,272,518,83,0,518,,,0.7760114889970282,0.8420739159992081,session-2,2,3,raw_repetition,ok,
qpeexact_indep_qiskit_7,qpeexact,data/quantum_circuits/qpeexact_indep_qiskit_7.qasm,d06936015124a75ae15e1f94eeb54cc51ab24596726b8110765a69ba66d0e80a,FakeSherbrooke,fake_sherbrooke,1,1024,1234,1234,7,16,42,3,127,272,518,83,0,518,,,0.6743106940011785,0.7403731210033584,session-2,3,3,raw_repetition,ok,
qpeexact_indep_qiskit_7,qpeexact,data/quantum_circuits/qpeexact_indep_qiskit_7.qasm,d06936015124a75ae15e1f94eeb54cc51ab24596726b8110765a69ba66d0e80a,FakeSherbrooke,fake_sherbrooke,1,1024,1234,1234,7,16,42,3,127,272,518,83,0,518,,,0.8124870200008445,0.8785494470030244,session-2,4,3,raw_repetition,ok,
qpeexact_indep_qiskit_8,qpeexact,data/quantum_circuits/qpeexact_indep_qiskit_8.qasm,5d3cc38ff0e2b9054c927b6309c6a8dfaba491733eab08b06cc06f2d333da23d,FakeSherbrooke,fake_sherbrooke,1,1024,1234,1234,8,23,54,3,127,440,847,143,0,847,0.10504368400142994,0.8216794500003743,0.6698666839984071,0.774910367999837,session-2,0,3,raw_repetition,ok,
qpeexact_indep_qiskit_8,qpeexact,data/quantum_circuits/qpeexact_indep_qiskit_8.qasm,5d3cc38ff0e2b9054c927b6309c6a8dfaba491733eab08b06cc06f2d333da23d,FakeSherbrooke,fake_sherbrooke,1,1024,1234,1234,8,23,54,3,127,440,847,143,0,847,,,0.6702645010009292,0.7753081850023591,session-2,1,3,raw_repetition,ok,
qpeexact_indep_qiskit_8,qpeexact,data/quantum_circuits/qpeexact_indep_qiskit_8.qasm,5d3cc38ff0e2b9054c927b6309c6a8dfaba491733eab08b06cc06f2d333da23d,FakeSherbrooke,fake_sherbrooke,1,1024,1234,1234,8,23,54,3,127,440,847,143,0,847,,,0.7856501580026816,0.8906938420041115,session-2,2,3,raw_repetition,ok,
qpeexact_indep_qiskit_8,qpeexact,data/quantum_circuits/qpeexact_indep_qiskit_8.qasm,5d3cc38ff0e2b9054c927b6309c6a8dfaba491733eab08b06cc06f2d333da23d,FakeSherbrooke,fake_sherbrooke,1,1024,1234,1234,8,23,54,3,127,440,847,143,0,847,,,0.6808511390008789,0.7858948230023088,session-2,3,3,raw_repetition,ok,
qpeexact_indep_qiskit_8,qpeexact,data/quantum_circuits/qpeexact_indep_qiskit_8.qasm,5d3cc38ff0e2b9054c927b6309c6a8dfaba491733eab08b06cc06f2d333da23d,FakeSherbrooke,fake_sherbrooke,1,1024,1234,1234,8,23,54,3,127,440,847,143,0,847,,,0.6878039120019821,0.792847596003412,session-2,4,3,raw_repetition,ok,
qpeexact_indep_qiskit_9,qpeexact,data/quantum_circuits/qpeexact_indep_qiskit_9.qasm,31f7b2533d8a3c05d59b44a9b2d93f44bc48da630d1884cf9df0012199e10a74,FakeSherbrooke,fake_sherbrooke,1,1024,1234,1234,9,24,65,4,127,495,1097,181,0,1097,0.0999372209989815,0.9258242430005339,0.9019467910002277,1.0018840119992092,session-2,0,3,raw_repetition,ok,
qpeexact_indep_qiskit_9,qpeexact,data/quantum_circuits/qpeexact_indep_qiskit_9.qasm,31f7b2533d8a3c05d59b44a9b2d93f44bc48da630d1884cf9df0012199e10a74,FakeSherbrooke,fake_sherbrooke,1,1024,1234,1234,9,24,65,4,127,495,1097,181,0,1097,,,0.7694730770017486,0.8694102980007301,session-2,1,3,raw_repetition,ok,
qpeexact_indep_qiskit_9,qpeexact,data/quantum_circuits/qpeexact_indep_qiskit_9.qasm,31f7b2533d8a3c05d59b44a9b2d93f44bc48da630d1884cf9df0012199e10a74,FakeSherbrooke,fake_sherbrooke,1,1024,1234,1234,9,24,65,4,127,495,1097,181,0,1097,,,0.8830964629996743,0.9830336839986558,session-2,2,3,raw_repetition,ok,
qpeexact_indep_qiskit_9,qpeexact,data/quantum_circuits/qpeexact_indep_qiskit_9.qasm,31f7b2533d8a3c05d59b44a9b2d93f44bc48da630d1884cf9df0012199e10a74,FakeSherbrooke,fake_sherbrooke,1,1024,1234,1234,9,24,65,4,127,495,1097,181,0,1097,,,0.7821930760001123,0.8821302969990938,session-2,3,3,raw_repetition,ok,
qpeexact_indep_qiskit_9,qpeexact,data/quantum_circuits/qpeexact_indep_qiskit_9.qasm,31f7b2533d8a3c05d59b44a9b2d93f44bc48da630d1884cf9df0012199e10a74,FakeSherbrooke,fake_sherbrooke,1,1024,1234,1234,9,24,65,4,127,495,1097,181,0,1097,,,0.9022358930014889,1.0021731140004704,session-2,4,3,raw_repetition,ok,
qpeinexact_indep_qiskit_2,qpeinexact,data/quantum_circuits/qpeinexact_indep_qiskit_2.qasm,acacd76111e7f23e4224342ca0ab5340b1bdaad3b6eba8893e4036ba14896362,FakeSherbrooke,fake_sherbrooke,1,1024,1234,1234,2,4,6,0,127,11,17,2,0,17,0.017724105000525014,0.6132764879985189,0.6166289089997008,0.6343530140002258,session-2,0,3,raw_repetition,ok,
qpeinexact_indep_qiskit_2,qpeinexact,data/quantum_circuits/qpeinexact_indep_qiskit_2.qasm,acacd76111e7f23e4224342ca0ab5340b1bdaad3b6eba8893e4036ba14896362,FakeSherbrooke,fake_sherbrooke,1,1024,1234,1234,2,4,6,0,127,11,17,2,0,17,,,0.6201746260012442,0.6378987310017692,session-2,1,3,raw_repetition,ok,
qpeinexact_indep_qiskit_2,qpeinexact,data/quantum_circuits/qpeinexact_indep_qiskit_2.qasm,acacd76111e7f23e4224342ca0ab5340b1bdaad3b6eba8893e4036ba14896362,FakeSherbrooke,fake_sherbrooke,1,1024,1234,1234,2,4,6,0,127,11,17,2,0,17,,,0.7495515279988467,0.7672756329993717,session-2,2,3,raw_repetition,ok,
qpeinexact_indep_qiskit_2,qpeinexact,data/quantum_circuits/qpeinexact_indep_qiskit_2.qasm,acacd76111e7f23e4224342ca0ab5340b1bdaad3b6eba8893e4036ba14896362,FakeSherbrooke,fake_sherbrooke,1,1024,1234,1234,2,4,6,0,127,11,17,2,0,17,,,0.6258419089972449,0.6435660139977699,session-2,3,3,raw_repetition,ok,
qpeinexact_indep_qiskit_2,qpeinexact,data/quantum_circuits/qpeinexact_indep_qiskit_2.qasm,acacd76111e7f23e4224342ca0ab5340b1bdaad3b6eba8893e4036ba14896362,FakeSherbrooke,fake_sherbrooke,1,1024,1234,1234,2,4,6,0,127,11,17,2,0,17,,,0.6329810060015006,0.6507051110020257,session-2,4,3,raw_repetition,ok,
qpeinexact_indep_qiskit_3,qpeinexact,data/quantum_circuits/qpeinexact_indep_qiskit_3.qasm,afa0cd93480bae81feca2afdcb909ab13c2934f76b139c27872b18658e5c1f28,FakeSherbrooke,fake_sherbrooke,1,1024,1234,1234,3,8,12,1,127,48,75,12,0,75,0.035634608000691514,0.7506714519986417,0.7325491209994652,0.7681837290001567,session-2,0,3,raw_repetition,ok,
qpeinexact_indep_qiskit_3,qpeinexact,data/quantum_circuits/qpeinexact_indep_qiskit_3.qasm,afa0cd93480bae81feca2afdcb909ab13c2934f76b139c27872b18658e5c1f28,FakeSherbrooke,fake_sherbrooke,1,1024,1234,1234,3,8,12,1,127,48,75,12,0,75,,,0.7730381719993602,0.8086727800000517,session-2,1,3,raw_repetition,ok,
qpeinexact_indep_qiskit_3,qpeinexact,data/quantum_circuits/qpeinexact_indep_qiskit_3.qasm,afa0cd93480bae81feca2afdcb909ab13c2934f76b139c27872b18658e5c1f28,FakeSherbrooke,fake_sherbrooke,1,1024,1234,1234,3,8,12,1,127,48,75,12,0,75,,,0.6487666089997219,0.6844012170004135,session-2,2,3,raw_repetition,ok,
qpeinexact_indep_qiskit_3,qpeinexact,data/quantum_circuits/qpeinexact_indep_qiskit_3.qasm,afa0cd93480bae81feca2afdcb909ab13c2934f76b139c27872b18658e5c1f28,FakeSherbrooke,fake_sherbrooke,1,1024,1234,1234,3,8,12,1,127,48,75,12,0,75,,,0.639036632997886,0.6746712409985776,session-2,3,3,raw_repetition,ok,
qpeinexact_indep_qiskit_3,qpeinexact,data/quantum_circuits/qpeinexact_indep_qiskit_3.qasm,afa0cd93480bae81feca2afdcb909ab13c2934f76b139c27872b18658e5c1f28,FakeSherbrooke,fake_sherbrooke,1,1024,1234,1234,3,8,12,1,127,48,75,12,0,75,,,0.7743278169982659,0.8099624249989574,session-2,4,3,raw_repetition,ok,
qpeinexact_indep_qiskit_4,qpeinexact,data/quantum_circuits/qpeinexact_indep_qiskit_4.qasm,1d76cd981622e5ca02125654d00534f3aec623bbb2b95b7ea894049f76916577,FakeSherbrooke,fake_sherbrooke,1,1024,1234,1234,4,11,18,1,127,88,170,27,0,170,0.042583235997881275,0.637062939000316,0.7601022139970155,0.8026854499948968,session-2,0,3,raw_repetition,ok,
qpeinexact_indep_qiskit_4,qpeinexact,data/quantum_circuits/qpeinexact_indep_qiskit_4.qasm,1d76cd981622e5ca02125654d00534f3aec623bbb2b95b7ea894049f76916577,FakeSherbrooke,fake_sherbrooke,1,1024,1234,1234,4,11,18,1,127,88,170,27,0,170,,,0.6402722480015655,0.6828554839994467,session-2,1,3,raw_repetition,ok,
qpeinexact_indep_qiskit_4,qpeinexact,data/quantum_circuits/qpeinexact_indep_qiskit_4.qasm,1d76cd981622e5ca02125654d00534f3aec623bbb2b95b7ea894049f76916577,FakeSherbrooke,fake_sherbrooke,1,1024,1234,1234,4,11,18,1,127,88,170,27,0,170,,,0.766095230999781,0.8086784669976623,session-2,2,3,raw_repetition,ok,
qpeinexact_indep_qiskit_4,qpeinexact,data/quantum_circuits/qpeinexact_indep_qiskit_4.qasm,1d76cd981622e5ca02125654d00534f3aec623bbb2b95b7ea894049f76916577,FakeSherbrooke,fake_sherbrooke,1,1024,1234,1234,4,11,18,1,127,88,170,27,0,170,,,0.6374007080012234,0.6799839439991047,session-2,3,3,raw_repetition,ok,
qpeinexact_indep_qiskit_4,qpeinexact,data/quantum_circuits/qpeinexact_indep_qiskit_4.qasm,1d76cd981622e5ca02125654d00534f3aec623bbb2b95b7ea894049f76916577,FakeSherbrooke,fake_sherbrooke,1,1024,1234,1234,4,11,18,1,127,88,170,27,0,170,,,0.631613257999561,0.6741964939974423,session-2,4,3,raw_repetition,ok,
qpeinexact_indep_qiskit_5,qpeinexact,data/quantum_circuits/qpeinexact_indep_qiskit_5.qasm,f37f599f25c5024b4069e866a31563a6daf0b1495d17d25343f7b3cfac1169ee,FakeSherbrooke,fake_sherbrooke,1,1024,1234,1234,5,14,26,2,127,151,267,41,0,267,0.1637174600000435,0.6412237479999021,0.765385612998216,0.9291030729982594,session-2,0,3,raw_repetition,ok,
qpeinexact_indep_qiskit_5,qpeinexact,data/quantum_circuits/qpeinexact_indep_qiskit_5.qasm,f37f599f25c5024b4069e866a31563a6daf0b1495d17d25343f7b3cfac1169ee,FakeSherbrooke,fake_sherbrooke,1,1024,1234,1234,5,14,26,2,127,151,267,41,0,267,,,0.6366133749979781,0.8003308349980216,session-2,1,3,raw_repetition,ok,
qpeinexact_indep_qiskit_5,qpeinexact,data/quantum_circuits/qpeinexact_indep_qiskit_5.qasm,f37f599f25c5024b4069e866a31563a6daf0b1495d17d25343f7b3cfac1169ee,FakeSherbrooke,fake_sherbrooke,1,1024,1234,1234,5,14,26,2,127,151,267,41,0,267,,,0.7513493509977707,0.9150668109978142,session-2,2,3,raw_repetition,ok,
qpeinexact_indep_qiskit_5,qpeinexact,data/quantum_circuits/qpeinexact_indep_qiskit_5.qasm,f37f599f25c5024b4069e866a31563a6daf0b1495d17d25343f7b3cfac1169ee,FakeSherbrooke,fake_sherbrooke,1,1024,1234,1234,5,14,26,2,127,151,267,41,0,267,,,0.6305003630004649,0.7942178230005084,session-2,3,3,raw_repetition,ok,
qpeinexact_indep_qiskit_5,qpeinexact,data/quantum_circuits/qpeinexact_indep_qiskit_5.qasm,f37f599f25c5024b4069e866a31563a6daf0b1495d17d25343f7b3cfac1169ee,FakeSherbrooke,fake_sherbrooke,1,1024,1234,1234,5,14,26,2,127,151,267,41,0,267,,,0.7646611119998852,0.9283785719999287,session-2,4,3,raw_repetition,ok,
qpeinexact_indep_qiskit_6,qpeinexact,data/quantum_circuits/qpeinexact_indep_qiskit_6.qasm,c658b0f6c564cc6b7d6d48105e5567caf0660181ca2dbad8b9bdbdd353962fd6,FakeSherbrooke,fake_sherbrooke,1,1024,1234,1234,6,17,34,2,127,214,398,66,0,398,0.05423321399939596,0.7980865630015614,0.6522649979997368,0.7064982119991328,session-2,0,3,raw_repetition,ok,
qpeinexact_indep_qiskit_6,qpeinexact,data/quantum_circuits/qpeinexact_indep_qiskit_6.qasm,c658b0f6c564cc6b7d6d48105e5567caf0660181ca2dbad8b9bdbdd353962fd6,FakeSherbrooke,fake_sherbrooke,1,1024,1234,1234,6,17,34,2,127,214,398,66,0,398,,,0.6274487699993188,0.6816819839987147,session-2,1,3,raw_repetition,ok,
qpeinexact_indep_qiskit_6,qpeinexact,data/quantum_circuits/qpeinexact_indep_qiskit_6.qasm,c658b0f6c564cc6b7d6d48105e5567caf0660181ca2dbad8b9bdbdd353962fd6,FakeSherbrooke,fake_sherbrooke,1,1024,1234,1234,6,17,34,2,127,214,398,66,0,398,,,0.7410534839982574,0.7952866979976534,session-2,2,3,raw_repetition,ok,
qpeinexact_indep_qiskit_6,qpeinexact,data/quantum_circuits/qpeinexact_indep_qiskit_6.qasm,c658b0f6c564cc6b7d6d48105e5567caf0660181ca2dbad8b9bdbdd353962fd6,FakeSherbrooke,fake_sherbrooke,1,1024,1234,1234,6,17,34,2,127,214,398,66,0,398,,,0.7605473330004315,0.8147805469998275,session-2,3,3,raw_repetition,ok,
qpeinexact_indep_qiskit_6,qpeinexact,data/quantum_circuits/qpeinexact_indep_qiskit_6.qasm,c658b0f6c564cc6b7d6d48105e5567caf0660181ca2dbad8b9bdbdd353962fd6,FakeSherbrooke,fake_sherbrooke,1,1024,1234,1234,6,17,34,2,127,214,398,66,0,398,,,0.641474541000207,0.6957077549996029,session-2,4,3,raw_repetition,ok,
qpeinexact_indep_qiskit_7,qpeinexact,data/quantum_circuits/qpeinexact_indep_qiskit_7.qasm,093af0605e834bf0a4f2aef0b46600d12c6b1c913e791fb13e2513048a6b1c70,FakeSherbrooke,fake_sherbrooke,1,1024,1234,1234,7,20,44,3,127,313,611,99,0,611,0.06897221200051717,0.673773770002299,0.7007861210004194,0.7697583330009365,session-2,0,3,raw_repetition,ok,
qpeinexact_indep_qiskit_7,qpeinexact,data/quantum_circuits/qpeinexact_indep_qiskit_7.qasm,093af0605e834bf0a4f2aef0b46600d12c6b1c913e791fb13e2513048a6b1c70,FakeSherbrooke,fake_sherbrooke,1,1024,1234,1234,7,20,44,3,127,313,611,99,0,611,,,0.6732672750003985,0.7422394870009157,session-2,1,3,raw_repetition,ok,
qpeinexact_indep_qiskit_7,qpeinexact,data/quantum_circuits/qpeinexact_indep_qiskit_7.qasm,093af0605e834bf0a4f2aef0b46600d12c6b1c913e791fb13e2513048a6b1c70,FakeSherbrooke,fake_sherbrooke,1,1024,1234,1234,7,20,44,3,127,313,611,99,0,611,,,0.8132441410016327,0.8822163530021498,session-2,2,3,raw_repetition,ok,
qpeinexact_indep_qiskit_7,qpeinexact,data/quantum_circuits/qpeinexact_indep_qiskit_7.qasm,093af0605e834bf0a4f2aef0b46600d12c6b1c913e791fb13e2513048a6b1c70,FakeSherbrooke,fake_sherbrooke,1,1024,1234,1234,7,20,44,3,127,313,611,99,0,611,,,0.7059925799985649,0.7749647919990821,session-2,3,3,raw_repetition,ok,
qpeinexact_indep_qiskit_7,qpeinexact,data/quantum_circuits/qpeinexact_indep_qiskit_7.qasm,093af0605e834bf0a4f2aef0b46600d12c6b1c913e791fb13e2513048a6b1c70,FakeSherbrooke,fake_sherbrooke,1,1024,1234,1234,7,20,44,3,127,313,611,99,0,611,,,0.6942137330006517,0.7631859450011689,session-2,4,3,raw_repetition,ok,
qpeinexact_indep_qiskit_8,qpeinexact,data/quantum_circuits/qpeinexact_indep_qiskit_8.qasm,82da8e687716ed31c95e72560edb07e7f6073a5be0f5ebffb17d22aff22c81fd,FakeSherbrooke,fake_sherbrooke,1,1024,1234,1234,8,23,54,3,127,440,847,143,0,847,0.0858146280006622,0.8130609699983324,0.827349529001367,0.9131641570020292,session-2,0,3,raw_repetition,ok,
qpeinexact_indep_qiskit_8,qpeinexact,data/quantum_circuits/qpeinexact_indep_qiskit_8.qasm,82da8e687716ed31c95e72560edb07e7f6073a5be0f5ebffb17d22aff22c81fd,FakeSherbrooke,fake_sherbrooke,1,1024,1234,1234,8,23,54,3,127,440,847,143,0,847,,,0.6752983970000059,0.7611130250006681,session-2,1,3,raw_repetition,ok,
qpeinexact_indep_qiskit_8,qpeinexact,data/quantum_circuits/qpeinexact_indep_qiskit_8.qasm,82da8e687716ed31c95e72560edb07e7f6073a5be0f5ebffb17d22aff22c81fd,FakeSherbrooke,fake_sherbrooke,1,1024,1234,1234,8,23,54,3,127,440,847,143,0,847,,,0.6653162760012492,0.7511309040019114,session-2,2,3,raw_repetition,ok,
qpeinexact_indep_qiskit_8,qpeinexact,data/quantum_circuits/qpeinexact_indep_qiskit_8.qasm,82da8e687716ed31c95e72560edb07e7f6073a5be0f5ebffb17d22aff22c81fd,FakeSherbrooke,fake_sherbrooke,1,1024,1234,1234,8,23,54,3,127,440,847,143,0,847,,,0.80403667200153,0.8898513000021921,session-2,3,3,raw_repetition,ok,
qpeinexact_indep_qiskit_8,qpeinexact,data/quantum_circuits/qpeinexact_indep_qiskit_8.qasm,82da8e687716ed31c95e72560edb07e7f6073a5be0f5ebffb17d22aff22c81fd,FakeSherbrooke,fake_sherbrooke,1,1024,1234,1234,8,23,54,3,127,440,847,143,0,847,,,0.8200897879978584,0.9059044159985206,session-2,4,3,raw_repetition,ok,
qpeinexact_indep_qiskit_9,qpeinexact,data/quantum_circuits/qpeinexact_indep_qiskit_9.qasm,81a66b1daaf97d148a8a075515daf8702349d257883a1dd88e26993c1622351f,FakeSherbrooke,fake_sherbrooke,1,1024,1234,1234,9,26,66,4,127,539,1163,195,0,1163,0.1116525229990657,0.7873852939992503,0.9010528660001,1.0127053889991657,session-2,0,3,raw_repetition,ok,
qpeinexact_indep_qiskit_9,qpeinexact,data/quantum_circuits/qpeinexact_indep_qiskit_9.qasm,81a66b1daaf97d148a8a075515daf8702349d257883a1dd88e26993c1622351f,FakeSherbrooke,fake_sherbrooke,1,1024,1234,1234,9,26,66,4,127,539,1163,195,0,1163,,,0.7871904510029708,0.8988429740020365,session-2,1,3,raw_repetition,ok,
qpeinexact_indep_qiskit_9,qpeinexact,data/quantum_circuits/qpeinexact_indep_qiskit_9.qasm,81a66b1daaf97d148a8a075515daf8702349d257883a1dd88e26993c1622351f,FakeSherbrooke,fake_sherbrooke,1,1024,1234,1234,9,26,66,4,127,539,1163,195,0,1163,,,0.7868051530022058,0.8984576760012715,session-2,2,3,raw_repetition,ok,
qpeinexact_indep_qiskit_9,qpeinexact,data/quantum_circuits/qpeinexact_indep_qiskit_9.qasm,81a66b1daaf97d148a8a075515daf8702349d257883a1dd88e26993c1622351f,FakeSherbrooke,fake_sherbrooke,1,1024,1234,1234,9,26,66,4,127,539,1163,195,0,1163,,,0.8898592920013471,1.0015118150004128,session-2,3,3,raw_repetition,ok,
qpeinexact_indep_qiskit_9,qpeinexact,data/quantum_circuits/qpeinexact_indep_qiskit_9.qasm,81a66b1daaf97d148a8a075515daf8702349d257883a1dd88e26993c1622351f,FakeSherbrooke,fake_sherbrooke,1,1024,1234,1234,9,26,66,4,127,539,1163,195,0,1163,,,0.9367071890010266,1.0483597120000923,session-2,4,3,raw_repetition,ok,
qwalk-noancilla_indep_qiskit_3,qwalk-noancilla,data/quantum_circuits/qwalk-noancilla_indep_qiskit_3.qasm,9110b8773ad1c544b5ec91feaaa99c96975f7577fe6966b0f0df52dab84bef92,FakeSherbrooke,fake_sherbrooke,1,1024,1234,1234,3,20,29,6,127,370,626,102,0,626,0.0749746339970443,0.6411031370007549,0.6425554679990455,0.7175301019960898,session-2,0,3,raw_repetition,ok,
qwalk-noancilla_indep_qiskit_3,qwalk-noancilla,data/quantum_circuits/qwalk-noancilla_indep_qiskit_3.qasm,9110b8773ad1c544b5ec91feaaa99c96975f7577fe6966b0f0df52dab84bef92,FakeSherbrooke,fake_sherbrooke,1,1024,1234,1234,3,20,29,6,127,370,626,102,0,626,,,0.7622359749984753,0.8372106089955196,session-2,1,3,raw_repetition,ok,
qwalk-noancilla_indep_qiskit_3,qwalk-noancilla,data/quantum_circuits/qwalk-noancilla_indep_qiskit_3.qasm,9110b8773ad1c544b5ec91feaaa99c96975f7577fe6966b0f0df52dab84bef92,FakeSherbrooke,fake_sherbrooke,1,1024,1234,1234,3,20,29,6,127,370,626,102,0,626,,,0.6351088240007812,0.7100834579978255,session-2,2,3,raw_repetition,ok,
qwalk-noancilla_indep_qiskit_3,qwalk-noancilla,data/quantum_circuits/qwalk-noancilla_indep_qiskit_3.qasm,9110b8773ad1c544b5ec91feaaa99c96975f7577fe6966b0f0df52dab84bef92,FakeSherbrooke,fake_sherbrooke,1,1024,1234,1234,3,20,29,6,127,370,626,102,0,626,,,0.7510376760001236,0.8260123099971679,session-2,3,3,raw_repetition,ok,
qwalk-noancilla_indep_qiskit_3,qwalk-noancilla,data/quantum_circuits/qwalk-noancilla_indep_qiskit_3.qasm,9110b8773ad1c544b5ec91feaaa99c96975f7577fe6966b0f0df52dab84bef92,FakeSherbrooke,fake_sherbrooke,1,1024,1234,1234,3,20,29,6,127,370,626,102,0,626,,,0.776763101999677,0.8517377359967213,session-2,4,3,raw_repetition,ok,
qwalk-noancilla_indep_qiskit_4,qwalk-noancilla,data/quantum_circuits/qwalk-noancilla_indep_qiskit_4.qasm,2df018ddcd5f44fd33cd5d80af349db5f84e36d6a5f905ef4611e5e5cc0d03f4,FakeSherbrooke,fake_sherbrooke,1,1024,1234,1234,4,170,195,90,127,1330,2289,429,0,2289,0.17081725699972594,0.6792805499972019,0.7688740539997525,0.9396913109994784,session-2,0,3,raw_repetition,ok,
qwalk-noancilla_indep_qiskit_4,qwalk-noancilla,data/quantum_circuits/qwalk-noancilla_indep_qiskit_4.qasm,2df018ddcd5f44fd33cd5d80af349db5f84e36d6a5f905ef4611e5e5cc0d03f4,FakeSherbrooke,fake_sherbrooke,1,1024,1234,1234,4,170,195,90,127,1330,2289,429,0,2289,,,0.6508224070021242,0.8216396640018502,session-2,1,3,raw_repetition,ok,
qwalk-noancilla_indep_qiskit_4,qwalk-noancilla,data/quantum_circuits/qwalk-noancilla_indep_qiskit_4.qasm,2df018ddcd5f44fd33cd5d80af349db5f84e36d6a5f905ef4611e5e5cc0d03f4,FakeSherbrooke,fake_sherbrooke,1,1024,1234,1234,4,170,195,90,127,1330,2289,429,0,2289,,,0.7667221960000461,0.937539452999772,session-2,2,3,raw_repetition,ok,
qwalk-noancilla_indep_qiskit_4,qwalk-noancilla,data/quantum_circuits/qwalk-noancilla_indep_qiskit_4.qasm,2df018ddcd5f44fd33cd5d80af349db5f84e36d6a5f905ef4611e5e5cc0d03f4,FakeSherbrooke,fake_sherbrooke,1,1024,1234,1234,4,170,195,90,127,1330,2289,429,0,2289,,,0.7778128770005424,0.9486301340002683,session-2,3,3,raw_repetition,ok,
qwalk-noancilla_indep_qiskit_4,qwalk-noancilla,data/quantum_circuits/qwalk-noancilla_indep_qiskit_4.qasm,2df018ddcd5f44fd33cd5d80af349db5f84e36d6a5f905ef4611e5e5cc0d03f4,FakeSherbrooke,fake_sherbrooke,1,1024,1234,1234,4,170,195,90,127,1330,2289,429,0,2289,,,0.6553426139980729,0.8261598709977989,session-2,4,3,raw_repetition,ok,
qwalk-noancilla_indep_qiskit_5,qwalk-noancilla,data/quantum_circuits/qwalk-noancilla_indep_qiskit_5.qasm,7e02b8d5bbea94c5e0eabb2edd6a74e15949ae6b737fabb55e66a61d47181912,FakeSherbrooke,fake_sherbrooke,1,1024,1234,1234,5,404,459,198,127,2391,4082,717,0,4082,0.28635397200196167,0.8305615319986828,0.7031014399981359,0.9894554120000976,session-2,0,3,raw_repetition,ok,
qwalk-noancilla_indep_qiskit_5,qwalk-noancilla,data/quantum_circuits/qwalk-noancilla_indep_qiskit_5.qasm,7e02b8d5bbea94c5e0eabb2edd6a74e15949ae6b737fabb55e66a61d47181912,FakeSherbrooke,fake_sherbrooke,1,1024,1234,1234,5,404,459,198,127,2391,4082,717,0,4082,,,0.8304093119986646,1.1167632840006263,session-2,1,3,raw_repetition,ok,
qwalk-noancilla_indep_qiskit_5,qwalk-noancilla,data/quantum_circuits/qwalk-noancilla_indep_qiskit_5.qasm,7e02b8d5bbea94c5e0eabb2edd6a74e15949ae6b737fabb55e66a61d47181912,FakeSherbrooke,fake_sherbrooke,1,1024,1234,1234,5,404,459,198,127,2391,4082,717,0,4082,,,0.7063868340010231,0.9927408060029848,session-2,2,3,raw_repetition,ok,
qwalk-noancilla_indep_qiskit_5,qwalk-noancilla,data/quantum_circuits/qwalk-noancilla_indep_qiskit_5.qasm,7e02b8d5bbea94c5e0eabb2edd6a74e15949ae6b737fabb55e66a61d47181912,FakeSherbrooke,fake_sherbrooke,1,1024,1234,1234,5,404,459,198,127,2391,4082,717,0,4082,,,0.7041157009989547,0.9904696730009164,session-2,3,3,raw_repetition,ok,
qwalk-noancilla_indep_qiskit_5,qwalk-noancilla,data/quantum_circuits/qwalk-noancilla_indep_qiskit_5.qasm,7e02b8d5bbea94c5e0eabb2edd6a74e15949ae6b737fabb55e66a61d47181912,FakeSherbrooke,fake_sherbrooke,1,1024,1234,1234,5,404,459,198,127,2391,4082,717,0,4082,,,0.8357395099992573,1.122093482001219,session-2,4,3,raw_repetition,ok,
qwalk-noancilla_indep_qiskit_6,qwalk-noancilla,data/quantum_circuits/qwalk-noancilla_indep_qiskit_6.qasm,97bdbd3569346cfa4a289ced5de0f3280a495266d423a3af48650bf01484b9be,FakeSherbrooke,fake_sherbrooke,1,1024,1234,1234,6,764,838,378,127,5412,10076,1752,0,10076,0.6415673509982298,1.1372244579979451,1.1071806359977927,1.7487479869960225,session-2,0,3,raw_repetition,ok,
qwalk-noancilla_indep_qiskit_6,qwalk-noancilla,data/quantum_circuits/qwalk-noancilla_indep_qiskit_6.qasm,97bdbd3569346cfa4a289ced5de0f3280a495266d423a3af48650bf01484b9be,FakeSherbrooke,fake_sherbrooke,1,1024,1234,1234,6,764,838,378,127,5412,10076,1752,0,10076,,,1.0034272570010216,1.6449946079992515,session-2,1,3,raw_repetition,ok,
qwalk-noancilla_indep_qiskit_6,qwalk-noancilla,data/quantum_circuits/qwalk-noancilla_indep_qiskit_6.qasm,97bdbd3569346cfa4a289ced5de0f3280a495266d423a3af48650bf01484b9be,FakeSherbrooke,fake_sherbrooke,1,1024,1234,1234,6,764,838,378,127,5412,10076,1752,0,10076,,,1.1341451160005818,1.7757124669988116,session-2,2,3,raw_repetition,ok,
qwalk-noancilla_indep_qiskit_6,qwalk-noancilla,data/quantum_circuits/qwalk-noancilla_indep_qiskit_6.qasm,97bdbd3569346cfa4a289ced5de0f3280a495266d423a3af48650bf01484b9be,FakeSherbrooke,fake_sherbrooke,1,1024,1234,1234,6,764,838,378,127,5412,10076,1752,0,10076,,,1.0124845829996048,1.6540519339978346,session-2,3,3,raw_repetition,ok,
qwalk-noancilla_indep_qiskit_6,qwalk-noancilla,data/quantum_circuits/qwalk-noancilla_indep_qiskit_6.qasm,97bdbd3569346cfa4a289ced5de0f3280a495266d423a3af48650bf01484b9be,FakeSherbrooke,fake_sherbrooke,1,1024,1234,1234,6,764,838,378,127,5412,10076,1752,0,10076,,,1.0160417500010226,1.6576091009992524,session-2,4,3,raw_repetition,ok,
qwalk-noancilla_indep_qiskit_7,qwalk-noancilla,data/quantum_circuits/qwalk-noancilla_indep_qiskit_7.qasm,73abe6179f1e84e36777e1d953028143ee3ff00662ddb793d55022d9344b4940,FakeSherbrooke,fake_sherbrooke,1,1024,1234,1234,7,1508,1601,750,127,11882,23316,4074,0,23316,1.5550484059967857,3.1337560969986953,2.9910633050021715,4.546111710998957,session-2,0,3,raw_repetition,ok,
qwalk-noancilla_indep_qiskit_7,qwalk-noancilla,data/quantum_circuits/qwalk-noancilla_indep_qiskit_7.qasm,73abe6179f1e84e36777e1d953028143ee3ff00662ddb793d55022d9344b4940,FakeSherbrooke,fake_sherbrooke,1,1024,1234,1234,7,1508,1601,750,127,11882,23316,4074,0,23316,,,2.9920339950003836,4.547082400997169,session-2,1,3,raw_repetition,ok,
qwalk-noancilla_indep_qiskit_7,qwalk-noancilla,data/quantum_circuits/qwalk-noancilla_indep_qiskit_7.qasm,73abe6179f1e84e36777e1d953028143ee3ff00662ddb793d55022d9344b4940,FakeSherbrooke,fake_sherbrooke,1,1024,1234,1234,7,1508,1601,750,127,11882,23316,4074,0,23316,,,3.157878707002965,4.7129271129997505,session-2,2,3,raw_repetition,ok,
qwalk-noancilla_indep_qiskit_7,qwalk-noancilla,data/quantum_circuits/qwalk-noancilla_indep_qiskit_7.qasm,73abe6179f1e84e36777e1d953028143ee3ff00662ddb793d55022d9344b4940,FakeSherbrooke,fake_sherbrooke,1,1024,1234,1234,7,1508,1601,750,127,11882,23316,4074,0,23316,,,2.987668620997283,4.542717026994069,session-2,3,3,raw_repetition,ok,
qwalk-noancilla_indep_qiskit_7,qwalk-noancilla,data/quantum_circuits/qwalk-noancilla_indep_qiskit_7.qasm,73abe6179f1e84e36777e1d953028143ee3ff00662ddb793d55022d9344b4940,FakeSherbrooke,fake_sherbrooke,1,1024,1234,1234,7,1508,1601,750,127,11882,23316,4074,0,23316,,,3.0313674110002466,4.586415816997032,session-2,4,3,raw_repetition,ok,
qwalk-noancilla_indep_qiskit_8,qwalk-noancilla,data/quantum_circuits/qwalk-noancilla_indep_qiskit_8.qasm,b23a0318d268fcffc78b4f6ce920c98f33487ec34a71cf7b6225b9b6eb93f1bb,FakeSherbrooke,fake_sherbrooke,1,1024,1234,1234,8,3020,3132,1506,127,25390,52883,9063,0,52883,3.597506792000786,3.669262225001148,3.653083847999369,7.250590640000155,session-2,0,3,raw_repetition,ok,
qwalk-noancilla_indep_qiskit_8,qwalk-noancilla,data/quantum_circuits/qwalk-noancilla_indep_qiskit_8.qasm,b23a0318d268fcffc78b4f6ce920c98f33487ec34a71cf7b6225b9b6eb93f1bb,FakeSherbrooke,fake_sherbrooke,1,1024,1234,1234,8,3020,3132,1506,127,25390,52883,9063,0,52883,,,3.647375808999641,7.244882601000427,session-2,1,3,raw_repetition,ok,
qwalk-noancilla_indep_qiskit_8,qwalk-noancilla,data/quantum_circuits/qwalk-noancilla_indep_qiskit_8.qasm,b23a0318d268fcffc78b4f6ce920c98f33487ec34a71cf7b6225b9b6eb93f1bb,FakeSherbrooke,fake_sherbrooke,1,1024,1234,1234,8,3020,3132,1506,127,25390,52883,9063,0,52883,,,3.6368923330010148,7.234399125001801,session-2,2,3,raw_repetition,ok,
qwalk-noancilla_indep_qiskit_8,qwalk-noancilla,data/quantum_circuits/qwalk-noancilla_indep_qiskit_8.qasm,b23a0318d268fcffc78b4f6ce920c98f33487ec34a71cf7b6225b9b6eb93f1bb,FakeSherbrooke,fake_sherbrooke,1,1024,1234,1234,8,3020,3132,1506,127,25390,52883,9063,0,52883,,,3.659392386998661,7.256899178999447,session-2,3,3,raw_repetition,ok,
qwalk-noancilla_indep_qiskit_8,qwalk-noancilla,data/quantum_circuits/qwalk-noancilla_indep_qiskit_8.qasm,b23a0318d268fcffc78b4f6ce920c98f33487ec34a71cf7b6225b9b6eb93f1bb,FakeSherbrooke,fake_sherbrooke,1,1024,1234,1234,8,3020,3132,1506,127,25390,52883,9063,0,52883,,,3.643523141996411,7.241029933997197,session-2,4,3,raw_repetition,ok,
qwalk-noancilla_indep_qiskit_9,qwalk-noancilla,data/quantum_circuits/qwalk-noancilla_indep_qiskit_9.qasm,e8037a4f622df36c65c0e756e11a6c6e3b8b40fbabaffb6cd59ff1cc79f49063,FakeSherbrooke,fake_sherbrooke,1,1024,1234,1234,9,6068,6199,3030,127,54330,106652,18321,0,106652,7.091764905002492,18.4280721920004,18.434018971001933,25.525783876004425,session-2,0,3,raw_repetition,ok,
qwalk-noancilla_indep_qiskit_9,qwalk-noancilla,data/quantum_circuits/qwalk-noancilla_indep_qiskit_9.qasm,e8037a4f622df36c65c0e756e11a6c6e3b8b40fbabaffb6cd59ff1cc79f49063,FakeSherbrooke,fake_sherbrooke,1,1024,1234,1234,9,6068,6199,3030,127,54330,106652,18321,0,106652,,,18.22448621700096,25.31625112200345,session-2,1,3,raw_repetition,ok,
qwalk-noancilla_indep_qiskit_9,qwalk-noancilla,data/quantum_circuits/qwalk-noancilla_indep_qiskit_9.qasm,e8037a4f622df36c65c0e756e11a6c6e3b8b40fbabaffb6cd59ff1cc79f49063,FakeSherbrooke,fake_sherbrooke,1,1024,1234,1234,9,6068,6199,3030,127,54330,106652,18321,0,106652,,,18.431821921003575,25.523586826006067,session-2,2,3,raw_repetition,ok,
qwalk-noancilla_indep_qiskit_9,qwalk-noancilla,data/quantum_circuits/qwalk-noancilla_indep_qiskit_9.qasm,e8037a4f622df36c65c0e756e11a6c6e3b8b40fbabaffb6cd59ff1cc79f49063,FakeSherbrooke,fake_sherbrooke,1,1024,1234,1234,9,6068,6199,3030,127,54330,106652,18321,0,106652,,,18.411790477999602,25.503555383002094,session-2,3,3,raw_repetition,ok,
qwalk-noancilla_indep_qiskit_9,qwalk-noancilla,data/quantum_circuits/qwalk-noancilla_indep_qiskit_9.qasm,e8037a4f622df36c65c0e756e11a6c6e3b8b40fbabaffb6cd59ff1cc79f49063,FakeSherbrooke,fake_sherbrooke,1,1024,1234,1234,9,6068,6199,3030,127,54330,106652,18321,0,106652,,,18.405457256001682,25.497222161004174,session-2,4,3,raw_repetition,ok,
qwalk-v-chain_indep_qiskit_3,qwalk-v-chain,data/quantum_circuits/qwalk-v-chain_indep_qiskit_3.qasm,9110b8773ad1c544b5ec91feaaa99c96975f7577fe6966b0f0df52dab84bef92,FakeSherbrooke,fake_sherbrooke,1,1024,1234,1234,3,20,29,6,127,370,626,102,0,626,0.06508490199848893,0.6261887179971382,0.7301417249982478,0.7952266269967367,session-2,0,3,raw_repetition,ok,
qwalk-v-chain_indep_qiskit_3,qwalk-v-chain,data/quantum_circuits/qwalk-v-chain_indep_qiskit_3.qasm,9110b8773ad1c544b5ec91feaaa99c96975f7577fe6966b0f0df52dab84bef92,FakeSherbrooke,fake_sherbrooke,1,1024,1234,1234,3,20,29,6,127,370,626,102,0,626,,,0.6095644240012916,0.6746493259997806,session-2,1,3,raw_repetition,ok,
qwalk-v-chain_indep_qiskit_3,qwalk-v-chain,data/quantum_circuits/qwalk-v-chain_indep_qiskit_3.qasm,9110b8773ad1c544b5ec91feaaa99c96975f7577fe6966b0f0df52dab84bef92,FakeSherbrooke,fake_sherbrooke,1,1024,1234,1234,3,20,29,6,127,370,626,102,0,626,,,0.7321854350011563,0.7972703369996452,session-2,2,3,raw_repetition,ok,
qwalk-v-chain_indep_qiskit_3,qwalk-v-chain,data/quantum_circuits/qwalk-v-chain_indep_qiskit_3.qasm,9110b8773ad1c544b5ec91feaaa99c96975f7577fe6966b0f0df52dab84bef92,FakeSherbrooke,fake_sherbrooke,1,1024,1234,1234,3,20,29,6,127,370,626,102,0,626,,,0.7623121739998169,0.8273970759983058,session-2,3,3,raw_repetition,ok,
qwalk-v-chain_indep_qiskit_3,qwalk-v-chain,data/quantum_circuits/qwalk-v-chain_indep_qiskit_3.qasm,9110b8773ad1c544b5ec91feaaa99c96975f7577fe6966b0f0df52dab84bef92,FakeSherbrooke,fake_sherbrooke,1,1024,1234,1234,3,20,29,6,127,370,626,102,0,626,,,0.6486901819989725,0.7137750839974615,session-2,4,3,raw_repetition,ok,
qwalk-v-chain_indep_qiskit_5,qwalk-v-chain,data/quantum_circuits/qwalk-v-chain_indep_qiskit_5.qasm,72fb5f837aaa2bec862c3a477efd166f351b72903612c32d444704a431457f4d,FakeSherbrooke,fake_sherbrooke,1,1024,1234,1234,5,38,55,6,127,920,1686,309,0,1686,0.16184108499874128,0.6583692849999352,0.6448211429997173,0.8066622279984585,session-2,0,3,raw_repetition,ok,
qwalk-v-chain_indep_qiskit_5,qwalk-v-chain,data/quantum_circuits/qwalk-v-chain_indep_qiskit_5.qasm,72fb5f837aaa2bec862c3a477efd166f351b72903612c32d444704a431457f4d,FakeSherbrooke,fake_sherbrooke,1,1024,1234,1234,5,38,55,6,127,920,1686,309,0,1686,,,0.7589776309978333,0.9208187159965746,session-2,1,3,raw_repetition,ok,
qwalk-v-chain_indep_qiskit_5,qwalk-v-chain,data/quantum_circuits/qwalk-v-chain_indep_qiskit_5.qasm,72fb5f837aaa2bec862c3a477efd166f351b72903612c32d444704a431457f4d,FakeSherbrooke,fake_sherbrooke,1,1024,1234,1234,5,38,55,6,127,920,1686,309,0,1686,,,0.6463327589990513,0.8081738439977926,session-2,2,3,raw_repetition,ok,
qwalk-v-chain_indep_qiskit_5,qwalk-v-chain,data/quantum_circuits/qwalk-v-chain_indep_qiskit_5.qasm,72fb5f837aaa2bec862c3a477efd166f351b72903612c32d444704a431457f4d,FakeSherbrooke,fake_sherbrooke,1,1024,1234,1234,5,38,55,6,127,920,1686,309,0,1686,,,0.7582648960014922,0.9201059810002334,session-2,3,3,raw_repetition,ok,
qwalk-v-chain_indep_qiskit_5,qwalk-v-chain,data/quantum_circuits/qwalk-v-chain_indep_qiskit_5.qasm,72fb5f837aaa2bec862c3a477efd166f351b72903612c32d444704a431457f4d,FakeSherbrooke,fake_sherbrooke,1,1024,1234,1234,5,38,55,6,127,920,1686,309,0,1686,,,0.6443936940013373,0.8062347790000786,session-2,4,3,raw_repetition,ok,
qwalk-v-chain_indep_qiskit_7,qwalk-v-chain,data/quantum_circuits/qwalk-v-chain_indep_qiskit_7.qasm,3d8107599f669ba102c734a8796433a6a348197dd98a74c63f172d7790b5c9a2,FakeSherbrooke,fake_sherbrooke,1,1024,1234,1234,7,68,93,6,127,1906,3455,612,0,3455,0.36421166299987817,0.9681325439996726,0.9706990470003802,1.3349107100002584,session-2,0,3,raw_repetition,ok,
qwalk-v-chain_indep_qiskit_7,qwalk-v-chain,data/quantum_circuits/qwalk-v-chain_indep_qiskit_7.qasm,3d8107599f669ba102c734a8796433a6a348197dd98a74c63f172d7790b5c9a2,FakeSherbrooke,fake_sherbrooke,1,1024,1234,1234,7,68,93,6,127,1906,3455,612,0,3455,,,1.1047107599988522,1.4689224229987303,session-2,1,3,raw_repetition,ok,
qwalk-v-chain_indep_qiskit_7,qwalk-v-chain,data/quantum_circuits/qwalk-v-chain_indep_qiskit_7.qasm,3d8107599f669ba102c734a8796433a6a348197dd98a74c63f172d7790b5c9a2,FakeSherbrooke,fake_sherbrooke,1,1024,1234,1234,7,68,93,6,127,1906,3455,612,0,3455,,,0.9860542690003058,1.350265932000184,session-2,2,3,raw_repetition,ok,
qwalk-v-chain_indep_qiskit_7,qwalk-v-chain,data/quantum_circuits/qwalk-v-chain_indep_qiskit_7.qasm,3d8107599f669ba102c734a8796433a6a348197dd98a74c63f172d7790b5c9a2,FakeSherbrooke,fake_sherbrooke,1,1024,1234,1234,7,68,93,6,127,1906,3455,612,0,3455,,,0.9786796959997446,1.3428913589996228,session-2,3,3,raw_repetition,ok,
qwalk-v-chain_indep_qiskit_7,qwalk-v-chain,data/quantum_circuits/qwalk-v-chain_indep_qiskit_7.qasm,3d8107599f669ba102c734a8796433a6a348197dd98a74c63f172d7790b5c9a2,FakeSherbrooke,fake_sherbrooke,1,1024,1234,1234,7,68,93,6,127,1906,3455,612,0,3455,,,1.1364372329990147,1.5006488959988928,session-2,4,3,raw_repetition,ok,
qwalk-v-chain_indep_qiskit_9,qwalk-v-chain,data/quantum_circuits/qwalk-v-chain_indep_qiskit_9.qasm,8650fb4f2d0816cd59c97df1ed4051936ecb3b5c31d39ba97cdc5cd2af374a8a,FakeSherbrooke,fake_sherbrooke,1,1024,1234,1234,9,110,143,6,127,2869,5754,1035,0,5754,0.4311243820011441,1.752317212001799,1.861087077002594,2.292211459003738,session-2,0,3,raw_repetition,ok,
qwalk-v-chain_indep_qiskit_9,qwalk-v-chain,data/quantum_circuits/qwalk-v-chain_indep_qiskit_9.qasm,8650fb4f2d0816cd59c97df1ed4051936ecb3b5c31d39ba97cdc5cd2af374a8a,FakeSherbrooke,fake_sherbrooke,1,1024,1234,1234,9,110,143,6,127,2869,5754,1035,0,5754,,,1.8906502659992839,2.321774648000428,session-2,1,3,raw_repetition,ok,
qwalk-v-chain_indep_qiskit_9,qwalk-v-chain,data/quantum_circuits/qwalk-v-chain_indep_qiskit_9.qasm,8650fb4f2d0816cd59c97df1ed4051936ecb3b5c31d39ba97cdc5cd2af374a8a,FakeSherbrooke,fake_sherbrooke,1,1024,1234,1234,9,110,143,6,127,2869,5754,1035,0,5754,,,1.7629771570027515,2.1941015390038956,session-2,2,3,raw_repetition,ok,
qwalk-v-chain_indep_qiskit_9,qwalk-v-chain,data/quantum_circuits/qwalk-v-chain_indep_qiskit_9.qasm,8650fb4f2d0816cd59c97df1ed4051936ecb3b5c31d39ba97cdc5cd2af374a8a,FakeSherbrooke,fake_sherbrooke,1,1024,1234,1234,9,110,143,6,127,2869,5754,1035,0,5754,,,1.7752129590007826,2.2063373410019267,session-2,3,3,raw_repetition,ok,
qwalk-v-chain_indep_qiskit_9,qwalk-v-chain,data/quantum_circuits/qwalk-v-chain_indep_qiskit_9.qasm,8650fb4f2d0816cd59c97df1ed4051936ecb3b5c31d39ba97cdc5cd2af374a8a,FakeSherbrooke,fake_sherbrooke,1,1024,1234,1234,9,110,143,6,127,2869,5754,1035,0,5754,,,1.8931755520025035,2.3242999340036476,session-2,4,3,raw_repetition,ok,
random_indep_qiskit_2,random,data/quantum_circuits/random_indep_qiskit_2.qasm,433844fca892218b1218ca028aafb0eddf1929d5ca52fdea53b3cb324e4055bd,FakeSherbrooke,fake_sherbrooke,1,1024,1234,1234,2,12,19,5,127,31,44,6,0,44,0.028674386001512175,0.6426482239985489,0.6179737899983593,0.6466481759998715,session-2,0,3,raw_repetition,ok,
random_indep_qiskit_2,random,data/quantum_circuits/random_indep_qiskit_2.qasm,433844fca892218b1218ca028aafb0eddf1929d5ca52fdea53b3cb324e4055bd,FakeSherbrooke,fake_sherbrooke,1,1024,1234,1234,2,12,19,5,127,31,44,6,0,44,,,0.7636937940005737,0.7923681800020859,session-2,1,3,raw_repetition,ok,
random_indep_qiskit_2,random,data/quantum_circuits/random_indep_qiskit_2.qasm,433844fca892218b1218ca028aafb0eddf1929d5ca52fdea53b3cb324e4055bd,FakeSherbrooke,fake_sherbrooke,1,1024,1234,1234,2,12,19,5,127,31,44,6,0,44,,,0.6135028299977421,0.6421772159992543,session-2,2,3,raw_repetition,ok,
random_indep_qiskit_2,random,data/quantum_circuits/random_indep_qiskit_2.qasm,433844fca892218b1218ca028aafb0eddf1929d5ca52fdea53b3cb324e4055bd,FakeSherbrooke,fake_sherbrooke,1,1024,1234,1234,2,12,19,5,127,31,44,6,0,44,,,0.7276137919980101,0.7562881779995223,session-2,3,3,raw_repetition,ok,
random_indep_qiskit_2,random,data/quantum_circuits/random_indep_qiskit_2.qasm,433844fca892218b1218ca028aafb0eddf1929d5ca52fdea53b3cb324e4055bd,FakeSherbrooke,fake_sherbrooke,1,1024,1234,1234,2,12,19,5,127,31,44,6,0,44,,,0.611556556999858,0.6402309430013702,session-2,4,3,raw_repetition,ok,
random_indep_qiskit_3,random,data/quantum_circuits/random_indep_qiskit_3.qasm,d7ecd343052e510bdf5fa0f67f2fdbc3ee5ddccd19f39548c2853114a94dece2,FakeSherbrooke,fake_sherbrooke,1,1024,1234,1234,3,11,20,4,127,103,172,27,0,172,0.05034335099844611,0.6041208969982108,0.6137622470014321,0.6641055979998782,session-2,0,3,raw_repetition,ok,
random_indep_qiskit_3,random,data/quantum_circuits/random_indep_qiskit_3.qasm,d7ecd343052e510bdf5fa0f67f2fdbc3ee5ddccd19f39548c2853114a94dece2,FakeSherbrooke,fake_sherbrooke,1,1024,1234,1234,3,11,20,4,127,103,172,27,0,172,,,0.7697968540014699,0.820140204999916,session-2,1,3,raw_repetition,ok,
random_indep_qiskit_3,random,data/quantum_circuits/random_indep_qiskit_3.qasm,d7ecd343052e510bdf5fa0f67f2fdbc3ee5ddccd19f39548c2853114a94dece2,FakeSherbrooke,fake_sherbrooke,1,1024,1234,1234,3,11,20,4,127,103,172,27,0,172,,,0.6339033889998973,0.6842467399983434,session-2,2,3,raw_repetition,ok,
random_indep_qiskit_3,random,data/quantum_circuits/random_indep_qiskit_3.qasm,d7ecd343052e510bdf5fa0f67f2fdbc3ee5ddccd19f39548c2853114a94dece2,FakeSherbrooke,fake_sherbrooke,1,1024,1234,1234,3,11,20,4,127,103,172,27,0,172,,,0.7468583650006622,0.7972017159991083,session-2,3,3,raw_repetition,ok,
random_indep_qiskit_3,random,data/quantum_circuits/random_indep_qiskit_3.qasm,d7ecd343052e510bdf5fa0f67f2fdbc3ee5ddccd19f39548c2853114a94dece2,FakeSherbrooke,fake_sherbrooke,1,1024,1234,1234,3,11,20,4,127,103,172,27,0,172,,,0.6241115849989001,0.6744549359973462,session-2,4,3,raw_repetition,ok,
random_indep_qiskit_4,random,data/quantum_circuits/random_indep_qiskit_4.qasm,212e0f8a693a745c9fc792b876e7be6ddb0ba051c1b0f558e0819e1437a8a2fb,FakeSherbrooke,fake_sherbrooke,1,1024,1234,1234,4,28,51,13,127,134,260,38,0,260,0.06798903099843301,0.6189909220011032,0.7269409180007642,0.7949299489991972,session-2,0,3,raw_repetition,ok,
random_indep_qiskit_4,random,data/quantum_circuits/random_indep_qiskit_4.qasm,212e0f8a693a745c9fc792b876e7be6ddb0ba051c1b0f558e0819e1437a8a2fb,FakeSherbrooke,fake_sherbrooke,1,1024,1234,1234,4,28,51,13,127,134,260,38,0,260,,,0.7602814919991943,0.8282705229976273,session-2,1,3,raw_repetition,ok,
random_indep_qiskit_4,random,data/quantum_circuits/random_indep_qiskit_4.qasm,212e0f8a693a745c9fc792b876e7be6ddb0ba051c1b0f558e0819e1437a8a2fb,FakeSherbrooke,fake_sherbrooke,1,1024,1234,1234,4,28,51,13,127,134,260,38,0,260,,,0.61493013099971,0.682919161998143,session-2,2,3,raw_repetition,ok,
random_indep_qiskit_4,random,data/quantum_circuits/random_indep_qiskit_4.qasm,212e0f8a693a745c9fc792b876e7be6ddb0ba051c1b0f558e0819e1437a8a2fb,FakeSherbrooke,fake_sherbrooke,1,1024,1234,1234,4,28,51,13,127,134,260,38,0,260,,,0.6132800719969964,0.6812691029954294,session-2,3,3,raw_repetition,ok,
random_indep_qiskit_4,random,data/quantum_circuits/random_indep_qiskit_4.qasm,212e0f8a693a745c9fc792b876e7be6ddb0ba051c1b0f558e0819e1437a8a2fb,FakeSherbrooke,fake_sherbrooke,1,1024,1234,1234,4,28,51,13,127,134,260,38,0,260,,,0.7447459850009182,0.8127350159993512,session-2,4,3,raw_repetition,ok,
random_indep_qiskit_5,random,data/quantum_circuits/random_indep_qiskit_5.qasm,8f11cd416ae9672f06a39e5ee3a27a70bcbf31d7177cb47270c0cd8512c95381,FakeSherbrooke,fake_sherbrooke,1,1024,1234,1234,5,25,60,14,127,118,343,52,0,343,0.07670051600143779,0.6289087949990062,0.736321913998836,0.8130224300002737,session-2,0,3,raw_repetition,ok,
random_indep_qiskit_5,random,data/quantum_circuits/random_indep_qiskit_5.qasm,8f11cd416ae9672f06a39e5ee3a27a70bcbf31d7177cb47270c0cd8512c95381,FakeSherbrooke,fake_sherbrooke,1,1024,1234,1234,5,25,60,14,127,118,343,52,0,343,,,0.6138977510017867,0.6905982670032245,session-2,1,3,raw_repetition,ok,
random_indep_qiskit_5,random,data/quantum_circuits/random_indep_qiskit_5.qasm,8f11cd416ae9672f06a39e5ee3a27a70bcbf31d7177cb47270c0cd8512c95381,FakeSherbrooke,fake_sherbrooke,1,1024,1234,1234,5,25,60,14,127,118,343,52,0,343,,,0.7345396679993428,0.8112401840007806,session-2,2,3,raw_repetition,ok,
random_indep_qiskit_5,random,data/quantum_circuits/random_indep_qiskit_5.qasm,8f11cd416ae9672f06a39e5ee3a27a70bcbf31d7177cb47270c0cd8512c95381,FakeSherbrooke,fake_sherbrooke,1,1024,1234,1234,5,25,60,14,127,118,343,52,0,343,,,0.6135810249979841,0.6902815409994218,session-2,3,3,raw_repetition,ok,
random_indep_qiskit_5,random,data/quantum_circuits/random_indep_qiskit_5.qasm,8f11cd416ae9672f06a39e5ee3a27a70bcbf31d7177cb47270c0cd8512c95381,FakeSherbrooke,fake_sherbrooke,1,1024,1234,1234,5,25,60,14,127,118,343,52,0,343,,,0.7364468159976241,0.8131473319990619,session-2,4,3,raw_repetition,ok,
random_indep_qiskit_6,random,data/quantum_circuits/random_indep_qiskit_6.qasm,4d5b55eb4b8a0aea0af4bde721618cbe79ed66e0636398ffddc79ace483672a6,FakeSherbrooke,fake_sherbrooke,1,1024,1234,1234,6,34,79,20,127,273,546,85,0,546,0.09062685599928955,0.6449978390010074,0.7924300889972073,0.8830569449964969,session-2,0,3,raw_repetition,ok,
random_indep_qiskit_6,random,data/quantum_circuits/random_indep_qiskit_6.qasm,4d5b55eb4b8a0aea0af4bde721618cbe79ed66e0636398ffddc79ace483672a6,FakeSherbrooke,fake_sherbrooke,1,1024,1234,1234,6,34,79,20,127,273,546,85,0,546,,,0.6658408169969334,0.756467672996223,session-2,1,3,raw_repetition,ok,
random_indep_qiskit_6,random,data/quantum_circuits/random_indep_qiskit_6.qasm,4d5b55eb4b8a0aea0af4bde721618cbe79ed66e0636398ffddc79ace483672a6,FakeSherbrooke,fake_sherbrooke,1,1024,1234,1234,6,34,79,20,127,273,546,85,0,546,,,0.6551301020008395,0.7457569580001291,session-2,2,3,raw_repetition,ok,
random_indep_qiskit_6,random,data/quantum_circuits/random_indep_qiskit_6.qasm,4d5b55eb4b8a0aea0af4bde721618cbe79ed66e0636398ffddc79ace483672a6,FakeSherbrooke,fake_sherbrooke,1,1024,1234,1234,6,34,79,20,127,273,546,85,0,546,,,0.7860922090003442,0.8767190649996337,session-2,3,3,raw_repetition,ok,
random_indep_qiskit_6,random,data/quantum_circuits/random_indep_qiskit_6.qasm,4d5b55eb4b8a0aea0af4bde721618cbe79ed66e0636398ffddc79ace483672a6,FakeSherbrooke,fake_sherbrooke,1,1024,1234,1234,6,34,79,20,127,273,546,85,0,546,,,0.6475236869991932,0.7381505429984827,session-2,4,3,raw_repetition,ok,
random_indep_qiskit_7,random,data/quantum_circuits/random_indep_qiskit_7.qasm,8ffee9c3a3af1aeaa766f38df57fcb62de5efa16d7f328d60a8977cb0da39e22,FakeSherbrooke,fake_sherbrooke,1,1024,1234,1234,7,41,117,30,127,378,891,144,0,891,0.11885137800345547,0.8317815740010701,0.7118842910022067,0.8307356690056622,session-2,0,3,raw_repetition,ok,
random_indep_qiskit_7,random,data/quantum_circuits/random_indep_qiskit_7.qasm,8ffee9c3a3af1aeaa766f38df57fcb62de5efa16d7f328d60a8977cb0da39e22,FakeSherbrooke,fake_sherbrooke,1,1024,1234,1234,7,41,117,30,127,378,891,144,0,891,,,0.697342961000686,0.8161943390041415,session-2,1,3,raw_repetition,ok,
random_indep_qiskit_7,random,data/quantum_circuits/random_indep_qiskit_7.qasm,8ffee9c3a3af1aeaa766f38df57fcb62de5efa16d7f328d60a8977cb0da39e22,FakeSherbrooke,fake_sherbrooke,1,1024,1234,1234,7,41,117,30,127,378,891,144,0,891,,,0.8514140660008707,0.9702654440043261,session-2,2,3,raw_repetition,ok,
random_indep_qiskit_7,random,data/quantum_circuits/random_indep_qiskit_7.qasm,8ffee9c3a3af1aeaa766f38df57fcb62de5efa16d7f328d60a8977cb0da39e22,FakeSherbrooke,fake_sherbrooke,1,1024,1234,1234,7,41,117,30,127,378,891,144,0,891,,,0.7144554340011382,0.8333068120045937,session-2,3,3,raw_repetition,ok,
random_indep_qiskit_7,random,data/quantum_circuits/random_indep_qiskit_7.qasm,8ffee9c3a3af1aeaa766f38df57fcb62de5efa16d7f328d60a8977cb0da39e22,FakeSherbrooke,fake_sherbrooke,1,1024,1234,1234,7,41,117,30,127,378,891,144,0,891,,,0.8331921749995672,0.9520435530030227,session-2,4,3,raw_repetition,ok,
random_indep_qiskit_8,random,data/quantum_circuits/random_indep_qiskit_8.qasm,fa595f88d0ab98542a799af4492f53b2a5e2e88ebc442a9b508abac209d0afcc,FakeSherbrooke,fake_sherbrooke,1,1024,1234,1234,8,50,153,40,127,511,1149,189,0,1149,0.13738480800020625,0.6855459770013113,0.8353487979984493,0.9727336059986555,session-2,0,3,raw_repetition,ok,
random_indep_qiskit_8,random,data/quantum_circuits/random_indep_qiskit_8.qasm,fa595f88d0ab98542a799af4492f53b2a5e2e88ebc442a9b508abac209d0afcc,FakeSherbrooke,fake_sherbrooke,1,1024,1234,1234,8,50,153,40,127,511,1149,189,0,1149,,,0.6836148300026252,0.8209996380028315,session-2,1,3,raw_repetition,ok,
random_indep_qiskit_8,random,data/quantum_circuits/random_indep_qiskit_8.qasm,fa595f88d0ab98542a799af4492f53b2a5e2e88ebc442a9b508abac209d0afcc,FakeSherbrooke,fake_sherbrooke,1,1024,1234,1234,8,50,153,40,127,511,1149,189,0,1149,,,0.6770098540000618,0.814394662000268,session-2,2,3,raw_repetition,ok,
random_indep_qiskit_8,random,data/quantum_circuits/random_indep_qiskit_8.qasm,fa595f88d0ab98542a799af4492f53b2a5e2e88ebc442a9b508abac209d0afcc,FakeSherbrooke,fake_sherbrooke,1,1024,1234,1234,8,50,153,40,127,511,1149,189,0,1149,,,0.803231304998917,0.9406161129991233,session-2,3,3,raw_repetition,ok,
random_indep_qiskit_8,random,data/quantum_circuits/random_indep_qiskit_8.qasm,fa595f88d0ab98542a799af4492f53b2a5e2e88ebc442a9b508abac209d0afcc,FakeSherbrooke,fake_sherbrooke,1,1024,1234,1234,8,50,153,40,127,511,1149,189,0,1149,,,0.6867609079999966,0.8241457160002028,session-2,4,3,raw_repetition,ok,
random_indep_qiskit_9,random,data/quantum_circuits/random_indep_qiskit_9.qasm,93eff191c23e0c3d13a127f38595909e7092290f5119c9be24a1ccc61fff5767,FakeSherbrooke,fake_sherbrooke,1,1024,1234,1234,9,53,164,39,127,680,1814,305,0,1814,0.18209809700056212,1.0276471659999515,0.9072208180004964,1.0893189150010585,session-2,0,3,raw_repetition,ok,
random_indep_qiskit_9,random,data/quantum_circuits/random_indep_qiskit_9.qasm,93eff191c23e0c3d13a127f38595909e7092290f5119c9be24a1ccc61fff5767,FakeSherbrooke,fake_sherbrooke,1,1024,1234,1234,9,53,164,39,127,680,1814,305,0,1814,,,0.9158178979996592,1.0979159950002213,session-2,1,3,raw_repetition,ok,
random_indep_qiskit_9,random,data/quantum_circuits/random_indep_qiskit_9.qasm,93eff191c23e0c3d13a127f38595909e7092290f5119c9be24a1ccc61fff5767,FakeSherbrooke,fake_sherbrooke,1,1024,1234,1234,9,53,164,39,127,680,1814,305,0,1814,,,1.022047490998375,1.2041455879989371,session-2,2,3,raw_repetition,ok,
random_indep_qiskit_9,random,data/quantum_circuits/random_indep_qiskit_9.qasm,93eff191c23e0c3d13a127f38595909e7092290f5119c9be24a1ccc61fff5767,FakeSherbrooke,fake_sherbrooke,1,1024,1234,1234,9,53,164,39,127,680,1814,305,0,1814,,,0.8895913109990943,1.0716894079996564,session-2,3,3,raw_repetition,ok,
random_indep_qiskit_9,random,data/quantum_circuits/random_indep_qiskit_9.qasm,93eff191c23e0c3d13a127f38595909e7092290f5119c9be24a1ccc61fff5767,FakeSherbrooke,fake_sherbrooke,1,1024,1234,1234,9,53,164,39,127,680,1814,305,0,1814,,,0.889850520001346,1.0719486170019081,session-2,4,3,raw_repetition,ok,
realamprandom_indep_qiskit_2,realamprandom,data/quantum_circuits/realamprandom_indep_qiskit_2.qasm,806f1844d225682cd7d5d0b276b5567caa23697f73064d8a20347024bb03fe40,FakeSherbrooke,fake_sherbrooke,1,1024,1234,1234,2,8,14,3,127,20,31,3,0,31,0.017167147998407017,0.7243763270016643,0.7533423900022171,0.7705095380006242,session-2,0,3,raw_repetition,ok,
realamprandom_indep_qiskit_2,realamprandom,data/quantum_circuits/realamprandom_indep_qiskit_2.qasm,806f1844d225682cd7d5d0b276b5567caa23697f73064d8a20347024bb03fe40,FakeSherbrooke,fake_sherbrooke,1,1024,1234,1234,2,8,14,3,127,20,31,3,0,31,,,0.604633468999964,0.621800616998371,session-2,1,3,raw_repetition,ok,
realamprandom_indep_qiskit_2,realamprandom,data/quantum_circuits/realamprandom_indep_qiskit_2.qasm,806f1844d225682cd7d5d0b276b5567caa23697f73064d8a20347024bb03fe40,FakeSherbrooke,fake_sherbrooke,1,1024,1234,1234,2,8,14,3,127,20,31,3,0,31,,,0.7551061589983874,0.7722733069967944,session-2,2,3,raw_repetition,ok,
realamprandom_indep_qiskit_2,realamprandom,data/quantum_circuits/realamprandom_indep_qiskit_2.qasm,806f1844d225682cd7d5d0b276b5567caa23697f73064d8a20347024bb03fe40,FakeSherbrooke,fake_sherbrooke,1,1024,1234,1234,2,8,14,3,127,20,31,3,0,31,,,0.6288834829974803,0.6460506309958873,session-2,3,3,raw_repetition,ok,
realamprandom_indep_qiskit_2,realamprandom,data/quantum_circuits/realamprandom_indep_qiskit_2.qasm,806f1844d225682cd7d5d0b276b5567caa23697f73064d8a20347024bb03fe40,FakeSherbrooke,fake_sherbrooke,1,1024,1234,1234,2,8,14,3,127,20,31,3,0,31,,,0.7313454859977355,0.7485126339961425,session-2,4,3,raw_repetition,ok,
realamprandom_indep_qiskit_3,realamprandom,data/quantum_circuits/realamprandom_indep_qiskit_3.qasm,79b8fdfbfe6897a226612f9b9e27a4533aac4b48258335fb7746c5f10989cedc,FakeSherbrooke,fake_sherbrooke,1,1024,1234,1234,3,14,25,9,127,78,133,21,0,133,0.04671148700072081,0.7373305459987023,0.765397833998577,0.8121093209992978,session-2,0,3,raw_repetition,ok,
realamprandom_indep_qiskit_3,realamprandom,data/quantum_circuits/realamprandom_indep_qiskit_3.qasm,79b8fdfbfe6897a226612f9b9e27a4533aac4b48258335fb7746c5f10989cedc,FakeSherbrooke,fake_sherbrooke,1,1024,1234,1234,3,14,25,9,127,78,133,21,0,133,,,0.6389130190000287,0.6856245060007495,session-2,1,3,raw_repetition,ok,
realamprandom_indep_qiskit_3,realamprandom,data/quantum_circuits/realamprandom_indep_qiskit_3.qasm,79b8fdfbfe6897a226612f9b9e27a4533aac4b48258335fb7746c5f10989cedc,FakeSherbrooke,fake_sherbrooke,1,1024,1234,1234,3,14,25,9,127,78,133,21,0,133,,,0.6319184829990263,0.6786299699997471,session-2,2,3,raw_repetition,ok,
realamprandom_indep_qiskit_3,realamprandom,data/quantum_circuits/realamprandom_indep_qiskit_3.qasm,79b8fdfbfe6897a226612f9b9e27a4533aac4b48258335fb7746c5f10989cedc,FakeSherbrooke,fake_sherbrooke,1,1024,1234,1234,3,14,25,9,127,78,133,21,0,133,,,0.7590707220006152,0.805782209001336,session-2,3,3,raw_repetition,ok,
realamprandom_indep_qiskit_3,realamprandom,data/quantum_circuits/realamprandom_indep_qiskit_3.qasm,79b8fdfbfe6897a226612f9b9e27a4533aac4b48258335fb7746c5f10989cedc,FakeSherbrooke,fake_sherbrooke,1,1024,1234,1234,3,14,25,9,127,78,133,21,0,133,,,0.6387415909994161,0.6854530780001369,session-2,4,3,raw_repetition,ok,
realamprandom_indep_qiskit_4,realamprandom,data/quantum_circuits/realamprandom_indep_qiskit_4.qasm,187d76ac82884dc3202418b0e06077eec26afed0c625b228d76b4416e6bfa480,FakeSherbrooke,fake_sherbrooke,1,1024,1234,1234,4,18,39,18,127,173,319,54,0,319,0.05115642300006584,0.6361808010005916,0.7489006989999325,0.8000571219999983,session-2,0,3,raw_repetition,ok,
realamprandom_indep_qiskit_4,realamprandom,data/quantum_circuits/realamprandom_indep_qiskit_4.qasm,187d76ac82884dc3202418b0e06077eec26afed0c625b228d76b4416e6bfa480,FakeSherbrooke,fake_sherbrooke,1,1024,1234,1234,4,18,39,18,127,173,319,54,0,319,,,0.6191976580012124,0.6703540810012782,session-2,1,3,raw_repetition,ok,
realamprandom_indep_qiskit_4,realamprandom,data/quantum_circuits/realamprandom_indep_qiskit_4.qasm,187d76ac82884dc3202418b0e06077eec26afed0c625b228d76b4416e6bfa480,FakeSherbrooke,fake_sherbrooke,1,1024,1234,1234,4,18,39,18,127,173,319,54,0,319,,,0.630075807999674,0.6812322309997398,session-2,2,3,raw_repetition,ok,
realamprandom_indep_qiskit_4,realamprandom,data/quantum_circuits/realamprandom_indep_qiskit_4.qasm,187d76ac82884dc3202418b0e06077eec26afed0c625b228d76b4416e6bfa480,FakeSherbrooke,fake_sherbrooke,1,1024,1234,1234,4,18,39,18,127,173,319,54,0,319,,,0.750438553001004,0.8015949760010699,session-2,3,3,raw_repetition,ok,
realamprandom_indep_qiskit_4,realamprandom,data/quantum_circuits/realamprandom_indep_qiskit_4.qasm,187d76ac82884dc3202418b0e06077eec26afed0c625b228d76b4416e6bfa480,FakeSherbrooke,fake_sherbrooke,1,1024,1234,1234,4,18,39,18,127,173,319,54,0,319,,,0.6478908520002733,0.6990472750003391,session-2,4,3,raw_repetition,ok,
realamprandom_indep_qiskit_5,realamprandom,data/quantum_circuits/realamprandom_indep_qiskit_5.qasm,8d3b3ff10a3a80d0dda4e7043cce2b222aaf9e3cc19caa194b8e87da40266ac5,FakeSherbrooke,fake_sherbrooke,1,1024,1234,1234,5,22,56,30,127,230,459,78,0,459,0.05571771700124373,0.6217062639989308,0.7573701270011952,0.8130878440024389,session-2,0,3,raw_repetition,ok,
realamprandom_indep_qiskit_5,realamprandom,data/quantum_circuits/realamprandom_indep_qiskit_5.qasm,8d3b3ff10a3a80d0dda4e7043cce2b222aaf9e3cc19caa194b8e87da40266ac5,FakeSherbrooke,fake_sherbrooke,1,1024,1234,1234,5,22,56,30,127,230,459,78,0,459,,,0.637006618999294,0.6927243360005377,session-2,1,3,raw_repetition,ok,
realamprandom_indep_qiskit_5,realamprandom,data/quantum_circuits/realamprandom_indep_qiskit_5.qasm,8d3b3ff10a3a80d0dda4e7043cce2b222aaf9e3cc19caa194b8e87da40266ac5,FakeSherbrooke,fake_sherbrooke,1,1024,1234,1234,5,22,56,30,127,230,459,78,0,459,,,0.6302424089990382,0.6859601260002819,session-2,2,3,raw_repetition,ok,
realamprandom_indep_qiskit_5,realamprandom,data/quantum_circuits/realamprandom_indep_qiskit_5.qasm,8d3b3ff10a3a80d0dda4e7043cce2b222aaf9e3cc19caa194b8e87da40266ac5,FakeSherbrooke,fake_sherbrooke,1,1024,1234,1234,5,22,56,30,127,230,459,78,0,459,,,0.7512049510005454,0.8069226680017891,session-2,3,3,raw_repetition,ok,
realamprandom_indep_qiskit_5,realamprandom,data/quantum_circuits/realamprandom_indep_qiskit_5.qasm,8d3b3ff10a3a80d0dda4e7043cce2b222aaf9e3cc19caa194b8e87da40266ac5,FakeSherbrooke,fake_sherbrooke,1,1024,1234,1234,5,22,56,30,127,230,459,78,0,459,,,0.6322257409992744,0.6879434580005181,session-2,4,3,raw_repetition,ok,
realamprandom_indep_qiskit_6,realamprandom,data/quantum_circuits/realamprandom_indep_qiskit_6.qasm,c9931425f0767057491a7e6ab8f1ed937fde917a862097440f57606892bddde9,FakeSherbrooke,fake_sherbrooke,1,1024,1234,1234,6,26,76,45,127,397,839,147,0,839,0.08417291599835153,0.664387340999383,0.8112625819994719,0.8954354979978234,session-2,0,3,raw_repetition,ok,
realamprandom_indep_qiskit_6,realamprandom,data/quantum_circuits/realamprandom_indep_qiskit_6.qasm,c9931425f0767057491a7e6ab8f1ed937fde917a862097440f57606892bddde9,FakeSherbrooke,fake_sherbrooke,1,1024,1234,1234,6,26,76,45,127,397,839,147,0,839,,,0.6498241189983673,0.7339970349967189,session-2,1,3,raw_repetition,ok,
realamprandom_indep_qiskit_6,realamprandom,data/quantum_circuits/realamprandom_indep_qiskit_6.qasm,c9931425f0767057491a7e6ab8f1ed937fde917a862097440f57606892bddde9,FakeSherbrooke,fake_sherbrooke,1,1024,1234,1234,6,26,76,45,127,397,839,147,0,839,,,0.669643510998867,0.7538164269972185,session-2,2,3,raw_repetition,ok,
realamprandom_indep_qiskit_6,realamprandom,data/quantum_circuits/realamprandom_indep_qiskit_6.qasm,c9931425f0767057491a7e6ab8f1ed937fde917a862097440f57606892bddde9,FakeSherbrooke,fake_sherbrooke,1,1024,1234,1234,6,26,76,45,127,397,839,147,0,839,,,0.7780360159995325,0.8622089319978841,session-2,3,3,raw_repetition,ok,
realamprandom_indep_qiskit_6,realamprandom,data/quantum_circuits/realamprandom_indep_qiskit_6.qasm,c9931425f0767057491a7e6ab8f1ed937fde917a862097440f57606892bddde9,FakeSherbrooke,fake_sherbrooke,1,1024,1234,1234,6,26,76,45,127,397,839,147,0,839,,,0.6449987560008594,0.729171671999211,session-2,4,3,raw_repetition,ok,
realamprandom_indep_qiskit_7,realamprandom,data/quantum_circuits/realamprandom_indep_qiskit_7.qasm,af19d23c83544c8b7f6be5c42e0254336c9902c1ef454c06b9d45c4582d2fd3d,FakeSherbrooke,fake_sherbrooke,1,1024,1234,1234,7,30,99,63,127,482,1180,213,0,1180,0.09665867100193282,0.8516588429993135,0.8819514210008492,0.978610092002782,session-2,0,3,raw_repetition,ok,
realamprandom_indep_qiskit_7,realamprandom,data/quantum_circuits/realamprandom_indep_qiskit_7.qasm,af19d23c83544c8b7f6be5c42e0254336c9902c1ef454c06b9d45c4582d2fd3d,FakeSherbrooke,fake_sherbrooke,1,1024,1234,1234,7,30,99,63,127,482,1180,213,0,1180,,,0.7446713889985404,0.8413300600004732,session-2,1,3,raw_repetition,ok,
realamprandom_indep_qiskit_7,realamprandom,data/quantum_circuits/realamprandom_indep_qiskit_7.qasm,af19d23c83544c8b7f6be5c42e0254336c9902c1ef454c06b9d45c4582d2fd3d,FakeSherbrooke,fake_sherbrooke,1,1024,1234,1234,7,30,99,63,127,482,1180,213,0,1180,,,0.7559495529967535,0.8526082239986863,session-2,2,3,raw_repetition,ok,
realamprandom_indep_qiskit_7,realamprandom,data/quantum_circuits/realamprandom_indep_qiskit_7.qasm,af19d23c83544c8b7f6be5c42e0254336c9902c1ef454c06b9d45c4582d2fd3d,FakeSherbrooke,fake_sherbrooke,1,1024,1234,1234,7,30,99,63,127,482,1180,213,0,1180,,,0.8701666189990647,0.9668252900009975,session-2,3,3,raw_repetition,ok,
realamprandom_indep_qiskit_7,realamprandom,data/quantum_circuits/realamprandom_indep_qiskit_7.qasm,af19d23c83544c8b7f6be5c42e0254336c9902c1ef454c06b9d45c4582d2fd3d,FakeSherbrooke,fake_sherbrooke,1,1024,1234,1234,7,30,99,63,127,482,1180,213,0,1180,,,0.7480851520012948,0.8447438230032276,session-2,4,3,raw_repetition,ok,
realamprandom_indep_qiskit_8,realamprandom,data/quantum_circuits/realamprandom_indep_qiskit_8.qasm,8ea085ea0c0185c560746ab5988221e203c457e2afbb475976fb99f718e2dad1,FakeSherbrooke,fake_sherbrooke,1,1024,1234,1234,8,34,125,84,127,654,1664,300,0,1664,0.1205981810016965,0.8670445729985659,0.8507879879980464,0.971386168999743,session-2,0,3,raw_repetition,ok,
realamprandom_indep_qiskit_8,realamprandom,data/quantum_circuits/realamprandom_indep_qiskit_8.qasm,8ea085ea0c0185c560746ab5988221e203c457e2afbb475976fb99f718e2dad1,FakeSherbrooke,fake_sherbrooke,1,1024,1234,1234,8,34,125,84,127,654,1664,300,0,1664,,,0.7394582540000556,0.8600564350017521,session-2,1,3,raw_repetition,ok,
realamprandom_indep_qiskit_8,realamprandom,data/quantum_circuits/realamprandom_indep_qiskit_8.qasm,8ea085ea0c0185c560746ab5988221e203c457e2afbb475976fb99f718e2dad1,FakeSherbrooke,fake_sherbrooke,1,1024,1234,1234,8,34,125,84,127,654,1664,300,0,1664,,,0.7257676659974095,0.846365846999106,session-2,2,3,raw_repetition,ok,
realamprandom_indep_qiskit_8,realamprandom,data/quantum_circuits/realamprandom_indep_qiskit_8.qasm,8ea085ea0c0185c560746ab5988221e203c457e2afbb475976fb99f718e2dad1,FakeSherbrooke,fake_sherbrooke,1,1024,1234,1234,8,34,125,84,127,654,1664,300,0,1664,,,0.8388280509971082,0.9594262319988047,session-2,3,3,raw_repetition,ok,
realamprandom_indep_qiskit_8,realamprandom,data/quantum_circuits/realamprandom_indep_qiskit_8.qasm,8ea085ea0c0185c560746ab5988221e203c457e2afbb475976fb99f718e2dad1,FakeSherbrooke,fake_sherbrooke,1,1024,1234,1234,8,34,125,84,127,654,1664,300,0,1664,,,0.7268215020012576,0.8474196830029541,session-2,4,3,raw_repetition,ok,
realamprandom_indep_qiskit_9,realamprandom,data/quantum_circuits/realamprandom_indep_qiskit_9.qasm,bdd8a427e9747bbc01ad8e77a22d61f0314fe8db0de17786839f2193ab0928bd,FakeSherbrooke,fake_sherbrooke,1,1024,1234,1234,9,38,154,108,127,513,2101,375,0,2101,0.25287520599886193,1.0359228599991184,1.0324270759992942,1.285302281998156,session-2,0,3,raw_repetition,ok,
realamprandom_indep_qiskit_9,realamprandom,data/quantum_circuits/realamprandom_indep_qiskit_9.qasm,bdd8a427e9747bbc01ad8e77a22d61f0314fe8db0de17786839f2193ab0928bd,FakeSherbrooke,fake_sherbrooke,1,1024,1234,1234,9,38,154,108,127,513,2101,375,0,2101,,,1.0348998250010482,1.28777503099991,session-2,1,3,raw_repetition,ok,
realamprandom_indep_qiskit_9,realamprandom,data/quantum_circuits/realamprandom_indep_qiskit_9.qasm,bdd8a427e9747bbc01ad8e77a22d61f0314fe8db0de17786839f2193ab0928bd,FakeSherbrooke,fake_sherbrooke,1,1024,1234,1234,9,38,154,108,127,513,2101,375,0,2101,,,1.1413496829991345,1.3942248889979965,session-2,2,3,raw_repetition,ok,
realamprandom_indep_qiskit_9,realamprandom,data/quantum_circuits/realamprandom_indep_qiskit_9.qasm,bdd8a427e9747bbc01ad8e77a22d61f0314fe8db0de17786839f2193ab0928bd,FakeSherbrooke,fake_sherbrooke,1,1024,1234,1234,9,38,154,108,127,513,2101,375,0,2101,,,1.0354574869998032,1.2883326929986652,session-2,3,3,raw_repetition,ok,
realamprandom_indep_qiskit_9,realamprandom,data/quantum_circuits/realamprandom_indep_qiskit_9.qasm,bdd8a427e9747bbc01ad8e77a22d61f0314fe8db0de17786839f2193ab0928bd,FakeSherbrooke,fake_sherbrooke,1,1024,1234,1234,9,38,154,108,127,513,2101,375,0,2101,,,1.0188974699995015,1.2717726759983634,session-2,4,3,raw_repetition,ok,
su2random_indep_qiskit_2,su2random,data/quantum_circuits/su2random_indep_qiskit_2.qasm,66c9180a271ec04f728ab259ed86a24fe52676e6f40a7614b02f79fd13536c91,FakeSherbrooke,fake_sherbrooke,1,1024,1234,1234,2,8,14,3,127,23,44,3,0,44,0.01925412799755577,0.735299968997424,0.740582190999703,0.7598363189972588,session-2,0,3,raw_repetition,ok,
su2random_indep_qiskit_2,su2random,data/quantum_circuits/su2random_indep_qiskit_2.qasm,66c9180a271ec04f728ab259ed86a24fe52676e6f40a7614b02f79fd13536c91,FakeSherbrooke,fake_sherbrooke,1,1024,1234,1234,2,8,14,3,127,23,44,3,0,44,,,0.6204756480001379,0.6397297759976937,session-2,1,3,raw_repetition,ok,
su2random_indep_qiskit_2,su2random,data/quantum_circuits/su2random_indep_qiskit_2.qasm,66c9180a271ec04f728ab259ed86a24fe52676e6f40a7614b02f79fd13536c91,FakeSherbrooke,fake_sherbrooke,1,1024,1234,1234,2,8,14,3,127,23,44,3,0,44,,,0.6269219899986638,0.6461761179962195,session-2,2,3,raw_repetition,ok,
su2random_indep_qiskit_2,su2random,data/quantum_circuits/su2random_indep_qiskit_2.qasm,66c9180a271ec04f728ab259ed86a24fe52676e6f40a7614b02f79fd13536c91,FakeSherbrooke,fake_sherbrooke,1,1024,1234,1234,2,8,14,3,127,23,44,3,0,44,,,0.7480141820014978,0.7672683099990536,session-2,3,3,raw_repetition,ok,
su2random_indep_qiskit_2,su2random,data/quantum_circuits/su2random_indep_qiskit_2.qasm,66c9180a271ec04f728ab259ed86a24fe52676e6f40a7614b02f79fd13536c91,FakeSherbrooke,fake_sherbrooke,1,1024,1234,1234,2,8,14,3,127,23,44,3,0,44,,,0.7627701700002945,0.7820242979978502,session-2,4,3,raw_repetition,ok,
su2random_indep_qiskit_3,su2random,data/quantum_circuits/su2random_indep_qiskit_3.qasm,c69c35c09a4dcfe7dd09af0b73be8e5f608531bf0baadd794f6861bcf237e40c,FakeSherbrooke,fake_sherbrooke,1,1024,1234,1234,3,14,25,9,127,86,153,21,0,153,0.037610149000101956,0.6248893429983582,0.6094870250017266,0.6470971740018285,session-2,0,3,raw_repetition,ok,
su2random_indep_qiskit_3,su2random,data/quantum_circuits/su2random_indep_qiskit_3.qasm,c69c35c09a4dcfe7dd09af0b73be8e5f608531bf0baadd794f6861bcf237e40c,FakeSherbrooke,fake_sherbrooke,1,1024,1234,1234,3,14,25,9,127,86,153,21,0,153,,,0.7221970069986128,0.7598071559987147,session-2,1,3,raw_repetition,ok,
su2random_indep_qiskit_3,su2random,data/quantum_circuits/su2random_indep_qiskit_3.qasm,c69c35c09a4dcfe7dd09af0b73be8e5f608531bf0baadd794f6861bcf237e40c,FakeSherbrooke,fake_sherbrooke,1,1024,1234,1234,3,14,25,9,127,86,153,21,0,153,,,0.6096909980005876,0.6473011470006895,session-2,2,3,raw_repetition,ok,
su2random_indep_qiskit_3,su2random,data/quantum_circuits/su2random_indep_qiskit_3.qasm,c69c35c09a4dcfe7dd09af0b73be8e5f608531bf0baadd794f6861bcf237e40c,FakeSherbrooke,fake_sherbrooke,1,1024,1234,1234,3,14,25,9,127,86,153,21,0,153,,,0.7225958509989141,0.7602059999990161,session-2,3,3,raw_repetition,ok,
su2random_indep_qiskit_3,su2random,data/quantum_circuits/su2random_indep_qiskit_3.qasm,c69c35c09a4dcfe7dd09af0b73be8e5f608531bf0baadd794f6861bcf237e40c,FakeSherbrooke,fake_sherbrooke,1,1024,1234,1234,3,14,25,9,127,86,153,21,0,153,,,0.7415950819995487,0.7792052309996507,session-2,4,3,raw_repetition,ok,
su2random_indep_qiskit_4,su2random,data/quantum_circuits/su2random_indep_qiskit_4.qasm,7fabc879bc998db5c05d7cc5b83db2d1704d7587139b714da9cf82639f4f093e,FakeSherbrooke,fake_sherbrooke,1,1024,1234,1234,4,18,39,18,127,183,343,54,0,343,0.04966167200109339,0.6498751379986061,0.7300670379991061,0.7797287100001995,session-2,0,3,raw_repetition,ok,
su2random_indep_qiskit_4,su2random,data/quantum_circuits/su2random_indep_qiskit_4.qasm,7fabc879bc998db5c05d7cc5b83db2d1704d7587139b714da9cf82639f4f093e,FakeSherbrooke,fake_sherbrooke,1,1024,1234,1234,4,18,39,18,127,183,343,54,0,343,,,0.6143173599994043,0.6639790320004977,session-2,1,3,raw_repetition,ok,
su2random_indep_qiskit_4,su2random,data/quantum_circuits/su2random_indep_qiskit_4.qasm,7fabc879bc998db5c05d7cc5b83db2d1704d7587139b714da9cf82639f4f093e,FakeSherbrooke,fake_sherbrooke,1,1024,1234,1234,4,18,39,18,127,183,343,54,0,343,,,0.7434837370019522,0.7931454090030456,session-2,2,3,raw_repetition,ok,
su2random_indep_qiskit_4,su2random,data/quantum_circuits/su2random_indep_qiskit_4.qasm,7fabc879bc998db5c05d7cc5b83db2d1704d7587139b714da9cf82639f4f093e,FakeSherbrooke,fake_sherbrooke,1,1024,1234,1234,4,18,39,18,127,183,343,54,0,343,,,0.6280798560001131,0.6777415280012065,session-2,3,3,raw_repetition,ok,
su2random_indep_qiskit_4,su2random,data/quantum_circuits/su2random_indep_qiskit_4.qasm,7fabc879bc998db5c05d7cc5b83db2d1704d7587139b714da9cf82639f4f093e,FakeSherbrooke,fake_sherbrooke,1,1024,1234,1234,4,18,39,18,127,183,343,54,0,343,,,0.6179498029996466,0.66761147500074,session-2,4,3,raw_repetition,ok,
su2random_indep_qiskit_5,su2random,data/quantum_circuits/su2random_indep_qiskit_5.qasm,c1572e3b6e41c965a5943c21ceacdbad56fc868b4ee02ff4ef8af2d2054a0602,FakeSherbrooke,fake_sherbrooke,1,1024,1234,1234,5,22,56,30,127,237,487,78,0,487,0.15657726999779698,0.6238850670015381,0.7442550539999502,0.9008323239977472,session-2,0,3,raw_repetition,ok,
su2random_indep_qiskit_5,su2random,data/quantum_circuits/su2random_indep_qiskit_5.qasm,c1572e3b6e41c965a5943c21ceacdbad56fc868b4ee02ff4ef8af2d2054a0602,FakeSherbrooke,fake_sherbrooke,1,1024,1234,1234,5,22,56,30,127,237,487,78,0,487,,,0.6346532360003039,0.7912305059981009,session-2,1,3,raw_repetition,ok,
su2random_indep_qiskit_5,su2random,data/quantum_circuits/su2random_indep_qiskit_5.qasm,c1572e3b6e41c965a5943c21ceacdbad56fc868b4ee02ff4ef8af2d2054a0602,FakeSherbrooke,fake_sherbrooke,1,1024,1234,1234,5,22,56,30,127,237,487,78,0,487,,,0.7392793660001189,0.8958566359979159,session-2,2,3,raw_repetition,ok,
su2random_indep_qiskit_5,su2random,data/quantum_circuits/su2random_indep_qiskit_5.qasm,c1572e3b6e41c965a5943c21ceacdbad56fc868b4ee02ff4ef8af2d2054a0602,FakeSherbrooke,fake_sherbrooke,1,1024,1234,1234,5,22,56,30,127,237,487,78,0,487,,,0.7825971249985741,0.9391743949963711,session-2,3,3,raw_repetition,ok,
su2random_indep_qiskit_5,su2random,data/quantum_circuits/su2random_indep_qiskit_5.qasm,c1572e3b6e41c965a5943c21ceacdbad56fc868b4ee02ff4ef8af2d2054a0602,FakeSherbrooke,fake_sherbrooke,1,1024,1234,1234,5,22,56,30,127,237,487,78,0,487,,,0.6480612759987707,0.8046385459965677,session-2,4,3,raw_repetition,ok,
su2random_indep_qiskit_6,su2random,data/quantum_circuits/su2random_indep_qiskit_6.qasm,2f497b92b87e3e9f44c1ae23dfbffc7309c1550756e6829eb694d42dd4f2ed03,FakeSherbrooke,fake_sherbrooke,1,1024,1234,1234,6,26,76,45,127,412,877,147,0,877,0.08388902300066547,0.6607225199986715,0.7643177909994847,0.8482068140001502,session-2,0,3,raw_repetition,ok,
su2random_indep_qiskit_6,su2random,data/quantum_circuits/su2random_indep_qiskit_6.qasm,2f497b92b87e3e9f44c1ae23dfbffc7309c1550756e6829eb694d42dd4f2ed03,FakeSherbrooke,fake_sherbrooke,1,1024,1234,1234,6,26,76,45,127,412,877,147,0,877,,,0.8158739399987098,0.8997629629993753,session-2,1,3,raw_repetition,ok,
su2random_indep_qiskit_6,su2random,data/quantum_circuits/su2random_indep_qiskit_6.qasm,2f497b92b87e3e9f44c1ae23dfbffc7309c1550756e6829eb694d42dd4f2ed03,FakeSherbrooke,fake_sherbrooke,1,1024,1234,1234,6,26,76,45,127,412,877,147,0,877,,,0.6738733819984191,0.7577624049990845,session-2,2,3,raw_repetition,ok,
su2random_indep_qiskit_6,su2random,data/quantum_circuits/su2random_indep_qiskit_6.qasm,2f497b92b87e3e9f44c1ae23dfbffc7309c1550756e6829eb694d42dd4f2ed03,FakeSherbrooke,fake_sherbrooke,1,1024,1234,1234,6,26,76,45,127,412,877,147,0,877,,,0.6770989620017644,0.7609879850024299,session-2,3,3,raw_repetition,ok,
su2random_indep_qiskit_6,su2random,data/quantum_circuits/su2random_indep_qiskit_6.qasm,2f497b92b87e3e9f44c1ae23dfbffc7309c1550756e6829eb694d42dd4f2ed03,FakeSherbrooke,fake_sherbrooke,1,1024,1234,1234,6,26,76,45,127,412,877,147,0,877,,,0.8136614809991443,0.8975505039998097,session-2,4,3,raw_repetition,ok,
su2random_indep_qiskit_7,su2random,data/quantum_circuits/su2random_indep_qiskit_7.qasm,4f2368cad1a087f01b7598f13a9afa3b7cea2d6f9e96f79eb390f62213c97af7,FakeSherbrooke,fake_sherbrooke,1,1024,1234,1234,7,30,99,63,127,503,1221,213,0,1221,0.09970260599948233,0.7532834730009199,0.8858242010028334,0.9855268070023158,session-2,0,3,raw_repetition,ok,
su2random_indep_qiskit_7,su2random,data/quantum_circuits/su2random_indep_qiskit_7.qasm,4f2368cad1a087f01b7598f13a9afa3b7cea2d6f9e96f79eb390f62213c97af7,FakeSherbrooke,fake_sherbrooke,1,1024,1234,1234,7,30,99,63,127,503,1221,213,0,1221,,,0.7646595199985313,0.8643621259980137,session-2,1,3,raw_repetition,ok,
su2random_indep_qiskit_7,su2random,data/quantum_circuits/su2random_indep_qiskit_7.qasm,4f2368cad1a087f01b7598f13a9afa3b7cea2d6f9e96f79eb390f62213c97af7,FakeSherbrooke,fake_sherbrooke,1,1024,1234,1234,7,30,99,63,127,503,1221,213,0,1221,,,0.7508224129996961,0.8505250189991784,session-2,2,3,raw_repetition,ok,
su2random_indep_qiskit_7,su2random,data/quantum_circuits/su2random_indep_qiskit_7.qasm,4f2368cad1a087f01b7598f13a9afa3b7cea2d6f9e96f79eb390f62213c97af7,FakeSherbrooke,fake_sherbrooke,1,1024,1234,1234,7,30,99,63,127,503,1221,213,0,1221,,,0.8914265659986995,0.9911291719981818,session-2,3,3,raw_repetition,ok,
su2random_indep_qiskit_7,su2random,data/quantum_circuits/su2random_indep_qiskit_7.qasm,4f2368cad1a087f01b7598f13a9afa3b7cea2d6f9e96f79eb390f62213c97af7,FakeSherbrooke,fake_sherbrooke,1,1024,1234,1234,7,30,99,63,127,503,1221,213,0,1221,,,0.7721899220014166,0.8718925280008989,session-2,4,3,raw_repetition,ok,
su2random_indep_qiskit_8,su2random,data/quantum_circuits/su2random_indep_qiskit_8.qasm,3157278e31c54e80e45de35bfb793aac89eb413e21aabe08b2e0e140de8c0d39,FakeSherbrooke,fake_sherbrooke,1,1024,1234,1234,8,34,125,84,127,663,1704,300,0,1704,0.1288720939992345,0.7305616049998207,0.7353233789981459,0.8641954729973804,session-2,0,3,raw_repetition,ok,
su2random_indep_qiskit_8,su2random,data/quantum_circuits/su2random_indep_qiskit_8.qasm,3157278e31c54e80e45de35bfb793aac89eb413e21aabe08b2e0e140de8c0d39,FakeSherbrooke,fake_sherbrooke,1,1024,1234,1234,8,34,125,84,127,663,1704,300,0,1704,,,0.72789787900183,0.8567699730010645,session-2,1,3,raw_repetition,ok,
su2random_indep_qiskit_8,su2random,data/quantum_circuits/su2random_indep_qiskit_8.qasm,3157278e31c54e80e45de35bfb793aac89eb413e21aabe08b2e0e140de8c0d39,FakeSherbrooke,fake_sherbrooke,1,1024,1234,1234,8,34,125,84,127,663,1704,300,0,1704,,,0.8612753809975402,0.9901474749967747,session-2,2,3,raw_repetition,ok,
su2random_indep_qiskit_8,su2random,data/quantum_circuits/su2random_indep_qiskit_8.qasm,3157278e31c54e80e45de35bfb793aac89eb413e21aabe08b2e0e140de8c0d39,FakeSherbrooke,fake_sherbrooke,1,1024,1234,1234,8,34,125,84,127,663,1704,300,0,1704,,,0.7378533949995472,0.8667254889987817,session-2,3,3,raw_repetition,ok,
su2random_indep_qiskit_8,su2random,data/quantum_circuits/su2random_indep_qiskit_8.qasm,3157278e31c54e80e45de35bfb793aac89eb413e21aabe08b2e0e140de8c0d39,FakeSherbrooke,fake_sherbrooke,1,1024,1234,1234,8,34,125,84,127,663,1704,300,0,1704,,,0.7319499069999438,0.8608220009991783,session-2,4,3,raw_repetition,ok,
su2random_indep_qiskit_9,su2random,data/quantum_circuits/su2random_indep_qiskit_9.qasm,c6ee0cb7c958cecf010796ce2ad0bb148b9fd660dd52393972c541d9ae422eca,FakeSherbrooke,fake_sherbrooke,1,1024,1234,1234,9,38,154,108,127,526,2146,375,0,2146,0.14894237999760662,1.157503219001228,1.0130006319996028,1.1619430119972094,session-2,0,3,raw_repetition,ok,
su2random_indep_qiskit_9,su2random,data/quantum_circuits/su2random_indep_qiskit_9.qasm,c6ee0cb7c958cecf010796ce2ad0bb148b9fd660dd52393972c541d9ae422eca,FakeSherbrooke,fake_sherbrooke,1,1024,1234,1234,9,38,154,108,127,526,2146,375,0,2146,,,1.1263030629997957,1.2752454429974023,session-2,1,3,raw_repetition,ok,
su2random_indep_qiskit_9,su2random,data/quantum_circuits/su2random_indep_qiskit_9.qasm,c6ee0cb7c958cecf010796ce2ad0bb148b9fd660dd52393972c541d9ae422eca,FakeSherbrooke,fake_sherbrooke,1,1024,1234,1234,9,38,154,108,127,526,2146,375,0,2146,,,1.0264806570012297,1.1754230369988363,session-2,2,3,raw_repetition,ok,
su2random_indep_qiskit_9,su2random,data/quantum_circuits/su2random_indep_qiskit_9.qasm,c6ee0cb7c958cecf010796ce2ad0bb148b9fd660dd52393972c541d9ae422eca,FakeSherbrooke,fake_sherbrooke,1,1024,1234,1234,9,38,154,108,127,526,2146,375,0,2146,,,1.1316110949992435,1.2805534749968501,session-2,3,3,raw_repetition,ok,
su2random_indep_qiskit_9,su2random,data/quantum_circuits/su2random_indep_qiskit_9.qasm,c6ee0cb7c958cecf010796ce2ad0bb148b9fd660dd52393972c541d9ae422eca,FakeSherbrooke,fake_sherbrooke,1,1024,1234,1234,9,38,154,108,127,526,2146,375,0,2146,,,1.0278606899992155,1.1768030699968222,session-2,4,3,raw_repetition,ok,
twolocalrandom_indep_qiskit_2,twolocalrandom,data/quantum_circuits/twolocalrandom_indep_qiskit_2.qasm,806f1844d225682cd7d5d0b276b5567caa23697f73064d8a20347024bb03fe40,FakeSherbrooke,fake_sherbrooke,1,1024,1234,1234,2,8,14,3,127,20,31,3,0,31,0.02326291899953503,0.7388699269977224,0.6164100599999074,0.6396729789994424,session-2,0,3,raw_repetition,ok,
twolocalrandom_indep_qiskit_2,twolocalrandom,data/quantum_circuits/twolocalrandom_indep_qiskit_2.qasm,806f1844d225682cd7d5d0b276b5567caa23697f73064d8a20347024bb03fe40,FakeSherbrooke,fake_sherbrooke,1,1024,1234,1234,2,8,14,3,127,20,31,3,0,31,,,0.6155382840006496,0.6388012030001846,session-2,1,3,raw_repetition,ok,
twolocalrandom_indep_qiskit_2,twolocalrandom,data/quantum_circuits/twolocalrandom_indep_qiskit_2.qasm,806f1844d225682cd7d5d0b276b5567caa23697f73064d8a20347024bb03fe40,FakeSherbrooke,fake_sherbrooke,1,1024,1234,1234,2,8,14,3,127,20,31,3,0,31,,,0.7385271200000716,0.7617900389996066,session-2,2,3,raw_repetition,ok,
twolocalrandom_indep_qiskit_2,twolocalrandom,data/quantum_circuits/twolocalrandom_indep_qiskit_2.qasm,806f1844d225682cd7d5d0b276b5567caa23697f73064d8a20347024bb03fe40,FakeSherbrooke,fake_sherbrooke,1,1024,1234,1234,2,8,14,3,127,20,31,3,0,31,,,0.615137094999227,0.638400013998762,session-2,3,3,raw_repetition,ok,
twolocalrandom_indep_qiskit_2,twolocalrandom,data/quantum_circuits/twolocalrandom_indep_qiskit_2.qasm,806f1844d225682cd7d5d0b276b5567caa23697f73064d8a20347024bb03fe40,FakeSherbrooke,fake_sherbrooke,1,1024,1234,1234,2,8,14,3,127,20,31,3,0,31,,,0.6105534989983425,0.6338164179978776,session-2,4,3,raw_repetition,ok,
twolocalrandom_indep_qiskit_3,twolocalrandom,data/quantum_circuits/twolocalrandom_indep_qiskit_3.qasm,79b8fdfbfe6897a226612f9b9e27a4533aac4b48258335fb7746c5f10989cedc,FakeSherbrooke,fake_sherbrooke,1,1024,1234,1234,3,14,25,9,127,78,133,21,0,133,0.04186188599851448,0.7324455459965975,0.7551258060011605,0.796987691999675,session-2,0,3,raw_repetition,ok,
twolocalrandom_indep_qiskit_3,twolocalrandom,data/quantum_circuits/twolocalrandom_indep_qiskit_3.qasm,79b8fdfbfe6897a226612f9b9e27a4533aac4b48258335fb7746c5f10989cedc,FakeSherbrooke,fake_sherbrooke,1,1024,1234,1234,3,14,25,9,127,78,133,21,0,133,,,0.6229037390003214,0.6647656249988358,session-2,1,3,raw_repetition,ok,
twolocalrandom_indep_qiskit_3,twolocalrandom,data/quantum_circuits/twolocalrandom_indep_qiskit_3.qasm,79b8fdfbfe6897a226612f9b9e27a4533aac4b48258335fb7746c5f10989cedc,FakeSherbrooke,fake_sherbrooke,1,1024,1234,1234,3,14,25,9,127,78,133,21,0,133,,,0.6098366549995262,0.6516985409980407,session-2,2,3,raw_repetition,ok,
twolocalrandom_indep_qiskit_3,twolocalrandom,data/quantum_circuits/twolocalrandom_indep_qiskit_3.qasm,79b8fdfbfe6897a226612f9b9e27a4533aac4b48258335fb7746c5f10989cedc,FakeSherbrooke,fake_sherbrooke,1,1024,1234,1234,3,14,25,9,127,78,133,21,0,133,,,0.7547551119969285,0.7966169979954429,session-2,3,3,raw_repetition,ok,
twolocalrandom_indep_qiskit_3,twolocalrandom,data/quantum_circuits/twolocalrandom_indep_qiskit_3.qasm,79b8fdfbfe6897a226612f9b9e27a4533aac4b48258335fb7746c5f10989cedc,FakeSherbrooke,fake_sherbrooke,1,1024,1234,1234,3,14,25,9,127,78,133,21,0,133,,,0.6123519659995509,0.6542138519980654,session-2,4,3,raw_repetition,ok,
twolocalrandom_indep_qiskit_4,twolocalrandom,data/quantum_circuits/twolocalrandom_indep_qiskit_4.qasm,187d76ac82884dc3202418b0e06077eec26afed0c625b228d76b4416e6bfa480,FakeSherbrooke,fake_sherbrooke,1,1024,1234,1234,4,18,39,18,127,173,319,54,0,319,0.05169262799972785,0.7242527840026014,0.7472384630018496,0.7989310910015774,session-2,0,3,raw_repetition,ok,
twolocalrandom_indep_qiskit_4,twolocalrandom,data/quantum_circuits/twolocalrandom_indep_qiskit_4.qasm,187d76ac82884dc3202418b0e06077eec26afed0c625b228d76b4416e6bfa480,FakeSherbrooke,fake_sherbrooke,1,1024,1234,1234,4,18,39,18,127,173,319,54,0,319,,,0.6439060560005601,0.6955986840002879,session-2,1,3,raw_repetition,ok,
twolocalrandom_indep_qiskit_4,twolocalrandom,data/quantum_circuits/twolocalrandom_indep_qiskit_4.qasm,187d76ac82884dc3202418b0e06077eec26afed0c625b228d76b4416e6bfa480,FakeSherbrooke,fake_sherbrooke,1,1024,1234,1234,4,18,39,18,127,173,319,54,0,319,,,0.6366027670010226,0.6882953950007504,session-2,2,3,raw_repetition,ok,
twolocalrandom_indep_qiskit_4,twolocalrandom,data/quantum_circuits/twolocalrandom_indep_qiskit_4.qasm,187d76ac82884dc3202418b0e06077eec26afed0c625b228d76b4416e6bfa480,FakeSherbrooke,fake_sherbrooke,1,1024,1234,1234,4,18,39,18,127,173,319,54,0,319,,,0.753414017999603,0.8051066459993308,session-2,3,3,raw_repetition,ok,
twolocalrandom_indep_qiskit_4,twolocalrandom,data/quantum_circuits/twolocalrandom_indep_qiskit_4.qasm,187d76ac82884dc3202418b0e06077eec26afed0c625b228d76b4416e6bfa480,FakeSherbrooke,fake_sherbrooke,1,1024,1234,1234,4,18,39,18,127,173,319,54,0,319,,,0.7785527470005036,0.8302453750002314,session-2,4,3,raw_repetition,ok,
twolocalrandom_indep_qiskit_5,twolocalrandom,data/quantum_circuits/twolocalrandom_indep_qiskit_5.qasm,8d3b3ff10a3a80d0dda4e7043cce2b222aaf9e3cc19caa194b8e87da40266ac5,FakeSherbrooke,fake_sherbrooke,1,1024,1234,1234,5,22,56,30,127,230,459,78,0,459,0.060537009001564,0.6486493839984178,0.7709762599988608,0.8315132690004248,session-2,0,3,raw_repetition,ok,
twolocalrandom_indep_qiskit_5,twolocalrandom,data/quantum_circuits/twolocalrandom_indep_qiskit_5.qasm,8d3b3ff10a3a80d0dda4e7043cce2b222aaf9e3cc19caa194b8e87da40266ac5,FakeSherbrooke,fake_sherbrooke,1,1024,1234,1234,5,22,56,30,127,230,459,78,0,459,,,0.6405391039988899,0.7010761130004539,session-2,1,3,raw_repetition,ok,
twolocalrandom_indep_qiskit_5,twolocalrandom,data/quantum_circuits/twolocalrandom_indep_qiskit_5.qasm,8d3b3ff10a3a80d0dda4e7043cce2b222aaf9e3cc19caa194b8e87da40266ac5,FakeSherbrooke,fake_sherbrooke,1,1024,1234,1234,5,22,56,30,127,230,459,78,0,459,,,0.7634497469989583,0.8239867560005223,session-2,2,3,raw_repetition,ok,
twolocalrandom_indep_qiskit_5,twolocalrandom,data/quantum_circuits/twolocalrandom_indep_qiskit_5.qasm,8d3b3ff10a3a80d0dda4e7043cce2b222aaf9e3cc19caa194b8e87da40266ac5,FakeSherbrooke,fake_sherbrooke,1,1024,1234,1234,5,22,56,30,127,230,459,78,0,459,,,0.645198165999318,0.705735175000882,session-2,3,3,raw_repetition,ok,
twolocalrandom_indep_qiskit_5,twolocalrandom,data/quantum_circuits/twolocalrandom_indep_qiskit_5.qasm,8d3b3ff10a3a80d0dda4e7043cce2b222aaf9e3cc19caa194b8e87da40266ac5,FakeSherbrooke,fake_sherbrooke,1,1024,1234,1234,5,22,56,30,127,230,459,78,0,459,,,0.7626962709982763,0.8232332799998403,session-2,4,3,raw_repetition,ok,
twolocalrandom_indep_qiskit_6,twolocalrandom,data/quantum_circuits/twolocalrandom_indep_qiskit_6.qasm,c9931425f0767057491a7e6ab8f1ed937fde917a862097440f57606892bddde9,FakeSherbrooke,fake_sherbrooke,1,1024,1234,1234,6,26,76,45,127,397,839,147,0,839,0.08581535000121221,0.6664738959989336,0.7850859120007954,0.8709012620020076,session-2,0,3,raw_repetition,ok,
twolocalrandom_indep_qiskit_6,twolocalrandom,data/quantum_circuits/twolocalrandom_indep_qiskit_6.qasm,c9931425f0767057491a7e6ab8f1ed937fde917a862097440f57606892bddde9,FakeSherbrooke,fake_sherbrooke,1,1024,1234,1234,6,26,76,45,127,397,839,147,0,839,,,0.8036010109972267,0.8894163609984389,session-2,1,3,raw_repetition,ok,
twolocalrandom_indep_qiskit_6,twolocalrandom,data/quantum_circuits/twolocalrandom_indep_qiskit_6.qasm,c9931425f0767057491a7e6ab8f1ed937fde917a862097440f57606892bddde9,FakeSherbrooke,fake_sherbrooke,1,1024,1234,1234,6,26,76,45,127,397,839,147,0,839,,,0.6721012480011268,0.757916598002339,session-2,2,3,raw_repetition,ok,
twolocalrandom_indep_qiskit_6,twolocalrandom,data/quantum_circuits/twolocalrandom_indep_qiskit_6.qasm,c9931425f0767057491a7e6ab8f1ed937fde917a862097440f57606892bddde9,FakeSherbrooke,fake_sherbrooke,1,1024,1234,1234,6,26,76,45,127,397,839,147,0,839,,,0.672737735996634,0.7585530859978462,session-2,3,3,raw_repetition,ok,
twolocalrandom_indep_qiskit_6,twolocalrandom,data/quantum_circuits/twolocalrandom_indep_qiskit_6.qasm,c9931425f0767057491a7e6ab8f1ed937fde917a862097440f57606892bddde9,FakeSherbrooke,fake_sherbrooke,1,1024,1234,1234,6,26,76,45,127,397,839,147,0,839,,,0.7804274410009384,0.8662427910021506,session-2,4,3,raw_repetition,ok,
twolocalrandom_indep_qiskit_7,twolocalrandom,data/quantum_circuits/twolocalrandom_indep_qiskit_7.qasm,af19d23c83544c8b7f6be5c42e0254336c9902c1ef454c06b9d45c4582d2fd3d,FakeSherbrooke,fake_sherbrooke,1,1024,1234,1234,7,30,99,63,127,482,1180,213,0,1180,0.09948235300180386,0.7387688540002273,0.8646654879994458,0.9641478410012496,session-2,0,3,raw_repetition,ok,
twolocalrandom_indep_qiskit_7,twolocalrandom,data/quantum_circuits/twolocalrandom_indep_qiskit_7.qasm,af19d23c83544c8b7f6be5c42e0254336c9902c1ef454c06b9d45c4582d2fd3d,FakeSherbrooke,fake_sherbrooke,1,1024,1234,1234,7,30,99,63,127,482,1180,213,0,1180,,,0.7786485979995632,0.8781309510013671,session-2,1,3,raw_repetition,ok,
twolocalrandom_indep_qiskit_7,twolocalrandom,data/quantum_circuits/twolocalrandom_indep_qiskit_7.qasm,af19d23c83544c8b7f6be5c42e0254336c9902c1ef454c06b9d45c4582d2fd3d,FakeSherbrooke,fake_sherbrooke,1,1024,1234,1234,7,30,99,63,127,482,1180,213,0,1180,,,0.7513645799990627,0.8508469330008666,session-2,2,3,raw_repetition,ok,
twolocalrandom_indep_qiskit_7,twolocalrandom,data/quantum_circuits/twolocalrandom_indep_qiskit_7.qasm,af19d23c83544c8b7f6be5c42e0254336c9902c1ef454c06b9d45c4582d2fd3d,FakeSherbrooke,fake_sherbrooke,1,1024,1234,1234,7,30,99,63,127,482,1180,213,0,1180,,,0.876924259999214,0.9764066130010178,session-2,3,3,raw_repetition,ok,
twolocalrandom_indep_qiskit_7,twolocalrandom,data/quantum_circuits/twolocalrandom_indep_qiskit_7.qasm,af19d23c83544c8b7f6be5c42e0254336c9902c1ef454c06b9d45c4582d2fd3d,FakeSherbrooke,fake_sherbrooke,1,1024,1234,1234,7,30,99,63,127,482,1180,213,0,1180,,,0.7637518539995654,0.8632342070013692,session-2,4,3,raw_repetition,ok,
twolocalrandom_indep_qiskit_8,twolocalrandom,data/quantum_circuits/twolocalrandom_indep_qiskit_8.qasm,8ea085ea0c0185c560746ab5988221e203c457e2afbb475976fb99f718e2dad1,FakeSherbrooke,fake_sherbrooke,1,1024,1234,1234,8,34,125,84,127,654,1664,300,0,1664,0.12913402999765822,0.7503972289996454,0.7317057569998724,0.8608397869975306,session-2,0,3,raw_repetition,ok,
twolocalrandom_indep_qiskit_8,twolocalrandom,data/quantum_circuits/twolocalrandom_indep_qiskit_8.qasm,8ea085ea0c0185c560746ab5988221e203c457e2afbb475976fb99f718e2dad1,FakeSherbrooke,fake_sherbrooke,1,1024,1234,1234,8,34,125,84,127,654,1664,300,0,1664,,,0.7353348420001566,0.8644688719978149,session-2,1,3,raw_repetition,ok,
twolocalrandom_indep_qiskit_8,twolocalrandom,data/quantum_circuits/twolocalrandom_indep_qiskit_8.qasm,8ea085ea0c0185c560746ab5988221e203c457e2afbb475976fb99f718e2dad1,FakeSherbrooke,fake_sherbrooke,1,1024,1234,1234,8,34,125,84,127,654,1664,300,0,1664,,,0.8807895659992937,1.009923595996952,session-2,2,3,raw_repetition,ok,
twolocalrandom_indep_qiskit_8,twolocalrandom,data/quantum_circuits/twolocalrandom_indep_qiskit_8.qasm,8ea085ea0c0185c560746ab5988221e203c457e2afbb475976fb99f718e2dad1,FakeSherbrooke,fake_sherbrooke,1,1024,1234,1234,8,34,125,84,127,654,1664,300,0,1664,,,0.744823233999341,0.8739572639969992,session-2,3,3,raw_repetition,ok,
twolocalrandom_indep_qiskit_8,twolocalrandom,data/quantum_circuits/twolocalrandom_indep_qiskit_8.qasm,8ea085ea0c0185c560746ab5988221e203c457e2afbb475976fb99f718e2dad1,FakeSherbrooke,fake_sherbrooke,1,1024,1234,1234,8,34,125,84,127,654,1664,300,0,1664,,,0.7503734040001291,0.8795074339977873,session-2,4,3,raw_repetition,ok,
twolocalrandom_indep_qiskit_9,twolocalrandom,data/quantum_circuits/twolocalrandom_indep_qiskit_9.qasm,bdd8a427e9747bbc01ad8e77a22d61f0314fe8db0de17786839f2193ab0928bd,FakeSherbrooke,fake_sherbrooke,1,1024,1234,1234,9,38,154,108,127,513,2101,375,0,2101,0.15228050499717938,1.1379119449993595,1.0301016890007304,1.1823821939979098,session-2,0,3,raw_repetition,ok,
twolocalrandom_indep_qiskit_9,twolocalrandom,data/quantum_circuits/twolocalrandom_indep_qiskit_9.qasm,bdd8a427e9747bbc01ad8e77a22d61f0314fe8db0de17786839f2193ab0928bd,FakeSherbrooke,fake_sherbrooke,1,1024,1234,1234,9,38,154,108,127,513,2101,375,0,2101,,,1.1582149399982882,1.3104954449954676,session-2,1,3,raw_repetition,ok,
twolocalrandom_indep_qiskit_9,twolocalrandom,data/quantum_circuits/twolocalrandom_indep_qiskit_9.qasm,bdd8a427e9747bbc01ad8e77a22d61f0314fe8db0de17786839f2193ab0928bd,FakeSherbrooke,fake_sherbrooke,1,1024,1234,1234,9,38,154,108,127,513,2101,375,0,2101,,,1.0248909500005539,1.1771714549977332,session-2,2,3,raw_repetition,ok,
twolocalrandom_indep_qiskit_9,twolocalrandom,data/quantum_circuits/twolocalrandom_indep_qiskit_9.qasm,bdd8a427e9747bbc01ad8e77a22d61f0314fe8db0de17786839f2193ab0928bd,FakeSherbrooke,fake_sherbrooke,1,1024,1234,1234,9,38,154,108,127,513,2101,375,0,2101,,,1.1557879239990143,1.3080684289961937,session-2,3,3,raw_repetition,ok,
twolocalrandom_indep_qiskit_9,twolocalrandom,data/quantum_circuits/twolocalrandom_indep_qiskit_9.qasm,bdd8a427e9747bbc01ad8e77a22d61f0314fe8db0de17786839f2193ab0928bd,FakeSherbrooke,fake_sherbrooke,1,1024,1234,1234,9,38,154,108,127,513,2101,375,0,2101,,,1.0091223620001983,1.1614028669973777,session-2,4,3,raw_repetition,ok,
vqe_indep_qiskit_3,vqe,data/quantum_circuits/vqe_indep_qiskit_3.qasm,92c02520f591e3d46218c6839b62acb2a1d5fbcc2ceba197b9265653f1737b24,FakeSherbrooke,fake_sherbrooke,1,1024,1234,1234,3,8,17,4,127,21,41,4,0,41,0.018100460001733154,0.7264758019991859,0.6231348719993548,0.641235332001088,session-2,0,3,raw_repetition,ok,
vqe_indep_qiskit_3,vqe,data/quantum_circuits/vqe_indep_qiskit_3.qasm,92c02520f591e3d46218c6839b62acb2a1d5fbcc2ceba197b9265653f1737b24,FakeSherbrooke,fake_sherbrooke,1,1024,1234,1234,3,8,17,4,127,21,41,4,0,41,,,0.6398894490012026,0.6579899090029357,session-2,1,3,raw_repetition,ok,
vqe_indep_qiskit_3,vqe,data/quantum_circuits/vqe_indep_qiskit_3.qasm,92c02520f591e3d46218c6839b62acb2a1d5fbcc2ceba197b9265653f1737b24,FakeSherbrooke,fake_sherbrooke,1,1024,1234,1234,3,8,17,4,127,21,41,4,0,41,,,0.745093565001298,0.7631940250030311,session-2,2,3,raw_repetition,ok,
vqe_indep_qiskit_3,vqe,data/quantum_circuits/vqe_indep_qiskit_3.qasm,92c02520f591e3d46218c6839b62acb2a1d5fbcc2ceba197b9265653f1737b24,FakeSherbrooke,fake_sherbrooke,1,1024,1234,1234,3,8,17,4,127,21,41,4,0,41,,,0.6233581179985777,0.6414585780003108,session-2,3,3,raw_repetition,ok,
vqe_indep_qiskit_3,vqe,data/quantum_circuits/vqe_indep_qiskit_3.qasm,92c02520f591e3d46218c6839b62acb2a1d5fbcc2ceba197b9265653f1737b24,FakeSherbrooke,fake_sherbrooke,1,1024,1234,1234,3,8,17,4,127,21,41,4,0,41,,,0.6360782570009178,0.654178717002651,session-2,4,3,raw_repetition,ok,
vqe_indep_qiskit_4,vqe,data/quantum_circuits/vqe_indep_qiskit_4.qasm,23a9403cafedb94bbd2f39d4d9106aca7f890047719b80231d86ac9fb8382383,FakeSherbrooke,fake_sherbrooke,1,1024,1234,1234,4,9,23,6,127,25,57,6,0,57,0.023281095000129426,0.7393598210001073,0.6279272419997142,0.6512083369998436,session-2,0,3,raw_repetition,ok,
vqe_indep_qiskit_4,vqe,data/quantum_circuits/vqe_indep_qiskit_4.qasm,23a9403cafedb94bbd2f39d4d9106aca7f890047719b80231d86ac9fb8382383,FakeSherbrooke,fake_sherbrooke,1,1024,1234,1234,4,9,23,6,127,25,57,6,0,57,,,0.7229978649993427,0.7462789599994721,session-2,1,3,raw_repetition,ok,
vqe_indep_qiskit_4,vqe,data/quantum_circuits/vqe_indep_qiskit_4.qasm,23a9403cafedb94bbd2f39d4d9106aca7f890047719b80231d86ac9fb8382383,FakeSherbrooke,fake_sherbrooke,1,1024,1234,1234,4,9,23,6,127,25,57,6,0,57,,,0.6459841549985867,0.6692652499987162,session-2,2,3,raw_repetition,ok,
vqe_indep_qiskit_4,vqe,data/quantum_circuits/vqe_indep_qiskit_4.qasm,23a9403cafedb94bbd2f39d4d9106aca7f890047719b80231d86ac9fb8382383,FakeSherbrooke,fake_sherbrooke,1,1024,1234,1234,4,9,23,6,127,25,57,6,0,57,,,0.7474070630014467,0.7706881580015761,session-2,3,3,raw_repetition,ok,
vqe_indep_qiskit_4,vqe,data/quantum_circuits/vqe_indep_qiskit_4.qasm,23a9403cafedb94bbd2f39d4d9106aca7f890047719b80231d86ac9fb8382383,FakeSherbrooke,fake_sherbrooke,1,1024,1234,1234,4,9,23,6,127,25,57,6,0,57,,,0.6321250770015467,0.6554061720016762,session-2,4,3,raw_repetition,ok,
vqe_indep_qiskit_5,vqe,data/quantum_circuits/vqe_indep_qiskit_5.qasm,8c7594c05053bb7af0015bd637170a669e9d39c1da6edce6a769992b6ef5c9cb,FakeSherbrooke,fake_sherbrooke,1,1024,1234,1234,5,10,29,8,127,28,74,8,0,74,0.020516757998848334,0.7317572169995401,0.7236456909995468,0.7441624489983951,session-2,0,3,raw_repetition,ok,
vqe_indep_qiskit_5,vqe,data/quantum_circuits/vqe_indep_qiskit_5.qasm,8c7594c05053bb7af0015bd637170a669e9d39c1da6edce6a769992b6ef5c9cb,FakeSherbrooke,fake_sherbrooke,1,1024,1234,1234,5,10,29,8,127,28,74,8,0,74,,,0.612583721998817,0.6331004799976654,session-2,1,3,raw_repetition,ok,
vqe_indep_qiskit_5,vqe,data/quantum_circuits/vqe_indep_qiskit_5.qasm,8c7594c05053bb7af0015bd637170a669e9d39c1da6edce6a769992b6ef5c9cb,FakeSherbrooke,fake_sherbrooke,1,1024,1234,1234,5,10,29,8,127,28,74,8,0,74,,,0.7155582859995775,0.7360750439984258,session-2,2,3,raw_repetition,ok,
vqe_indep_qiskit_5,vqe,data/quantum_circuits/vqe_indep_qiskit_5.qasm,8c7594c05053bb7af0015bd637170a669e9d39c1da6edce6a769992b6ef5c9cb,FakeSherbrooke,fake_sherbrooke,1,1024,1234,1234,5,10,29,8,127,28,74,8,0,74,,,0.7369424000025901,0.7574591580014385,session-2,3,3,raw_repetition,ok,
vqe_indep_qiskit_5,vqe,data/quantum_circuits/vqe_indep_qiskit_5.qasm,8c7594c05053bb7af0015bd637170a669e9d39c1da6edce6a769992b6ef5c9cb,FakeSherbrooke,fake_sherbrooke,1,1024,1234,1234,5,10,29,8,127,28,74,8,0,74,,,0.613700253998104,0.6342170119969524,session-2,4,3,raw_repetition,ok,
vqe_indep_qiskit_6,vqe,data/quantum_circuits/vqe_indep_qiskit_6.qasm,58501be4f197f4efd57535977a245f6adb39216116363b46836664cd6ca29e10,FakeSherbrooke,fake_sherbrooke,1,1024,1234,1234,6,11,35,10,127,30,88,10,0,88,0.02601897099884809,0.611355483000807,0.6291669220008771,0.6551858929997252,session-2,0,3,raw_repetition,ok,
vqe_indep_qiskit_6,vqe,data/quantum_circuits/vqe_indep_qiskit_6.qasm,58501be4f197f4efd57535977a245f6adb39216116363b46836664cd6ca29e10,FakeSherbrooke,fake_sherbrooke,1,1024,1234,1234,6,11,35,10,127,30,88,10,0,88,,,0.6425424439985363,0.6685614149973844,session-2,1,3,raw_repetition,ok,
vqe_indep_qiskit_6,vqe,data/quantum_circuits/vqe_indep_qiskit_6.qasm,58501be4f197f4efd57535977a245f6adb39216116363b46836664cd6ca29e10,FakeSherbrooke,fake_sherbrooke,1,1024,1234,1234,6,11,35,10,127,30,88,10,0,88,,,0.7680922079998709,0.794111178998719,session-2,2,3,raw_repetition,ok,
vqe_indep_qiskit_6,vqe,data/quantum_circuits/vqe_indep_qiskit_6.qasm,58501be4f197f4efd57535977a245f6adb39216116363b46836664cd6ca29e10,FakeSherbrooke,fake_sherbrooke,1,1024,1234,1234,6,11,35,10,127,30,88,10,0,88,,,0.6138375740010815,0.6398565449999296,session-2,3,3,raw_repetition,ok,
vqe_indep_qiskit_6,vqe,data/quantum_circuits/vqe_indep_qiskit_6.qasm,58501be4f197f4efd57535977a245f6adb39216116363b46836664cd6ca29e10,FakeSherbrooke,fake_sherbrooke,1,1024,1234,1234,6,11,35,10,127,30,88,10,0,88,,,0.6115112949992181,0.6375302659980662,session-2,4,3,raw_repetition,ok,
vqe_indep_qiskit_7,vqe,data/quantum_circuits/vqe_indep_qiskit_7.qasm,63b92ee6c5b54da107e9016de97e2cb7768bfb970ebc025650706533e47d3caf,FakeSherbrooke,fake_sherbrooke,1,1024,1234,1234,7,12,41,12,127,33,104,12,0,104,0.024022811001486843,0.7392357929966238,0.7615026310013491,0.7855254420028359,session-2,0,3,raw_repetition,ok,
vqe_indep_qiskit_7,vqe,data/quantum_circuits/vqe_indep_qiskit_7.qasm,63b92ee6c5b54da107e9016de97e2cb7768bfb970ebc025650706533e47d3caf,FakeSherbrooke,fake_sherbrooke,1,1024,1234,1234,7,12,41,12,127,33,104,12,0,104,,,0.6425551619977341,0.666577972999221,session-2,1,3,raw_repetition,ok,
vqe_indep_qiskit_7,vqe,data/quantum_circuits/vqe_indep_qiskit_7.qasm,63b92ee6c5b54da107e9016de97e2cb7768bfb970ebc025650706533e47d3caf,FakeSherbrooke,fake_sherbrooke,1,1024,1234,1234,7,12,41,12,127,33,104,12,0,104,,,0.6369501150002179,0.6609729260017048,session-2,2,3,raw_repetition,ok,
vqe_indep_qiskit_7,vqe,data/quantum_circuits/vqe_indep_qiskit_7.qasm,63b92ee6c5b54da107e9016de97e2cb7768bfb970ebc025650706533e47d3caf,FakeSherbrooke,fake_sherbrooke,1,1024,1234,1234,7,12,41,12,127,33,104,12,0,104,,,0.739464948001114,0.7634877590026008,session-2,3,3,raw_repetition,ok,
vqe_indep_qiskit_7,vqe,data/quantum_circuits/vqe_indep_qiskit_7.qasm,63b92ee6c5b54da107e9016de97e2cb7768bfb970ebc025650706533e47d3caf,FakeSherbrooke,fake_sherbrooke,1,1024,1234,1234,7,12,41,12,127,33,104,12,0,104,,,0.7528910379987792,0.776913849000266,session-2,4,3,raw_repetition,ok,
vqe_indep_qiskit_8,vqe,data/quantum_circuits/vqe_indep_qiskit_8.qasm,6e066adb38de82d96650b3f806e398374e88912fd4688ab9c98f3c94dcd33e16,FakeSherbrooke,fake_sherbrooke,1,1024,1234,1234,8,13,47,14,127,35,114,14,0,114,0.02750906499932171,0.6310617700000876,0.7538614390032308,0.7813705040025525,session-2,0,3,raw_repetition,ok,
vqe_indep_qiskit_8,vqe,data/quantum_circuits/vqe_indep_qiskit_8.qasm,6e066adb38de82d96650b3f806e398374e88912fd4688ab9c98f3c94dcd33e16,FakeSherbrooke,fake_sherbrooke,1,1024,1234,1234,8,13,47,14,127,35,114,14,0,114,,,0.6243226129990944,0.6518316779984161,session-2,1,3,raw_repetition,ok,
vqe_indep_qiskit_8,vqe,data/quantum_circuits/vqe_indep_qiskit_8.qasm,6e066adb38de82d96650b3f806e398374e88912fd4688ab9c98f3c94dcd33e16,FakeSherbrooke,fake_sherbrooke,1,1024,1234,1234,8,13,47,14,127,35,114,14,0,114,,,0.6246505039998738,0.6521595689991955,session-2,2,3,raw_repetition,ok,
vqe_indep_qiskit_8,vqe,data/quantum_circuits/vqe_indep_qiskit_8.qasm,6e066adb38de82d96650b3f806e398374e88912fd4688ab9c98f3c94dcd33e16,FakeSherbrooke,fake_sherbrooke,1,1024,1234,1234,8,13,47,14,127,35,114,14,0,114,,,0.7876303289995121,0.8151393939988338,session-2,3,3,raw_repetition,ok,
vqe_indep_qiskit_8,vqe,data/quantum_circuits/vqe_indep_qiskit_8.qasm,6e066adb38de82d96650b3f806e398374e88912fd4688ab9c98f3c94dcd33e16,FakeSherbrooke,fake_sherbrooke,1,1024,1234,1234,8,13,47,14,127,35,114,14,0,114,,,0.6498198089975631,0.6773288739968848,session-2,4,3,raw_repetition,ok,
vqe_indep_qiskit_9,vqe,data/quantum_circuits/vqe_indep_qiskit_9.qasm,bbafe35368c1a915635c383f6aaa4ec709a7c6e055550875d4de11ca0983dbb5,FakeSherbrooke,fake_sherbrooke,1,1024,1234,1234,9,14,53,16,127,40,134,16,0,134,0.029235313999379287,0.8113665440032491,0.6784349429981376,0.7076702569975168,session-2,0,3,raw_repetition,ok,
vqe_indep_qiskit_9,vqe,data/quantum_circuits/vqe_indep_qiskit_9.qasm,bbafe35368c1a915635c383f6aaa4ec709a7c6e055550875d4de11ca0983dbb5,FakeSherbrooke,fake_sherbrooke,1,1024,1234,1234,9,14,53,16,127,40,134,16,0,134,,,0.6477859990009165,0.6770213130002958,session-2,1,3,raw_repetition,ok,
vqe_indep_qiskit_9,vqe,data/quantum_circuits/vqe_indep_qiskit_9.qasm,bbafe35368c1a915635c383f6aaa4ec709a7c6e055550875d4de11ca0983dbb5,FakeSherbrooke,fake_sherbrooke,1,1024,1234,1234,9,14,53,16,127,40,134,16,0,134,,,0.7801643029997649,0.8093996169991442,session-2,2,3,raw_repetition,ok,
vqe_indep_qiskit_9,vqe,data/quantum_circuits/vqe_indep_qiskit_9.qasm,bbafe35368c1a915635c383f6aaa4ec709a7c6e055550875d4de11ca0983dbb5,FakeSherbrooke,fake_sherbrooke,1,1024,1234,1234,9,14,53,16,127,40,134,16,0,134,,,0.6681433300000208,0.6973786439994001,session-2,3,3,raw_repetition,ok,
vqe_indep_qiskit_9,vqe,data/quantum_circuits/vqe_indep_qiskit_9.qasm,bbafe35368c1a915635c383f6aaa4ec709a7c6e055550875d4de11ca0983dbb5,FakeSherbrooke,fake_sherbrooke,1,1024,1234,1234,9,14,53,16,127,40,134,16,0,134,,,0.7966574719976052,0.8258927859969845,session-2,4,3,raw_repetition,ok,
wstate_indep_qiskit_2,wstate,data/quantum_circuits/wstate_indep_qiskit_2.qasm,75b1db396e34d1f1b234ea8dcdc253203a770cecce7f48bb8a126860723c43df,FakeSherbrooke,fake_sherbrooke,1,1024,1234,1234,2,5,8,2,127,11,20,2,0,20,0.020046194000315154,0.7782080799988762,0.6172229289986717,0.6372691229989869,session-2,0,3,raw_repetition,ok,
wstate_indep_qiskit_2,wstate,data/quantum_circuits/wstate_indep_qiskit_2.qasm,75b1db396e34d1f1b234ea8dcdc253203a770cecce7f48bb8a126860723c43df,FakeSherbrooke,fake_sherbrooke,1,1024,1234,1234,2,5,8,2,127,11,20,2,0,20,,,0.7424834109988296,0.7625296049991448,session-2,1,3,raw_repetition,ok,
wstate_indep_qiskit_2,wstate,data/quantum_circuits/wstate_indep_qiskit_2.qasm,75b1db396e34d1f1b234ea8dcdc253203a770cecce7f48bb8a126860723c43df,FakeSherbrooke,fake_sherbrooke,1,1024,1234,1234,2,5,8,2,127,11,20,2,0,20,,,0.6179393420025008,0.6379855360028159,session-2,2,3,raw_repetition,ok,
wstate_indep_qiskit_2,wstate,data/quantum_circuits/wstate_indep_qiskit_2.qasm,75b1db396e34d1f1b234ea8dcdc253203a770cecce7f48bb8a126860723c43df,FakeSherbrooke,fake_sherbrooke,1,1024,1234,1234,2,5,8,2,127,11,20,2,0,20,,,0.6051791200006846,0.6252253140009998,session-2,3,3,raw_repetition,ok,
wstate_indep_qiskit_2,wstate,data/quantum_circuits/wstate_indep_qiskit_2.qasm,75b1db396e34d1f1b234ea8dcdc253203a770cecce7f48bb8a126860723c43df,FakeSherbrooke,fake_sherbrooke,1,1024,1234,1234,2,5,8,2,127,11,20,2,0,20,,,0.7317544810030086,0.7518006750033237,session-2,4,3,raw_repetition,ok,
wstate_indep_qiskit_3,wstate,data/quantum_circuits/wstate_indep_qiskit_3.qasm,50a5fc62010017f60b77f8c81e9ddf9bd95419be272d2ec5ed1445aae0c7ac92,FakeSherbrooke,fake_sherbrooke,1,1024,1234,1234,3,7,13,4,127,20,37,4,0,37,0.019721957000001566,0.6122642240006826,0.7420390439983748,0.7617610009983764,session-2,0,3,raw_repetition,ok,
wstate_indep_qiskit_3,wstate,data/quantum_circuits/wstate_indep_qiskit_3.qasm,50a5fc62010017f60b77f8c81e9ddf9bd95419be272d2ec5ed1445aae0c7ac92,FakeSherbrooke,fake_sherbrooke,1,1024,1234,1234,3,7,13,4,127,20,37,4,0,37,,,0.6164900219991978,0.6362119789991993,session-2,1,3,raw_repetition,ok,
wstate_indep_qiskit_3,wstate,data/quantum_circuits/wstate_indep_qiskit_3.qasm,50a5fc62010017f60b77f8c81e9ddf9bd95419be272d2ec5ed1445aae0c7ac92,FakeSherbrooke,fake_sherbrooke,1,1024,1234,1234,3,7,13,4,127,20,37,4,0,37,,,0.6119666209997376,0.6316885779997392,session-2,2,3,raw_repetition,ok,
wstate_indep_qiskit_3,wstate,data/quantum_circuits/wstate_indep_qiskit_3.qasm,50a5fc62010017f60b77f8c81e9ddf9bd95419be272d2ec5ed1445aae0c7ac92,FakeSherbrooke,fake_sherbrooke,1,1024,1234,1234,3,7,13,4,127,20,37,4,0,37,,,0.7389782299978833,0.7587001869978849,session-2,3,3,raw_repetition,ok,
wstate_indep_qiskit_3,wstate,data/quantum_circuits/wstate_indep_qiskit_3.qasm,50a5fc62010017f60b77f8c81e9ddf9bd95419be272d2ec5ed1445aae0c7ac92,FakeSherbrooke,fake_sherbrooke,1,1024,1234,1234,3,7,13,4,127,20,37,4,0,37,,,0.6223204339985386,0.6420423909985402,session-2,4,3,raw_repetition,ok,
wstate_indep_qiskit_4,wstate,data/quantum_circuits/wstate_indep_qiskit_4.qasm,387f2f6f12a10e034ae5b68c11336a9874e87f20871579eec585bfd7311f38c8,FakeSherbrooke,fake_sherbrooke,1,1024,1234,1234,4,9,18,6,127,22,50,6,0,50,0.022506917997816345,0.7509739920024003,0.6136051709981984,0.6361120889960148,session-2,0,3,raw_repetition,ok,
wstate_indep_qiskit_4,wstate,data/quantum_circuits/wstate_indep_qiskit_4.qasm,387f2f6f12a10e034ae5b68c11336a9874e87f20871579eec585bfd7311f38c8,FakeSherbrooke,fake_sherbrooke,1,1024,1234,1234,4,9,18,6,127,22,50,6,0,50,,,0.7411730060011905,0.7636799239990069,session-2,1,3,raw_repetition,ok,
wstate_indep_qiskit_4,wstate,data/quantum_circuits/wstate_indep_qiskit_4.qasm,387f2f6f12a10e034ae5b68c11336a9874e87f20871579eec585bfd7311f38c8,FakeSherbrooke,fake_sherbrooke,1,1024,1234,1234,4,9,18,6,127,22,50,6,0,50,,,0.6229053919996659,0.6454123099974822,session-2,2,3,raw_repetition,ok,
wstate_indep_qiskit_4,wstate,data/quantum_circuits/wstate_indep_qiskit_4.qasm,387f2f6f12a10e034ae5b68c11336a9874e87f20871579eec585bfd7311f38c8,FakeSherbrooke,fake_sherbrooke,1,1024,1234,1234,4,9,18,6,127,22,50,6,0,50,,,0.6112359770013427,0.633742894999159,session-2,3,3,raw_repetition,ok,
wstate_indep_qiskit_4,wstate,data/quantum_circuits/wstate_indep_qiskit_4.qasm,387f2f6f12a10e034ae5b68c11336a9874e87f20871579eec585bfd7311f38c8,FakeSherbrooke,fake_sherbrooke,1,1024,1234,1234,4,9,18,6,127,22,50,6,0,50,,,0.7394387480017031,0.7619456659995194,session-2,4,3,raw_repetition,ok,
wstate_indep_qiskit_5,wstate,data/quantum_circuits/wstate_indep_qiskit_5.qasm,dc97062e3adcbcaf813cae5e970c8a0357a239b8d4a09e77a4e3e4625532d209,FakeSherbrooke,fake_sherbrooke,1,1024,1234,1234,5,11,23,8,127,27,67,8,0,67,0.021900275998632424,0.6228980349987978,0.7299014070013072,0.7518016829999397,session-2,0,3,raw_repetition,ok,
wstate_indep_qiskit_5,wstate,data/quantum_circuits/wstate_indep_qiskit_5.qasm,dc97062e3adcbcaf813cae5e970c8a0357a239b8d4a09e77a4e3e4625532d209,FakeSherbrooke,fake_sherbrooke,1,1024,1234,1234,5,11,23,8,127,27,67,8,0,67,,,0.6107438010003534,0.6326440769989858,session-2,1,3,raw_repetition,ok,
wstate_indep_qiskit_5,wstate,data/quantum_circuits/wstate_indep_qiskit_5.qasm,dc97062e3adcbcaf813cae5e970c8a0357a239b8d4a09e77a4e3e4625532d209,FakeSherbrooke,fake_sherbrooke,1,1024,1234,1234,5,11,23,8,127,27,67,8,0,67,,,0.6092288829968311,0.6311291589954635,session-2,2,3,raw_repetition,ok,
wstate_indep_qiskit_5,wstate,data/quantum_circuits/wstate_indep_qiskit_5.qasm,dc97062e3adcbcaf813cae5e970c8a0357a239b8d4a09e77a4e3e4625532d209,FakeSherbrooke,fake_sherbrooke,1,1024,1234,1234,5,11,23,8,127,27,67,8,0,67,,,0.7264821830030996,0.7483824590017321,session-2,3,3,raw_repetition,ok,
wstate_indep_qiskit_5,wstate,data/quantum_circuits/wstate_indep_qiskit_5.qasm,dc97062e3adcbcaf813cae5e970c8a0357a239b8d4a09e77a4e3e4625532d209,FakeSherbrooke,fake_sherbrooke,1,1024,1234,1234,5,11,23,8,127,27,67,8,0,67,,,0.6057571700002882,0.6276574459989206,session-2,4,3,raw_repetition,ok,
wstate_indep_qiskit_6,wstate,data/quantum_circuits/wstate_indep_qiskit_6.qasm,dbfb4dd8bf80cda30461759a3169ec60ac535a27409cf938f691179c6a121ebd,FakeSherbrooke,fake_sherbrooke,1,1024,1234,1234,6,13,28,10,127,32,84,10,0,84,0.13417466900136787,0.6194474399999308,0.7213959939981578,0.8555706629995257,session-2,0,3,raw_repetition,ok,
wstate_indep_qiskit_6,wstate,data/quantum_circuits/wstate_indep_qiskit_6.qasm,dbfb4dd8bf80cda30461759a3169ec60ac535a27409cf938f691179c6a121ebd,FakeSherbrooke,fake_sherbrooke,1,1024,1234,1234,6,13,28,10,127,32,84,10,0,84,,,0.612210678998963,0.7463853480003309,session-2,1,3,raw_repetition,ok,
wstate_indep_qiskit_6,wstate,data/quantum_circuits/wstate_indep_qiskit_6.qasm,dbfb4dd8bf80cda30461759a3169ec60ac535a27409cf938f691179c6a121ebd,FakeSherbrooke,fake_sherbrooke,1,1024,1234,1234,6,13,28,10,127,32,84,10,0,84,,,0.7103313010011334,0.8445059700025013,session-2,2,3,raw_repetition,ok,
wstate_indep_qiskit_6,wstate,data/quantum_circuits/wstate_indep_qiskit_6.qasm,dbfb4dd8bf80cda30461759a3169ec60ac535a27409cf938f691179c6a121ebd,FakeSherbrooke,fake_sherbrooke,1,1024,1234,1234,6,13,28,10,127,32,84,10,0,84,,,0.7365341299991996,0.8707087990005675,session-2,3,3,raw_repetition,ok,
wstate_indep_qiskit_6,wstate,data/quantum_circuits/wstate_indep_qiskit_6.qasm,dbfb4dd8bf80cda30461759a3169ec60ac535a27409cf938f691179c6a121ebd,FakeSherbrooke,fake_sherbrooke,1,1024,1234,1234,6,13,28,10,127,32,84,10,0,84,,,0.621838287999708,0.7560129570010758,session-2,4,3,raw_repetition,ok,
wstate_indep_qiskit_7,wstate,data/quantum_circuits/wstate_indep_qiskit_7.qasm,1dab21c93a580f711efff03a0f4a1d82985cf201219e886ab246e03a9011735c,FakeSherbrooke,fake_sherbrooke,1,1024,1234,1234,7,15,33,12,127,37,101,12,0,101,0.023724579998088302,0.6289500659986516,0.6265263280001818,0.6502509079982701,session-2,0,3,raw_repetition,ok,
wstate_indep_qiskit_7,wstate,data/quantum_circuits/wstate_indep_qiskit_7.qasm,1dab21c93a580f711efff03a0f4a1d82985cf201219e886ab246e03a9011735c,FakeSherbrooke,fake_sherbrooke,1,1024,1234,1234,7,15,33,12,127,37,101,12,0,101,,,0.622823342000629,0.6465479219987174,session-2,1,3,raw_repetition,ok,
wstate_indep_qiskit_7,wstate,data/quantum_circuits/wstate_indep_qiskit_7.qasm,1dab21c93a580f711efff03a0f4a1d82985cf201219e886ab246e03a9011735c,FakeSherbrooke,fake_sherbrooke,1,1024,1234,1234,7,15,33,12,127,37,101,12,0,101,,,0.7445239999979094,0.7682485799959977,session-2,2,3,raw_repetition,ok,
wstate_indep_qiskit_7,wstate,data/quantum_circuits/wstate_indep_qiskit_7.qasm,1dab21c93a580f711efff03a0f4a1d82985cf201219e886ab246e03a9011735c,FakeSherbrooke,fake_sherbrooke,1,1024,1234,1234,7,15,33,12,127,37,101,12,0,101,,,0.628424565999012,0.6521491459971003,session-2,3,3,raw_repetition,ok,
wstate_indep_qiskit_7,wstate,data/quantum_circuits/wstate_indep_qiskit_7.qasm,1dab21c93a580f711efff03a0f4a1d82985cf201219e886ab246e03a9011735c,FakeSherbrooke,fake_sherbrooke,1,1024,1234,1234,7,15,33,12,127,37,101,12,0,101,,,0.6141679669999576,0.6378925469980459,session-2,4,3,raw_repetition,ok,
wstate_indep_qiskit_8,wstate,data/quantum_circuits/wstate_indep_qiskit_8.qasm,e2fba21685e6e7d22d625d8babcc9c51a8911815153e52fc89277e0efe117045,FakeSherbrooke,fake_sherbrooke,1,1024,1234,1234,8,17,38,14,127,42,118,14,0,118,0.13197811499776435,0.6283818319971033,0.7347158170014154,0.8666939319991798,session-2,0,3,raw_repetition,ok,
wstate_indep_qiskit_8,wstate,data/quantum_circuits/wstate_indep_qiskit_8.qasm,e2fba21685e6e7d22d625d8babcc9c51a8911815153e52fc89277e0efe117045,FakeSherbrooke,fake_sherbrooke,1,1024,1234,1234,8,17,38,14,127,42,118,14,0,118,,,0.6197866219990829,0.7517647369968472,session-2,1,3,raw_repetition,ok,
wstate_indep_qiskit_8,wstate,data/quantum_circuits/wstate_indep_qiskit_8.qasm,e2fba21685e6e7d22d625d8babcc9c51a8911815153e52fc89277e0efe117045,FakeSherbrooke,fake_sherbrooke,1,1024,1234,1234,8,17,38,14,127,42,118,14,0,118,,,0.7358763939992059,0.8678545089969703,session-2,2,3,raw_repetition,ok,
wstate_indep_qiskit_8,wstate,data/quantum_circuits/wstate_indep_qiskit_8.qasm,e2fba21685e6e7d22d625d8babcc9c51a8911815153e52fc89277e0efe117045,FakeSherbrooke,fake_sherbrooke,1,1024,1234,1234,8,17,38,14,127,42,118,14,0,118,,,0.6151536079996731,0.7471317229974375,session-2,3,3,raw_repetition,ok,
wstate_indep_qiskit_8,wstate,data/quantum_circuits/wstate_indep_qiskit_8.qasm,e2fba21685e6e7d22d625d8babcc9c51a8911815153e52fc89277e0efe117045,FakeSherbrooke,fake_sherbrooke,1,1024,1234,1234,8,17,38,14,127,42,118,14,0,118,,,0.7400234999986424,0.8720016149964067,session-2,4,3,raw_repetition,ok,
wstate_indep_qiskit_9,wstate,data/quantum_circuits/wstate_indep_qiskit_9.qasm,84c07c56eef046e3c72823b20fb674075b1ab68a85dc6a06baf7f35983e2bd17,FakeSherbrooke,fake_sherbrooke,1,1024,1234,1234,9,19,43,16,127,47,135,16,0,135,0.027125823002279503,0.7770682369991846,0.6498442590018385,0.676970082004118,session-2,0,3,raw_repetition,ok,
wstate_indep_qiskit_9,wstate,data/quantum_circuits/wstate_indep_qiskit_9.qasm,84c07c56eef046e3c72823b20fb674075b1ab68a85dc6a06baf7f35983e2bd17,FakeSherbrooke,fake_sherbrooke,1,1024,1234,1234,9,19,43,16,127,47,135,16,0,135,,,0.7788294780002616,0.8059553010025411,session-2,1,3,raw_repetition,ok,
wstate_indep_qiskit_9,wstate,data/quantum_circuits/wstate_indep_qiskit_9.qasm,84c07c56eef046e3c72823b20fb674075b1ab68a85dc6a06baf7f35983e2bd17,FakeSherbrooke,fake_sherbrooke,1,1024,1234,1234,9,19,43,16,127,47,135,16,0,135,,,0.6548503650010389,0.6819761880033184,session-2,2,3,raw_repetition,ok,
wstate_indep_qiskit_9,wstate,data/quantum_circuits/wstate_indep_qiskit_9.qasm,84c07c56eef046e3c72823b20fb674075b1ab68a85dc6a06baf7f35983e2bd17,FakeSherbrooke,fake_sherbrooke,1,1024,1234,1234,9,19,43,16,127,47,135,16,0,135,,,0.6497726980014704,0.6768985210037499,session-2,3,3,raw_repetition,ok,
wstate_indep_qiskit_9,wstate,data/quantum_circuits/wstate_indep_qiskit_9.qasm,84c07c56eef046e3c72823b20fb674075b1ab68a85dc6a06baf7f35983e2bd17,FakeSherbrooke,fake_sherbrooke,1,1024,1234,1234,9,19,43,16,127,47,135,16,0,135,,,0.7705020649991638,0.7976278880014434,session-2,4,3,raw_repetition,ok,
ae_indep_qiskit_2,ae,data/quantum_circuits/ae_indep_qiskit_2.qasm,de56c0798eca25bd1510d4d10f11e996f0bad2a11ce94a265da0635c161cbcae,FakeSherbrooke,fake_sherbrooke,1,1024,1234,1234,2,6,10,2,127,14,20,2,0,20,0.018212382001365768,0.6171831280007609,0.6445786120020784,0.6627909940034442,session-3,0,3,raw_repetition,ok,
ae_indep_qiskit_2,ae,data/quantum_circuits/ae_indep_qiskit_2.qasm,de56c0798eca25bd1510d4d10f11e996f0bad2a11ce94a265da0635c161cbcae,FakeSherbrooke,fake_sherbrooke,1,1024,1234,1234,2,6,10,2,127,14,20,2,0,20,,,0.6376882690019556,0.6559006510033214,session-3,1,3,raw_repetition,ok,
ae_indep_qiskit_2,ae,data/quantum_circuits/ae_indep_qiskit_2.qasm,de56c0798eca25bd1510d4d10f11e996f0bad2a11ce94a265da0635c161cbcae,FakeSherbrooke,fake_sherbrooke,1,1024,1234,1234,2,6,10,2,127,14,20,2,0,20,,,0.7682057749989326,0.7864181570002984,session-3,2,3,raw_repetition,ok,
ae_indep_qiskit_2,ae,data/quantum_circuits/ae_indep_qiskit_2.qasm,de56c0798eca25bd1510d4d10f11e996f0bad2a11ce94a265da0635c161cbcae,FakeSherbrooke,fake_sherbrooke,1,1024,1234,1234,2,6,10,2,127,14,20,2,0,20,,,0.6409901999977592,0.659202581999125,session-3,3,3,raw_repetition,ok,
ae_indep_qiskit_2,ae,data/quantum_circuits/ae_indep_qiskit_2.qasm,de56c0798eca25bd1510d4d10f11e996f0bad2a11ce94a265da0635c161cbcae,FakeSherbrooke,fake_sherbrooke,1,1024,1234,1234,2,6,10,2,127,14,20,2,0,20,,,0.7590841300007014,0.7772965120020672,session-3,4,3,raw_repetition,ok,
ae_indep_qiskit_3,ae,data/quantum_circuits/ae_indep_qiskit_3.qasm,6b2f9fea850557b40ca9b69341ec300b1c4fe1f4bf53e94436af2ba1586bac62,FakeSherbrooke,fake_sherbrooke,1,1024,1234,1234,3,12,18,4,127,35,62,9,0,62,0.03847451800174895,0.6157541749998927,0.6254790150014742,0.6639535330032231,session-3,0,3,raw_repetition,ok,
ae_indep_qiskit_3,ae,data/quantum_circuits/ae_indep_qiskit_3.qasm,6b2f9fea850557b40ca9b69341ec300b1c4fe1f4bf53e94436af2ba1586bac62,FakeSherbrooke,fake_sherbrooke,1,1024,1234,1234,3,12,18,4,127,35,62,9,0,62,,,0.6276309599998058,0.6661054780015547,session-3,1,3,raw_repetition,ok,
ae_indep_qiskit_3,ae,data/quantum_circuits/ae_indep_qiskit_3.qasm,6b2f9fea850557b40ca9b69341ec300b1c4fe1f4bf53e94436af2ba1586bac62,FakeSherbrooke,fake_sherbrooke,1,1024,1234,1234,3,12,18,4,127,35,62,9,0,62,,,0.7408013039967045,0.7792758219984535,session-3,2,3,raw_repetition,ok,
ae_indep_qiskit_3,ae,data/quantum_circuits/ae_indep_qiskit_3.qasm,6b2f9fea850557b40ca9b69341ec300b1c4fe1f4bf53e94436af2ba1586bac62,FakeSherbrooke,fake_sherbrooke,1,1024,1234,1234,3,12,18,4,127,35,62,9,0,62,,,0.6185451739984273,0.6570196920001763,session-3,3,3,raw_repetition,ok,
ae_indep_qiskit_3,ae,data/quantum_circuits/ae_indep_qiskit_3.qasm,6b2f9fea850557b40ca9b69341ec300b1c4fe1f4bf53e94436af2ba1586bac62,FakeSherbrooke,fake_sherbrooke,1,1024,1234,1234,3,12,18,4,127,35,62,9,0,62,,,0.7339518789995054,0.7724263970012544,session-3,4,3,raw_repetition,ok,
ae_indep_qiskit_4,ae,data/quantum_circuits/ae_indep_qiskit_4.qasm,9b4261e2d98678946a9aefea16ba9b8abcae8409f8589f8fb3daa941694f88c6,FakeSherbrooke,fake_sherbrooke,1,1024,1234,1234,4,18,27,6,127,82,125,18,0,125,0.04098695799984853,0.6113105809999979,0.6257052269975247,0.6666921849973733,session-3,0,3,raw_repetition,ok,
ae_indep_qiskit_4,ae,data/quantum_circuits/ae_indep_qiskit_4.qasm,9b4261e2d98678946a9aefea16ba9b8abcae8409f8589f8fb3daa941694f88c6,FakeSherbrooke,fake_sherbrooke,1,1024,1234,1234,4,18,27,6,127,82,125,18,0,125,,,0.748048209999979,0.7890351679998275,session-3,1,3,raw_repetition,ok,
ae_indep_qiskit_4,ae,data/quantum_circuits/ae_indep_qiskit_4.qasm,9b4261e2d98678946a9aefea16ba9b8abcae8409f8589f8fb3daa941694f88c6,FakeSherbrooke,fake_sherbrooke,1,1024,1234,1234,4,18,27,6,127,82,125,18,0,125,,,0.6172936230032064,0.658280581003055,session-3,2,3,raw_repetition,ok,
ae_indep_qiskit_4,ae,data/quantum_circuits/ae_indep_qiskit_4.qasm,9b4261e2d98678946a9aefea16ba9b8abcae8409f8589f8fb3daa941694f88c6,FakeSherbrooke,fake_sherbrooke,1,1024,1234,1234,4,18,27,6,127,82,125,18,0,125,,,0.6132486509995942,0.6542356089994428,session-3,3,3,raw_repetition,ok,
ae_indep_qiskit_4,ae,data/quantum_circuits/ae_indep_qiskit_4.qasm,9b4261e2d98678946a9aefea16ba9b8abcae8409f8589f8fb3daa941694f88c6,FakeSherbrooke,fake_sherbrooke,1,1024,1234,1234,4,18,27,6,127,82,125,18,0,125,,,0.7246080520017131,0.7655950100015616,session-3,4,3,raw_repetition,ok,
ae_indep_qiskit_5,ae,data/quantum_circuits/ae_indep_qiskit_5.qasm,8e4821df72704634cb81ea4d738477a8d596a49cba641e6198fdc9970e1d5d2f,FakeSherbrooke,fake_sherbrooke,1,1024,1234,1234,5,24,37,8,127,130,205,32,0,205,0.05536216999826138,0.7523126349988161,0.6456277449979098,0.7009899149961711,session-3,0,3,raw_repetition,ok,
ae_indep_qiskit_5,ae,data/quantum_circuits/ae_indep_qiskit_5.qasm,8e4821df72704634cb81ea4d738477a8d596a49cba641e6198fdc9970e1d5d2f,FakeSherbrooke,fake_sherbrooke,1,1024,1234,1234,5,24,37,8,127,130,205,32,0,205,,,0.6205098749996978,0.6758720449979592,session-3,1,3,raw_repetition,ok,
ae_indep_qiskit_5,ae,data/quantum_circuits/ae_indep_qiskit_5.qasm,8e4821df72704634cb81ea4d738477a8d596a49cba641e6198fdc9970e1d5d2f,FakeSherbrooke,fake_sherbrooke,1,1024,1234,1234,5,24,37,8,127,130,205,32,0,205,,,0.732126930000959,0.7874890999992203,session-3,2,3,raw_repetition,ok,
ae_indep_qiskit_5,ae,data/quantum_circuits/ae_indep_qiskit_5.qasm,8e4821df72704634cb81ea4d738477a8d596a49cba641e6198fdc9970e1d5d2f,FakeSherbrooke,fake_sherbrooke,1,1024,1234,1234,5,24,37,8,127,130,205,32,0,205,,,0.6148938939986692,0.6702560639969306,session-3,3,3,raw_repetition,ok,
ae_indep_qiskit_5,ae,data/quantum_circuits/ae_indep_qiskit_5.qasm,8e4821df72704634cb81ea4d738477a8d596a49cba641e6198fdc9970e1d5d2f,FakeSherbrooke,fake_sherbrooke,1,1024,1234,1234,5,24,37,8,127,130,205,32,0,205,,,0.744987210000545,0.8003493799988064,session-3,4,3,raw_repetition,ok,
ae_indep_qiskit_6,ae,data/quantum_circuits/ae_indep_qiskit_6.qasm,585424315575b559a664523f6ce6236189739069b3872eea4ccdb995a29f8701,FakeSherbrooke,fake_sherbrooke,1,1024,1234,1234,6,30,48,10,127,187,317,51,0,317,0.05883094999808236,0.6253598839975893,0.6338059080007952,0.6926368579988775,session-3,0,3,raw_repetition,ok,
ae_indep_qiskit_6,ae,data/quantum_circuits/ae_indep_qiskit_6.qasm,585424315575b559a664523f6ce6236189739069b3872eea4ccdb995a29f8701,FakeSherbrooke,fake_sherbrooke,1,1024,1234,1234,6,30,48,10,127,187,317,51,0,317,,,0.753628906000813,0.8124598559988954,session-3,1,3,raw_repetition,ok,
ae_indep_qiskit_6,ae,data/quantum_circuits/ae_indep_qiskit_6.qasm,585424315575b559a664523f6ce6236189739069b3872eea4ccdb995a29f8701,FakeSherbrooke,fake_sherbrooke,1,1024,1234,1234,6,30,48,10,127,187,317,51,0,317,,,0.6457172900009027,0.7045482399989851,session-3,2,3,raw_repetition,ok,
ae_indep_qiskit_6,ae,data/quantum_circuits/ae_indep_qiskit_6.qasm,585424315575b559a664523f6ce6236189739069b3872eea4ccdb995a29f8701,FakeSherbrooke,fake_sherbrooke,1,1024,1234,1234,6,30,48,10,127,187,317,51,0,317,,,0.786976182997023,0.8458071329951053,session-3,3,3,raw_repetition,ok,
ae_indep_qiskit_6,ae,data/quantum_circuits/ae_indep_qiskit_6.qasm,585424315575b559a664523f6ce6236189739069b3872eea4ccdb995a29f8701,FakeSherbrooke,fake_sherbrooke,1,1024,1234,1234,6,30,48,10,127,187,317,51,0,317,,,0.6467455830024846,0.705576533000567,session-3,4,3,raw_repetition,ok,
ae_indep_qiskit_7,ae,data/quantum_circuits/ae_indep_qiskit_7.qasm,a70c5b796698f145c5992d324b3a0b5e28eb7301e6f306652a316a55c68f1ae8,FakeSherbrooke,fake_sherbrooke,1,1024,1234,1234,7,36,60,12,127,268,491,81,0,491,0.08068235499740695,0.6871562159976747,0.6757352929998888,0.7564176479972957,session-3,0,3,raw_repetition,ok,
ae_indep_qiskit_7,ae,data/quantum_circuits/ae_indep_qiskit_7.qasm,a70c5b796698f145c5992d324b3a0b5e28eb7301e6f306652a316a55c68f1ae8,FakeSherbrooke,fake_sherbrooke,1,1024,1234,1234,7,36,60,12,127,268,491,81,0,491,,,0.7986846679996233,0.8793670229970303,session-3,1,3,raw_repetition,ok,
ae_indep_qiskit_7,ae,data/quantum_circuits/ae_indep_qiskit_7.qasm,a70c5b796698f145c5992d324b3a0b5e28eb7301e6f306652a316a55c68f1ae8,FakeSherbrooke,fake_sherbrooke,1,1024,1234,1234,7,36,60,12,127,268,491,81,0,491,,,0.6741642439992575,0.7548465989966644,session-3,2,3,raw_repetition,ok,
ae_indep_qiskit_7,ae,data/quantum_circuits/ae_indep_qiskit_7.qasm,a70c5b796698f145c5992d324b3a0b5e28eb7301e6f306652a316a55c68f1ae8,FakeSherbrooke,fake_sherbrooke,1,1024,1234,1234,7,36,60,12,127,268,491,81,0,491,,,0.6830648590002966,0.7637472139977035,session-3,3,3,raw_repetition,ok,
ae_indep_qiskit_7,ae,data/quantum_circuits/ae_indep_qiskit_7.qasm,a70c5b796698f145c5992d324b3a0b5e28eb7301e6f306652a316a55c68f1ae8,FakeSherbrooke,fake_sherbrooke,1,1024,1234,1234,7,36,60,12,127,268,491,81,0,491,,,0.8025590990000637,0.8832414539974707,session-3,4,3,raw_repetition,ok,
ae_indep_qiskit_8,ae,data/quantum_circuits/ae_indep_qiskit_8.qasm,78d3420407751ab52a65abe926510d585ebd3a5d1934ac31c13b28eca5c5ee8a,FakeSherbrooke,fake_sherbrooke,1,1024,1234,1234,8,42,73,14,127,347,685,110,0,685,0.07973664000019198,0.6525876900013827,0.8018907480000053,0.8816273880001972,session-3,0,3,raw_repetition,ok,
ae_indep_qiskit_8,ae,data/quantum_circuits/ae_indep_qiskit_8.qasm,78d3420407751ab52a65abe926510d585ebd3a5d1934ac31c13b28eca5c5ee8a,FakeSherbrooke,fake_sherbrooke,1,1024,1234,1234,8,42,73,14,127,347,685,110,0,685,,,0.6718498919981357,0.7515865319983277,session-3,1,3,raw_repetition,ok,
ae_indep_qiskit_8,ae,data/quantum_circuits/ae_indep_qiskit_8.qasm,78d3420407751ab52a65abe926510d585ebd3a5d1934ac31c13b28eca5c5ee8a,FakeSherbrooke,fake_sherbrooke,1,1024,1234,1234,8,42,73,14,127,347,685,110,0,685,,,0.7956934630019532,0.8754301030021452,session-3,2,3,raw_repetition,ok,
ae_indep_qiskit_8,ae,data/quantum_circuits/ae_indep_qiskit_8.qasm,78d3420407751ab52a65abe926510d585ebd3a5d1934ac31c13b28eca5c5ee8a,FakeSherbrooke,fake_sherbrooke,1,1024,1234,1234,8,42,73,14,127,347,685,110,0,685,,,0.6666245330015954,0.7463611730017874,session-3,3,3,raw_repetition,ok,
ae_indep_qiskit_8,ae,data/quantum_circuits/ae_indep_qiskit_8.qasm,78d3420407751ab52a65abe926510d585ebd3a5d1934ac31c13b28eca5c5ee8a,FakeSherbrooke,fake_sherbrooke,1,1024,1234,1234,8,42,73,14,127,347,685,110,0,685,,,0.8061610979966645,0.8858977379968564,session-3,4,3,raw_repetition,ok,
ae_indep_qiskit_9,ae,data/quantum_circuits/ae_indep_qiskit_9.qasm,78ecec267502f433ab148452979221600becf679520b50ad454009e0ca097af5,FakeSherbrooke,fake_sherbrooke,1,1024,1234,1234,9,48,87,16,127,407,920,150,0,920,0.0978287520010781,0.8901429140023538,0.7671969170005468,0.8650256690016249,session-3,0,3,raw_repetition,ok,
ae_indep_qiskit_9,ae,data/quantum_circuits/ae_indep_qiskit_9.qasm,78ecec267502f433ab148452979221600becf679520b50ad454009e0ca097af5,FakeSherbrooke,fake_sherbrooke,1,1024,1234,1234,9,48,87,16,127,407,920,150,0,920,,,0.7365946390018507,0.8344233910029288,session-3,1,3,raw_repetition,ok,
ae_indep_qiskit_9,ae,data/quantum_circuits/ae_indep_qiskit_9.qasm,78ecec267502f433ab148452979221600becf679520b50ad454009e0ca097af5,FakeSherbrooke,fake_sherbrooke,1,1024,1234,1234,9,48,87,16,127,407,920,150,0,920,,,0.8748895149983582,0.9727182669994363,session-3,2,3,raw_repetition,ok,
ae_indep_qiskit_9,ae,data/quantum_circuits/ae_indep_qiskit_9.qasm,78ecec267502f433ab148452979221600becf679520b50ad454009e0ca097af5,FakeSherbrooke,fake_sherbrooke,1,1024,1234,1234,9,48,87,16,127,407,920,150,0,920,,,0.7346441820009204,0.8324729340019985,session-3,3,3,raw_repetition,ok,
ae_indep_qiskit_9,ae,data/quantum_circuits/ae_indep_qiskit_9.qasm,78ecec267502f433ab148452979221600becf679520b50ad454009e0ca097af5,FakeSherbrooke,fake_sherbrooke,1,1024,1234,1234,9,48,87,16,127,407,920,150,0,920,,,0.7360473869994166,0.8338761390004947,session-3,4,3,raw_repetition,ok,
dj_indep_qiskit_2,dj,data/quantum_circuits/dj_indep_qiskit_2.qasm,242786b0f7d73c715a317cbdc0725596836f08d98ecd6eb06b3b4ac4f3f563fb,FakeSherbrooke,fake_sherbrooke,1,1024,1234,1234,2,4,6,1,127,6,8,1,0,8,0.01550951999888639,0.7434929759983788,0.6162752999989607,0.6317848199978471,session-3,0,3,raw_repetition,ok,
dj_indep_qiskit_2,dj,data/quantum_circuits/dj_indep_qiskit_2.qasm,242786b0f7d73c715a317cbdc0725596836f08d98ecd6eb06b3b4ac4f3f563fb,FakeSherbrooke,fake_sherbrooke,1,1024,1234,1234,2,4,6,1,127,6,8,1,0,8,,,0.7357403889982379,0.7512499089971243,session-3,1,3,raw_repetition,ok,
dj_indep_qiskit_2,dj,data/quantum_circuits/dj_indep_qiskit_2.qasm,242786b0f7d73c715a317cbdc0725596836f08d98ecd6eb06b3b4ac4f3f563fb,FakeSherbrooke,fake_sherbrooke,1,1024,1234,1234,2,4,6,1,127,6,8,1,0,8,,,0.764238989999285,0.7797485099981714,session-3,2,3,raw_repetition,ok,
dj_indep_qiskit_2,dj,data/quantum_circuits/dj_indep_qiskit_2.qasm,242786b0f7d73c715a317cbdc0725596836f08d98ecd6eb06b3b4ac4f3f563fb,FakeSherbrooke,fake_sherbrooke,1,1024,1234,1234,2,4,6,1,127,6,8,1,0,8,,,0.6235974270020961,0.6391069470009825,session-3,3,3,raw_repetition,ok,
dj_indep_qiskit_2,dj,data/quantum_circuits/dj_indep_qiskit_2.qasm,242786b0f7d73c715a317cbdc0725596836f08d98ecd6eb06b3b4ac4f3f563fb,FakeSherbrooke,fake_sherbrooke,1,1024,1234,1234,2,4,6,1,127,6,8,1,0,8,,,0.6221885590020975,0.6376980790009839,session-3,4,3,raw_repetition,ok,
dj_indep_qiskit_3,dj,data/quantum_circuits/dj_indep_qiskit_3.qasm,bc8cb33a3a242fb3ab35191a36313674faaca8fe1839cfa05d79788052424d1d,FakeSherbrooke,fake_sherbrooke,1,1024,1234,1234,3,5,10,2,127,9,14,2,0,14,0.02080382600252051,0.739606786002696,0.6186123530023906,0.6394161790049111,session-3,0,3,raw_repetition,ok,
dj_indep_qiskit_3,dj,data/quantum_circuits/dj_indep_qiskit_3.qasm,bc8cb33a3a242fb3ab35191a36313674faaca8fe1839cfa05d79788052424d1d,FakeSherbrooke,fake_sherbrooke,1,1024,1234,1234,3,5,10,2,127,9,14,2,0,14,,,0.7635341919994971,0.7843380180020176,session-3,1,3,raw_repetition,ok,
dj_indep_qiskit_3,dj,data/quantum_circuits/dj_indep_qiskit_3.qasm,bc8cb33a3a242fb3ab35191a36313674faaca8fe1839cfa05d79788052424d1d,FakeSherbrooke,fake_sherbrooke,1,1024,1234,1234,3,5,10,2,127,9,14,2,0,14,,,0.7640741540017189,0.7848779800042394,session-3,2,3,raw_repetition,ok,
dj_indep_qiskit_3,dj,data/quantum_circuits/dj_indep_qiskit_3.qasm,bc8cb33a3a242fb3ab35191a36313674faaca8fe1839cfa05d79788052424d1d,FakeSherbrooke,fake_sherbrooke,1,1024,1234,1234,3,5,10,2,127,9,14,2,0,14,,,0.6363898780000454,0.6571937040025659,session-3,3,3,raw_repetition,ok,
dj_indep_qiskit_3,dj,data/quantum_circuits/dj_indep_qiskit_3.qasm,bc8cb33a3a242fb3ab35191a36313674faaca8fe1839cfa05d79788052424d1d,FakeSherbrooke,fake_sherbrooke,1,1024,1234,1234,3,5,10,2,127,9,14,2,0,14,,,0.6417426940024598,0.6625465200049803,session-3,4,3,raw_repetition,ok,
dj_indep_qiskit_4,dj,data/quantum_circuits/dj_indep_qiskit_4.qasm,3e4560adf43b5c5102bf22f235abcb9dd2ed5e34930cdb929a128226f96e4ea5,FakeSherbrooke,fake_sherbrooke,1,1024,1234,1234,4,6,14,3,127,15,26,3,0,26,0.01988755600177683,0.7741655509998964,0.7361657980000018,0.7560533540017786,session-3,0,3,raw_repetition,ok,
dj_indep_qiskit_4,dj,data/quantum_circuits/dj_indep_qiskit_4.qasm,3e4560adf43b5c5102bf22f235abcb9dd2ed5e34930cdb929a128226f96e4ea5,FakeSherbrooke,fake_sherbrooke,1,1024,1234,1234,4,6,14,3,127,15,26,3,0,26,,,0.6159529719989223,0.6358405280006991,session-3,1,3,raw_repetition,ok,
dj_indep_qiskit_4,dj,data/quantum_circuits/dj_indep_qiskit_4.qasm,3e4560adf43b5c5102bf22f235abcb9dd2ed5e34930cdb929a128226f96e4ea5,FakeSherbrooke,fake_sherbrooke,1,1024,1234,1234,4,6,14,3,127,15,26,3,0,26,,,0.615616063001653,0.6355036190034298,session-3,2,3,raw_repetition,ok,
dj_indep_qiskit_4,dj,data/quantum_circuits/dj_indep_qiskit_4.qasm,3e4560adf43b5c5102bf22f235abcb9dd2ed5e34930cdb929a128226f96e4ea5,FakeSherbrooke,fake_sherbrooke,1,1024,1234,1234,4,6,14,3,127,15,26,3,0,26,,,0.748002832999191,0.7678903890009678,session-3,3,3,raw_repetition,ok,
dj_indep_qiskit_4,dj,data/quantum_circuits/dj_indep_qiskit_4.qasm,3e4560adf43b5c5102bf22f235abcb9dd2ed5e34930cdb929a128226f96e4ea5,FakeSherbrooke,fake_sherbrooke,1,1024,1234,1234,4,6,14,3,127,15,26,3,0,26,,,0.6224247850004758,0.6423123410022527,session-3,4,3,raw_repetition,ok,
dj_indep_qiskit_5,dj,data/quantum_circuits/dj_indep_qiskit_5.qasm,f12c9439f3dfce19e2f161aed74fdafb33146528cdb8524425608579de8b6741,FakeSherbrooke,fake_sherbrooke,1,1024,1234,1234,5,7,18,4,127,28,51,7,0,51,0.03160390800258028,0.6108505269985471,0.6304371349979192,0.6620410430004995,session-3,0,3,raw_repetition,ok,
dj_indep_qiskit_5,dj,data/quantum_circuits/dj_indep_qiskit_5.qasm,f12c9439f3dfce19e2f161aed74fdafb33146528cdb8524425608579de8b6741,FakeSherbrooke,fake_sherbrooke,1,1024,1234,1234,5,7,18,4,127,28,51,7,0,51,,,0.7577239070014912,0.7893278150040715,session-3,1,3,raw_repetition,ok,
dj_indep_qiskit_5,dj,data/quantum_circuits/dj_indep_qiskit_5.qasm,f12c9439f3dfce19e2f161aed74fdafb33146528cdb8524425608579de8b6741,FakeSherbrooke,fake_sherbrooke,1,1024,1234,1234,5,7,18,4,127,28,51,7,0,51,,,0.6329351549975399,0.6645390630001202,session-3,2,3,raw_repetition,ok,
dj_indep_qiskit_5,dj,data/quantum_circuits/dj_indep_qiskit_5.qasm,f12c9439f3dfce19e2f161aed74fdafb33146528cdb8524425608579de8b6741,FakeSherbrooke,fake_sherbrooke,1,1024,1234,1234,5,7,18,4,127,28,51,7,0,51,,,0.7900376110010257,0.8216415190036059,session-3,3,3,raw_repetition,ok,
dj_indep_qiskit_5,dj,data/quantum_circuits/dj_indep_qiskit_5.qasm,f12c9439f3dfce19e2f161aed74fdafb33146528cdb8524425608579de8b6741,FakeSherbrooke,fake_sherbrooke,1,1024,1234,1234,5,7,18,4,127,28,51,7,0,51,,,0.6494606499982183,0.6810645580007986,session-3,4,3,raw_repetition,ok,
dj_indep_qiskit_6,dj,data/quantum_circuits/dj_indep_qiskit_6.qasm,b5736e26e119a619b687dcc0cf8065475e3805bc0c6180b480e0e36badc289db,FakeSherbrooke,fake_sherbrooke,1,1024,1234,1234,6,8,22,5,127,52,113,17,0,113,0.051853772998583736,0.6418770180025604,0.7426815550024912,0.794535328001075,session-3,0,3,raw_repetition,ok,
dj_indep_qiskit_6,dj,data/quantum_circuits/dj_indep_qiskit_6.qasm,b5736e26e119a619b687dcc0cf8065475e3805bc0c6180b480e0e36badc289db,FakeSherbrooke,fake_sherbrooke,1,1024,1234,1234,6,8,22,5,127,52,113,17,0,113,,,0.6205487840015849,0.6724025570001686,session-3,1,3,raw_repetition,ok,
dj_indep_qiskit_6,dj,data/quantum_circuits/dj_indep_qiskit_6.qasm,b5736e26e119a619b687dcc0cf8065475e3805bc0c6180b480e0e36badc289db,FakeSherbrooke,fake_sherbrooke,1,1024,1234,1234,6,8,22,5,127,52,113,17,0,113,,,0.7272395580002922,0.7790933309988759,session-3,2,3,raw_repetition,ok,
dj_indep_qiskit_6,dj,data/quantum_circuits/dj_indep_qiskit_6.qasm,b5736e26e119a619b687dcc0cf8065475e3805bc0c6180b480e0e36badc289db,FakeSherbrooke,fake_sherbrooke,1,1024,1234,1234,6,8,22,5,127,52,113,17,0,113,,,0.7543338440009393,0.806187616999523,session-3,3,3,raw_repetition,ok,
dj_indep_qiskit_6,dj,data/quantum_circuits/dj_indep_qiskit_6.qasm,b5736e26e119a619b687dcc0cf8065475e3805bc0c6180b480e0e36badc289db,FakeSherbrooke,fake_sherbrooke,1,1024,1234,1234,6,8,22,5,127,52,113,17,0,113,,,0.6260792770008266,0.6779330499994103,session-3,4,3,raw_repetition,ok,
dj_indep_qiskit_7,dj,data/quantum_circuits/dj_indep_qiskit_7.qasm,9fc54c185186ff8c504ebdac4e3fa109beb4cf46f86196a3376b3153a7f72962,FakeSherbrooke,fake_sherbrooke,1,1024,1234,1234,7,9,26,6,127,62,121,18,0,121,0.04034055400188663,0.6185894629998074,0.7505308290019457,0.7908713830038323,session-3,0,3,raw_repetition,ok,
dj_indep_qiskit_7,dj,data/quantum_circuits/dj_indep_qiskit_7.qasm,9fc54c185186ff8c504ebdac4e3fa109beb4cf46f86196a3376b3153a7f72962,FakeSherbrooke,fake_sherbrooke,1,1024,1234,1234,7,9,26,6,127,62,121,18,0,121,,,0.6253027429993381,0.6656432970012247,session-3,1,3,raw_repetition,ok,
dj_indep_qiskit_7,dj,data/quantum_circuits/dj_indep_qiskit_7.qasm,9fc54c185186ff8c504ebdac4e3fa109beb4cf46f86196a3376b3153a7f72962,FakeSherbrooke,fake_sherbrooke,1,1024,1234,1234,7,9,26,6,127,62,121,18,0,121,,,0.7412719950007158,0.7816125490026025,session-3,2,3,raw_repetition,ok,
dj_indep_qiskit_7,dj,data/quantum_circuits/dj_indep_qiskit_7.qasm,9fc54c185186ff8c504ebdac4e3fa109beb4cf46f86196a3376b3153a7f72962,FakeSherbrooke,fake_sherbrooke,1,1024,1234,1234,7,9,26,6,127,62,121,18,0,121,,,0.7573736649974308,0.7977142189993174,session-3,3,3,raw_repetition,ok,
dj_indep_qiskit_7,dj,data/quantum_circuits/dj_indep_qiskit_7.qasm,9fc54c185186ff8c504ebdac4e3fa109beb4cf46f86196a3376b3153a7f72962,FakeSherbrooke,fake_sherbrooke,1,1024,1234,1234,7,9,26,6,127,62,121,18,0,121,,,0.6274732940000831,0.6678138480019697,session-3,4,3,raw_repetition,ok,
dj_indep_qiskit_9,dj,data/quantum_circuits/dj_indep_qiskit_9.qasm,db0e077b1674f90860a270d014aa8226822880dbf36c819dad0bea17881b7eb5,FakeSherbrooke,fake_sherbrooke,1,1024,1234,1234,9,11,34,8,127,83,150,23,0,150,0.05250276699734968,0.6528085040008591,0.6526472479999939,0.7051500149973435,session-3,0,3,raw_repetition,ok,
dj_indep_qiskit_9,dj,data/quantum_circuits/dj_indep_qiskit_9.qasm,db0e077b1674f90860a270d014aa8226822880dbf36c819dad0bea17881b7eb5,FakeSherbrooke,fake_sherbrooke,1,1024,1234,1234,9,11,34,8,127,83,150,23,0,150,,,0.7813277700006438,0.8338305369979935,session-3,1,3,raw_repetition,ok,
dj_indep_qiskit_9,dj,data/quantum_circuits/dj_indep_qiskit_9.qasm,db0e077b1674f90860a270d014aa8226822880dbf36c819dad0bea17881b7eb5,FakeSherbrooke,fake_sherbrooke,1,1024,1234,1234,9,11,34,8,127,83,150,23,0,150,,,0.6677595889996155,0.7202623559969652,session-3,2,3,raw_repetition,ok,
dj_indep_qiskit_9,dj,data/quantum_circuits/dj_indep_qiskit_9.qasm,db0e077b1674f90860a270d014aa8226822880dbf36c819dad0bea17881b7eb5,FakeSherbrooke,fake_sherbrooke,1,1024,1234,1234,9,11,34,8,127,83,150,23,0,150,,,0.6477718419992016,0.7002746089965513,session-3,3,3,raw_repetition,ok,
dj_indep_qiskit_9,dj,data/quantum_circuits/dj_indep_qiskit_9.qasm,db0e077b1674f90860a270d014aa8226822880dbf36c819dad0bea17881b7eb5,FakeSherbrooke,fake_sherbrooke,1,1024,1234,1234,9,11,34,8,127,83,150,23,0,150,,,0.7953268560013385,0.8478296229986881,session-3,4,3,raw_repetition,ok,
ghz_indep_qiskit_2,ghz,data/quantum_circuits/ghz_indep_qiskit_2.qasm,fcd9497c7764bb185a96cc8b6d1c7878851e9b87e64de7ebf47aa1d16eb3ee0a,FakeSherbrooke,fake_sherbrooke,1,1024,1234,1234,2,3,5,1,127,6,10,1,0,10,0.016494954001245787,0.6108612080024614,0.6239032489975216,0.6403982029987674,session-3,0,3,raw_repetition,ok,
ghz_indep_qiskit_2,ghz,data/quantum_circuits/ghz_indep_qiskit_2.qasm,fcd9497c7764bb185a96cc8b6d1c7878851e9b87e64de7ebf47aa1d16eb3ee0a,FakeSherbrooke,fake_sherbrooke,1,1024,1234,1234,2,3,5,1,127,6,10,1,0,10,,,0.7770301339987782,0.793525088000024,session-3,1,3,raw_repetition,ok,
ghz_indep_qiskit_2,ghz,data/quantum_circuits/ghz_indep_qiskit_2.qasm,fcd9497c7764bb185a96cc8b6d1c7878851e9b87e64de7ebf47aa1d16eb3ee0a,FakeSherbrooke,fake_sherbrooke,1,1024,1234,1234,2,3,5,1,127,6,10,1,0,10,,,0.6375158480004757,0.6540108020017215,session-3,2,3,raw_repetition,ok,
ghz_indep_qiskit_2,ghz,data/quantum_circuits/ghz_indep_qiskit_2.qasm,fcd9497c7764bb185a96cc8b6d1c7878851e9b87e64de7ebf47aa1d16eb3ee0a,FakeSherbrooke,fake_sherbrooke,1,1024,1234,1234,2,3,5,1,127,6,10,1,0,10,,,0.7542417429976922,0.770736696998938,session-3,3,3,raw_repetition,ok,
ghz_indep_qiskit_2,ghz,data/quantum_circuits/ghz_indep_qiskit_2.qasm,fcd9497c7764bb185a96cc8b6d1c7878851e9b87e64de7ebf47aa1d16eb3ee0a,FakeSherbrooke,fake_sherbrooke,1,1024,1234,1234,2,3,5,1,127,6,10,1,0,10,,,0.6278445649986679,0.6443395189999137,session-3,4,3,raw_repetition,ok,
ghz_indep_qiskit_3,ghz,data/quantum_circuits/ghz_indep_qiskit_3.qasm,7344fd4d264c475e52edca02e3426225c78af7ed0bdaae137741a04685725a5d,FakeSherbrooke,fake_sherbrooke,1,1024,1234,1234,3,4,7,2,127,9,20,2,0,20,0.01743686200279626,0.6117785570022534,0.7266811439985759,0.7441180060013721,session-3,0,3,raw_repetition,ok,
ghz_indep_qiskit_3,ghz,data/quantum_circuits/ghz_indep_qiskit_3.qasm,7344fd4d264c475e52edca02e3426225c78af7ed0bdaae137741a04685725a5d,FakeSherbrooke,fake_sherbrooke,1,1024,1234,1234,3,4,7,2,127,9,20,2,0,20,,,0.6133509289975336,0.6307877910003299,session-3,1,3,raw_repetition,ok,
ghz_indep_qiskit_3,ghz,data/quantum_circuits/ghz_indep_qiskit_3.qasm,7344fd4d264c475e52edca02e3426225c78af7ed0bdaae137741a04685725a5d,FakeSherbrooke,fake_sherbrooke,1,1024,1234,1234,3,4,7,2,127,9,20,2,0,20,,,0.72942026599776,0.7468571280005563,session-3,2,3,raw_repetition,ok,
ghz_indep_qiskit_3,ghz,data/quantum_circuits/ghz_indep_qiskit_3.qasm,7344fd4d264c475e52edca02e3426225c78af7ed0bdaae137741a04685725a5d,FakeSherbrooke,fake_sherbrooke,1,1024,1234,1234,3,4,7,2,127,9,20,2,0,20,,,0.7552082020010857,0.772645064003882,session-3,3,3,raw_repetition,ok,
ghz_indep_qiskit_3,ghz,data/quantum_circuits/ghz_indep_qiskit_3.qasm,7344fd4d264c475e52edca02e3426225c78af7ed0bdaae137741a04685725a5d,FakeSherbrooke,fake_sherbrooke,1,1024,1234,1234,3,4,7,2,127,9,20,2,0,20,,,0.6367812230018899,0.6542180850046861,session-3,4,3,raw_repetition,ok,
ghz_indep_qiskit_4,ghz,data/quantum_circuits/ghz_indep_qiskit_4.qasm,01bfdd8291d6badf1219dd3bf6d7e12559976b8ccb3e67d2548e729dc0c0dc82,FakeSherbrooke,fake_sherbrooke,1,1024,1234,1234,4,5,9,3,127,12,28,3,0,28,0.015642990001651924,0.6162848650019441,0.6424375300011889,0.6580805200028408,session-3,0,3,raw_repetition,ok,
ghz_indep_qiskit_4,ghz,data/quantum_circuits/ghz_indep_qiskit_4.qasm,01bfdd8291d6badf1219dd3bf6d7e12559976b8ccb3e67d2548e729dc0c0dc82,FakeSherbrooke,fake_sherbrooke,1,1024,1234,1234,4,5,9,3,127,12,28,3,0,28,,,0.6304292450004141,0.646072235002066,session-3,1,3,raw_repetition,ok,
ghz_indep_qiskit_4,ghz,data/quantum_circuits/ghz_indep_qiskit_4.qasm,01bfdd8291d6badf1219dd3bf6d7e12559976b8ccb3e67d2548e729dc0c0dc82,FakeSherbrooke,fake_sherbrooke,1,1024,1234,1234,4,5,9,3,127,12,28,3,0,28,,,0.7715273930007243,0.7871703830023762,session-3,2,3,raw_repetition,ok,
ghz_indep_qiskit_4,ghz,data/quantum_circuits/ghz_indep_qiskit_4.qasm,01bfdd8291d6badf1219dd3bf6d7e12559976b8ccb3e67d2548e729dc0c0dc82,FakeSherbrooke,fake_sherbrooke,1,1024,1234,1234,4,5,9,3,127,12,28,3,0,28,,,0.6183644099983212,0.6340073999999731,session-3,3,3,raw_repetition,ok,
ghz_indep_qiskit_4,ghz,data/quantum_circuits/ghz_indep_qiskit_4.qasm,01bfdd8291d6badf1219dd3bf6d7e12559976b8ccb3e67d2548e729dc0c0dc82,FakeSherbrooke,fake_sherbrooke,1,1024,1234,1234,4,5,9,3,127,12,28,3,0,28,,,0.7765418809976836,0.7921848709993355,session-3,4,3,raw_repetition,ok,
ghz_indep_qiskit_5,ghz,data/quantum_circuits/ghz_indep_qiskit_5.qasm,de4639e0b84f220ce7281521fbce5104129cc70befb85198bf93def8d4ba7a65,FakeSherbrooke,fake_sherbrooke,1,1024,1234,1234,5,6,11,4,127,14,35,4,0,35,0.019302988999697845,0.6455307910000556,0.7395361519993457,0.7588391409990436,session-3,0,3,raw_repetition,ok,
ghz_indep_qiskit_5,ghz,data/quantum_circuits/ghz_indep_qiskit_5.qasm,de4639e0b84f220ce7281521fbce5104129cc70befb85198bf93def8d4ba7a65,FakeSherbrooke,fake_sherbrooke,1,1024,1234,1234,5,6,11,4,127,14,35,4,0,35,,,0.7724342250003247,0.7917372140000225,session-3,1,3,raw_repetition,ok,
ghz_indep_qiskit_5,ghz,data/quantum_circuits/ghz_indep_qiskit_5.qasm,de4639e0b84f220ce7281521fbce5104129cc70befb85198bf93def8d4ba7a65,FakeSherbrooke,fake_sherbrooke,1,1024,1234,1234,5,6,11,4,127,14,35,4,0,35,,,0.6300212540008943,0.6493242430005921,session-3,2,3,raw_repetition,ok,
ghz_indep_qiskit_5,ghz,data/quantum_circuits/ghz_indep_qiskit_5.qasm,de4639e0b84f220ce7281521fbce5104129cc70befb85198bf93def8d4ba7a65,FakeSherbrooke,fake_sherbrooke,1,1024,1234,1234,5,6,11,4,127,14,35,4,0,35,,,0.6300267099977646,0.6493296989974624,session-3,3,3,raw_repetition,ok,
ghz_indep_qiskit_5,ghz,data/quantum_circuits/ghz_indep_qiskit_5.qasm,de4639e0b84f220ce7281521fbce5104129cc70befb85198bf93def8d4ba7a65,FakeSherbrooke,fake_sherbrooke,1,1024,1234,1234,5,6,11,4,127,14,35,4,0,35,,,0.7680913179974596,0.7873943069971574,session-3,4,3,raw_repetition,ok,
ghz_indep_qiskit_6,ghz,data/quantum_circuits/ghz_indep_qiskit_6.qasm,c67a77f55c658ad1270fd52c8cbc66319b72ceaa5ca5d4015d775b44e8edd85a,FakeSherbrooke,fake_sherbrooke,1,1024,1234,1234,6,7,13,5,127,16,42,5,0,42,0.01683827799934079,0.639143876000162,0.6285922220013163,0.645430500000657,session-3,0,3,raw_repetition,ok,
ghz_indep_qiskit_6,ghz,data/quantum_circuits/ghz_indep_qiskit_6.qasm,c67a77f55c658ad1270fd52c8cbc66319b72ceaa5ca5d4015d775b44e8edd85a,FakeSherbrooke,fake_sherbrooke,1,1024,1234,1234,6,7,13,5,127,16,42,5,0,42,,,0.7362389399968379,0.7530772179961787,session-3,1,3,raw_repetition,ok,
ghz_indep_qiskit_6,ghz,data/quantum_circuits/ghz_indep_qiskit_6.qasm,c67a77f55c658ad1270fd52c8cbc66319b72ceaa5ca5d4015d775b44e8edd85a,FakeSherbrooke,fake_sherbrooke,1,1024,1234,1234,6,7,13,5,127,16,42,5,0,42,,,0.6176170100006857,0.6344552880000265,session-3,2,3,raw_repetition,ok,
ghz_indep_qiskit_6,ghz,data/quantum_circuits/ghz_indep_qiskit_6.qasm,c67a77f55c658ad1270fd52c8cbc66319b72ceaa5ca5d4015d775b44e8edd85a,FakeSherbrooke,fake_sherbrooke,1,1024,1234,1234,6,7,13,5,127,16,42,5,0,42,,,0.7347179790012888,0.7515562570006296,session-3,3,3,raw_repetition,ok,
ghz_indep_qiskit_6,ghz,data/quantum_circuits/ghz_indep_qiskit_6.qasm,c67a77f55c658ad1270fd52c8cbc66319b72ceaa5ca5d4015d775b44e8edd85a,FakeSherbrooke,fake_sherbrooke,1,1024,1234,1234,6,7,13,5,127,16,42,5,0,42,,,0.6250165589990502,0.641854836998391,session-3,4,3,raw_repetition,ok,
ghz_indep_qiskit_7,ghz,data/quantum_circuits/ghz_indep_qiskit_7.qasm,4b24f68f78c4499a295ab28caa04282d174b7ab2a6b0f5333d3bfe630df72f71,FakeSherbrooke,fake_sherbrooke,1,1024,1234,1234,7,8,15,6,127,18,49,6,0,49,0.016997394999634707,0.740469790998759,0.7464708620027523,0.763468257002387,session-3,0,3,raw_repetition,ok,
ghz_indep_qiskit_7,ghz,data/quantum_circuits/ghz_indep_qiskit_7.qasm,4b24f68f78c4499a295ab28caa04282d174b7ab2a6b0f5333d3bfe630df72f71,FakeSherbrooke,fake_sherbrooke,1,1024,1234,1234,7,8,15,6,127,18,49,6,0,49,,,0.7799408169994422,0.7969382119990769,session-3,1,3,raw_repetition,ok,
ghz_indep_qiskit_7,ghz,data/quantum_circuits/ghz_indep_qiskit_7.qasm,4b24f68f78c4499a295ab28caa04282d174b7ab2a6b0f5333d3bfe630df72f71,FakeSherbrooke,fake_sherbrooke,1,1024,1234,1234,7,8,15,6,127,18,49,6,0,49,,,0.6501933620020282,0.6671907570016629,session-3,2,3,raw_repetition,ok,
ghz_indep_qiskit_7,ghz,data/quantum_circuits/ghz_indep_qiskit_7.qasm,4b24f68f78c4499a295ab28caa04282d174b7ab2a6b0f5333d3bfe630df72f71,FakeSherbrooke,fake_sherbrooke,1,1024,1234,1234,7,8,15,6,127,18,49,6,0,49,,,0.6250766749981267,0.6420740699977614,session-3,3,3,raw_repetition,ok,
ghz_indep_qiskit_7,ghz,data/quantum_circuits/ghz_indep_qiskit_7.qasm,4b24f68f78c4499a295ab28caa04282d174b7ab2a6b0f5333d3bfe630df72f71,FakeSherbrooke,fake_sherbrooke,1,1024,1234,1234,7,8,15,6,127,18,49,6,0,49,,,0.78211123499932,0.7991086299989547,session-3,4,3,raw_repetition,ok,
ghz_indep_qiskit_8,ghz,data/quantum_circuits/ghz_indep_qiskit_8.qasm,2e57556a1b12802c7368ef21e0eb8e5c9863f768a48a9a4d0771725e60b8a616,FakeSherbrooke,fake_sherbrooke,1,1024,1234,1234,8,9,17,7,127,20,56,7,0,56,0.01715839900134597,0.6433969999998226,0.7628058750015043,0.7799642740028503,session-3,0,3,raw_repetition,ok,
ghz_indep_qiskit_8,ghz,data/quantum_circuits/ghz_indep_qiskit_8.qasm,2e57556a1b12802c7368ef21e0eb8e5c9863f768a48a9a4d0771725e60b8a616,FakeSherbrooke,fake_sherbrooke,1,1024,1234,1234,8,9,17,7,127,20,56,7,0,56,,,0.6370296929999313,0.6541880920012773,session-3,1,3,raw_repetition,ok,
ghz_indep_qiskit_8,ghz,data/quantum_circuits/ghz_indep_qiskit_8.qasm,2e57556a1b12802c7368ef21e0eb8e5c9863f768a48a9a4d0771725e60b8a616,FakeSherbrooke,fake_sherbrooke,1,1024,1234,1234,8,9,17,7,127,20,56,7,0,56,,,0.6485200969982543,0.6656784959996003,session-3,2,3,raw_repetition,ok,
ghz_indep_qiskit_8,ghz,data/quantum_circuits/ghz_indep_qiskit_8.qasm,2e57556a1b12802c7368ef21e0eb8e5c9863f768a48a9a4d0771725e60b8a616,FakeSherbrooke,fake_sherbrooke,1,1024,1234,1234,8,9,17,7,127,20,56,7,0,56,,,0.7495248769992031,0.7666832760005491,session-3,3,3,raw_repetition,ok,
ghz_indep_qiskit_8,ghz,data/quantum_circuits/ghz_indep_qiskit_8.qasm,2e57556a1b12802c7368ef21e0eb8e5c9863f768a48a9a4d0771725e60b8a616,FakeSherbrooke,fake_sherbrooke,1,1024,1234,1234,8,9,17,7,127,20,56,7,0,56,,,0.6158348860008118,0.6329932850021578,session-3,4,3,raw_repetition,ok,
ghz_indep_qiskit_9,ghz,data/quantum_circuits/ghz_indep_qiskit_9.qasm,b5f6ad96b1eb0fc9087c079e22e8a91398b460e24d616ed0d8829247aee24f18,FakeSherbrooke,fake_sherbrooke,1,1024,1234,1234,9,10,19,8,127,22,63,8,0,63,0.019995779999590013,0.7656111399992369,0.6352249919982569,0.6552207719978469,session-3,0,3,raw_repetition,ok,
ghz_indep_qiskit_9,ghz,data/quantum_circuits/ghz_indep_qiskit_9.qasm,b5f6ad96b1eb0fc9087c079e22e8a91398b460e24d616ed0d8829247aee24f18,FakeSherbrooke,fake_sherbrooke,1,1024,1234,1234,9,10,19,8,127,22,63,8,0,63,,,0.7546400229985011,0.7746358029980911,session-3,1,3,raw_repetition,ok,
ghz_indep_qiskit_9,ghz,data/quantum_circuits/ghz_indep_qiskit_9.qasm,b5f6ad96b1eb0fc9087c079e22e8a91398b460e24d616ed0d8829247aee24f18,FakeSherbrooke,fake_sherbrooke,1,1024,1234,1234,9,10,19,8,127,22,63,8,0,63,,,0.634938585000782,0.654934365000372,session-3,2,3,raw_repetition,ok,
ghz_indep_qiskit_9,ghz,data/quantum_circuits/ghz_indep_qiskit_9.qasm,b5f6ad96b1eb0fc9087c079e22e8a91398b460e24d616ed0d8829247aee24f18,FakeSherbrooke,fake_sherbrooke,1,1024,1234,1234,9,10,19,8,127,22,63,8,0,63,,,0.7417101249993721,0.7617059049989621,session-3,3,3,raw_repetition,ok,
ghz_indep_qiskit_9,ghz,data/quantum_circuits/ghz_indep_qiskit_9.qasm,b5f6ad96b1eb0fc9087c079e22e8a91398b460e24d616ed0d8829247aee24f18,FakeSherbrooke,fake_sherbrooke,1,1024,1234,1234,9,10,19,8,127,22,63,8,0,63,,,0.7664676389977103,0.7864634189973003,session-3,4,3,raw_repetition,ok,
graphstate_indep_qiskit_3,graphstate,data/quantum_circuits/graphstate_indep_qiskit_3.qasm,51e3c5bc60da502bf92a6ed65a7c728a8b957b427652ac8fdaa002b9afc50d40,FakeSherbrooke,fake_sherbrooke,1,1024,1234,1234,3,5,10,3,127,25,44,6,0,44,0.03284317900033784,0.6332105590008723,0.7441594740012079,0.7770026530015457,session-3,0,3,raw_repetition,ok,
graphstate_indep_qiskit_3,graphstate,data/quantum_circuits/graphstate_indep_qiskit_3.qasm,51e3c5bc60da502bf92a6ed65a7c728a8b957b427652ac8fdaa002b9afc50d40,FakeSherbrooke,fake_sherbrooke,1,1024,1234,1234,3,5,10,3,127,25,44,6,0,44,,,0.6442070960001729,0.6770502750005107,session-3,1,3,raw_repetition,ok,
graphstate_indep_qiskit_3,graphstate,data/quantum_circuits/graphstate_indep_qiskit_3.qasm,51e3c5bc60da502bf92a6ed65a7c728a8b957b427652ac8fdaa002b9afc50d40,FakeSherbrooke,fake_sherbrooke,1,1024,1234,1234,3,5,10,3,127,25,44,6,0,44,,,0.6258732189999137,0.6587163980002515,session-3,2,3,raw_repetition,ok,
graphstate_indep_qiskit_3,graphstate,data/quantum_circuits/graphstate_indep_qiskit_3.qasm,51e3c5bc60da502bf92a6ed65a7c728a8b957b427652ac8fdaa002b9afc50d40,FakeSherbrooke,fake_sherbrooke,1,1024,1234,1234,3,5,10,3,127,25,44,6,0,44,,,0.7767570610012626,0.8096002400016005,session-3,3,3,raw_repetition,ok,
graphstate_indep_qiskit_3,graphstate,data/quantum_circuits/graphstate_indep_qiskit_3.qasm,51e3c5bc60da502bf92a6ed65a7c728a8b957b427652ac8fdaa002b9afc50d40,FakeSherbrooke,fake_sherbrooke,1,1024,1234,1234,3,5,10,3,127,25,44,6,0,44,,,0.645907268000883,0.6787504470012209,session-3,4,3,raw_repetition,ok,
graphstate_indep_qiskit_4,graphstate,data/quantum_circuits/graphstate_indep_qiskit_4.qasm,13721ab5a328b17bf3f8c3692cda844a7e538a8c92530d0c1236f43d3ad5a884,FakeSherbrooke,fake_sherbrooke,1,1024,1234,1234,4,5,13,4,127,29,69,10,0,69,0.03763023500141571,0.7848494210011268,0.624978170999384,0.6626084060007997,session-3,0,3,raw_repetition,ok,
graphstate_indep_qiskit_4,graphstate,data/quantum_circuits/graphstate_indep_qiskit_4.qasm,13721ab5a328b17bf3f8c3692cda844a7e538a8c92530d0c1236f43d3ad5a884,FakeSherbrooke,fake_sherbrooke,1,1024,1234,1234,4,5,13,4,127,29,69,10,0,69,,,0.7652025440002035,0.8028327790016192,session-3,1,3,raw_repetition,ok,
graphstate_indep_qiskit_4,graphstate,data/quantum_circuits/graphstate_indep_qiskit_4.qasm,13721ab5a328b17bf3f8c3692cda844a7e538a8c92530d0c1236f43d3ad5a884,FakeSherbrooke,fake_sherbrooke,1,1024,1234,1234,4,5,13,4,127,29,69,10,0,69,,,0.6187551600014558,0.6563853950028715,session-3,2,3,raw_repetition,ok,
graphstate_indep_qiskit_4,graphstate,data/quantum_circuits/graphstate_indep_qiskit_4.qasm,13721ab5a328b17bf3f8c3692cda844a7e538a8c92530d0c1236f43d3ad5a884,FakeSherbrooke,fake_sherbrooke,1,1024,1234,1234,4,5,13,4,127,29,69,10,0,69,,,0.7628475880010228,0.8004778230024385,session-3,3,3,raw_repetition,ok,
graphstate_indep_qiskit_4,graphstate,data/quantum_circuits/graphstate_indep_qiskit_4.qasm,13721ab5a328b17bf3f8c3692cda844a7e538a8c92530d0c1236f43d3ad5a884,FakeSherbrooke,fake_sherbrooke,1,1024,1234,1234,4,5,13,4,127,29,69,10,0,69,,,0.6323703810012375,0.6700006160026533,session-3,4,3,raw_repetition,ok,
graphstate_indep_qiskit_5,graphstate,data/quantum_circuits/graphstate_indep_qiskit_5.qasm,cfadb6828c07bfc2fac00ca0c9c03935e927b88961597b69936fc199a094b9ea,FakeSherbrooke,fake_sherbrooke,1,1024,1234,1234,5,6,16,5,127,39,91,14,0,91,0.048469063000084134,0.7566795269995055,0.628151737000735,0.6766208000008191,session-3,0,3,raw_repetition,ok,
graphstate_indep_qiskit_5,graphstate,data/quantum_circuits/graphstate_indep_qiskit_5.qasm,cfadb6828c07bfc2fac00ca0c9c03935e927b88961597b69936fc199a094b9ea,FakeSherbrooke,fake_sherbrooke,1,1024,1234,1234,5,6,16,5,127,39,91,14,0,91,,,0.6419594979997783,0.6904285609998624,session-3,1,3,raw_repetition,ok,
graphstate_indep_qiskit_5,graphstate,data/quantum_circuits/graphstate_indep_qiskit_5.qasm,cfadb6828c07bfc2fac00ca0c9c03935e927b88961597b69936fc199a094b9ea,FakeSherbrooke,fake_sherbrooke,1,1024,1234,1234,5,6,16,5,127,39,91,14,0,91,,,0.7722717929973442,0.8207408559974283,session-3,2,3,raw_repetition,ok,
graphstate_indep_qiskit_5,graphstate,data/quantum_circuits/graphstate_indep_qiskit_5.qasm,cfadb6828c07bfc2fac00ca0c9c03935e927b88961597b69936fc199a094b9ea,FakeSherbrooke,fake_sherbrooke,1,1024,1234,1234,5,6,16,5,127,39,91,14,0,91,,,0.617674598001031,0.6661436610011151,session-3,3,3,raw_repetition,ok,
graphstate_indep_qiskit_5,graphstate,data/quantum_circuits/graphstate_indep_qiskit_5.qasm,cfadb6828c07bfc2fac00ca0c9c03935e927b88961597b69936fc199a094b9ea,FakeSherbrooke,fake_sherbrooke,1,1024,1234,1234,5,6,16,5,127,39,91,14,0,91,,,0.6335009460017318,0.6819700090018159,session-3,4,3,raw_repetition,ok,
graphstate_indep_qiskit_6,graphstate,data/quantum_circuits/graphstate_indep_qiskit_6.qasm,7b944ad7e38d98fae66177b6c014ae2878d62bcd1765103c19941653817e7996,FakeSherbrooke,fake_sherbrooke,1,1024,1234,1234,6,7,19,6,127,97,264,42,0,264,0.18698749500254053,4.042717891999928,4.632813536001777,4.819801031004317,session-3,0,3,raw_repetition,ok,
graphstate_indep_qiskit_6,graphstate,data/quantum_circuits/graphstate_indep_qiskit_6.qasm,7b944ad7e38d98fae66177b6c014ae2878d62bcd1765103c19941653817e7996,FakeSherbrooke,fake_sherbrooke,1,1024,1234,1234,6,7,19,6,127,97,264,42,0,264,,,4.035413878998952,4.2224013740014925,session-3,1,3,raw_repetition,ok,
graphstate_indep_qiskit_6,graphstate,data/quantum_circuits/graphstate_indep_qiskit_6.qasm,7b944ad7e38d98fae66177b6c014ae2878d62bcd1765103c19941653817e7996,FakeSherbrooke,fake_sherbrooke,1,1024,1234,1234,6,7,19,6,127,97,264,42,0,264,,,4.147727103998477,4.334714599001018,session-3,2,3,raw_repetition,ok,
graphstate_indep_qiskit_6,graphstate,data/quantum_circuits/graphstate_indep_qiskit_6.qasm,7b944ad7e38d98fae66177b6c014ae2878d62bcd1765103c19941653817e7996,FakeSherbrooke,fake_sherbrooke,1,1024,1234,1234,6,7,19,6,127,97,264,42,0,264,,,4.698640146998514,4.8856276420010545,session-3,3,3,raw_repetition,ok,
graphstate_indep_qiskit_6,graphstate,data/quantum_circuits/graphstate_indep_qiskit_6.qasm,7b944ad7e38d98fae66177b6c014ae2878d62bcd1765103c19941653817e7996,FakeSherbrooke,fake_sherbrooke,1,1024,1234,1234,6,7,19,6,127,97,264,42,0,264,,,4.013545089997933,4.200532585000474,session-3,4,3,raw_repetition,ok,
graphstate_indep_qiskit_7,graphstate,data/quantum_circuits/graphstate_indep_qiskit_7.qasm,551dfe6ad672d4157a761610fc4c1061ea844868f2106407374764552251d63a,FakeSherbrooke,fake_sherbrooke,1,1024,1234,1234,7,5,22,7,127,26,110,16,0,110,0.05821898800058989,0.6406150769980741,0.6385567210018053,0.6967757090023952,session-3,0,3,raw_repetition,ok,
graphstate_indep_qiskit_7,graphstate,data/quantum_circuits/graphstate_indep_qiskit_7.qasm,551dfe6ad672d4157a761610fc4c1061ea844868f2106407374764552251d63a,FakeSherbrooke,fake_sherbrooke,1,1024,1234,1234,7,5,22,7,127,26,110,16,0,110,,,0.647454824000306,0.7056738120008959,session-3,1,3,raw_repetition,ok,
graphstate_indep_qiskit_7,graphstate,data/quantum_circuits/graphstate_indep_qiskit_7.qasm,551dfe6ad672d4157a761610fc4c1061ea844868f2106407374764552251d63a,FakeSherbrooke,fake_sherbrooke,1,1024,1234,1234,7,5,22,7,127,26,110,16,0,110,,,0.7828926600013801,0.84111164800197,session-3,2,3,raw_repetition,ok,
graphstate_indep_qiskit_7,graphstate,data/quantum_circuits/graphstate_indep_qiskit_7.qasm,551dfe6ad672d4157a761610fc4c1061ea844868f2106407374764552251d63a,FakeSherbrooke,fake_sherbrooke,1,1024,1234,1234,7,5,22,7,127,26,110,16,0,110,,,0.6605177040000854,0.7187366920006752,session-3,3,3,raw_repetition,ok,
graphstate_indep_qiskit_7,graphstate,data/quantum_circuits/graphstate_indep_qiskit_7.qasm,551dfe6ad672d4157a761610fc4c1061ea844868f2106407374764552251d63a,FakeSherbrooke,fake_sherbrooke,1,1024,1234,1234,7,5,22,7,127,26,110,16,0,110,,,0.6274975070009532,0.6857164950015431,session-3,4,3,raw_repetition,ok,
graphstate_indep_qiskit_8,graphstate,data/quantum_circuits/graphstate_indep_qiskit_8.qasm,b6afb1122e1baece13144a1d0da78738759129107f453e9579e99e8789e057fe,FakeSherbrooke,fake_sherbrooke,1,1024,1234,1234,8,6,25,8,127,35,132,20,0,132,0.18583138100075303,0.6457146629982162,0.7515858890001255,0.9374172700008785,session-3,0,3,raw_repetition,ok,
graphstate_indep_qiskit_8,graphstate,data/quantum_circuits/graphstate_indep_qiskit_8.qasm,b6afb1122e1baece13144a1d0da78738759129107f453e9579e99e8789e057fe,FakeSherbrooke,fake_sherbrooke,1,1024,1234,1234,8,6,25,8,127,35,132,20,0,132,,,0.6289565100014443,0.8147878910021973,session-3,1,3,raw_repetition,ok,
graphstate_indep_qiskit_8,graphstate,data/quantum_circuits/graphstate_indep_qiskit_8.qasm,b6afb1122e1baece13144a1d0da78738759129107f453e9579e99e8789e057fe,FakeSherbrooke,fake_sherbrooke,1,1024,1234,1234,8,6,25,8,127,35,132,20,0,132,,,0.766511559002538,0.952342940003291,session-3,2,3,raw_repetition,ok,
graphstate_indep_qiskit_8,graphstate,data/quantum_circuits/graphstate_indep_qiskit_8.qasm,b6afb1122e1baece13144a1d0da78738759129107f453e9579e99e8789e057fe,FakeSherbrooke,fake_sherbrooke,1,1024,1234,1234,8,6,25,8,127,35,132,20,0,132,,,0.6399174790021789,0.8257488600029319,session-3,3,3,raw_repetition,ok,
graphstate_indep_qiskit_8,graphstate,data/quantum_circuits/graphstate_indep_qiskit_8.qasm,b6afb1122e1baece13144a1d0da78738759129107f453e9579e99e8789e057fe,FakeSherbrooke,fake_sherbrooke,1,1024,1234,1234,8,6,25,8,127,35,132,20,0,132,,,0.7596468970004935,0.9454782780012465,session-3,4,3,raw_repetition,ok,
graphstate_indep_qiskit_9,graphstate,data/quantum_circuits/graphstate_indep_qiskit_9.qasm,040a287609a78a55ab6148ad1a3cc6aa2fcee8b0871b077a9c1a37bee49f69fe,FakeSherbrooke,fake_sherbrooke,1,1024,1234,1234,9,7,28,9,127,100,262,42,0,262,0.07682301099703182,3.3854027400011546,3.3898508610000135,3.4666738719970454,session-3,0,3,raw_repetition,ok,
graphstate_indep_qiskit_9,graphstate,data/quantum_circuits/graphstate_indep_qiskit_9.qasm,040a287609a78a55ab6148ad1a3cc6aa2fcee8b0871b077a9c1a37bee49f69fe,FakeSherbrooke,fake_sherbrooke,1,1024,1234,1234,9,7,28,9,127,100,262,42,0,262,,,3.503270483997767,3.5800934949947987,session-3,1,3,raw_repetition,ok,
graphstate_indep_qiskit_9,graphstate,data/quantum_circuits/graphstate_indep_qiskit_9.qasm,040a287609a78a55ab6148ad1a3cc6aa2fcee8b0871b077a9c1a37bee49f69fe,FakeSherbrooke,fake_sherbrooke,1,1024,1234,1234,9,7,28,9,127,100,262,42,0,262,,,3.547287287998188,3.6241102989952196,session-3,2,3,raw_repetition,ok,
graphstate_indep_qiskit_9,graphstate,data/quantum_circuits/graphstate_indep_qiskit_9.qasm,040a287609a78a55ab6148ad1a3cc6aa2fcee8b0871b077a9c1a37bee49f69fe,FakeSherbrooke,fake_sherbrooke,1,1024,1234,1234,9,7,28,9,127,100,262,42,0,262,,,3.407075940998766,3.4838989519957977,session-3,3,3,raw_repetition,ok,
graphstate_indep_qiskit_9,graphstate,data/quantum_circuits/graphstate_indep_qiskit_9.qasm,040a287609a78a55ab6148ad1a3cc6aa2fcee8b0871b077a9c1a37bee49f69fe,FakeSherbrooke,fake_sherbrooke,1,1024,1234,1234,9,7,28,9,127,100,262,42,0,262,,,3.405490887002088,3.48231389799912,session-3,4,3,raw_repetition,ok,
grover-noancilla_indep_qiskit_2,grover-noancilla,data/quantum_circuits/grover-noancilla_indep_qiskit_2.qasm,55746e6a2fd8d9c4b8c813443f2db46b072f75db1632dd252298c735fbc72bf0,FakeSherbrooke,fake_sherbrooke,1,1024,1234,1234,2,2,5,0,127,4,7,0,0,7,0.012927356001455337,0.7424087539984612,0.7553080870020494,0.7682354430035048,session-3,0,3,raw_repetition,ok,
grover-noancilla_indep_qiskit_2,grover-noancilla,data/quantum_circuits/grover-noancilla_indep_qiskit_2.qasm,55746e6a2fd8d9c4b8c813443f2db46b072f75db1632dd252298c735fbc72bf0,FakeSherbrooke,fake_sherbrooke,1,1024,1234,1234,2,2,5,0,127,4,7,0,0,7,,,0.6274677260007593,0.6403950820022146,session-3,1,3,raw_repetition,ok,
grover-noancilla_indep_qiskit_2,grover-noancilla,data/quantum_circuits/grover-noancilla_indep_qiskit_2.qasm,55746e6a2fd8d9c4b8c813443f2db46b072f75db1632dd252298c735fbc72bf0,FakeSherbrooke,fake_sherbrooke,1,1024,1234,1234,2,2,5,0,127,4,7,0,0,7,,,0.6227721370014478,0.6356994930029032,session-3,2,3,raw_repetition,ok,
grover-noancilla_indep_qiskit_2,grover-noancilla,data/quantum_circuits/grover-noancilla_indep_qiskit_2.qasm,55746e6a2fd8d9c4b8c813443f2db46b072f75db1632dd252298c735fbc72bf0,FakeSherbrooke,fake_sherbrooke,1,1024,1234,1234,2,2,5,0,127,4,7,0,0,7,,,0.7441814459998568,0.7571088020013121,session-3,3,3,raw_repetition,ok,
grover-noancilla_indep_qiskit_2,grover-noancilla,data/quantum_circuits/grover-noancilla_indep_qiskit_2.qasm,55746e6a2fd8d9c4b8c813443f2db46b072f75db1632dd252298c735fbc72bf0,FakeSherbrooke,fake_sherbrooke,1,1024,1234,1234,2,2,5,0,127,4,7,0,0,7,,,0.6137750989983033,0.6267024549997586,session-3,4,3,raw_repetition,ok,
grover-noancilla_indep_qiskit_3,grover-noancilla,data/quantum_circuits/grover-noancilla_indep_qiskit_3.qasm,bc77f4afad8bbb19a6b320c11bc8f8110a330e395e5c509895e0b6c566cab5e9,FakeSherbrooke,fake_sherbrooke,1,1024,1234,1234,3,10,17,3,127,56,87,12,0,87,0.043488661001902074,0.615449360000639,0.6221831709990511,0.6656718320009531,session-3,0,3,raw_repetition,ok,
grover-noancilla_indep_qiskit_3,grover-noancilla,data/quantum_circuits/grover-noancilla_indep_qiskit_3.qasm,bc77f4afad8bbb19a6b320c11bc8f8110a330e395e5c509895e0b6c566cab5e9,FakeSherbrooke,fake_sherbrooke,1,1024,1234,1234,3,10,17,3,127,56,87,12,0,87,,,0.7429354379964934,0.7864240989983955,session-3,1,3,raw_repetition,ok,
grover-noancilla_indep_qiskit_3,grover-noancilla,data/quantum_circuits/grover-noancilla_indep_qiskit_3.qasm,bc77f4afad8bbb19a6b320c11bc8f8110a330e395e5c509895e0b6c566cab5e9,FakeSherbrooke,fake_sherbrooke,1,1024,1234,1234,3,10,17,3,127,56,87,12,0,87,,,0.6206968650003546,0.6641855260022567,session-3,2,3,raw_repetition,ok,
grover-noancilla_indep_qiskit_3,grover-noancilla,data/quantum_circuits/grover-noancilla_indep_qiskit_3.qasm,bc77f4afad8bbb19a6b320c11bc8f8110a330e395e5c509895e0b6c566cab5e9,FakeSherbrooke,fake_sherbrooke,1,1024,1234,1234,3,10,17,3,127,56,87,12,0,87,,,0.6192663959991478,0.6627550570010499,session-3,3,3,raw_repetition,ok,
grover-noancilla_indep_qiskit_3,grover-noancilla,data/quantum_circuits/grover-noancilla_indep_qiskit_3.qasm,bc77f4afad8bbb19a6b320c11bc8f8110a330e395e5c509895e0b6c566cab5e9,FakeSherbrooke,fake_sherbrooke,1,1024,1234,1234,3,10,17,3,127,56,87,12,0,87,,,0.7307071889990766,0.7741958500009787,session-3,4,3,raw_repetition,ok,
grover-noancilla_indep_qiskit_4,grover-noancilla,data/quantum_circuits/grover-noancilla_indep_qiskit_4.qasm,edc62038c489069da135981ccefd5c5a2f3cc0a991fa6da4defa393abdb0d2a4,FakeSherbrooke,fake_sherbrooke,1,1024,1234,1234,4,34,49,12,127,313,600,100,0,600,0.07103408100010711,0.760798123999848,0.6320039880010881,0.7030380690011953,session-3,0,3,raw_repetition,ok,
grover-noancilla_indep_qiskit_4,grover-noancilla,data/quantum_circuits/grover-noancilla_indep_qiskit_4.qasm,edc62038c489069da135981ccefd5c5a2f3cc0a991fa6da4defa393abdb0d2a4,FakeSherbrooke,fake_sherbrooke,1,1024,1234,1234,4,34,49,12,127,313,600,100,0,600,,,0.6277832630003104,0.6988173440004175,session-3,1,3,raw_repetition,ok,
grover-noancilla_indep_qiskit_4,grover-noancilla,data/quantum_circuits/grover-noancilla_indep_qiskit_4.qasm,edc62038c489069da135981ccefd5c5a2f3cc0a991fa6da4defa393abdb0d2a4,FakeSherbrooke,fake_sherbrooke,1,1024,1234,1234,4,34,49,12,127,313,600,100,0,600,,,0.7476934619990061,0.8187275429991132,session-3,2,3,raw_repetition,ok,
grover-noancilla_indep_qiskit_4,grover-noancilla,data/quantum_circuits/grover-noancilla_indep_qiskit_4.qasm,edc62038c489069da135981ccefd5c5a2f3cc0a991fa6da4defa393abdb0d2a4,FakeSherbrooke,fake_sherbrooke,1,1024,1234,1234,4,34,49,12,127,313,600,100,0,600,,,0.6347441939979035,0.7057782749980106,session-3,3,3,raw_repetition,ok,
grover-noancilla_indep_qiskit_4,grover-noancilla,data/quantum_circuits/grover-noancilla_indep_qiskit_4.qasm,edc62038c489069da135981ccefd5c5a2f3cc0a991fa6da4defa393abdb0d2a4,FakeSherbrooke,fake_sherbrooke,1,1024,1234,1234,4,34,49,12,127,313,600,100,0,600,,,0.781113909000851,0.8521479900009581,session-3,4,3,raw_repetition,ok,
grover-noancilla_indep_qiskit_5,grover-noancilla,data/quantum_circuits/grover-noancilla_indep_qiskit_5.qasm,dd514cba6fbc94c48a3eb8f2ff2210ef74259e76e7f796394066418bfd93ee86,FakeSherbrooke,fake_sherbrooke,1,1024,1234,1234,5,170,197,84,127,970,1796,309,0,1796,0.1481491400008963,0.7886021630001778,0.6597353709985327,0.807884510999429,session-3,0,3,raw_repetition,ok,
grover-noancilla_indep_qiskit_5,grover-noancilla,data/quantum_circuits/grover-noancilla_indep_qiskit_5.qasm,dd514cba6fbc94c48a3eb8f2ff2210ef74259e76e7f796394066418bfd93ee86,FakeSherbrooke,fake_sherbrooke,1,1024,1234,1234,5,170,197,84,127,970,1796,309,0,1796,,,0.7895166010021057,0.937665741003002,session-3,1,3,raw_repetition,ok,
grover-noancilla_indep_qiskit_5,grover-noancilla,data/quantum_circuits/grover-noancilla_indep_qiskit_5.qasm,dd514cba6fbc94c48a3eb8f2ff2210ef74259e76e7f796394066418bfd93ee86,FakeSherbrooke,fake_sherbrooke,1,1024,1234,1234,5,170,197,84,127,970,1796,309,0,1796,,,0.6844513130017731,0.8326004530026694,session-3,2,3,raw_repetition,ok,
grover-noancilla_indep_qiskit_5,grover-noancilla,data/quantum_circuits/grover-noancilla_indep_qiskit_5.qasm,dd514cba6fbc94c48a3eb8f2ff2210ef74259e76e7f796394066418bfd93ee86,FakeSherbrooke,fake_sherbrooke,1,1024,1234,1234,5,170,197,84,127,970,1796,309,0,1796,,,0.655542788997991,0.8036919289988873,session-3,3,3,raw_repetition,ok,
grover-noancilla_indep_qiskit_5,grover-noancilla,data/quantum_circuits/grover-noancilla_indep_qiskit_5.qasm,dd514cba6fbc94c48a3eb8f2ff2210ef74259e76e7f796394066418bfd93ee86,FakeSherbrooke,fake_sherbrooke,1,1024,1234,1234,5,170,197,84,127,970,1796,309,0,1796,,,0.78911658600191,0.9372657260028063,session-3,4,3,raw_repetition,ok,
grover-noancilla_indep_qiskit_6,grover-noancilla,data/quantum_circuits/grover-noancilla_indep_qiskit_6.qasm,b6a15d3507225e442ed02c90df5179f09c529df7bf5ee38a8005cc265f4203a6,FakeSherbrooke,fake_sherbrooke,1,1024,1234,1234,6,402,457,192,127,3007,5939,1025,0,5939,0.3980298349997611,0.8510268019999785,0.8434778060000099,1.241507640999771,session-3,0,3,raw_repetition,ok,
grover-noancilla_indep_qiskit_6,grover-noancilla,data/quantum_circuits/grover-noancilla_indep_qiskit_6.qasm,b6a15d3507225e442ed02c90df5179f09c529df7bf5ee38a8005cc265f4203a6,FakeSherbrooke,fake_sherbrooke,1,1024,1234,1234,6,402,457,192,127,3007,5939,1025,0,5939,,,0.8617562030012778,1.2597860380010388,session-3,1,3,raw_repetition,ok,
grover-noancilla_indep_qiskit_6,grover-noancilla,data/quantum_circuits/grover-noancilla_indep_qiskit_6.qasm,b6a15d3507225e442ed02c90df5179f09c529df7bf5ee38a8005cc265f4203a6,FakeSherbrooke,fake_sherbrooke,1,1024,1234,1234,6,402,457,192,127,3007,5939,1025,0,5939,,,0.9831486170005519,1.381178452000313,session-3,2,3,raw_repetition,ok,
grover-noancilla_indep_qiskit_6,grover-noancilla,data/quantum_circuits/grover-noancilla_indep_qiskit_6.qasm,b6a15d3507225e442ed02c90df5179f09c529df7bf5ee38a8005cc265f4203a6,FakeSherbrooke,fake_sherbrooke,1,1024,1234,1234,6,402,457,192,127,3007,5939,1025,0,5939,,,0.8669035870007065,1.2649334220004675,session-3,3,3,raw_repetition,ok,
grover-noancilla_indep_qiskit_6,grover-noancilla,data/quantum_circuits/grover-noancilla_indep_qiskit_6.qasm,b6a15d3507225e442ed02c90df5179f09c529df7bf5ee38a8005cc265f4203a6,FakeSherbrooke,fake_sherbrooke,1,1024,1234,1234,6,402,457,192,127,3007,5939,1025,0,5939,,,0.841553449001367,1.239583284001128,session-3,4,3,raw_repetition,ok,
grover-noancilla_indep_qiskit_7,grover-noancilla,data/quantum_circuits/grover-noancilla_indep_qiskit_7.qasm,35548785a9c99b0ad9409f18dfbfc3baed0e1dcbb1d95eae8c8510dcda120410,FakeSherbrooke,fake_sherbrooke,1,1024,1234,1234,7,1124,1203,552,127,10000,20865,3567,0,20865,1.5224827790007112,2.730998006001755,2.726927763000276,4.249410542000987,session-3,0,3,raw_repetition,ok,
grover-noancilla_indep_qiskit_7,grover-noancilla,data/quantum_circuits/grover-noancilla_indep_qiskit_7.qasm,35548785a9c99b0ad9409f18dfbfc3baed0e1dcbb1d95eae8c8510dcda120410,FakeSherbrooke,fake_sherbrooke,1,1024,1234,1234,7,1124,1203,552,127,10000,20865,3567,0,20865,,,2.8611647539983096,4.383647532999021,session-3,1,3,raw_repetition,ok,
grover-noancilla_indep_qiskit_7,grover-noancilla,data/quantum_circuits/grover-noancilla_indep_qiskit_7.qasm,35548785a9c99b0ad9409f18dfbfc3baed0e1dcbb1d95eae8c8510dcda120410,FakeSherbrooke,fake_sherbrooke,1,1024,1234,1234,7,1124,1203,552,127,10000,20865,3567,0,20865,,,2.7325594399990223,4.2550422189997334,session-3,2,3,raw_repetition,ok,
grover-noancilla_indep_qiskit_7,grover-noancilla,data/quantum_circuits/grover-noancilla_indep_qiskit_7.qasm,35548785a9c99b0ad9409f18dfbfc3baed0e1dcbb1d95eae8c8510dcda120410,FakeSherbrooke,fake_sherbrooke,1,1024,1234,1234,7,1124,1203,552,127,10000,20865,3567,0,20865,,,2.755100520000269,4.27758329900098,session-3,3,3,raw_repetition,ok,
grover-noancilla_indep_qiskit_7,grover-noancilla,data/quantum_circuits/grover-noancilla_indep_qiskit_7.qasm,35548785a9c99b0ad9409f18dfbfc3baed0e1dcbb1d95eae8c8510dcda120410,FakeSherbrooke,fake_sherbrooke,1,1024,1234,1234,7,1124,1203,552,127,10000,20865,3567,0,20865,,,2.7723063100020227,4.294789089002734,session-3,4,3,raw_repetition,ok,
grover-noancilla_indep_qiskit_8,grover-noancilla,data/quantum_circuits/grover-noancilla_indep_qiskit_8.qasm,a3b7d67bad6cd47cb522addfaf763294b1ea99017f443c03052055a2f0074009,FakeSherbrooke,fake_sherbrooke,1,1024,1234,1234,8,3034,3153,1504,127,25905,55643,9548,0,55643,3.7530684209996252,3.8223982410017925,3.6267911519971676,7.379859572996793,session-3,0,3,raw_repetition,ok,
grover-noancilla_indep_qiskit_8,grover-noancilla,data/quantum_circuits/grover-noancilla_indep_qiskit_8.qasm,a3b7d67bad6cd47cb522addfaf763294b1ea99017f443c03052055a2f0074009,FakeSherbrooke,fake_sherbrooke,1,1024,1234,1234,8,3034,3153,1504,127,25905,55643,9548,0,55643,,,3.953918400002294,7.7069868210019195,session-3,1,3,raw_repetition,ok,
grover-noancilla_indep_qiskit_8,grover-noancilla,data/quantum_circuits/grover-noancilla_indep_qiskit_8.qasm,a3b7d67bad6cd47cb522addfaf763294b1ea99017f443c03052055a2f0074009,FakeSherbrooke,fake_sherbrooke,1,1024,1234,1234,8,3034,3153,1504,127,25905,55643,9548,0,55643,,,3.8124392409990833,7.5655076619987085,session-3,2,3,raw_repetition,ok,
grover-noancilla_indep_qiskit_8,grover-noancilla,data/quantum_circuits/grover-noancilla_indep_qiskit_8.qasm,a3b7d67bad6cd47cb522addfaf763294b1ea99017f443c03052055a2f0074009,FakeSherbrooke,fake_sherbrooke,1,1024,1234,1234,8,3034,3153,1504,127,25905,55643,9548,0,55643,,,3.7967031669977587,7.549771587997384,session-3,3,3,raw_repetition,ok,
grover-noancilla_indep_qiskit_8,grover-noancilla,data/quantum_circuits/grover-noancilla_indep_qiskit_8.qasm,a3b7d67bad6cd47cb522addfaf763294b1ea99017f443c03052055a2f0074009,FakeSherbrooke,fake_sherbrooke,1,1024,1234,1234,8,3034,3153,1504,127,25905,55643,9548,0,55643,,,3.8077989039993554,7.560867324998981,session-3,4,3,raw_repetition,ok,
grover-v-chain_indep_qiskit_2,grover-v-chain,data/quantum_circuits/grover-v-chain_indep_qiskit_2.qasm,55746e6a2fd8d9c4b8c813443f2db46b072f75db1632dd252298c735fbc72bf0,FakeSherbrooke,fake_sherbrooke,1,1024,1234,1234,2,2,5,0,127,4,7,0,0,7,0.012914514001749922,0.6241201800003182,0.6121055659968988,0.6250200799986487,session-3,0,3,raw_repetition,ok,
grover-v-chain_indep_qiskit_2,grover-v-chain,data/quantum_circuits/grover-v-chain_indep_qiskit_2.qasm,55746e6a2fd8d9c4b8c813443f2db46b072f75db1632dd252298c735fbc72bf0,FakeSherbrooke,fake_sherbrooke,1,1024,1234,1234,2,2,5,0,127,4,7,0,0,7,,,0.7573505699983798,0.7702650840001297,session-3,1,3,raw_repetition,ok,
grover-v-chain_indep_qiskit_2,grover-v-chain,data/quantum_circuits/grover-v-chain_indep_qiskit_2.qasm,55746e6a2fd8d9c4b8c813443f2db46b072f75db1632dd252298c735fbc72bf0,FakeSherbrooke,fake_sherbrooke,1,1024,1234,1234,2,2,5,0,127,4,7,0,0,7,,,0.6358368139990489,0.6487513280007988,session-3,2,3,raw_repetition,ok,
grover-v-chain_indep_qiskit_2,grover-v-chain,data/quantum_circuits/grover-v-chain_indep_qiskit_2.qasm,55746e6a2fd8d9c4b8c813443f2db46b072f75db1632dd252298c735fbc72bf0,FakeSherbrooke,fake_sherbrooke,1,1024,1234,1234,2,2,5,0,127,4,7,0,0,7,,,0.7337199549983779,0.7466344690001279,session-3,3,3,raw_repetition,ok,
grover-v-chain_indep_qiskit_2,grover-v-chain,data/quantum_circuits/grover-v-chain_indep_qiskit_2.qasm,55746e6a2fd8d9c4b8c813443f2db46b072f75db1632dd252298c735fbc72bf0,FakeSherbrooke,fake_sherbrooke,1,1024,1234,1234,2,2,5,0,127,4,7,0,0,7,,,0.6102242990018567,0.6231388130036066,session-3,4,3,raw_repetition,ok,
grover-v-chain_indep_qiskit_3,grover-v-chain,data/quantum_circuits/grover-v-chain_indep_qiskit_3.qasm,bc77f4afad8bbb19a6b320c11bc8f8110a330e395e5c509895e0b6c566cab5e9,FakeSherbrooke,fake_sherbrooke,1,1024,1234,1234,3,10,17,3,127,56,87,12,0,87,0.039293014000577386,0.7480381010027486,0.7838503809980466,0.823143394998624,session-3,0,3,raw_repetition,ok,
grover-v-chain_indep_qiskit_3,grover-v-chain,data/quantum_circuits/grover-v-chain_indep_qiskit_3.qasm,bc77f4afad8bbb19a6b320c11bc8f8110a330e395e5c509895e0b6c566cab5e9,FakeSherbrooke,fake_sherbrooke,1,1024,1234,1234,3,10,17,3,127,56,87,12,0,87,,,0.6451682100014295,0.6844612240020069,session-3,1,3,raw_repetition,ok,
grover-v-chain_indep_qiskit_3,grover-v-chain,data/quantum_circuits/grover-v-chain_indep_qiskit_3.qasm,bc77f4afad8bbb19a6b320c11bc8f8110a330e395e5c509895e0b6c566cab5e9,FakeSherbrooke,fake_sherbrooke,1,1024,1234,1234,3,10,17,3,127,56,87,12,0,87,,,0.6330135380012507,0.6723065520018281,session-3,2,3,raw_repetition,ok,
grover-v-chain_indep_qiskit_3,grover-v-chain,data/quantum_circuits/grover-v-chain_indep_qiskit_3.qasm,bc77f4afad8bbb19a6b320c11bc8f8110a330e395e5c509895e0b6c566cab5e9,FakeSherbrooke,fake_sherbrooke,1,1024,1234,1234,3,10,17,3,127,56,87,12,0,87,,,0.7607736060017487,0.8000666200023261,session-3,3,3,raw_repetition,ok,
grover-v-chain_indep_qiskit_3,grover-v-chain,data/quantum_circuits/grover-v-chain_indep_qiskit_3.qasm,bc77f4afad8bbb19a6b320c11bc8f8110a330e395e5c509895e0b6c566cab5e9,FakeSherbrooke,fake_sherbrooke,1,1024,1234,1234,3,10,17,3,127,56,87,12,0,87,,,0.6144834709994029,0.6537764849999803,session-3,4,3,raw_repetition,ok,
grover-v-chain_indep_qiskit_4,grover-v-chain,data/quantum_circuits/grover-v-chain_indep_qiskit_4.qasm,edc62038c489069da135981ccefd5c5a2f3cc0a991fa6da4defa393abdb0d2a4,FakeSherbrooke,fake_sherbrooke,1,1024,1234,1234,4,34,49,12,127,313,600,100,0,600,0.07055091000074754,0.7723263659972872,0.783973589001107,0.8545244990018546,session-3,0,3,raw_repetition,ok,
grover-v-chain_indep_qiskit_4,grover-v-chain,data/quantum_circuits/grover-v-chain_indep_qiskit_4.qasm,edc62038c489069da135981ccefd5c5a2f3cc0a991fa6da4defa393abdb0d2a4,FakeSherbrooke,fake_sherbrooke,1,1024,1234,1234,4,34,49,12,127,313,600,100,0,600,,,0.6503117619977274,0.720862671998475,session-3,1,3,raw_repetition,ok,
grover-v-chain_indep_qiskit_4,grover-v-chain,data/quantum_circuits/grover-v-chain_indep_qiskit_4.qasm,edc62038c489069da135981ccefd5c5a2f3cc0a991fa6da4defa393abdb0d2a4,FakeSherbrooke,fake_sherbrooke,1,1024,1234,1234,4,34,49,12,127,313,600,100,0,600,,,0.6265492960010306,0.6971002060017781,session-3,2,3,raw_repetition,ok,
grover-v-chain_indep_qiskit_4,grover-v-chain,data/quantum_circuits/grover-v-chain_indep_qiskit_4.qasm,edc62038c489069da135981ccefd5c5a2f3cc0a991fa6da4defa393abdb0d2a4,FakeSherbrooke,fake_sherbrooke,1,1024,1234,1234,4,34,49,12,127,313,600,100,0,600,,,0.7510572479986877,0.8216081579994352,session-3,3,3,raw_repetition,ok,
grover-v-chain_indep_qiskit_4,grover-v-chain,data/quantum_circuits/grover-v-chain_indep_qiskit_4.qasm,edc62038c489069da135981ccefd5c5a2f3cc0a991fa6da4defa393abdb0d2a4,FakeSherbrooke,fake_sherbrooke,1,1024,1234,1234,4,34,49,12,127,313,600,100,0,600,,,0.6291655790009827,0.6997164890017302,session-3,4,3,raw_repetition,ok,
grover-v-chain_indep_qiskit_5,grover-v-chain,data/quantum_circuits/grover-v-chain_indep_qiskit_5.qasm,5042c6dd513b1366c0a145850de9e534b0e38aabc818b994ab8c4b6cad7ad5c8,FakeSherbrooke,fake_sherbrooke,1,1024,1234,1234,5,102,131,42,127,1149,1925,330,0,1925,0.269230884998251,0.6585368000014569,0.7983211669998127,1.0675520519980637,session-3,0,3,raw_repetition,ok,
grover-v-chain_indep_qiskit_5,grover-v-chain,data/quantum_circuits/grover-v-chain_indep_qiskit_5.qasm,5042c6dd513b1366c0a145850de9e534b0e38aabc818b994ab8c4b6cad7ad5c8,FakeSherbrooke,fake_sherbrooke,1,1024,1234,1234,5,102,131,42,127,1149,1925,330,0,1925,,,0.6668350969994208,0.9360659819976718,session-3,1,3,raw_repetition,ok,
grover-v-chain_indep_qiskit_5,grover-v-chain,data/quantum_circuits/grover-v-chain_indep_qiskit_5.qasm,5042c6dd513b1366c0a145850de9e534b0e38aabc818b994ab8c4b6cad7ad5c8,FakeSherbrooke,fake_sherbrooke,1,1024,1234,1234,5,102,131,42,127,1149,1925,330,0,1925,,,0.6741303899980267,0.9433612749962776,session-3,2,3,raw_repetition,ok,
grover-v-chain_indep_qiskit_5,grover-v-chain,data/quantum_circuits/grover-v-chain_indep_qiskit_5.qasm,5042c6dd513b1366c0a145850de9e534b0e38aabc818b994ab8c4b6cad7ad5c8,FakeSherbrooke,fake_sherbrooke,1,1024,1234,1234,5,102,131,42,127,1149,1925,330,0,1925,,,0.7963172130002931,1.065548097998544,session-3,3,3,raw_repetition,ok,
grover-v-chain_indep_qiskit_5,grover-v-chain,data/quantum_circuits/grover-v-chain_indep_qiskit_5.qasm,5042c6dd513b1366c0a145850de9e534b0e38aabc818b994ab8c4b6cad7ad5c8,FakeSherbrooke,fake_sherbrooke,1,1024,1234,1234,5,102,131,42,127,1149,1925,330,0,1925,,,0.6638749579979049,0.9331058429961558,session-3,4,3,raw_repetition,ok,
grover-v-chain_indep_qiskit_7,grover-v-chain,data/quantum_circuits/grover-v-chain_indep_qiskit_7.qasm,84056291d9ff227b3c615cc378349fa1154f5a122bcd0eb6bc04045bbf3affa0,FakeSherbrooke,fake_sherbrooke,1,1024,1234,1234,7,271,318,120,127,2678,5444,944,0,5444,0.3722887650001212,1.2862930680021236,1.181235176998598,1.5535239419987192,session-3,0,3,raw_repetition,ok,
grover-v-chain_indep_qiskit_7,grover-v-chain,data/quantum_circuits/grover-v-chain_indep_qiskit_7.qasm,84056291d9ff227b3c615cc378349fa1154f5a122bcd0eb6bc04045bbf3affa0,FakeSherbrooke,fake_sherbrooke,1,1024,1234,1234,7,271,318,120,127,2678,5444,944,0,5444,,,1.1705842629999097,1.542873028000031,session-3,1,3,raw_repetition,ok,
grover-v-chain_indep_qiskit_7,grover-v-chain,data/quantum_circuits/grover-v-chain_indep_qiskit_7.qasm,84056291d9ff227b3c615cc378349fa1154f5a122bcd0eb6bc04045bbf3affa0,FakeSherbrooke,fake_sherbrooke,1,1024,1234,1234,7,271,318,120,127,2678,5444,944,0,5444,,,1.3058908240018354,1.6781795890019566,session-3,2,3,raw_repetition,ok,
grover-v-chain_indep_qiskit_7,grover-v-chain,data/quantum_circuits/grover-v-chain_indep_qiskit_7.qasm,84056291d9ff227b3c615cc378349fa1154f5a122bcd0eb6bc04045bbf3affa0,FakeSherbrooke,fake_sherbrooke,1,1024,1234,1234,7,271,318,120,127,2678,5444,944,0,5444,,,1.198433337998722,1.5707221029988432,session-3,3,3,raw_repetition,ok,
grover-v-chain_indep_qiskit_7,grover-v-chain,data/quantum_circuits/grover-v-chain_indep_qiskit_7.qasm,84056291d9ff227b3c615cc378349fa1154f5a122bcd0eb6bc04045bbf3affa0,FakeSherbrooke,fake_sherbrooke,1,1024,1234,1234,7,271,318,120,127,2678,5444,944,0,5444,,,1.1920864250023442,1.5643751900024654,session-3,4,3,raw_repetition,ok,
grover-v-chain_indep_qiskit_9,grover-v-chain,data/quantum_circuits/grover-v-chain_indep_qiskit_9.qasm,3d37464cf8c53831d2867c0c111a83e03a820e90fa26f77d01a4a85f4f9d6875,FakeSherbrooke,fake_sherbrooke,1,1024,1234,1234,9,801,881,372,127,7032,14939,2664,0,14939,1.097515541001485,3.5434420999990834,3.531684771998698,4.629200313000183,session-3,0,3,raw_repetition,ok,
grover-v-chain_indep_qiskit_9,grover-v-chain,data/quantum_circuits/grover-v-chain_indep_qiskit_9.qasm,3d37464cf8c53831d2867c0c111a83e03a820e90fa26f77d01a4a85f4f9d6875,FakeSherbrooke,fake_sherbrooke,1,1024,1234,1234,9,801,881,372,127,7032,14939,2664,0,14939,,,3.398103051000362,4.495618592001847,session-3,1,3,raw_repetition,ok,
grover-v-chain_indep_qiskit_9,grover-v-chain,data/quantum_circuits/grover-v-chain_indep_qiskit_9.qasm,3d37464cf8c53831d2867c0c111a83e03a820e90fa26f77d01a4a85f4f9d6875,FakeSherbrooke,fake_sherbrooke,1,1024,1234,1234,9,801,881,372,127,7032,14939,2664,0,14939,,,3.4165071610004816,4.5140227020019665,session-3,2,3,raw_repetition,ok,
grover-v-chain_indep_qiskit_9,grover-v-chain,data/quantum_circuits/grover-v-chain_indep_qiskit_9.qasm,3d37464cf8c53831d2867c0c111a83e03a820e90fa26f77d01a4a85f4f9d6875,FakeSherbrooke,fake_sherbrooke,1,1024,1234,1234,9,801,881,372,127,7032,14939,2664,0,14939,,,3.3928990950007574,4.490414636002242,session-3,3,3,raw_repetition,ok,
grover-v-chain_indep_qiskit_9,grover-v-chain,data/quantum_circuits/grover-v-chain_indep_qiskit_9.qasm,3d37464cf8c53831d2867c0c111a83e03a820e90fa26f77d01a4a85f4f9d6875,FakeSherbrooke,fake_sherbrooke,1,1024,1234,1234,9,801,881,372,127,7032,14939,2664,0,14939,,,3.537806031999935,4.63532157300142,session-3,4,3,raw_repetition,ok,
portfolioqaoa_indep_qiskit_3,portfolioqaoa,data/quantum_circuits/portfolioqaoa_indep_qiskit_3.qasm,47e6743e95c380a13dc5947d9e9b3db26e541efabd4a27134ff26aa14c00ba7d,FakeSherbrooke,fake_sherbrooke,1,1024,1234,1234,3,15,29,9,127,126,208,30,0,208,0.047510529999271967,0.6417957590019796,0.7491852450002625,0.7966957749995345,session-3,0,3,raw_repetition,ok,
portfolioqaoa_indep_qiskit_3,portfolioqaoa,data/quantum_circuits/portfolioqaoa_indep_qiskit_3.qasm,47e6743e95c380a13dc5947d9e9b3db26e541efabd4a27134ff26aa14c00ba7d,FakeSherbrooke,fake_sherbrooke,1,1024,1234,1234,3,15,29,9,127,126,208,30,0,208,,,0.6471771659998922,0.6946876959991641,session-3,1,3,raw_repetition,ok,
portfolioqaoa_indep_qiskit_3,portfolioqaoa,data/quantum_circuits/portfolioqaoa_indep_qiskit_3.qasm,47e6743e95c380a13dc5947d9e9b3db26e541efabd4a27134ff26aa14c00ba7d,FakeSherbrooke,fake_sherbrooke,1,1024,1234,1234,3,15,29,9,127,126,208,30,0,208,,,0.7920993629995792,0.8396098929988511,session-3,2,3,raw_repetition,ok,
portfolioqaoa_indep_qiskit_3,portfolioqaoa,data/quantum_circuits/portfolioqaoa_indep_qiskit_3.qasm,47e6743e95c380a13dc5947d9e9b3db26e541efabd4a27134ff26aa14c00ba7d,FakeSherbrooke,fake_sherbrooke,1,1024,1234,1234,3,15,29,9,127,126,208,30,0,208,,,0.6487017560029926,0.6962122860022646,session-3,3,3,raw_repetition,ok,
portfolioqaoa_indep_qiskit_3,portfolioqaoa,data/quantum_circuits/portfolioqaoa_indep_qiskit_3.qasm,47e6743e95c380a13dc5947d9e9b3db26e541efabd4a27134ff26aa14c00ba7d,FakeSherbrooke,fake_sherbrooke,1,1024,1234,1234,3,15,29,9,127,126,208,30,0,208,,,0.638946852999652,0.686457382998924,session-3,4,3,raw_repetition,ok,
portfolioqaoa_indep_qiskit_4,portfolioqaoa,data/quantum_circuits/portfolioqaoa_indep_qiskit_4.qasm,568570a69663949a1aaac2fe16e74d3d065c7a8e6013e21368a9d8add886d6dc,FakeSherbrooke,fake_sherbrooke,1,1024,1234,1234,4,19,44,18,127,252,450,72,0,450,0.06829947900041589,0.7883162899997842,0.6470714679999219,0.7153709470003378,session-3,0,3,raw_repetition,ok,
portfolioqaoa_indep_qiskit_4,portfolioqaoa,data/quantum_circuits/portfolioqaoa_indep_qiskit_4.qasm,568570a69663949a1aaac2fe16e74d3d065c7a8e6013e21368a9d8add886d6dc,FakeSherbrooke,fake_sherbrooke,1,1024,1234,1234,4,19,44,18,127,252,450,72,0,450,,,0.7507485950009141,0.81904807400133,session-3,1,3,raw_repetition,ok,
portfolioqaoa_indep_qiskit_4,portfolioqaoa,data/quantum_circuits/portfolioqaoa_indep_qiskit_4.qasm,568570a69663949a1aaac2fe16e74d3d065c7a8e6013e21368a9d8add886d6dc,FakeSherbrooke,fake_sherbrooke,1,1024,1234,1234,4,19,44,18,127,252,450,72,0,450,,,0.6465268619976996,0.7148263409981155,session-3,2,3,raw_repetition,ok,
portfolioqaoa_indep_qiskit_4,portfolioqaoa,data/quantum_circuits/portfolioqaoa_indep_qiskit_4.qasm,568570a69663949a1aaac2fe16e74d3d065c7a8e6013e21368a9d8add886d6dc,FakeSherbrooke,fake_sherbrooke,1,1024,1234,1234,4,19,44,18,127,252,450,72,0,450,,,0.641520307999599,0.7098197870000149,session-3,3,3,raw_repetition,ok,
portfolioqaoa_indep_qiskit_4,portfolioqaoa,data/quantum_circuits/portfolioqaoa_indep_qiskit_4.qasm,568570a69663949a1aaac2fe16e74d3d065c7a8e6013e21368a9d8add886d6dc,FakeSherbrooke,fake_sherbrooke,1,1024,1234,1234,4,19,44,18,127,252,450,72,0,450,,,0.7757158849999541,0.84401536400037,session-3,4,3,raw_repetition,ok,
portfolioqaoa_indep_qiskit_5,portfolioqaoa,data/quantum_circuits/portfolioqaoa_indep_qiskit_5.qasm,0f7836c0a3a429dd9b4f2b55a4fab5d6d112458814cb34efb22309ec614c801f,FakeSherbrooke,fake_sherbrooke,1,1024,1234,1234,5,23,62,30,127,354,670,108,0,670,0.07304471700263093,0.6494682890006516,0.6517559040003107,0.7248006210029416,session-3,0,3,raw_repetition,ok,
portfolioqaoa_indep_qiskit_5,portfolioqaoa,data/quantum_circuits/portfolioqaoa_indep_qiskit_5.qasm,0f7836c0a3a429dd9b4f2b55a4fab5d6d112458814cb34efb22309ec614c801f,FakeSherbrooke,fake_sherbrooke,1,1024,1234,1234,5,23,62,30,127,354,670,108,0,670,,,0.7486414310005785,0.8216861480032094,session-3,1,3,raw_repetition,ok,
portfolioqaoa_indep_qiskit_5,portfolioqaoa,data/quantum_circuits/portfolioqaoa_indep_qiskit_5.qasm,0f7836c0a3a429dd9b4f2b55a4fab5d6d112458814cb34efb22309ec614c801f,FakeSherbrooke,fake_sherbrooke,1,1024,1234,1234,5,23,62,30,127,354,670,108,0,670,,,0.7985099659999833,0.8715546830026142,session-3,2,3,raw_repetition,ok,
portfolioqaoa_indep_qiskit_5,portfolioqaoa,data/quantum_circuits/portfolioqaoa_indep_qiskit_5.qasm,0f7836c0a3a429dd9b4f2b55a4fab5d6d112458814cb34efb22309ec614c801f,FakeSherbrooke,fake_sherbrooke,1,1024,1234,1234,5,23,62,30,127,354,670,108,0,670,,,0.6363307810024708,0.7093754980051017,session-3,3,3,raw_repetition,ok,
portfolioqaoa_indep_qiskit_5,portfolioqaoa,data/quantum_circuits/portfolioqaoa_indep_qiskit_5.qasm,0f7836c0a3a429dd9b4f2b55a4fab5d6d112458814cb34efb22309ec614c801f,FakeSherbrooke,fake_sherbrooke,1,1024,1234,1234,5,23,62,30,127,354,670,108,0,670,,,0.629298910000216,0.7023436270028469,session-3,4,3,raw_repetition,ok,
portfolioqaoa_indep_qiskit_6,portfolioqaoa,data/quantum_circuits/portfolioqaoa_indep_qiskit_6.qasm,4dd5e72918722dff3c88e277e20e3ecc1e06dfd0601343e784eeb454470800b7,FakeSherbrooke,fake_sherbrooke,1,1024,1234,1234,6,27,83,45,127,556,1137,192,0,1137,0.10412737699880381,0.7877223760006018,0.6614987529974314,0.7656261299962352,session-3,0,3,raw_repetition,ok,
portfolioqaoa_indep_qiskit_6,portfolioqaoa,data/quantum_circuits/portfolioqaoa_indep_qiskit_6.qasm,4dd5e72918722dff3c88e277e20e3ecc1e06dfd0601343e784eeb454470800b7,FakeSherbrooke,fake_sherbrooke,1,1024,1234,1234,6,27,83,45,127,556,1137,192,0,1137,,,0.8046635009995953,0.9087908779983991,session-3,1,3,raw_repetition,ok,
portfolioqaoa_indep_qiskit_6,portfolioqaoa,data/quantum_circuits/portfolioqaoa_indep_qiskit_6.qasm,4dd5e72918722dff3c88e277e20e3ecc1e06dfd0601343e784eeb454470800b7,FakeSherbrooke,fake_sherbrooke,1,1024,1234,1234,6,27,83,45,127,556,1137,192,0,1137,,,0.6911762100025953,0.7953035870013991,session-3,2,3,raw_repetition,ok,
portfolioqaoa_indep_qiskit_6,portfolioqaoa,data/quantum_circuits/portfolioqaoa_indep_qiskit_6.qasm,4dd5e72918722dff3c88e277e20e3ecc1e06dfd0601343e784eeb454470800b7,FakeSherbrooke,fake_sherbrooke,1,1024,1234,1234,6,27,83,45,127,556,1137,192,0,1137,,,0.6698291909997351,0.773956567998539,session-3,3,3,raw_repetition,ok,
portfolioqaoa_indep_qiskit_6,portfolioqaoa,data/quantum_circuits/portfolioqaoa_indep_qiskit_6.qasm,4dd5e72918722dff3c88e277e20e3ecc1e06dfd0601343e784eeb454470800b7,FakeSherbrooke,fake_sherbrooke,1,1024,1234,1234,6,27,83,45,127,556,1137,192,0,1137,,,0.8198360509995837,0.9239634279983875,session-3,4,3,raw_repetition,ok,
portfolioqaoa_indep_qiskit_7,portfolioqaoa,data/quantum_circuits/portfolioqaoa_indep_qiskit_7.qasm,f8d88243c9d36e41e0eedeff4898e325d59ba4d8ceb4b81c7b48757ade1e94b4,FakeSherbrooke,fake_sherbrooke,1,1024,1234,1234,7,31,107,63,127,699,1591,276,0,1591,0.1373124519996054,0.7868969170012861,0.8015298230020562,0.9388422750016616,session-3,0,3,raw_repetition,ok,
portfolioqaoa_indep_qiskit_7,portfolioqaoa,data/quantum_circuits/portfolioqaoa_indep_qiskit_7.qasm,f8d88243c9d36e41e0eedeff4898e325d59ba4d8ceb4b81c7b48757ade1e94b4,FakeSherbrooke,fake_sherbrooke,1,1024,1234,1234,7,31,107,63,127,699,1591,276,0,1591,,,0.9415093349998642,1.0788217869994696,session-3,1,3,raw_repetition,ok,
portfolioqaoa_indep_qiskit_7,portfolioqaoa,data/quantum_circuits/portfolioqaoa_indep_qiskit_7.qasm,f8d88243c9d36e41e0eedeff4898e325d59ba4d8ceb4b81c7b48757ade1e94b4,FakeSherbrooke,fake_sherbrooke,1,1024,1234,1234,7,31,107,63,127,699,1591,276,0,1591,,,0.8213117199993576,0.958624171998963,session-3,2,3,raw_repetition,ok,
portfolioqaoa_indep_qiskit_7,portfolioqaoa,data/quantum_circuits/portfolioqaoa_indep_qiskit_7.qasm,f8d88243c9d36e41e0eedeff4898e325d59ba4d8ceb4b81c7b48757ade1e94b4,FakeSherbrooke,fake_sherbrooke,1,1024,1234,1234,7,31,107,63,127,699,1591,276,0,1591,,,0.7905298080004286,0.927842260000034,session-3,3,3,raw_repetition,ok,
portfolioqaoa_indep_qiskit_7,portfolioqaoa,data/quantum_circuits/portfolioqaoa_indep_qiskit_7.qasm,f8d88243c9d36e41e0eedeff4898e325d59ba4d8ceb4b81c7b48757ade1e94b4,FakeSherbrooke,fake_sherbrooke,1,1024,1234,1234,7,31,107,63,127,699,1591,276,0,1591,,,0.926327825000044,1.0636402769996494,session-3,4,3,raw_repetition,ok,
portfolioqaoa_indep_qiskit_8,portfolioqaoa,data/quantum_circuits/portfolioqaoa_indep_qiskit_8.qasm,2372d3228c3e3e38e3351feb553380bce5a543c936f73a400de0e54ab470599a,FakeSherbrooke,fake_sherbrooke,1,1024,1234,1234,8,35,134,84,127,864,2194,384,0,2194,0.16839075200186926,0.8803471259998332,0.7655141540017212,0.9339049060035904,session-3,0,3,raw_repetition,ok,
portfolioqaoa_indep_qiskit_8,portfolioqaoa,data/quantum_circuits/portfolioqaoa_indep_qiskit_8.qasm,2372d3228c3e3e38e3351feb553380bce5a543c936f73a400de0e54ab470599a,FakeSherbrooke,fake_sherbrooke,1,1024,1234,1234,8,35,134,84,127,864,2194,384,0,2194,,,0.8779590980011562,1.0463498500030255,session-3,1,3,raw_repetition,ok,
portfolioqaoa_indep_qiskit_8,portfolioqaoa,data/quantum_circuits/portfolioqaoa_indep_qiskit_8.qasm,2372d3228c3e3e38e3351feb553380bce5a543c936f73a400de0e54ab470599a,FakeSherbrooke,fake_sherbrooke,1,1024,1234,1234,8,35,134,84,127,864,2194,384,0,2194,,,0.7551950470005977,0.923585799002467,session-3,2,3,raw_repetition,ok,
portfolioqaoa_indep_qiskit_8,portfolioqaoa,data/quantum_circuits/portfolioqaoa_indep_qiskit_8.qasm,2372d3228c3e3e38e3351feb553380bce5a543c936f73a400de0e54ab470599a,FakeSherbrooke,fake_sherbrooke,1,1024,1234,1234,8,35,134,84,127,864,2194,384,0,2194,,,0.764187751999998,0.9325785040018673,session-3,3,3,raw_repetition,ok,
portfolioqaoa_indep_qiskit_8,portfolioqaoa,data/quantum_circuits/portfolioqaoa_indep_qiskit_8.qasm,2372d3228c3e3e38e3351feb553380bce5a543c936f73a400de0e54ab470599a,FakeSherbrooke,fake_sherbrooke,1,1024,1234,1234,8,35,134,84,127,864,2194,384,0,2194,,,0.8919099249978899,1.0603006769997592,session-3,4,3,raw_repetition,ok,
portfolioqaoa_indep_qiskit_9,portfolioqaoa,data/quantum_circuits/portfolioqaoa_indep_qiskit_9.qasm,a53b2a3a1ba8397a96b487c44f825f3cab2e0c714b69298f2ab0a839975b173c,FakeSherbrooke,fake_sherbrooke,1,1024,1234,1234,9,39,164,108,127,737,2785,483,0,2785,0.20845995700074127,1.0430282510023972,1.029286429999047,1.2377463869997882,session-3,0,3,raw_repetition,ok,
portfolioqaoa_indep_qiskit_9,portfolioqaoa,data/quantum_circuits/portfolioqaoa_indep_qiskit_9.qasm,a53b2a3a1ba8397a96b487c44f825f3cab2e0c714b69298f2ab0a839975b173c,FakeSherbrooke,fake_sherbrooke,1,1024,1234,1234,9,39,164,108,127,737,2785,483,0,2785,,,1.1458987039986823,1.3543586609994236,session-3,1,3,raw_repetition,ok,
portfolioqaoa_indep_qiskit_9,portfolioqaoa,data/quantum_circuits/portfolioqaoa_indep_qiskit_9.qasm,a53b2a3a1ba8397a96b487c44f825f3cab2e0c714b69298f2ab0a839975b173c,FakeSherbrooke,fake_sherbrooke,1,1024,1234,1234,9,39,164,108,127,737,2785,483,0,2785,,,1.0309089259972097,1.239368882997951,session-3,2,3,raw_repetition,ok,
portfolioqaoa_indep_qiskit_9,portfolioqaoa,data/quantum_circuits/portfolioqaoa_indep_qiskit_9.qasm,a53b2a3a1ba8397a96b487c44f825f3cab2e0c714b69298f2ab0a839975b173c,FakeSherbrooke,fake_sherbrooke,1,1024,1234,1234,9,39,164,108,127,737,2785,483,0,2785,,,1.188475696999376,1.3969356540001172,session-3,3,3,raw_repetition,ok,
portfolioqaoa_indep_qiskit_9,portfolioqaoa,data/quantum_circuits/portfolioqaoa_indep_qiskit_9.qasm,a53b2a3a1ba8397a96b487c44f825f3cab2e0c714b69298f2ab0a839975b173c,FakeSherbrooke,fake_sherbrooke,1,1024,1234,1234,9,39,164,108,127,737,2785,483,0,2785,,,1.036548166997818,1.2450081239985593,session-3,4,3,raw_repetition,ok,
portfoliovqe_indep_qiskit_3,portfoliovqe,data/quantum_circuits/portfoliovqe_indep_qiskit_3.qasm,4b5542071ea595cd62184de26c4f1dac3f6afa86f6450f50a28dbe8e1f865257,FakeSherbrooke,fake_sherbrooke,1,1024,1234,1234,3,14,25,9,127,79,134,21,0,134,0.04161315300007118,0.7594464030007657,0.7592376440006774,0.8008507970007486,session-3,0,3,raw_repetition,ok,
portfoliovqe_indep_qiskit_3,portfoliovqe,data/quantum_circuits/portfoliovqe_indep_qiskit_3.qasm,4b5542071ea595cd62184de26c4f1dac3f6afa86f6450f50a28dbe8e1f865257,FakeSherbrooke,fake_sherbrooke,1,1024,1234,1234,3,14,25,9,127,79,134,21,0,134,,,0.6282423720003862,0.6698555250004574,session-3,1,3,raw_repetition,ok,
portfoliovqe_indep_qiskit_3,portfoliovqe,data/quantum_circuits/portfoliovqe_indep_qiskit_3.qasm,4b5542071ea595cd62184de26c4f1dac3f6afa86f6450f50a28dbe8e1f865257,FakeSherbrooke,fake_sherbrooke,1,1024,1234,1234,3,14,25,9,127,79,134,21,0,134,,,0.6197624759988685,0.6613756289989396,session-3,2,3,raw_repetition,ok,
portfoliovqe_indep_qiskit_3,portfoliovqe,data/quantum_circuits/portfoliovqe_indep_qiskit_3.qasm,4b5542071ea595cd62184de26c4f1dac3f6afa86f6450f50a28dbe8e1f865257,FakeSherbrooke,fake_sherbrooke,1,1024,1234,1234,3,14,25,9,127,79,134,21,0,134,,,0.7313608980002755,0.7729740510003467,session-3,3,3,raw_repetition,ok,
portfoliovqe_indep_qiskit_3,portfoliovqe,data/quantum_circuits/portfoliovqe_indep_qiskit_3.qasm,4b5542071ea595cd62184de26c4f1dac3f6afa86f6450f50a28dbe8e1f865257,FakeSherbrooke,fake_sherbrooke,1,1024,1234,1234,3,14,25,9,127,79,134,21,0,134,,,0.619897280997975,0.6615104339980462,session-3,4,3,raw_repetition,ok,
portfoliovqe_indep_qiskit_4,portfoliovqe,data/quantum_circuits/portfoliovqe_indep_qiskit_4.qasm,36bb1354ff108648bc8c9c529a2002a53a68e4bfa9bf3529edce11e5d47f851f,FakeSherbrooke,fake_sherbrooke,1,1024,1234,1234,4,18,39,18,127,172,312,54,0,312,0.051816990999213886,0.7493535559988231,0.7740973219988518,0.8259143129980657,session-3,0,3,raw_repetition,ok,
portfoliovqe_indep_qiskit_4,portfoliovqe,data/quantum_circuits/portfoliovqe_indep_qiskit_4.qasm,36bb1354ff108648bc8c9c529a2002a53a68e4bfa9bf3529edce11e5d47f851f,FakeSherbrooke,fake_sherbrooke,1,1024,1234,1234,4,18,39,18,127,172,312,54,0,312,,,0.6387674009965849,0.6905843919957988,session-3,1,3,raw_repetition,ok,
portfoliovqe_indep_qiskit_4,portfoliovqe,data/quantum_circuits/portfoliovqe_indep_qiskit_4.qasm,36bb1354ff108648bc8c9c529a2002a53a68e4bfa9bf3529edce11e5d47f851f,FakeSherbrooke,fake_sherbrooke,1,1024,1234,1234,4,18,39,18,127,172,312,54,0,312,,,0.6350229999989097,0.6868399909981235,session-3,2,3,raw_repetition,ok,
portfoliovqe_indep_qiskit_4,portfoliovqe,data/quantum_circuits/portfoliovqe_indep_qiskit_4.qasm,36bb1354ff108648bc8c9c529a2002a53a68e4bfa9bf3529edce11e5d47f851f,FakeSherbrooke,fake_sherbrooke,1,1024,1234,1234,4,18,39,18,127,172,312,54,0,312,,,0.7607608180005627,0.8125778089997766,session-3,3,3,raw_repetition,ok,
portfoliovqe_indep_qiskit_4,portfoliovqe,data/quantum_circuits/portfoliovqe_indep_qiskit_4.qasm,36bb1354ff108648bc8c9c529a2002a53a68e4bfa9bf3529edce11e5d47f851f,FakeSherbrooke,fake_sherbrooke,1,1024,1234,1234,4,18,39,18,127,172,312,54,0,312,,,0.6386567589979677,0.6904737499971816,session-3,4,3,raw_repetition,ok,
portfoliovqe_indep_qiskit_5,portfoliovqe,data/quantum_circuits/portfoliovqe_indep_qiskit_5.qasm,28b9eac87132bbff64970708737a94c408cfa435ce16cd395a57ab6fbfe5a6f7,FakeSherbrooke,fake_sherbrooke,1,1024,1234,1234,5,22,56,30,127,233,451,78,0,451,0.05922190700221108,0.7480902089992014,0.7611811310016492,0.8204030380038603,session-3,0,3,raw_repetition,ok,
portfoliovqe_indep_qiskit_5,portfoliovqe,data/quantum_circuits/portfoliovqe_indep_qiskit_5.qasm,28b9eac87132bbff64970708737a94c408cfa435ce16cd395a57ab6fbfe5a6f7,FakeSherbrooke,fake_sherbrooke,1,1024,1234,1234,5,22,56,30,127,233,451,78,0,451,,,0.7947448630002327,0.8539667700024438,session-3,1,3,raw_repetition,ok,
portfoliovqe_indep_qiskit_5,portfoliovqe,data/quantum_circuits/portfoliovqe_indep_qiskit_5.qasm,28b9eac87132bbff64970708737a94c408cfa435ce16cd395a57ab6fbfe5a6f7,FakeSherbrooke,fake_sherbrooke,1,1024,1234,1234,5,22,56,30,127,233,451,78,0,451,,,0.6554291079992254,0.7146510150014365,session-3,2,3,raw_repetition,ok,
portfoliovqe_indep_qiskit_5,portfoliovqe,data/quantum_circuits/portfoliovqe_indep_qiskit_5.qasm,28b9eac87132bbff64970708737a94c408cfa435ce16cd395a57ab6fbfe5a6f7,FakeSherbrooke,fake_sherbrooke,1,1024,1234,1234,5,22,56,30,127,233,451,78,0,451,,,0.6332497360017442,0.6924716430039553,session-3,3,3,raw_repetition,ok,
portfoliovqe_indep_qiskit_5,portfoliovqe,data/quantum_circuits/portfoliovqe_indep_qiskit_5.qasm,28b9eac87132bbff64970708737a94c408cfa435ce16cd395a57ab6fbfe5a6f7,FakeSherbrooke,fake_sherbrooke,1,1024,1234,1234,5,22,56,30,127,233,451,78,0,451,,,0.7757814779979526,0.8350033850001637,session-3,4,3,raw_repetition,ok,
portfoliovqe_indep_qiskit_6,portfoliovqe,data/quantum_circuits/portfoliovqe_indep_qiskit_6.qasm,7dafebd46e73b9b279f1ef96da32f7d563de3721b856b4570375ab81951e06fc,FakeSherbrooke,fake_sherbrooke,1,1024,1234,1234,6,26,76,45,127,394,803,147,0,803,0.08155412099949899,0.6582019039997249,0.6497333129991603,0.7312874339986593,session-3,0,3,raw_repetition,ok,
portfoliovqe_indep_qiskit_6,portfoliovqe,data/quantum_circuits/portfoliovqe_indep_qiskit_6.qasm,7dafebd46e73b9b279f1ef96da32f7d563de3721b856b4570375ab81951e06fc,FakeSherbrooke,fake_sherbrooke,1,1024,1234,1234,6,26,76,45,127,394,803,147,0,803,,,0.6530321749996801,0.7345862959991791,session-3,1,3,raw_repetition,ok,
portfoliovqe_indep_qiskit_6,portfoliovqe,data/quantum_circuits/portfoliovqe_indep_qiskit_6.qasm,7dafebd46e73b9b279f1ef96da32f7d563de3721b856b4570375ab81951e06fc,FakeSherbrooke,fake_sherbrooke,1,1024,1234,1234,6,26,76,45,127,394,803,147,0,803,,,0.8160710209995159,0.8976251419990149,session-3,2,3,raw_repetition,ok,
portfoliovqe_indep_qiskit_6,portfoliovqe,data/quantum_circuits/portfoliovqe_indep_qiskit_6.qasm,7dafebd46e73b9b279f1ef96da32f7d563de3721b856b4570375ab81951e06fc,FakeSherbrooke,fake_sherbrooke,1,1024,1234,1234,6,26,76,45,127,394,803,147,0,803,,,0.6863733899990621,0.767927510998561,session-3,3,3,raw_repetition,ok,
portfoliovqe_indep_qiskit_6,portfoliovqe,data/quantum_circuits/portfoliovqe_indep_qiskit_6.qasm,7dafebd46e73b9b279f1ef96da32f7d563de3721b856b4570375ab81951e06fc,FakeSherbrooke,fake_sherbrooke,1,1024,1234,1234,6,26,76,45,127,394,803,147,0,803,,,0.672533150001982,0.754087271001481,session-3,4,3,raw_repetition,ok,
portfoliovqe_indep_qiskit_7,portfoliovqe,data/quantum_circuits/portfoliovqe_indep_qiskit_7.qasm,99e0865dc3fced630c02b5b2710b24fd9257ba31d54112cde08a769e974f53c4,FakeSherbrooke,fake_sherbrooke,1,1024,1234,1234,7,30,99,63,127,483,1158,213,0,1158,0.10066417999769328,0.8749989759999153,0.8833349839987932,0.9839991639964865,session-3,0,3,raw_repetition,ok,
portfoliovqe_indep_qiskit_7,portfoliovqe,data/quantum_circuits/portfoliovqe_indep_qiskit_7.qasm,99e0865dc3fced630c02b5b2710b24fd9257ba31d54112cde08a769e974f53c4,FakeSherbrooke,fake_sherbrooke,1,1024,1234,1234,7,30,99,63,127,483,1158,213,0,1158,,,0.7581695580011001,0.8588337379987934,session-3,1,3,raw_repetition,ok,
portfoliovqe_indep_qiskit_7,portfoliovqe,data/quantum_circuits/portfoliovqe_indep_qiskit_7.qasm,99e0865dc3fced630c02b5b2710b24fd9257ba31d54112cde08a769e974f53c4,FakeSherbrooke,fake_sherbrooke,1,1024,1234,1234,7,30,99,63,127,483,1158,213,0,1158,,,0.8735755240013532,0.9742397039990465,session-3,2,3,raw_repetition,ok,
portfoliovqe_indep_qiskit_7,portfoliovqe,data/quantum_circuits/portfoliovqe_indep_qiskit_7.qasm,99e0865dc3fced630c02b5b2710b24fd9257ba31d54112cde08a769e974f53c4,FakeSherbrooke,fake_sherbrooke,1,1024,1234,1234,7,30,99,63,127,483,1158,213,0,1158,,,0.9093040569969162,1.0099682369946095,session-3,3,3,raw_repetition,ok,
portfoliovqe_indep_qiskit_7,portfoliovqe,data/quantum_circuits/portfoliovqe_indep_qiskit_7.qasm,99e0865dc3fced630c02b5b2710b24fd9257ba31d54112cde08a769e974f53c4,FakeSherbrooke,fake_sherbrooke,1,1024,1234,1234,7,30,99,63,127,483,1158,213,0,1158,,,0.7651558140023553,0.8658199940000486,session-3,4,3,raw_repetition,ok,
portfoliovqe_indep_qiskit_8,portfoliovqe,data/quantum_circuits/portfoliovqe_indep_qiskit_8.qasm,eb43007109ad9707544629854cfc7259b0e6aa70c5a618cedacbb7d26dd746a0,FakeSherbrooke,fake_sherbrooke,1,1024,1234,1234,8,34,125,84,127,650,1647,300,0,1647,0.12720621599873994,0.757791174997692,0.7341747549980937,0.8613809709968336,session-3,0,3,raw_repetition,ok,
portfoliovqe_indep_qiskit_8,portfoliovqe,data/quantum_circuits/portfoliovqe_indep_qiskit_8.qasm,eb43007109ad9707544629854cfc7259b0e6aa70c5a618cedacbb7d26dd746a0,FakeSherbrooke,fake_sherbrooke,1,1024,1234,1234,8,34,125,84,127,650,1647,300,0,1647,,,0.7230207699976745,0.8502269859964144,session-3,1,3,raw_repetition,ok,
portfoliovqe_indep_qiskit_8,portfoliovqe,data/quantum_circuits/portfoliovqe_indep_qiskit_8.qasm,eb43007109ad9707544629854cfc7259b0e6aa70c5a618cedacbb7d26dd746a0,FakeSherbrooke,fake_sherbrooke,1,1024,1234,1234,8,34,125,84,127,650,1647,300,0,1647,,,0.8298578909998469,0.9570641069985868,session-3,2,3,raw_repetition,ok,
portfoliovqe_indep_qiskit_8,portfoliovqe,data/quantum_circuits/portfoliovqe_indep_qiskit_8.qasm,eb43007109ad9707544629854cfc7259b0e6aa70c5a618cedacbb7d26dd746a0,FakeSherbrooke,fake_sherbrooke,1,1024,1234,1234,8,34,125,84,127,650,1647,300,0,1647,,,0.7198781660008535,0.8470843819995935,session-3,3,3,raw_repetition,ok,
portfoliovqe_indep_qiskit_8,portfoliovqe,data/quantum_circuits/portfoliovqe_indep_qiskit_8.qasm,eb43007109ad9707544629854cfc7259b0e6aa70c5a618cedacbb7d26dd746a0,FakeSherbrooke,fake_sherbrooke,1,1024,1234,1234,8,34,125,84,127,650,1647,300,0,1647,,,0.8391186050030228,0.9663248210017628,session-3,4,3,raw_repetition,ok,
portfoliovqe_indep_qiskit_9,portfoliovqe,data/quantum_circuits/portfoliovqe_indep_qiskit_9.qasm,615d076a941f3eec9d225a20b894c8d30a0c90d4834d03fa0ebd5d13e4b46ded,FakeSherbrooke,fake_sherbrooke,1,1024,1234,1234,9,38,154,108,127,509,2039,375,0,2039,0.15081850199931068,1.011368436000339,1.1641314409971528,1.3149499429964635,session-3,0,3,raw_repetition,ok,
portfoliovqe_indep_qiskit_9,portfoliovqe,data/quantum_circuits/portfoliovqe_indep_qiskit_9.qasm,615d076a941f3eec9d225a20b894c8d30a0c90d4834d03fa0ebd5d13e4b46ded,FakeSherbrooke,fake_sherbrooke,1,1024,1234,1234,9,38,154,108,127,509,2039,375,0,2039,,,1.0214988549996633,1.172317356998974,session-3,1,3,raw_repetition,ok,
portfoliovqe_indep_qiskit_9,portfoliovqe,data/quantum_circuits/portfoliovqe_indep_qiskit_9.qasm,615d076a941f3eec9d225a20b894c8d30a0c90d4834d03fa0ebd5d13e4b46ded,FakeSherbrooke,fake_sherbrooke,1,1024,1234,1234,9,38,154,108,127,509,2039,375,0,2039,,,1.1475456089974614,1.298364110996772,session-3,2,3,raw_repetition,ok,
portfoliovqe_indep_qiskit_9,portfoliovqe,data/quantum_circuits/portfoliovqe_indep_qiskit_9.qasm,615d076a941f3eec9d225a20b894c8d30a0c90d4834d03fa0ebd5d13e4b46ded,FakeSherbrooke,fake_sherbrooke,1,1024,1234,1234,9,38,154,108,127,509,2039,375,0,2039,,,1.016525791001186,1.1673442930004967,session-3,3,3,raw_repetition,ok,
portfoliovqe_indep_qiskit_9,portfoliovqe,data/quantum_circuits/portfoliovqe_indep_qiskit_9.qasm,615d076a941f3eec9d225a20b894c8d30a0c90d4834d03fa0ebd5d13e4b46ded,FakeSherbrooke,fake_sherbrooke,1,1024,1234,1234,9,38,154,108,127,509,2039,375,0,2039,,,1.1589236779982457,1.3097421799975564,session-3,4,3,raw_repetition,ok,
qaoa_indep_qiskit_3,qaoa,data/quantum_circuits/qaoa_indep_qiskit_3.qasm,45ca196e391297302c92dc6ea0fd119efa62b2ee88e3b85260561e5fbafa7400,FakeSherbrooke,fake_sherbrooke,1,1024,1234,1234,3,10,19,6,127,75,122,18,0,122,0.04145446799884667,0.7581416639986855,0.6362355410019518,0.6776900090007985,session-3,0,3,raw_repetition,ok,
qaoa_indep_qiskit_3,qaoa,data/quantum_circuits/qaoa_indep_qiskit_3.qasm,45ca196e391297302c92dc6ea0fd119efa62b2ee88e3b85260561e5fbafa7400,FakeSherbrooke,fake_sherbrooke,1,1024,1234,1234,3,10,19,6,127,75,122,18,0,122,,,0.6195140950003406,0.6609685629991873,session-3,1,3,raw_repetition,ok,
qaoa_indep_qiskit_3,qaoa,data/quantum_circuits/qaoa_indep_qiskit_3.qasm,45ca196e391297302c92dc6ea0fd119efa62b2ee88e3b85260561e5fbafa7400,FakeSherbrooke,fake_sherbrooke,1,1024,1234,1234,3,10,19,6,127,75,122,18,0,122,,,0.7591610130002664,0.8006154809991131,session-3,2,3,raw_repetition,ok,
qaoa_indep_qiskit_3,qaoa,data/quantum_circuits/qaoa_indep_qiskit_3.qasm,45ca196e391297302c92dc6ea0fd119efa62b2ee88e3b85260561e5fbafa7400,FakeSherbrooke,fake_sherbrooke,1,1024,1234,1234,3,10,19,6,127,75,122,18,0,122,,,0.6128049840008316,0.6542594519996783,session-3,3,3,raw_repetition,ok,
qaoa_indep_qiskit_3,qaoa,data/quantum_circuits/qaoa_indep_qiskit_3.qasm,45ca196e391297302c92dc6ea0fd119efa62b2ee88e3b85260561e5fbafa7400,FakeSherbrooke,fake_sherbrooke,1,1024,1234,1234,3,10,19,6,127,75,122,18,0,122,,,0.7616430800007947,0.8030975479996414,session-3,4,3,raw_repetition,ok,
qaoa_indep_qiskit_4,qaoa,data/quantum_circuits/qaoa_indep_qiskit_4.qasm,9649572da691c86252b1620cba73350902b9ba3cf4dbdb3fb2e3531588da98c4,FakeSherbrooke,fake_sherbrooke,1,1024,1234,1234,4,9,25,8,127,63,147,22,0,147,0.053451148996828124,0.793573588001891,0.6211026060009317,0.6745537549977598,session-3,0,3,raw_repetition,ok,
qaoa_indep_qiskit_4,qaoa,data/quantum_circuits/qaoa_indep_qiskit_4.qasm,9649572da691c86252b1620cba73350902b9ba3cf4dbdb3fb2e3531588da98c4,FakeSherbrooke,fake_sherbrooke,1,1024,1234,1234,4,9,25,8,127,63,147,22,0,147,,,0.609287505998509,0.6627386549953371,session-3,1,3,raw_repetition,ok,
qaoa_indep_qiskit_4,qaoa,data/quantum_circuits/qaoa_indep_qiskit_4.qasm,9649572da691c86252b1620cba73350902b9ba3cf4dbdb3fb2e3531588da98c4,FakeSherbrooke,fake_sherbrooke,1,1024,1234,1234,4,9,25,8,127,63,147,22,0,147,,,0.7345948760012107,0.7880460249980388,session-3,2,3,raw_repetition,ok,
qaoa_indep_qiskit_4,qaoa,data/quantum_circuits/qaoa_indep_qiskit_4.qasm,9649572da691c86252b1620cba73350902b9ba3cf4dbdb3fb2e3531588da98c4,FakeSherbrooke,fake_sherbrooke,1,1024,1234,1234,4,9,25,8,127,63,147,22,0,147,,,0.7463429710005585,0.7997941199973866,session-3,3,3,raw_repetition,ok,
qaoa_indep_qiskit_4,qaoa,data/quantum_circuits/qaoa_indep_qiskit_4.qasm,9649572da691c86252b1620cba73350902b9ba3cf4dbdb3fb2e3531588da98c4,FakeSherbrooke,fake_sherbrooke,1,1024,1234,1234,4,9,25,8,127,63,147,22,0,147,,,0.6381548820027092,0.6916060309995373,session-3,4,3,raw_repetition,ok,
qaoa_indep_qiskit_5,qaoa,data/quantum_circuits/qaoa_indep_qiskit_5.qasm,f2ce48d725be79c1ea5cbfeb36811261c4e74460588e911c3b2916a9303c1cf5,FakeSherbrooke,fake_sherbrooke,1,1024,1234,1234,5,10,31,10,127,73,205,32,0,205,0.057077229001151863,0.6242617620009696,0.6301084189981339,0.6871856479992857,session-3,0,3,raw_repetition,ok,
qaoa_indep_qiskit_5,qaoa,data/quantum_circuits/qaoa_indep_qiskit_5.qasm,f2ce48d725be79c1ea5cbfeb36811261c4e74460588e911c3b2916a9303c1cf5,FakeSherbrooke,fake_sherbrooke,1,1024,1234,1234,5,10,31,10,127,73,205,32,0,205,,,0.7647398549997888,0.8218170840009407,session-3,1,3,raw_repetition,ok,
qaoa_indep_qiskit_5,qaoa,data/quantum_circuits/qaoa_indep_qiskit_5.qasm,f2ce48d725be79c1ea5cbfeb36811261c4e74460588e911c3b2916a9303c1cf5,FakeSherbrooke,fake_sherbrooke,1,1024,1234,1234,5,10,31,10,127,73,205,32,0,205,,,0.6209262820011645,0.6780035110023164,session-3,2,3,raw_repetition,ok,
qaoa_indep_qiskit_5,qaoa,data/quantum_circuits/qaoa_indep_qiskit_5.qasm,f2ce48d725be79c1ea5cbfeb36811261c4e74460588e911c3b2916a9303c1cf5,FakeSherbrooke,fake_sherbrooke,1,1024,1234,1234,5,10,31,10,127,73,205,32,0,205,,,0.7399410580001131,0.797018287001265,session-3,3,3,raw_repetition,ok,
qaoa_indep_qiskit_5,qaoa,data/quantum_circuits/qaoa_indep_qiskit_5.qasm,f2ce48d725be79c1ea5cbfeb36811261c4e74460588e911c3b2916a9303c1cf5,FakeSherbrooke,fake_sherbrooke,1,1024,1234,1234,5,10,31,10,127,73,205,32,0,205,,,0.6200722610010416,0.6771494900021935,session-3,4,3,raw_repetition,ok,
qaoa_indep_qiskit_6,qaoa,data/quantum_circuits/qaoa_indep_qiskit_6.qasm,6a475a20ac3d09839e2b43104ca187037db5ff813b811e0d7356adac93d25244,FakeSherbrooke,fake_sherbrooke,1,1024,1234,1234,6,9,37,12,127,93,251,39,0,251,0.049655116999929305,0.7361506880006345,0.7801800289998937,0.829835145999823,session-3,0,3,raw_repetition,ok,
qaoa_indep_qiskit_6,qaoa,data/quantum_circuits/qaoa_indep_qiskit_6.qasm,6a475a20ac3d09839e2b43104ca187037db5ff813b811e0d7356adac93d25244,FakeSherbrooke,fake_sherbrooke,1,1024,1234,1234,6,9,37,12,127,93,251,39,0,251,,,0.6508987819979666,0.7005538989978959,session-3,1,3,raw_repetition,ok,
qaoa_indep_qiskit_6,qaoa,data/quantum_circuits/qaoa_indep_qiskit_6.qasm,6a475a20ac3d09839e2b43104ca187037db5ff813b811e0d7356adac93d25244,FakeSherbrooke,fake_sherbrooke,1,1024,1234,1234,6,9,37,12,127,93,251,39,0,251,,,0.7942417749982269,0.8438968919981562,session-3,2,3,raw_repetition,ok,
qaoa_indep_qiskit_6,qaoa,data/quantum_circuits/qaoa_indep_qiskit_6.qasm,6a475a20ac3d09839e2b43104ca187037db5ff813b811e0d7356adac93d25244,FakeSherbrooke,fake_sherbrooke,1,1024,1234,1234,6,9,37,12,127,93,251,39,0,251,,,0.6607318259993917,0.710386942999321,session-3,3,3,raw_repetition,ok,
qaoa_indep_qiskit_6,qaoa,data/quantum_circuits/qaoa_indep_qiskit_6.qasm,6a475a20ac3d09839e2b43104ca187037db5ff813b811e0d7356adac93d25244,FakeSherbrooke,fake_sherbrooke,1,1024,1234,1234,6,9,37,12,127,93,251,39,0,251,,,0.635321270001441,0.6849763870013703,session-3,4,3,raw_repetition,ok,
qaoa_indep_qiskit_7,qaoa,data/quantum_circuits/qaoa_indep_qiskit_7.qasm,8e1c1014680274215f87d97c833f99474ed19b3393b2b8eea20a36bde517708b,FakeSherbrooke,fake_sherbrooke,1,1024,1234,1234,7,10,43,14,127,75,274,40,0,274,0.09059546899879933,0.8106132600005367,0.6600133230022038,0.7506087920010032,session-3,0,3,raw_repetition,ok,
qaoa_indep_qiskit_7,qaoa,data/quantum_circuits/qaoa_indep_qiskit_7.qasm,8e1c1014680274215f87d97c833f99474ed19b3393b2b8eea20a36bde517708b,FakeSherbrooke,fake_sherbrooke,1,1024,1234,1234,7,10,43,14,127,75,274,40,0,274,,,0.777704394000466,0.8682998629992653,session-3,1,3,raw_repetition,ok,
qaoa_indep_qiskit_7,qaoa,data/quantum_circuits/qaoa_indep_qiskit_7.qasm,8e1c1014680274215f87d97c833f99474ed19b3393b2b8eea20a36bde517708b,FakeSherbrooke,fake_sherbrooke,1,1024,1234,1234,7,10,43,14,127,75,274,40,0,274,,,0.6626708300027531,0.7532662990015524,session-3,2,3,raw_repetition,ok,
qaoa_indep_qiskit_7,qaoa,data/quantum_circuits/qaoa_indep_qiskit_7.qasm,8e1c1014680274215f87d97c833f99474ed19b3393b2b8eea20a36bde517708b,FakeSherbrooke,fake_sherbrooke,1,1024,1234,1234,7,10,43,14,127,75,274,40,0,274,,,0.7740311050001765,0.8646265739989758,session-3,3,3,raw_repetition,ok,
qaoa_indep_qiskit_7,qaoa,data/quantum_circuits/qaoa_indep_qiskit_7.qasm,8e1c1014680274215f87d97c833f99474ed19b3393b2b8eea20a36bde517708b,FakeSherbrooke,fake_sherbrooke,1,1024,1234,1234,7,10,43,14,127,75,274,40,0,274,,,0.638259162002214,0.7288546310010133,session-3,4,3,raw_repetition,ok,
qaoa_indep_qiskit_8,qaoa,data/quantum_circuits/qaoa_indep_qiskit_8.qasm,0a43c652a1c92c83389d952438c22aa0d890a611333da29499d6ff1733925b21,FakeSherbrooke,fake_sherbrooke,1,1024,1234,1234,8,9,49,16,127,69,322,50,0,322,0.07151635600166628,0.7569656199993915,0.7548439710008097,0.826360327002476,session-3,0,3,raw_repetition,ok,
qaoa_indep_qiskit_8,qaoa,data/quantum_circuits/qaoa_indep_qiskit_8.qasm,0a43c652a1c92c83389d952438c22aa0d890a611333da29499d6ff1733925b21,FakeSherbrooke,fake_sherbrooke,1,1024,1234,1234,8,9,49,16,127,69,322,50,0,322,,,0.6505390900019847,0.722055446003651,session-3,1,3,raw_repetition,ok,
qaoa_indep_qiskit_8,qaoa,data/quantum_circuits/qaoa_indep_qiskit_8.qasm,0a43c652a1c92c83389d952438c22aa0d890a611333da29499d6ff1733925b21,FakeSherbrooke,fake_sherbrooke,1,1024,1234,1234,8,9,49,16,127,69,322,50,0,322,,,0.7997483299986925,0.8712646860003588,session-3,2,3,raw_repetition,ok,
qaoa_indep_qiskit_8,qaoa,data/quantum_circuits/qaoa_indep_qiskit_8.qasm,0a43c652a1c92c83389d952438c22aa0d890a611333da29499d6ff1733925b21,FakeSherbrooke,fake_sherbrooke,1,1024,1234,1234,8,9,49,16,127,69,322,50,0,322,,,0.6591902899999695,0.7307066460016358,session-3,3,3,raw_repetition,ok,
qaoa_indep_qiskit_8,qaoa,data/quantum_circuits/qaoa_indep_qiskit_8.qasm,0a43c652a1c92c83389d952438c22aa0d890a611333da29499d6ff1733925b21,FakeSherbrooke,fake_sherbrooke,1,1024,1234,1234,8,9,49,16,127,69,322,50,0,322,,,0.6395748110007844,0.7110911670024507,session-3,4,3,raw_repetition,ok,
qaoa_indep_qiskit_9,qaoa,data/quantum_circuits/qaoa_indep_qiskit_9.qasm,a4a7b8b8d556570de9ea2db286aaa4245fa50f4619f25f0f7414b16d503458d8,FakeSherbrooke,fake_sherbrooke,1,1024,1234,1234,9,10,55,18,127,112,438,69,0,438,0.06626544100072351,17.627365087002545,17.62052008200044,17.686785523001163,session-3,0,3,raw_repetition,ok,
qaoa_indep_qiskit_9,qaoa,data/quantum_circuits/qaoa_indep_qiskit_9.qasm,a4a7b8b8d556570de9ea2db286aaa4245fa50f4619f25f0f7414b16d503458d8,FakeSherbrooke,fake_sherbrooke,1,1024,1234,1234,9,10,55,18,127,112,438,69,0,438,,,17.49201329800053,17.558278739001253,session-3,1,3,raw_repetition,ok,
qaoa_indep_qiskit_9,qaoa,data/quantum_circuits/qaoa_indep_qiskit_9.qasm,a4a7b8b8d556570de9ea2db286aaa4245fa50f4619f25f0f7414b16d503458d8,FakeSherbrooke,fake_sherbrooke,1,1024,1234,1234,9,10,55,18,127,112,438,69,0,438,,,17.51636523200068,17.582630673001404,session-3,2,3,raw_repetition,ok,
qaoa_indep_qiskit_9,qaoa,data/quantum_circuits/qaoa_indep_qiskit_9.qasm,a4a7b8b8d556570de9ea2db286aaa4245fa50f4619f25f0f7414b16d503458d8,FakeSherbrooke,fake_sherbrooke,1,1024,1234,1234,9,10,55,18,127,112,438,69,0,438,,,17.69806652799889,17.764331968999613,session-3,3,3,raw_repetition,ok,
qaoa_indep_qiskit_9,qaoa,data/quantum_circuits/qaoa_indep_qiskit_9.qasm,a4a7b8b8d556570de9ea2db286aaa4245fa50f4619f25f0f7414b16d503458d8,FakeSherbrooke,fake_sherbrooke,1,1024,1234,1234,9,10,55,18,127,112,438,69,0,438,,,17.51772631199856,17.58399175299928,session-3,4,3,raw_repetition,ok,
qft_indep_qiskit_2,qft,data/quantum_circuits/qft_indep_qiskit_2.qasm,aa91238ec5978b739b87b3a657746a8786de113397a5abeadf726d1dd9c836b3,FakeSherbrooke,fake_sherbrooke,1,1024,1234,1234,2,5,7,1,127,22,38,5,0,38,0.022022631997970166,0.7776218520011753,0.6406318160006776,0.6626544479986478,session-3,0,3,raw_repetition,ok,
qft_indep_qiskit_2,qft,data/quantum_circuits/qft_indep_qiskit_2.qasm,aa91238ec5978b739b87b3a657746a8786de113397a5abeadf726d1dd9c836b3,FakeSherbrooke,fake_sherbrooke,1,1024,1234,1234,2,5,7,1,127,22,38,5,0,38,,,0.621839600000385,0.6438622319983551,session-3,1,3,raw_repetition,ok,
qft_indep_qiskit_2,qft,data/quantum_circuits/qft_indep_qiskit_2.qasm,aa91238ec5978b739b87b3a657746a8786de113397a5abeadf726d1dd9c836b3,FakeSherbrooke,fake_sherbrooke,1,1024,1234,1234,2,5,7,1,127,22,38,5,0,38,,,0.7318845310001052,0.7539071629980754,session-3,2,3,raw_repetition,ok,
qft_indep_qiskit_2,qft,data/quantum_circuits/qft_indep_qiskit_2.qasm,aa91238ec5978b739b87b3a657746a8786de113397a5abeadf726d1dd9c836b3,FakeSherbrooke,fake_sherbrooke,1,1024,1234,1234,2,5,7,1,127,22,38,5,0,38,,,0.7519049619986617,0.7739275939966319,session-3,3,3,raw_repetition,ok,
qft_indep_qiskit_2,qft,data/quantum_circuits/qft_indep_qiskit_2.qasm,aa91238ec5978b739b87b3a657746a8786de113397a5abeadf726d1dd9c836b3,FakeSherbrooke,fake_sherbrooke,1,1024,1234,1234,2,5,7,1,127,22,38,5,0,38,,,0.6203979990023072,0.6424206310002774,session-3,4,3,raw_repetition,ok,
qft_indep_qiskit_3,qft,data/quantum_circuits/qft_indep_qiskit_3.qasm,7f613ccae98ac8124d086ee9a39d94b1ed019520da8c3277395b109fd22d7d4d,FakeSherbrooke,fake_sherbrooke,1,1024,1234,1234,3,7,11,1,127,55,90,12,0,90,0.037955175001116004,0.6174255209989497,0.648014129998046,0.685969304999162,session-3,0,3,raw_repetition,ok,
qft_indep_qiskit_3,qft,data/quantum_circuits/qft_indep_qiskit_3.qasm,7f613ccae98ac8124d086ee9a39d94b1ed019520da8c3277395b109fd22d7d4d,FakeSherbrooke,fake_sherbrooke,1,1024,1234,1234,3,7,11,1,127,55,90,12,0,90,,,0.7628126140007225,0.8007677890018385,session-3,1,3,raw_repetition,ok,
qft_indep_qiskit_3,qft,data/quantum_circuits/qft_indep_qiskit_3.qasm,7f613ccae98ac8124d086ee9a39d94b1ed019520da8c3277395b109fd22d7d4d,FakeSherbrooke,fake_sherbrooke,1,1024,1234,1234,3,7,11,1,127,55,90,12,0,90,,,0.6367972680018283,0.6747524430029443,session-3,2,3,raw_repetition,ok,
qft_indep_qiskit_3,qft,data/quantum_circuits/qft_indep_qiskit_3.qasm,7f613ccae98ac8124d086ee9a39d94b1ed019520da8c3277395b109fd22d7d4d,FakeSherbrooke,fake_sherbrooke,1,1024,1234,1234,3,7,11,1,127,55,90,12,0,90,,,0.6109385259987903,0.6488937009999063,session-3,3,3,raw_repetition,ok,
qft_indep_qiskit_3,qft,data/quantum_circuits/qft_indep_qiskit_3.qasm,7f613ccae98ac8124d086ee9a39d94b1ed019520da8c3277395b109fd22d7d4d,FakeSherbrooke,fake_sherbrooke,1,1024,1234,1234,3,7,11,1,127,55,90,12,0,90,,,0.7606834580001305,0.7986386330012465,session-3,4,3,raw_repetition,ok,
qft_indep_qiskit_4,qft,data/quantum_circuits/qft_indep_qiskit_4.qasm,ea84355871fa77560419766f8000de4dcb0eea29468bcb0d89a1c84edff34f61,FakeSherbrooke,fake_sherbrooke,1,1024,1234,1234,4,9,17,2,127,98,184,27,0,184,0.04187573299714131,0.6216248769997037,0.6191572050011018,0.6610329379982431,session-3,0,3,raw_repetition,ok,
qft_indep_qiskit_4,qft,data/quantum_circuits/qft_indep_qiskit_4.qasm,ea84355871fa77560419766f8000de4dcb0eea29468bcb0d89a1c84edff34f61,FakeSherbrooke,fake_sherbrooke,1,1024,1234,1234,4,9,17,2,127,98,184,27,0,184,,,0.7551360829966143,0.7970118159937556,session-3,1,3,raw_repetition,ok,
qft_indep_qiskit_4,qft,data/quantum_circuits/qft_indep_qiskit_4.qasm,ea84355871fa77560419766f8000de4dcb0eea29468bcb0d89a1c84edff34f61,FakeSherbrooke,fake_sherbrooke,1,1024,1234,1234,4,9,17,2,127,98,184,27,0,184,,,0.6269083859988314,0.6687841189959727,session-3,2,3,raw_repetition,ok,
qft_indep_qiskit_4,qft,data/quantum_circuits/qft_indep_qiskit_4.qasm,ea84355871fa77560419766f8000de4dcb0eea29468bcb0d89a1c84edff34f61,FakeSherbrooke,fake_sherbrooke,1,1024,1234,1234,4,9,17,2,127,98,184,27,0,184,,,0.6230386380011623,0.6649143709983036,session-3,3,3,raw_repetition,ok,
qft_indep_qiskit_4,qft,data/quantum_circuits/qft_indep_qiskit_4.qasm,ea84355871fa77560419766f8000de4dcb0eea29468bcb0d89a1c84edff34f61,FakeSherbrooke,fake_sherbrooke,1,1024,1234,1234,4,9,17,2,127,98,184,27,0,184,,,0.7448041450006713,0.7866798779978126,session-3,4,3,raw_repetition,ok,
qft_indep_qiskit_5,qft,data/quantum_circuits/qft_indep_qiskit_5.qasm,0285fd21a0dd1ca29cd386de85a1a8af49cc7d71f5c86f6451b55a11c68864a8,FakeSherbrooke,fake_sherbrooke,1,1024,1234,1234,5,11,23,2,127,145,284,41,0,284,0.04680228600045666,0.6262842370015278,0.629978951998055,0.6767812379985116,session-3,0,3,raw_repetition,ok,
qft_indep_qiskit_5,qft,data/quantum_circuits/qft_indep_qiskit_5.qasm,0285fd21a0dd1ca29cd386de85a1a8af49cc7d71f5c86f6451b55a11c68864a8,FakeSherbrooke,fake_sherbrooke,1,1024,1234,1234,5,11,23,2,127,145,284,41,0,284,,,0.6442288310026925,0.6910311170031491,session-3,1,3,raw_repetition,ok,
qft_indep_qiskit_5,qft,data/quantum_circuits/qft_indep_qiskit_5.qasm,0285fd21a0dd1ca29cd386de85a1a8af49cc7d71f5c86f6451b55a11c68864a8,FakeSherbrooke,fake_sherbrooke,1,1024,1234,1234,5,11,23,2,127,145,284,41,0,284,,,0.7874207589993603,0.8342230449998169,session-3,2,3,raw_repetition,ok,
qft_indep_qiskit_5,qft,data/quantum_circuits/qft_indep_qiskit_5.qasm,0285fd21a0dd1ca29cd386de85a1a8af49cc7d71f5c86f6451b55a11c68864a8,FakeSherbrooke,fake_sherbrooke,1,1024,1234,1234,5,11,23,2,127,145,284,41,0,284,,,0.6354867800000648,0.6822890660005214,session-3,3,3,raw_repetition,ok,
qft_indep_qiskit_5,qft,data/quantum_circuits/qft_indep_qiskit_5.qasm,0285fd21a0dd1ca29cd386de85a1a8af49cc7d71f5c86f6451b55a11c68864a8,FakeSherbrooke,fake_sherbrooke,1,1024,1234,1234,5,11,23,2,127,145,284,41,0,284,,,0.644347392997588,0.6911496789980447,session-3,4,3,raw_repetition,ok,
qft_indep_qiskit_6,qft,data/quantum_circuits/qft_indep_qiskit_6.qasm,cbe1ca5505b485bd87b2e68f2b38ecae377e29f823c30e4c44d3f5f87d4266f7,FakeSherbrooke,fake_sherbrooke,1,1024,1234,1234,6,13,31,3,127,185,436,69,0,436,0.06168472799981828,0.7811537460002,0.7776135730018723,0.8392983010016906,session-3,0,3,raw_repetition,ok,
qft_indep_qiskit_6,qft,data/quantum_circuits/qft_indep_qiskit_6.qasm,cbe1ca5505b485bd87b2e68f2b38ecae377e29f823c30e4c44d3f5f87d4266f7,FakeSherbrooke,fake_sherbrooke,1,1024,1234,1234,6,13,31,3,127,185,436,69,0,436,,,0.646316348000255,0.7080010760000732,session-3,1,3,raw_repetition,ok,
qft_indep_qiskit_6,qft,data/quantum_circuits/qft_indep_qiskit_6.qasm,cbe1ca5505b485bd87b2e68f2b38ecae377e29f823c30e4c44d3f5f87d4266f7,FakeSherbrooke,fake_sherbrooke,1,1024,1234,1234,6,13,31,3,127,185,436,69,0,436,,,0.651070706997416,0.7127554349972343,session-3,2,3,raw_repetition,ok,
qft_indep_qiskit_6,qft,data/quantum_circuits/qft_indep_qiskit_6.qasm,cbe1ca5505b485bd87b2e68f2b38ecae377e29f823c30e4c44d3f5f87d4266f7,FakeSherbrooke,fake_sherbrooke,1,1024,1234,1234,6,13,31,3,127,185,436,69,0,436,,,0.7505770940006187,0.812261822000437,session-3,3,3,raw_repetition,ok,
qft_indep_qiskit_6,qft,data/quantum_circuits/qft_indep_qiskit_6.qasm,cbe1ca5505b485bd87b2e68f2b38ecae377e29f823c30e4c44d3f5f87d4266f7,FakeSherbrooke,fake_sherbrooke,1,1024,1234,1234,6,13,31,3,127,185,436,69,0,436,,,0.626787058001355,0.6884717860011733,session-3,4,3,raw_repetition,ok,
qft_indep_qiskit_7,qft,data/quantum_circuits/qft_indep_qiskit_7.qasm,01de4bb89da48a3fc09c31d41d509c1446c6a4a3b329612c5baf0d39c56a922e,FakeSherbrooke,fake_sherbrooke,1,1024,1234,1234,7,15,39,3,127,291,620,99,0,620,0.08003182100219419,0.8071069750003517,0.6707774299975426,0.7508092509997368,session-3,0,3,raw_repetition,ok,
qft_indep_qiskit_7,qft,data/quantum_circuits/qft_indep_qiskit_7.qasm,01de4bb89da48a3fc09c31d41d509c1446c6a4a3b329612c5baf0d39c56a922e,FakeSherbrooke,fake_sherbrooke,1,1024,1234,1234,7,15,39,3,127,291,620,99,0,620,,,0.804787437999039,0.8848192590012331,session-3,1,3,raw_repetition,ok,
qft_indep_qiskit_7,qft,data/quantum_circuits/qft_indep_qiskit_7.qasm,01de4bb89da48a3fc09c31d41d509c1446c6a4a3b329612c5baf0d39c56a922e,FakeSherbrooke,fake_sherbrooke,1,1024,1234,1234,7,15,39,3,127,291,620,99,0,620,,,0.6804745949993958,0.76050641600159,session-3,2,3,raw_repetition,ok,
qft_indep_qiskit_7,qft,data/quantum_circuits/qft_indep_qiskit_7.qasm,01de4bb89da48a3fc09c31d41d509c1446c6a4a3b329612c5baf0d39c56a922e,FakeSherbrooke,fake_sherbrooke,1,1024,1234,1234,7,15,39,3,127,291,620,99,0,620,,,0.7962784000010288,0.876310221003223,session-3,3,3,raw_repetition,ok,
qft_indep_qiskit_7,qft,data/quantum_circuits/qft_indep_qiskit_7.qasm,01de4bb89da48a3fc09c31d41d509c1446c6a4a3b329612c5baf0d39c56a922e,FakeSherbrooke,fake_sherbrooke,1,1024,1234,1234,7,15,39,3,127,291,620,99,0,620,,,0.8344040359988867,0.9144358570010809,session-3,4,3,raw_repetition,ok,
qft_indep_qiskit_8,qft,data/quantum_circuits/qft_indep_qiskit_8.qasm,e4664972befc3ffed396f3842bf910be22c2fbe7f293d3c295b971dfe094d398,FakeSherbrooke,fake_sherbrooke,1,1024,1234,1234,8,17,49,4,127,349,864,140,0,864,0.08341284699781681,0.6922873929979687,0.6528553319985804,0.7362681789963972,session-3,0,3,raw_repetition,ok,
qft_indep_qiskit_8,qft,data/quantum_circuits/qft_indep_qiskit_8.qasm,e4664972befc3ffed396f3842bf910be22c2fbe7f293d3c295b971dfe094d398,FakeSherbrooke,fake_sherbrooke,1,1024,1234,1234,8,17,49,4,127,349,864,140,0,864,,,0.7781292559993744,0.8615421029971913,session-3,1,3,raw_repetition,ok,
qft_indep_qiskit_8,qft,data/quantum_circuits/qft_indep_qiskit_8.qasm,e4664972befc3ffed396f3842bf910be22c2fbe7f293d3c295b971dfe094d398,FakeSherbrooke,fake_sherbrooke,1,1024,1234,1234,8,17,49,4,127,349,864,140,0,864,,,0.6559664520027582,0.739379299000575,session-3,2,3,raw_repetition,ok,
qft_indep_qiskit_8,qft,data/quantum_circuits/qft_indep_qiskit_8.qasm,e4664972befc3ffed396f3842bf910be22c2fbe7f293d3c295b971dfe094d398,FakeSherbrooke,fake_sherbrooke,1,1024,1234,1234,8,17,49,4,127,349,864,140,0,864,,,0.779041767000308,0.8624546139981248,session-3,3,3,raw_repetition,ok,
qft_indep_qiskit_8,qft,data/quantum_circuits/qft_indep_qiskit_8.qasm,e4664972befc3ffed396f3842bf910be22c2fbe7f293d3c295b971dfe094d398,FakeSherbrooke,fake_sherbrooke,1,1024,1234,1234,8,17,49,4,127,349,864,140,0,864,,,0.8282056919997558,0.9116185389975726,session-3,4,3,raw_repetition,ok,
qft_indep_qiskit_9,qft,data/quantum_circuits/qft_indep_qiskit_9.qasm,e0c3acec67c0fb535add575a46e01889b30ec7970005214fd2188b94ae3a55a5,FakeSherbrooke,fake_sherbrooke,1,1024,1234,1234,9,19,59,4,127,456,1138,189,0,1138,0.10381904099995154,0.7906417409976711,0.9198135340011504,1.023632575001102,session-3,0,3,raw_repetition,ok,
qft_indep_qiskit_9,qft,data/quantum_circuits/qft_indep_qiskit_9.qasm,e0c3acec67c0fb535add575a46e01889b30ec7970005214fd2188b94ae3a55a5,FakeSherbrooke,fake_sherbrooke,1,1024,1234,1234,9,19,59,4,127,456,1138,189,0,1138,,,0.7933213910000632,0.8971404320000147,session-3,1,3,raw_repetition,ok,
qft_indep_qiskit_9,qft,data/quantum_circuits/qft_indep_qiskit_9.qasm,e0c3acec67c0fb535add575a46e01889b30ec7970005214fd2188b94ae3a55a5,FakeSherbrooke,fake_sherbrooke,1,1024,1234,1234,9,19,59,4,127,456,1138,189,0,1138,,,0.7890184139978373,0.8928374549977889,session-3,2,3,raw_repetition,ok,
qft_indep_qiskit_9,qft,data/quantum_circuits/qft_indep_qiskit_9.qasm,e0c3acec67c0fb535add575a46e01889b30ec7970005214fd2188b94ae3a55a5,FakeSherbrooke,fake_sherbrooke,1,1024,1234,1234,9,19,59,4,127,456,1138,189,0,1138,,,0.9145828069995332,1.0184018479994847,session-3,3,3,raw_repetition,ok,
qft_indep_qiskit_9,qft,data/quantum_circuits/qft_indep_qiskit_9.qasm,e0c3acec67c0fb535add575a46e01889b30ec7970005214fd2188b94ae3a55a5,FakeSherbrooke,fake_sherbrooke,1,1024,1234,1234,9,19,59,4,127,456,1138,189,0,1138,,,0.7853858550006407,0.8892048960005923,session-3,4,3,raw_repetition,ok,
qftentangled_indep_qiskit_2,qftentangled,data/quantum_circuits/qftentangled_indep_qiskit_2.qasm,02d66e8b66849fdd0f0581b84924adbd1bd2d7603e25e5e9faa447ac2a6708d0,FakeSherbrooke,fake_sherbrooke,1,1024,1234,1234,2,7,9,2,127,26,44,6,0,44,0.023542832997918595,0.6181562959973235,0.7576000669978384,0.781142899995757,session-3,0,3,raw_repetition,ok,
qftentangled_indep_qiskit_2,qftentangled,data/quantum_circuits/qftentangled_indep_qiskit_2.qasm,02d66e8b66849fdd0f0581b84924adbd1bd2d7603e25e5e9faa447ac2a6708d0,FakeSherbrooke,fake_sherbrooke,1,1024,1234,1234,2,7,9,2,127,26,44,6,0,44,,,0.6188587990000087,0.6424016319979273,session-3,1,3,raw_repetition,ok,
qftentangled_indep_qiskit_2,qftentangled,data/quantum_circuits/qftentangled_indep_qiskit_2.qasm,02d66e8b66849fdd0f0581b84924adbd1bd2d7603e25e5e9faa447ac2a6708d0,FakeSherbrooke,fake_sherbrooke,1,1024,1234,1234,2,7,9,2,127,26,44,6,0,44,,,0.6180441469987272,0.6415869799966458,session-3,2,3,raw_repetition,ok,
qftentangled_indep_qiskit_2,qftentangled,data/quantum_circuits/qftentangled_indep_qiskit_2.qasm,02d66e8b66849fdd0f0581b84924adbd1bd2d7603e25e5e9faa447ac2a6708d0,FakeSherbrooke,fake_sherbrooke,1,1024,1234,1234,2,7,9,2,127,26,44,6,0,44,,,0.7417303369984438,0.7652731699963624,session-3,3,3,raw_repetition,ok,
qftentangled_indep_qiskit_2,qftentangled,data/quantum_circuits/qftentangled_indep_qiskit_2.qasm,02d66e8b66849fdd0f0581b84924adbd1bd2d7603e25e5e9faa447ac2a6708d0,FakeSherbrooke,fake_sherbrooke,1,1024,1234,1234,2,7,9,2,127,26,44,6,0,44,,,0.6421512939996319,0.6656941269975505,session-3,4,3,raw_repetition,ok,
qftentangled_indep_qiskit_3,qftentangled,data/quantum_circuits/qftentangled_indep_qiskit_3.qasm,5ab4253ed51b729f331c9f3cc78bfecd3ecb2fed2e98818816bf3f64e22f1bfe,FakeSherbrooke,fake_sherbrooke,1,1024,1234,1234,3,9,14,3,127,56,93,14,0,93,0.03854189499907079,0.7857271299981221,0.6430523449998873,0.6815942399989581,session-3,0,3,raw_repetition,ok,
qftentangled_indep_qiskit_3,qftentangled,data/quantum_circuits/qftentangled_indep_qiskit_3.qasm,5ab4253ed51b729f331c9f3cc78bfecd3ecb2fed2e98818816bf3f64e22f1bfe,FakeSherbrooke,fake_sherbrooke,1,1024,1234,1234,3,9,14,3,127,56,93,14,0,93,,,0.7730442129977746,0.8115861079968454,session-3,1,3,raw_repetition,ok,
qftentangled_indep_qiskit_3,qftentangled,data/quantum_circuits/qftentangled_indep_qiskit_3.qasm,5ab4253ed51b729f331c9f3cc78bfecd3ecb2fed2e98818816bf3f64e22f1bfe,FakeSherbrooke,fake_sherbrooke,1,1024,1234,1234,3,9,14,3,127,56,93,14,0,93,,,0.6355627349985298,0.6741046299976006,session-3,2,3,raw_repetition,ok,
qftentangled_indep_qiskit_3,qftentangled,data/quantum_circuits/qftentangled_indep_qiskit_3.qasm,5ab4253ed51b729f331c9f3cc78bfecd3ecb2fed2e98818816bf3f64e22f1bfe,FakeSherbrooke,fake_sherbrooke,1,1024,1234,1234,3,9,14,3,127,56,93,14,0,93,,,0.627946428998257,0.6664883239973278,session-3,3,3,raw_repetition,ok,
qftentangled_indep_qiskit_3,qftentangled,data/quantum_circuits/qftentangled_indep_qiskit_3.qasm,5ab4253ed51b729f331c9f3cc78bfecd3ecb2fed2e98818816bf3f64e22f1bfe,FakeSherbrooke,fake_sherbrooke,1,1024,1234,1234,3,9,14,3,127,56,93,14,0,93,,,0.755169862000912,0.7937117569999828,session-3,4,3,raw_repetition,ok,
qftentangled_indep_qiskit_4,qftentangled,data/quantum_circuits/qftentangled_indep_qiskit_4.qasm,d7a22ac29418bcf9f00346732fe1b985f8e0b9df60273404dabbf4a62027715f,FakeSherbrooke,fake_sherbrooke,1,1024,1234,1234,4,11,21,5,127,113,193,30,0,193,0.04537469600109034,0.6213520359997347,0.7318612870003562,0.7772359830014466,session-3,0,3,raw_repetition,ok,
qftentangled_indep_qiskit_4,qftentangled,data/quantum_circuits/qftentangled_indep_qiskit_4.qasm,d7a22ac29418bcf9f00346732fe1b985f8e0b9df60273404dabbf4a62027715f,FakeSherbrooke,fake_sherbrooke,1,1024,1234,1234,4,11,21,5,127,113,193,30,0,193,,,0.747683555000549,0.7930582510016393,session-3,1,3,raw_repetition,ok,
qftentangled_indep_qiskit_4,qftentangled,data/quantum_circuits/qftentangled_indep_qiskit_4.qasm,d7a22ac29418bcf9f00346732fe1b985f8e0b9df60273404dabbf4a62027715f,FakeSherbrooke,fake_sherbrooke,1,1024,1234,1234,4,11,21,5,127,113,193,30,0,193,,,0.6228088649986603,0.6681835609997506,session-3,2,3,raw_repetition,ok,
qftentangled_indep_qiskit_4,qftentangled,data/quantum_circuits/qftentangled_indep_qiskit_4.qasm,d7a22ac29418bcf9f00346732fe1b985f8e0b9df60273404dabbf4a62027715f,FakeSherbrooke,fake_sherbrooke,1,1024,1234,1234,4,11,21,5,127,113,193,30,0,193,,,0.6201397580007324,0.6655144540018227,session-3,3,3,raw_repetition,ok,
qftentangled_indep_qiskit_4,qftentangled,data/quantum_circuits/qftentangled_indep_qiskit_4.qasm,d7a22ac29418bcf9f00346732fe1b985f8e0b9df60273404dabbf4a62027715f,FakeSherbrooke,fake_sherbrooke,1,1024,1234,1234,4,11,21,5,127,113,193,30,0,193,,,0.7663142450001033,0.8116889410011936,session-3,4,3,raw_repetition,ok,
qftentangled_indep_qiskit_5,qftentangled,data/quantum_circuits/qftentangled_indep_qiskit_5.qasm,4ee5846eef239e2b0e0d3f950f78b5b4b8af213f0063eb50be6bf50bdbb4385d,FakeSherbrooke,fake_sherbrooke,1,1024,1234,1234,5,13,28,6,127,177,322,51,0,322,0.049717417001375,0.6275238410016755,0.7329167509997205,0.7826341680010955,session-3,0,3,raw_repetition,ok,
qftentangled_indep_qiskit_5,qftentangled,data/quantum_circuits/qftentangled_indep_qiskit_5.qasm,4ee5846eef239e2b0e0d3f950f78b5b4b8af213f0063eb50be6bf50bdbb4385d,FakeSherbrooke,fake_sherbrooke,1,1024,1234,1234,5,13,28,6,127,177,322,51,0,322,,,0.6334740199999942,0.6831914370013692,session-3,1,3,raw_repetition,ok,
qftentangled_indep_qiskit_5,qftentangled,data/quantum_circuits/qftentangled_indep_qiskit_5.qasm,4ee5846eef239e2b0e0d3f950f78b5b4b8af213f0063eb50be6bf50bdbb4385d,FakeSherbrooke,fake_sherbrooke,1,1024,1234,1234,5,13,28,6,127,177,322,51,0,322,,,0.7509146399970632,0.8006320569984382,session-3,2,3,raw_repetition,ok,
qftentangled_indep_qiskit_5,qftentangled,data/quantum_circuits/qftentangled_indep_qiskit_5.qasm,4ee5846eef239e2b0e0d3f950f78b5b4b8af213f0063eb50be6bf50bdbb4385d,FakeSherbrooke,fake_sherbrooke,1,1024,1234,1234,5,13,28,6,127,177,322,51,0,322,,,0.6244872150018637,0.6742046320032387,session-3,3,3,raw_repetition,ok,
qftentangled_indep_qiskit_5,qftentangled,data/quantum_circuits/qftentangled_indep_qiskit_5.qasm,4ee5846eef239e2b0e0d3f950f78b5b4b8af213f0063eb50be6bf50bdbb4385d,FakeSherbrooke,fake_sherbrooke,1,1024,1234,1234,5,13,28,6,127,177,322,51,0,322,,,0.7468779139999242,0.7965953310012992,session-3,4,3,raw_repetition,ok,
qftentangled_indep_qiskit_6,qftentangled,data/quantum_circuits/qftentangled_indep_qiskit_6.qasm,7c8832728feaaf34fac1fda49dfcbfbf655902b5b4eb3f1b11e43f21d15de5bf,FakeSherbrooke,fake_sherbrooke,1,1024,1234,1234,6,15,37,8,127,218,491,80,0,491,0.06009861100028502,0.6527430839996669,0.6382441999994626,0.6983428109997476,session-3,0,3,raw_repetition,ok,
qftentangled_indep_qiskit_6,qftentangled,data/quantum_circuits/qftentangled_indep_qiskit_6.qasm,7c8832728feaaf34fac1fda49dfcbfbf655902b5b4eb3f1b11e43f21d15de5bf,FakeSherbrooke,fake_sherbrooke,1,1024,1234,1234,6,15,37,8,127,218,491,80,0,491,,,0.771932300998742,0.832030911999027,session-3,1,3,raw_repetition,ok,
qftentangled_indep_qiskit_6,qftentangled,data/quantum_circuits/qftentangled_indep_qiskit_6.qasm,7c8832728feaaf34fac1fda49dfcbfbf655902b5b4eb3f1b11e43f21d15de5bf,FakeSherbrooke,fake_sherbrooke,1,1024,1234,1234,6,15,37,8,127,218,491,80,0,491,,,0.639589320999221,0.699687931999506,session-3,2,3,raw_repetition,ok,
qftentangled_indep_qiskit_6,qftentangled,data/quantum_circuits/qftentangled_indep_qiskit_6.qasm,7c8832728feaaf34fac1fda49dfcbfbf655902b5b4eb3f1b11e43f21d15de5bf,FakeSherbrooke,fake_sherbrooke,1,1024,1234,1234,6,15,37,8,127,218,491,80,0,491,,,0.6346017239993671,0.6947003349996521,session-3,3,3,raw_repetition,ok,
qftentangled_indep_qiskit_6,qftentangled,data/quantum_circuits/qftentangled_indep_qiskit_6.qasm,7c8832728feaaf34fac1fda49dfcbfbf655902b5b4eb3f1b11e43f21d15de5bf,FakeSherbrooke,fake_sherbrooke,1,1024,1234,1234,6,15,37,8,127,218,491,80,0,491,,,0.7526294300005247,0.8127280410008098,session-3,4,3,raw_repetition,ok,
qftentangled_indep_qiskit_7,qftentangled,data/quantum_circuits/qftentangled_indep_qiskit_7.qasm,f0e0170b510412a7e964e82f14793115a9e53a1b250283a74abd893a45b5f20e,FakeSherbrooke,fake_sherbrooke,1,1024,1234,1234,7,17,46,9,127,282,746,123,0,746,0.09305993399902945,0.6918942579977738,0.8083786940005666,0.9014386279995961,session-3,0,3,raw_repetition,ok,
qftentangled_indep_qiskit_7,qftentangled,data/quantum_circuits/qftentangled_indep_qiskit_7.qasm,f0e0170b510412a7e964e82f14793115a9e53a1b250283a74abd893a45b5f20e,FakeSherbrooke,fake_sherbrooke,1,1024,1234,1234,7,17,46,9,127,282,746,123,0,746,,,0.8344885020014772,0.9275484360005066,session-3,1,3,raw_repetition,ok,
qftentangled_indep_qiskit_7,qftentangled,data/quantum_circuits/qftentangled_indep_qiskit_7.qasm,f0e0170b510412a7e964e82f14793115a9e53a1b250283a74abd893a45b5f20e,FakeSherbrooke,fake_sherbrooke,1,1024,1234,1234,7,17,46,9,127,282,746,123,0,746,,,0.701444016998721,0.7945039509977505,session-3,2,3,raw_repetition,ok,
qftentangled_indep_qiskit_7,qftentangled,data/quantum_circuits/qftentangled_indep_qiskit_7.qasm,f0e0170b510412a7e964e82f14793115a9e53a1b250283a74abd893a45b5f20e,FakeSherbrooke,fake_sherbrooke,1,1024,1234,1234,7,17,46,9,127,282,746,123,0,746,,,0.6948243970000476,0.7878843309990771,session-3,3,3,raw_repetition,ok,
qftentangled_indep_qiskit_7,qftentangled,data/quantum_circuits/qftentangled_indep_qiskit_7.qasm,f0e0170b510412a7e964e82f14793115a9e53a1b250283a74abd893a45b5f20e,FakeSherbrooke,fake_sherbrooke,1,1024,1234,1234,7,17,46,9,127,282,746,123,0,746,,,0.8214928740017058,0.9145528080007352,session-3,4,3,raw_repetition,ok,
qftentangled_indep_qiskit_8,qftentangled,data/quantum_circuits/qftentangled_indep_qiskit_8.qasm,8711737782301f568af1980707e62c989655488357aa858d6c63bb8e206ae4fc,FakeSherbrooke,fake_sherbrooke,1,1024,1234,1234,8,19,57,11,127,381,1042,177,0,1042,0.09351597199929529,0.6863783459994011,0.8151000809994002,0.9086160529986955,session-3,0,3,raw_repetition,ok,
qftentangled_indep_qiskit_8,qftentangled,data/quantum_circuits/qftentangled_indep_qiskit_8.qasm,8711737782301f568af1980707e62c989655488357aa858d6c63bb8e206ae4fc,FakeSherbrooke,fake_sherbrooke,1,1024,1234,1234,8,19,57,11,127,381,1042,177,0,1042,,,0.6903669200000877,0.783882891999383,session-3,1,3,raw_repetition,ok,
qftentangled_indep_qiskit_8,qftentangled,data/quantum_circuits/qftentangled_indep_qiskit_8.qasm,8711737782301f568af1980707e62c989655488357aa858d6c63bb8e206ae4fc,FakeSherbrooke,fake_sherbrooke,1,1024,1234,1234,8,19,57,11,127,381,1042,177,0,1042,,,0.8101166050000757,0.9036325769993709,session-3,2,3,raw_repetition,ok,
qftentangled_indep_qiskit_8,qftentangled,data/quantum_circuits/qftentangled_indep_qiskit_8.qasm,8711737782301f568af1980707e62c989655488357aa858d6c63bb8e206ae4fc,FakeSherbrooke,fake_sherbrooke,1,1024,1234,1234,8,19,57,11,127,381,1042,177,0,1042,,,0.8396997910022037,0.933215763001499,session-3,3,3,raw_repetition,ok,
qftentangled_indep_qiskit_8,qftentangled,data/quantum_circuits/qftentangled_indep_qiskit_8.qasm,8711737782301f568af1980707e62c989655488357aa858d6c63bb8e206ae4fc,FakeSherbrooke,fake_sherbrooke,1,1024,1234,1234,8,19,57,11,127,381,1042,177,0,1042,,,0.6816899769983138,0.7752059489976091,session-3,4,3,raw_repetition,ok,
qftentangled_indep_qiskit_9,qftentangled,data/quantum_circuits/qftentangled_indep_qiskit_9.qasm,fea8eb37e38bc24d3352d9446471b5cf8f6b8af6ae4c0f931d5942564936274c,FakeSherbrooke,fake_sherbrooke,1,1024,1234,1234,9,21,68,12,127,445,1256,215,0,1256,0.10899013200105401,0.794668559999991,0.804263069996523,0.913253201997577,session-3,0,3,raw_repetition,ok,
qftentangled_indep_qiskit_9,qftentangled,data/quantum_circuits/qftentangled_indep_qiskit_9.qasm,fea8eb37e38bc24d3352d9446471b5cf8f6b8af6ae4c0f931d5942564936274c,FakeSherbrooke,fake_sherbrooke,1,1024,1234,1234,9,21,68,12,127,445,1256,215,0,1256,,,0.9252857329993276,1.0342758650003816,session-3,1,3,raw_repetition,ok,
qftentangled_indep_qiskit_9,qftentangled,data/quantum_circuits/qftentangled_indep_qiskit_9.qasm,fea8eb37e38bc24d3352d9446471b5cf8f6b8af6ae4c0f931d5942564936274c,FakeSherbrooke,fake_sherbrooke,1,1024,1234,1234,9,21,68,12,127,445,1256,215,0,1256,,,0.8090469579983619,0.9180370899994159,session-3,2,3,raw_repetition,ok,
qftentangled_indep_qiskit_9,qftentangled,data/quantum_circuits/qftentangled_indep_qiskit_9.qasm,fea8eb37e38bc24d3352d9446471b5cf8f6b8af6ae4c0f931d5942564936274c,FakeSherbrooke,fake_sherbrooke,1,1024,1234,1234,9,21,68,12,127,445,1256,215,0,1256,,,0.818977946000814,0.927968078001868,session-3,3,3,raw_repetition,ok,
qftentangled_indep_qiskit_9,qftentangled,data/quantum_circuits/qftentangled_indep_qiskit_9.qasm,fea8eb37e38bc24d3352d9446471b5cf8f6b8af6ae4c0f931d5942564936274c,FakeSherbrooke,fake_sherbrooke,1,1024,1234,1234,9,21,68,12,127,445,1256,215,0,1256,,,0.9171905980001611,1.0261807300012151,session-3,4,3,raw_repetition,ok,
qnn_indep_qiskit_2,qnn,data/quantum_circuits/qnn_indep_qiskit_2.qasm,3c0ed99f7e5a0409bdadc636b8b7a5dd911304ccbe2e87b32589b91dd44a6a5a,FakeSherbrooke,fake_sherbrooke,1,1024,1234,1234,2,12,18,5,127,30,46,5,0,46,0.019734187997528352,0.6161052149982424,0.6352180339999904,0.6549522219975188,session-3,0,3,raw_repetition,ok,
qnn_indep_qiskit_2,qnn,data/quantum_circuits/qnn_indep_qiskit_2.qasm,3c0ed99f7e5a0409bdadc636b8b7a5dd911304ccbe2e87b32589b91dd44a6a5a,FakeSherbrooke,fake_sherbrooke,1,1024,1234,1234,2,12,18,5,127,30,46,5,0,46,,,0.7702080859999114,0.7899422739974398,session-3,1,3,raw_repetition,ok,
qnn_indep_qiskit_2,qnn,data/quantum_circuits/qnn_indep_qiskit_2.qasm,3c0ed99f7e5a0409bdadc636b8b7a5dd911304ccbe2e87b32589b91dd44a6a5a,FakeSherbrooke,fake_sherbrooke,1,1024,1234,1234,2,12,18,5,127,30,46,5,0,46,,,0.6209508499996446,0.6406850379971729,session-3,2,3,raw_repetition,ok,
qnn_indep_qiskit_2,qnn,data/quantum_circuits/qnn_indep_qiskit_2.qasm,3c0ed99f7e5a0409bdadc636b8b7a5dd911304ccbe2e87b32589b91dd44a6a5a,FakeSherbrooke,fake_sherbrooke,1,1024,1234,1234,2,12,18,5,127,30,46,5,0,46,,,0.7656181040001684,0.7853522919976967,session-3,3,3,raw_repetition,ok,
qnn_indep_qiskit_2,qnn,data/quantum_circuits/qnn_indep_qiskit_2.qasm,3c0ed99f7e5a0409bdadc636b8b7a5dd911304ccbe2e87b32589b91dd44a6a5a,FakeSherbrooke,fake_sherbrooke,1,1024,1234,1234,2,12,18,5,127,30,46,5,0,46,,,0.6364995420008199,0.6562337299983483,session-3,4,3,raw_repetition,ok,
qnn_indep_qiskit_3,qnn,data/quantum_circuits/qnn_indep_qiskit_3.qasm,15e80264fdff1398ab38bbd9144f853a3a2317e95163fda15a1e9ec2657beecb,FakeSherbrooke,fake_sherbrooke,1,1024,1234,1234,3,25,36,14,127,94,155,23,0,155,0.04941210200195201,0.6240387430007104,0.7293338480012608,0.7787459500032128,session-3,0,3,raw_repetition,ok,
qnn_indep_qiskit_3,qnn,data/quantum_circuits/qnn_indep_qiskit_3.qasm,15e80264fdff1398ab38bbd9144f853a3a2317e95163fda15a1e9ec2657beecb,FakeSherbrooke,fake_sherbrooke,1,1024,1234,1234,3,25,36,14,127,94,155,23,0,155,,,0.6136929679996683,0.6631050700016203,session-3,1,3,raw_repetition,ok,
qnn_indep_qiskit_3,qnn,data/quantum_circuits/qnn_indep_qiskit_3.qasm,15e80264fdff1398ab38bbd9144f853a3a2317e95163fda15a1e9ec2657beecb,FakeSherbrooke,fake_sherbrooke,1,1024,1234,1234,3,25,36,14,127,94,155,23,0,155,,,0.7464003739987675,0.7958124760007195,session-3,2,3,raw_repetition,ok,
qnn_indep_qiskit_3,qnn,data/quantum_circuits/qnn_indep_qiskit_3.qasm,15e80264fdff1398ab38bbd9144f853a3a2317e95163fda15a1e9ec2657beecb,FakeSherbrooke,fake_sherbrooke,1,1024,1234,1234,3,25,36,14,127,94,155,23,0,155,,,0.7577412770006049,0.8071533790025569,session-3,3,3,raw_repetition,ok,
qnn_indep_qiskit_3,qnn,data/quantum_circuits/qnn_indep_qiskit_3.qasm,15e80264fdff1398ab38bbd9144f853a3a2317e95163fda15a1e9ec2657beecb,FakeSherbrooke,fake_sherbrooke,1,1024,1234,1234,3,25,36,14,127,94,155,23,0,155,,,0.6388731789993471,0.6882852810012992,session-3,4,3,raw_repetition,ok,
qnn_indep_qiskit_4,qnn,data/quantum_circuits/qnn_indep_qiskit_4.qasm,451bd8177acaca0301a8bb4d61cb192f26dce1f81d8ab04ca0aded562d525c58,FakeSherbrooke,fake_sherbrooke,1,1024,1234,1234,4,35,60,27,127,156,241,39,0,241,0.051027708999754395,0.6496592250005051,0.6316140970011475,0.6826418060009019,session-3,0,3,raw_repetition,ok,
qnn_indep_qiskit_4,qnn,data/quantum_circuits/qnn_indep_qiskit_4.qasm,451bd8177acaca0301a8bb4d61cb192f26dce1f81d8ab04ca0aded562d525c58,FakeSherbrooke,fake_sherbrooke,1,1024,1234,1234,4,35,60,27,127,156,241,39,0,241,,,0.6228298949972668,0.6738576039970212,session-3,1,3,raw_repetition,ok,
qnn_indep_qiskit_4,qnn,data/quantum_circuits/qnn_indep_qiskit_4.qasm,451bd8177acaca0301a8bb4d61cb192f26dce1f81d8ab04ca0aded562d525c58,FakeSherbrooke,fake_sherbrooke,1,1024,1234,1234,4,35,60,27,127,156,241,39,0,241,,,0.7602522970009886,0.811280006000743,session-3,2,3,raw_repetition,ok,
qnn_indep_qiskit_4,qnn,data/quantum_circuits/qnn_indep_qiskit_4.qasm,451bd8177acaca0301a8bb4d61cb192f26dce1f81d8ab04ca0aded562d525c58,FakeSherbrooke,fake_sherbrooke,1,1024,1234,1234,4,35,60,27,127,156,241,39,0,241,,,0.6288785549986642,0.6799062639984186,session-3,3,3,raw_repetition,ok,
qnn_indep_qiskit_4,qnn,data/quantum_circuits/qnn_indep_qiskit_4.qasm,451bd8177acaca0301a8bb4d61cb192f26dce1f81d8ab04ca0aded562d525c58,FakeSherbrooke,fake_sherbrooke,1,1024,1234,1234,4,35,60,27,127,156,241,39,0,241,,,0.7598696670029312,0.8108973760026856,session-3,4,3,raw_repetition,ok,
qnn_indep_qiskit_5,qnn,data/quantum_circuits/qnn_indep_qiskit_5.qasm,d506e52d304853cd9e55834d3112505279aa22e89e70aa7c00dfc57caad3c72c,FakeSherbrooke,fake_sherbrooke,1,1024,1234,1234,5,45,90,44,127,280,499,83,0,499,0.06411808300254052,0.6241702520019317,0.6502378280019911,0.7143559110045317,session-3,0,3,raw_repetition,ok,
qnn_indep_qiskit_5,qnn,data/quantum_circuits/qnn_indep_qiskit_5.qasm,d506e52d304853cd9e55834d3112505279aa22e89e70aa7c00dfc57caad3c72c,FakeSherbrooke,fake_sherbrooke,1,1024,1234,1234,5,45,90,44,127,280,499,83,0,499,,,0.7596543039981043,0.8237723870006448,session-3,1,3,raw_repetition,ok,
qnn_indep_qiskit_5,qnn,data/quantum_circuits/qnn_indep_qiskit_5.qasm,d506e52d304853cd9e55834d3112505279aa22e89e70aa7c00dfc57caad3c72c,FakeSherbrooke,fake_sherbrooke,1,1024,1234,1234,5,45,90,44,127,280,499,83,0,499,,,0.637519332998636,0.7016374160011765,session-3,2,3,raw_repetition,ok,
qnn_indep_qiskit_5,qnn,data/quantum_circuits/qnn_indep_qiskit_5.qasm,d506e52d304853cd9e55834d3112505279aa22e89e70aa7c00dfc57caad3c72c,FakeSherbrooke,fake_sherbrooke,1,1024,1234,1234,5,45,90,44,127,280,499,83,0,499,,,0.7797175329978927,0.8438356160004332,session-3,3,3,raw_repetition,ok,
qnn_indep_qiskit_5,qnn,data/quantum_circuits/qnn_indep_qiskit_5.qasm,d506e52d304853cd9e55834d3112505279aa22e89e70aa7c00dfc57caad3c72c,FakeSherbrooke,fake_sherbrooke,1,1024,1234,1234,5,45,90,44,127,280,499,83,0,499,,,0.6467989929988107,0.7109170760013512,session-3,4,3,raw_repetition,ok,
qnn_indep_qiskit_6,qnn,data/quantum_circuits/qnn_indep_qiskit_6.qasm,720a3cec5f9b39a53aa0d59f0ecc24f42f2948fbe56164a033262c628e2ba875,FakeSherbrooke,fake_sherbrooke,1,1024,1234,1234,6,55,126,65,127,374,797,137,0,797,0.08858784099720651,0.7876501500031736,0.6815105370005767,0.7700983779977832,session-3,0,3,raw_repetition,ok,
qnn_indep_qiskit_6,qnn,data/quantum_circuits/qnn_indep_qiskit_6.qasm,720a3cec5f9b39a53aa0d59f0ecc24f42f2948fbe56164a033262c628e2ba875,FakeSherbrooke,fake_sherbrooke,1,1024,1234,1234,6,55,126,65,127,374,797,137,0,797,,,0.6597782999997435,0.74836614099695,session-3,1,3,raw_repetition,ok,
qnn_indep_qiskit_6,qnn,data/quantum_circuits/qnn_indep_qiskit_6.qasm,720a3cec5f9b39a53aa0d59f0ecc24f42f2948fbe56164a033262c628e2ba875,FakeSherbrooke,fake_sherbrooke,1,1024,1234,1234,6,55,126,65,127,374,797,137,0,797,,,0.8157776150001155,0.904365455997322,session-3,2,3,raw_repetition,ok,
qnn_indep_qiskit_6,qnn,data/quantum_circuits/qnn_indep_qiskit_6.qasm,720a3cec5f9b39a53aa0d59f0ecc24f42f2948fbe56164a033262c628e2ba875,FakeSherbrooke,fake_sherbrooke,1,1024,1234,1234,6,55,126,65,127,374,797,137,0,797,,,0.6810264529995038,0.7696142939967103,session-3,3,3,raw_repetition,ok,
qnn_indep_qiskit_6,qnn,data/quantum_circuits/qnn_indep_qiskit_6.qasm,720a3cec5f9b39a53aa0d59f0ecc24f42f2948fbe56164a033262c628e2ba875,FakeSherbrooke,fake_sherbrooke,1,1024,1234,1234,6,55,126,65,127,374,797,137,0,797,,,0.676981237000291,0.7655690779974975,session-3,4,3,raw_repetition,ok,
qnn_indep_qiskit_7,qnn,data/quantum_circuits/qnn_indep_qiskit_7.qasm,6cf91acdbcfc0321d1ffcee7c2197fec29f2b9dd83e7c3b56dbe8d583332ccdb,FakeSherbrooke,fake_sherbrooke,1,1024,1234,1234,7,65,168,90,127,404,1109,195,0,1109,0.11778988700098125,0.8562108850019285,0.7297286959983467,0.8475185829993279,session-3,0,3,raw_repetition,ok,
qnn_indep_qiskit_7,qnn,data/quantum_circuits/qnn_indep_qiskit_7.qasm,6cf91acdbcfc0321d1ffcee7c2197fec29f2b9dd83e7c3b56dbe8d583332ccdb,FakeSherbrooke,fake_sherbrooke,1,1024,1234,1234,7,65,168,90,127,404,1109,195,0,1109,,,0.8660947169992141,0.9838846040001954,session-3,1,3,raw_repetition,ok,
qnn_indep_qiskit_7,qnn,data/quantum_circuits/qnn_indep_qiskit_7.qasm,6cf91acdbcfc0321d1ffcee7c2197fec29f2b9dd83e7c3b56dbe8d583332ccdb,FakeSherbrooke,fake_sherbrooke,1,1024,1234,1234,7,65,168,90,127,404,1109,195,0,1109,,,0.7370381079999788,0.8548279950009601,session-3,2,3,raw_repetition,ok,
qnn_indep_qiskit_7,qnn,data/quantum_circuits/qnn_indep_qiskit_7.qasm,6cf91acdbcfc0321d1ffcee7c2197fec29f2b9dd83e7c3b56dbe8d583332ccdb,FakeSherbrooke,fake_sherbrooke,1,1024,1234,1234,7,65,168,90,127,404,1109,195,0,1109,,,0.8580697309989773,0.9758596179999586,session-3,3,3,raw_repetition,ok,
qnn_indep_qiskit_7,qnn,data/quantum_circuits/qnn_indep_qiskit_7.qasm,6cf91acdbcfc0321d1ffcee7c2197fec29f2b9dd83e7c3b56dbe8d583332ccdb,FakeSherbrooke,fake_sherbrooke,1,1024,1234,1234,7,65,168,90,127,404,1109,195,0,1109,,,0.7330186069993943,0.8508084940003755,session-3,4,3,raw_repetition,ok,
qnn_indep_qiskit_8,qnn,data/quantum_circuits/qnn_indep_qiskit_8.qasm,f76953672a13f3e92397fe3586ff6557882560261e995147a67b931d701c7fcf,FakeSherbrooke,fake_sherbrooke,1,1024,1234,1234,8,75,216,119,127,486,1513,263,0,1513,0.1407171399987419,0.818975894999312,0.8227666269995098,0.9634837669982517,session-3,0,3,raw_repetition,ok,
qnn_indep_qiskit_8,qnn,data/quantum_circuits/qnn_indep_qiskit_8.qasm,f76953672a13f3e92397fe3586ff6557882560261e995147a67b931d701c7fcf,FakeSherbrooke,fake_sherbrooke,1,1024,1234,1234,8,75,216,119,127,486,1513,263,0,1513,,,0.6958384219979052,0.8365555619966472,session-3,1,3,raw_repetition,ok,
qnn_indep_qiskit_8,qnn,data/quantum_circuits/qnn_indep_qiskit_8.qasm,f76953672a13f3e92397fe3586ff6557882560261e995147a67b931d701c7fcf,FakeSherbrooke,fake_sherbrooke,1,1024,1234,1234,8,75,216,119,127,486,1513,263,0,1513,,,0.8355699320018175,0.9762870720005594,session-3,2,3,raw_repetition,ok,
qnn_indep_qiskit_8,qnn,data/quantum_circuits/qnn_indep_qiskit_8.qasm,f76953672a13f3e92397fe3586ff6557882560261e995147a67b931d701c7fcf,FakeSherbrooke,fake_sherbrooke,1,1024,1234,1234,8,75,216,119,127,486,1513,263,0,1513,,,0.7043440819979878,0.8450612219967297,session-3,3,3,raw_repetition,ok,
qnn_indep_qiskit_8,qnn,data/quantum_circuits/qnn_indep_qiskit_8.qasm,f76953672a13f3e92397fe3586ff6557882560261e995147a67b931d701c7fcf,FakeSherbrooke,fake_sherbrooke,1,1024,1234,1234,8,75,216,119,127,486,1513,263,0,1513,,,0.8257714789979218,0.9664886189966637,session-3,4,3,raw_repetition,ok,
qnn_indep_qiskit_9,qnn,data/quantum_circuits/qnn_indep_qiskit_9.qasm,4df5b36e58378649053c461bf5ee1478fa114ac65c0c14551536b820ce8eafc7,FakeSherbrooke,fake_sherbrooke,1,1024,1234,1234,9,85,270,152,127,671,1902,335,0,1902,0.15249946700350847,0.9130589199994574,1.0331119160000526,1.185611383003561,session-3,0,3,raw_repetition,ok,
qnn_indep_qiskit_9,qnn,data/quantum_circuits/qnn_indep_qiskit_9.qasm,4df5b36e58378649053c461bf5ee1478fa114ac65c0c14551536b820ce8eafc7,FakeSherbrooke,fake_sherbrooke,1,1024,1234,1234,9,85,270,152,127,671,1902,335,0,1902,,,0.902624818001641,1.0551242850051494,session-3,1,3,raw_repetition,ok,
qnn_indep_qiskit_9,qnn,data/quantum_circuits/qnn_indep_qiskit_9.qasm,4df5b36e58378649053c461bf5ee1478fa114ac65c0c14551536b820ce8eafc7,FakeSherbrooke,fake_sherbrooke,1,1024,1234,1234,9,85,270,152,127,671,1902,335,0,1902,,,1.028253049000341,1.1807525160038495,session-3,2,3,raw_repetition,ok,
qnn_indep_qiskit_9,qnn,data/quantum_circuits/qnn_indep_qiskit_9.qasm,4df5b36e58378649053c461bf5ee1478fa114ac65c0c14551536b820ce8eafc7,FakeSherbrooke,fake_sherbrooke,1,1024,1234,1234,9,85,270,152,127,671,1902,335,0,1902,,,0.9129300450003939,1.0654295120039023,session-3,3,3,raw_repetition,ok,
qnn_indep_qiskit_9,qnn,data/quantum_circuits/qnn_indep_qiskit_9.qasm,4df5b36e58378649053c461bf5ee1478fa114ac65c0c14551536b820ce8eafc7,FakeSherbrooke,fake_sherbrooke,1,1024,1234,1234,9,85,270,152,127,671,1902,335,0,1902,,,1.0317871719998948,1.1842866390034033,session-3,4,3,raw_repetition,ok,
qpeexact_indep_qiskit_2,qpeexact,data/quantum_circuits/qpeexact_indep_qiskit_2.qasm,0a43a3dbe4a4294a007fa7ec167a24ea300d3762489b98245c2f80ad29727075,FakeSherbrooke,fake_sherbrooke,1,1024,1234,1234,2,4,6,0,127,11,16,2,0,16,0.021164329002203885,0.6118749569977808,0.6163422350000474,0.6375065640022513,session-3,0,3,raw_repetition,ok,
qpeexact_indep_qiskit_2,qpeexact,data/quantum_circuits/qpeexact_indep_qiskit_2.qasm,0a43a3dbe4a4294a007fa7ec167a24ea300d3762489b98245c2f80ad29727075,FakeSherbrooke,fake_sherbrooke,1,1024,1234,1234,2,4,6,0,127,11,16,2,0,16,,,0.7355103720001352,0.7566747010023391,session-3,1,3,raw_repetition,ok,
qpeexact_indep_qiskit_2,qpeexact,data/quantum_circuits/qpeexact_indep_qiskit_2.qasm,0a43a3dbe4a4294a007fa7ec167a24ea300d3762489b98245c2f80ad29727075,FakeSherbrooke,fake_sherbrooke,1,1024,1234,1234,2,4,6,0,127,11,16,2,0,16,,,0.6168525879984372,0.6380169170006411,session-3,2,3,raw_repetition,ok,
qpeexact_indep_qiskit_2,qpeexact,data/quantum_circuits/qpeexact_indep_qiskit_2.qasm,0a43a3dbe4a4294a007fa7ec167a24ea300d3762489b98245c2f80ad29727075,FakeSherbrooke,fake_sherbrooke,1,1024,1234,1234,2,4,6,0,127,11,16,2,0,16,,,0.7263558459999331,0.747520175002137,session-3,3,3,raw_repetition,ok,
qpeexact_indep_qiskit_2,qpeexact,data/quantum_circuits/qpeexact_indep_qiskit_2.qasm,0a43a3dbe4a4294a007fa7ec167a24ea300d3762489b98245c2f80ad29727075,FakeSherbrooke,fake_sherbrooke,1,1024,1234,1234,2,4,6,0,127,11,16,2,0,16,,,0.7499559429998044,0.7711202720020083,session-3,4,3,raw_repetition,ok,
qpeexact_indep_qiskit_3,qpeexact,data/quantum_circuits/qpeexact_indep_qiskit_3.qasm,56289d5fdefe63c89244b0849f2e22753ce30832776d74b79de4603006db32f4,FakeSherbrooke,fake_sherbrooke,1,1024,1234,1234,3,7,11,1,127,28,43,7,0,43,0.029452232000039658,0.6214966850020573,0.7382051770000544,0.767657409000094,session-3,0,3,raw_repetition,ok,
qpeexact_indep_qiskit_3,qpeexact,data/quantum_circuits/qpeexact_indep_qiskit_3.qasm,56289d5fdefe63c89244b0849f2e22753ce30832776d74b79de4603006db32f4,FakeSherbrooke,fake_sherbrooke,1,1024,1234,1234,3,7,11,1,127,28,43,7,0,43,,,0.616194911999628,0.6456471439996676,session-3,1,3,raw_repetition,ok,
qpeexact_indep_qiskit_3,qpeexact,data/quantum_circuits/qpeexact_indep_qiskit_3.qasm,56289d5fdefe63c89244b0849f2e22753ce30832776d74b79de4603006db32f4,FakeSherbrooke,fake_sherbrooke,1,1024,1234,1234,3,7,11,1,127,28,43,7,0,43,,,0.731955253999331,0.7614074859993707,session-3,2,3,raw_repetition,ok,
qpeexact_indep_qiskit_3,qpeexact,data/quantum_circuits/qpeexact_indep_qiskit_3.qasm,56289d5fdefe63c89244b0849f2e22753ce30832776d74b79de4603006db32f4,FakeSherbrooke,fake_sherbrooke,1,1024,1234,1234,3,7,11,1,127,28,43,7,0,43,,,0.6214207999983046,0.6508730319983442,session-3,3,3,raw_repetition,ok,
qpeexact_indep_qiskit_3,qpeexact,data/quantum_circuits/qpeexact_indep_qiskit_3.qasm,56289d5fdefe63c89244b0849f2e22753ce30832776d74b79de4603006db32f4,FakeSherbrooke,fake_sherbrooke,1,1024,1234,1234,3,7,11,1,127,28,43,7,0,43,,,0.7349274059997697,0.7643796379998093,session-3,4,3,raw_repetition,ok,
qpeexact_indep_qiskit_4,qpeexact,data/quantum_circuits/qpeexact_indep_qiskit_4.qasm,af7e7c49ba06f5c554580173d3dcd73bc9d5a9dd9c6e3d3cd8c94d494fa4b969,FakeSherbrooke,fake_sherbrooke,1,1024,1234,1234,4,9,16,1,127,71,111,17,0,111,0.04647851799745695,0.7703748999992968,0.6293697859982785,0.6758483039957355,session-3,0,3,raw_repetition,ok,
qpeexact_indep_qiskit_4,qpeexact,data/quantum_circuits/qpeexact_indep_qiskit_4.qasm,af7e7c49ba06f5c554580173d3dcd73bc9d5a9dd9c6e3d3cd8c94d494fa4b969,FakeSherbrooke,fake_sherbrooke,1,1024,1234,1234,4,9,16,1,127,71,111,17,0,111,,,0.6155878219979058,0.6620663399953628,session-3,1,3,raw_repetition,ok,
qpeexact_indep_qiskit_4,qpeexact,data/quantum_circuits/qpeexact_indep_qiskit_4.qasm,af7e7c49ba06f5c554580173d3dcd73bc9d5a9dd9c6e3d3cd8c94d494fa4b969,FakeSherbrooke,fake_sherbrooke,1,1024,1234,1234,4,9,16,1,127,71,111,17,0,111,,,0.7580051050026668,0.8044836230001238,session-3,2,3,raw_repetition,ok,
qpeexact_indep_qiskit_4,qpeexact,data/quantum_circuits/qpeexact_indep_qiskit_4.qasm,af7e7c49ba06f5c554580173d3dcd73bc9d5a9dd9c6e3d3cd8c94d494fa4b969,FakeSherbrooke,fake_sherbrooke,1,1024,1234,1234,4,9,16,1,127,71,111,17,0,111,,,0.6137347660005616,0.6602132839980186,session-3,3,3,raw_repetition,ok,
qpeexact_indep_qiskit_4,qpeexact,data/quantum_circuits/qpeexact_indep_qiskit_4.qasm,af7e7c49ba06f5c554580173d3dcd73bc9d5a9dd9c6e3d3cd8c94d494fa4b969,FakeSherbrooke,fake_sherbrooke,1,1024,1234,1234,4,9,16,1,127,71,111,17,0,111,,,0.7380297469971993,0.7845082649946562,session-3,4,3,raw_repetition,ok,
qpeexact_indep_qiskit_5,qpeexact,data/quantum_circuits/qpeexact_indep_qiskit_5.qasm,7478da09664f4489c33c18a6ea1974cc9dea86d1adda1f912c3eaeff27c2d5fa,FakeSherbrooke,fake_sherbrooke,1,1024,1234,1234,5,14,26,2,127,151,265,41,0,265,0.05315733699899283,0.6202853089998825,0.6274722699999984,0.6806296069989912,session-3,0,3,raw_repetition,ok,
qpeexact_indep_qiskit_5,qpeexact,data/quantum_circuits/qpeexact_indep_qiskit_5.qasm,7478da09664f4489c33c18a6ea1974cc9dea86d1adda1f912c3eaeff27c2d5fa,FakeSherbrooke,fake_sherbrooke,1,1024,1234,1234,5,14,26,2,127,151,265,41,0,265,,,0.7504956640004821,0.8036530009994749,session-3,1,3,raw_repetition,ok,
qpeexact_indep_qiskit_5,qpeexact,data/quantum_circuits/qpeexact_indep_qiskit_5.qasm,7478da09664f4489c33c18a6ea1974cc9dea86d1adda1f912c3eaeff27c2d5fa,FakeSherbrooke,fake_sherbrooke,1,1024,1234,1234,5,14,26,2,127,151,265,41,0,265,,,0.6289362030001939,0.6820935399991868,session-3,2,3,raw_repetition,ok,
qpeexact_indep_qiskit_5,qpeexact,data/quantum_circuits/qpeexact_indep_qiskit_5.qasm,7478da09664f4489c33c18a6ea1974cc9dea86d1adda1f912c3eaeff27c2d5fa,FakeSherbrooke,fake_sherbrooke,1,1024,1234,1234,5,14,26,2,127,151,265,41,0,265,,,0.7801661920020706,0.8333235290010634,session-3,3,3,raw_repetition,ok,
qpeexact_indep_qiskit_5,qpeexact,data/quantum_circuits/qpeexact_indep_qiskit_5.qasm,7478da09664f4489c33c18a6ea1974cc9dea86d1adda1f912c3eaeff27c2d5fa,FakeSherbrooke,fake_sherbrooke,1,1024,1234,1234,5,14,26,2,127,151,265,41,0,265,,,0.6509083860000828,0.7040657229990757,session-3,4,3,raw_repetition,ok,
qpeexact_indep_qiskit_6,qpeexact,data/quantum_circuits/qpeexact_indep_qiskit_6.qasm,abe368f160ce73db792b3af14a6e120eda4838b15f01376daa204a680d07c5bc,FakeSherbrooke,fake_sherbrooke,1,1024,1234,1234,6,15,33,2,127,183,338,52,0,338,0.05531234800218954,0.6407329329995264,0.6350693159984075,0.6903816640005971,session-3,0,3,raw_repetition,ok,
qpeexact_indep_qiskit_6,qpeexact,data/quantum_circuits/qpeexact_indep_qiskit_6.qasm,abe368f160ce73db792b3af14a6e120eda4838b15f01376daa204a680d07c5bc,FakeSherbrooke,fake_sherbrooke,1,1024,1234,1234,6,15,33,2,127,183,338,52,0,338,,,0.6475595259980764,0.702871874000266,session-3,1,3,raw_repetition,ok,
qpeexact_indep_qiskit_6,qpeexact,data/quantum_circuits/qpeexact_indep_qiskit_6.qasm,abe368f160ce73db792b3af14a6e120eda4838b15f01376daa204a680d07c5bc,FakeSherbrooke,fake_sherbrooke,1,1024,1234,1234,6,15,33,2,127,183,338,52,0,338,,,0.7690417609992437,0.8243541090014332,session-3,2,3,raw_repetition,ok,
qpeexact_indep_qiskit_6,qpeexact,data/quantum_circuits/qpeexact_indep_qiskit_6.qasm,abe368f160ce73db792b3af14a6e120eda4838b15f01376daa204a680d07c5bc,FakeSherbrooke,fake_sherbrooke,1,1024,1234,1234,6,15,33,2,127,183,338,52,0,338,,,0.6449929800000973,0.7003053280022868,session-3,3,3,raw_repetition,ok,
qpeexact_indep_qiskit_6,qpeexact,data/quantum_circuits/qpeexact_indep_qiskit_6.qasm,abe368f160ce73db792b3af14a6e120eda4838b15f01376daa204a680d07c5bc,FakeSherbrooke,fake_sherbrooke,1,1024,1234,1234,6,15,33,2,127,183,338,52,0,338,,,0.7776425459996972,0.8329548940018867,session-3,4,3,raw_repetition,ok,
qpeexact_indep_qiskit_7,qpeexact,data/quantum_circuits/qpeexact_indep_qiskit_7.qasm,d06936015124a75ae15e1f94eeb54cc51ab24596726b8110765a69ba66d0e80a,FakeSherbrooke,fake_sherbrooke,1,1024,1234,1234,7,16,42,3,127,272,518,83,0,518,0.061886523999419296,0.6859580889977224,0.6706829299982928,0.7325694539977121,session-3,0,3,raw_repetition,ok,
qpeexact_indep_qiskit_7,qpeexact,data/quantum_circuits/qpeexact_indep_qiskit_7.qasm,d06936015124a75ae15e1f94eeb54cc51ab24596726b8110765a69ba66d0e80a,FakeSherbrooke,fake_sherbrooke,1,1024,1234,1234,7,16,42,3,127,272,518,83,0,518,,,0.8001701219982351,0.8620566459976544,session-3,1,3,raw_repetition,ok,
qpeexact_indep_qiskit_7,qpeexact,data/quantum_circuits/qpeexact_indep_qiskit_7.qasm,d06936015124a75ae15e1f94eeb54cc51ab24596726b8110765a69ba66d0e80a,FakeSherbrooke,fake_sherbrooke,1,1024,1234,1234,7,16,42,3,127,272,518,83,0,518,,,0.6699436830022023,0.7318302070016216,session-3,2,3,raw_repetition,ok,
qpeexact_indep_qiskit_7,qpeexact,data/quantum_circuits/qpeexact_indep_qiskit_7.qasm,d06936015124a75ae15e1f94eeb54cc51ab24596726b8110765a69ba66d0e80a,FakeSherbrooke,fake_sherbrooke,1,1024,1234,1234,7,16,42,3,127,272,518,83,0,518,,,0.8324334649987577,0.894319988998177,session-3,3,3,raw_repetition,ok,
qpeexact_indep_qiskit_7,qpeexact,data/quantum_circuits/qpeexact_indep_qiskit_7.qasm,d06936015124a75ae15e1f94eeb54cc51ab24596726b8110765a69ba66d0e80a,FakeSherbrooke,fake_sherbrooke,1,1024,1234,1234,7,16,42,3,127,272,518,83,0,518,,,0.6782379760006734,0.7401245000000927,session-3,4,3,raw_repetition,ok,
qpeexact_indep_qiskit_8,qpeexact,data/quantum_circuits/qpeexact_indep_qiskit_8.qasm,5d3cc38ff0e2b9054c927b6309c6a8dfaba491733eab08b06cc06f2d333da23d,FakeSherbrooke,fake_sherbrooke,1,1024,1234,1234,8,23,54,3,127,440,847,143,0,847,0.08368288000201574,0.6829401690010855,0.6844517179997638,0.7681345980017795,session-3,0,3,raw_repetition,ok,
qpeexact_indep_qiskit_8,qpeexact,data/quantum_circuits/qpeexact_indep_qiskit_8.qasm,5d3cc38ff0e2b9054c927b6309c6a8dfaba491733eab08b06cc06f2d333da23d,FakeSherbrooke,fake_sherbrooke,1,1024,1234,1234,8,23,54,3,127,440,847,143,0,847,,,0.6772201780004252,0.760903058002441,session-3,1,3,raw_repetition,ok,
qpeexact_indep_qiskit_8,qpeexact,data/quantum_circuits/qpeexact_indep_qiskit_8.qasm,5d3cc38ff0e2b9054c927b6309c6a8dfaba491733eab08b06cc06f2d333da23d,FakeSherbrooke,fake_sherbrooke,1,1024,1234,1234,8,23,54,3,127,440,847,143,0,847,,,0.7943611519986007,0.8780440320006164,session-3,2,3,raw_repetition,ok,
qpeexact_indep_qiskit_8,qpeexact,data/quantum_circuits/qpeexact_indep_qiskit_8.qasm,5d3cc38ff0e2b9054c927b6309c6a8dfaba491733eab08b06cc06f2d333da23d,FakeSherbrooke,fake_sherbrooke,1,1024,1234,1234,8,23,54,3,127,440,847,143,0,847,,,0.686445900999388,0.7701287810014037,session-3,3,3,raw_repetition,ok,
qpeexact_indep_qiskit_8,qpeexact,data/quantum_circuits/qpeexact_indep_qiskit_8.qasm,5d3cc38ff0e2b9054c927b6309c6a8dfaba491733eab08b06cc06f2d333da23d,FakeSherbrooke,fake_sherbrooke,1,1024,1234,1234,8,23,54,3,127,440,847,143,0,847,,,0.8146113900002092,0.898294270002225,session-3,4,3,raw_repetition,ok,
qpeexact_indep_qiskit_9,qpeexact,data/quantum_circuits/qpeexact_indep_qiskit_9.qasm,31f7b2533d8a3c05d59b44a9b2d93f44bc48da630d1884cf9df0012199e10a74,FakeSherbrooke,fake_sherbrooke,1,1024,1234,1234,9,24,65,4,127,495,1097,181,0,1097,0.09991444499974023,0.9473389779996069,0.7835777649997908,0.883492209999531,session-3,0,3,raw_repetition,ok,
qpeexact_indep_qiskit_9,qpeexact,data/quantum_circuits/qpeexact_indep_qiskit_9.qasm,31f7b2533d8a3c05d59b44a9b2d93f44bc48da630d1884cf9df0012199e10a74,FakeSherbrooke,fake_sherbrooke,1,1024,1234,1234,9,24,65,4,127,495,1097,181,0,1097,,,0.7935242480016313,0.8934386930013716,session-3,1,3,raw_repetition,ok,
qpeexact_indep_qiskit_9,qpeexact,data/quantum_circuits/qpeexact_indep_qiskit_9.qasm,31f7b2533d8a3c05d59b44a9b2d93f44bc48da630d1884cf9df0012199e10a74,FakeSherbrooke,fake_sherbrooke,1,1024,1234,1234,9,24,65,4,127,495,1097,181,0,1097,,,0.9237301319990365,1.0236445769987768,session-3,2,3,raw_repetition,ok,
qpeexact_indep_qiskit_9,qpeexact,data/quantum_circuits/qpeexact_indep_qiskit_9.qasm,31f7b2533d8a3c05d59b44a9b2d93f44bc48da630d1884cf9df0012199e10a74,FakeSherbrooke,fake_sherbrooke,1,1024,1234,1234,9,24,65,4,127,495,1097,181,0,1097,,,0.790392442002485,0.8903068870022253,session-3,3,3,raw_repetition,ok,
qpeexact_indep_qiskit_9,qpeexact,data/quantum_circuits/qpeexact_indep_qiskit_9.qasm,31f7b2533d8a3c05d59b44a9b2d93f44bc48da630d1884cf9df0012199e10a74,FakeSherbrooke,fake_sherbrooke,1,1024,1234,1234,9,24,65,4,127,495,1097,181,0,1097,,,0.9260311280013411,1.0259455730010814,session-3,4,3,raw_repetition,ok,
qpeinexact_indep_qiskit_2,qpeinexact,data/quantum_circuits/qpeinexact_indep_qiskit_2.qasm,acacd76111e7f23e4224342ca0ab5340b1bdaad3b6eba8893e4036ba14896362,FakeSherbrooke,fake_sherbrooke,1,1024,1234,1234,2,4,6,0,127,11,17,2,0,17,0.020789897000213386,0.6393493549985578,0.6362399600002391,0.6570298570004525,session-3,0,3,raw_repetition,ok,
qpeinexact_indep_qiskit_2,qpeinexact,data/quantum_circuits/qpeinexact_indep_qiskit_2.qasm,acacd76111e7f23e4224342ca0ab5340b1bdaad3b6eba8893e4036ba14896362,FakeSherbrooke,fake_sherbrooke,1,1024,1234,1234,2,4,6,0,127,11,17,2,0,17,,,0.7297990859988204,0.7505889829990338,session-3,1,3,raw_repetition,ok,
qpeinexact_indep_qiskit_2,qpeinexact,data/quantum_circuits/qpeinexact_indep_qiskit_2.qasm,acacd76111e7f23e4224342ca0ab5340b1bdaad3b6eba8893e4036ba14896362,FakeSherbrooke,fake_sherbrooke,1,1024,1234,1234,2,4,6,0,127,11,17,2,0,17,,,0.7464884110013372,0.7672783080015506,session-3,2,3,raw_repetition,ok,
qpeinexact_indep_qiskit_2,qpeinexact,data/quantum_circuits/qpeinexact_indep_qiskit_2.qasm,acacd76111e7f23e4224342ca0ab5340b1bdaad3b6eba8893e4036ba14896362,FakeSherbrooke,fake_sherbrooke,1,1024,1234,1234,2,4,6,0,127,11,17,2,0,17,,,0.6208559549995698,0.6416458519997832,session-3,3,3,raw_repetition,ok,
qpeinexact_indep_qiskit_2,qpeinexact,data/quantum_circuits/qpeinexact_indep_qiskit_2.qasm,acacd76111e7f23e4224342ca0ab5340b1bdaad3b6eba8893e4036ba14896362,FakeSherbrooke,fake_sherbrooke,1,1024,1234,1234,2,4,6,0,127,11,17,2,0,17,,,0.6140178399982688,0.6348077369984821,session-3,4,3,raw_repetition,ok,
qpeinexact_indep_qiskit_3,qpeinexact,data/quantum_circuits/qpeinexact_indep_qiskit_3.qasm,afa0cd93480bae81feca2afdcb909ab13c2934f76b139c27872b18658e5c1f28,FakeSherbrooke,fake_sherbrooke,1,1024,1234,1234,3,8,12,1,127,48,75,12,0,75,0.03435097399778897,0.781149591999565,0.6425586090008437,0.6769095829986327,session-3,0,3,raw_repetition,ok,
qpeinexact_indep_qiskit_3,qpeinexact,data/quantum_circuits/qpeinexact_indep_qiskit_3.qasm,afa0cd93480bae81feca2afdcb909ab13c2934f76b139c27872b18658e5c1f28,FakeSherbrooke,fake_sherbrooke,1,1024,1234,1234,3,8,12,1,127,48,75,12,0,75,,,0.7599733540009765,0.7943243279987655,session-3,1,3,raw_repetition,ok,
qpeinexact_indep_qiskit_3,qpeinexact,data/quantum_circuits/qpeinexact_indep_qiskit_3.qasm,afa0cd93480bae81feca2afdcb909ab13c2934f76b139c27872b18658e5c1f28,FakeSherbrooke,fake_sherbrooke,1,1024,1234,1234,3,8,12,1,127,48,75,12,0,75,,,0.7797020200014231,0.814052993999212,session-3,2,3,raw_repetition,ok,
qpeinexact_indep_qiskit_3,qpeinexact,data/quantum_circuits/qpeinexact_indep_qiskit_3.qasm,afa0cd93480bae81feca2afdcb909ab13c2934f76b139c27872b18658e5c1f28,FakeSherbrooke,fake_sherbrooke,1,1024,1234,1234,3,8,12,1,127,48,75,12,0,75,,,0.6353585780016147,0.6697095519994036,session-3,3,3,raw_repetition,ok,
qpeinexact_indep_qiskit_3,qpeinexact,data/quantum_circuits/qpeinexact_indep_qiskit_3.qasm,afa0cd93480bae81feca2afdcb909ab13c2934f76b139c27872b18658e5c1f28,FakeSherbrooke,fake_sherbrooke,1,1024,1234,1234,3,8,12,1,127,48,75,12,0,75,,,0.6224235120025696,0.6567744860003586,session-3,4,3,raw_repetition,ok,
qpeinexact_indep_qiskit_4,qpeinexact,data/quantum_circuits/qpeinexact_indep_qiskit_4.qasm,1d76cd981622e5ca02125654d00534f3aec623bbb2b95b7ea894049f76916577,FakeSherbrooke,fake_sherbrooke,1,1024,1234,1234,4,11,18,1,127,88,170,27,0,170,0.04410814899893012,0.7491437499993481,0.6192395649995888,0.6633477139985189,session-3,0,3,raw_repetition,ok,
qpeinexact_indep_qiskit_4,qpeinexact,data/quantum_circuits/qpeinexact_indep_qiskit_4.qasm,1d76cd981622e5ca02125654d00534f3aec623bbb2b95b7ea894049f76916577,FakeSherbrooke,fake_sherbrooke,1,1024,1234,1234,4,11,18,1,127,88,170,27,0,170,,,0.7397010169988789,0.783809165997809,session-3,1,3,raw_repetition,ok,
qpeinexact_indep_qiskit_4,qpeinexact,data/quantum_circuits/qpeinexact_indep_qiskit_4.qasm,1d76cd981622e5ca02125654d00534f3aec623bbb2b95b7ea894049f76916577,FakeSherbrooke,fake_sherbrooke,1,1024,1234,1234,4,11,18,1,127,88,170,27,0,170,,,0.6158986369991908,0.6600067859981209,session-3,2,3,raw_repetition,ok,
qpeinexact_indep_qiskit_4,qpeinexact,data/quantum_circuits/qpeinexact_indep_qiskit_4.qasm,1d76cd981622e5ca02125654d00534f3aec623bbb2b95b7ea894049f76916577,FakeSherbrooke,fake_sherbrooke,1,1024,1234,1234,4,11,18,1,127,88,170,27,0,170,,,0.7824987829990278,0.8266069319979579,session-3,3,3,raw_repetition,ok,
qpeinexact_indep_qiskit_4,qpeinexact,data/quantum_circuits/qpeinexact_indep_qiskit_4.qasm,1d76cd981622e5ca02125654d00534f3aec623bbb2b95b7ea894049f76916577,FakeSherbrooke,fake_sherbrooke,1,1024,1234,1234,4,11,18,1,127,88,170,27,0,170,,,0.6497064849972958,0.6938146339962259,session-3,4,3,raw_repetition,ok,
qpeinexact_indep_qiskit_5,qpeinexact,data/quantum_circuits/qpeinexact_indep_qiskit_5.qasm,f37f599f25c5024b4069e866a31563a6daf0b1495d17d25343f7b3cfac1169ee,FakeSherbrooke,fake_sherbrooke,1,1024,1234,1234,5,14,26,2,127,151,267,41,0,267,0.04975218099934864,0.633424808998825,0.626166778998595,0.6759189599979436,session-3,0,3,raw_repetition,ok,
qpeinexact_indep_qiskit_5,qpeinexact,data/quantum_circuits/qpeinexact_indep_qiskit_5.qasm,f37f599f25c5024b4069e866a31563a6daf0b1495d17d25343f7b3cfac1169ee,FakeSherbrooke,fake_sherbrooke,1,1024,1234,1234,5,14,26,2,127,151,267,41,0,267,,,0.7506572570018761,0.8004094380012248,session-3,1,3,raw_repetition,ok,
qpeinexact_indep_qiskit_5,qpeinexact,data/quantum_circuits/qpeinexact_indep_qiskit_5.qasm,f37f599f25c5024b4069e866a31563a6daf0b1495d17d25343f7b3cfac1169ee,FakeSherbrooke,fake_sherbrooke,1,1024,1234,1234,5,14,26,2,127,151,267,41,0,267,,,0.6260862439994526,0.6758384249988012,session-3,2,3,raw_repetition,ok,
qpeinexact_indep_qiskit_5,qpeinexact,data/quantum_circuits/qpeinexact_indep_qiskit_5.qasm,f37f599f25c5024b4069e866a31563a6daf0b1495d17d25343f7b3cfac1169ee,FakeSherbrooke,fake_sherbrooke,1,1024,1234,1234,5,14,26,2,127,151,267,41,0,267,,,0.7570698679992347,0.8068220489985833,session-3,3,3,raw_repetition,ok,
qpeinexact_indep_qiskit_5,qpeinexact,data/quantum_circuits/qpeinexact_indep_qiskit_5.qasm,f37f599f25c5024b4069e866a31563a6daf0b1495d17d25343f7b3cfac1169ee,FakeSherbrooke,fake_sherbrooke,1,1024,1234,1234,5,14,26,2,127,151,267,41,0,267,,,0.6306781579987728,0.6804303389981214,session-3,4,3,raw_repetition,ok,
qpeinexact_indep_qiskit_6,qpeinexact,data/quantum_circuits/qpeinexact_indep_qiskit_6.qasm,c658b0f6c564cc6b7d6d48105e5567caf0660181ca2dbad8b9bdbdd353962fd6,FakeSherbrooke,fake_sherbrooke,1,1024,1234,1234,6,17,34,2,127,214,398,66,0,398,0.060606199000176275,0.632131460999517,0.6606865590001689,0.7212927580003452,session-3,0,3,raw_repetition,ok,
qpeinexact_indep_qiskit_6,qpeinexact,data/quantum_circuits/qpeinexact_indep_qiskit_6.qasm,c658b0f6c564cc6b7d6d48105e5567caf0660181ca2dbad8b9bdbdd353962fd6,FakeSherbrooke,fake_sherbrooke,1,1024,1234,1234,6,17,34,2,127,214,398,66,0,398,,,0.7968285570022999,0.8574347560024762,session-3,1,3,raw_repetition,ok,
qpeinexact_indep_qiskit_6,qpeinexact,data/quantum_circuits/qpeinexact_indep_qiskit_6.qasm,c658b0f6c564cc6b7d6d48105e5567caf0660181ca2dbad8b9bdbdd353962fd6,FakeSherbrooke,fake_sherbrooke,1,1024,1234,1234,6,17,34,2,127,214,398,66,0,398,,,0.6553483390016481,0.7159545380018244,session-3,2,3,raw_repetition,ok,
qpeinexact_indep_qiskit_6,qpeinexact,data/quantum_circuits/qpeinexact_indep_qiskit_6.qasm,c658b0f6c564cc6b7d6d48105e5567caf0660181ca2dbad8b9bdbdd353962fd6,FakeSherbrooke,fake_sherbrooke,1,1024,1234,1234,6,17,34,2,127,214,398,66,0,398,,,0.7882742869987851,0.8488804859989614,session-3,3,3,raw_repetition,ok,
qpeinexact_indep_qiskit_6,qpeinexact,data/quantum_circuits/qpeinexact_indep_qiskit_6.qasm,c658b0f6c564cc6b7d6d48105e5567caf0660181ca2dbad8b9bdbdd353962fd6,FakeSherbrooke,fake_sherbrooke,1,1024,1234,1234,6,17,34,2,127,214,398,66,0,398,,,0.6586962900000799,0.7193024890002562,session-3,4,3,raw_repetition,ok,
qpeinexact_indep_qiskit_7,qpeinexact,data/quantum_circuits/qpeinexact_indep_qiskit_7.qasm,093af0605e834bf0a4f2aef0b46600d12c6b1c913e791fb13e2513048a6b1c70,FakeSherbrooke,fake_sherbrooke,1,1024,1234,1234,7,20,44,3,127,313,611,99,0,611,0.07672244599962141,0.8106362609978532,0.8351405930006877,0.9118630390003091,session-3,0,3,raw_repetition,ok,
qpeinexact_indep_qiskit_7,qpeinexact,data/quantum_circuits/qpeinexact_indep_qiskit_7.qasm,093af0605e834bf0a4f2aef0b46600d12c6b1c913e791fb13e2513048a6b1c70,FakeSherbrooke,fake_sherbrooke,1,1024,1234,1234,7,20,44,3,127,313,611,99,0,611,,,0.7059513879976294,0.7826738339972508,session-3,1,3,raw_repetition,ok,
qpeinexact_indep_qiskit_7,qpeinexact,data/quantum_circuits/qpeinexact_indep_qiskit_7.qasm,093af0605e834bf0a4f2aef0b46600d12c6b1c913e791fb13e2513048a6b1c70,FakeSherbrooke,fake_sherbrooke,1,1024,1234,1234,7,20,44,3,127,313,611,99,0,611,,,0.6774798270016618,0.7542022730012832,session-3,2,3,raw_repetition,ok,
qpeinexact_indep_qiskit_7,qpeinexact,data/quantum_circuits/qpeinexact_indep_qiskit_7.qasm,093af0605e834bf0a4f2aef0b46600d12c6b1c913e791fb13e2513048a6b1c70,FakeSherbrooke,fake_sherbrooke,1,1024,1234,1234,7,20,44,3,127,313,611,99,0,611,,,0.8123084119979467,0.8890308579975681,session-3,3,3,raw_repetition,ok,
qpeinexact_indep_qiskit_7,qpeinexact,data/quantum_circuits/qpeinexact_indep_qiskit_7.qasm,093af0605e834bf0a4f2aef0b46600d12c6b1c913e791fb13e2513048a6b1c70,FakeSherbrooke,fake_sherbrooke,1,1024,1234,1234,7,20,44,3,127,313,611,99,0,611,,,0.6873212560021784,0.7640437020017998,session-3,4,3,raw_repetition,ok,
qpeinexact_indep_qiskit_8,qpeinexact,data/quantum_circuits/qpeinexact_indep_qiskit_8.qasm,82da8e687716ed31c95e72560edb07e7f6073a5be0f5ebffb17d22aff22c81fd,FakeSherbrooke,fake_sherbrooke,1,1024,1234,1234,8,23,54,3,127,440,847,143,0,847,0.08289241500096978,0.7956594069983112,0.6715568360014004,0.7544492510023701,session-3,0,3,raw_repetition,ok,
qpeinexact_indep_qiskit_8,qpeinexact,data/quantum_circuits/qpeinexact_indep_qiskit_8.qasm,82da8e687716ed31c95e72560edb07e7f6073a5be0f5ebffb17d22aff22c81fd,FakeSherbrooke,fake_sherbrooke,1,1024,1234,1234,8,23,54,3,127,440,847,143,0,847,,,0.6688155289994029,0.7517079440003727,session-3,1,3,raw_repetition,ok,
qpeinexact_indep_qiskit_8,qpeinexact,data/quantum_circuits/qpeinexact_indep_qiskit_8.qasm,82da8e687716ed31c95e72560edb07e7f6073a5be0f5ebffb17d22aff22c81fd,FakeSherbrooke,fake_sherbrooke,1,1024,1234,1234,8,23,54,3,127,440,847,143,0,847,,,0.7924806299997726,0.8753730450007424,session-3,2,3,raw_repetition,ok,
qpeinexact_indep_qiskit_8,qpeinexact,data/quantum_circuits/qpeinexact_indep_qiskit_8.qasm,82da8e687716ed31c95e72560edb07e7f6073a5be0f5ebffb17d22aff22c81fd,FakeSherbrooke,fake_sherbrooke,1,1024,1234,1234,8,23,54,3,127,440,847,143,0,847,,,0.6638771409998299,0.7467695560007996,session-3,3,3,raw_repetition,ok,
qpeinexact_indep_qiskit_8,qpeinexact,data/quantum_circuits/qpeinexact_indep_qiskit_8.qasm,82da8e687716ed31c95e72560edb07e7f6073a5be0f5ebffb17d22aff22c81fd,FakeSherbrooke,fake_sherbrooke,1,1024,1234,1234,8,23,54,3,127,440,847,143,0,847,,,0.6584647019990371,0.7413571170000068,session-3,4,3,raw_repetition,ok,
qpeinexact_indep_qiskit_9,qpeinexact,data/quantum_circuits/qpeinexact_indep_qiskit_9.qasm,81a66b1daaf97d148a8a075515daf8702349d257883a1dd88e26993c1622351f,FakeSherbrooke,fake_sherbrooke,1,1024,1234,1234,9,26,66,4,127,539,1163,195,0,1163,0.22436919800020405,0.7820803260001412,0.8953819109992764,1.1197511089994805,session-3,0,3,raw_repetition,ok,
qpeinexact_indep_qiskit_9,qpeinexact,data/quantum_circuits/qpeinexact_indep_qiskit_9.qasm,81a66b1daaf97d148a8a075515daf8702349d257883a1dd88e26993c1622351f,FakeSherbrooke,fake_sherbrooke,1,1024,1234,1234,9,26,66,4,127,539,1163,195,0,1163,,,0.7775582659996871,1.0019274639998912,session-3,1,3,raw_repetition,ok,
qpeinexact_indep_qiskit_9,qpeinexact,data/quantum_circuits/qpeinexact_indep_qiskit_9.qasm,81a66b1daaf97d148a8a075515daf8702349d257883a1dd88e26993c1622351f,FakeSherbrooke,fake_sherbrooke,1,1024,1234,1234,9,26,66,4,127,539,1163,195,0,1163,,,0.8933319780007878,1.1177011760009918,session-3,2,3,raw_repetition,ok,
qpeinexact_indep_qiskit_9,qpeinexact,data/quantum_circuits/qpeinexact_indep_qiskit_9.qasm,81a66b1daaf97d148a8a075515daf8702349d257883a1dd88e26993c1622351f,FakeSherbrooke,fake_sherbrooke,1,1024,1234,1234,9,26,66,4,127,539,1163,195,0,1163,,,0.7684623700006341,0.9928315680008382,session-3,3,3,raw_repetition,ok,
qpeinexact_indep_qiskit_9,qpeinexact,data/quantum_circuits/qpeinexact_indep_qiskit_9.qasm,81a66b1daaf97d148a8a075515daf8702349d257883a1dd88e26993c1622351f,FakeSherbrooke,fake_sherbrooke,1,1024,1234,1234,9,26,66,4,127,539,1163,195,0,1163,,,0.8904279429989401,1.1147971409991442,session-3,4,3,raw_repetition,ok,
qwalk-noancilla_indep_qiskit_3,qwalk-noancilla,data/quantum_circuits/qwalk-noancilla_indep_qiskit_3.qasm,9110b8773ad1c544b5ec91feaaa99c96975f7577fe6966b0f0df52dab84bef92,FakeSherbrooke,fake_sherbrooke,1,1024,1234,1234,3,20,29,6,127,370,626,102,0,626,0.0729202959992108,0.7760433330004162,0.6318365539991646,0.7047568499983754,session-3,0,3,raw_repetition,ok,
qwalk-noancilla_indep_qiskit_3,qwalk-noancilla,data/quantum_circuits/qwalk-noancilla_indep_qiskit_3.qasm,9110b8773ad1c544b5ec91feaaa99c96975f7577fe6966b0f0df52dab84bef92,FakeSherbrooke,fake_sherbrooke,1,1024,1234,1234,3,20,29,6,127,370,626,102,0,626,,,0.7621904279985756,0.8351107239977864,session-3,1,3,raw_repetition,ok,
qwalk-noancilla_indep_qiskit_3,qwalk-noancilla,data/quantum_circuits/qwalk-noancilla_indep_qiskit_3.qasm,9110b8773ad1c544b5ec91feaaa99c96975f7577fe6966b0f0df52dab84bef92,FakeSherbrooke,fake_sherbrooke,1,1024,1234,1234,3,20,29,6,127,370,626,102,0,626,,,0.6319893220024824,0.7049096180016932,session-3,2,3,raw_repetition,ok,
qwalk-noancilla_indep_qiskit_3,qwalk-noancilla,data/quantum_circuits/qwalk-noancilla_indep_qiskit_3.qasm,9110b8773ad1c544b5ec91feaaa99c96975f7577fe6966b0f0df52dab84bef92,FakeSherbrooke,fake_sherbrooke,1,1024,1234,1234,3,20,29,6,127,370,626,102,0,626,,,0.6242181369998434,0.6971384329990542,session-3,3,3,raw_repetition,ok,
qwalk-noancilla_indep_qiskit_3,qwalk-noancilla,data/quantum_circuits/qwalk-noancilla_indep_qiskit_3.qasm,9110b8773ad1c544b5ec91feaaa99c96975f7577fe6966b0f0df52dab84bef92,FakeSherbrooke,fake_sherbrooke,1,1024,1234,1234,3,20,29,6,127,370,626,102,0,626,,,0.7555717819996062,0.828492077998817,session-3,4,3,raw_repetition,ok,
qwalk-noancilla_indep_qiskit_4,qwalk-noancilla,data/quantum_circuits/qwalk-noancilla_indep_qiskit_4.qasm,2df018ddcd5f44fd33cd5d80af349db5f84e36d6a5f905ef4611e5e5cc0d03f4,FakeSherbrooke,fake_sherbrooke,1,1024,1234,1234,4,170,195,90,127,1330,2289,429,0,2289,0.17043881399877137,0.8250633429997833,0.6908432300006098,0.8612820439993811,session-3,0,3,raw_repetition,ok,
qwalk-noancilla_indep_qiskit_4,qwalk-noancilla,data/quantum_circuits/qwalk-noancilla_indep_qiskit_4.qasm,2df018ddcd5f44fd33cd5d80af349db5f84e36d6a5f905ef4611e5e5cc0d03f4,FakeSherbrooke,fake_sherbrooke,1,1024,1234,1234,4,170,195,90,127,1330,2289,429,0,2289,,,0.6810126529999252,0.8514514669986966,session-3,1,3,raw_repetition,ok,
qwalk-noancilla_indep_qiskit_4,qwalk-noancilla,data/quantum_circuits/qwalk-noancilla_indep_qiskit_4.qasm,2df018ddcd5f44fd33cd5d80af349db5f84e36d6a5f905ef4611e5e5cc0d03f4,FakeSherbrooke,fake_sherbrooke,1,1024,1234,1234,4,170,195,90,127,1330,2289,429,0,2289,,,0.8014994449986261,0.9719382589973975,session-3,2,3,raw_repetition,ok,
qwalk-noancilla_indep_qiskit_4,qwalk-noancilla,data/quantum_circuits/qwalk-noancilla_indep_qiskit_4.qasm,2df018ddcd5f44fd33cd5d80af349db5f84e36d6a5f905ef4611e5e5cc0d03f4,FakeSherbrooke,fake_sherbrooke,1,1024,1234,1234,4,170,195,90,127,1330,2289,429,0,2289,,,0.6713548389998323,0.8417936529986036,session-3,3,3,raw_repetition,ok,
qwalk-noancilla_indep_qiskit_4,qwalk-noancilla,data/quantum_circuits/qwalk-noancilla_indep_qiskit_4.qasm,2df018ddcd5f44fd33cd5d80af349db5f84e36d6a5f905ef4611e5e5cc0d03f4,FakeSherbrooke,fake_sherbrooke,1,1024,1234,1234,4,170,195,90,127,1330,2289,429,0,2289,,,0.6559195030022238,0.8263583170009952,session-3,4,3,raw_repetition,ok,
qwalk-noancilla_indep_qiskit_5,qwalk-noancilla,data/quantum_circuits/qwalk-noancilla_indep_qiskit_5.qasm,7e02b8d5bbea94c5e0eabb2edd6a74e15949ae6b737fabb55e66a61d47181912,FakeSherbrooke,fake_sherbrooke,1,1024,1234,1234,5,404,459,198,127,2391,4082,717,0,4082,0.41643839700191165,0.7221180950000416,0.8368745879997732,1.2533129850016849,session-3,0,3,raw_repetition,ok,
qwalk-noancilla_indep_qiskit_5,qwalk-noancilla,data/quantum_circuits/qwalk-noancilla_indep_qiskit_5.qasm,7e02b8d5bbea94c5e0eabb2edd6a74e15949ae6b737fabb55e66a61d47181912,FakeSherbrooke,fake_sherbrooke,1,1024,1234,1234,5,404,459,198,127,2391,4082,717,0,4082,,,0.7134318389980763,1.129870235999988,session-3,1,3,raw_repetition,ok,
qwalk-noancilla_indep_qiskit_5,qwalk-noancilla,data/quantum_circuits/qwalk-noancilla_indep_qiskit_5.qasm,7e02b8d5bbea94c5e0eabb2edd6a74e15949ae6b737fabb55e66a61d47181912,FakeSherbrooke,fake_sherbrooke,1,1024,1234,1234,5,404,459,198,127,2391,4082,717,0,4082,,,0.8610757349997584,1.27751413200167,session-3,2,3,raw_repetition,ok,
qwalk-noancilla_indep_qiskit_5,qwalk-noancilla,data/quantum_circuits/qwalk-noancilla_indep_qiskit_5.qasm,7e02b8d5bbea94c5e0eabb2edd6a74e15949ae6b737fabb55e66a61d47181912,FakeSherbrooke,fake_sherbrooke,1,1024,1234,1234,5,404,459,198,127,2391,4082,717,0,4082,,,0.716443066001375,1.1328814630032866,session-3,3,3,raw_repetition,ok,
qwalk-noancilla_indep_qiskit_5,qwalk-noancilla,data/quantum_circuits/qwalk-noancilla_indep_qiskit_5.qasm,7e02b8d5bbea94c5e0eabb2edd6a74e15949ae6b737fabb55e66a61d47181912,FakeSherbrooke,fake_sherbrooke,1,1024,1234,1234,5,404,459,198,127,2391,4082,717,0,4082,,,0.7199273830010497,1.1363657800029614,session-3,4,3,raw_repetition,ok,
qwalk-noancilla_indep_qiskit_6,qwalk-noancilla,data/quantum_circuits/qwalk-noancilla_indep_qiskit_6.qasm,97bdbd3569346cfa4a289ced5de0f3280a495266d423a3af48650bf01484b9be,FakeSherbrooke,fake_sherbrooke,1,1024,1234,1234,6,764,838,378,127,5412,10076,1752,0,10076,0.7803042060004373,0.9919540500013682,1.129935047996696,1.9102392539971333,session-3,0,3,raw_repetition,ok,
qwalk-noancilla_indep_qiskit_6,qwalk-noancilla,data/quantum_circuits/qwalk-noancilla_indep_qiskit_6.qasm,97bdbd3569346cfa4a289ced5de0f3280a495266d423a3af48650bf01484b9be,FakeSherbrooke,fake_sherbrooke,1,1024,1234,1234,6,764,838,378,127,5412,10076,1752,0,10076,,,0.9962540709966561,1.7765582769970933,session-3,1,3,raw_repetition,ok,
qwalk-noancilla_indep_qiskit_6,qwalk-noancilla,data/quantum_circuits/qwalk-noancilla_indep_qiskit_6.qasm,97bdbd3569346cfa4a289ced5de0f3280a495266d423a3af48650bf01484b9be,FakeSherbrooke,fake_sherbrooke,1,1024,1234,1234,6,764,838,378,127,5412,10076,1752,0,10076,,,0.9872483409999404,1.7675525470003777,session-3,2,3,raw_repetition,ok,
qwalk-noancilla_indep_qiskit_6,qwalk-noancilla,data/quantum_circuits/qwalk-noancilla_indep_qiskit_6.qasm,97bdbd3569346cfa4a289ced5de0f3280a495266d423a3af48650bf01484b9be,FakeSherbrooke,fake_sherbrooke,1,1024,1234,1234,6,764,838,378,127,5412,10076,1752,0,10076,,,1.1371963979981956,1.9175006039986329,session-3,3,3,raw_repetition,ok,
qwalk-noancilla_indep_qiskit_6,qwalk-noancilla,data/quantum_circuits/qwalk-noancilla_indep_qiskit_6.qasm,97bdbd3569346cfa4a289ced5de0f3280a495266d423a3af48650bf01484b9be,FakeSherbrooke,fake_sherbrooke,1,1024,1234,1234,6,764,838,378,127,5412,10076,1752,0,10076,,,1.015744493000966,1.7960486990014033,session-3,4,3,raw_repetition,ok,
qwalk-noancilla_indep_qiskit_7,qwalk-noancilla,data/quantum_circuits/qwalk-noancilla_indep_qiskit_7.qasm,73abe6179f1e84e36777e1d953028143ee3ff00662ddb793d55022d9344b4940,FakeSherbrooke,fake_sherbrooke,1,1024,1234,1234,7,1508,1601,750,127,11882,23316,4074,0,23316,1.5733913690019108,3.158054395000363,3.000585449000937,4.573976818002848,session-3,0,3,raw_repetition,ok,
qwalk-noancilla_indep_qiskit_7,qwalk-noancilla,data/quantum_circuits/qwalk-noancilla_indep_qiskit_7.qasm,73abe6179f1e84e36777e1d953028143ee3ff00662ddb793d55022d9344b4940,FakeSherbrooke,fake_sherbrooke,1,1024,1234,1234,7,1508,1601,750,127,11882,23316,4074,0,23316,,,2.99803903800057,4.571430407002481,session-3,1,3,raw_repetition,ok,
qwalk-noancilla_indep_qiskit_7,qwalk-noancilla,data/quantum_circuits/qwalk-noancilla_indep_qiskit_7.qasm,73abe6179f1e84e36777e1d953028143ee3ff00662ddb793d55022d9344b4940,FakeSherbrooke,fake_sherbrooke,1,1024,1234,1234,7,1508,1601,750,127,11882,23316,4074,0,23316,,,2.998404195997864,4.571795564999775,session-3,2,3,raw_repetition,ok,
qwalk-noancilla_indep_qiskit_7,qwalk-noancilla,data/quantum_circuits/qwalk-noancilla_indep_qiskit_7.qasm,73abe6179f1e84e36777e1d953028143ee3ff00662ddb793d55022d9344b4940,FakeSherbrooke,fake_sherbrooke,1,1024,1234,1234,7,1508,1601,750,127,11882,23316,4074,0,23316,,,3.1954101650007942,4.768801534002705,session-3,3,3,raw_repetition,ok,
qwalk-noancilla_indep_qiskit_7,qwalk-noancilla,data/quantum_circuits/qwalk-noancilla_indep_qiskit_7.qasm,73abe6179f1e84e36777e1d953028143ee3ff00662ddb793d55022d9344b4940,FakeSherbrooke,fake_sherbrooke,1,1024,1234,1234,7,1508,1601,750,127,11882,23316,4074,0,23316,,,2.99503904499943,4.568430414001341,session-3,4,3,raw_repetition,ok,
qwalk-noancilla_indep_qiskit_8,qwalk-noancilla,data/quantum_circuits/qwalk-noancilla_indep_qiskit_8.qasm,b23a0318d268fcffc78b4f6ce920c98f33487ec34a71cf7b6225b9b6eb93f1bb,FakeSherbrooke,fake_sherbrooke,1,1024,1234,1234,8,3020,3132,1506,127,25390,52883,9063,0,52883,3.5898088270005246,3.6547488899996097,3.695877312999073,7.285686139999598,session-3,0,3,raw_repetition,ok,
qwalk-noancilla_indep_qiskit_8,qwalk-noancilla,data/quantum_circuits/qwalk-noancilla_indep_qiskit_8.qasm,b23a0318d268fcffc78b4f6ce920c98f33487ec34a71cf7b6225b9b6eb93f1bb,FakeSherbrooke,fake_sherbrooke,1,1024,1234,1234,8,3020,3132,1506,127,25390,52883,9063,0,52883,,,3.6493329929980973,7.239141819998622,session-3,1,3,raw_repetition,ok,
qwalk-noancilla_indep_qiskit_8,qwalk-noancilla,data/quantum_circuits/qwalk-noancilla_indep_qiskit_8.qasm,b23a0318d268fcffc78b4f6ce920c98f33487ec34a71cf7b6225b9b6eb93f1bb,FakeSherbrooke,fake_sherbrooke,1,1024,1234,1234,8,3020,3132,1506,127,25390,52883,9063,0,52883,,,3.6407907649991103,7.230599591999635,session-3,2,3,raw_repetition,ok,
qwalk-noancilla_indep_qiskit_8,qwalk-noancilla,data/quantum_circuits/qwalk-noancilla_indep_qiskit_8.qasm,b23a0318d268fcffc78b4f6ce920c98f33487ec34a71cf7b6225b9b6eb93f1bb,FakeSherbrooke,fake_sherbrooke,1,1024,1234,1234,8,3020,3132,1506,127,25390,52883,9063,0,52883,,,3.504549383000267,7.094358210000792,session-3,3,3,raw_repetition,ok,
qwalk-noancilla_indep_qiskit_8,qwalk-noancilla,data/quantum_circuits/qwalk-noancilla_indep_qiskit_8.qasm,b23a0318d268fcffc78b4f6ce920c98f33487ec34a71cf7b6225b9b6eb93f1bb,FakeSherbrooke,fake_sherbrooke,1,1024,1234,1234,8,3020,3132,1506,127,25390,52883,9063,0,52883,,,3.829519512000843,7.419328339001368,session-3,4,3,raw_repetition,ok,
qwalk-noancilla_indep_qiskit_9,qwalk-noancilla,data/quantum_circuits/qwalk-noancilla_indep_qiskit_9.qasm,e8037a4f622df36c65c0e756e11a6c6e3b8b40fbabaffb6cd59ff1cc79f49063,FakeSherbrooke,fake_sherbrooke,1,1024,1234,1234,9,6068,6199,3030,127,54330,106652,18321,0,106652,7.170618803000252,18.475645612001244,18.407788652999443,25.578407455999695,session-3,0,3,raw_repetition,ok,
qwalk-noancilla_indep_qiskit_9,qwalk-noancilla,data/quantum_circuits/qwalk-noancilla_indep_qiskit_9.qasm,e8037a4f622df36c65c0e756e11a6c6e3b8b40fbabaffb6cd59ff1cc79f49063,FakeSherbrooke,fake_sherbrooke,1,1024,1234,1234,9,6068,6199,3030,127,54330,106652,18321,0,106652,,,18.442121244999726,25.612740047999978,session-3,1,3,raw_repetition,ok,
qwalk-noancilla_indep_qiskit_9,qwalk-noancilla,data/quantum_circuits/qwalk-noancilla_indep_qiskit_9.qasm,e8037a4f622df36c65c0e756e11a6c6e3b8b40fbabaffb6cd59ff1cc79f49063,FakeSherbrooke,fake_sherbrooke,1,1024,1234,1234,9,6068,6199,3030,127,54330,106652,18321,0,106652,,,18.409664024999074,25.580282827999326,session-3,2,3,raw_repetition,ok,
qwalk-noancilla_indep_qiskit_9,qwalk-noancilla,data/quantum_circuits/qwalk-noancilla_indep_qiskit_9.qasm,e8037a4f622df36c65c0e756e11a6c6e3b8b40fbabaffb6cd59ff1cc79f49063,FakeSherbrooke,fake_sherbrooke,1,1024,1234,1234,9,6068,6199,3030,127,54330,106652,18321,0,106652,,,18.202016252998874,25.372635055999126,session-3,3,3,raw_repetition,ok,
qwalk-noancilla_indep_qiskit_9,qwalk-noancilla,data/quantum_circuits/qwalk-noancilla_indep_qiskit_9.qasm,e8037a4f622df36c65c0e756e11a6c6e3b8b40fbabaffb6cd59ff1cc79f49063,FakeSherbrooke,fake_sherbrooke,1,1024,1234,1234,9,6068,6199,3030,127,54330,106652,18321,0,106652,,,18.449165591002384,25.619784394002636,session-3,4,3,raw_repetition,ok,
qwalk-v-chain_indep_qiskit_3,qwalk-v-chain,data/quantum_circuits/qwalk-v-chain_indep_qiskit_3.qasm,9110b8773ad1c544b5ec91feaaa99c96975f7577fe6966b0f0df52dab84bef92,FakeSherbrooke,fake_sherbrooke,1,1024,1234,1234,3,20,29,6,127,370,626,102,0,626,0.06791833100214717,0.7573428169998806,0.6205536499983282,0.6884719810004754,session-3,0,3,raw_repetition,ok,
qwalk-v-chain_indep_qiskit_3,qwalk-v-chain,data/quantum_circuits/qwalk-v-chain_indep_qiskit_3.qasm,9110b8773ad1c544b5ec91feaaa99c96975f7577fe6966b0f0df52dab84bef92,FakeSherbrooke,fake_sherbrooke,1,1024,1234,1234,3,20,29,6,127,370,626,102,0,626,,,0.7808981560010579,0.8488164870032051,session-3,1,3,raw_repetition,ok,
qwalk-v-chain_indep_qiskit_3,qwalk-v-chain,data/quantum_circuits/qwalk-v-chain_indep_qiskit_3.qasm,9110b8773ad1c544b5ec91feaaa99c96975f7577fe6966b0f0df52dab84bef92,FakeSherbrooke,fake_sherbrooke,1,1024,1234,1234,3,20,29,6,127,370,626,102,0,626,,,0.6424531910015503,0.7103715220036975,session-3,2,3,raw_repetition,ok,
qwalk-v-chain_indep_qiskit_3,qwalk-v-chain,data/quantum_circuits/qwalk-v-chain_indep_qiskit_3.qasm,9110b8773ad1c544b5ec91feaaa99c96975f7577fe6966b0f0df52dab84bef92,FakeSherbrooke,fake_sherbrooke,1,1024,1234,1234,3,20,29,6,127,370,626,102,0,626,,,0.7763575040007709,0.844275835002918,session-3,3,3,raw_repetition,ok,
qwalk-v-chain_indep_qiskit_3,qwalk-v-chain,data/quantum_circuits/qwalk-v-chain_indep_qiskit_3.qasm,9110b8773ad1c544b5ec91feaaa99c96975f7577fe6966b0f0df52dab84bef92,FakeSherbrooke,fake_sherbrooke,1,1024,1234,1234,3,20,29,6,127,370,626,102,0,626,,,0.630576524999924,0.6984948560020712,session-3,4,3,raw_repetition,ok,
qwalk-v-chain_indep_qiskit_5,qwalk-v-chain,data/quantum_circuits/qwalk-v-chain_indep_qiskit_5.qasm,72fb5f837aaa2bec862c3a477efd166f351b72903612c32d444704a431457f4d,FakeSherbrooke,fake_sherbrooke,1,1024,1234,1234,5,38,55,6,127,920,1686,309,0,1686,0.15305192000232637,0.7877380190002441,0.800850771000114,0.9539026910024404,session-3,0,3,raw_repetition,ok,
qwalk-v-chain_indep_qiskit_5,qwalk-v-chain,data/quantum_circuits/qwalk-v-chain_indep_qiskit_5.qasm,72fb5f837aaa2bec862c3a477efd166f351b72903612c32d444704a431457f4d,FakeSherbrooke,fake_sherbrooke,1,1024,1234,1234,5,38,55,6,127,920,1686,309,0,1686,,,0.6689597360018524,0.8220116560041788,session-3,1,3,raw_repetition,ok,
qwalk-v-chain_indep_qiskit_5,qwalk-v-chain,data/quantum_circuits/qwalk-v-chain_indep_qiskit_5.qasm,72fb5f837aaa2bec862c3a477efd166f351b72903612c32d444704a431457f4d,FakeSherbrooke,fake_sherbrooke,1,1024,1234,1234,5,38,55,6,127,920,1686,309,0,1686,,,0.7749285030004103,0.9279804230027366,session-3,2,3,raw_repetition,ok,
qwalk-v-chain_indep_qiskit_5,qwalk-v-chain,data/quantum_circuits/qwalk-v-chain_indep_qiskit_5.qasm,72fb5f837aaa2bec862c3a477efd166f351b72903612c32d444704a431457f4d,FakeSherbrooke,fake_sherbrooke,1,1024,1234,1234,5,38,55,6,127,920,1686,309,0,1686,,,0.6508195549977245,0.8038714750000509,session-3,3,3,raw_repetition,ok,
qwalk-v-chain_indep_qiskit_5,qwalk-v-chain,data/quantum_circuits/qwalk-v-chain_indep_qiskit_5.qasm,72fb5f837aaa2bec862c3a477efd166f351b72903612c32d444704a431457f4d,FakeSherbrooke,fake_sherbrooke,1,1024,1234,1234,5,38,55,6,127,920,1686,309,0,1686,,,0.7767970040004002,0.9298489240027266,session-3,4,3,raw_repetition,ok,
qwalk-v-chain_indep_qiskit_7,qwalk-v-chain,data/quantum_circuits/qwalk-v-chain_indep_qiskit_7.qasm,3d8107599f669ba102c734a8796433a6a348197dd98a74c63f172d7790b5c9a2,FakeSherbrooke,fake_sherbrooke,1,1024,1234,1234,7,68,93,6,127,1906,3455,612,0,3455,0.2704699839996465,1.1025820149989158,1.0068966779981565,1.277366661997803,session-3,0,3,raw_repetition,ok,
qwalk-v-chain_indep_qiskit_7,qwalk-v-chain,data/quantum_circuits/qwalk-v-chain_indep_qiskit_7.qasm,3d8107599f669ba102c734a8796433a6a348197dd98a74c63f172d7790b5c9a2,FakeSherbrooke,fake_sherbrooke,1,1024,1234,1234,7,68,93,6,127,1906,3455,612,0,3455,,,0.9833644589998585,1.253834442999505,session-3,1,3,raw_repetition,ok,
qwalk-v-chain_indep_qiskit_7,qwalk-v-chain,data/quantum_circuits/qwalk-v-chain_indep_qiskit_7.qasm,3d8107599f669ba102c734a8796433a6a348197dd98a74c63f172d7790b5c9a2,FakeSherbrooke,fake_sherbrooke,1,1024,1234,1234,7,68,93,6,127,1906,3455,612,0,3455,,,1.1063140929982183,1.3767840769978648,session-3,2,3,raw_repetition,ok,
qwalk-v-chain_indep_qiskit_7,qwalk-v-chain,data/quantum_circuits/qwalk-v-chain_indep_qiskit_7.qasm,3d8107599f669ba102c734a8796433a6a348197dd98a74c63f172d7790b5c9a2,FakeSherbrooke,fake_sherbrooke,1,1024,1234,1234,7,68,93,6,127,1906,3455,612,0,3455,,,0.9840926890028641,1.2545626730025106,session-3,3,3,raw_repetition,ok,
qwalk-v-chain_indep_qiskit_7,qwalk-v-chain,data/quantum_circuits/qwalk-v-chain_indep_qiskit_7.qasm,3d8107599f669ba102c734a8796433a6a348197dd98a74c63f172d7790b5c9a2,FakeSherbrooke,fake_sherbrooke,1,1024,1234,1234,7,68,93,6,127,1906,3455,612,0,3455,,,0.9780327469998156,1.248502730999462,session-3,4,3,raw_repetition,ok,
qwalk-v-chain_indep_qiskit_9,qwalk-v-chain,data/quantum_circuits/qwalk-v-chain_indep_qiskit_9.qasm,8650fb4f2d0816cd59c97df1ed4051936ecb3b5c31d39ba97cdc5cd2af374a8a,FakeSherbrooke,fake_sherbrooke,1,1024,1234,1234,9,110,143,6,127,2869,5754,1035,0,5754,0.4306629899983818,1.906671335997089,1.9158543580015248,2.3465173479999066,session-3,0,3,raw_repetition,ok,
qwalk-v-chain_indep_qiskit_9,qwalk-v-chain,data/quantum_circuits/qwalk-v-chain_indep_qiskit_9.qasm,8650fb4f2d0816cd59c97df1ed4051936ecb3b5c31d39ba97cdc5cd2af374a8a,FakeSherbrooke,fake_sherbrooke,1,1024,1234,1234,9,110,143,6,127,2869,5754,1035,0,5754,,,1.7853677880011674,2.216030777999549,session-3,1,3,raw_repetition,ok,
qwalk-v-chain_indep_qiskit_9,qwalk-v-chain,data/quantum_circuits/qwalk-v-chain_indep_qiskit_9.qasm,8650fb4f2d0816cd59c97df1ed4051936ecb3b5c31d39ba97cdc5cd2af374a8a,FakeSherbrooke,fake_sherbrooke,1,1024,1234,1234,9,110,143,6,127,2869,5754,1035,0,5754,,,1.8915170829968702,2.322180072995252,session-3,2,3,raw_repetition,ok,
qwalk-v-chain_indep_qiskit_9,qwalk-v-chain,data/quantum_circuits/qwalk-v-chain_indep_qiskit_9.qasm,8650fb4f2d0816cd59c97df1ed4051936ecb3b5c31d39ba97cdc5cd2af374a8a,FakeSherbrooke,fake_sherbrooke,1,1024,1234,1234,9,110,143,6,127,2869,5754,1035,0,5754,,,1.7674628640015726,2.1981258539999544,session-3,3,3,raw_repetition,ok,
qwalk-v-chain_indep_qiskit_9,qwalk-v-chain,data/quantum_circuits/qwalk-v-chain_indep_qiskit_9.qasm,8650fb4f2d0816cd59c97df1ed4051936ecb3b5c31d39ba97cdc5cd2af374a8a,FakeSherbrooke,fake_sherbrooke,1,1024,1234,1234,9,110,143,6,127,2869,5754,1035,0,5754,,,1.902558172998397,2.3332211629967787,session-3,4,3,raw_repetition,ok,
random_indep_qiskit_2,random,data/quantum_circuits/random_indep_qiskit_2.qasm,433844fca892218b1218ca028aafb0eddf1929d5ca52fdea53b3cb324e4055bd,FakeSherbrooke,fake_sherbrooke,1,1024,1234,1234,2,12,19,5,127,31,44,6,0,44,0.022871678997034905,0.6174850870011142,0.6393736979989626,0.6622453769959975,session-3,0,3,raw_repetition,ok,
random_indep_qiskit_2,random,data/quantum_circuits/random_indep_qiskit_2.qasm,433844fca892218b1218ca028aafb0eddf1929d5ca52fdea53b3cb324e4055bd,FakeSherbrooke,fake_sherbrooke,1,1024,1234,1234,2,12,19,5,127,31,44,6,0,44,,,0.7721542949984723,0.7950259739955072,session-3,1,3,raw_repetition,ok,
random_indep_qiskit_2,random,data/quantum_circuits/random_indep_qiskit_2.qasm,433844fca892218b1218ca028aafb0eddf1929d5ca52fdea53b3cb324e4055bd,FakeSherbrooke,fake_sherbrooke,1,1024,1234,1234,2,12,19,5,127,31,44,6,0,44,,,0.6429152429991518,0.6657869219961867,session-3,2,3,raw_repetition,ok,
random_indep_qiskit_2,random,data/quantum_circuits/random_indep_qiskit_2.qasm,433844fca892218b1218ca028aafb0eddf1929d5ca52fdea53b3cb324e4055bd,FakeSherbrooke,fake_sherbrooke,1,1024,1234,1234,2,12,19,5,127,31,44,6,0,44,,,0.7715519960001984,0.7944236749972333,session-3,3,3,raw_repetition,ok,
random_indep_qiskit_2,random,data/quantum_circuits/random_indep_qiskit_2.qasm,433844fca892218b1218ca028aafb0eddf1929d5ca52fdea53b3cb324e4055bd,FakeSherbrooke,fake_sherbrooke,1,1024,1234,1234,2,12,19,5,127,31,44,6,0,44,,,0.6300772070026142,0.6529488859996491,session-3,4,3,raw_repetition,ok,
random_indep_qiskit_3,random,data/quantum_circuits/random_indep_qiskit_3.qasm,d7ecd343052e510bdf5fa0f67f2fdbc3ee5ddccd19f39548c2853114a94dece2,FakeSherbrooke,fake_sherbrooke,1,1024,1234,1234,3,11,20,4,127,103,172,27,0,172,0.05323394299921347,0.6260596100000839,0.6248333930016088,0.6780673360008223,session-3,0,3,raw_repetition,ok,
random_indep_qiskit_3,random,data/quantum_circuits/random_indep_qiskit_3.qasm,d7ecd343052e510bdf5fa0f67f2fdbc3ee5ddccd19f39548c2853114a94dece2,FakeSherbrooke,fake_sherbrooke,1,1024,1234,1234,3,11,20,4,127,103,172,27,0,172,,,0.7758876190018782,0.8291215620010917,session-3,1,3,raw_repetition,ok,
random_indep_qiskit_3,random,data/quantum_circuits/random_indep_qiskit_3.qasm,d7ecd343052e510bdf5fa0f67f2fdbc3ee5ddccd19f39548c2853114a94dece2,FakeSherbrooke,fake_sherbrooke,1,1024,1234,1234,3,11,20,4,127,103,172,27,0,172,,,0.6241465220009559,0.6773804650001694,session-3,2,3,raw_repetition,ok,
random_indep_qiskit_3,random,data/quantum_circuits/random_indep_qiskit_3.qasm,d7ecd343052e510bdf5fa0f67f2fdbc3ee5ddccd19f39548c2853114a94dece2,FakeSherbrooke,fake_sherbrooke,1,1024,1234,1234,3,11,20,4,127,103,172,27,0,172,,,0.7681541659985669,0.8213881089977804,session-3,3,3,raw_repetition,ok,
random_indep_qiskit_3,random,data/quantum_circuits/random_indep_qiskit_3.qasm,d7ecd343052e510bdf5fa0f67f2fdbc3ee5ddccd19f39548c2853114a94dece2,FakeSherbrooke,fake_sherbrooke,1,1024,1234,1234,3,11,20,4,127,103,172,27,0,172,,,0.6280151889986882,0.6812491319979017,session-3,4,3,raw_repetition,ok,
random_indep_qiskit_4,random,data/quantum_circuits/random_indep_qiskit_4.qasm,212e0f8a693a745c9fc792b876e7be6ddb0ba051c1b0f558e0819e1437a8a2fb,FakeSherbrooke,fake_sherbrooke,1,1024,1234,1234,4,28,51,13,127,134,260,38,0,260,0.06322148099934566,0.623825108003075,0.7450750770003651,0.8082965579997108,session-3,0,3,raw_repetition,ok,
random_indep_qiskit_4,random,data/quantum_circuits/random_indep_qiskit_4.qasm,212e0f8a693a745c9fc792b876e7be6ddb0ba051c1b0f558e0819e1437a8a2fb,FakeSherbrooke,fake_sherbrooke,1,1024,1234,1234,4,28,51,13,127,134,260,38,0,260,,,0.7509279379992222,0.8141494189985679,session-3,1,3,raw_repetition,ok,
random_indep_qiskit_4,random,data/quantum_circuits/random_indep_qiskit_4.qasm,212e0f8a693a745c9fc792b876e7be6ddb0ba051c1b0f558e0819e1437a8a2fb,FakeSherbrooke,fake_sherbrooke,1,1024,1234,1234,4,28,51,13,127,134,260,38,0,260,,,0.6310350899984769,0.6942565709978226,session-3,2,3,raw_repetition,ok,
random_indep_qiskit_4,random,data/quantum_circuits/random_indep_qiskit_4.qasm,212e0f8a693a745c9fc792b876e7be6ddb0ba051c1b0f558e0819e1437a8a2fb,FakeSherbrooke,fake_sherbrooke,1,1024,1234,1234,4,28,51,13,127,134,260,38,0,260,,,0.6251590749998286,0.6883805559991742,session-3,3,3,raw_repetition,ok,
random_indep_qiskit_4,random,data/quantum_circuits/random_indep_qiskit_4.qasm,212e0f8a693a745c9fc792b876e7be6ddb0ba051c1b0f558e0819e1437a8a2fb,FakeSherbrooke,fake_sherbrooke,1,1024,1234,1234,4,28,51,13,127,134,260,38,0,260,,,0.7473403969997889,0.8105618779991346,session-3,4,3,raw_repetition,ok,
random_indep_qiskit_5,random,data/quantum_circuits/random_indep_qiskit_5.qasm,8f11cd416ae9672f06a39e5ee3a27a70bcbf31d7177cb47270c0cd8512c95381,FakeSherbrooke,fake_sherbrooke,1,1024,1234,1234,5,25,60,14,127,118,343,52,0,343,0.07677040400085389,0.6254789440026798,0.7405668729988975,0.8173372769997513,session-3,0,3,raw_repetition,ok,
random_indep_qiskit_5,random,data/quantum_circuits/random_indep_qiskit_5.qasm,8f11cd416ae9672f06a39e5ee3a27a70bcbf31d7177cb47270c0cd8512c95381,FakeSherbrooke,fake_sherbrooke,1,1024,1234,1234,5,25,60,14,127,118,343,52,0,343,,,0.6159307549969526,0.6927011589978065,session-3,1,3,raw_repetition,ok,
random_indep_qiskit_5,random,data/quantum_circuits/random_indep_qiskit_5.qasm,8f11cd416ae9672f06a39e5ee3a27a70bcbf31d7177cb47270c0cd8512c95381,FakeSherbrooke,fake_sherbrooke,1,1024,1234,1234,5,25,60,14,127,118,343,52,0,343,,,0.7422625489998609,0.8190329530007148,session-3,2,3,raw_repetition,ok,
random_indep_qiskit_5,random,data/quantum_circuits/random_indep_qiskit_5.qasm,8f11cd416ae9672f06a39e5ee3a27a70bcbf31d7177cb47270c0cd8512c95381,FakeSherbrooke,fake_sherbrooke,1,1024,1234,1234,5,25,60,14,127,118,343,52,0,343,,,0.6219709079996392,0.698741312000493,session-3,3,3,raw_repetition,ok,
random_indep_qiskit_5,random,data/quantum_circuits/random_indep_qiskit_5.qasm,8f11cd416ae9672f06a39e5ee3a27a70bcbf31d7177cb47270c0cd8512c95381,FakeSherbrooke,fake_sherbrooke,1,1024,1234,1234,5,25,60,14,127,118,343,52,0,343,,,0.7458715279972239,0.8226419319980778,session-3,4,3,raw_repetition,ok,
random_indep_qiskit_6,random,data/quantum_circuits/random_indep_qiskit_6.qasm,4d5b55eb4b8a0aea0af4bde721618cbe79ed66e0636398ffddc79ace483672a6,FakeSherbrooke,fake_sherbrooke,1,1024,1234,1234,6,34,79,20,127,273,546,85,0,546,0.10021187399979681,0.6333359420023044,0.7860852830017393,0.8862971570015361,session-3,0,3,raw_repetition,ok,
random_indep_qiskit_6,random,data/quantum_circuits/random_indep_qiskit_6.qasm,4d5b55eb4b8a0aea0af4bde721618cbe79ed66e0636398ffddc79ace483672a6,FakeSherbrooke,fake_sherbrooke,1,1024,1234,1234,6,34,79,20,127,273,546,85,0,546,,,0.6602389680010674,0.7604508420008642,session-3,1,3,raw_repetition,ok,
random_indep_qiskit_6,random,data/quantum_circuits/random_indep_qiskit_6.qasm,4d5b55eb4b8a0aea0af4bde721618cbe79ed66e0636398ffddc79ace483672a6,FakeSherbrooke,fake_sherbrooke,1,1024,1234,1234,6,34,79,20,127,273,546,85,0,546,,,0.657307822999428,0.7575196969992248,session-3,2,3,raw_repetition,ok,
random_indep_qiskit_6,random,data/quantum_circuits/random_indep_qiskit_6.qasm,4d5b55eb4b8a0aea0af4bde721618cbe79ed66e0636398ffddc79ace483672a6,FakeSherbrooke,fake_sherbrooke,1,1024,1234,1234,6,34,79,20,127,273,546,85,0,546,,,0.8027948540002399,0.9030067280000367,session-3,3,3,raw_repetition,ok,
random_indep_qiskit_6,random,data/quantum_circuits/random_indep_qiskit_6.qasm,4d5b55eb4b8a0aea0af4bde721618cbe79ed66e0636398ffddc79ace483672a6,FakeSherbrooke,fake_sherbrooke,1,1024,1234,1234,6,34,79,20,127,273,546,85,0,546,,,0.6700238279991027,0.7702357019988995,session-3,4,3,raw_repetition,ok,
random_indep_qiskit_7,random,data/quantum_circuits/random_indep_qiskit_7.qasm,8ffee9c3a3af1aeaa766f38df57fcb62de5efa16d7f328d60a8977cb0da39e22,FakeSherbrooke,fake_sherbrooke,1,1024,1234,1234,7,41,117,30,127,378,891,144,0,891,0.12138053300077445,0.8677868779996061,0.730834350000805,0.8522148830015794,session-3,0,3,raw_repetition,ok,
random_indep_qiskit_7,random,data/quantum_circuits/random_indep_qiskit_7.qasm,8ffee9c3a3af1aeaa766f38df57fcb62de5efa16d7f328d60a8977cb0da39e22,FakeSherbrooke,fake_sherbrooke,1,1024,1234,1234,7,41,117,30,127,378,891,144,0,891,,,0.7059553340004641,0.8273358670012385,session-3,1,3,raw_repetition,ok,
random_indep_qiskit_7,random,data/quantum_circuits/random_indep_qiskit_7.qasm,8ffee9c3a3af1aeaa766f38df57fcb62de5efa16d7f328d60a8977cb0da39e22,FakeSherbrooke,fake_sherbrooke,1,1024,1234,1234,7,41,117,30,127,378,891,144,0,891,,,0.8301215389983554,0.9515020719991298,session-3,2,3,raw_repetition,ok,
random_indep_qiskit_7,random,data/quantum_circuits/random_indep_qiskit_7.qasm,8ffee9c3a3af1aeaa766f38df57fcb62de5efa16d7f328d60a8977cb0da39e22,FakeSherbrooke,fake_sherbrooke,1,1024,1234,1234,7,41,117,30,127,378,891,144,0,891,,,0.711980054002197,0.8333605870029714,session-3,3,3,raw_repetition,ok,
random_indep_qiskit_7,random,data/quantum_circuits/random_indep_qiskit_7.qasm,8ffee9c3a3af1aeaa766f38df57fcb62de5efa16d7f328d60a8977cb0da39e22,FakeSherbrooke,fake_sherbrooke,1,1024,1234,1234,7,41,117,30,127,378,891,144,0,891,,,0.8562370910003665,0.9776176240011409,session-3,4,3,raw_repetition,ok,
random_indep_qiskit_8,random,data/quantum_circuits/random_indep_qiskit_8.qasm,fa595f88d0ab98542a799af4492f53b2a5e2e88ebc442a9b508abac209d0afcc,FakeSherbrooke,fake_sherbrooke,1,1024,1234,1234,8,50,153,40,127,511,1149,189,0,1149,0.13725157600129023,0.6943090819986537,0.8126718420026009,0.9499234180038911,session-3,0,3,raw_repetition,ok,
random_indep_qiskit_8,random,data/quantum_circuits/random_indep_qiskit_8.qasm,fa595f88d0ab98542a799af4492f53b2a5e2e88ebc442a9b508abac209d0afcc,FakeSherbrooke,fake_sherbrooke,1,1024,1234,1234,8,50,153,40,127,511,1149,189,0,1149,,,0.697303502001887,0.8345550780031772,session-3,1,3,raw_repetition,ok,
random_indep_qiskit_8,random,data/quantum_circuits/random_indep_qiskit_8.qasm,fa595f88d0ab98542a799af4492f53b2a5e2e88ebc442a9b508abac209d0afcc,FakeSherbrooke,fake_sherbrooke,1,1024,1234,1234,8,50,153,40,127,511,1149,189,0,1149,,,0.6849445289990399,0.8221961050003301,session-3,2,3,raw_repetition,ok,
random_indep_qiskit_8,random,data/quantum_circuits/random_indep_qiskit_8.qasm,fa595f88d0ab98542a799af4492f53b2a5e2e88ebc442a9b508abac209d0afcc,FakeSherbrooke,fake_sherbrooke,1,1024,1234,1234,8,50,153,40,127,511,1149,189,0,1149,,,0.8217254079972918,0.958976983998582,session-3,3,3,raw_repetition,ok,
random_indep_qiskit_8,random,data/quantum_circuits/random_indep_qiskit_8.qasm,fa595f88d0ab98542a799af4492f53b2a5e2e88ebc442a9b508abac209d0afcc,FakeSherbrooke,fake_sherbrooke,1,1024,1234,1234,8,50,153,40,127,511,1149,189,0,1149,,,0.7082871919992613,0.8455387680005515,session-3,4,3,raw_repetition,ok,
random_indep_qiskit_9,random,data/quantum_circuits/random_indep_qiskit_9.qasm,93eff191c23e0c3d13a127f38595909e7092290f5119c9be24a1ccc61fff5767,FakeSherbrooke,fake_sherbrooke,1,1024,1234,1234,9,53,164,39,127,680,1814,305,0,1814,0.18520257499767467,1.055323689000943,0.9294446399981098,1.1146472149957845,session-3,0,3,raw_repetition,ok,
random_indep_qiskit_9,random,data/quantum_circuits/random_indep_qiskit_9.qasm,93eff191c23e0c3d13a127f38595909e7092290f5119c9be24a1ccc61fff5767,FakeSherbrooke,fake_sherbrooke,1,1024,1234,1234,9,53,164,39,127,680,1814,305,0,1814,,,0.9092233430019405,1.0944259179996152,session-3,1,3,raw_repetition,ok,
random_indep_qiskit_9,random,data/quantum_circuits/random_indep_qiskit_9.qasm,93eff191c23e0c3d13a127f38595909e7092290f5119c9be24a1ccc61fff5767,FakeSherbrooke,fake_sherbrooke,1,1024,1234,1234,9,53,164,39,127,680,1814,305,0,1814,,,1.052328742996906,1.2375313179945806,session-3,2,3,raw_repetition,ok,
random_indep_qiskit_9,random,data/quantum_circuits/random_indep_qiskit_9.qasm,93eff191c23e0c3d13a127f38595909e7092290f5119c9be24a1ccc61fff5767,FakeSherbrooke,fake_sherbrooke,1,1024,1234,1234,9,53,164,39,127,680,1814,305,0,1814,,,0.917469156000152,1.1026717309978267,session-3,3,3,raw_repetition,ok,
random_indep_qiskit_9,random,data/quantum_circuits/random_indep_qiskit_9.qasm,93eff191c23e0c3d13a127f38595909e7092290f5119c9be24a1ccc61fff5767,FakeSherbrooke,fake_sherbrooke,1,1024,1234,1234,9,53,164,39,127,680,1814,305,0,1814,,,0.9196448500006227,1.1048474249982974,session-3,4,3,raw_repetition,ok,
realamprandom_indep_qiskit_2,realamprandom,data/quantum_circuits/realamprandom_indep_qiskit_2.qasm,806f1844d225682cd7d5d0b276b5567caa23697f73064d8a20347024bb03fe40,FakeSherbrooke,fake_sherbrooke,1,1024,1234,1234,2,8,14,3,127,20,31,3,0,31,0.017973367997910827,0.7609488300004159,0.7582781000019168,0.7762514679998276,session-3,0,3,raw_repetition,ok,
realamprandom_indep_qiskit_2,realamprandom,data/quantum_circuits/realamprandom_indep_qiskit_2.qasm,806f1844d225682cd7d5d0b276b5567caa23697f73064d8a20347024bb03fe40,FakeSherbrooke,fake_sherbrooke,1,1024,1234,1234,2,8,14,3,127,20,31,3,0,31,,,0.6133587850017648,0.6313321529996756,session-3,1,3,raw_repetition,ok,
realamprandom_indep_qiskit_2,realamprandom,data/quantum_circuits/realamprandom_indep_qiskit_2.qasm,806f1844d225682cd7d5d0b276b5567caa23697f73064d8a20347024bb03fe40,FakeSherbrooke,fake_sherbrooke,1,1024,1234,1234,2,8,14,3,127,20,31,3,0,31,,,0.7270244620012818,0.7449978299991926,session-3,2,3,raw_repetition,ok,
realamprandom_indep_qiskit_2,realamprandom,data/quantum_circuits/realamprandom_indep_qiskit_2.qasm,806f1844d225682cd7d5d0b276b5567caa23697f73064d8a20347024bb03fe40,FakeSherbrooke,fake_sherbrooke,1,1024,1234,1234,2,8,14,3,127,20,31,3,0,31,,,0.6084977229984361,0.6264710909963469,session-3,3,3,raw_repetition,ok,
realamprandom_indep_qiskit_2,realamprandom,data/quantum_circuits/realamprandom_indep_qiskit_2.qasm,806f1844d225682cd7d5d0b276b5567caa23697f73064d8a20347024bb03fe40,FakeSherbrooke,fake_sherbrooke,1,1024,1234,1234,2,8,14,3,127,20,31,3,0,31,,,0.7291172010009177,0.7470905689988285,session-3,4,3,raw_repetition,ok,
realamprandom_indep_qiskit_3,realamprandom,data/quantum_circuits/realamprandom_indep_qiskit_3.qasm,79b8fdfbfe6897a226612f9b9e27a4533aac4b48258335fb7746c5f10989cedc,FakeSherbrooke,fake_sherbrooke,1,1024,1234,1234,3,14,25,9,127,78,133,21,0,133,0.0424046250009269,0.7525437110016355,0.7548327399999835,0.7972373650009104,session-3,0,3,raw_repetition,ok,
realamprandom_indep_qiskit_3,realamprandom,data/quantum_circuits/realamprandom_indep_qiskit_3.qasm,79b8fdfbfe6897a226612f9b9e27a4533aac4b48258335fb7746c5f10989cedc,FakeSherbrooke,fake_sherbrooke,1,1024,1234,1234,3,14,25,9,127,78,133,21,0,133,,,0.6237639080027293,0.6661685330036562,session-3,1,3,raw_repetition,ok,
realamprandom_indep_qiskit_3,realamprandom,data/quantum_circuits/realamprandom_indep_qiskit_3.qasm,79b8fdfbfe6897a226612f9b9e27a4533aac4b48258335fb7746c5f10989cedc,FakeSherbrooke,fake_sherbrooke,1,1024,1234,1234,3,14,25,9,127,78,133,21,0,133,,,0.6249161029991228,0.6673207280000497,session-3,2,3,raw_repetition,ok,
realamprandom_indep_qiskit_3,realamprandom,data/quantum_circuits/realamprandom_indep_qiskit_3.qasm,79b8fdfbfe6897a226612f9b9e27a4533aac4b48258335fb7746c5f10989cedc,FakeSherbrooke,fake_sherbrooke,1,1024,1234,1234,3,14,25,9,127,78,133,21,0,133,,,0.7473582950005948,0.7897629200015217,session-3,3,3,raw_repetition,ok,
realamprandom_indep_qiskit_3,realamprandom,data/quantum_circuits/realamprandom_indep_qiskit_3.qasm,79b8fdfbfe6897a226612f9b9e27a4533aac4b48258335fb7746c5f10989cedc,FakeSherbrooke,fake_sherbrooke,1,1024,1234,1234,3,14,25,9,127,78,133,21,0,133,,,0.6249332739971578,0.6673378989980847,session-3,4,3,raw_repetition,ok,
realamprandom_indep_qiskit_4,realamprandom,data/quantum_circuits/realamprandom_indep_qiskit_4.qasm,187d76ac82884dc3202418b0e06077eec26afed0c625b228d76b4416e6bfa480,FakeSherbrooke,fake_sherbrooke,1,1024,1234,1234,4,18,39,18,127,173,319,54,0,319,0.05657845099995029,0.6213404400004947,0.7583584099993459,0.8149368609992962,session-3,0,3,raw_repetition,ok,
realamprandom_indep_qiskit_4,realamprandom,data/quantum_circuits/realamprandom_indep_qiskit_4.qasm,187d76ac82884dc3202418b0e06077eec26afed0c625b228d76b4416e6bfa480,FakeSherbrooke,fake_sherbrooke,1,1024,1234,1234,4,18,39,18,127,173,319,54,0,319,,,0.6347913969984802,0.6913698479984305,session-3,1,3,raw_repetition,ok,
realamprandom_indep_qiskit_4,realamprandom,data/quantum_circuits/realamprandom_indep_qiskit_4.qasm,187d76ac82884dc3202418b0e06077eec26afed0c625b228d76b4416e6bfa480,FakeSherbrooke,fake_sherbrooke,1,1024,1234,1234,4,18,39,18,127,173,319,54,0,319,,,0.6334433080010058,0.6900217590009561,session-3,2,3,raw_repetition,ok,
realamprandom_indep_qiskit_4,realamprandom,data/quantum_circuits/realamprandom_indep_qiskit_4.qasm,187d76ac82884dc3202418b0e06077eec26afed0c625b228d76b4416e6bfa480,FakeSherbrooke,fake_sherbrooke,1,1024,1234,1234,4,18,39,18,127,173,319,54,0,319,,,0.7558427519979887,0.812421202997939,session-3,3,3,raw_repetition,ok,
realamprandom_indep_qiskit_4,realamprandom,data/quantum_circuits/realamprandom_indep_qiskit_4.qasm,187d76ac82884dc3202418b0e06077eec26afed0c625b228d76b4416e6bfa480,FakeSherbrooke,fake_sherbrooke,1,1024,1234,1234,4,18,39,18,127,173,319,54,0,319,,,0.6260054520025733,0.6825839030025236,session-3,4,3,raw_repetition,ok,
realamprandom_indep_qiskit_5,realamprandom,data/quantum_circuits/realamprandom_indep_qiskit_5.qasm,8d3b3ff10a3a80d0dda4e7043cce2b222aaf9e3cc19caa194b8e87da40266ac5,FakeSherbrooke,fake_sherbrooke,1,1024,1234,1234,5,22,56,30,127,230,459,78,0,459,0.061111217000870965,0.6417444319995411,0.793982438997773,0.855093655998644,session-3,0,3,raw_repetition,ok,
realamprandom_indep_qiskit_5,realamprandom,data/quantum_circuits/realamprandom_indep_qiskit_5.qasm,8d3b3ff10a3a80d0dda4e7043cce2b222aaf9e3cc19caa194b8e87da40266ac5,FakeSherbrooke,fake_sherbrooke,1,1024,1234,1234,5,22,56,30,127,230,459,78,0,459,,,0.6559404750005342,0.7170516920014052,session-3,1,3,raw_repetition,ok,
realamprandom_indep_qiskit_5,realamprandom,data/quantum_circuits/realamprandom_indep_qiskit_5.qasm,8d3b3ff10a3a80d0dda4e7043cce2b222aaf9e3cc19caa194b8e87da40266ac5,FakeSherbrooke,fake_sherbrooke,1,1024,1234,1234,5,22,56,30,127,230,459,78,0,459,,,0.6276155609994021,0.688726778000273,session-3,2,3,raw_repetition,ok,
realamprandom_indep_qiskit_5,realamprandom,data/quantum_circuits/realamprandom_indep_qiskit_5.qasm,8d3b3ff10a3a80d0dda4e7043cce2b222aaf9e3cc19caa194b8e87da40266ac5,FakeSherbrooke,fake_sherbrooke,1,1024,1234,1234,5,22,56,30,127,230,459,78,0,459,,,0.7506607300019823,0.8117719470028533,session-3,3,3,raw_repetition,ok,
realamprandom_indep_qiskit_5,realamprandom,data/quantum_circuits/realamprandom_indep_qiskit_5.qasm,8d3b3ff10a3a80d0dda4e7043cce2b222aaf9e3cc19caa194b8e87da40266ac5,FakeSherbrooke,fake_sherbrooke,1,1024,1234,1234,5,22,56,30,127,230,459,78,0,459,,,0.6224370390009426,0.6835482560018136,session-3,4,3,raw_repetition,ok,
realamprandom_indep_qiskit_6,realamprandom,data/quantum_circuits/realamprandom_indep_qiskit_6.qasm,c9931425f0767057491a7e6ab8f1ed937fde917a862097440f57606892bddde9,FakeSherbrooke,fake_sherbrooke,1,1024,1234,1234,6,26,76,45,127,397,839,147,0,839,0.08550572900276165,0.6384745489995112,0.791671923998365,0.8771776530011266,session-3,0,3,raw_repetition,ok,
realamprandom_indep_qiskit_6,realamprandom,data/quantum_circuits/realamprandom_indep_qiskit_6.qasm,c9931425f0767057491a7e6ab8f1ed937fde917a862097440f57606892bddde9,FakeSherbrooke,fake_sherbrooke,1,1024,1234,1234,6,26,76,45,127,397,839,147,0,839,,,0.670364099998551,0.7558698290013126,session-3,1,3,raw_repetition,ok,
realamprandom_indep_qiskit_6,realamprandom,data/quantum_circuits/realamprandom_indep_qiskit_6.qasm,c9931425f0767057491a7e6ab8f1ed937fde917a862097440f57606892bddde9,FakeSherbrooke,fake_sherbrooke,1,1024,1234,1234,6,26,76,45,127,397,839,147,0,839,,,0.6512600979986019,0.7367658270013635,session-3,2,3,raw_repetition,ok,
realamprandom_indep_qiskit_6,realamprandom,data/quantum_circuits/realamprandom_indep_qiskit_6.qasm,c9931425f0767057491a7e6ab8f1ed937fde917a862097440f57606892bddde9,FakeSherbrooke,fake_sherbrooke,1,1024,1234,1234,6,26,76,45,127,397,839,147,0,839,,,0.7635638100000506,0.8490695390028122,session-3,3,3,raw_repetition,ok,
realamprandom_indep_qiskit_6,realamprandom,data/quantum_circuits/realamprandom_indep_qiskit_6.qasm,c9931425f0767057491a7e6ab8f1ed937fde917a862097440f57606892bddde9,FakeSherbrooke,fake_sherbrooke,1,1024,1234,1234,6,26,76,45,127,397,839,147,0,839,,,0.6423491019995708,0.7278548310023325,session-3,4,3,raw_repetition,ok,
realamprandom_indep_qiskit_7,realamprandom,data/quantum_circuits/realamprandom_indep_qiskit_7.qasm,af19d23c83544c8b7f6be5c42e0254336c9902c1ef454c06b9d45c4582d2fd3d,FakeSherbrooke,fake_sherbrooke,1,1024,1234,1234,7,30,99,63,127,482,1180,213,0,1180,0.09596678000161774,0.8548896539978159,0.9045088159982697,1.0004755959998874,session-3,0,3,raw_repetition,ok,
realamprandom_indep_qiskit_7,realamprandom,data/quantum_circuits/realamprandom_indep_qiskit_7.qasm,af19d23c83544c8b7f6be5c42e0254336c9902c1ef454c06b9d45c4582d2fd3d,FakeSherbrooke,fake_sherbrooke,1,1024,1234,1234,7,30,99,63,127,482,1180,213,0,1180,,,0.7463375029983581,0.8423042829999758,session-3,1,3,raw_repetition,ok,
realamprandom_indep_qiskit_7,realamprandom,data/quantum_circuits/realamprandom_indep_qiskit_7.qasm,af19d23c83544c8b7f6be5c42e0254336c9902c1ef454c06b9d45c4582d2fd3d,FakeSherbrooke,fake_sherbrooke,1,1024,1234,1234,7,30,99,63,127,482,1180,213,0,1180,,,0.7376489519992901,0.8336157320009079,session-3,2,3,raw_repetition,ok,
realamprandom_indep_qiskit_7,realamprandom,data/quantum_circuits/realamprandom_indep_qiskit_7.qasm,af19d23c83544c8b7f6be5c42e0254336c9902c1ef454c06b9d45c4582d2fd3d,FakeSherbrooke,fake_sherbrooke,1,1024,1234,1234,7,30,99,63,127,482,1180,213,0,1180,,,0.8592543459999433,0.9552211260015611,session-3,3,3,raw_repetition,ok,
realamprandom_indep_qiskit_7,realamprandom,data/quantum_circuits/realamprandom_indep_qiskit_7.qasm,af19d23c83544c8b7f6be5c42e0254336c9902c1ef454c06b9d45c4582d2fd3d,FakeSherbrooke,fake_sherbrooke,1,1024,1234,1234,7,30,99,63,127,482,1180,213,0,1180,,,0.7410271709995868,0.8369939510012046,session-3,4,3,raw_repetition,ok,
realamprandom_indep_qiskit_8,realamprandom,data/quantum_circuits/realamprandom_indep_qiskit_8.qasm,8ea085ea0c0185c560746ab5988221e203c457e2afbb475976fb99f718e2dad1,FakeSherbrooke,fake_sherbrooke,1,1024,1234,1234,8,34,125,84,127,654,1664,300,0,1664,0.12227581999832182,0.841493759999139,0.8616644370013091,0.983940256999631,session-3,0,3,raw_repetition,ok,
realamprandom_indep_qiskit_8,realamprandom,data/quantum_circuits/realamprandom_indep_qiskit_8.qasm,8ea085ea0c0185c560746ab5988221e203c457e2afbb475976fb99f718e2dad1,FakeSherbrooke,fake_sherbrooke,1,1024,1234,1234,8,34,125,84,127,654,1664,300,0,1664,,,0.7581430490026833,0.8804188690010051,session-3,1,3,raw_repetition,ok,
realamprandom_indep_qiskit_8,realamprandom,data/quantum_circuits/realamprandom_indep_qiskit_8.qasm,8ea085ea0c0185c560746ab5988221e203c457e2afbb475976fb99f718e2dad1,FakeSherbrooke,fake_sherbrooke,1,1024,1234,1234,8,34,125,84,127,654,1664,300,0,1664,,,0.7485410579974996,0.8708168779958214,session-3,2,3,raw_repetition,ok,
realamprandom_indep_qiskit_8,realamprandom,data/quantum_circuits/realamprandom_indep_qiskit_8.qasm,8ea085ea0c0185c560746ab5988221e203c457e2afbb475976fb99f718e2dad1,FakeSherbrooke,fake_sherbrooke,1,1024,1234,1234,8,34,125,84,127,654,1664,300,0,1664,,,0.8862806139986787,1.0085564339970006,session-3,3,3,raw_repetition,ok,
realamprandom_indep_qiskit_8,realamprandom,data/quantum_circuits/realamprandom_indep_qiskit_8.qasm,8ea085ea0c0185c560746ab5988221e203c457e2afbb475976fb99f718e2dad1,FakeSherbrooke,fake_sherbrooke,1,1024,1234,1234,8,34,125,84,127,654,1664,300,0,1664,,,0.7449717109993799,0.8672475309977017,session-3,4,3,raw_repetition,ok,
realamprandom_indep_qiskit_9,realamprandom,data/quantum_circuits/realamprandom_indep_qiskit_9.qasm,bdd8a427e9747bbc01ad8e77a22d61f0314fe8db0de17786839f2193ab0928bd,FakeSherbrooke,fake_sherbrooke,1,1024,1234,1234,9,38,154,108,127,513,2101,375,0,2101,0.27562918799958425,1.0333677739981795,1.022823174000223,1.2984523619998072,session-3,0,3,raw_repetition,ok,
realamprandom_indep_qiskit_9,realamprandom,data/quantum_circuits/realamprandom_indep_qiskit_9.qasm,bdd8a427e9747bbc01ad8e77a22d61f0314fe8db0de17786839f2193ab0928bd,FakeSherbrooke,fake_sherbrooke,1,1024,1234,1234,9,38,154,108,127,513,2101,375,0,2101,,,1.0127098220000335,1.2883390099996177,session-3,1,3,raw_repetition,ok,
realamprandom_indep_qiskit_9,realamprandom,data/quantum_circuits/realamprandom_indep_qiskit_9.qasm,bdd8a427e9747bbc01ad8e77a22d61f0314fe8db0de17786839f2193ab0928bd,FakeSherbrooke,fake_sherbrooke,1,1024,1234,1234,9,38,154,108,127,513,2101,375,0,2101,,,1.1520838249998633,1.4277130129994475,session-3,2,3,raw_repetition,ok,
realamprandom_indep_qiskit_9,realamprandom,data/quantum_circuits/realamprandom_indep_qiskit_9.qasm,bdd8a427e9747bbc01ad8e77a22d61f0314fe8db0de17786839f2193ab0928bd,FakeSherbrooke,fake_sherbrooke,1,1024,1234,1234,9,38,154,108,127,513,2101,375,0,2101,,,1.0236459100015054,1.2992750980010896,session-3,3,3,raw_repetition,ok,
realamprandom_indep_qiskit_9,realamprandom,data/quantum_circuits/realamprandom_indep_qiskit_9.qasm,bdd8a427e9747bbc01ad8e77a22d61f0314fe8db0de17786839f2193ab0928bd,FakeSherbrooke,fake_sherbrooke,1,1024,1234,1234,9,38,154,108,127,513,2101,375,0,2101,,,1.026005890002125,1.3016350780017092,session-3,4,3,raw_repetition,ok,
su2random_indep_qiskit_2,su2random,data/quantum_circuits/su2random_indep_qiskit_2.qasm,66c9180a271ec04f728ab259ed86a24fe52676e6f40a7614b02f79fd13536c91,FakeSherbrooke,fake_sherbrooke,1,1024,1234,1234,2,8,14,3,127,23,44,3,0,44,0.017436891997931525,0.7489422909966379,0.7529619090018969,0.7703988009998284,session-3,0,3,raw_repetition,ok,
su2random_indep_qiskit_2,su2random,data/quantum_circuits/su2random_indep_qiskit_2.qasm,66c9180a271ec04f728ab259ed86a24fe52676e6f40a7614b02f79fd13536c91,FakeSherbrooke,fake_sherbrooke,1,1024,1234,1234,2,8,14,3,127,23,44,3,0,44,,,0.6215837429990643,0.6390206349969958,session-3,1,3,raw_repetition,ok,
su2random_indep_qiskit_2,su2random,data/quantum_circuits/su2random_indep_qiskit_2.qasm,66c9180a271ec04f728ab259ed86a24fe52676e6f40a7614b02f79fd13536c91,FakeSherbrooke,fake_sherbrooke,1,1024,1234,1234,2,8,14,3,127,23,44,3,0,44,,,0.6103591089995462,0.6277960009974777,session-3,2,3,raw_repetition,ok,
su2random_indep_qiskit_2,su2random,data/quantum_circuits/su2random_indep_qiskit_2.qasm,66c9180a271ec04f728ab259ed86a24fe52676e6f40a7614b02f79fd13536c91,FakeSherbrooke,fake_sherbrooke,1,1024,1234,1234,2,8,14,3,127,23,44,3,0,44,,,0.73017823400005,0.7476151259979815,session-3,3,3,raw_repetition,ok,
su2random_indep_qiskit_2,su2random,data/quantum_circuits/su2random_indep_qiskit_2.qasm,66c9180a271ec04f728ab259ed86a24fe52676e6f40a7614b02f79fd13536c91,FakeSherbrooke,fake_sherbrooke,1,1024,1234,1234,2,8,14,3,127,23,44,3,0,44,,,0.7524472209988744,0.7698841129968059,session-3,4,3,raw_repetition,ok,
su2random_indep_qiskit_3,su2random,data/quantum_circuits/su2random_indep_qiskit_3.qasm,c69c35c09a4dcfe7dd09af0b73be8e5f608531bf0baadd794f6861bcf237e40c,FakeSherbrooke,fake_sherbrooke,1,1024,1234,1234,3,14,25,9,127,86,153,21,0,153,0.04085764400224434,0.6284896990000561,0.6338930759993673,0.6747507200016116,session-3,0,3,raw_repetition,ok,
su2random_indep_qiskit_3,su2random,data/quantum_circuits/su2random_indep_qiskit_3.qasm,c69c35c09a4dcfe7dd09af0b73be8e5f608531bf0baadd794f6861bcf237e40c,FakeSherbrooke,fake_sherbrooke,1,1024,1234,1234,3,14,25,9,127,86,153,21,0,153,,,0.7540994090013555,0.7949570530035999,session-3,1,3,raw_repetition,ok,
su2random_indep_qiskit_3,su2random,data/quantum_circuits/su2random_indep_qiskit_3.qasm,c69c35c09a4dcfe7dd09af0b73be8e5f608531bf0baadd794f6861bcf237e40c,FakeSherbrooke,fake_sherbrooke,1,1024,1234,1234,3,14,25,9,127,86,153,21,0,153,,,0.6327083539981686,0.673565998000413,session-3,2,3,raw_repetition,ok,
su2random_indep_qiskit_3,su2random,data/quantum_circuits/su2random_indep_qiskit_3.qasm,c69c35c09a4dcfe7dd09af0b73be8e5f608531bf0baadd794f6861bcf237e40c,FakeSherbrooke,fake_sherbrooke,1,1024,1234,1234,3,14,25,9,127,86,153,21,0,153,,,0.7636476599982416,0.8045053040004859,session-3,3,3,raw_repetition,ok,
su2random_indep_qiskit_3,su2random,data/quantum_circuits/su2random_indep_qiskit_3.qasm,c69c35c09a4dcfe7dd09af0b73be8e5f608531bf0baadd794f6861bcf237e40c,FakeSherbrooke,fake_sherbrooke,1,1024,1234,1234,3,14,25,9,127,86,153,21,0,153,,,0.7852633170004992,0.8261209610027436,session-3,4,3,raw_repetition,ok,
su2random_indep_qiskit_4,su2random,data/quantum_circuits/su2random_indep_qiskit_4.qasm,7fabc879bc998db5c05d7cc5b83db2d1704d7587139b714da9cf82639f4f093e,FakeSherbrooke,fake_sherbrooke,1,1024,1234,1234,4,18,39,18,127,183,343,54,0,343,0.04963834299996961,0.6336069579992909,0.7816861850005807,0.8313245280005503,session-3,0,3,raw_repetition,ok,
su2random_indep_qiskit_4,su2random,data/quantum_circuits/su2random_indep_qiskit_4.qasm,7fabc879bc998db5c05d7cc5b83db2d1704d7587139b714da9cf82639f4f093e,FakeSherbrooke,fake_sherbrooke,1,1024,1234,1234,4,18,39,18,127,183,343,54,0,343,,,0.6460111209999013,0.6956494639998709,session-3,1,3,raw_repetition,ok,
su2random_indep_qiskit_4,su2random,data/quantum_circuits/su2random_indep_qiskit_4.qasm,7fabc879bc998db5c05d7cc5b83db2d1704d7587139b714da9cf82639f4f093e,FakeSherbrooke,fake_sherbrooke,1,1024,1234,1234,4,18,39,18,127,183,343,54,0,343,,,0.7490125930016802,0.7986509360016498,session-3,2,3,raw_repetition,ok,
su2random_indep_qiskit_4,su2random,data/quantum_circuits/su2random_indep_qiskit_4.qasm,7fabc879bc998db5c05d7cc5b83db2d1704d7587139b714da9cf82639f4f093e,FakeSherbrooke,fake_sherbrooke,1,1024,1234,1234,4,18,39,18,127,183,343,54,0,343,,,0.627605580000818,0.6772439230007876,session-3,3,3,raw_repetition,ok,
su2random_indep_qiskit_4,su2random,data/quantum_circuits/su2random_indep_qiskit_4.qasm,7fabc879bc998db5c05d7cc5b83db2d1704d7587139b714da9cf82639f4f093e,FakeSherbrooke,fake_sherbrooke,1,1024,1234,1234,4,18,39,18,127,183,343,54,0,343,,,0.616685981000046,0.6663243240000156,session-3,4,3,raw_repetition,ok,
su2random_indep_qiskit_5,su2random,data/quantum_circuits/su2random_indep_qiskit_5.qasm,c1572e3b6e41c965a5943c21ceacdbad56fc868b4ee02ff4ef8af2d2054a0602,FakeSherbrooke,fake_sherbrooke,1,1024,1234,1234,5,22,56,30,127,237,487,78,0,487,0.17099505000078352,0.6245779229975597,0.7569143629989412,0.9279094129997247,session-3,0,3,raw_repetition,ok,
su2random_indep_qiskit_5,su2random,data/quantum_circuits/su2random_indep_qiskit_5.qasm,c1572e3b6e41c965a5943c21ceacdbad56fc868b4ee02ff4ef8af2d2054a0602,FakeSherbrooke,fake_sherbrooke,1,1024,1234,1234,5,22,56,30,127,237,487,78,0,487,,,0.6433534019997751,0.8143484520005586,session-3,1,3,raw_repetition,ok,
su2random_indep_qiskit_5,su2random,data/quantum_circuits/su2random_indep_qiskit_5.qasm,c1572e3b6e41c965a5943c21ceacdbad56fc868b4ee02ff4ef8af2d2054a0602,FakeSherbrooke,fake_sherbrooke,1,1024,1234,1234,5,22,56,30,127,237,487,78,0,487,,,0.7694617269989976,0.9404567769997811,session-3,2,3,raw_repetition,ok,
su2random_indep_qiskit_5,su2random,data/quantum_circuits/su2random_indep_qiskit_5.qasm,c1572e3b6e41c965a5943c21ceacdbad56fc868b4ee02ff4ef8af2d2054a0602,FakeSherbrooke,fake_sherbrooke,1,1024,1234,1234,5,22,56,30,127,237,487,78,0,487,,,0.7998864100009087,0.9708814600016922,session-3,3,3,raw_repetition,ok,
su2random_indep_qiskit_5,su2random,data/quantum_circuits/su2random_indep_qiskit_5.qasm,c1572e3b6e41c965a5943c21ceacdbad56fc868b4ee02ff4ef8af2d2054a0602,FakeSherbrooke,fake_sherbrooke,1,1024,1234,1234,5,22,56,30,127,237,487,78,0,487,,,0.660221398997237,0.8312164489980205,session-3,4,3,raw_repetition,ok,
su2random_indep_qiskit_6,su2random,data/quantum_circuits/su2random_indep_qiskit_6.qasm,2f497b92b87e3e9f44c1ae23dfbffc7309c1550756e6829eb694d42dd4f2ed03,FakeSherbrooke,fake_sherbrooke,1,1024,1234,1234,6,26,76,45,127,412,877,147,0,877,0.08280836599806207,0.6724989159993129,0.765544410001894,0.8483527759999561,session-3,0,3,raw_repetition,ok,
su2random_indep_qiskit_6,su2random,data/quantum_circuits/su2random_indep_qiskit_6.qasm,2f497b92b87e3e9f44c1ae23dfbffc7309c1550756e6829eb694d42dd4f2ed03,FakeSherbrooke,fake_sherbrooke,1,1024,1234,1234,6,26,76,45,127,412,877,147,0,877,,,0.795313222999539,0.8781215889976011,session-3,1,3,raw_repetition,ok,
su2random_indep_qiskit_6,su2random,data/quantum_circuits/su2random_indep_qiskit_6.qasm,2f497b92b87e3e9f44c1ae23dfbffc7309c1550756e6829eb694d42dd4f2ed03,FakeSherbrooke,fake_sherbrooke,1,1024,1234,1234,6,26,76,45,127,412,877,147,0,877,,,0.6822834129998228,0.7650917789978848,session-3,2,3,raw_repetition,ok,
su2random_indep_qiskit_6,su2random,data/quantum_circuits/su2random_indep_qiskit_6.qasm,2f497b92b87e3e9f44c1ae23dfbffc7309c1550756e6829eb694d42dd4f2ed03,FakeSherbrooke,fake_sherbrooke,1,1024,1234,1234,6,26,76,45,127,412,877,147,0,877,,,0.6721179679989291,0.7549263339969912,session-3,3,3,raw_repetition,ok,
su2random_indep_qiskit_6,su2random,data/quantum_circuits/su2random_indep_qiskit_6.qasm,2f497b92b87e3e9f44c1ae23dfbffc7309c1550756e6829eb694d42dd4f2ed03,FakeSherbrooke,fake_sherbrooke,1,1024,1234,1234,6,26,76,45,127,412,877,147,0,877,,,0.7893236229974718,0.8721319889955339,session-3,4,3,raw_repetition,ok,
su2random_indep_qiskit_7,su2random,data/quantum_circuits/su2random_indep_qiskit_7.qasm,4f2368cad1a087f01b7598f13a9afa3b7cea2d6f9e96f79eb390f62213c97af7,FakeSherbrooke,fake_sherbrooke,1,1024,1234,1234,7,30,99,63,127,503,1221,213,0,1221,0.09918799300066894,0.7478312649982399,0.8831964960008918,0.9823844890015607,session-3,0,3,raw_repetition,ok,
su2random_indep_qiskit_7,su2random,data/quantum_circuits/su2random_indep_qiskit_7.qasm,4f2368cad1a087f01b7598f13a9afa3b7cea2d6f9e96f79eb390f62213c97af7,FakeSherbrooke,fake_sherbrooke,1,1024,1234,1234,7,30,99,63,127,503,1221,213,0,1221,,,0.757899277999968,0.857087271000637,session-3,1,3,raw_repetition,ok,
su2random_indep_qiskit_7,su2random,data/quantum_circuits/su2random_indep_qiskit_7.qasm,4f2368cad1a087f01b7598f13a9afa3b7cea2d6f9e96f79eb390f62213c97af7,FakeSherbrooke,fake_sherbrooke,1,1024,1234,1234,7,30,99,63,127,503,1221,213,0,1221,,,0.7671177359989088,0.8663057289995777,session-3,2,3,raw_repetition,ok,
su2random_indep_qiskit_7,su2random,data/quantum_circuits/su2random_indep_qiskit_7.qasm,4f2368cad1a087f01b7598f13a9afa3b7cea2d6f9e96f79eb390f62213c97af7,FakeSherbrooke,fake_sherbrooke,1,1024,1234,1234,7,30,99,63,127,503,1221,213,0,1221,,,0.9144453849985439,1.0136333779992128,session-3,3,3,raw_repetition,ok,
su2random_indep_qiskit_7,su2random,data/quantum_circuits/su2random_indep_qiskit_7.qasm,4f2368cad1a087f01b7598f13a9afa3b7cea2d6f9e96f79eb390f62213c97af7,FakeSherbrooke,fake_sherbrooke,1,1024,1234,1234,7,30,99,63,127,503,1221,213,0,1221,,,0.7691209050026373,0.8683088980033062,session-3,4,3,raw_repetition,ok,
su2random_indep_qiskit_8,su2random,data/quantum_circuits/su2random_indep_qiskit_8.qasm,3157278e31c54e80e45de35bfb793aac89eb413e21aabe08b2e0e140de8c0d39,FakeSherbrooke,fake_sherbrooke,1,1024,1234,1234,8,34,125,84,127,663,1704,300,0,1704,0.12305211499915458,0.7372435189972748,0.738525782002398,0.8615778970015526,session-3,0,3,raw_repetition,ok,
su2random_indep_qiskit_8,su2random,data/quantum_circuits/su2random_indep_qiskit_8.qasm,3157278e31c54e80e45de35bfb793aac89eb413e21aabe08b2e0e140de8c0d39,FakeSherbrooke,fake_sherbrooke,1,1024,1234,1234,8,34,125,84,127,663,1704,300,0,1704,,,0.7332315079984255,0.8562836229975801,session-3,1,3,raw_repetition,ok,
su2random_indep_qiskit_8,su2random,data/quantum_circuits/su2random_indep_qiskit_8.qasm,3157278e31c54e80e45de35bfb793aac89eb413e21aabe08b2e0e140de8c0d39,FakeSherbrooke,fake_sherbrooke,1,1024,1234,1234,8,34,125,84,127,663,1704,300,0,1704,,,0.867957940998167,0.9910100559973216,session-3,2,3,raw_repetition,ok,
su2random_indep_qiskit_8,su2random,data/quantum_circuits/su2random_indep_qiskit_8.qasm,3157278e31c54e80e45de35bfb793aac89eb413e21aabe08b2e0e140de8c0d39,FakeSherbrooke,fake_sherbrooke,1,1024,1234,1234,8,34,125,84,127,663,1704,300,0,1704,,,0.7421054679980443,0.8651575829971989,session-3,3,3,raw_repetition,ok,
su2random_indep_qiskit_8,su2random,data/quantum_circuits/su2random_indep_qiskit_8.qasm,3157278e31c54e80e45de35bfb793aac89eb413e21aabe08b2e0e140de8c0d39,FakeSherbrooke,fake_sherbrooke,1,1024,1234,1234,8,34,125,84,127,663,1704,300,0,1704,,,0.731661575002363,0.8547136900015175,session-3,4,3,raw_repetition,ok,
su2random_indep_qiskit_9,su2random,data/quantum_circuits/su2random_indep_qiskit_9.qasm,c6ee0cb7c958cecf010796ce2ad0bb148b9fd660dd52393972c541d9ae422eca,FakeSherbrooke,fake_sherbrooke,1,1024,1234,1234,9,38,154,108,127,526,2146,375,0,2146,0.14907603399842628,1.1582167529995786,1.035037427998759,1.1841134619971854,session-3,0,3,raw_repetition,ok,
su2random_indep_qiskit_9,su2random,data/quantum_circuits/su2random_indep_qiskit_9.qasm,c6ee0cb7c958cecf010796ce2ad0bb148b9fd660dd52393972c541d9ae422eca,FakeSherbrooke,fake_sherbrooke,1,1024,1234,1234,9,38,154,108,127,526,2146,375,0,2146,,,1.15922368399697,1.3082997179953963,session-3,1,3,raw_repetition,ok,
su2random_indep_qiskit_9,su2random,data/quantum_circuits/su2random_indep_qiskit_9.qasm,c6ee0cb7c958cecf010796ce2ad0bb148b9fd660dd52393972c541d9ae422eca,FakeSherbrooke,fake_sherbrooke,1,1024,1234,1234,9,38,154,108,127,526,2146,375,0,2146,,,1.0179385560004448,1.167014589998871,session-3,2,3,raw_repetition,ok,
su2random_indep_qiskit_9,su2random,data/quantum_circuits/su2random_indep_qiskit_9.qasm,c6ee0cb7c958cecf010796ce2ad0bb148b9fd660dd52393972c541d9ae422eca,FakeSherbrooke,fake_sherbrooke,1,1024,1234,1234,9,38,154,108,127,526,2146,375,0,2146,,,1.1291254530005972,1.2782014869990235,session-3,3,3,raw_repetition,ok,
su2random_indep_qiskit_9,su2random,data/quantum_circuits/su2random_indep_qiskit_9.qasm,c6ee0cb7c958cecf010796ce2ad0bb148b9fd660dd52393972c541d9ae422eca,FakeSherbrooke,fake_sherbrooke,1,1024,1234,1234,9,38,154,108,127,526,2146,375,0,2146,,,1.0359190059971297,1.184995039995556,session-3,4,3,raw_repetition,ok,
twolocalrandom_indep_qiskit_2,twolocalrandom,data/quantum_circuits/twolocalrandom_indep_qiskit_2.qasm,806f1844d225682cd7d5d0b276b5567caa23697f73064d8a20347024bb03fe40,FakeSherbrooke,fake_sherbrooke,1,1024,1234,1234,2,8,14,3,127,20,31,3,0,31,0.017764340998837724,0.7428954739989422,0.646556766001595,0.6643211070004327,session-3,0,3,raw_repetition,ok,
twolocalrandom_indep_qiskit_2,twolocalrandom,data/quantum_circuits/twolocalrandom_indep_qiskit_2.qasm,806f1844d225682cd7d5d0b276b5567caa23697f73064d8a20347024bb03fe40,FakeSherbrooke,fake_sherbrooke,1,1024,1234,1234,2,8,14,3,127,20,31,3,0,31,,,0.6316470530000515,0.6494113939988893,session-3,1,3,raw_repetition,ok,
twolocalrandom_indep_qiskit_2,twolocalrandom,data/quantum_circuits/twolocalrandom_indep_qiskit_2.qasm,806f1844d225682cd7d5d0b276b5567caa23697f73064d8a20347024bb03fe40,FakeSherbrooke,fake_sherbrooke,1,1024,1234,1234,2,8,14,3,127,20,31,3,0,31,,,0.784382343001198,0.8021466840000357,session-3,2,3,raw_repetition,ok,
twolocalrandom_indep_qiskit_2,twolocalrandom,data/quantum_circuits/twolocalrandom_indep_qiskit_2.qasm,806f1844d225682cd7d5d0b276b5567caa23697f73064d8a20347024bb03fe40,FakeSherbrooke,fake_sherbrooke,1,1024,1234,1234,2,8,14,3,127,20,31,3,0,31,,,0.6312129280013323,0.64897726900017,session-3,3,3,raw_repetition,ok,
twolocalrandom_indep_qiskit_2,twolocalrandom,data/quantum_circuits/twolocalrandom_indep_qiskit_2.qasm,806f1844d225682cd7d5d0b276b5567caa23697f73064d8a20347024bb03fe40,FakeSherbrooke,fake_sherbrooke,1,1024,1234,1234,2,8,14,3,127,20,31,3,0,31,,,0.6353122250002343,0.653076565999072,session-3,4,3,raw_repetition,ok,
twolocalrandom_indep_qiskit_3,twolocalrandom,data/quantum_circuits/twolocalrandom_indep_qiskit_3.qasm,79b8fdfbfe6897a226612f9b9e27a4533aac4b48258335fb7746c5f10989cedc,FakeSherbrooke,fake_sherbrooke,1,1024,1234,1234,3,14,25,9,127,78,133,21,0,133,0.04413806599768577,0.7594215570024971,0.7553873390024819,0.7995254050001677,session-3,0,3,raw_repetition,ok,
twolocalrandom_indep_qiskit_3,twolocalrandom,data/quantum_circuits/twolocalrandom_indep_qiskit_3.qasm,79b8fdfbfe6897a226612f9b9e27a4533aac4b48258335fb7746c5f10989cedc,FakeSherbrooke,fake_sherbrooke,1,1024,1234,1234,3,14,25,9,127,78,133,21,0,133,,,0.6246132759988541,0.6687513419965398,session-3,1,3,raw_repetition,ok,
twolocalrandom_indep_qiskit_3,twolocalrandom,data/quantum_circuits/twolocalrandom_indep_qiskit_3.qasm,79b8fdfbfe6897a226612f9b9e27a4533aac4b48258335fb7746c5f10989cedc,FakeSherbrooke,fake_sherbrooke,1,1024,1234,1234,3,14,25,9,127,78,133,21,0,133,,,0.6202605370017409,0.6643986029994267,session-3,2,3,raw_repetition,ok,
twolocalrandom_indep_qiskit_3,twolocalrandom,data/quantum_circuits/twolocalrandom_indep_qiskit_3.qasm,79b8fdfbfe6897a226612f9b9e27a4533aac4b48258335fb7746c5f10989cedc,FakeSherbrooke,fake_sherbrooke,1,1024,1234,1234,3,14,25,9,127,78,133,21,0,133,,,0.7414368190002278,0.7855748849979136,session-3,3,3,raw_repetition,ok,
twolocalrandom_indep_qiskit_3,twolocalrandom,data/quantum_circuits/twolocalrandom_indep_qiskit_3.qasm,79b8fdfbfe6897a226612f9b9e27a4533aac4b48258335fb7746c5f10989cedc,FakeSherbrooke,fake_sherbrooke,1,1024,1234,1234,3,14,25,9,127,78,133,21,0,133,,,0.6176489280005626,0.6617869939982484,session-3,4,3,raw_repetition,ok,
twolocalrandom_indep_qiskit_4,twolocalrandom,data/quantum_circuits/twolocalrandom_indep_qiskit_4.qasm,187d76ac82884dc3202418b0e06077eec26afed0c625b228d76b4416e6bfa480,FakeSherbrooke,fake_sherbrooke,1,1024,1234,1234,4,18,39,18,127,173,319,54,0,319,0.051570807001553476,0.732963168000424,0.7866507760008972,0.8382215830024506,session-3,0,3,raw_repetition,ok,
twolocalrandom_indep_qiskit_4,twolocalrandom,data/quantum_circuits/twolocalrandom_indep_qiskit_4.qasm,187d76ac82884dc3202418b0e06077eec26afed0c625b228d76b4416e6bfa480,FakeSherbrooke,fake_sherbrooke,1,1024,1234,1234,4,18,39,18,127,173,319,54,0,319,,,0.6491208510014985,0.700691658003052,session-3,1,3,raw_repetition,ok,
twolocalrandom_indep_qiskit_4,twolocalrandom,data/quantum_circuits/twolocalrandom_indep_qiskit_4.qasm,187d76ac82884dc3202418b0e06077eec26afed0c625b228d76b4416e6bfa480,FakeSherbrooke,fake_sherbrooke,1,1024,1234,1234,4,18,39,18,127,173,319,54,0,319,,,0.630784238997876,0.6823550459994294,session-3,2,3,raw_repetition,ok,
twolocalrandom_indep_qiskit_4,twolocalrandom,data/quantum_circuits/twolocalrandom_indep_qiskit_4.qasm,187d76ac82884dc3202418b0e06077eec26afed0c625b228d76b4416e6bfa480,FakeSherbrooke,fake_sherbrooke,1,1024,1234,1234,4,18,39,18,127,173,319,54,0,319,,,0.7444721690008009,0.7960429760023544,session-3,3,3,raw_repetition,ok,
twolocalrandom_indep_qiskit_4,twolocalrandom,data/quantum_circuits/twolocalrandom_indep_qiskit_4.qasm,187d76ac82884dc3202418b0e06077eec26afed0c625b228d76b4416e6bfa480,FakeSherbrooke,fake_sherbrooke,1,1024,1234,1234,4,18,39,18,127,173,319,54,0,319,,,0.7571035509972717,0.8086743579988251,session-3,4,3,raw_repetition,ok,
twolocalrandom_indep_qiskit_5,twolocalrandom,data/quantum_circuits/twolocalrandom_indep_qiskit_5.qasm,8d3b3ff10a3a80d0dda4e7043cce2b222aaf9e3cc19caa194b8e87da40266ac5,FakeSherbrooke,fake_sherbrooke,1,1024,1234,1234,5,22,56,30,127,230,459,78,0,459,0.05462085900217062,0.6355292090011062,0.7608498820009117,0.8154707410030824,session-3,0,3,raw_repetition,ok,
twolocalrandom_indep_qiskit_5,twolocalrandom,data/quantum_circuits/twolocalrandom_indep_qiskit_5.qasm,8d3b3ff10a3a80d0dda4e7043cce2b222aaf9e3cc19caa194b8e87da40266ac5,FakeSherbrooke,fake_sherbrooke,1,1024,1234,1234,5,22,56,30,127,230,459,78,0,459,,,0.6200209089984128,0.6746417680005834,session-3,1,3,raw_repetition,ok,
twolocalrandom_indep_qiskit_5,twolocalrandom,data/quantum_circuits/twolocalrandom_indep_qiskit_5.qasm,8d3b3ff10a3a80d0dda4e7043cce2b222aaf9e3cc19caa194b8e87da40266ac5,FakeSherbrooke,fake_sherbrooke,1,1024,1234,1234,5,22,56,30,127,230,459,78,0,459,,,0.7553942359991197,0.8100150950012903,session-3,2,3,raw_repetition,ok,
twolocalrandom_indep_qiskit_5,twolocalrandom,data/quantum_circuits/twolocalrandom_indep_qiskit_5.qasm,8d3b3ff10a3a80d0dda4e7043cce2b222aaf9e3cc19caa194b8e87da40266ac5,FakeSherbrooke,fake_sherbrooke,1,1024,1234,1234,5,22,56,30,127,230,459,78,0,459,,,0.6301376409974182,0.6847584999995888,session-3,3,3,raw_repetition,ok,
twolocalrandom_indep_qiskit_5,twolocalrandom,data/quantum_circuits/twolocalrandom_indep_qiskit_5.qasm,8d3b3ff10a3a80d0dda4e7043cce2b222aaf9e3cc19caa194b8e87da40266ac5,FakeSherbrooke,fake_sherbrooke,1,1024,1234,1234,5,22,56,30,127,230,459,78,0,459,,,0.7596117890025198,0.8142326480046904,session-3,4,3,raw_repetition,ok,
twolocalrandom_indep_qiskit_6,twolocalrandom,data/quantum_circuits/twolocalrandom_indep_qiskit_6.qasm,c9931425f0767057491a7e6ab8f1ed937fde917a862097440f57606892bddde9,FakeSherbrooke,fake_sherbrooke,1,1024,1234,1234,6,26,76,45,127,397,839,147,0,839,0.0774567369990109,0.6534560649997729,0.78740838199883,0.8648651189978409,session-3,0,3,raw_repetition,ok,
twolocalrandom_indep_qiskit_6,twolocalrandom,data/quantum_circuits/twolocalrandom_indep_qiskit_6.qasm,c9931425f0767057491a7e6ab8f1ed937fde917a862097440f57606892bddde9,FakeSherbrooke,fake_sherbrooke,1,1024,1234,1234,6,26,76,45,127,397,839,147,0,839,,,0.8210966549995646,0.8985533919985755,session-3,1,3,raw_repetition,ok,
twolocalrandom_indep_qiskit_6,twolocalrandom,data/quantum_circuits/twolocalrandom_indep_qiskit_6.qasm,c9931425f0767057491a7e6ab8f1ed937fde917a862097440f57606892bddde9,FakeSherbrooke,fake_sherbrooke,1,1024,1234,1234,6,26,76,45,127,397,839,147,0,839,,,0.6763286220011651,0.753785359000176,session-3,2,3,raw_repetition,ok,
twolocalrandom_indep_qiskit_6,twolocalrandom,data/quantum_circuits/twolocalrandom_indep_qiskit_6.qasm,c9931425f0767057491a7e6ab8f1ed937fde917a862097440f57606892bddde9,FakeSherbrooke,fake_sherbrooke,1,1024,1234,1234,6,26,76,45,127,397,839,147,0,839,,,0.6609772019983211,0.738433938997332,session-3,3,3,raw_repetition,ok,
twolocalrandom_indep_qiskit_6,twolocalrandom,data/quantum_circuits/twolocalrandom_indep_qiskit_6.qasm,c9931425f0767057491a7e6ab8f1ed937fde917a862097440f57606892bddde9,FakeSherbrooke,fake_sherbrooke,1,1024,1234,1234,6,26,76,45,127,397,839,147,0,839,,,0.8088849570012826,0.8863416940002935,session-3,4,3,raw_repetition,ok,
twolocalrandom_indep_qiskit_7,twolocalrandom,data/quantum_circuits/twolocalrandom_indep_qiskit_7.qasm,af19d23c83544c8b7f6be5c42e0254336c9902c1ef454c06b9d45c4582d2fd3d,FakeSherbrooke,fake_sherbrooke,1,1024,1234,1234,7,30,99,63,127,482,1180,213,0,1180,0.0954744849987037,0.7569489510024141,0.912882135999098,1.0083566209978017,session-3,0,3,raw_repetition,ok,
twolocalrandom_indep_qiskit_7,twolocalrandom,data/quantum_circuits/twolocalrandom_indep_qiskit_7.qasm,af19d23c83544c8b7f6be5c42e0254336c9902c1ef454c06b9d45c4582d2fd3d,FakeSherbrooke,fake_sherbrooke,1,1024,1234,1234,7,30,99,63,127,482,1180,213,0,1180,,,0.7746601789986016,0.8701346639973053,session-3,1,3,raw_repetition,ok,
twolocalrandom_indep_qiskit_7,twolocalrandom,data/quantum_circuits/twolocalrandom_indep_qiskit_7.qasm,af19d23c83544c8b7f6be5c42e0254336c9902c1ef454c06b9d45c4582d2fd3d,FakeSherbrooke,fake_sherbrooke,1,1024,1234,1234,7,30,99,63,127,482,1180,213,0,1180,,,0.7671406699992076,0.8626151549979113,session-3,2,3,raw_repetition,ok,
twolocalrandom_indep_qiskit_7,twolocalrandom,data/quantum_circuits/twolocalrandom_indep_qiskit_7.qasm,af19d23c83544c8b7f6be5c42e0254336c9902c1ef454c06b9d45c4582d2fd3d,FakeSherbrooke,fake_sherbrooke,1,1024,1234,1234,7,30,99,63,127,482,1180,213,0,1180,,,0.9114529920007044,1.006927476999408,session-3,3,3,raw_repetition,ok,
twolocalrandom_indep_qiskit_7,twolocalrandom,data/quantum_circuits/twolocalrandom_indep_qiskit_7.qasm,af19d23c83544c8b7f6be5c42e0254336c9902c1ef454c06b9d45c4582d2fd3d,FakeSherbrooke,fake_sherbrooke,1,1024,1234,1234,7,30,99,63,127,482,1180,213,0,1180,,,0.7700855250004679,0.8655600099991716,session-3,4,3,raw_repetition,ok,
twolocalrandom_indep_qiskit_8,twolocalrandom,data/quantum_circuits/twolocalrandom_indep_qiskit_8.qasm,8ea085ea0c0185c560746ab5988221e203c457e2afbb475976fb99f718e2dad1,FakeSherbrooke,fake_sherbrooke,1,1024,1234,1234,8,34,125,84,127,654,1664,300,0,1664,0.12284386100145639,0.7263362189987674,0.7420867450018704,0.8649306060033268,session-3,0,3,raw_repetition,ok,
twolocalrandom_indep_qiskit_8,twolocalrandom,data/quantum_circuits/twolocalrandom_indep_qiskit_8.qasm,8ea085ea0c0185c560746ab5988221e203c457e2afbb475976fb99f718e2dad1,FakeSherbrooke,fake_sherbrooke,1,1024,1234,1234,8,34,125,84,127,654,1664,300,0,1664,,,0.7332327680014714,0.8560766290029278,session-3,1,3,raw_repetition,ok,
twolocalrandom_indep_qiskit_8,twolocalrandom,data/quantum_circuits/twolocalrandom_indep_qiskit_8.qasm,8ea085ea0c0185c560746ab5988221e203c457e2afbb475976fb99f718e2dad1,FakeSherbrooke,fake_sherbrooke,1,1024,1234,1234,8,34,125,84,127,654,1664,300,0,1664,,,0.8622253889989224,0.9850692500003788,session-3,2,3,raw_repetition,ok,
twolocalrandom_indep_qiskit_8,twolocalrandom,data/quantum_circuits/twolocalrandom_indep_qiskit_8.qasm,8ea085ea0c0185c560746ab5988221e203c457e2afbb475976fb99f718e2dad1,FakeSherbrooke,fake_sherbrooke,1,1024,1234,1234,8,34,125,84,127,654,1664,300,0,1664,,,0.7394485909971991,0.8622924519986555,session-3,3,3,raw_repetition,ok,
twolocalrandom_indep_qiskit_8,twolocalrandom,data/quantum_circuits/twolocalrandom_indep_qiskit_8.qasm,8ea085ea0c0185c560746ab5988221e203c457e2afbb475976fb99f718e2dad1,FakeSherbrooke,fake_sherbrooke,1,1024,1234,1234,8,34,125,84,127,654,1664,300,0,1664,,,0.7464976020019094,0.8693414630033658,session-3,4,3,raw_repetition,ok,
twolocalrandom_indep_qiskit_9,twolocalrandom,data/quantum_circuits/twolocalrandom_indep_qiskit_9.qasm,bdd8a427e9747bbc01ad8e77a22d61f0314fe8db0de17786839f2193ab0928bd,FakeSherbrooke,fake_sherbrooke,1,1024,1234,1234,9,38,154,108,127,513,2101,375,0,2101,0.14531945400085533,1.1409784559982654,1.0248590350020095,1.1701784890028648,session-3,0,3,raw_repetition,ok,
twolocalrandom_indep_qiskit_9,twolocalrandom,data/quantum_circuits/twolocalrandom_indep_qiskit_9.qasm,bdd8a427e9747bbc01ad8e77a22d61f0314fe8db0de17786839f2193ab0928bd,FakeSherbrooke,fake_sherbrooke,1,1024,1234,1234,9,38,154,108,127,513,2101,375,0,2101,,,1.1430002849992889,1.2883197390001442,session-3,1,3,raw_repetition,ok,
twolocalrandom_indep_qiskit_9,twolocalrandom,data/quantum_circuits/twolocalrandom_indep_qiskit_9.qasm,bdd8a427e9747bbc01ad8e77a22d61f0314fe8db0de17786839f2193ab0928bd,FakeSherbrooke,fake_sherbrooke,1,1024,1234,1234,9,38,154,108,127,513,2101,375,0,2101,,,1.0109287619998213,1.1562482160006766,session-3,2,3,raw_repetition,ok,
twolocalrandom_indep_qiskit_9,twolocalrandom,data/quantum_circuits/twolocalrandom_indep_qiskit_9.qasm,bdd8a427e9747bbc01ad8e77a22d61f0314fe8db0de17786839f2193ab0928bd,FakeSherbrooke,fake_sherbrooke,1,1024,1234,1234,9,38,154,108,127,513,2101,375,0,2101,,,1.137033668001095,1.2823531220019504,session-3,3,3,raw_repetition,ok,
twolocalrandom_indep_qiskit_9,twolocalrandom,data/quantum_circuits/twolocalrandom_indep_qiskit_9.qasm,bdd8a427e9747bbc01ad8e77a22d61f0314fe8db0de17786839f2193ab0928bd,FakeSherbrooke,fake_sherbrooke,1,1024,1234,1234,9,38,154,108,127,513,2101,375,0,2101,,,1.005757105001976,1.1510765590028313,session-3,4,3,raw_repetition,ok,
vqe_indep_qiskit_3,vqe,data/quantum_circuits/vqe_indep_qiskit_3.qasm,92c02520f591e3d46218c6839b62acb2a1d5fbcc2ceba197b9265653f1737b24,FakeSherbrooke,fake_sherbrooke,1,1024,1234,1234,3,8,17,4,127,21,41,4,0,41,0.020584691999829374,0.7246745850025036,0.627274722999573,0.6478594149994024,session-3,0,3,raw_repetition,ok,
vqe_indep_qiskit_3,vqe,data/quantum_circuits/vqe_indep_qiskit_3.qasm,92c02520f591e3d46218c6839b62acb2a1d5fbcc2ceba197b9265653f1737b24,FakeSherbrooke,fake_sherbrooke,1,1024,1234,1234,3,8,17,4,127,21,41,4,0,41,,,0.6221860040022875,0.6427706960021169,session-3,1,3,raw_repetition,ok,
vqe_indep_qiskit_3,vqe,data/quantum_circuits/vqe_indep_qiskit_3.qasm,92c02520f591e3d46218c6839b62acb2a1d5fbcc2ceba197b9265653f1737b24,FakeSherbrooke,fake_sherbrooke,1,1024,1234,1234,3,8,17,4,127,21,41,4,0,41,,,0.7505537510005524,0.7711384430003818,session-3,2,3,raw_repetition,ok,
vqe_indep_qiskit_3,vqe,data/quantum_circuits/vqe_indep_qiskit_3.qasm,92c02520f591e3d46218c6839b62acb2a1d5fbcc2ceba197b9265653f1737b24,FakeSherbrooke,fake_sherbrooke,1,1024,1234,1234,3,8,17,4,127,21,41,4,0,41,,,0.6248939319993951,0.6454786239992245,session-3,3,3,raw_repetition,ok,
vqe_indep_qiskit_3,vqe,data/quantum_circuits/vqe_indep_qiskit_3.qasm,92c02520f591e3d46218c6839b62acb2a1d5fbcc2ceba197b9265653f1737b24,FakeSherbrooke,fake_sherbrooke,1,1024,1234,1234,3,8,17,4,127,21,41,4,0,41,,,0.6184946940011287,0.639079386000958,session-3,4,3,raw_repetition,ok,
vqe_indep_qiskit_4,vqe,data/quantum_circuits/vqe_indep_qiskit_4.qasm,23a9403cafedb94bbd2f39d4d9106aca7f890047719b80231d86ac9fb8382383,FakeSherbrooke,fake_sherbrooke,1,1024,1234,1234,4,9,23,6,127,25,57,6,0,57,0.022159830001328373,0.74107515599826,0.6150109039990639,0.6371707340003923,session-3,0,3,raw_repetition,ok,
vqe_indep_qiskit_4,vqe,data/quantum_circuits/vqe_indep_qiskit_4.qasm,23a9403cafedb94bbd2f39d4d9106aca7f890047719b80231d86ac9fb8382383,FakeSherbrooke,fake_sherbrooke,1,1024,1234,1234,4,9,23,6,127,25,57,6,0,57,,,0.7344708740019996,0.756630704003328,session-3,1,3,raw_repetition,ok,
vqe_indep_qiskit_4,vqe,data/quantum_circuits/vqe_indep_qiskit_4.qasm,23a9403cafedb94bbd2f39d4d9106aca7f890047719b80231d86ac9fb8382383,FakeSherbrooke,fake_sherbrooke,1,1024,1234,1234,4,9,23,6,127,25,57,6,0,57,,,0.633112699000776,0.6552725290021044,session-3,2,3,raw_repetition,ok,
vqe_indep_qiskit_4,vqe,data/quantum_circuits/vqe_indep_qiskit_4.qasm,23a9403cafedb94bbd2f39d4d9106aca7f890047719b80231d86ac9fb8382383,FakeSherbrooke,fake_sherbrooke,1,1024,1234,1234,4,9,23,6,127,25,57,6,0,57,,,0.7461720289975347,0.768331858998863,session-3,3,3,raw_repetition,ok,
vqe_indep_qiskit_4,vqe,data/quantum_circuits/vqe_indep_qiskit_4.qasm,23a9403cafedb94bbd2f39d4d9106aca7f890047719b80231d86ac9fb8382383,FakeSherbrooke,fake_sherbrooke,1,1024,1234,1234,4,9,23,6,127,25,57,6,0,57,,,0.6241164849998313,0.6462763150011597,session-3,4,3,raw_repetition,ok,
vqe_indep_qiskit_5,vqe,data/quantum_circuits/vqe_indep_qiskit_5.qasm,8c7594c05053bb7af0015bd637170a669e9d39c1da6edce6a769992b6ef5c9cb,FakeSherbrooke,fake_sherbrooke,1,1024,1234,1234,5,10,29,8,127,28,74,8,0,74,0.020470627998292912,0.7249208479988738,0.7542527650002739,0.7747233929985669,session-3,0,3,raw_repetition,ok,
vqe_indep_qiskit_5,vqe,data/quantum_circuits/vqe_indep_qiskit_5.qasm,8c7594c05053bb7af0015bd637170a669e9d39c1da6edce6a769992b6ef5c9cb,FakeSherbrooke,fake_sherbrooke,1,1024,1234,1234,5,10,29,8,127,28,74,8,0,74,,,0.6144194600019546,0.6348900880002475,session-3,1,3,raw_repetition,ok,
vqe_indep_qiskit_5,vqe,data/quantum_circuits/vqe_indep_qiskit_5.qasm,8c7594c05053bb7af0015bd637170a669e9d39c1da6edce6a769992b6ef5c9cb,FakeSherbrooke,fake_sherbrooke,1,1024,1234,1234,5,10,29,8,127,28,74,8,0,74,,,0.7281078000014531,0.748578427999746,session-3,2,3,raw_repetition,ok,
vqe_indep_qiskit_5,vqe,data/quantum_circuits/vqe_indep_qiskit_5.qasm,8c7594c05053bb7af0015bd637170a669e9d39c1da6edce6a769992b6ef5c9cb,FakeSherbrooke,fake_sherbrooke,1,1024,1234,1234,5,10,29,8,127,28,74,8,0,74,,,0.7538948750006966,0.7743655029989895,session-3,3,3,raw_repetition,ok,
vqe_indep_qiskit_5,vqe,data/quantum_circuits/vqe_indep_qiskit_5.qasm,8c7594c05053bb7af0015bd637170a669e9d39c1da6edce6a769992b6ef5c9cb,FakeSherbrooke,fake_sherbrooke,1,1024,1234,1234,5,10,29,8,127,28,74,8,0,74,,,0.6404803029981849,0.6609509309964778,session-3,4,3,raw_repetition,ok,
vqe_indep_qiskit_6,vqe,data/quantum_circuits/vqe_indep_qiskit_6.qasm,58501be4f197f4efd57535977a245f6adb39216116363b46836664cd6ca29e10,FakeSherbrooke,fake_sherbrooke,1,1024,1234,1234,6,11,35,10,127,30,88,10,0,88,0.022583697002119152,0.6432120000026771,0.6382001290003245,0.6607838260024437,session-3,0,3,raw_repetition,ok,
vqe_indep_qiskit_6,vqe,data/quantum_circuits/vqe_indep_qiskit_6.qasm,58501be4f197f4efd57535977a245f6adb39216116363b46836664cd6ca29e10,FakeSherbrooke,fake_sherbrooke,1,1024,1234,1234,6,11,35,10,127,30,88,10,0,88,,,0.616257700999995,0.6388413980021141,session-3,1,3,raw_repetition,ok,
vqe_indep_qiskit_6,vqe,data/quantum_circuits/vqe_indep_qiskit_6.qasm,58501be4f197f4efd57535977a245f6adb39216116363b46836664cd6ca29e10,FakeSherbrooke,fake_sherbrooke,1,1024,1234,1234,6,11,35,10,127,30,88,10,0,88,,,0.7838374429993564,0.8064211400014756,session-3,2,3,raw_repetition,ok,
vqe_indep_qiskit_6,vqe,data/quantum_circuits/vqe_indep_qiskit_6.qasm,58501be4f197f4efd57535977a245f6adb39216116363b46836664cd6ca29e10,FakeSherbrooke,fake_sherbrooke,1,1024,1234,1234,6,11,35,10,127,30,88,10,0,88,,,0.6525881540001137,0.6751718510022329,session-3,3,3,raw_repetition,ok,
vqe_indep_qiskit_6,vqe,data/quantum_circuits/vqe_indep_qiskit_6.qasm,58501be4f197f4efd57535977a245f6adb39216116363b46836664cd6ca29e10,FakeSherbrooke,fake_sherbrooke,1,1024,1234,1234,6,11,35,10,127,30,88,10,0,88,,,0.6403484270012996,0.6629321240034187,session-3,4,3,raw_repetition,ok,
vqe_indep_qiskit_7,vqe,data/quantum_circuits/vqe_indep_qiskit_7.qasm,63b92ee6c5b54da107e9016de97e2cb7768bfb970ebc025650706533e47d3caf,FakeSherbrooke,fake_sherbrooke,1,1024,1234,1234,7,12,41,12,127,33,104,12,0,104,0.025918767998518888,0.7705540230017505,0.7862407439970411,0.81215951199556,session-3,0,3,raw_repetition,ok,
vqe_indep_qiskit_7,vqe,data/quantum_circuits/vqe_indep_qiskit_7.qasm,63b92ee6c5b54da107e9016de97e2cb7768bfb970ebc025650706533e47d3caf,FakeSherbrooke,fake_sherbrooke,1,1024,1234,1234,7,12,41,12,127,33,104,12,0,104,,,0.6597171159992286,0.6856358839977474,session-3,1,3,raw_repetition,ok,
vqe_indep_qiskit_7,vqe,data/quantum_circuits/vqe_indep_qiskit_7.qasm,63b92ee6c5b54da107e9016de97e2cb7768bfb970ebc025650706533e47d3caf,FakeSherbrooke,fake_sherbrooke,1,1024,1234,1234,7,12,41,12,127,33,104,12,0,104,,,0.6427362760005053,0.6686550439990242,session-3,2,3,raw_repetition,ok,
vqe_indep_qiskit_7,vqe,data/quantum_circuits/vqe_indep_qiskit_7.qasm,63b92ee6c5b54da107e9016de97e2cb7768bfb970ebc025650706533e47d3caf,FakeSherbrooke,fake_sherbrooke,1,1024,1234,1234,7,12,41,12,127,33,104,12,0,104,,,0.7706330699984392,0.7965518379969581,session-3,3,3,raw_repetition,ok,
vqe_indep_qiskit_7,vqe,data/quantum_circuits/vqe_indep_qiskit_7.qasm,63b92ee6c5b54da107e9016de97e2cb7768bfb970ebc025650706533e47d3caf,FakeSherbrooke,fake_sherbrooke,1,1024,1234,1234,7,12,41,12,127,33,104,12,0,104,,,0.7892469010002969,0.8151656689988158,session-3,4,3,raw_repetition,ok,
vqe_indep_qiskit_8,vqe,data/quantum_circuits/vqe_indep_qiskit_8.qasm,6e066adb38de82d96650b3f806e398374e88912fd4688ab9c98f3c94dcd33e16,FakeSherbrooke,fake_sherbrooke,1,1024,1234,1234,8,13,47,14,127,35,114,14,0,114,0.02579314499962493,0.6590890349980327,0.7707527579987072,0.7965459029983322,session-3,0,3,raw_repetition,ok,
vqe_indep_qiskit_8,vqe,data/quantum_circuits/vqe_indep_qiskit_8.qasm,6e066adb38de82d96650b3f806e398374e88912fd4688ab9c98f3c94dcd33e16,FakeSherbrooke,fake_sherbrooke,1,1024,1234,1234,8,13,47,14,127,35,114,14,0,114,,,0.637550284001918,0.663343429001543,session-3,1,3,raw_repetition,ok,
vqe_indep_qiskit_8,vqe,data/quantum_circuits/vqe_indep_qiskit_8.qasm,6e066adb38de82d96650b3f806e398374e88912fd4688ab9c98f3c94dcd33e16,FakeSherbrooke,fake_sherbrooke,1,1024,1234,1234,8,13,47,14,127,35,114,14,0,114,,,0.6240893809990666,0.6498825259986916,session-3,2,3,raw_repetition,ok,
vqe_indep_qiskit_8,vqe,data/quantum_circuits/vqe_indep_qiskit_8.qasm,6e066adb38de82d96650b3f806e398374e88912fd4688ab9c98f3c94dcd33e16,FakeSherbrooke,fake_sherbrooke,1,1024,1234,1234,8,13,47,14,127,35,114,14,0,114,,,0.7625316470002872,0.7883247919999121,session-3,3,3,raw_repetition,ok,
vqe_indep_qiskit_8,vqe,data/quantum_circuits/vqe_indep_qiskit_8.qasm,6e066adb38de82d96650b3f806e398374e88912fd4688ab9c98f3c94dcd33e16,FakeSherbrooke,fake_sherbrooke,1,1024,1234,1234,8,13,47,14,127,35,114,14,0,114,,,0.6533774159979657,0.6791705609975907,session-3,4,3,raw_repetition,ok,
vqe_indep_qiskit_9,vqe,data/quantum_circuits/vqe_indep_qiskit_9.qasm,bbafe35368c1a915635c383f6aaa4ec709a7c6e055550875d4de11ca0983dbb5,FakeSherbrooke,fake_sherbrooke,1,1024,1234,1234,9,14,53,16,127,40,134,16,0,134,0.025933738997991895,0.8238945089979097,0.6589949089975562,0.6849286479955481,session-3,0,3,raw_repetition,ok,
vqe_indep_qiskit_9,vqe,data/quantum_circuits/vqe_indep_qiskit_9.qasm,bbafe35368c1a915635c383f6aaa4ec709a7c6e055550875d4de11ca0983dbb5,FakeSherbrooke,fake_sherbrooke,1,1024,1234,1234,9,14,53,16,127,40,134,16,0,134,,,0.6548418839993246,0.6807756229973165,session-3,1,3,raw_repetition,ok,
vqe_indep_qiskit_9,vqe,data/quantum_circuits/vqe_indep_qiskit_9.qasm,bbafe35368c1a915635c383f6aaa4ec709a7c6e055550875d4de11ca0983dbb5,FakeSherbrooke,fake_sherbrooke,1,1024,1234,1234,9,14,53,16,127,40,134,16,0,134,,,0.7872151020019373,0.8131488409999292,session-3,2,3,raw_repetition,ok,
vqe_indep_qiskit_9,vqe,data/quantum_circuits/vqe_indep_qiskit_9.qasm,bbafe35368c1a915635c383f6aaa4ec709a7c6e055550875d4de11ca0983dbb5,FakeSherbrooke,fake_sherbrooke,1,1024,1234,1234,9,14,53,16,127,40,134,16,0,134,,,0.6530058630014537,0.6789396019994456,session-3,3,3,raw_repetition,ok,
vqe_indep_qiskit_9,vqe,data/quantum_circuits/vqe_indep_qiskit_9.qasm,bbafe35368c1a915635c383f6aaa4ec709a7c6e055550875d4de11ca0983dbb5,FakeSherbrooke,fake_sherbrooke,1,1024,1234,1234,9,14,53,16,127,40,134,16,0,134,,,0.7941441479997593,0.8200778869977512,session-3,4,3,raw_repetition,ok,
wstate_indep_qiskit_2,wstate,data/quantum_circuits/wstate_indep_qiskit_2.qasm,75b1db396e34d1f1b234ea8dcdc253203a770cecce7f48bb8a126860723c43df,FakeSherbrooke,fake_sherbrooke,1,1024,1234,1234,2,5,8,2,127,11,20,2,0,20,0.017713991001073737,0.752317505000974,0.6422257209997042,0.659939712000778,session-3,0,3,raw_repetition,ok,
wstate_indep_qiskit_2,wstate,data/quantum_circuits/wstate_indep_qiskit_2.qasm,75b1db396e34d1f1b234ea8dcdc253203a770cecce7f48bb8a126860723c43df,FakeSherbrooke,fake_sherbrooke,1,1024,1234,1234,2,5,8,2,127,11,20,2,0,20,,,0.7458580719976453,0.763572062998719,session-3,1,3,raw_repetition,ok,
wstate_indep_qiskit_2,wstate,data/quantum_circuits/wstate_indep_qiskit_2.qasm,75b1db396e34d1f1b234ea8dcdc253203a770cecce7f48bb8a126860723c43df,FakeSherbrooke,fake_sherbrooke,1,1024,1234,1234,2,5,8,2,127,11,20,2,0,20,,,0.6248027369983902,0.6425167279994639,session-3,2,3,raw_repetition,ok,
wstate_indep_qiskit_2,wstate,data/quantum_circuits/wstate_indep_qiskit_2.qasm,75b1db396e34d1f1b234ea8dcdc253203a770cecce7f48bb8a126860723c43df,FakeSherbrooke,fake_sherbrooke,1,1024,1234,1234,2,5,8,2,127,11,20,2,0,20,,,0.6213487290006015,0.6390627200016752,session-3,3,3,raw_repetition,ok,
wstate_indep_qiskit_2,wstate,data/quantum_circuits/wstate_indep_qiskit_2.qasm,75b1db396e34d1f1b234ea8dcdc253203a770cecce7f48bb8a126860723c43df,FakeSherbrooke,fake_sherbrooke,1,1024,1234,1234,2,5,8,2,127,11,20,2,0,20,,,0.7382297200019821,0.7559437110030558,session-3,4,3,raw_repetition,ok,
wstate_indep_qiskit_3,wstate,data/quantum_circuits/wstate_indep_qiskit_3.qasm,50a5fc62010017f60b77f8c81e9ddf9bd95419be272d2ec5ed1445aae0c7ac92,FakeSherbrooke,fake_sherbrooke,1,1024,1234,1234,3,7,13,4,127,20,37,4,0,37,0.02027083899884019,0.6202178009989439,0.7881642679967626,0.8084351069956028,session-3,0,3,raw_repetition,ok,
wstate_indep_qiskit_3,wstate,data/quantum_circuits/wstate_indep_qiskit_3.qasm,50a5fc62010017f60b77f8c81e9ddf9bd95419be272d2ec5ed1445aae0c7ac92,FakeSherbrooke,fake_sherbrooke,1,1024,1234,1234,3,7,13,4,127,20,37,4,0,37,,,0.6512624009992578,0.671533239998098,session-3,1,3,raw_repetition,ok,
wstate_indep_qiskit_3,wstate,data/quantum_circuits/wstate_indep_qiskit_3.qasm,50a5fc62010017f60b77f8c81e9ddf9bd95419be272d2ec5ed1445aae0c7ac92,FakeSherbrooke,fake_sherbrooke,1,1024,1234,1234,3,7,13,4,127,20,37,4,0,37,,,0.6276398700028949,0.6479107090017351,session-3,2,3,raw_repetition,ok,
wstate_indep_qiskit_3,wstate,data/quantum_circuits/wstate_indep_qiskit_3.qasm,50a5fc62010017f60b77f8c81e9ddf9bd95419be272d2ec5ed1445aae0c7ac92,FakeSherbrooke,fake_sherbrooke,1,1024,1234,1234,3,7,13,4,127,20,37,4,0,37,,,0.7539955140018719,0.7742663530007121,session-3,3,3,raw_repetition,ok,
wstate_indep_qiskit_3,wstate,data/quantum_circuits/wstate_indep_qiskit_3.qasm,50a5fc62010017f60b77f8c81e9ddf9bd95419be272d2ec5ed1445aae0c7ac92,FakeSherbrooke,fake_sherbrooke,1,1024,1234,1234,3,7,13,4,127,20,37,4,0,37,,,0.6223665610013995,0.6426374000002397,session-3,4,3,raw_repetition,ok,
wstate_indep_qiskit_4,wstate,data/quantum_circuits/wstate_indep_qiskit_4.qasm,387f2f6f12a10e034ae5b68c11336a9874e87f20871579eec585bfd7311f38c8,FakeSherbrooke,fake_sherbrooke,1,1024,1234,1234,4,9,18,6,127,22,50,6,0,50,0.02002266500130645,0.7514671250028186,0.6216464659992198,0.6416691310005262,session-3,0,3,raw_repetition,ok,
wstate_indep_qiskit_4,wstate,data/quantum_circuits/wstate_indep_qiskit_4.qasm,387f2f6f12a10e034ae5b68c11336a9874e87f20871579eec585bfd7311f38c8,FakeSherbrooke,fake_sherbrooke,1,1024,1234,1234,4,9,18,6,127,22,50,6,0,50,,,0.7600586660009867,0.7800813310022932,session-3,1,3,raw_repetition,ok,
wstate_indep_qiskit_4,wstate,data/quantum_circuits/wstate_indep_qiskit_4.qasm,387f2f6f12a10e034ae5b68c11336a9874e87f20871579eec585bfd7311f38c8,FakeSherbrooke,fake_sherbrooke,1,1024,1234,1234,4,9,18,6,127,22,50,6,0,50,,,0.629814787000214,0.6498374520015204,session-3,2,3,raw_repetition,ok,
wstate_indep_qiskit_4,wstate,data/quantum_circuits/wstate_indep_qiskit_4.qasm,387f2f6f12a10e034ae5b68c11336a9874e87f20871579eec585bfd7311f38c8,FakeSherbrooke,fake_sherbrooke,1,1024,1234,1234,4,9,18,6,127,22,50,6,0,50,,,0.621311216000322,0.6413338810016285,session-3,3,3,raw_repetition,ok,
wstate_indep_qiskit_4,wstate,data/quantum_circuits/wstate_indep_qiskit_4.qasm,387f2f6f12a10e034ae5b68c11336a9874e87f20871579eec585bfd7311f38c8,FakeSherbrooke,fake_sherbrooke,1,1024,1234,1234,4,9,18,6,127,22,50,6,0,50,,,0.7530764319999435,0.7730990970012499,session-3,4,3,raw_repetition,ok,
wstate_indep_qiskit_5,wstate,data/quantum_circuits/wstate_indep_qiskit_5.qasm,dc97062e3adcbcaf813cae5e970c8a0357a239b8d4a09e77a4e3e4625532d209,FakeSherbrooke,fake_sherbrooke,1,1024,1234,1234,5,11,23,8,127,27,67,8,0,67,0.02174236800055951,0.6220685400003276,0.7469747199975245,0.768717087998084,session-3,0,3,raw_repetition,ok,
wstate_indep_qiskit_5,wstate,data/quantum_circuits/wstate_indep_qiskit_5.qasm,dc97062e3adcbcaf813cae5e970c8a0357a239b8d4a09e77a4e3e4625532d209,FakeSherbrooke,fake_sherbrooke,1,1024,1234,1234,5,11,23,8,127,27,67,8,0,67,,,0.6264906729993527,0.6482330409999122,session-3,1,3,raw_repetition,ok,
wstate_indep_qiskit_5,wstate,data/quantum_circuits/wstate_indep_qiskit_5.qasm,dc97062e3adcbcaf813cae5e970c8a0357a239b8d4a09e77a4e3e4625532d209,FakeSherbrooke,fake_sherbrooke,1,1024,1234,1234,5,11,23,8,127,27,67,8,0,67,,,0.6380933500004176,0.6598357180009771,session-3,2,3,raw_repetition,ok,
wstate_indep_qiskit_5,wstate,data/quantum_circuits/wstate_indep_qiskit_5.qasm,dc97062e3adcbcaf813cae5e970c8a0357a239b8d4a09e77a4e3e4625532d209,FakeSherbrooke,fake_sherbrooke,1,1024,1234,1234,5,11,23,8,127,27,67,8,0,67,,,0.7470338050006831,0.7687761730012426,session-3,3,3,raw_repetition,ok,
wstate_indep_qiskit_5,wstate,data/quantum_circuits/wstate_indep_qiskit_5.qasm,dc97062e3adcbcaf813cae5e970c8a0357a239b8d4a09e77a4e3e4625532d209,FakeSherbrooke,fake_sherbrooke,1,1024,1234,1234,5,11,23,8,127,27,67,8,0,67,,,0.6279387989998213,0.6496811670003808,session-3,4,3,raw_repetition,ok,
wstate_indep_qiskit_6,wstate,data/quantum_circuits/wstate_indep_qiskit_6.qasm,dbfb4dd8bf80cda30461759a3169ec60ac535a27409cf938f691179c6a121ebd,FakeSherbrooke,fake_sherbrooke,1,1024,1234,1234,6,13,28,10,127,32,84,10,0,84,0.14774929999839514,0.6198536929987313,0.7389185829997587,0.8866678829981538,session-3,0,3,raw_repetition,ok,
wstate_indep_qiskit_6,wstate,data/quantum_circuits/wstate_indep_qiskit_6.qasm,dbfb4dd8bf80cda30461759a3169ec60ac535a27409cf938f691179c6a121ebd,FakeSherbrooke,fake_sherbrooke,1,1024,1234,1234,6,13,28,10,127,32,84,10,0,84,,,0.6316877669996757,0.7794370669980708,session-3,1,3,raw_repetition,ok,
wstate_indep_qiskit_6,wstate,data/quantum_circuits/wstate_indep_qiskit_6.qasm,dbfb4dd8bf80cda30461759a3169ec60ac535a27409cf938f691179c6a121ebd,FakeSherbrooke,fake_sherbrooke,1,1024,1234,1234,6,13,28,10,127,32,84,10,0,84,,,0.7406973159995687,0.8884466159979638,session-3,2,3,raw_repetition,ok,
wstate_indep_qiskit_6,wstate,data/quantum_circuits/wstate_indep_qiskit_6.qasm,dbfb4dd8bf80cda30461759a3169ec60ac535a27409cf938f691179c6a121ebd,FakeSherbrooke,fake_sherbrooke,1,1024,1234,1234,6,13,28,10,127,32,84,10,0,84,,,0.7851478740012681,0.9328971739996632,session-3,3,3,raw_repetition,ok,
wstate_indep_qiskit_6,wstate,data/quantum_circuits/wstate_indep_qiskit_6.qasm,dbfb4dd8bf80cda30461759a3169ec60ac535a27409cf938f691179c6a121ebd,FakeSherbrooke,fake_sherbrooke,1,1024,1234,1234,6,13,28,10,127,32,84,10,0,84,,,0.6257422729977407,0.7734915729961358,session-3,4,3,raw_repetition,ok,
wstate_indep_qiskit_7,wstate,data/quantum_circuits/wstate_indep_qiskit_7.qasm,1dab21c93a580f711efff03a0f4a1d82985cf201219e886ab246e03a9011735c,FakeSherbrooke,fake_sherbrooke,1,1024,1234,1234,7,15,33,12,127,37,101,12,0,101,0.024434970000584144,0.6294291879967204,0.632882955000241,0.6573179250008252,session-3,0,3,raw_repetition,ok,
wstate_indep_qiskit_7,wstate,data/quantum_circuits/wstate_indep_qiskit_7.qasm,1dab21c93a580f711efff03a0f4a1d82985cf201219e886ab246e03a9011735c,FakeSherbrooke,fake_sherbrooke,1,1024,1234,1234,7,15,33,12,127,37,101,12,0,101,,,0.6282938999975158,0.6527288699981,session-3,1,3,raw_repetition,ok,
wstate_indep_qiskit_7,wstate,data/quantum_circuits/wstate_indep_qiskit_7.qasm,1dab21c93a580f711efff03a0f4a1d82985cf201219e886ab246e03a9011735c,FakeSherbrooke,fake_sherbrooke,1,1024,1234,1234,7,15,33,12,127,37,101,12,0,101,,,0.7709221750010329,0.795357145001617,session-3,2,3,raw_repetition,ok,
wstate_indep_qiskit_7,wstate,data/quantum_circuits/wstate_indep_qiskit_7.qasm,1dab21c93a580f711efff03a0f4a1d82985cf201219e886ab246e03a9011735c,FakeSherbrooke,fake_sherbrooke,1,1024,1234,1234,7,15,33,12,127,37,101,12,0,101,,,0.6543866960018931,0.6788216660024773,session-3,3,3,raw_repetition,ok,
wstate_indep_qiskit_7,wstate,data/quantum_circuits/wstate_indep_qiskit_7.qasm,1dab21c93a580f711efff03a0f4a1d82985cf201219e886ab246e03a9011735c,FakeSherbrooke,fake_sherbrooke,1,1024,1234,1234,7,15,33,12,127,37,101,12,0,101,,,0.6361640809991513,0.6605990509997355,session-3,4,3,raw_repetition,ok,
wstate_indep_qiskit_8,wstate,data/quantum_circuits/wstate_indep_qiskit_8.qasm,e2fba21685e6e7d22d625d8babcc9c51a8911815153e52fc89277e0efe117045,FakeSherbrooke,fake_sherbrooke,1,1024,1234,1234,8,17,38,14,127,42,118,14,0,118,0.13318993799839518,0.6298922900023172,0.7416369750026206,0.8748269130010158,session-3,0,3,raw_repetition,ok,
wstate_indep_qiskit_8,wstate,data/quantum_circuits/wstate_indep_qiskit_8.qasm,e2fba21685e6e7d22d625d8babcc9c51a8911815153e52fc89277e0efe117045,FakeSherbrooke,fake_sherbrooke,1,1024,1234,1234,8,17,38,14,127,42,118,14,0,118,,,0.6227651869994588,0.755955124997854,session-3,1,3,raw_repetition,ok,
wstate_indep_qiskit_8,wstate,data/quantum_circuits/wstate_indep_qiskit_8.qasm,e2fba21685e6e7d22d625d8babcc9c51a8911815153e52fc89277e0efe117045,FakeSherbrooke,fake_sherbrooke,1,1024,1234,1234,8,17,38,14,127,42,118,14,0,118,,,0.7480609419981192,0.8812508799965144,session-3,2,3,raw_repetition,ok,
wstate_indep_qiskit_8,wstate,data/quantum_circuits/wstate_indep_qiskit_8.qasm,e2fba21685e6e7d22d625d8babcc9c51a8911815153e52fc89277e0efe117045,FakeSherbrooke,fake_sherbrooke,1,1024,1234,1234,8,17,38,14,127,42,118,14,0,118,,,0.6412227649998385,0.7744127029982337,session-3,3,3,raw_repetition,ok,
wstate_indep_qiskit_8,wstate,data/quantum_circuits/wstate_indep_qiskit_8.qasm,e2fba21685e6e7d22d625d8babcc9c51a8911815153e52fc89277e0efe117045,FakeSherbrooke,fake_sherbrooke,1,1024,1234,1234,8,17,38,14,127,42,118,14,0,118,,,0.7404271909981617,0.8736171289965569,session-3,4,3,raw_repetition,ok,
wstate_indep_qiskit_9,wstate,data/quantum_circuits/wstate_indep_qiskit_9.qasm,84c07c56eef046e3c72823b20fb674075b1ab68a85dc6a06baf7f35983e2bd17,FakeSherbrooke,fake_sherbrooke,1,1024,1234,1234,9,19,43,16,127,47,135,16,0,135,0.02982247099862434,0.7846074910012248,0.6565738719982619,0.6863963429968862,session-3,0,3,raw_repetition,ok,
wstate_indep_qiskit_9,wstate,data/quantum_circuits/wstate_indep_qiskit_9.qasm,84c07c56eef046e3c72823b20fb674075b1ab68a85dc6a06baf7f35983e2bd17,FakeSherbrooke,fake_sherbrooke,1,1024,1234,1234,9,19,43,16,127,47,135,16,0,135,,,0.792979033998563,0.8228015049971873,session-3,1,3,raw_repetition,ok,
wstate_indep_qiskit_9,wstate,data/quantum_circuits/wstate_indep_qiskit_9.qasm,84c07c56eef046e3c72823b20fb674075b1ab68a85dc6a06baf7f35983e2bd17,FakeSherbrooke,fake_sherbrooke,1,1024,1234,1234,9,19,43,16,127,47,135,16,0,135,,,0.6600738540000748,0.6898963249986991,session-3,2,3,raw_repetition,ok,
wstate_indep_qiskit_9,wstate,data/quantum_circuits/wstate_indep_qiskit_9.qasm,84c07c56eef046e3c72823b20fb674075b1ab68a85dc6a06baf7f35983e2bd17,FakeSherbrooke,fake_sherbrooke,1,1024,1234,1234,9,19,43,16,127,47,135,16,0,135,,,0.6752045199973509,0.7050269909959752,session-3,3,3,raw_repetition,ok,
wstate_indep_qiskit_9,wstate,data/quantum_circuits/wstate_indep_qiskit_9.qasm,84c07c56eef046e3c72823b20fb674075b1ab68a85dc6a06baf7f35983e2bd17,FakeSherbrooke,fake_sherbrooke,1,1024,1234,1234,9,19,43,16,127,47,135,16,0,135,,,0.8182948880021286,0.8481173590007529,session-3,4,3,raw_repetition,ok,
