context_id,precision,method_id,fold,qasm_sha256,assigned_core_oof,target_status,target_seconds,prediction_seconds,status,terminal_reason,train_hash_count,test_hash_count,train_hashes_sha256,test_hashes_sha256,model_params_json,transform_contract,seed,prediction_aggregation,attempt_terminal
cudaq_dense_statevector_fp32,fp32,outer_train_median,1,01de4bb89da48a3fc09c31d41d509c1446c6a4a3b329612c5baf0d39c56a922e,True,ok,0.0003509270027279854,0.0002901919942814857,ok,,122,28,cbcda551bbf3cd0422bcbd7461c386da0c2ae2890823e3d9250747fc84f5e931,7e92dce58b8847173c3bbfe7b2dcb300df9ee5d36c09d816e00311a37f1eb548,"{""prediction"":""median of outer-training raw target_seconds""}","{""target"":""raw_seconds_median_outer_train_only""}",,single,True
cudaq_dense_statevector_fp32,fp32,outer_train_median,1,1dab21c93a580f711efff03a0f4a1d82985cf201219e886ab246e03a9011735c,True,ok,0.00023607199545949697,0.0002901919942814857,ok,,122,28,cbcda551bbf3cd0422bcbd7461c386da0c2ae2890823e3d9250747fc84f5e931,7e92dce58b8847173c3bbfe7b2dcb300df9ee5d36c09d816e00311a37f1eb548,"{""prediction"":""median of outer-training raw target_seconds""}","{""target"":""raw_seconds_median_outer_train_only""}",,single,True
cudaq_dense_statevector_fp32,fp32,outer_train_median,1,2372d3228c3e3e38e3351feb553380bce5a543c936f73a400de0e54ab470599a,True,ok,0.0017785709933377802,0.0002901919942814857,ok,,122,28,cbcda551bbf3cd0422bcbd7461c386da0c2ae2890823e3d9250747fc84f5e931,7e92dce58b8847173c3bbfe7b2dcb300df9ee5d36c09d816e00311a37f1eb548,"{""prediction"":""median of outer-training raw target_seconds""}","{""target"":""raw_seconds_median_outer_train_only""}",,single,True
cudaq_dense_statevector_fp32,fp32,outer_train_median,1,31f7b2533d8a3c05d59b44a9b2d93f44bc48da630d1884cf9df0012199e10a74,True,ok,0.0005404070107033476,0.0002901919942814857,ok,,122,28,cbcda551bbf3cd0422bcbd7461c386da0c2ae2890823e3d9250747fc84f5e931,7e92dce58b8847173c3bbfe7b2dcb300df9ee5d36c09d816e00311a37f1eb548,"{""prediction"":""median of outer-training raw target_seconds""}","{""target"":""raw_seconds_median_outer_train_only""}",,single,True
cudaq_dense_statevector_fp32,fp32,outer_train_median,1,3d37464cf8c53831d2867c0c111a83e03a820e90fa26f77d01a4a85f4f9d6875,True,ok,0.01015016800374724,0.0002901919942814857,ok,,122,28,cbcda551bbf3cd0422bcbd7461c386da0c2ae2890823e3d9250747fc84f5e931,7e92dce58b8847173c3bbfe7b2dcb300df9ee5d36c09d816e00311a37f1eb548,"{""prediction"":""median of outer-training raw target_seconds""}","{""target"":""raw_seconds_median_outer_train_only""}",,single,True
cudaq_dense_statevector_fp32,fp32,outer_train_median,1,3e4560adf43b5c5102bf22f235abcb9dd2ed5e34930cdb929a128226f96e4ea5,True,ok,0.00011053800699301064,0.0002901919942814857,ok,,122,28,cbcda551bbf3cd0422bcbd7461c386da0c2ae2890823e3d9250747fc84f5e931,7e92dce58b8847173c3bbfe7b2dcb300df9ee5d36c09d816e00311a37f1eb548,"{""prediction"":""median of outer-training raw target_seconds""}","{""target"":""raw_seconds_median_outer_train_only""}",,single,True
cudaq_dense_statevector_fp32,fp32,outer_train_median,1,433844fca892218b1218ca028aafb0eddf1929d5ca52fdea53b3cb324e4055bd,True,ok,0.00011989100312348455,0.0002901919942814857,ok,,122,28,cbcda551bbf3cd0422bcbd7461c386da0c2ae2890823e3d9250747fc84f5e931,7e92dce58b8847173c3bbfe7b2dcb300df9ee5d36c09d816e00311a37f1eb548,"{""prediction"":""median of outer-training raw target_seconds""}","{""target"":""raw_seconds_median_outer_train_only""}",,single,True
cudaq_dense_statevector_fp32,fp32,outer_train_median,1,451bd8177acaca0301a8bb4d61cb192f26dce1f81d8ab04ca0aded562d525c58,True,ok,0.00023886299459263682,0.0002901919942814857,ok,,122,28,cbcda551bbf3cd0422bcbd7461c386da0c2ae2890823e3d9250747fc84f5e931,7e92dce58b8847173c3bbfe7b2dcb300df9ee5d36c09d816e00311a37f1eb548,"{""prediction"":""median of outer-training raw target_seconds""}","{""target"":""raw_seconds_median_outer_train_only""}",,single,True
cudaq_dense_statevector_fp32,fp32,outer_train_median,1,47e6743e95c380a13dc5947d9e9b3db26e541efabd4a27134ff26aa14c00ba7d,True,ok,0.00017217299318872392,0.0002901919942814857,ok,,122,28,cbcda551bbf3cd0422bcbd7461c386da0c2ae2890823e3d9250747fc84f5e931,7e92dce58b8847173c3bbfe7b2dcb300df9ee5d36c09d816e00311a37f1eb548,"{""prediction"":""median of outer-training raw target_seconds""}","{""target"":""raw_seconds_median_outer_train_only""}",,single,True
cudaq_dense_statevector_fp32,fp32,outer_train_median,1,4df5b36e58378649053c461bf5ee1478fa114ac65c0c14551536b820ce8eafc7,True,ok,0.0017379179917043075,0.0002901919942814857,ok,,122,28,cbcda551bbf3cd0422bcbd7461c386da0c2ae2890823e3d9250747fc84f5e931,7e92dce58b8847173c3bbfe7b2dcb300df9ee5d36c09d816e00311a37f1eb548,"{""prediction"":""median of outer-training raw target_seconds""}","{""target"":""raw_seconds_median_outer_train_only""}",,single,True
cudaq_dense_statevector_fp32,fp32,outer_train_median,1,551dfe6ad672d4157a761610fc4c1061ea844868f2106407374764552251d63a,True,ok,0.00016222300473600626,0.0002901919942814857,ok,,122,28,cbcda551bbf3cd0422bcbd7461c386da0c2ae2890823e3d9250747fc84f5e931,7e92dce58b8847173c3bbfe7b2dcb300df9ee5d36c09d816e00311a37f1eb548,"{""prediction"":""median of outer-training raw target_seconds""}","{""target"":""raw_seconds_median_outer_train_only""}",,single,True
cudaq_dense_statevector_fp32,fp32,outer_train_median,1,55746e6a2fd8d9c4b8c813443f2db46b072f75db1632dd252298c735fbc72bf0,True,ok,7.282200385816395e-05,0.0002901919942814857,ok,,122,28,cbcda551bbf3cd0422bcbd7461c386da0c2ae2890823e3d9250747fc84f5e931,7e92dce58b8847173c3bbfe7b2dcb300df9ee5d36c09d816e00311a37f1eb548,"{""prediction"":""median of outer-training raw target_seconds""}","{""target"":""raw_seconds_median_outer_train_only""}",,single,True
cudaq_dense_statevector_fp32,fp32,outer_train_median,1,6a475a20ac3d09839e2b43104ca187037db5ff813b811e0d7356adac93d25244,True,ok,0.00035622899304144084,0.0002901919942814857,ok,,122,28,cbcda551bbf3cd0422bcbd7461c386da0c2ae2890823e3d9250747fc84f5e931,7e92dce58b8847173c3bbfe7b2dcb300df9ee5d36c09d816e00311a37f1eb548,"{""prediction"":""median of outer-training raw target_seconds""}","{""target"":""raw_seconds_median_outer_train_only""}",,single,True
cudaq_dense_statevector_fp32,fp32,outer_train_median,1,6cf91acdbcfc0321d1ffcee7c2197fec29f2b9dd83e7c3b56dbe8d583332ccdb,True,ok,0.000997391005512327,0.0002901919942814857,ok,,122,28,cbcda551bbf3cd0422bcbd7461c386da0c2ae2890823e3d9250747fc84f5e931,7e92dce58b8847173c3bbfe7b2dcb300df9ee5d36c09d816e00311a37f1eb548,"{""prediction"":""median of outer-training raw target_seconds""}","{""target"":""raw_seconds_median_outer_train_only""}",,single,True
cudaq_dense_statevector_fp32,fp32,outer_train_median,1,720a3cec5f9b39a53aa0d59f0ecc24f42f2948fbe56164a033262c628e2ba875,True,ok,0.0006673260068055242,0.0002901919942814857,ok,,122,28,cbcda551bbf3cd0422bcbd7461c386da0c2ae2890823e3d9250747fc84f5e931,7e92dce58b8847173c3bbfe7b2dcb300df9ee5d36c09d816e00311a37f1eb548,"{""prediction"":""median of outer-training raw target_seconds""}","{""target"":""raw_seconds_median_outer_train_only""}",,single,True
cudaq_dense_statevector_fp32,fp32,outer_train_median,1,75b1db396e34d1f1b234ea8dcdc253203a770cecce7f48bb8a126860723c43df,True,ok,7.975599146448076e-05,0.0002901919942814857,ok,,122,28,cbcda551bbf3cd0422bcbd7461c386da0c2ae2890823e3d9250747fc84f5e931,7e92dce58b8847173c3bbfe7b2dcb300df9ee5d36c09d816e00311a37f1eb548,"{""prediction"":""median of outer-training raw target_seconds""}","{""target"":""raw_seconds_median_outer_train_only""}",,single,True
cudaq_dense_statevector_fp32,fp32,outer_train_median,1,7b944ad7e38d98fae66177b6c014ae2878d62bcd1765103c19941653817e7996,True,ok,0.00017108500469475985,0.0002901919942814857,ok,,122,28,cbcda551bbf3cd0422bcbd7461c386da0c2ae2890823e3d9250747fc84f5e931,7e92dce58b8847173c3bbfe7b2dcb300df9ee5d36c09d816e00311a37f1eb548,"{""prediction"":""median of outer-training raw target_seconds""}","{""target"":""raw_seconds_median_outer_train_only""}",,single,True
cudaq_dense_statevector_fp32,fp32,outer_train_median,1,806f1844d225682cd7d5d0b276b5567caa23697f73064d8a20347024bb03fe40,True,ok,9.64279897743836e-05,0.0002901919942814857,ok,,122,28,cbcda551bbf3cd0422bcbd7461c386da0c2ae2890823e3d9250747fc84f5e931,7e92dce58b8847173c3bbfe7b2dcb300df9ee5d36c09d816e00311a37f1eb548,"{""prediction"":""median of outer-training raw target_seconds""}","{""target"":""raw_seconds_median_outer_train_only""}",,single,True
cudaq_dense_statevector_fp32,fp32,outer_train_median,1,8e4821df72704634cb81ea4d738477a8d596a49cba641e6198fdc9970e1d5d2f,True,ok,0.00026484699628781527,0.0002901919942814857,ok,,122,28,cbcda551bbf3cd0422bcbd7461c386da0c2ae2890823e3d9250747fc84f5e931,7e92dce58b8847173c3bbfe7b2dcb300df9ee5d36c09d816e00311a37f1eb548,"{""prediction"":""median of outer-training raw target_seconds""}","{""target"":""raw_seconds_median_outer_train_only""}",,single,True
cudaq_dense_statevector_fp32,fp32,outer_train_median,1,8f11cd416ae9672f06a39e5ee3a27a70bcbf31d7177cb47270c0cd8512c95381,True,ok,0.0004046039975946769,0.0002901919942814857,ok,,122,28,cbcda551bbf3cd0422bcbd7461c386da0c2ae2890823e3d9250747fc84f5e931,7e92dce58b8847173c3bbfe7b2dcb300df9ee5d36c09d816e00311a37f1eb548,"{""prediction"":""median of outer-training raw target_seconds""}","{""target"":""raw_seconds_median_outer_train_only""}",,single,True
cudaq_dense_statevector_fp32,fp32,outer_train_median,1,93eff191c23e0c3d13a127f38595909e7092290f5119c9be24a1ccc61fff5767,True,ok,0.0012989209935767576,0.0002901919942814857,ok,,122,28,cbcda551bbf3cd0422bcbd7461c386da0c2ae2890823e3d9250747fc84f5e931,7e92dce58b8847173c3bbfe7b2dcb300df9ee5d36c09d816e00311a37f1eb548,"{""prediction"":""median of outer-training raw target_seconds""}","{""target"":""raw_seconds_median_outer_train_only""}",,single,True
cudaq_dense_statevector_fp32,fp32,outer_train_median,1,9649572da691c86252b1620cba73350902b9ba3cf4dbdb3fb2e3531588da98c4,True,ok,0.00016993199824355543,0.0002901919942814857,ok,,122,28,cbcda551bbf3cd0422bcbd7461c386da0c2ae2890823e3d9250747fc84f5e931,7e92dce58b8847173c3bbfe7b2dcb300df9ee5d36c09d816e00311a37f1eb548,"{""prediction"":""median of outer-training raw target_seconds""}","{""target"":""raw_seconds_median_outer_train_only""}",,single,True
cudaq_dense_statevector_fp32,fp32,outer_train_median,1,a4a7b8b8d556570de9ea2db286aaa4245fa50f4619f25f0f7414b16d503458d8,True,ok,0.0005027639999752864,0.0002901919942814857,ok,,122,28,cbcda551bbf3cd0422bcbd7461c386da0c2ae2890823e3d9250747fc84f5e931,7e92dce58b8847173c3bbfe7b2dcb300df9ee5d36c09d816e00311a37f1eb548,"{""prediction"":""median of outer-training raw target_seconds""}","{""target"":""raw_seconds_median_outer_train_only""}",,single,True
cudaq_dense_statevector_fp32,fp32,outer_train_median,1,acacd76111e7f23e4224342ca0ab5340b1bdaad3b6eba8893e4036ba14896362,True,ok,7.470499258488417e-05,0.0002901919942814857,ok,,122,28,cbcda551bbf3cd0422bcbd7461c386da0c2ae2890823e3d9250747fc84f5e931,7e92dce58b8847173c3bbfe7b2dcb300df9ee5d36c09d816e00311a37f1eb548,"{""prediction"":""median of outer-training raw target_seconds""}","{""target"":""raw_seconds_median_outer_train_only""}",,single,True
cudaq_dense_statevector_fp32,fp32,outer_train_median,1,bc8cb33a3a242fb3ab35191a36313674faaca8fe1839cfa05d79788052424d1d,True,ok,9.00390004971996e-05,0.0002901919942814857,ok,,122,28,cbcda551bbf3cd0422bcbd7461c386da0c2ae2890823e3d9250747fc84f5e931,7e92dce58b8847173c3bbfe7b2dcb300df9ee5d36c09d816e00311a37f1eb548,"{""prediction"":""median of outer-training raw target_seconds""}","{""target"":""raw_seconds_median_outer_train_only""}",,single,True
cudaq_dense_statevector_fp32,fp32,outer_train_median,1,cbe1ca5505b485bd87b2e68f2b38ecae377e29f823c30e4c44d3f5f87d4266f7,True,ok,0.00030054400849621743,0.0002901919942814857,ok,,122,28,cbcda551bbf3cd0422bcbd7461c386da0c2ae2890823e3d9250747fc84f5e931,7e92dce58b8847173c3bbfe7b2dcb300df9ee5d36c09d816e00311a37f1eb548,"{""prediction"":""median of outer-training raw target_seconds""}","{""target"":""raw_seconds_median_outer_train_only""}",,single,True
cudaq_dense_statevector_fp32,fp32,outer_train_median,1,dc97062e3adcbcaf813cae5e970c8a0357a239b8d4a09e77a4e3e4625532d209,True,ok,0.00017126901366282254,0.0002901919942814857,ok,,122,28,cbcda551bbf3cd0422bcbd7461c386da0c2ae2890823e3d9250747fc84f5e931,7e92dce58b8847173c3bbfe7b2dcb300df9ee5d36c09d816e00311a37f1eb548,"{""prediction"":""median of outer-training raw target_seconds""}","{""target"":""raw_seconds_median_outer_train_only""}",,single,True
cudaq_dense_statevector_fp32,fp32,outer_train_median,1,f37f599f25c5024b4069e866a31563a6daf0b1495d17d25343f7b3cfac1169ee,True,ok,0.0002347469999222085,0.0002901919942814857,ok,,122,28,cbcda551bbf3cd0422bcbd7461c386da0c2ae2890823e3d9250747fc84f5e931,7e92dce58b8847173c3bbfe7b2dcb300df9ee5d36c09d816e00311a37f1eb548,"{""prediction"":""median of outer-training raw target_seconds""}","{""target"":""raw_seconds_median_outer_train_only""}",,single,True
cudaq_dense_statevector_fp32,fp32,linear_regression,1,01de4bb89da48a3fc09c31d41d509c1446c6a4a3b329612c5baf0d39c56a922e,True,ok,0.0003509270027279854,0.0013625318692876756,ok,,122,28,cbcda551bbf3cd0422bcbd7461c386da0c2ae2890823e3d9250747fc84f5e931,7e92dce58b8847173c3bbfe7b2dcb300df9ee5d36c09d816e00311a37f1eb548,"{""class"":""sklearn.linear_model.LinearRegression"",""fit_intercept"":true,""n_jobs"":1}","{""constant_std_replacement"":1.0,""constant_std_threshold"":1e-06,""mean"":[1.8442423990017938,3.206048842711911,2.8272617630538734,3.130550522582487,0.2686760083966731,1.840774090191576,3.4965075614664873],""scale_after_constant_guard"":[0.3542091213440956,1.3898179060106024,1.1512633053819954,1.52699490606831,0.5009508160308971,0.40545456473390906,1.0],""std_before_constant_guard"":[0.3542091213440956,1.3898179060106024,1.1512633053819954,1.52699490606831,0.5009508160308971,0.40545456473390906,7.105427357601002e-15],""target"":""log1p_seconds_with_expm1_inverse_and_lower_clip_zero"",""transform"":""log1p_nonnegative_globals_then_outer_train_standard_scaler""}",,single,True
cudaq_dense_statevector_fp32,fp32,linear_regression,1,1dab21c93a580f711efff03a0f4a1d82985cf201219e886ab246e03a9011735c,True,ok,0.00023607199545949697,0.0,ok,,122,28,cbcda551bbf3cd0422bcbd7461c386da0c2ae2890823e3d9250747fc84f5e931,7e92dce58b8847173c3bbfe7b2dcb300df9ee5d36c09d816e00311a37f1eb548,"{""class"":""sklearn.linear_model.LinearRegression"",""fit_intercept"":true,""n_jobs"":1}","{""constant_std_replacement"":1.0,""constant_std_threshold"":1e-06,""mean"":[1.8442423990017938,3.206048842711911,2.8272617630538734,3.130550522582487,0.2686760083966731,1.840774090191576,3.4965075614664873],""scale_after_constant_guard"":[0.3542091213440956,1.3898179060106024,1.1512633053819954,1.52699490606831,0.5009508160308971,0.40545456473390906,1.0],""std_before_constant_guard"":[0.3542091213440956,1.3898179060106024,1.1512633053819954,1.52699490606831,0.5009508160308971,0.40545456473390906,7.105427357601002e-15],""target"":""log1p_seconds_with_expm1_inverse_and_lower_clip_zero"",""transform"":""log1p_nonnegative_globals_then_outer_train_standard_scaler""}",,single,True
cudaq_dense_statevector_fp32,fp32,linear_regression,1,2372d3228c3e3e38e3351feb553380bce5a543c936f73a400de0e54ab470599a,True,ok,0.0017785709933377802,0.0003595291598926219,ok,,122,28,cbcda551bbf3cd0422bcbd7461c386da0c2ae2890823e3d9250747fc84f5e931,7e92dce58b8847173c3bbfe7b2dcb300df9ee5d36c09d816e00311a37f1eb548,"{""class"":""sklearn.linear_model.LinearRegression"",""fit_intercept"":true,""n_jobs"":1}","{""constant_std_replacement"":1.0,""constant_std_threshold"":1e-06,""mean"":[1.8442423990017938,3.206048842711911,2.8272617630538734,3.130550522582487,0.2686760083966731,1.840774090191576,3.4965075614664873],""scale_after_constant_guard"":[0.3542091213440956,1.3898179060106024,1.1512633053819954,1.52699490606831,0.5009508160308971,0.40545456473390906,1.0],""std_before_constant_guard"":[0.3542091213440956,1.3898179060106024,1.1512633053819954,1.52699490606831,0.5009508160308971,0.40545456473390906,7.105427357601002e-15],""target"":""log1p_seconds_with_expm1_inverse_and_lower_clip_zero"",""transform"":""log1p_nonnegative_globals_then_outer_train_standard_scaler""}",,single,True
cudaq_dense_statevector_fp32,fp32,linear_regression,1,31f7b2533d8a3c05d59b44a9b2d93f44bc48da630d1884cf9df0012199e10a74,True,ok,0.0005404070107033476,0.0003907062070145719,ok,,122,28,cbcda551bbf3cd0422bcbd7461c386da0c2ae2890823e3d9250747fc84f5e931,7e92dce58b8847173c3bbfe7b2dcb300df9ee5d36c09d816e00311a37f1eb548,"{""class"":""sklearn.linear_model.LinearRegression"",""fit_intercept"":true,""n_jobs"":1}","{""constant_std_replacement"":1.0,""constant_std_threshold"":1e-06,""mean"":[1.8442423990017938,3.206048842711911,2.8272617630538734,3.130550522582487,0.2686760083966731,1.840774090191576,3.4965075614664873],""scale_after_constant_guard"":[0.3542091213440956,1.3898179060106024,1.1512633053819954,1.52699490606831,0.5009508160308971,0.40545456473390906,1.0],""std_before_constant_guard"":[0.3542091213440956,1.3898179060106024,1.1512633053819954,1.52699490606831,0.5009508160308971,0.40545456473390906,7.105427357601002e-15],""target"":""log1p_seconds_with_expm1_inverse_and_lower_clip_zero"",""transform"":""log1p_nonnegative_globals_then_outer_train_standard_scaler""}",,single,True
cudaq_dense_statevector_fp32,fp32,linear_regression,1,3d37464cf8c53831d2867c0c111a83e03a820e90fa26f77d01a4a85f4f9d6875,True,ok,0.01015016800374724,0.01761585161362981,ok,,122,28,cbcda551bbf3cd0422bcbd7461c386da0c2ae2890823e3d9250747fc84f5e931,7e92dce58b8847173c3bbfe7b2dcb300df9ee5d36c09d816e00311a37f1eb548,"{""class"":""sklearn.linear_model.LinearRegression"",""fit_intercept"":true,""n_jobs"":1}","{""constant_std_replacement"":1.0,""constant_std_threshold"":1e-06,""mean"":[1.8442423990017938,3.206048842711911,2.8272617630538734,3.130550522582487,0.2686760083966731,1.840774090191576,3.4965075614664873],""scale_after_constant_guard"":[0.3542091213440956,1.3898179060106024,1.1512633053819954,1.52699490606831,0.5009508160308971,0.40545456473390906,1.0],""std_before_constant_guard"":[0.3542091213440956,1.3898179060106024,1.1512633053819954,1.52699490606831,0.5009508160308971,0.40545456473390906,7.105427357601002e-15],""target"":""log1p_seconds_with_expm1_inverse_and_lower_clip_zero"",""transform"":""log1p_nonnegative_globals_then_outer_train_standard_scaler""}",,single,True
cudaq_dense_statevector_fp32,fp32,linear_regression,1,3e4560adf43b5c5102bf22f235abcb9dd2ed5e34930cdb929a128226f96e4ea5,True,ok,0.00011053800699301064,0.0,ok,,122,28,cbcda551bbf3cd0422bcbd7461c386da0c2ae2890823e3d9250747fc84f5e931,7e92dce58b8847173c3bbfe7b2dcb300df9ee5d36c09d816e00311a37f1eb548,"{""class"":""sklearn.linear_model.LinearRegression"",""fit_intercept"":true,""n_jobs"":1}","{""constant_std_replacement"":1.0,""constant_std_threshold"":1e-06,""mean"":[1.8442423990017938,3.206048842711911,2.8272617630538734,3.130550522582487,0.2686760083966731,1.840774090191576,3.4965075614664873],""scale_after_constant_guard"":[0.3542091213440956,1.3898179060106024,1.1512633053819954,1.52699490606831,0.5009508160308971,0.40545456473390906,1.0],""std_before_constant_guard"":[0.3542091213440956,1.3898179060106024,1.1512633053819954,1.52699490606831,0.5009508160308971,0.40545456473390906,7.105427357601002e-15],""target"":""log1p_seconds_with_expm1_inverse_and_lower_clip_zero"",""transform"":""log1p_nonnegative_globals_then_outer_train_standard_scaler""}",,single,True
cudaq_dense_statevector_fp32,fp32,linear_regression,1,433844fca892218b1218ca028aafb0eddf1929d5ca52fdea53b3cb324e4055bd,True,ok,0.00011989100312348455,0.0,ok,,122,28,cbcda551bbf3cd0422bcbd7461c386da0c2ae2890823e3d9250747fc84f5e931,7e92dce58b8847173c3bbfe7b2dcb300df9ee5d36c09d816e00311a37f1eb548,"{""class"":""sklearn.linear_model.LinearRegression"",""fit_intercept"":true,""n_jobs"":1}","{""constant_std_replacement"":1.0,""constant_std_threshold"":1e-06,""mean"":[1.8442423990017938,3.206048842711911,2.8272617630538734,3.130550522582487,0.2686760083966731,1.840774090191576,3.4965075614664873],""scale_after_constant_guard"":[0.3542091213440956,1.3898179060106024,1.1512633053819954,1.52699490606831,0.5009508160308971,0.40545456473390906,1.0],""std_before_constant_guard"":[0.3542091213440956,1.3898179060106024,1.1512633053819954,1.52699490606831,0.5009508160308971,0.40545456473390906,7.105427357601002e-15],""target"":""log1p_seconds_with_expm1_inverse_and_lower_clip_zero"",""transform"":""log1p_nonnegative_globals_then_outer_train_standard_scaler""}",,single,True
cudaq_dense_statevector_fp32,fp32,linear_regression,1,451bd8177acaca0301a8bb4d61cb192f26dce1f81d8ab04ca0aded562d525c58,True,ok,0.00023886299459263682,0.0024918608547262184,ok,,122,28,cbcda551bbf3cd0422bcbd7461c386da0c2ae2890823e3d9250747fc84f5e931,7e92dce58b8847173c3bbfe7b2dcb300df9ee5d36c09d816e00311a37f1eb548,"{""class"":""sklearn.linear_model.LinearRegression"",""fit_intercept"":true,""n_jobs"":1}","{""constant_std_replacement"":1.0,""constant_std_threshold"":1e-06,""mean"":[1.8442423990017938,3.206048842711911,2.8272617630538734,3.130550522582487,0.2686760083966731,1.840774090191576,3.4965075614664873],""scale_after_constant_guard"":[0.3542091213440956,1.3898179060106024,1.1512633053819954,1.52699490606831,0.5009508160308971,0.40545456473390906,1.0],""std_before_constant_guard"":[0.3542091213440956,1.3898179060106024,1.1512633053819954,1.52699490606831,0.5009508160308971,0.40545456473390906,7.105427357601002e-15],""target"":""log1p_seconds_with_expm1_inverse_and_lower_clip_zero"",""transform"":""log1p_nonnegative_globals_then_outer_train_standard_scaler""}",,single,True
cudaq_dense_statevector_fp32,fp32,linear_regression,1,47e6743e95c380a13dc5947d9e9b3db26e541efabd4a27134ff26aa14c00ba7d,True,ok,0.00017217299318872392,0.0,ok,,122,28,cbcda551bbf3cd0422bcbd7461c386da0c2ae2890823e3d9250747fc84f5e931,7e92dce58b8847173c3bbfe7b2dcb300df9ee5d36c09d816e00311a37f1eb548,"{""class"":""sklearn.linear_model.LinearRegression"",""fit_intercept"":true,""n_jobs"":1}","{""constant_std_replacement"":1.0,""constant_std_threshold"":1e-06,""mean"":[1.8442423990017938,3.206048842711911,2.8272617630538734,3.130550522582487,0.2686760083966731,1.840774090191576,3.4965075614664873],""scale_after_constant_guard"":[0.3542091213440956,1.3898179060106024,1.1512633053819954,1.52699490606831,0.5009508160308971,0.40545456473390906,1.0],""std_before_constant_guard"":[0.3542091213440956,1.3898179060106024,1.1512633053819954,1.52699490606831,0.5009508160308971,0.40545456473390906,7.105427357601002e-15],""target"":""log1p_seconds_with_expm1_inverse_and_lower_clip_zero"",""transform"":""log1p_nonnegative_globals_then_outer_train_standard_scaler""}",,single,True
cudaq_dense_statevector_fp32,fp32,linear_regression,1,4df5b36e58378649053c461bf5ee1478fa114ac65c0c14551536b820ce8eafc7,True,ok,0.0017379179917043075,0.003292168554626838,ok,,122,28,cbcda551bbf3cd0422bcbd7461c386da0c2ae2890823e3d9250747fc84f5e931,7e92dce58b8847173c3bbfe7b2dcb300df9ee5d36c09d816e00311a37f1eb548,"{""class"":""sklearn.linear_model.LinearRegression"",""fit_intercept"":true,""n_jobs"":1}","{""constant_std_replacement"":1.0,""constant_std_threshold"":1e-06,""mean"":[1.8442423990017938,3.206048842711911,2.8272617630538734,3.130550522582487,0.2686760083966731,1.840774090191576,3.4965075614664873],""scale_after_constant_guard"":[0.3542091213440956,1.3898179060106024,1.1512633053819954,1.52699490606831,0.5009508160308971,0.40545456473390906,1.0],""std_before_constant_guard"":[0.3542091213440956,1.3898179060106024,1.1512633053819954,1.52699490606831,0.5009508160308971,0.40545456473390906,7.105427357601002e-15],""target"":""log1p_seconds_with_expm1_inverse_and_lower_clip_zero"",""transform"":""log1p_nonnegative_globals_then_outer_train_standard_scaler""}",,single,True
cudaq_dense_statevector_fp32,fp32,linear_regression,1,551dfe6ad672d4157a761610fc4c1061ea844868f2106407374764552251d63a,True,ok,0.00016222300473600626,0.0,ok,,122,28,cbcda551bbf3cd0422bcbd7461c386da0c2ae2890823e3d9250747fc84f5e931,7e92dce58b8847173c3bbfe7b2dcb300df9ee5d36c09d816e00311a37f1eb548,"{""class"":""sklearn.linear_model.LinearRegression"",""fit_intercept"":true,""n_jobs"":1}","{""constant_std_replacement"":1.0,""constant_std_threshold"":1e-06,""mean"":[1.8442423990017938,3.206048842711911,2.8272617630538734,3.130550522582487,0.2686760083966731,1.840774090191576,3.4965075614664873],""scale_after_constant_guard"":[0.3542091213440956,1.3898179060106024,1.1512633053819954,1.52699490606831,0.5009508160308971,0.40545456473390906,1.0],""std_before_constant_guard"":[0.3542091213440956,1.3898179060106024,1.1512633053819954,1.52699490606831,0.5009508160308971,0.40545456473390906,7.105427357601002e-15],""target"":""log1p_seconds_with_expm1_inverse_and_lower_clip_zero"",""transform"":""log1p_nonnegative_globals_then_outer_train_standard_scaler""}",,single,True
cudaq_dense_statevector_fp32,fp32,linear_regression,1,55746e6a2fd8d9c4b8c813443f2db46b072f75db1632dd252298c735fbc72bf0,True,ok,7.282200385816395e-05,0.0,ok,,122,28,cbcda551bbf3cd0422bcbd7461c386da0c2ae2890823e3d9250747fc84f5e931,7e92dce58b8847173c3bbfe7b2dcb300df9ee5d36c09d816e00311a37f1eb548,"{""class"":""sklearn.linear_model.LinearRegression"",""fit_intercept"":true,""n_jobs"":1}","{""constant_std_replacement"":1.0,""constant_std_threshold"":1e-06,""mean"":[1.8442423990017938,3.206048842711911,2.8272617630538734,3.130550522582487,0.2686760083966731,1.840774090191576,3.4965075614664873],""scale_after_constant_guard"":[0.3542091213440956,1.3898179060106024,1.1512633053819954,1.52699490606831,0.5009508160308971,0.40545456473390906,1.0],""std_before_constant_guard"":[0.3542091213440956,1.3898179060106024,1.1512633053819954,1.52699490606831,0.5009508160308971,0.40545456473390906,7.105427357601002e-15],""target"":""log1p_seconds_with_expm1_inverse_and_lower_clip_zero"",""transform"":""log1p_nonnegative_globals_then_outer_train_standard_scaler""}",,single,True
cudaq_dense_statevector_fp32,fp32,linear_regression,1,6a475a20ac3d09839e2b43104ca187037db5ff813b811e0d7356adac93d25244,True,ok,0.00035622899304144084,0.0,ok,,122,28,cbcda551bbf3cd0422bcbd7461c386da0c2ae2890823e3d9250747fc84f5e931,7e92dce58b8847173c3bbfe7b2dcb300df9ee5d36c09d816e00311a37f1eb548,"{""class"":""sklearn.linear_model.LinearRegression"",""fit_intercept"":true,""n_jobs"":1}","{""constant_std_replacement"":1.0,""constant_std_threshold"":1e-06,""mean"":[1.8442423990017938,3.206048842711911,2.8272617630538734,3.130550522582487,0.2686760083966731,1.840774090191576,3.4965075614664873],""scale_after_constant_guard"":[0.3542091213440956,1.3898179060106024,1.1512633053819954,1.52699490606831,0.5009508160308971,0.40545456473390906,1.0],""std_before_constant_guard"":[0.3542091213440956,1.3898179060106024,1.1512633053819954,1.52699490606831,0.5009508160308971,0.40545456473390906,7.105427357601002e-15],""target"":""log1p_seconds_with_expm1_inverse_and_lower_clip_zero"",""transform"":""log1p_nonnegative_globals_then_outer_train_standard_scaler""}",,single,True
cudaq_dense_statevector_fp32,fp32,linear_regression,1,6cf91acdbcfc0321d1ffcee7c2197fec29f2b9dd83e7c3b56dbe8d583332ccdb,True,ok,0.000997391005512327,0.0032053982574100043,ok,,122,28,cbcda551bbf3cd0422bcbd7461c386da0c2ae2890823e3d9250747fc84f5e931,7e92dce58b8847173c3bbfe7b2dcb300df9ee5d36c09d816e00311a37f1eb548,"{""class"":""sklearn.linear_model.LinearRegression"",""fit_intercept"":true,""n_jobs"":1}","{""constant_std_replacement"":1.0,""constant_std_threshold"":1e-06,""mean"":[1.8442423990017938,3.206048842711911,2.8272617630538734,3.130550522582487,0.2686760083966731,1.840774090191576,3.4965075614664873],""scale_after_constant_guard"":[0.3542091213440956,1.3898179060106024,1.1512633053819954,1.52699490606831,0.5009508160308971,0.40545456473390906,1.0],""std_before_constant_guard"":[0.3542091213440956,1.3898179060106024,1.1512633053819954,1.52699490606831,0.5009508160308971,0.40545456473390906,7.105427357601002e-15],""target"":""log1p_seconds_with_expm1_inverse_and_lower_clip_zero"",""transform"":""log1p_nonnegative_globals_then_outer_train_standard_scaler""}",,single,True
cudaq_dense_statevector_fp32,fp32,linear_regression,1,720a3cec5f9b39a53aa0d59f0ecc24f42f2948fbe56164a033262c628e2ba875,True,ok,0.0006673260068055242,0.0030873275345434026,ok,,122,28,cbcda551bbf3cd0422bcbd7461c386da0c2ae2890823e3d9250747fc84f5e931,7e92dce58b8847173c3bbfe7b2dcb300df9ee5d36c09d816e00311a37f1eb548,"{""class"":""sklearn.linear_model.LinearRegression"",""fit_intercept"":true,""n_jobs"":1}","{""constant_std_replacement"":1.0,""constant_std_threshold"":1e-06,""mean"":[1.8442423990017938,3.206048842711911,2.8272617630538734,3.130550522582487,0.2686760083966731,1.840774090191576,3.4965075614664873],""scale_after_constant_guard"":[0.3542091213440956,1.3898179060106024,1.1512633053819954,1.52699490606831,0.5009508160308971,0.40545456473390906,1.0],""std_before_constant_guard"":[0.3542091213440956,1.3898179060106024,1.1512633053819954,1.52699490606831,0.5009508160308971,0.40545456473390906,7.105427357601002e-15],""target"":""log1p_seconds_with_expm1_inverse_and_lower_clip_zero"",""transform"":""log1p_nonnegative_globals_then_outer_train_standard_scaler""}",,single,True
cudaq_dense_statevector_fp32,fp32,linear_regression,1,75b1db396e34d1f1b234ea8dcdc253203a770cecce7f48bb8a126860723c43df,True,ok,7.975599146448076e-05,0.0,ok,,122,28,cbcda551bbf3cd0422bcbd7461c386da0c2ae2890823e3d9250747fc84f5e931,7e92dce58b8847173c3bbfe7b2dcb300df9ee5d36c09d816e00311a37f1eb548,"{""class"":""sklearn.linear_model.LinearRegression"",""fit_intercept"":true,""n_jobs"":1}","{""constant_std_replacement"":1.0,""constant_std_threshold"":1e-06,""mean"":[1.8442423990017938,3.206048842711911,2.8272617630538734,3.130550522582487,0.2686760083966731,1.840774090191576,3.4965075614664873],""scale_after_constant_guard"":[0.3542091213440956,1.3898179060106024,1.1512633053819954,1.52699490606831,0.5009508160308971,0.40545456473390906,1.0],""std_before_constant_guard"":[0.3542091213440956,1.3898179060106024,1.1512633053819954,1.52699490606831,0.5009508160308971,0.40545456473390906,7.105427357601002e-15],""target"":""log1p_seconds_with_expm1_inverse_and_lower_clip_zero"",""transform"":""log1p_nonnegative_globals_then_outer_train_standard_scaler""}",,single,True
cudaq_dense_statevector_fp32,fp32,linear_regression,1,7b944ad7e38d98fae66177b6c014ae2878d62bcd1765103c19941653817e7996,True,ok,0.00017108500469475985,0.0,ok,,122,28,cbcda551bbf3cd0422bcbd7461c386da0c2ae2890823e3d9250747fc84f5e931,7e92dce58b8847173c3bbfe7b2dcb300df9ee5d36c09d816e00311a37f1eb548,"{""class"":""sklearn.linear_model.LinearRegression"",""fit_intercept"":true,""n_jobs"":1}","{""constant_std_replacement"":1.0,""constant_std_threshold"":1e-06,""mean"":[1.8442423990017938,3.206048842711911,2.8272617630538734,3.130550522582487,0.2686760083966731,1.840774090191576,3.4965075614664873],""scale_after_constant_guard"":[0.3542091213440956,1.3898179060106024,1.1512633053819954,1.52699490606831,0.5009508160308971,0.40545456473390906,1.0],""std_before_constant_guard"":[0.3542091213440956,1.3898179060106024,1.1512633053819954,1.52699490606831,0.5009508160308971,0.40545456473390906,7.105427357601002e-15],""target"":""log1p_seconds_with_expm1_inverse_and_lower_clip_zero"",""transform"":""log1p_nonnegative_globals_then_outer_train_standard_scaler""}",,single,True
cudaq_dense_statevector_fp32,fp32,linear_regression,1,806f1844d225682cd7d5d0b276b5567caa23697f73064d8a20347024bb03fe40,True,ok,9.64279897743836e-05,0.0,ok,,122,28,cbcda551bbf3cd0422bcbd7461c386da0c2ae2890823e3d9250747fc84f5e931,7e92dce58b8847173c3bbfe7b2dcb300df9ee5d36c09d816e00311a37f1eb548,"{""class"":""sklearn.linear_model.LinearRegression"",""fit_intercept"":true,""n_jobs"":1}","{""constant_std_replacement"":1.0,""constant_std_threshold"":1e-06,""mean"":[1.8442423990017938,3.206048842711911,2.8272617630538734,3.130550522582487,0.2686760083966731,1.840774090191576,3.4965075614664873],""scale_after_constant_guard"":[0.3542091213440956,1.3898179060106024,1.1512633053819954,1.52699490606831,0.5009508160308971,0.40545456473390906,1.0],""std_before_constant_guard"":[0.3542091213440956,1.3898179060106024,1.1512633053819954,1.52699490606831,0.5009508160308971,0.40545456473390906,7.105427357601002e-15],""target"":""log1p_seconds_with_expm1_inverse_and_lower_clip_zero"",""transform"":""log1p_nonnegative_globals_then_outer_train_standard_scaler""}",,single,True
cudaq_dense_statevector_fp32,fp32,linear_regression,1,8e4821df72704634cb81ea4d738477a8d596a49cba641e6198fdc9970e1d5d2f,True,ok,0.00026484699628781527,0.0015963730646456641,ok,,122,28,cbcda551bbf3cd0422bcbd7461c386da0c2ae2890823e3d9250747fc84f5e931,7e92dce58b8847173c3bbfe7b2dcb300df9ee5d36c09d816e00311a37f1eb548,"{""class"":""sklearn.linear_model.LinearRegression"",""fit_intercept"":true,""n_jobs"":1}","{""constant_std_replacement"":1.0,""constant_std_threshold"":1e-06,""mean"":[1.8442423990017938,3.206048842711911,2.8272617630538734,3.130550522582487,0.2686760083966731,1.840774090191576,3.4965075614664873],""scale_after_constant_guard"":[0.3542091213440956,1.3898179060106024,1.1512633053819954,1.52699490606831,0.5009508160308971,0.40545456473390906,1.0],""std_before_constant_guard"":[0.3542091213440956,1.3898179060106024,1.1512633053819954,1.52699490606831,0.5009508160308971,0.40545456473390906,7.105427357601002e-15],""target"":""log1p_seconds_with_expm1_inverse_and_lower_clip_zero"",""transform"":""log1p_nonnegative_globals_then_outer_train_standard_scaler""}",,single,True
cudaq_dense_statevector_fp32,fp32,linear_regression,1,8f11cd416ae9672f06a39e5ee3a27a70bcbf31d7177cb47270c0cd8512c95381,True,ok,0.0004046039975946769,0.0,ok,,122,28,cbcda551bbf3cd0422bcbd7461c386da0c2ae2890823e3d9250747fc84f5e931,7e92dce58b8847173c3bbfe7b2dcb300df9ee5d36c09d816e00311a37f1eb548,"{""class"":""sklearn.linear_model.LinearRegression"",""fit_intercept"":true,""n_jobs"":1}","{""constant_std_replacement"":1.0,""constant_std_threshold"":1e-06,""mean"":[1.8442423990017938,3.206048842711911,2.8272617630538734,3.130550522582487,0.2686760083966731,1.840774090191576,3.4965075614664873],""scale_after_constant_guard"":[0.3542091213440956,1.3898179060106024,1.1512633053819954,1.52699490606831,0.5009508160308971,0.40545456473390906,1.0],""std_before_constant_guard"":[0.3542091213440956,1.3898179060106024,1.1512633053819954,1.52699490606831,0.5009508160308971,0.40545456473390906,7.105427357601002e-15],""target"":""log1p_seconds_with_expm1_inverse_and_lower_clip_zero"",""transform"":""log1p_nonnegative_globals_then_outer_train_standard_scaler""}",,single,True
cudaq_dense_statevector_fp32,fp32,linear_regression,1,93eff191c23e0c3d13a127f38595909e7092290f5119c9be24a1ccc61fff5767,True,ok,0.0012989209935767576,0.0,ok,,122,28,cbcda551bbf3cd0422bcbd7461c386da0c2ae2890823e3d9250747fc84f5e931,7e92dce58b8847173c3bbfe7b2dcb300df9ee5d36c09d816e00311a37f1eb548,"{""class"":""sklearn.linear_model.LinearRegression"",""fit_intercept"":true,""n_jobs"":1}","{""constant_std_replacement"":1.0,""constant_std_threshold"":1e-06,""mean"":[1.8442423990017938,3.206048842711911,2.8272617630538734,3.130550522582487,0.2686760083966731,1.840774090191576,3.4965075614664873],""scale_after_constant_guard"":[0.3542091213440956,1.3898179060106024,1.1512633053819954,1.52699490606831,0.5009508160308971,0.40545456473390906,1.0],""std_before_constant_guard"":[0.3542091213440956,1.3898179060106024,1.1512633053819954,1.52699490606831,0.5009508160308971,0.40545456473390906,7.105427357601002e-15],""target"":""log1p_seconds_with_expm1_inverse_and_lower_clip_zero"",""transform"":""log1p_nonnegative_globals_then_outer_train_standard_scaler""}",,single,True
cudaq_dense_statevector_fp32,fp32,linear_regression,1,9649572da691c86252b1620cba73350902b9ba3cf4dbdb3fb2e3531588da98c4,True,ok,0.00016993199824355543,0.0,ok,,122,28,cbcda551bbf3cd0422bcbd7461c386da0c2ae2890823e3d9250747fc84f5e931,7e92dce58b8847173c3bbfe7b2dcb300df9ee5d36c09d816e00311a37f1eb548,"{""class"":""sklearn.linear_model.LinearRegression"",""fit_intercept"":true,""n_jobs"":1}","{""constant_std_replacement"":1.0,""constant_std_threshold"":1e-06,""mean"":[1.8442423990017938,3.206048842711911,2.8272617630538734,3.130550522582487,0.2686760083966731,1.840774090191576,3.4965075614664873],""scale_after_constant_guard"":[0.3542091213440956,1.3898179060106024,1.1512633053819954,1.52699490606831,0.5009508160308971,0.40545456473390906,1.0],""std_before_constant_guard"":[0.3542091213440956,1.3898179060106024,1.1512633053819954,1.52699490606831,0.5009508160308971,0.40545456473390906,7.105427357601002e-15],""target"":""log1p_seconds_with_expm1_inverse_and_lower_clip_zero"",""transform"":""log1p_nonnegative_globals_then_outer_train_standard_scaler""}",,single,True
cudaq_dense_statevector_fp32,fp32,linear_regression,1,a4a7b8b8d556570de9ea2db286aaa4245fa50f4619f25f0f7414b16d503458d8,True,ok,0.0005027639999752864,0.0,ok,,122,28,cbcda551bbf3cd0422bcbd7461c386da0c2ae2890823e3d9250747fc84f5e931,7e92dce58b8847173c3bbfe7b2dcb300df9ee5d36c09d816e00311a37f1eb548,"{""class"":""sklearn.linear_model.LinearRegression"",""fit_intercept"":true,""n_jobs"":1}","{""constant_std_replacement"":1.0,""constant_std_threshold"":1e-06,""mean"":[1.8442423990017938,3.206048842711911,2.8272617630538734,3.130550522582487,0.2686760083966731,1.840774090191576,3.4965075614664873],""scale_after_constant_guard"":[0.3542091213440956,1.3898179060106024,1.1512633053819954,1.52699490606831,0.5009508160308971,0.40545456473390906,1.0],""std_before_constant_guard"":[0.3542091213440956,1.3898179060106024,1.1512633053819954,1.52699490606831,0.5009508160308971,0.40545456473390906,7.105427357601002e-15],""target"":""log1p_seconds_with_expm1_inverse_and_lower_clip_zero"",""transform"":""log1p_nonnegative_globals_then_outer_train_standard_scaler""}",,single,True
cudaq_dense_statevector_fp32,fp32,linear_regression,1,acacd76111e7f23e4224342ca0ab5340b1bdaad3b6eba8893e4036ba14896362,True,ok,7.470499258488417e-05,0.0,ok,,122,28,cbcda551bbf3cd0422bcbd7461c386da0c2ae2890823e3d9250747fc84f5e931,7e92dce58b8847173c3bbfe7b2dcb300df9ee5d36c09d816e00311a37f1eb548,"{""class"":""sklearn.linear_model.LinearRegression"",""fit_intercept"":true,""n_jobs"":1}","{""constant_std_replacement"":1.0,""constant_std_threshold"":1e-06,""mean"":[1.8442423990017938,3.206048842711911,2.8272617630538734,3.130550522582487,0.2686760083966731,1.840774090191576,3.4965075614664873],""scale_after_constant_guard"":[0.3542091213440956,1.3898179060106024,1.1512633053819954,1.52699490606831,0.5009508160308971,0.40545456473390906,1.0],""std_before_constant_guard"":[0.3542091213440956,1.3898179060106024,1.1512633053819954,1.52699490606831,0.5009508160308971,0.40545456473390906,7.105427357601002e-15],""target"":""log1p_seconds_with_expm1_inverse_and_lower_clip_zero"",""transform"":""log1p_nonnegative_globals_then_outer_train_standard_scaler""}",,single,True
cudaq_dense_statevector_fp32,fp32,linear_regression,1,bc8cb33a3a242fb3ab35191a36313674faaca8fe1839cfa05d79788052424d1d,True,ok,9.00390004971996e-05,0.0,ok,,122,28,cbcda551bbf3cd0422bcbd7461c386da0c2ae2890823e3d9250747fc84f5e931,7e92dce58b8847173c3bbfe7b2dcb300df9ee5d36c09d816e00311a37f1eb548,"{""class"":""sklearn.linear_model.LinearRegression"",""fit_intercept"":true,""n_jobs"":1}","{""constant_std_replacement"":1.0,""constant_std_threshold"":1e-06,""mean"":[1.8442423990017938,3.206048842711911,2.8272617630538734,3.130550522582487,0.2686760083966731,1.840774090191576,3.4965075614664873],""scale_after_constant_guard"":[0.3542091213440956,1.3898179060106024,1.1512633053819954,1.52699490606831,0.5009508160308971,0.40545456473390906,1.0],""std_before_constant_guard"":[0.3542091213440956,1.3898179060106024,1.1512633053819954,1.52699490606831,0.5009508160308971,0.40545456473390906,7.105427357601002e-15],""target"":""log1p_seconds_with_expm1_inverse_and_lower_clip_zero"",""transform"":""log1p_nonnegative_globals_then_outer_train_standard_scaler""}",,single,True
cudaq_dense_statevector_fp32,fp32,linear_regression,1,cbe1ca5505b485bd87b2e68f2b38ecae377e29f823c30e4c44d3f5f87d4266f7,True,ok,0.00030054400849621743,0.0008168877304059124,ok,,122,28,cbcda551bbf3cd0422bcbd7461c386da0c2ae2890823e3d9250747fc84f5e931,7e92dce58b8847173c3bbfe7b2dcb300df9ee5d36c09d816e00311a37f1eb548,"{""class"":""sklearn.linear_model.LinearRegression"",""fit_intercept"":true,""n_jobs"":1}","{""constant_std_replacement"":1.0,""constant_std_threshold"":1e-06,""mean"":[1.8442423990017938,3.206048842711911,2.8272617630538734,3.130550522582487,0.2686760083966731,1.840774090191576,3.4965075614664873],""scale_after_constant_guard"":[0.3542091213440956,1.3898179060106024,1.1512633053819954,1.52699490606831,0.5009508160308971,0.40545456473390906,1.0],""std_before_constant_guard"":[0.3542091213440956,1.3898179060106024,1.1512633053819954,1.52699490606831,0.5009508160308971,0.40545456473390906,7.105427357601002e-15],""target"":""log1p_seconds_with_expm1_inverse_and_lower_clip_zero"",""transform"":""log1p_nonnegative_globals_then_outer_train_standard_scaler""}",,single,True
cudaq_dense_statevector_fp32,fp32,linear_regression,1,dc97062e3adcbcaf813cae5e970c8a0357a239b8d4a09e77a4e3e4625532d209,True,ok,0.00017126901366282254,0.0,ok,,122,28,cbcda551bbf3cd0422bcbd7461c386da0c2ae2890823e3d9250747fc84f5e931,7e92dce58b8847173c3bbfe7b2dcb300df9ee5d36c09d816e00311a37f1eb548,"{""class"":""sklearn.linear_model.LinearRegression"",""fit_intercept"":true,""n_jobs"":1}","{""constant_std_replacement"":1.0,""constant_std_threshold"":1e-06,""mean"":[1.8442423990017938,3.206048842711911,2.8272617630538734,3.130550522582487,0.2686760083966731,1.840774090191576,3.4965075614664873],""scale_after_constant_guard"":[0.3542091213440956,1.3898179060106024,1.1512633053819954,1.52699490606831,0.5009508160308971,0.40545456473390906,1.0],""std_before_constant_guard"":[0.3542091213440956,1.3898179060106024,1.1512633053819954,1.52699490606831,0.5009508160308971,0.40545456473390906,7.105427357601002e-15],""target"":""log1p_seconds_with_expm1_inverse_and_lower_clip_zero"",""transform"":""log1p_nonnegative_globals_then_outer_train_standard_scaler""}",,single,True
cudaq_dense_statevector_fp32,fp32,linear_regression,1,f37f599f25c5024b4069e866a31563a6daf0b1495d17d25343f7b3cfac1169ee,True,ok,0.0002347469999222085,1.9002467910443175e-05,ok,,122,28,cbcda551bbf3cd0422bcbd7461c386da0c2ae2890823e3d9250747fc84f5e931,7e92dce58b8847173c3bbfe7b2dcb300df9ee5d36c09d816e00311a37f1eb548,"{""class"":""sklearn.linear_model.LinearRegression"",""fit_intercept"":true,""n_jobs"":1}","{""constant_std_replacement"":1.0,""constant_std_threshold"":1e-06,""mean"":[1.8442423990017938,3.206048842711911,2.8272617630538734,3.130550522582487,0.2686760083966731,1.840774090191576,3.4965075614664873],""scale_after_constant_guard"":[0.3542091213440956,1.3898179060106024,1.1512633053819954,1.52699490606831,0.5009508160308971,0.40545456473390906,1.0],""std_before_constant_guard"":[0.3542091213440956,1.3898179060106024,1.1512633053819954,1.52699490606831,0.5009508160308971,0.40545456473390906,7.105427357601002e-15],""target"":""log1p_seconds_with_expm1_inverse_and_lower_clip_zero"",""transform"":""log1p_nonnegative_globals_then_outer_train_standard_scaler""}",,single,True
cudaq_dense_statevector_fp32,fp32,ridge_alpha1,1,01de4bb89da48a3fc09c31d41d509c1446c6a4a3b329612c5baf0d39c56a922e,True,ok,0.0003509270027279854,0.0013223064033822665,ok,,122,28,cbcda551bbf3cd0422bcbd7461c386da0c2ae2890823e3d9250747fc84f5e931,7e92dce58b8847173c3bbfe7b2dcb300df9ee5d36c09d816e00311a37f1eb548,"{""alpha"":1.0,""class"":""sklearn.linear_model.Ridge"",""fit_intercept"":true,""solver"":""svd""}","{""constant_std_replacement"":1.0,""constant_std_threshold"":1e-06,""mean"":[1.8442423990017938,3.206048842711911,2.8272617630538734,3.130550522582487,0.2686760083966731,1.840774090191576,3.4965075614664873],""scale_after_constant_guard"":[0.3542091213440956,1.3898179060106024,1.1512633053819954,1.52699490606831,0.5009508160308971,0.40545456473390906,1.0],""std_before_constant_guard"":[0.3542091213440956,1.3898179060106024,1.1512633053819954,1.52699490606831,0.5009508160308971,0.40545456473390906,7.105427357601002e-15],""target"":""log1p_seconds_with_expm1_inverse_and_lower_clip_zero"",""transform"":""log1p_nonnegative_globals_then_outer_train_standard_scaler""}",,single,True
cudaq_dense_statevector_fp32,fp32,ridge_alpha1,1,1dab21c93a580f711efff03a0f4a1d82985cf201219e886ab246e03a9011735c,True,ok,0.00023607199545949697,0.0,ok,,122,28,cbcda551bbf3cd0422bcbd7461c386da0c2ae2890823e3d9250747fc84f5e931,7e92dce58b8847173c3bbfe7b2dcb300df9ee5d36c09d816e00311a37f1eb548,"{""alpha"":1.0,""class"":""sklearn.linear_model.Ridge"",""fit_intercept"":true,""solver"":""svd""}","{""constant_std_replacement"":1.0,""constant_std_threshold"":1e-06,""mean"":[1.8442423990017938,3.206048842711911,2.8272617630538734,3.130550522582487,0.2686760083966731,1.840774090191576,3.4965075614664873],""scale_after_constant_guard"":[0.3542091213440956,1.3898179060106024,1.1512633053819954,1.52699490606831,0.5009508160308971,0.40545456473390906,1.0],""std_before_constant_guard"":[0.3542091213440956,1.3898179060106024,1.1512633053819954,1.52699490606831,0.5009508160308971,0.40545456473390906,7.105427357601002e-15],""target"":""log1p_seconds_with_expm1_inverse_and_lower_clip_zero"",""transform"":""log1p_nonnegative_globals_then_outer_train_standard_scaler""}",,single,True
cudaq_dense_statevector_fp32,fp32,ridge_alpha1,1,2372d3228c3e3e38e3351feb553380bce5a543c936f73a400de0e54ab470599a,True,ok,0.0017785709933377802,0.0007427410630921328,ok,,122,28,cbcda551bbf3cd0422bcbd7461c386da0c2ae2890823e3d9250747fc84f5e931,7e92dce58b8847173c3bbfe7b2dcb300df9ee5d36c09d816e00311a37f1eb548,"{""alpha"":1.0,""class"":""sklearn.linear_model.Ridge"",""fit_intercept"":true,""solver"":""svd""}","{""constant_std_replacement"":1.0,""constant_std_threshold"":1e-06,""mean"":[1.8442423990017938,3.206048842711911,2.8272617630538734,3.130550522582487,0.2686760083966731,1.840774090191576,3.4965075614664873],""scale_after_constant_guard"":[0.3542091213440956,1.3898179060106024,1.1512633053819954,1.52699490606831,0.5009508160308971,0.40545456473390906,1.0],""std_before_constant_guard"":[0.3542091213440956,1.3898179060106024,1.1512633053819954,1.52699490606831,0.5009508160308971,0.40545456473390906,7.105427357601002e-15],""target"":""log1p_seconds_with_expm1_inverse_and_lower_clip_zero"",""transform"":""log1p_nonnegative_globals_then_outer_train_standard_scaler""}",,single,True
cudaq_dense_statevector_fp32,fp32,ridge_alpha1,1,31f7b2533d8a3c05d59b44a9b2d93f44bc48da630d1884cf9df0012199e10a74,True,ok,0.0005404070107033476,0.00045239238687094,ok,,122,28,cbcda551bbf3cd0422bcbd7461c386da0c2ae2890823e3d9250747fc84f5e931,7e92dce58b8847173c3bbfe7b2dcb300df9ee5d36c09d816e00311a37f1eb548,"{""alpha"":1.0,""class"":""sklearn.linear_model.Ridge"",""fit_intercept"":true,""solver"":""svd""}","{""constant_std_replacement"":1.0,""constant_std_threshold"":1e-06,""mean"":[1.8442423990017938,3.206048842711911,2.8272617630538734,3.130550522582487,0.2686760083966731,1.840774090191576,3.4965075614664873],""scale_after_constant_guard"":[0.3542091213440956,1.3898179060106024,1.1512633053819954,1.52699490606831,0.5009508160308971,0.40545456473390906,1.0],""std_before_constant_guard"":[0.3542091213440956,1.3898179060106024,1.1512633053819954,1.52699490606831,0.5009508160308971,0.40545456473390906,7.105427357601002e-15],""target"":""log1p_seconds_with_expm1_inverse_and_lower_clip_zero"",""transform"":""log1p_nonnegative_globals_then_outer_train_standard_scaler""}",,single,True
cudaq_dense_statevector_fp32,fp32,ridge_alpha1,1,3d37464cf8c53831d2867c0c111a83e03a820e90fa26f77d01a4a85f4f9d6875,True,ok,0.01015016800374724,0.017360426093422043,ok,,122,28,cbcda551bbf3cd0422bcbd7461c386da0c2ae2890823e3d9250747fc84f5e931,7e92dce58b8847173c3bbfe7b2dcb300df9ee5d36c09d816e00311a37f1eb548,"{""alpha"":1.0,""class"":""sklearn.linear_model.Ridge"",""fit_intercept"":true,""solver"":""svd""}","{""constant_std_replacement"":1.0,""constant_std_threshold"":1e-06,""mean"":[1.8442423990017938,3.206048842711911,2.8272617630538734,3.130550522582487,0.2686760083966731,1.840774090191576,3.4965075614664873],""scale_after_constant_guard"":[0.3542091213440956,1.3898179060106024,1.1512633053819954,1.52699490606831,0.5009508160308971,0.40545456473390906,1.0],""std_before_constant_guard"":[0.3542091213440956,1.3898179060106024,1.1512633053819954,1.52699490606831,0.5009508160308971,0.40545456473390906,7.105427357601002e-15],""target"":""log1p_seconds_with_expm1_inverse_and_lower_clip_zero"",""transform"":""log1p_nonnegative_globals_then_outer_train_standard_scaler""}",,single,True
cudaq_dense_statevector_fp32,fp32,ridge_alpha1,1,3e4560adf43b5c5102bf22f235abcb9dd2ed5e34930cdb929a128226f96e4ea5,True,ok,0.00011053800699301064,0.0,ok,,122,28,cbcda551bbf3cd0422bcbd7461c386da0c2ae2890823e3d9250747fc84f5e931,7e92dce58b8847173c3bbfe7b2dcb300df9ee5d36c09d816e00311a37f1eb548,"{""alpha"":1.0,""class"":""sklearn.linear_model.Ridge"",""fit_intercept"":true,""solver"":""svd""}","{""constant_std_replacement"":1.0,""constant_std_threshold"":1e-06,""mean"":[1.8442423990017938,3.206048842711911,2.8272617630538734,3.130550522582487,0.2686760083966731,1.840774090191576,3.4965075614664873],""scale_after_constant_guard"":[0.3542091213440956,1.3898179060106024,1.1512633053819954,1.52699490606831,0.5009508160308971,0.40545456473390906,1.0],""std_before_constant_guard"":[0.3542091213440956,1.3898179060106024,1.1512633053819954,1.52699490606831,0.5009508160308971,0.40545456473390906,7.105427357601002e-15],""target"":""log1p_seconds_with_expm1_inverse_and_lower_clip_zero"",""transform"":""log1p_nonnegative_globals_then_outer_train_standard_scaler""}",,single,True
cudaq_dense_statevector_fp32,fp32,ridge_alpha1,1,433844fca892218b1218ca028aafb0eddf1929d5ca52fdea53b3cb324e4055bd,True,ok,0.00011989100312348455,0.0,ok,,122,28,cbcda551bbf3cd0422bcbd7461c386da0c2ae2890823e3d9250747fc84f5e931,7e92dce58b8847173c3bbfe7b2dcb300df9ee5d36c09d816e00311a37f1eb548,"{""alpha"":1.0,""class"":""sklearn.linear_model.Ridge"",""fit_intercept"":true,""solver"":""svd""}","{""constant_std_replacement"":1.0,""constant_std_threshold"":1e-06,""mean"":[1.8442423990017938,3.206048842711911,2.8272617630538734,3.130550522582487,0.2686760083966731,1.840774090191576,3.4965075614664873],""scale_after_constant_guard"":[0.3542091213440956,1.3898179060106024,1.1512633053819954,1.52699490606831,0.5009508160308971,0.40545456473390906,1.0],""std_before_constant_guard"":[0.3542091213440956,1.3898179060106024,1.1512633053819954,1.52699490606831,0.5009508160308971,0.40545456473390906,7.105427357601002e-15],""target"":""log1p_seconds_with_expm1_inverse_and_lower_clip_zero"",""transform"":""log1p_nonnegative_globals_then_outer_train_standard_scaler""}",,single,True
cudaq_dense_statevector_fp32,fp32,ridge_alpha1,1,451bd8177acaca0301a8bb4d61cb192f26dce1f81d8ab04ca0aded562d525c58,True,ok,0.00023886299459263682,0.0026435903455584923,ok,,122,28,cbcda551bbf3cd0422bcbd7461c386da0c2ae2890823e3d9250747fc84f5e931,7e92dce58b8847173c3bbfe7b2dcb300df9ee5d36c09d816e00311a37f1eb548,"{""alpha"":1.0,""class"":""sklearn.linear_model.Ridge"",""fit_intercept"":true,""solver"":""svd""}","{""constant_std_replacement"":1.0,""constant_std_threshold"":1e-06,""mean"":[1.8442423990017938,3.206048842711911,2.8272617630538734,3.130550522582487,0.2686760083966731,1.840774090191576,3.4965075614664873],""scale_after_constant_guard"":[0.3542091213440956,1.3898179060106024,1.1512633053819954,1.52699490606831,0.5009508160308971,0.40545456473390906,1.0],""std_before_constant_guard"":[0.3542091213440956,1.3898179060106024,1.1512633053819954,1.52699490606831,0.5009508160308971,0.40545456473390906,7.105427357601002e-15],""target"":""log1p_seconds_with_expm1_inverse_and_lower_clip_zero"",""transform"":""log1p_nonnegative_globals_then_outer_train_standard_scaler""}",,single,True
cudaq_dense_statevector_fp32,fp32,ridge_alpha1,1,47e6743e95c380a13dc5947d9e9b3db26e541efabd4a27134ff26aa14c00ba7d,True,ok,0.00017217299318872392,0.0,ok,,122,28,cbcda551bbf3cd0422bcbd7461c386da0c2ae2890823e3d9250747fc84f5e931,7e92dce58b8847173c3bbfe7b2dcb300df9ee5d36c09d816e00311a37f1eb548,"{""alpha"":1.0,""class"":""sklearn.linear_model.Ridge"",""fit_intercept"":true,""solver"":""svd""}","{""constant_std_replacement"":1.0,""constant_std_threshold"":1e-06,""mean"":[1.8442423990017938,3.206048842711911,2.8272617630538734,3.130550522582487,0.2686760083966731,1.840774090191576,3.4965075614664873],""scale_after_constant_guard"":[0.3542091213440956,1.3898179060106024,1.1512633053819954,1.52699490606831,0.5009508160308971,0.40545456473390906,1.0],""std_before_constant_guard"":[0.3542091213440956,1.3898179060106024,1.1512633053819954,1.52699490606831,0.5009508160308971,0.40545456473390906,7.105427357601002e-15],""target"":""log1p_seconds_with_expm1_inverse_and_lower_clip_zero"",""transform"":""log1p_nonnegative_globals_then_outer_train_standard_scaler""}",,single,True
cudaq_dense_statevector_fp32,fp32,ridge_alpha1,1,4df5b36e58378649053c461bf5ee1478fa114ac65c0c14551536b820ce8eafc7,True,ok,0.0017379179917043075,0.0036635064081826816,ok,,122,28,cbcda551bbf3cd0422bcbd7461c386da0c2ae2890823e3d9250747fc84f5e931,7e92dce58b8847173c3bbfe7b2dcb300df9ee5d36c09d816e00311a37f1eb548,"{""alpha"":1.0,""class"":""sklearn.linear_model.Ridge"",""fit_intercept"":true,""solver"":""svd""}","{""constant_std_replacement"":1.0,""constant_std_threshold"":1e-06,""mean"":[1.8442423990017938,3.206048842711911,2.8272617630538734,3.130550522582487,0.2686760083966731,1.840774090191576,3.4965075614664873],""scale_after_constant_guard"":[0.3542091213440956,1.3898179060106024,1.1512633053819954,1.52699490606831,0.5009508160308971,0.40545456473390906,1.0],""std_before_constant_guard"":[0.3542091213440956,1.3898179060106024,1.1512633053819954,1.52699490606831,0.5009508160308971,0.40545456473390906,7.105427357601002e-15],""target"":""log1p_seconds_with_expm1_inverse_and_lower_clip_zero"",""transform"":""log1p_nonnegative_globals_then_outer_train_standard_scaler""}",,single,True
cudaq_dense_statevector_fp32,fp32,ridge_alpha1,1,551dfe6ad672d4157a761610fc4c1061ea844868f2106407374764552251d63a,True,ok,0.00016222300473600626,0.0,ok,,122,28,cbcda551bbf3cd0422bcbd7461c386da0c2ae2890823e3d9250747fc84f5e931,7e92dce58b8847173c3bbfe7b2dcb300df9ee5d36c09d816e00311a37f1eb548,"{""alpha"":1.0,""class"":""sklearn.linear_model.Ridge"",""fit_intercept"":true,""solver"":""svd""}","{""constant_std_replacement"":1.0,""constant_std_threshold"":1e-06,""mean"":[1.8442423990017938,3.206048842711911,2.8272617630538734,3.130550522582487,0.2686760083966731,1.840774090191576,3.4965075614664873],""scale_after_constant_guard"":[0.3542091213440956,1.3898179060106024,1.1512633053819954,1.52699490606831,0.5009508160308971,0.40545456473390906,1.0],""std_before_constant_guard"":[0.3542091213440956,1.3898179060106024,1.1512633053819954,1.52699490606831,0.5009508160308971,0.40545456473390906,7.105427357601002e-15],""target"":""log1p_seconds_with_expm1_inverse_and_lower_clip_zero"",""transform"":""log1p_nonnegative_globals_then_outer_train_standard_scaler""}",,single,True
cudaq_dense_statevector_fp32,fp32,ridge_alpha1,1,55746e6a2fd8d9c4b8c813443f2db46b072f75db1632dd252298c735fbc72bf0,True,ok,7.282200385816395e-05,0.0,ok,,122,28,cbcda551bbf3cd0422bcbd7461c386da0c2ae2890823e3d9250747fc84f5e931,7e92dce58b8847173c3bbfe7b2dcb300df9ee5d36c09d816e00311a37f1eb548,"{""alpha"":1.0,""class"":""sklearn.linear_model.Ridge"",""fit_intercept"":true,""solver"":""svd""}","{""constant_std_replacement"":1.0,""constant_std_threshold"":1e-06,""mean"":[1.8442423990017938,3.206048842711911,2.8272617630538734,3.130550522582487,0.2686760083966731,1.840774090191576,3.4965075614664873],""scale_after_constant_guard"":[0.3542091213440956,1.3898179060106024,1.1512633053819954,1.52699490606831,0.5009508160308971,0.40545456473390906,1.0],""std_before_constant_guard"":[0.3542091213440956,1.3898179060106024,1.1512633053819954,1.52699490606831,0.5009508160308971,0.40545456473390906,7.105427357601002e-15],""target"":""log1p_seconds_with_expm1_inverse_and_lower_clip_zero"",""transform"":""log1p_nonnegative_globals_then_outer_train_standard_scaler""}",,single,True
cudaq_dense_statevector_fp32,fp32,ridge_alpha1,1,6a475a20ac3d09839e2b43104ca187037db5ff813b811e0d7356adac93d25244,True,ok,0.00035622899304144084,0.0,ok,,122,28,cbcda551bbf3cd0422bcbd7461c386da0c2ae2890823e3d9250747fc84f5e931,7e92dce58b8847173c3bbfe7b2dcb300df9ee5d36c09d816e00311a37f1eb548,"{""alpha"":1.0,""class"":""sklearn.linear_model.Ridge"",""fit_intercept"":true,""solver"":""svd""}","{""constant_std_replacement"":1.0,""constant_std_threshold"":1e-06,""mean"":[1.8442423990017938,3.206048842711911,2.8272617630538734,3.130550522582487,0.2686760083966731,1.840774090191576,3.4965075614664873],""scale_after_constant_guard"":[0.3542091213440956,1.3898179060106024,1.1512633053819954,1.52699490606831,0.5009508160308971,0.40545456473390906,1.0],""std_before_constant_guard"":[0.3542091213440956,1.3898179060106024,1.1512633053819954,1.52699490606831,0.5009508160308971,0.40545456473390906,7.105427357601002e-15],""target"":""log1p_seconds_with_expm1_inverse_and_lower_clip_zero"",""transform"":""log1p_nonnegative_globals_then_outer_train_standard_scaler""}",,single,True
cudaq_dense_statevector_fp32,fp32,ridge_alpha1,1,6cf91acdbcfc0321d1ffcee7c2197fec29f2b9dd83e7c3b56dbe8d583332ccdb,True,ok,0.000997391005512327,0.0035038622401101856,ok,,122,28,cbcda551bbf3cd0422bcbd7461c386da0c2ae2890823e3d9250747fc84f5e931,7e92dce58b8847173c3bbfe7b2dcb300df9ee5d36c09d816e00311a37f1eb548,"{""alpha"":1.0,""class"":""sklearn.linear_model.Ridge"",""fit_intercept"":true,""solver"":""svd""}","{""constant_std_replacement"":1.0,""constant_std_threshold"":1e-06,""mean"":[1.8442423990017938,3.206048842711911,2.8272617630538734,3.130550522582487,0.2686760083966731,1.840774090191576,3.4965075614664873],""scale_after_constant_guard"":[0.3542091213440956,1.3898179060106024,1.1512633053819954,1.52699490606831,0.5009508160308971,0.40545456473390906,1.0],""std_before_constant_guard"":[0.3542091213440956,1.3898179060106024,1.1512633053819954,1.52699490606831,0.5009508160308971,0.40545456473390906,7.105427357601002e-15],""target"":""log1p_seconds_with_expm1_inverse_and_lower_clip_zero"",""transform"":""log1p_nonnegative_globals_then_outer_train_standard_scaler""}",,single,True
cudaq_dense_statevector_fp32,fp32,ridge_alpha1,1,720a3cec5f9b39a53aa0d59f0ecc24f42f2948fbe56164a033262c628e2ba875,True,ok,0.0006673260068055242,0.0033430967479274767,ok,,122,28,cbcda551bbf3cd0422bcbd7461c386da0c2ae2890823e3d9250747fc84f5e931,7e92dce58b8847173c3bbfe7b2dcb300df9ee5d36c09d816e00311a37f1eb548,"{""alpha"":1.0,""class"":""sklearn.linear_model.Ridge"",""fit_intercept"":true,""solver"":""svd""}","{""constant_std_replacement"":1.0,""constant_std_threshold"":1e-06,""mean"":[1.8442423990017938,3.206048842711911,2.8272617630538734,3.130550522582487,0.2686760083966731,1.840774090191576,3.4965075614664873],""scale_after_constant_guard"":[0.3542091213440956,1.3898179060106024,1.1512633053819954,1.52699490606831,0.5009508160308971,0.40545456473390906,1.0],""std_before_constant_guard"":[0.3542091213440956,1.3898179060106024,1.1512633053819954,1.52699490606831,0.5009508160308971,0.40545456473390906,7.105427357601002e-15],""target"":""log1p_seconds_with_expm1_inverse_and_lower_clip_zero"",""transform"":""log1p_nonnegative_globals_then_outer_train_standard_scaler""}",,single,True
cudaq_dense_statevector_fp32,fp32,ridge_alpha1,1,75b1db396e34d1f1b234ea8dcdc253203a770cecce7f48bb8a126860723c43df,True,ok,7.975599146448076e-05,0.0,ok,,122,28,cbcda551bbf3cd0422bcbd7461c386da0c2ae2890823e3d9250747fc84f5e931,7e92dce58b8847173c3bbfe7b2dcb300df9ee5d36c09d816e00311a37f1eb548,"{""alpha"":1.0,""class"":""sklearn.linear_model.Ridge"",""fit_intercept"":true,""solver"":""svd""}","{""constant_std_replacement"":1.0,""constant_std_threshold"":1e-06,""mean"":[1.8442423990017938,3.206048842711911,2.8272617630538734,3.130550522582487,0.2686760083966731,1.840774090191576,3.4965075614664873],""scale_after_constant_guard"":[0.3542091213440956,1.3898179060106024,1.1512633053819954,1.52699490606831,0.5009508160308971,0.40545456473390906,1.0],""std_before_constant_guard"":[0.3542091213440956,1.3898179060106024,1.1512633053819954,1.52699490606831,0.5009508160308971,0.40545456473390906,7.105427357601002e-15],""target"":""log1p_seconds_with_expm1_inverse_and_lower_clip_zero"",""transform"":""log1p_nonnegative_globals_then_outer_train_standard_scaler""}",,single,True
cudaq_dense_statevector_fp32,fp32,ridge_alpha1,1,7b944ad7e38d98fae66177b6c014ae2878d62bcd1765103c19941653817e7996,True,ok,0.00017108500469475985,0.0,ok,,122,28,cbcda551bbf3cd0422bcbd7461c386da0c2ae2890823e3d9250747fc84f5e931,7e92dce58b8847173c3bbfe7b2dcb300df9ee5d36c09d816e00311a37f1eb548,"{""alpha"":1.0,""class"":""sklearn.linear_model.Ridge"",""fit_intercept"":true,""solver"":""svd""}","{""constant_std_replacement"":1.0,""constant_std_threshold"":1e-06,""mean"":[1.8442423990017938,3.206048842711911,2.8272617630538734,3.130550522582487,0.2686760083966731,1.840774090191576,3.4965075614664873],""scale_after_constant_guard"":[0.3542091213440956,1.3898179060106024,1.1512633053819954,1.52699490606831,0.5009508160308971,0.40545456473390906,1.0],""std_before_constant_guard"":[0.3542091213440956,1.3898179060106024,1.1512633053819954,1.52699490606831,0.5009508160308971,0.40545456473390906,7.105427357601002e-15],""target"":""log1p_seconds_with_expm1_inverse_and_lower_clip_zero"",""transform"":""log1p_nonnegative_globals_then_outer_train_standard_scaler""}",,single,True
cudaq_dense_statevector_fp32,fp32,ridge_alpha1,1,806f1844d225682cd7d5d0b276b5567caa23697f73064d8a20347024bb03fe40,True,ok,9.64279897743836e-05,0.0,ok,,122,28,cbcda551bbf3cd0422bcbd7461c386da0c2ae2890823e3d9250747fc84f5e931,7e92dce58b8847173c3bbfe7b2dcb300df9ee5d36c09d816e00311a37f1eb548,"{""alpha"":1.0,""class"":""sklearn.linear_model.Ridge"",""fit_intercept"":true,""solver"":""svd""}","{""constant_std_replacement"":1.0,""constant_std_threshold"":1e-06,""mean"":[1.8442423990017938,3.206048842711911,2.8272617630538734,3.130550522582487,0.2686760083966731,1.840774090191576,3.4965075614664873],""scale_after_constant_guard"":[0.3542091213440956,1.3898179060106024,1.1512633053819954,1.52699490606831,0.5009508160308971,0.40545456473390906,1.0],""std_before_constant_guard"":[0.3542091213440956,1.3898179060106024,1.1512633053819954,1.52699490606831,0.5009508160308971,0.40545456473390906,7.105427357601002e-15],""target"":""log1p_seconds_with_expm1_inverse_and_lower_clip_zero"",""transform"":""log1p_nonnegative_globals_then_outer_train_standard_scaler""}",,single,True
cudaq_dense_statevector_fp32,fp32,ridge_alpha1,1,8e4821df72704634cb81ea4d738477a8d596a49cba641e6198fdc9970e1d5d2f,True,ok,0.00026484699628781527,0.0014792413843690018,ok,,122,28,cbcda551bbf3cd0422bcbd7461c386da0c2ae2890823e3d9250747fc84f5e931,7e92dce58b8847173c3bbfe7b2dcb300df9ee5d36c09d816e00311a37f1eb548,"{""alpha"":1.0,""class"":""sklearn.linear_model.Ridge"",""fit_intercept"":true,""solver"":""svd""}","{""constant_std_replacement"":1.0,""constant_std_threshold"":1e-06,""mean"":[1.8442423990017938,3.206048842711911,2.8272617630538734,3.130550522582487,0.2686760083966731,1.840774090191576,3.4965075614664873],""scale_after_constant_guard"":[0.3542091213440956,1.3898179060106024,1.1512633053819954,1.52699490606831,0.5009508160308971,0.40545456473390906,1.0],""std_before_constant_guard"":[0.3542091213440956,1.3898179060106024,1.1512633053819954,1.52699490606831,0.5009508160308971,0.40545456473390906,7.105427357601002e-15],""target"":""log1p_seconds_with_expm1_inverse_and_lower_clip_zero"",""transform"":""log1p_nonnegative_globals_then_outer_train_standard_scaler""}",,single,True
cudaq_dense_statevector_fp32,fp32,ridge_alpha1,1,8f11cd416ae9672f06a39e5ee3a27a70bcbf31d7177cb47270c0cd8512c95381,True,ok,0.0004046039975946769,0.0,ok,,122,28,cbcda551bbf3cd0422bcbd7461c386da0c2ae2890823e3d9250747fc84f5e931,7e92dce58b8847173c3bbfe7b2dcb300df9ee5d36c09d816e00311a37f1eb548,"{""alpha"":1.0,""class"":""sklearn.linear_model.Ridge"",""fit_intercept"":true,""solver"":""svd""}","{""constant_std_replacement"":1.0,""constant_std_threshold"":1e-06,""mean"":[1.8442423990017938,3.206048842711911,2.8272617630538734,3.130550522582487,0.2686760083966731,1.840774090191576,3.4965075614664873],""scale_after_constant_guard"":[0.3542091213440956,1.3898179060106024,1.1512633053819954,1.52699490606831,0.5009508160308971,0.40545456473390906,1.0],""std_before_constant_guard"":[0.3542091213440956,1.3898179060106024,1.1512633053819954,1.52699490606831,0.5009508160308971,0.40545456473390906,7.105427357601002e-15],""target"":""log1p_seconds_with_expm1_inverse_and_lower_clip_zero"",""transform"":""log1p_nonnegative_globals_then_outer_train_standard_scaler""}",,single,True
cudaq_dense_statevector_fp32,fp32,ridge_alpha1,1,93eff191c23e0c3d13a127f38595909e7092290f5119c9be24a1ccc61fff5767,True,ok,0.0012989209935767576,0.0,ok,,122,28,cbcda551bbf3cd0422bcbd7461c386da0c2ae2890823e3d9250747fc84f5e931,7e92dce58b8847173c3bbfe7b2dcb300df9ee5d36c09d816e00311a37f1eb548,"{""alpha"":1.0,""class"":""sklearn.linear_model.Ridge"",""fit_intercept"":true,""solver"":""svd""}","{""constant_std_replacement"":1.0,""constant_std_threshold"":1e-06,""mean"":[1.8442423990017938,3.206048842711911,2.8272617630538734,3.130550522582487,0.2686760083966731,1.840774090191576,3.4965075614664873],""scale_after_constant_guard"":[0.3542091213440956,1.3898179060106024,1.1512633053819954,1.52699490606831,0.5009508160308971,0.40545456473390906,1.0],""std_before_constant_guard"":[0.3542091213440956,1.3898179060106024,1.1512633053819954,1.52699490606831,0.5009508160308971,0.40545456473390906,7.105427357601002e-15],""target"":""log1p_seconds_with_expm1_inverse_and_lower_clip_zero"",""transform"":""log1p_nonnegative_globals_then_outer_train_standard_scaler""}",,single,True
cudaq_dense_statevector_fp32,fp32,ridge_alpha1,1,9649572da691c86252b1620cba73350902b9ba3cf4dbdb3fb2e3531588da98c4,True,ok,0.00016993199824355543,0.0,ok,,122,28,cbcda551bbf3cd0422bcbd7461c386da0c2ae2890823e3d9250747fc84f5e931,7e92dce58b8847173c3bbfe7b2dcb300df9ee5d36c09d816e00311a37f1eb548,"{""alpha"":1.0,""class"":""sklearn.linear_model.Ridge"",""fit_intercept"":true,""solver"":""svd""}","{""constant_std_replacement"":1.0,""constant_std_threshold"":1e-06,""mean"":[1.8442423990017938,3.206048842711911,2.8272617630538734,3.130550522582487,0.2686760083966731,1.840774090191576,3.4965075614664873],""scale_after_constant_guard"":[0.3542091213440956,1.3898179060106024,1.1512633053819954,1.52699490606831,0.5009508160308971,0.40545456473390906,1.0],""std_before_constant_guard"":[0.3542091213440956,1.3898179060106024,1.1512633053819954,1.52699490606831,0.5009508160308971,0.40545456473390906,7.105427357601002e-15],""target"":""log1p_seconds_with_expm1_inverse_and_lower_clip_zero"",""transform"":""log1p_nonnegative_globals_then_outer_train_standard_scaler""}",,single,True
cudaq_dense_statevector_fp32,fp32,ridge_alpha1,1,a4a7b8b8d556570de9ea2db286aaa4245fa50f4619f25f0f7414b16d503458d8,True,ok,0.0005027639999752864,0.0,ok,,122,28,cbcda551bbf3cd0422bcbd7461c386da0c2ae2890823e3d9250747fc84f5e931,7e92dce58b8847173c3bbfe7b2dcb300df9ee5d36c09d816e00311a37f1eb548,"{""alpha"":1.0,""class"":""sklearn.linear_model.Ridge"",""fit_intercept"":true,""solver"":""svd""}","{""constant_std_replacement"":1.0,""constant_std_threshold"":1e-06,""mean"":[1.8442423990017938,3.206048842711911,2.8272617630538734,3.130550522582487,0.2686760083966731,1.840774090191576,3.4965075614664873],""scale_after_constant_guard"":[0.3542091213440956,1.3898179060106024,1.1512633053819954,1.52699490606831,0.5009508160308971,0.40545456473390906,1.0],""std_before_constant_guard"":[0.3542091213440956,1.3898179060106024,1.1512633053819954,1.52699490606831,0.5009508160308971,0.40545456473390906,7.105427357601002e-15],""target"":""log1p_seconds_with_expm1_inverse_and_lower_clip_zero"",""transform"":""log1p_nonnegative_globals_then_outer_train_standard_scaler""}",,single,True
cudaq_dense_statevector_fp32,fp32,ridge_alpha1,1,acacd76111e7f23e4224342ca0ab5340b1bdaad3b6eba8893e4036ba14896362,True,ok,7.470499258488417e-05,0.0,ok,,122,28,cbcda551bbf3cd0422bcbd7461c386da0c2ae2890823e3d9250747fc84f5e931,7e92dce58b8847173c3bbfe7b2dcb300df9ee5d36c09d816e00311a37f1eb548,"{""alpha"":1.0,""class"":""sklearn.linear_model.Ridge"",""fit_intercept"":true,""solver"":""svd""}","{""constant_std_replacement"":1.0,""constant_std_threshold"":1e-06,""mean"":[1.8442423990017938,3.206048842711911,2.8272617630538734,3.130550522582487,0.2686760083966731,1.840774090191576,3.4965075614664873],""scale_after_constant_guard"":[0.3542091213440956,1.3898179060106024,1.1512633053819954,1.52699490606831,0.5009508160308971,0.40545456473390906,1.0],""std_before_constant_guard"":[0.3542091213440956,1.3898179060106024,1.1512633053819954,1.52699490606831,0.5009508160308971,0.40545456473390906,7.105427357601002e-15],""target"":""log1p_seconds_with_expm1_inverse_and_lower_clip_zero"",""transform"":""log1p_nonnegative_globals_then_outer_train_standard_scaler""}",,single,True
cudaq_dense_statevector_fp32,fp32,ridge_alpha1,1,bc8cb33a3a242fb3ab35191a36313674faaca8fe1839cfa05d79788052424d1d,True,ok,9.00390004971996e-05,0.0,ok,,122,28,cbcda551bbf3cd0422bcbd7461c386da0c2ae2890823e3d9250747fc84f5e931,7e92dce58b8847173c3bbfe7b2dcb300df9ee5d36c09d816e00311a37f1eb548,"{""alpha"":1.0,""class"":""sklearn.linear_model.Ridge"",""fit_intercept"":true,""solver"":""svd""}","{""constant_std_replacement"":1.0,""constant_std_threshold"":1e-06,""mean"":[1.8442423990017938,3.206048842711911,2.8272617630538734,3.130550522582487,0.2686760083966731,1.840774090191576,3.4965075614664873],""scale_after_constant_guard"":[0.3542091213440956,1.3898179060106024,1.1512633053819954,1.52699490606831,0.5009508160308971,0.40545456473390906,1.0],""std_before_constant_guard"":[0.3542091213440956,1.3898179060106024,1.1512633053819954,1.52699490606831,0.5009508160308971,0.40545456473390906,7.105427357601002e-15],""target"":""log1p_seconds_with_expm1_inverse_and_lower_clip_zero"",""transform"":""log1p_nonnegative_globals_then_outer_train_standard_scaler""}",,single,True
cudaq_dense_statevector_fp32,fp32,ridge_alpha1,1,cbe1ca5505b485bd87b2e68f2b38ecae377e29f823c30e4c44d3f5f87d4266f7,True,ok,0.00030054400849621743,0.0007821146440974736,ok,,122,28,cbcda551bbf3cd0422bcbd7461c386da0c2ae2890823e3d9250747fc84f5e931,7e92dce58b8847173c3bbfe7b2dcb300df9ee5d36c09d816e00311a37f1eb548,"{""alpha"":1.0,""class"":""sklearn.linear_model.Ridge"",""fit_intercept"":true,""solver"":""svd""}","{""constant_std_replacement"":1.0,""constant_std_threshold"":1e-06,""mean"":[1.8442423990017938,3.206048842711911,2.8272617630538734,3.130550522582487,0.2686760083966731,1.840774090191576,3.4965075614664873],""scale_after_constant_guard"":[0.3542091213440956,1.3898179060106024,1.1512633053819954,1.52699490606831,0.5009508160308971,0.40545456473390906,1.0],""std_before_constant_guard"":[0.3542091213440956,1.3898179060106024,1.1512633053819954,1.52699490606831,0.5009508160308971,0.40545456473390906,7.105427357601002e-15],""target"":""log1p_seconds_with_expm1_inverse_and_lower_clip_zero"",""transform"":""log1p_nonnegative_globals_then_outer_train_standard_scaler""}",,single,True
cudaq_dense_statevector_fp32,fp32,ridge_alpha1,1,dc97062e3adcbcaf813cae5e970c8a0357a239b8d4a09e77a4e3e4625532d209,True,ok,0.00017126901366282254,0.0,ok,,122,28,cbcda551bbf3cd0422bcbd7461c386da0c2ae2890823e3d9250747fc84f5e931,7e92dce58b8847173c3bbfe7b2dcb300df9ee5d36c09d816e00311a37f1eb548,"{""alpha"":1.0,""class"":""sklearn.linear_model.Ridge"",""fit_intercept"":true,""solver"":""svd""}","{""constant_std_replacement"":1.0,""constant_std_threshold"":1e-06,""mean"":[1.8442423990017938,3.206048842711911,2.8272617630538734,3.130550522582487,0.2686760083966731,1.840774090191576,3.4965075614664873],""scale_after_constant_guard"":[0.3542091213440956,1.3898179060106024,1.1512633053819954,1.52699490606831,0.5009508160308971,0.40545456473390906,1.0],""std_before_constant_guard"":[0.3542091213440956,1.3898179060106024,1.1512633053819954,1.52699490606831,0.5009508160308971,0.40545456473390906,7.105427357601002e-15],""target"":""log1p_seconds_with_expm1_inverse_and_lower_clip_zero"",""transform"":""log1p_nonnegative_globals_then_outer_train_standard_scaler""}",,single,True
cudaq_dense_statevector_fp32,fp32,ridge_alpha1,1,f37f599f25c5024b4069e866a31563a6daf0b1495d17d25343f7b3cfac1169ee,True,ok,0.0002347469999222085,0.0,ok,,122,28,cbcda551bbf3cd0422bcbd7461c386da0c2ae2890823e3d9250747fc84f5e931,7e92dce58b8847173c3bbfe7b2dcb300df9ee5d36c09d816e00311a37f1eb548,"{""alpha"":1.0,""class"":""sklearn.linear_model.Ridge"",""fit_intercept"":true,""solver"":""svd""}","{""constant_std_replacement"":1.0,""constant_std_threshold"":1e-06,""mean"":[1.8442423990017938,3.206048842711911,2.8272617630538734,3.130550522582487,0.2686760083966731,1.840774090191576,3.4965075614664873],""scale_after_constant_guard"":[0.3542091213440956,1.3898179060106024,1.1512633053819954,1.52699490606831,0.5009508160308971,0.40545456473390906,1.0],""std_before_constant_guard"":[0.3542091213440956,1.3898179060106024,1.1512633053819954,1.52699490606831,0.5009508160308971,0.40545456473390906,7.105427357601002e-15],""target"":""log1p_seconds_with_expm1_inverse_and_lower_clip_zero"",""transform"":""log1p_nonnegative_globals_then_outer_train_standard_scaler""}",,single,True
cudaq_dense_statevector_fp32,fp32,rbf_svr,1,01de4bb89da48a3fc09c31d41d509c1446c6a4a3b329612c5baf0d39c56a922e,True,ok,0.0003509270027279854,0.009831936823927018,ok,,122,28,cbcda551bbf3cd0422bcbd7461c386da0c2ae2890823e3d9250747fc84f5e931,7e92dce58b8847173c3bbfe7b2dcb300df9ee5d36c09d816e00311a37f1eb548,"{""C"":10.0,""class"":""sklearn.svm.SVR"",""epsilon"":0.01,""gamma"":""scale"",""kernel"":""rbf"",""max_iter"":-1,""tol"":0.001}","{""constant_std_replacement"":1.0,""constant_std_threshold"":1e-06,""mean"":[1.8442423990017938,3.206048842711911,2.8272617630538734,3.130550522582487,0.2686760083966731,1.840774090191576,3.4965075614664873],""scale_after_constant_guard"":[0.3542091213440956,1.3898179060106024,1.1512633053819954,1.52699490606831,0.5009508160308971,0.40545456473390906,1.0],""std_before_constant_guard"":[0.3542091213440956,1.3898179060106024,1.1512633053819954,1.52699490606831,0.5009508160308971,0.40545456473390906,7.105427357601002e-15],""target"":""log1p_seconds_with_expm1_inverse_and_lower_clip_zero"",""transform"":""log1p_nonnegative_globals_then_outer_train_standard_scaler""}",,single,True
cudaq_dense_statevector_fp32,fp32,rbf_svr,1,1dab21c93a580f711efff03a0f4a1d82985cf201219e886ab246e03a9011735c,True,ok,0.00023607199545949697,0.008621628379303841,ok,,122,28,cbcda551bbf3cd0422bcbd7461c386da0c2ae2890823e3d9250747fc84f5e931,7e92dce58b8847173c3bbfe7b2dcb300df9ee5d36c09d816e00311a37f1eb548,"{""C"":10.0,""class"":""sklearn.svm.SVR"",""epsilon"":0.01,""gamma"":""scale"",""kernel"":""rbf"",""max_iter"":-1,""tol"":0.001}","{""constant_std_replacement"":1.0,""constant_std_threshold"":1e-06,""mean"":[1.8442423990017938,3.206048842711911,2.8272617630538734,3.130550522582487,0.2686760083966731,1.840774090191576,3.4965075614664873],""scale_after_constant_guard"":[0.3542091213440956,1.3898179060106024,1.1512633053819954,1.52699490606831,0.5009508160308971,0.40545456473390906,1.0],""std_before_constant_guard"":[0.3542091213440956,1.3898179060106024,1.1512633053819954,1.52699490606831,0.5009508160308971,0.40545456473390906,7.105427357601002e-15],""target"":""log1p_seconds_with_expm1_inverse_and_lower_clip_zero"",""transform"":""log1p_nonnegative_globals_then_outer_train_standard_scaler""}",,single,True
cudaq_dense_statevector_fp32,fp32,rbf_svr,1,2372d3228c3e3e38e3351feb553380bce5a543c936f73a400de0e54ab470599a,True,ok,0.0017785709933377802,0.01165034740768922,ok,,122,28,cbcda551bbf3cd0422bcbd7461c386da0c2ae2890823e3d9250747fc84f5e931,7e92dce58b8847173c3bbfe7b2dcb300df9ee5d36c09d816e00311a37f1eb548,"{""C"":10.0,""class"":""sklearn.svm.SVR"",""epsilon"":0.01,""gamma"":""scale"",""kernel"":""rbf"",""max_iter"":-1,""tol"":0.001}","{""constant_std_replacement"":1.0,""constant_std_threshold"":1e-06,""mean"":[1.8442423990017938,3.206048842711911,2.8272617630538734,3.130550522582487,0.2686760083966731,1.840774090191576,3.4965075614664873],""scale_after_constant_guard"":[0.3542091213440956,1.3898179060106024,1.1512633053819954,1.52699490606831,0.5009508160308971,0.40545456473390906,1.0],""std_before_constant_guard"":[0.3542091213440956,1.3898179060106024,1.1512633053819954,1.52699490606831,0.5009508160308971,0.40545456473390906,7.105427357601002e-15],""target"":""log1p_seconds_with_expm1_inverse_and_lower_clip_zero"",""transform"":""log1p_nonnegative_globals_then_outer_train_standard_scaler""}",,single,True
cudaq_dense_statevector_fp32,fp32,rbf_svr,1,31f7b2533d8a3c05d59b44a9b2d93f44bc48da630d1884cf9df0012199e10a74,True,ok,0.0005404070107033476,0.010680664730760101,ok,,122,28,cbcda551bbf3cd0422bcbd7461c386da0c2ae2890823e3d9250747fc84f5e931,7e92dce58b8847173c3bbfe7b2dcb300df9ee5d36c09d816e00311a37f1eb548,"{""C"":10.0,""class"":""sklearn.svm.SVR"",""epsilon"":0.01,""gamma"":""scale"",""kernel"":""rbf"",""max_iter"":-1,""tol"":0.001}","{""constant_std_replacement"":1.0,""constant_std_threshold"":1e-06,""mean"":[1.8442423990017938,3.206048842711911,2.8272617630538734,3.130550522582487,0.2686760083966731,1.840774090191576,3.4965075614664873],""scale_after_constant_guard"":[0.3542091213440956,1.3898179060106024,1.1512633053819954,1.52699490606831,0.5009508160308971,0.40545456473390906,1.0],""std_before_constant_guard"":[0.3542091213440956,1.3898179060106024,1.1512633053819954,1.52699490606831,0.5009508160308971,0.40545456473390906,7.105427357601002e-15],""target"":""log1p_seconds_with_expm1_inverse_and_lower_clip_zero"",""transform"":""log1p_nonnegative_globals_then_outer_train_standard_scaler""}",,single,True
cudaq_dense_statevector_fp32,fp32,rbf_svr,1,3d37464cf8c53831d2867c0c111a83e03a820e90fa26f77d01a4a85f4f9d6875,True,ok,0.01015016800374724,0.010920151203211171,ok,,122,28,cbcda551bbf3cd0422bcbd7461c386da0c2ae2890823e3d9250747fc84f5e931,7e92dce58b8847173c3bbfe7b2dcb300df9ee5d36c09d816e00311a37f1eb548,"{""C"":10.0,""class"":""sklearn.svm.SVR"",""epsilon"":0.01,""gamma"":""scale"",""kernel"":""rbf"",""max_iter"":-1,""tol"":0.001}","{""constant_std_replacement"":1.0,""constant_std_threshold"":1e-06,""mean"":[1.8442423990017938,3.206048842711911,2.8272617630538734,3.130550522582487,0.2686760083966731,1.840774090191576,3.4965075614664873],""scale_after_constant_guard"":[0.3542091213440956,1.3898179060106024,1.1512633053819954,1.52699490606831,0.5009508160308971,0.40545456473390906,1.0],""std_before_constant_guard"":[0.3542091213440956,1.3898179060106024,1.1512633053819954,1.52699490606831,0.5009508160308971,0.40545456473390906,7.105427357601002e-15],""target"":""log1p_seconds_with_expm1_inverse_and_lower_clip_zero"",""transform"":""log1p_nonnegative_globals_then_outer_train_standard_scaler""}",,single,True
cudaq_dense_statevector_fp32,fp32,rbf_svr,1,3e4560adf43b5c5102bf22f235abcb9dd2ed5e34930cdb929a128226f96e4ea5,True,ok,0.00011053800699301064,0.00893326025276933,ok,,122,28,cbcda551bbf3cd0422bcbd7461c386da0c2ae2890823e3d9250747fc84f5e931,7e92dce58b8847173c3bbfe7b2dcb300df9ee5d36c09d816e00311a37f1eb548,"{""C"":10.0,""class"":""sklearn.svm.SVR"",""epsilon"":0.01,""gamma"":""scale"",""kernel"":""rbf"",""max_iter"":-1,""tol"":0.001}","{""constant_std_replacement"":1.0,""constant_std_threshold"":1e-06,""mean"":[1.8442423990017938,3.206048842711911,2.8272617630538734,3.130550522582487,0.2686760083966731,1.840774090191576,3.4965075614664873],""scale_after_constant_guard"":[0.3542091213440956,1.3898179060106024,1.1512633053819954,1.52699490606831,0.5009508160308971,0.40545456473390906,1.0],""std_before_constant_guard"":[0.3542091213440956,1.3898179060106024,1.1512633053819954,1.52699490606831,0.5009508160308971,0.40545456473390906,7.105427357601002e-15],""target"":""log1p_seconds_with_expm1_inverse_and_lower_clip_zero"",""transform"":""log1p_nonnegative_globals_then_outer_train_standard_scaler""}",,single,True
cudaq_dense_statevector_fp32,fp32,rbf_svr,1,433844fca892218b1218ca028aafb0eddf1929d5ca52fdea53b3cb324e4055bd,True,ok,0.00011989100312348455,0.010091198851857112,ok,,122,28,cbcda551bbf3cd0422bcbd7461c386da0c2ae2890823e3d9250747fc84f5e931,7e92dce58b8847173c3bbfe7b2dcb300df9ee5d36c09d816e00311a37f1eb548,"{""C"":10.0,""class"":""sklearn.svm.SVR"",""epsilon"":0.01,""gamma"":""scale"",""kernel"":""rbf"",""max_iter"":-1,""tol"":0.001}","{""constant_std_replacement"":1.0,""constant_std_threshold"":1e-06,""mean"":[1.8442423990017938,3.206048842711911,2.8272617630538734,3.130550522582487,0.2686760083966731,1.840774090191576,3.4965075614664873],""scale_after_constant_guard"":[0.3542091213440956,1.3898179060106024,1.1512633053819954,1.52699490606831,0.5009508160308971,0.40545456473390906,1.0],""std_before_constant_guard"":[0.3542091213440956,1.3898179060106024,1.1512633053819954,1.52699490606831,0.5009508160308971,0.40545456473390906,7.105427357601002e-15],""target"":""log1p_seconds_with_expm1_inverse_and_lower_clip_zero"",""transform"":""log1p_nonnegative_globals_then_outer_train_standard_scaler""}",,single,True
cudaq_dense_statevector_fp32,fp32,rbf_svr,1,451bd8177acaca0301a8bb4d61cb192f26dce1f81d8ab04ca0aded562d525c58,True,ok,0.00023886299459263682,0.00984313227229971,ok,,122,28,cbcda551bbf3cd0422bcbd7461c386da0c2ae2890823e3d9250747fc84f5e931,7e92dce58b8847173c3bbfe7b2dcb300df9ee5d36c09d816e00311a37f1eb548,"{""C"":10.0,""class"":""sklearn.svm.SVR"",""epsilon"":0.01,""gamma"":""scale"",""kernel"":""rbf"",""max_iter"":-1,""tol"":0.001}","{""constant_std_replacement"":1.0,""constant_std_threshold"":1e-06,""mean"":[1.8442423990017938,3.206048842711911,2.8272617630538734,3.130550522582487,0.2686760083966731,1.840774090191576,3.4965075614664873],""scale_after_constant_guard"":[0.3542091213440956,1.3898179060106024,1.1512633053819954,1.52699490606831,0.5009508160308971,0.40545456473390906,1.0],""std_before_constant_guard"":[0.3542091213440956,1.3898179060106024,1.1512633053819954,1.52699490606831,0.5009508160308971,0.40545456473390906,7.105427357601002e-15],""target"":""log1p_seconds_with_expm1_inverse_and_lower_clip_zero"",""transform"":""log1p_nonnegative_globals_then_outer_train_standard_scaler""}",,single,True
cudaq_dense_statevector_fp32,fp32,rbf_svr,1,47e6743e95c380a13dc5947d9e9b3db26e541efabd4a27134ff26aa14c00ba7d,True,ok,0.00017217299318872392,0.010954983219870882,ok,,122,28,cbcda551bbf3cd0422bcbd7461c386da0c2ae2890823e3d9250747fc84f5e931,7e92dce58b8847173c3bbfe7b2dcb300df9ee5d36c09d816e00311a37f1eb548,"{""C"":10.0,""class"":""sklearn.svm.SVR"",""epsilon"":0.01,""gamma"":""scale"",""kernel"":""rbf"",""max_iter"":-1,""tol"":0.001}","{""constant_std_replacement"":1.0,""constant_std_threshold"":1e-06,""mean"":[1.8442423990017938,3.206048842711911,2.8272617630538734,3.130550522582487,0.2686760083966731,1.840774090191576,3.4965075614664873],""scale_after_constant_guard"":[0.3542091213440956,1.3898179060106024,1.1512633053819954,1.52699490606831,0.5009508160308971,0.40545456473390906,1.0],""std_before_constant_guard"":[0.3542091213440956,1.3898179060106024,1.1512633053819954,1.52699490606831,0.5009508160308971,0.40545456473390906,7.105427357601002e-15],""target"":""log1p_seconds_with_expm1_inverse_and_lower_clip_zero"",""transform"":""log1p_nonnegative_globals_then_outer_train_standard_scaler""}",,single,True
cudaq_dense_statevector_fp32,fp32,rbf_svr,1,4df5b36e58378649053c461bf5ee1478fa114ac65c0c14551536b820ce8eafc7,True,ok,0.0017379179917043075,0.007497997963141006,ok,,122,28,cbcda551bbf3cd0422bcbd7461c386da0c2ae2890823e3d9250747fc84f5e931,7e92dce58b8847173c3bbfe7b2dcb300df9ee5d36c09d816e00311a37f1eb548,"{""C"":10.0,""class"":""sklearn.svm.SVR"",""epsilon"":0.01,""gamma"":""scale"",""kernel"":""rbf"",""max_iter"":-1,""tol"":0.001}","{""constant_std_replacement"":1.0,""constant_std_threshold"":1e-06,""mean"":[1.8442423990017938,3.206048842711911,2.8272617630538734,3.130550522582487,0.2686760083966731,1.840774090191576,3.4965075614664873],""scale_after_constant_guard"":[0.3542091213440956,1.3898179060106024,1.1512633053819954,1.52699490606831,0.5009508160308971,0.40545456473390906,1.0],""std_before_constant_guard"":[0.3542091213440956,1.3898179060106024,1.1512633053819954,1.52699490606831,0.5009508160308971,0.40545456473390906,7.105427357601002e-15],""target"":""log1p_seconds_with_expm1_inverse_and_lower_clip_zero"",""transform"":""log1p_nonnegative_globals_then_outer_train_standard_scaler""}",,single,True
cudaq_dense_statevector_fp32,fp32,rbf_svr,1,551dfe6ad672d4157a761610fc4c1061ea844868f2106407374764552251d63a,True,ok,0.00016222300473600626,0.009327337374115983,ok,,122,28,cbcda551bbf3cd0422bcbd7461c386da0c2ae2890823e3d9250747fc84f5e931,7e92dce58b8847173c3bbfe7b2dcb300df9ee5d36c09d816e00311a37f1eb548,"{""C"":10.0,""class"":""sklearn.svm.SVR"",""epsilon"":0.01,""gamma"":""scale"",""kernel"":""rbf"",""max_iter"":-1,""tol"":0.001}","{""constant_std_replacement"":1.0,""constant_std_threshold"":1e-06,""mean"":[1.8442423990017938,3.206048842711911,2.8272617630538734,3.130550522582487,0.2686760083966731,1.840774090191576,3.4965075614664873],""scale_after_constant_guard"":[0.3542091213440956,1.3898179060106024,1.1512633053819954,1.52699490606831,0.5009508160308971,0.40545456473390906,1.0],""std_before_constant_guard"":[0.3542091213440956,1.3898179060106024,1.1512633053819954,1.52699490606831,0.5009508160308971,0.40545456473390906,7.105427357601002e-15],""target"":""log1p_seconds_with_expm1_inverse_and_lower_clip_zero"",""transform"":""log1p_nonnegative_globals_then_outer_train_standard_scaler""}",,single,True
cudaq_dense_statevector_fp32,fp32,rbf_svr,1,55746e6a2fd8d9c4b8c813443f2db46b072f75db1632dd252298c735fbc72bf0,True,ok,7.282200385816395e-05,0.010974758387018373,ok,,122,28,cbcda551bbf3cd0422bcbd7461c386da0c2ae2890823e3d9250747fc84f5e931,7e92dce58b8847173c3bbfe7b2dcb300df9ee5d36c09d816e00311a37f1eb548,"{""C"":10.0,""class"":""sklearn.svm.SVR"",""epsilon"":0.01,""gamma"":""scale"",""kernel"":""rbf"",""max_iter"":-1,""tol"":0.001}","{""constant_std_replacement"":1.0,""constant_std_threshold"":1e-06,""mean"":[1.8442423990017938,3.206048842711911,2.8272617630538734,3.130550522582487,0.2686760083966731,1.840774090191576,3.4965075614664873],""scale_after_constant_guard"":[0.3542091213440956,1.3898179060106024,1.1512633053819954,1.52699490606831,0.5009508160308971,0.40545456473390906,1.0],""std_before_constant_guard"":[0.3542091213440956,1.3898179060106024,1.1512633053819954,1.52699490606831,0.5009508160308971,0.40545456473390906,7.105427357601002e-15],""target"":""log1p_seconds_with_expm1_inverse_and_lower_clip_zero"",""transform"":""log1p_nonnegative_globals_then_outer_train_standard_scaler""}",,single,True
cudaq_dense_statevector_fp32,fp32,rbf_svr,1,6a475a20ac3d09839e2b43104ca187037db5ff813b811e0d7356adac93d25244,True,ok,0.00035622899304144084,0.009607343672661386,ok,,122,28,cbcda551bbf3cd0422bcbd7461c386da0c2ae2890823e3d9250747fc84f5e931,7e92dce58b8847173c3bbfe7b2dcb300df9ee5d36c09d816e00311a37f1eb548,"{""C"":10.0,""class"":""sklearn.svm.SVR"",""epsilon"":0.01,""gamma"":""scale"",""kernel"":""rbf"",""max_iter"":-1,""tol"":0.001}","{""constant_std_replacement"":1.0,""constant_std_threshold"":1e-06,""mean"":[1.8442423990017938,3.206048842711911,2.8272617630538734,3.130550522582487,0.2686760083966731,1.840774090191576,3.4965075614664873],""scale_after_constant_guard"":[0.3542091213440956,1.3898179060106024,1.1512633053819954,1.52699490606831,0.5009508160308971,0.40545456473390906,1.0],""std_before_constant_guard"":[0.3542091213440956,1.3898179060106024,1.1512633053819954,1.52699490606831,0.5009508160308971,0.40545456473390906,7.105427357601002e-15],""target"":""log1p_seconds_with_expm1_inverse_and_lower_clip_zero"",""transform"":""log1p_nonnegative_globals_then_outer_train_standard_scaler""}",,single,True
cudaq_dense_statevector_fp32,fp32,rbf_svr,1,6cf91acdbcfc0321d1ffcee7c2197fec29f2b9dd83e7c3b56dbe8d583332ccdb,True,ok,0.000997391005512327,0.008795388840876394,ok,,122,28,cbcda551bbf3cd0422bcbd7461c386da0c2ae2890823e3d9250747fc84f5e931,7e92dce58b8847173c3bbfe7b2dcb300df9ee5d36c09d816e00311a37f1eb548,"{""C"":10.0,""class"":""sklearn.svm.SVR"",""epsilon"":0.01,""gamma"":""scale"",""kernel"":""rbf"",""max_iter"":-1,""tol"":0.001}","{""constant_std_replacement"":1.0,""constant_std_threshold"":1e-06,""mean"":[1.8442423990017938,3.206048842711911,2.8272617630538734,3.130550522582487,0.2686760083966731,1.840774090191576,3.4965075614664873],""scale_after_constant_guard"":[0.3542091213440956,1.3898179060106024,1.1512633053819954,1.52699490606831,0.5009508160308971,0.40545456473390906,1.0],""std_before_constant_guard"":[0.3542091213440956,1.3898179060106024,1.1512633053819954,1.52699490606831,0.5009508160308971,0.40545456473390906,7.105427357601002e-15],""target"":""log1p_seconds_with_expm1_inverse_and_lower_clip_zero"",""transform"":""log1p_nonnegative_globals_then_outer_train_standard_scaler""}",,single,True
cudaq_dense_statevector_fp32,fp32,rbf_svr,1,720a3cec5f9b39a53aa0d59f0ecc24f42f2948fbe56164a033262c628e2ba875,True,ok,0.0006673260068055242,0.00956219290433417,ok,,122,28,cbcda551bbf3cd0422bcbd7461c386da0c2ae2890823e3d9250747fc84f5e931,7e92dce58b8847173c3bbfe7b2dcb300df9ee5d36c09d816e00311a37f1eb548,"{""C"":10.0,""class"":""sklearn.svm.SVR"",""epsilon"":0.01,""gamma"":""scale"",""kernel"":""rbf"",""max_iter"":-1,""tol"":0.001}","{""constant_std_replacement"":1.0,""constant_std_threshold"":1e-06,""mean"":[1.8442423990017938,3.206048842711911,2.8272617630538734,3.130550522582487,0.2686760083966731,1.840774090191576,3.4965075614664873],""scale_after_constant_guard"":[0.3542091213440956,1.3898179060106024,1.1512633053819954,1.52699490606831,0.5009508160308971,0.40545456473390906,1.0],""std_before_constant_guard"":[0.3542091213440956,1.3898179060106024,1.1512633053819954,1.52699490606831,0.5009508160308971,0.40545456473390906,7.105427357601002e-15],""target"":""log1p_seconds_with_expm1_inverse_and_lower_clip_zero"",""transform"":""log1p_nonnegative_globals_then_outer_train_standard_scaler""}",,single,True
cudaq_dense_statevector_fp32,fp32,rbf_svr,1,75b1db396e34d1f1b234ea8dcdc253203a770cecce7f48bb8a126860723c43df,True,ok,7.975599146448076e-05,0.008672282156062727,ok,,122,28,cbcda551bbf3cd0422bcbd7461c386da0c2ae2890823e3d9250747fc84f5e931,7e92dce58b8847173c3bbfe7b2dcb300df9ee5d36c09d816e00311a37f1eb548,"{""C"":10.0,""class"":""sklearn.svm.SVR"",""epsilon"":0.01,""gamma"":""scale"",""kernel"":""rbf"",""max_iter"":-1,""tol"":0.001}","{""constant_std_replacement"":1.0,""constant_std_threshold"":1e-06,""mean"":[1.8442423990017938,3.206048842711911,2.8272617630538734,3.130550522582487,0.2686760083966731,1.840774090191576,3.4965075614664873],""scale_after_constant_guard"":[0.3542091213440956,1.3898179060106024,1.1512633053819954,1.52699490606831,0.5009508160308971,0.40545456473390906,1.0],""std_before_constant_guard"":[0.3542091213440956,1.3898179060106024,1.1512633053819954,1.52699490606831,0.5009508160308971,0.40545456473390906,7.105427357601002e-15],""target"":""log1p_seconds_with_expm1_inverse_and_lower_clip_zero"",""transform"":""log1p_nonnegative_globals_then_outer_train_standard_scaler""}",,single,True
cudaq_dense_statevector_fp32,fp32,rbf_svr,1,7b944ad7e38d98fae66177b6c014ae2878d62bcd1765103c19941653817e7996,True,ok,0.00017108500469475985,0.008590855346693205,ok,,122,28,cbcda551bbf3cd0422bcbd7461c386da0c2ae2890823e3d9250747fc84f5e931,7e92dce58b8847173c3bbfe7b2dcb300df9ee5d36c09d816e00311a37f1eb548,"{""C"":10.0,""class"":""sklearn.svm.SVR"",""epsilon"":0.01,""gamma"":""scale"",""kernel"":""rbf"",""max_iter"":-1,""tol"":0.001}","{""constant_std_replacement"":1.0,""constant_std_threshold"":1e-06,""mean"":[1.8442423990017938,3.206048842711911,2.8272617630538734,3.130550522582487,0.2686760083966731,1.840774090191576,3.4965075614664873],""scale_after_constant_guard"":[0.3542091213440956,1.3898179060106024,1.1512633053819954,1.52699490606831,0.5009508160308971,0.40545456473390906,1.0],""std_before_constant_guard"":[0.3542091213440956,1.3898179060106024,1.1512633053819954,1.52699490606831,0.5009508160308971,0.40545456473390906,7.105427357601002e-15],""target"":""log1p_seconds_with_expm1_inverse_and_lower_clip_zero"",""transform"":""log1p_nonnegative_globals_then_outer_train_standard_scaler""}",,single,True
cudaq_dense_statevector_fp32,fp32,rbf_svr,1,806f1844d225682cd7d5d0b276b5567caa23697f73064d8a20347024bb03fe40,True,ok,9.64279897743836e-05,0.009260476443614432,ok,,122,28,cbcda551bbf3cd0422bcbd7461c386da0c2ae2890823e3d9250747fc84f5e931,7e92dce58b8847173c3bbfe7b2dcb300df9ee5d36c09d816e00311a37f1eb548,"{""C"":10.0,""class"":""sklearn.svm.SVR"",""epsilon"":0.01,""gamma"":""scale"",""kernel"":""rbf"",""max_iter"":-1,""tol"":0.001}","{""constant_std_replacement"":1.0,""constant_std_threshold"":1e-06,""mean"":[1.8442423990017938,3.206048842711911,2.8272617630538734,3.130550522582487,0.2686760083966731,1.840774090191576,3.4965075614664873],""scale_after_constant_guard"":[0.3542091213440956,1.3898179060106024,1.1512633053819954,1.52699490606831,0.5009508160308971,0.40545456473390906,1.0],""std_before_constant_guard"":[0.3542091213440956,1.3898179060106024,1.1512633053819954,1.52699490606831,0.5009508160308971,0.40545456473390906,7.105427357601002e-15],""target"":""log1p_seconds_with_expm1_inverse_and_lower_clip_zero"",""transform"":""log1p_nonnegative_globals_then_outer_train_standard_scaler""}",,single,True
cudaq_dense_statevector_fp32,fp32,rbf_svr,1,8e4821df72704634cb81ea4d738477a8d596a49cba641e6198fdc9970e1d5d2f,True,ok,0.00026484699628781527,0.008814038881131869,ok,,122,28,cbcda551bbf3cd0422bcbd7461c386da0c2ae2890823e3d9250747fc84f5e931,7e92dce58b8847173c3bbfe7b2dcb300df9ee5d36c09d816e00311a37f1eb548,"{""C"":10.0,""class"":""sklearn.svm.SVR"",""epsilon"":0.01,""gamma"":""scale"",""kernel"":""rbf"",""max_iter"":-1,""tol"":0.001}","{""constant_std_replacement"":1.0,""constant_std_threshold"":1e-06,""mean"":[1.8442423990017938,3.206048842711911,2.8272617630538734,3.130550522582487,0.2686760083966731,1.840774090191576,3.4965075614664873],""scale_after_constant_guard"":[0.3542091213440956,1.3898179060106024,1.1512633053819954,1.52699490606831,0.5009508160308971,0.40545456473390906,1.0],""std_before_constant_guard"":[0.3542091213440956,1.3898179060106024,1.1512633053819954,1.52699490606831,0.5009508160308971,0.40545456473390906,7.105427357601002e-15],""target"":""log1p_seconds_with_expm1_inverse_and_lower_clip_zero"",""transform"":""log1p_nonnegative_globals_then_outer_train_standard_scaler""}",,single,True
cudaq_dense_statevector_fp32,fp32,rbf_svr,1,8f11cd416ae9672f06a39e5ee3a27a70bcbf31d7177cb47270c0cd8512c95381,True,ok,0.0004046039975946769,0.009480151213267776,ok,,122,28,cbcda551bbf3cd0422bcbd7461c386da0c2ae2890823e3d9250747fc84f5e931,7e92dce58b8847173c3bbfe7b2dcb300df9ee5d36c09d816e00311a37f1eb548,"{""C"":10.0,""class"":""sklearn.svm.SVR"",""epsilon"":0.01,""gamma"":""scale"",""kernel"":""rbf"",""max_iter"":-1,""tol"":0.001}","{""constant_std_replacement"":1.0,""constant_std_threshold"":1e-06,""mean"":[1.8442423990017938,3.206048842711911,2.8272617630538734,3.130550522582487,0.2686760083966731,1.840774090191576,3.4965075614664873],""scale_after_constant_guard"":[0.3542091213440956,1.3898179060106024,1.1512633053819954,1.52699490606831,0.5009508160308971,0.40545456473390906,1.0],""std_before_constant_guard"":[0.3542091213440956,1.3898179060106024,1.1512633053819954,1.52699490606831,0.5009508160308971,0.40545456473390906,7.105427357601002e-15],""target"":""log1p_seconds_with_expm1_inverse_and_lower_clip_zero"",""transform"":""log1p_nonnegative_globals_then_outer_train_standard_scaler""}",,single,True
cudaq_dense_statevector_fp32,fp32,rbf_svr,1,93eff191c23e0c3d13a127f38595909e7092290f5119c9be24a1ccc61fff5767,True,ok,0.0012989209935767576,0.012388958677364146,ok,,122,28,cbcda551bbf3cd0422bcbd7461c386da0c2ae2890823e3d9250747fc84f5e931,7e92dce58b8847173c3bbfe7b2dcb300df9ee5d36c09d816e00311a37f1eb548,"{""C"":10.0,""class"":""sklearn.svm.SVR"",""epsilon"":0.01,""gamma"":""scale"",""kernel"":""rbf"",""max_iter"":-1,""tol"":0.001}","{""constant_std_replacement"":1.0,""constant_std_threshold"":1e-06,""mean"":[1.8442423990017938,3.206048842711911,2.8272617630538734,3.130550522582487,0.2686760083966731,1.840774090191576,3.4965075614664873],""scale_after_constant_guard"":[0.3542091213440956,1.3898179060106024,1.1512633053819954,1.52699490606831,0.5009508160308971,0.40545456473390906,1.0],""std_before_constant_guard"":[0.3542091213440956,1.3898179060106024,1.1512633053819954,1.52699490606831,0.5009508160308971,0.40545456473390906,7.105427357601002e-15],""target"":""log1p_seconds_with_expm1_inverse_and_lower_clip_zero"",""transform"":""log1p_nonnegative_globals_then_outer_train_standard_scaler""}",,single,True
cudaq_dense_statevector_fp32,fp32,rbf_svr,1,9649572da691c86252b1620cba73350902b9ba3cf4dbdb3fb2e3531588da98c4,True,ok,0.00016993199824355543,0.008872940352406806,ok,,122,28,cbcda551bbf3cd0422bcbd7461c386da0c2ae2890823e3d9250747fc84f5e931,7e92dce58b8847173c3bbfe7b2dcb300df9ee5d36c09d816e00311a37f1eb548,"{""C"":10.0,""class"":""sklearn.svm.SVR"",""epsilon"":0.01,""gamma"":""scale"",""kernel"":""rbf"",""max_iter"":-1,""tol"":0.001}","{""constant_std_replacement"":1.0,""constant_std_threshold"":1e-06,""mean"":[1.8442423990017938,3.206048842711911,2.8272617630538734,3.130550522582487,0.2686760083966731,1.840774090191576,3.4965075614664873],""scale_after_constant_guard"":[0.3542091213440956,1.3898179060106024,1.1512633053819954,1.52699490606831,0.5009508160308971,0.40545456473390906,1.0],""std_before_constant_guard"":[0.3542091213440956,1.3898179060106024,1.1512633053819954,1.52699490606831,0.5009508160308971,0.40545456473390906,7.105427357601002e-15],""target"":""log1p_seconds_with_expm1_inverse_and_lower_clip_zero"",""transform"":""log1p_nonnegative_globals_then_outer_train_standard_scaler""}",,single,True
cudaq_dense_statevector_fp32,fp32,rbf_svr,1,a4a7b8b8d556570de9ea2db286aaa4245fa50f4619f25f0f7414b16d503458d8,True,ok,0.0005027639999752864,0.01117023817646237,ok,,122,28,cbcda551bbf3cd0422bcbd7461c386da0c2ae2890823e3d9250747fc84f5e931,7e92dce58b8847173c3bbfe7b2dcb300df9ee5d36c09d816e00311a37f1eb548,"{""C"":10.0,""class"":""sklearn.svm.SVR"",""epsilon"":0.01,""gamma"":""scale"",""kernel"":""rbf"",""max_iter"":-1,""tol"":0.001}","{""constant_std_replacement"":1.0,""constant_std_threshold"":1e-06,""mean"":[1.8442423990017938,3.206048842711911,2.8272617630538734,3.130550522582487,0.2686760083966731,1.840774090191576,3.4965075614664873],""scale_after_constant_guard"":[0.3542091213440956,1.3898179060106024,1.1512633053819954,1.52699490606831,0.5009508160308971,0.40545456473390906,1.0],""std_before_constant_guard"":[0.3542091213440956,1.3898179060106024,1.1512633053819954,1.52699490606831,0.5009508160308971,0.40545456473390906,7.105427357601002e-15],""target"":""log1p_seconds_with_expm1_inverse_and_lower_clip_zero"",""transform"":""log1p_nonnegative_globals_then_outer_train_standard_scaler""}",,single,True
cudaq_dense_statevector_fp32,fp32,rbf_svr,1,acacd76111e7f23e4224342ca0ab5340b1bdaad3b6eba8893e4036ba14896362,True,ok,7.470499258488417e-05,0.010121664342205109,ok,,122,28,cbcda551bbf3cd0422bcbd7461c386da0c2ae2890823e3d9250747fc84f5e931,7e92dce58b8847173c3bbfe7b2dcb300df9ee5d36c09d816e00311a37f1eb548,"{""C"":10.0,""class"":""sklearn.svm.SVR"",""epsilon"":0.01,""gamma"":""scale"",""kernel"":""rbf"",""max_iter"":-1,""tol"":0.001}","{""constant_std_replacement"":1.0,""constant_std_threshold"":1e-06,""mean"":[1.8442423990017938,3.206048842711911,2.8272617630538734,3.130550522582487,0.2686760083966731,1.840774090191576,3.4965075614664873],""scale_after_constant_guard"":[0.3542091213440956,1.3898179060106024,1.1512633053819954,1.52699490606831,0.5009508160308971,0.40545456473390906,1.0],""std_before_constant_guard"":[0.3542091213440956,1.3898179060106024,1.1512633053819954,1.52699490606831,0.5009508160308971,0.40545456473390906,7.105427357601002e-15],""target"":""log1p_seconds_with_expm1_inverse_and_lower_clip_zero"",""transform"":""log1p_nonnegative_globals_then_outer_train_standard_scaler""}",,single,True
cudaq_dense_statevector_fp32,fp32,rbf_svr,1,bc8cb33a3a242fb3ab35191a36313674faaca8fe1839cfa05d79788052424d1d,True,ok,9.00390004971996e-05,0.008388519433688485,ok,,122,28,cbcda551bbf3cd0422bcbd7461c386da0c2ae2890823e3d9250747fc84f5e931,7e92dce58b8847173c3bbfe7b2dcb300df9ee5d36c09d816e00311a37f1eb548,"{""C"":10.0,""class"":""sklearn.svm.SVR"",""epsilon"":0.01,""gamma"":""scale"",""kernel"":""rbf"",""max_iter"":-1,""tol"":0.001}","{""constant_std_replacement"":1.0,""constant_std_threshold"":1e-06,""mean"":[1.8442423990017938,3.206048842711911,2.8272617630538734,3.130550522582487,0.2686760083966731,1.840774090191576,3.4965075614664873],""scale_after_constant_guard"":[0.3542091213440956,1.3898179060106024,1.1512633053819954,1.52699490606831,0.5009508160308971,0.40545456473390906,1.0],""std_before_constant_guard"":[0.3542091213440956,1.3898179060106024,1.1512633053819954,1.52699490606831,0.5009508160308971,0.40545456473390906,7.105427357601002e-15],""target"":""log1p_seconds_with_expm1_inverse_and_lower_clip_zero"",""transform"":""log1p_nonnegative_globals_then_outer_train_standard_scaler""}",,single,True
cudaq_dense_statevector_fp32,fp32,rbf_svr,1,cbe1ca5505b485bd87b2e68f2b38ecae377e29f823c30e4c44d3f5f87d4266f7,True,ok,0.00030054400849621743,0.010429358280150462,ok,,122,28,cbcda551bbf3cd0422bcbd7461c386da0c2ae2890823e3d9250747fc84f5e931,7e92dce58b8847173c3bbfe7b2dcb300df9ee5d36c09d816e00311a37f1eb548,"{""C"":10.0,""class"":""sklearn.svm.SVR"",""epsilon"":0.01,""gamma"":""scale"",""kernel"":""rbf"",""max_iter"":-1,""tol"":0.001}","{""constant_std_replacement"":1.0,""constant_std_threshold"":1e-06,""mean"":[1.8442423990017938,3.206048842711911,2.8272617630538734,3.130550522582487,0.2686760083966731,1.840774090191576,3.4965075614664873],""scale_after_constant_guard"":[0.3542091213440956,1.3898179060106024,1.1512633053819954,1.52699490606831,0.5009508160308971,0.40545456473390906,1.0],""std_before_constant_guard"":[0.3542091213440956,1.3898179060106024,1.1512633053819954,1.52699490606831,0.5009508160308971,0.40545456473390906,7.105427357601002e-15],""target"":""log1p_seconds_with_expm1_inverse_and_lower_clip_zero"",""transform"":""log1p_nonnegative_globals_then_outer_train_standard_scaler""}",,single,True
cudaq_dense_statevector_fp32,fp32,rbf_svr,1,dc97062e3adcbcaf813cae5e970c8a0357a239b8d4a09e77a4e3e4625532d209,True,ok,0.00017126901366282254,0.008337000511453752,ok,,122,28,cbcda551bbf3cd0422bcbd7461c386da0c2ae2890823e3d9250747fc84f5e931,7e92dce58b8847173c3bbfe7b2dcb300df9ee5d36c09d816e00311a37f1eb548,"{""C"":10.0,""class"":""sklearn.svm.SVR"",""epsilon"":0.01,""gamma"":""scale"",""kernel"":""rbf"",""max_iter"":-1,""tol"":0.001}","{""constant_std_replacement"":1.0,""constant_std_threshold"":1e-06,""mean"":[1.8442423990017938,3.206048842711911,2.8272617630538734,3.130550522582487,0.2686760083966731,1.840774090191576,3.4965075614664873],""scale_after_constant_guard"":[0.3542091213440956,1.3898179060106024,1.1512633053819954,1.52699490606831,0.5009508160308971,0.40545456473390906,1.0],""std_before_constant_guard"":[0.3542091213440956,1.3898179060106024,1.1512633053819954,1.52699490606831,0.5009508160308971,0.40545456473390906,7.105427357601002e-15],""target"":""log1p_seconds_with_expm1_inverse_and_lower_clip_zero"",""transform"":""log1p_nonnegative_globals_then_outer_train_standard_scaler""}",,single,True
cudaq_dense_statevector_fp32,fp32,rbf_svr,1,f37f599f25c5024b4069e866a31563a6daf0b1495d17d25343f7b3cfac1169ee,True,ok,0.0002347469999222085,0.009955153305078469,ok,,122,28,cbcda551bbf3cd0422bcbd7461c386da0c2ae2890823e3d9250747fc84f5e931,7e92dce58b8847173c3bbfe7b2dcb300df9ee5d36c09d816e00311a37f1eb548,"{""C"":10.0,""class"":""sklearn.svm.SVR"",""epsilon"":0.01,""gamma"":""scale"",""kernel"":""rbf"",""max_iter"":-1,""tol"":0.001}","{""constant_std_replacement"":1.0,""constant_std_threshold"":1e-06,""mean"":[1.8442423990017938,3.206048842711911,2.8272617630538734,3.130550522582487,0.2686760083966731,1.840774090191576,3.4965075614664873],""scale_after_constant_guard"":[0.3542091213440956,1.3898179060106024,1.1512633053819954,1.52699490606831,0.5009508160308971,0.40545456473390906,1.0],""std_before_constant_guard"":[0.3542091213440956,1.3898179060106024,1.1512633053819954,1.52699490606831,0.5009508160308971,0.40545456473390906,7.105427357601002e-15],""target"":""log1p_seconds_with_expm1_inverse_and_lower_clip_zero"",""transform"":""log1p_nonnegative_globals_then_outer_train_standard_scaler""}",,single,True
cudaq_dense_statevector_fp32,fp32,random_forest,1,01de4bb89da48a3fc09c31d41d509c1446c6a4a3b329612c5baf0d39c56a922e,True,ok,0.0003509270027279854,0.0003724066451652557,ok,,122,28,cbcda551bbf3cd0422bcbd7461c386da0c2ae2890823e3d9250747fc84f5e931,7e92dce58b8847173c3bbfe7b2dcb300df9ee5d36c09d816e00311a37f1eb548,"{""bootstrap"":true,""class"":""sklearn.ensemble.RandomForestRegressor"",""max_depth"":null,""max_features"":1.0,""min_samples_leaf"":2,""min_samples_split"":2,""n_estimators"":300,""n_jobs"":2,""random_state"":1234}","{""constant_std_replacement"":1.0,""constant_std_threshold"":1e-06,""mean"":[1.8442423990017938,3.206048842711911,2.8272617630538734,3.130550522582487,0.2686760083966731,1.840774090191576,3.4965075614664873],""scale_after_constant_guard"":[0.3542091213440956,1.3898179060106024,1.1512633053819954,1.52699490606831,0.5009508160308971,0.40545456473390906,1.0],""std_before_constant_guard"":[0.3542091213440956,1.3898179060106024,1.1512633053819954,1.52699490606831,0.5009508160308971,0.40545456473390906,7.105427357601002e-15],""target"":""log1p_seconds_with_expm1_inverse_and_lower_clip_zero"",""transform"":""log1p_nonnegative_globals_then_outer_train_standard_scaler""}",,single,True
cudaq_dense_statevector_fp32,fp32,random_forest,1,1dab21c93a580f711efff03a0f4a1d82985cf201219e886ab246e03a9011735c,True,ok,0.00023607199545949697,0.00028396635901209395,ok,,122,28,cbcda551bbf3cd0422bcbd7461c386da0c2ae2890823e3d9250747fc84f5e931,7e92dce58b8847173c3bbfe7b2dcb300df9ee5d36c09d816e00311a37f1eb548,"{""bootstrap"":true,""class"":""sklearn.ensemble.RandomForestRegressor"",""max_depth"":null,""max_features"":1.0,""min_samples_leaf"":2,""min_samples_split"":2,""n_estimators"":300,""n_jobs"":2,""random_state"":1234}","{""constant_std_replacement"":1.0,""constant_std_threshold"":1e-06,""mean"":[1.8442423990017938,3.206048842711911,2.8272617630538734,3.130550522582487,0.2686760083966731,1.840774090191576,3.4965075614664873],""scale_after_constant_guard"":[0.3542091213440956,1.3898179060106024,1.1512633053819954,1.52699490606831,0.5009508160308971,0.40545456473390906,1.0],""std_before_constant_guard"":[0.3542091213440956,1.3898179060106024,1.1512633053819954,1.52699490606831,0.5009508160308971,0.40545456473390906,7.105427357601002e-15],""target"":""log1p_seconds_with_expm1_inverse_and_lower_clip_zero"",""transform"":""log1p_nonnegative_globals_then_outer_train_standard_scaler""}",,single,True
cudaq_dense_statevector_fp32,fp32,random_forest,1,2372d3228c3e3e38e3351feb553380bce5a543c936f73a400de0e54ab470599a,True,ok,0.0017785709933377802,0.0011664682528433887,ok,,122,28,cbcda551bbf3cd0422bcbd7461c386da0c2ae2890823e3d9250747fc84f5e931,7e92dce58b8847173c3bbfe7b2dcb300df9ee5d36c09d816e00311a37f1eb548,"{""bootstrap"":true,""class"":""sklearn.ensemble.RandomForestRegressor"",""max_depth"":null,""max_features"":1.0,""min_samples_leaf"":2,""min_samples_split"":2,""n_estimators"":300,""n_jobs"":2,""random_state"":1234}","{""constant_std_replacement"":1.0,""constant_std_threshold"":1e-06,""mean"":[1.8442423990017938,3.206048842711911,2.8272617630538734,3.130550522582487,0.2686760083966731,1.840774090191576,3.4965075614664873],""scale_after_constant_guard"":[0.3542091213440956,1.3898179060106024,1.1512633053819954,1.52699490606831,0.5009508160308971,0.40545456473390906,1.0],""std_before_constant_guard"":[0.3542091213440956,1.3898179060106024,1.1512633053819954,1.52699490606831,0.5009508160308971,0.40545456473390906,7.105427357601002e-15],""target"":""log1p_seconds_with_expm1_inverse_and_lower_clip_zero"",""transform"":""log1p_nonnegative_globals_then_outer_train_standard_scaler""}",,single,True
cudaq_dense_statevector_fp32,fp32,random_forest,1,31f7b2533d8a3c05d59b44a9b2d93f44bc48da630d1884cf9df0012199e10a74,True,ok,0.0005404070107033476,0.0005520920821777468,ok,,122,28,cbcda551bbf3cd0422bcbd7461c386da0c2ae2890823e3d9250747fc84f5e931,7e92dce58b8847173c3bbfe7b2dcb300df9ee5d36c09d816e00311a37f1eb548,"{""bootstrap"":true,""class"":""sklearn.ensemble.RandomForestRegressor"",""max_depth"":null,""max_features"":1.0,""min_samples_leaf"":2,""min_samples_split"":2,""n_estimators"":300,""n_jobs"":2,""random_state"":1234}","{""constant_std_replacement"":1.0,""constant_std_threshold"":1e-06,""mean"":[1.8442423990017938,3.206048842711911,2.8272617630538734,3.130550522582487,0.2686760083966731,1.840774090191576,3.4965075614664873],""scale_after_constant_guard"":[0.3542091213440956,1.3898179060106024,1.1512633053819954,1.52699490606831,0.5009508160308971,0.40545456473390906,1.0],""std_before_constant_guard"":[0.3542091213440956,1.3898179060106024,1.1512633053819954,1.52699490606831,0.5009508160308971,0.40545456473390906,7.105427357601002e-15],""target"":""log1p_seconds_with_expm1_inverse_and_lower_clip_zero"",""transform"":""log1p_nonnegative_globals_then_outer_train_standard_scaler""}",,single,True
cudaq_dense_statevector_fp32,fp32,random_forest,1,3d37464cf8c53831d2867c0c111a83e03a820e90fa26f77d01a4a85f4f9d6875,True,ok,0.01015016800374724,0.012761014930517154,ok,,122,28,cbcda551bbf3cd0422bcbd7461c386da0c2ae2890823e3d9250747fc84f5e931,7e92dce58b8847173c3bbfe7b2dcb300df9ee5d36c09d816e00311a37f1eb548,"{""bootstrap"":true,""class"":""sklearn.ensemble.RandomForestRegressor"",""max_depth"":null,""max_features"":1.0,""min_samples_leaf"":2,""min_samples_split"":2,""n_estimators"":300,""n_jobs"":2,""random_state"":1234}","{""constant_std_replacement"":1.0,""constant_std_threshold"":1e-06,""mean"":[1.8442423990017938,3.206048842711911,2.8272617630538734,3.130550522582487,0.2686760083966731,1.840774090191576,3.4965075614664873],""scale_after_constant_guard"":[0.3542091213440956,1.3898179060106024,1.1512633053819954,1.52699490606831,0.5009508160308971,0.40545456473390906,1.0],""std_before_constant_guard"":[0.3542091213440956,1.3898179060106024,1.1512633053819954,1.52699490606831,0.5009508160308971,0.40545456473390906,7.105427357601002e-15],""target"":""log1p_seconds_with_expm1_inverse_and_lower_clip_zero"",""transform"":""log1p_nonnegative_globals_then_outer_train_standard_scaler""}",,single,True
cudaq_dense_statevector_fp32,fp32,random_forest,1,3e4560adf43b5c5102bf22f235abcb9dd2ed5e34930cdb929a128226f96e4ea5,True,ok,0.00011053800699301064,0.00010022082477364269,ok,,122,28,cbcda551bbf3cd0422bcbd7461c386da0c2ae2890823e3d9250747fc84f5e931,7e92dce58b8847173c3bbfe7b2dcb300df9ee5d36c09d816e00311a37f1eb548,"{""bootstrap"":true,""class"":""sklearn.ensemble.RandomForestRegressor"",""max_depth"":null,""max_features"":1.0,""min_samples_leaf"":2,""min_samples_split"":2,""n_estimators"":300,""n_jobs"":2,""random_state"":1234}","{""constant_std_replacement"":1.0,""constant_std_threshold"":1e-06,""mean"":[1.8442423990017938,3.206048842711911,2.8272617630538734,3.130550522582487,0.2686760083966731,1.840774090191576,3.4965075614664873],""scale_after_constant_guard"":[0.3542091213440956,1.3898179060106024,1.1512633053819954,1.52699490606831,0.5009508160308971,0.40545456473390906,1.0],""std_before_constant_guard"":[0.3542091213440956,1.3898179060106024,1.1512633053819954,1.52699490606831,0.5009508160308971,0.40545456473390906,7.105427357601002e-15],""target"":""log1p_seconds_with_expm1_inverse_and_lower_clip_zero"",""transform"":""log1p_nonnegative_globals_then_outer_train_standard_scaler""}",,single,True
cudaq_dense_statevector_fp32,fp32,random_forest,1,433844fca892218b1218ca028aafb0eddf1929d5ca52fdea53b3cb324e4055bd,True,ok,0.00011989100312348455,0.00012184662552503289,ok,,122,28,cbcda551bbf3cd0422bcbd7461c386da0c2ae2890823e3d9250747fc84f5e931,7e92dce58b8847173c3bbfe7b2dcb300df9ee5d36c09d816e00311a37f1eb548,"{""bootstrap"":true,""class"":""sklearn.ensemble.RandomForestRegressor"",""max_depth"":null,""max_features"":1.0,""min_samples_leaf"":2,""min_samples_split"":2,""n_estimators"":300,""n_jobs"":2,""random_state"":1234}","{""constant_std_replacement"":1.0,""constant_std_threshold"":1e-06,""mean"":[1.8442423990017938,3.206048842711911,2.8272617630538734,3.130550522582487,0.2686760083966731,1.840774090191576,3.4965075614664873],""scale_after_constant_guard"":[0.3542091213440956,1.3898179060106024,1.1512633053819954,1.52699490606831,0.5009508160308971,0.40545456473390906,1.0],""std_before_constant_guard"":[0.3542091213440956,1.3898179060106024,1.1512633053819954,1.52699490606831,0.5009508160308971,0.40545456473390906,7.105427357601002e-15],""target"":""log1p_seconds_with_expm1_inverse_and_lower_clip_zero"",""transform"":""log1p_nonnegative_globals_then_outer_train_standard_scaler""}",,single,True
cudaq_dense_statevector_fp32,fp32,random_forest,1,451bd8177acaca0301a8bb4d61cb192f26dce1f81d8ab04ca0aded562d525c58,True,ok,0.00023886299459263682,0.0003511615821902521,ok,,122,28,cbcda551bbf3cd0422bcbd7461c386da0c2ae2890823e3d9250747fc84f5e931,7e92dce58b8847173c3bbfe7b2dcb300df9ee5d36c09d816e00311a37f1eb548,"{""bootstrap"":true,""class"":""sklearn.ensemble.RandomForestRegressor"",""max_depth"":null,""max_features"":1.0,""min_samples_leaf"":2,""min_samples_split"":2,""n_estimators"":300,""n_jobs"":2,""random_state"":1234}","{""constant_std_replacement"":1.0,""constant_std_threshold"":1e-06,""mean"":[1.8442423990017938,3.206048842711911,2.8272617630538734,3.130550522582487,0.2686760083966731,1.840774090191576,3.4965075614664873],""scale_after_constant_guard"":[0.3542091213440956,1.3898179060106024,1.1512633053819954,1.52699490606831,0.5009508160308971,0.40545456473390906,1.0],""std_before_constant_guard"":[0.3542091213440956,1.3898179060106024,1.1512633053819954,1.52699490606831,0.5009508160308971,0.40545456473390906,7.105427357601002e-15],""target"":""log1p_seconds_with_expm1_inverse_and_lower_clip_zero"",""transform"":""log1p_nonnegative_globals_then_outer_train_standard_scaler""}",,single,True
cudaq_dense_statevector_fp32,fp32,random_forest,1,47e6743e95c380a13dc5947d9e9b3db26e541efabd4a27134ff26aa14c00ba7d,True,ok,0.00017217299318872392,0.00016207377299582603,ok,,122,28,cbcda551bbf3cd0422bcbd7461c386da0c2ae2890823e3d9250747fc84f5e931,7e92dce58b8847173c3bbfe7b2dcb300df9ee5d36c09d816e00311a37f1eb548,"{""bootstrap"":true,""class"":""sklearn.ensemble.RandomForestRegressor"",""max_depth"":null,""max_features"":1.0,""min_samples_leaf"":2,""min_samples_split"":2,""n_estimators"":300,""n_jobs"":2,""random_state"":1234}","{""constant_std_replacement"":1.0,""constant_std_threshold"":1e-06,""mean"":[1.8442423990017938,3.206048842711911,2.8272617630538734,3.130550522582487,0.2686760083966731,1.840774090191576,3.4965075614664873],""scale_after_constant_guard"":[0.3542091213440956,1.3898179060106024,1.1512633053819954,1.52699490606831,0.5009508160308971,0.40545456473390906,1.0],""std_before_constant_guard"":[0.3542091213440956,1.3898179060106024,1.1512633053819954,1.52699490606831,0.5009508160308971,0.40545456473390906,7.105427357601002e-15],""target"":""log1p_seconds_with_expm1_inverse_and_lower_clip_zero"",""transform"":""log1p_nonnegative_globals_then_outer_train_standard_scaler""}",,single,True
cudaq_dense_statevector_fp32,fp32,random_forest,1,4df5b36e58378649053c461bf5ee1478fa114ac65c0c14551536b820ce8eafc7,True,ok,0.0017379179917043075,0.0018316668904647903,ok,,122,28,cbcda551bbf3cd0422bcbd7461c386da0c2ae2890823e3d9250747fc84f5e931,7e92dce58b8847173c3bbfe7b2dcb300df9ee5d36c09d816e00311a37f1eb548,"{""bootstrap"":true,""class"":""sklearn.ensemble.RandomForestRegressor"",""max_depth"":null,""max_features"":1.0,""min_samples_leaf"":2,""min_samples_split"":2,""n_estimators"":300,""n_jobs"":2,""random_state"":1234}","{""constant_std_replacement"":1.0,""constant_std_threshold"":1e-06,""mean"":[1.8442423990017938,3.206048842711911,2.8272617630538734,3.130550522582487,0.2686760083966731,1.840774090191576,3.4965075614664873],""scale_after_constant_guard"":[0.3542091213440956,1.3898179060106024,1.1512633053819954,1.52699490606831,0.5009508160308971,0.40545456473390906,1.0],""std_before_constant_guard"":[0.3542091213440956,1.3898179060106024,1.1512633053819954,1.52699490606831,0.5009508160308971,0.40545456473390906,7.105427357601002e-15],""target"":""log1p_seconds_with_expm1_inverse_and_lower_clip_zero"",""transform"":""log1p_nonnegative_globals_then_outer_train_standard_scaler""}",,single,True
cudaq_dense_statevector_fp32,fp32,random_forest,1,551dfe6ad672d4157a761610fc4c1061ea844868f2106407374764552251d63a,True,ok,0.00016222300473600626,0.00016739883100407406,ok,,122,28,cbcda551bbf3cd0422bcbd7461c386da0c2ae2890823e3d9250747fc84f5e931,7e92dce58b8847173c3bbfe7b2dcb300df9ee5d36c09d816e00311a37f1eb548,"{""bootstrap"":true,""class"":""sklearn.ensemble.RandomForestRegressor"",""max_depth"":null,""max_features"":1.0,""min_samples_leaf"":2,""min_samples_split"":2,""n_estimators"":300,""n_jobs"":2,""random_state"":1234}","{""constant_std_replacement"":1.0,""constant_std_threshold"":1e-06,""mean"":[1.8442423990017938,3.206048842711911,2.8272617630538734,3.130550522582487,0.2686760083966731,1.840774090191576,3.4965075614664873],""scale_after_constant_guard"":[0.3542091213440956,1.3898179060106024,1.1512633053819954,1.52699490606831,0.5009508160308971,0.40545456473390906,1.0],""std_before_constant_guard"":[0.3542091213440956,1.3898179060106024,1.1512633053819954,1.52699490606831,0.5009508160308971,0.40545456473390906,7.105427357601002e-15],""target"":""log1p_seconds_with_expm1_inverse_and_lower_clip_zero"",""transform"":""log1p_nonnegative_globals_then_outer_train_standard_scaler""}",,single,True
cudaq_dense_statevector_fp32,fp32,random_forest,1,55746e6a2fd8d9c4b8c813443f2db46b072f75db1632dd252298c735fbc72bf0,True,ok,7.282200385816395e-05,7.943849080379083e-05,ok,,122,28,cbcda551bbf3cd0422bcbd7461c386da0c2ae2890823e3d9250747fc84f5e931,7e92dce58b8847173c3bbfe7b2dcb300df9ee5d36c09d816e00311a37f1eb548,"{""bootstrap"":true,""class"":""sklearn.ensemble.RandomForestRegressor"",""max_depth"":null,""max_features"":1.0,""min_samples_leaf"":2,""min_samples_split"":2,""n_estimators"":300,""n_jobs"":2,""random_state"":1234}","{""constant_std_replacement"":1.0,""constant_std_threshold"":1e-06,""mean"":[1.8442423990017938,3.206048842711911,2.8272617630538734,3.130550522582487,0.2686760083966731,1.840774090191576,3.4965075614664873],""scale_after_constant_guard"":[0.3542091213440956,1.3898179060106024,1.1512633053819954,1.52699490606831,0.5009508160308971,0.40545456473390906,1.0],""std_before_constant_guard"":[0.3542091213440956,1.3898179060106024,1.1512633053819954,1.52699490606831,0.5009508160308971,0.40545456473390906,7.105427357601002e-15],""target"":""log1p_seconds_with_expm1_inverse_and_lower_clip_zero"",""transform"":""log1p_nonnegative_globals_then_outer_train_standard_scaler""}",,single,True
cudaq_dense_statevector_fp32,fp32,random_forest,1,6a475a20ac3d09839e2b43104ca187037db5ff813b811e0d7356adac93d25244,True,ok,0.00035622899304144084,0.00028554938015946387,ok,,122,28,cbcda551bbf3cd0422bcbd7461c386da0c2ae2890823e3d9250747fc84f5e931,7e92dce58b8847173c3bbfe7b2dcb300df9ee5d36c09d816e00311a37f1eb548,"{""bootstrap"":true,""class"":""sklearn.ensemble.RandomForestRegressor"",""max_depth"":null,""max_features"":1.0,""min_samples_leaf"":2,""min_samples_split"":2,""n_estimators"":300,""n_jobs"":2,""random_state"":1234}","{""constant_std_replacement"":1.0,""constant_std_threshold"":1e-06,""mean"":[1.8442423990017938,3.206048842711911,2.8272617630538734,3.130550522582487,0.2686760083966731,1.840774090191576,3.4965075614664873],""scale_after_constant_guard"":[0.3542091213440956,1.3898179060106024,1.1512633053819954,1.52699490606831,0.5009508160308971,0.40545456473390906,1.0],""std_before_constant_guard"":[0.3542091213440956,1.3898179060106024,1.1512633053819954,1.52699490606831,0.5009508160308971,0.40545456473390906,7.105427357601002e-15],""target"":""log1p_seconds_with_expm1_inverse_and_lower_clip_zero"",""transform"":""log1p_nonnegative_globals_then_outer_train_standard_scaler""}",,single,True
cudaq_dense_statevector_fp32,fp32,random_forest,1,6cf91acdbcfc0321d1ffcee7c2197fec29f2b9dd83e7c3b56dbe8d583332ccdb,True,ok,0.000997391005512327,0.0009668093371820557,ok,,122,28,cbcda551bbf3cd0422bcbd7461c386da0c2ae2890823e3d9250747fc84f5e931,7e92dce58b8847173c3bbfe7b2dcb300df9ee5d36c09d816e00311a37f1eb548,"{""bootstrap"":true,""class"":""sklearn.ensemble.RandomForestRegressor"",""max_depth"":null,""max_features"":1.0,""min_samples_leaf"":2,""min_samples_split"":2,""n_estimators"":300,""n_jobs"":2,""random_state"":1234}","{""constant_std_replacement"":1.0,""constant_std_threshold"":1e-06,""mean"":[1.8442423990017938,3.206048842711911,2.8272617630538734,3.130550522582487,0.2686760083966731,1.840774090191576,3.4965075614664873],""scale_after_constant_guard"":[0.3542091213440956,1.3898179060106024,1.1512633053819954,1.52699490606831,0.5009508160308971,0.40545456473390906,1.0],""std_before_constant_guard"":[0.3542091213440956,1.3898179060106024,1.1512633053819954,1.52699490606831,0.5009508160308971,0.40545456473390906,7.105427357601002e-15],""target"":""log1p_seconds_with_expm1_inverse_and_lower_clip_zero"",""transform"":""log1p_nonnegative_globals_then_outer_train_standard_scaler""}",,single,True
cudaq_dense_statevector_fp32,fp32,random_forest,1,720a3cec5f9b39a53aa0d59f0ecc24f42f2948fbe56164a033262c628e2ba875,True,ok,0.0006673260068055242,0.0009027579736864463,ok,,122,28,cbcda551bbf3cd0422bcbd7461c386da0c2ae2890823e3d9250747fc84f5e931,7e92dce58b8847173c3bbfe7b2dcb300df9ee5d36c09d816e00311a37f1eb548,"{""bootstrap"":true,""class"":""sklearn.ensemble.RandomForestRegressor"",""max_depth"":null,""max_features"":1.0,""min_samples_leaf"":2,""min_samples_split"":2,""n_estimators"":300,""n_jobs"":2,""random_state"":1234}","{""constant_std_replacement"":1.0,""constant_std_threshold"":1e-06,""mean"":[1.8442423990017938,3.206048842711911,2.8272617630538734,3.130550522582487,0.2686760083966731,1.840774090191576,3.4965075614664873],""scale_after_constant_guard"":[0.3542091213440956,1.3898179060106024,1.1512633053819954,1.52699490606831,0.5009508160308971,0.40545456473390906,1.0],""std_before_constant_guard"":[0.3542091213440956,1.3898179060106024,1.1512633053819954,1.52699490606831,0.5009508160308971,0.40545456473390906,7.105427357601002e-15],""target"":""log1p_seconds_with_expm1_inverse_and_lower_clip_zero"",""transform"":""log1p_nonnegative_globals_then_outer_train_standard_scaler""}",,single,True
cudaq_dense_statevector_fp32,fp32,random_forest,1,75b1db396e34d1f1b234ea8dcdc253203a770cecce7f48bb8a126860723c43df,True,ok,7.975599146448076e-05,8.486296845897384e-05,ok,,122,28,cbcda551bbf3cd0422bcbd7461c386da0c2ae2890823e3d9250747fc84f5e931,7e92dce58b8847173c3bbfe7b2dcb300df9ee5d36c09d816e00311a37f1eb548,"{""bootstrap"":true,""class"":""sklearn.ensemble.RandomForestRegressor"",""max_depth"":null,""max_features"":1.0,""min_samples_leaf"":2,""min_samples_split"":2,""n_estimators"":300,""n_jobs"":2,""random_state"":1234}","{""constant_std_replacement"":1.0,""constant_std_threshold"":1e-06,""mean"":[1.8442423990017938,3.206048842711911,2.8272617630538734,3.130550522582487,0.2686760083966731,1.840774090191576,3.4965075614664873],""scale_after_constant_guard"":[0.3542091213440956,1.3898179060106024,1.1512633053819954,1.52699490606831,0.5009508160308971,0.40545456473390906,1.0],""std_before_constant_guard"":[0.3542091213440956,1.3898179060106024,1.1512633053819954,1.52699490606831,0.5009508160308971,0.40545456473390906,7.105427357601002e-15],""target"":""log1p_seconds_with_expm1_inverse_and_lower_clip_zero"",""transform"":""log1p_nonnegative_globals_then_outer_train_standard_scaler""}",,single,True
cudaq_dense_statevector_fp32,fp32,random_forest,1,7b944ad7e38d98fae66177b6c014ae2878d62bcd1765103c19941653817e7996,True,ok,0.00017108500469475985,0.00014986653333676458,ok,,122,28,cbcda551bbf3cd0422bcbd7461c386da0c2ae2890823e3d9250747fc84f5e931,7e92dce58b8847173c3bbfe7b2dcb300df9ee5d36c09d816e00311a37f1eb548,"{""bootstrap"":true,""class"":""sklearn.ensemble.RandomForestRegressor"",""max_depth"":null,""max_features"":1.0,""min_samples_leaf"":2,""min_samples_split"":2,""n_estimators"":300,""n_jobs"":2,""random_state"":1234}","{""constant_std_replacement"":1.0,""constant_std_threshold"":1e-06,""mean"":[1.8442423990017938,3.206048842711911,2.8272617630538734,3.130550522582487,0.2686760083966731,1.840774090191576,3.4965075614664873],""scale_after_constant_guard"":[0.3542091213440956,1.3898179060106024,1.1512633053819954,1.52699490606831,0.5009508160308971,0.40545456473390906,1.0],""std_before_constant_guard"":[0.3542091213440956,1.3898179060106024,1.1512633053819954,1.52699490606831,0.5009508160308971,0.40545456473390906,7.105427357601002e-15],""target"":""log1p_seconds_with_expm1_inverse_and_lower_clip_zero"",""transform"":""log1p_nonnegative_globals_then_outer_train_standard_scaler""}",,single,True
cudaq_dense_statevector_fp32,fp32,random_forest,1,806f1844d225682cd7d5d0b276b5567caa23697f73064d8a20347024bb03fe40,True,ok,9.64279897743836e-05,9.77516013784593e-05,ok,,122,28,cbcda551bbf3cd0422bcbd7461c386da0c2ae2890823e3d9250747fc84f5e931,7e92dce58b8847173c3bbfe7b2dcb300df9ee5d36c09d816e00311a37f1eb548,"{""bootstrap"":true,""class"":""sklearn.ensemble.RandomForestRegressor"",""max_depth"":null,""max_features"":1.0,""min_samples_leaf"":2,""min_samples_split"":2,""n_estimators"":300,""n_jobs"":2,""random_state"":1234}","{""constant_std_replacement"":1.0,""constant_std_threshold"":1e-06,""mean"":[1.8442423990017938,3.206048842711911,2.8272617630538734,3.130550522582487,0.2686760083966731,1.840774090191576,3.4965075614664873],""scale_after_constant_guard"":[0.3542091213440956,1.3898179060106024,1.1512633053819954,1.52699490606831,0.5009508160308971,0.40545456473390906,1.0],""std_before_constant_guard"":[0.3542091213440956,1.3898179060106024,1.1512633053819954,1.52699490606831,0.5009508160308971,0.40545456473390906,7.105427357601002e-15],""target"":""log1p_seconds_with_expm1_inverse_and_lower_clip_zero"",""transform"":""log1p_nonnegative_globals_then_outer_train_standard_scaler""}",,single,True
cudaq_dense_statevector_fp32,fp32,random_forest,1,8e4821df72704634cb81ea4d738477a8d596a49cba641e6198fdc9970e1d5d2f,True,ok,0.00026484699628781527,0.0002596631608042672,ok,,122,28,cbcda551bbf3cd0422bcbd7461c386da0c2ae2890823e3d9250747fc84f5e931,7e92dce58b8847173c3bbfe7b2dcb300df9ee5d36c09d816e00311a37f1eb548,"{""bootstrap"":true,""class"":""sklearn.ensemble.RandomForestRegressor"",""max_depth"":null,""max_features"":1.0,""min_samples_leaf"":2,""min_samples_split"":2,""n_estimators"":300,""n_jobs"":2,""random_state"":1234}","{""constant_std_replacement"":1.0,""constant_std_threshold"":1e-06,""mean"":[1.8442423990017938,3.206048842711911,2.8272617630538734,3.130550522582487,0.2686760083966731,1.840774090191576,3.4965075614664873],""scale_after_constant_guard"":[0.3542091213440956,1.3898179060106024,1.1512633053819954,1.52699490606831,0.5009508160308971,0.40545456473390906,1.0],""std_before_constant_guard"":[0.3542091213440956,1.3898179060106024,1.1512633053819954,1.52699490606831,0.5009508160308971,0.40545456473390906,7.105427357601002e-15],""target"":""log1p_seconds_with_expm1_inverse_and_lower_clip_zero"",""transform"":""log1p_nonnegative_globals_then_outer_train_standard_scaler""}",,single,True
cudaq_dense_statevector_fp32,fp32,random_forest,1,8f11cd416ae9672f06a39e5ee3a27a70bcbf31d7177cb47270c0cd8512c95381,True,ok,0.0004046039975946769,0.0003331287198118935,ok,,122,28,cbcda551bbf3cd0422bcbd7461c386da0c2ae2890823e3d9250747fc84f5e931,7e92dce58b8847173c3bbfe7b2dcb300df9ee5d36c09d816e00311a37f1eb548,"{""bootstrap"":true,""class"":""sklearn.ensemble.RandomForestRegressor"",""max_depth"":null,""max_features"":1.0,""min_samples_leaf"":2,""min_samples_split"":2,""n_estimators"":300,""n_jobs"":2,""random_state"":1234}","{""constant_std_replacement"":1.0,""constant_std_threshold"":1e-06,""mean"":[1.8442423990017938,3.206048842711911,2.8272617630538734,3.130550522582487,0.2686760083966731,1.840774090191576,3.4965075614664873],""scale_after_constant_guard"":[0.3542091213440956,1.3898179060106024,1.1512633053819954,1.52699490606831,0.5009508160308971,0.40545456473390906,1.0],""std_before_constant_guard"":[0.3542091213440956,1.3898179060106024,1.1512633053819954,1.52699490606831,0.5009508160308971,0.40545456473390906,7.105427357601002e-15],""target"":""log1p_seconds_with_expm1_inverse_and_lower_clip_zero"",""transform"":""log1p_nonnegative_globals_then_outer_train_standard_scaler""}",,single,True
cudaq_dense_statevector_fp32,fp32,random_forest,1,93eff191c23e0c3d13a127f38595909e7092290f5119c9be24a1ccc61fff5767,True,ok,0.0012989209935767576,0.0011412554548126644,ok,,122,28,cbcda551bbf3cd0422bcbd7461c386da0c2ae2890823e3d9250747fc84f5e931,7e92dce58b8847173c3bbfe7b2dcb300df9ee5d36c09d816e00311a37f1eb548,"{""bootstrap"":true,""class"":""sklearn.ensemble.RandomForestRegressor"",""max_depth"":null,""max_features"":1.0,""min_samples_leaf"":2,""min_samples_split"":2,""n_estimators"":300,""n_jobs"":2,""random_state"":1234}","{""constant_std_replacement"":1.0,""constant_std_threshold"":1e-06,""mean"":[1.8442423990017938,3.206048842711911,2.8272617630538734,3.130550522582487,0.2686760083966731,1.840774090191576,3.4965075614664873],""scale_after_constant_guard"":[0.3542091213440956,1.3898179060106024,1.1512633053819954,1.52699490606831,0.5009508160308971,0.40545456473390906,1.0],""std_before_constant_guard"":[0.3542091213440956,1.3898179060106024,1.1512633053819954,1.52699490606831,0.5009508160308971,0.40545456473390906,7.105427357601002e-15],""target"":""log1p_seconds_with_expm1_inverse_and_lower_clip_zero"",""transform"":""log1p_nonnegative_globals_then_outer_train_standard_scaler""}",,single,True
cudaq_dense_statevector_fp32,fp32,random_forest,1,9649572da691c86252b1620cba73350902b9ba3cf4dbdb3fb2e3531588da98c4,True,ok,0.00016993199824355543,0.00014259968227107965,ok,,122,28,cbcda551bbf3cd0422bcbd7461c386da0c2ae2890823e3d9250747fc84f5e931,7e92dce58b8847173c3bbfe7b2dcb300df9ee5d36c09d816e00311a37f1eb548,"{""bootstrap"":true,""class"":""sklearn.ensemble.RandomForestRegressor"",""max_depth"":null,""max_features"":1.0,""min_samples_leaf"":2,""min_samples_split"":2,""n_estimators"":300,""n_jobs"":2,""random_state"":1234}","{""constant_std_replacement"":1.0,""constant_std_threshold"":1e-06,""mean"":[1.8442423990017938,3.206048842711911,2.8272617630538734,3.130550522582487,0.2686760083966731,1.840774090191576,3.4965075614664873],""scale_after_constant_guard"":[0.3542091213440956,1.3898179060106024,1.1512633053819954,1.52699490606831,0.5009508160308971,0.40545456473390906,1.0],""std_before_constant_guard"":[0.3542091213440956,1.3898179060106024,1.1512633053819954,1.52699490606831,0.5009508160308971,0.40545456473390906,7.105427357601002e-15],""target"":""log1p_seconds_with_expm1_inverse_and_lower_clip_zero"",""transform"":""log1p_nonnegative_globals_then_outer_train_standard_scaler""}",,single,True
cudaq_dense_statevector_fp32,fp32,random_forest,1,a4a7b8b8d556570de9ea2db286aaa4245fa50f4619f25f0f7414b16d503458d8,True,ok,0.0005027639999752864,0.00036255182739618295,ok,,122,28,cbcda551bbf3cd0422bcbd7461c386da0c2ae2890823e3d9250747fc84f5e931,7e92dce58b8847173c3bbfe7b2dcb300df9ee5d36c09d816e00311a37f1eb548,"{""bootstrap"":true,""class"":""sklearn.ensemble.RandomForestRegressor"",""max_depth"":null,""max_features"":1.0,""min_samples_leaf"":2,""min_samples_split"":2,""n_estimators"":300,""n_jobs"":2,""random_state"":1234}","{""constant_std_replacement"":1.0,""constant_std_threshold"":1e-06,""mean"":[1.8442423990017938,3.206048842711911,2.8272617630538734,3.130550522582487,0.2686760083966731,1.840774090191576,3.4965075614664873],""scale_after_constant_guard"":[0.3542091213440956,1.3898179060106024,1.1512633053819954,1.52699490606831,0.5009508160308971,0.40545456473390906,1.0],""std_before_constant_guard"":[0.3542091213440956,1.3898179060106024,1.1512633053819954,1.52699490606831,0.5009508160308971,0.40545456473390906,7.105427357601002e-15],""target"":""log1p_seconds_with_expm1_inverse_and_lower_clip_zero"",""transform"":""log1p_nonnegative_globals_then_outer_train_standard_scaler""}",,single,True
cudaq_dense_statevector_fp32,fp32,random_forest,1,acacd76111e7f23e4224342ca0ab5340b1bdaad3b6eba8893e4036ba14896362,True,ok,7.470499258488417e-05,7.884269128637674e-05,ok,,122,28,cbcda551bbf3cd0422bcbd7461c386da0c2ae2890823e3d9250747fc84f5e931,7e92dce58b8847173c3bbfe7b2dcb300df9ee5d36c09d816e00311a37f1eb548,"{""bootstrap"":true,""class"":""sklearn.ensemble.RandomForestRegressor"",""max_depth"":null,""max_features"":1.0,""min_samples_leaf"":2,""min_samples_split"":2,""n_estimators"":300,""n_jobs"":2,""random_state"":1234}","{""constant_std_replacement"":1.0,""constant_std_threshold"":1e-06,""mean"":[1.8442423990017938,3.206048842711911,2.8272617630538734,3.130550522582487,0.2686760083966731,1.840774090191576,3.4965075614664873],""scale_after_constant_guard"":[0.3542091213440956,1.3898179060106024,1.1512633053819954,1.52699490606831,0.5009508160308971,0.40545456473390906,1.0],""std_before_constant_guard"":[0.3542091213440956,1.3898179060106024,1.1512633053819954,1.52699490606831,0.5009508160308971,0.40545456473390906,7.105427357601002e-15],""target"":""log1p_seconds_with_expm1_inverse_and_lower_clip_zero"",""transform"":""log1p_nonnegative_globals_then_outer_train_standard_scaler""}",,single,True
cudaq_dense_statevector_fp32,fp32,random_forest,1,bc8cb33a3a242fb3ab35191a36313674faaca8fe1839cfa05d79788052424d1d,True,ok,9.00390004971996e-05,8.62153494066876e-05,ok,,122,28,cbcda551bbf3cd0422bcbd7461c386da0c2ae2890823e3d9250747fc84f5e931,7e92dce58b8847173c3bbfe7b2dcb300df9ee5d36c09d816e00311a37f1eb548,"{""bootstrap"":true,""class"":""sklearn.ensemble.RandomForestRegressor"",""max_depth"":null,""max_features"":1.0,""min_samples_leaf"":2,""min_samples_split"":2,""n_estimators"":300,""n_jobs"":2,""random_state"":1234}","{""constant_std_replacement"":1.0,""constant_std_threshold"":1e-06,""mean"":[1.8442423990017938,3.206048842711911,2.8272617630538734,3.130550522582487,0.2686760083966731,1.840774090191576,3.4965075614664873],""scale_after_constant_guard"":[0.3542091213440956,1.3898179060106024,1.1512633053819954,1.52699490606831,0.5009508160308971,0.40545456473390906,1.0],""std_before_constant_guard"":[0.3542091213440956,1.3898179060106024,1.1512633053819954,1.52699490606831,0.5009508160308971,0.40545456473390906,7.105427357601002e-15],""target"":""log1p_seconds_with_expm1_inverse_and_lower_clip_zero"",""transform"":""log1p_nonnegative_globals_then_outer_train_standard_scaler""}",,single,True
cudaq_dense_statevector_fp32,fp32,random_forest,1,cbe1ca5505b485bd87b2e68f2b38ecae377e29f823c30e4c44d3f5f87d4266f7,True,ok,0.00030054400849621743,0.0002943791662779612,ok,,122,28,cbcda551bbf3cd0422bcbd7461c386da0c2ae2890823e3d9250747fc84f5e931,7e92dce58b8847173c3bbfe7b2dcb300df9ee5d36c09d816e00311a37f1eb548,"{""bootstrap"":true,""class"":""sklearn.ensemble.RandomForestRegressor"",""max_depth"":null,""max_features"":1.0,""min_samples_leaf"":2,""min_samples_split"":2,""n_estimators"":300,""n_jobs"":2,""random_state"":1234}","{""constant_std_replacement"":1.0,""constant_std_threshold"":1e-06,""mean"":[1.8442423990017938,3.206048842711911,2.8272617630538734,3.130550522582487,0.2686760083966731,1.840774090191576,3.4965075614664873],""scale_after_constant_guard"":[0.3542091213440956,1.3898179060106024,1.1512633053819954,1.52699490606831,0.5009508160308971,0.40545456473390906,1.0],""std_before_constant_guard"":[0.3542091213440956,1.3898179060106024,1.1512633053819954,1.52699490606831,0.5009508160308971,0.40545456473390906,7.105427357601002e-15],""target"":""log1p_seconds_with_expm1_inverse_and_lower_clip_zero"",""transform"":""log1p_nonnegative_globals_then_outer_train_standard_scaler""}",,single,True
cudaq_dense_statevector_fp32,fp32,random_forest,1,dc97062e3adcbcaf813cae5e970c8a0357a239b8d4a09e77a4e3e4625532d209,True,ok,0.00017126901366282254,0.0001671836309838371,ok,,122,28,cbcda551bbf3cd0422bcbd7461c386da0c2ae2890823e3d9250747fc84f5e931,7e92dce58b8847173c3bbfe7b2dcb300df9ee5d36c09d816e00311a37f1eb548,"{""bootstrap"":true,""class"":""sklearn.ensemble.RandomForestRegressor"",""max_depth"":null,""max_features"":1.0,""min_samples_leaf"":2,""min_samples_split"":2,""n_estimators"":300,""n_jobs"":2,""random_state"":1234}","{""constant_std_replacement"":1.0,""constant_std_threshold"":1e-06,""mean"":[1.8442423990017938,3.206048842711911,2.8272617630538734,3.130550522582487,0.2686760083966731,1.840774090191576,3.4965075614664873],""scale_after_constant_guard"":[0.3542091213440956,1.3898179060106024,1.1512633053819954,1.52699490606831,0.5009508160308971,0.40545456473390906,1.0],""std_before_constant_guard"":[0.3542091213440956,1.3898179060106024,1.1512633053819954,1.52699490606831,0.5009508160308971,0.40545456473390906,7.105427357601002e-15],""target"":""log1p_seconds_with_expm1_inverse_and_lower_clip_zero"",""transform"":""log1p_nonnegative_globals_then_outer_train_standard_scaler""}",,single,True
cudaq_dense_statevector_fp32,fp32,random_forest,1,f37f599f25c5024b4069e866a31563a6daf0b1495d17d25343f7b3cfac1169ee,True,ok,0.0002347469999222085,0.00020658559873341302,ok,,122,28,cbcda551bbf3cd0422bcbd7461c386da0c2ae2890823e3d9250747fc84f5e931,7e92dce58b8847173c3bbfe7b2dcb300df9ee5d36c09d816e00311a37f1eb548,"{""bootstrap"":true,""class"":""sklearn.ensemble.RandomForestRegressor"",""max_depth"":null,""max_features"":1.0,""min_samples_leaf"":2,""min_samples_split"":2,""n_estimators"":300,""n_jobs"":2,""random_state"":1234}","{""constant_std_replacement"":1.0,""constant_std_threshold"":1e-06,""mean"":[1.8442423990017938,3.206048842711911,2.8272617630538734,3.130550522582487,0.2686760083966731,1.840774090191576,3.4965075614664873],""scale_after_constant_guard"":[0.3542091213440956,1.3898179060106024,1.1512633053819954,1.52699490606831,0.5009508160308971,0.40545456473390906,1.0],""std_before_constant_guard"":[0.3542091213440956,1.3898179060106024,1.1512633053819954,1.52699490606831,0.5009508160308971,0.40545456473390906,7.105427357601002e-15],""target"":""log1p_seconds_with_expm1_inverse_and_lower_clip_zero"",""transform"":""log1p_nonnegative_globals_then_outer_train_standard_scaler""}",,single,True
cudaq_dense_statevector_fp32,fp32,xgboost,1,01de4bb89da48a3fc09c31d41d509c1446c6a4a3b329612c5baf0d39c56a922e,True,ok,0.0003509270027279854,0.00032313655503257965,ok,,122,28,cbcda551bbf3cd0422bcbd7461c386da0c2ae2890823e3d9250747fc84f5e931,7e92dce58b8847173c3bbfe7b2dcb300df9ee5d36c09d816e00311a37f1eb548,"{""class"":""xgboost.XGBRegressor"",""colsample_bytree"":1.0,""device"":""cpu"",""learning_rate"":0.05,""max_depth"":3,""n_estimators"":300,""n_jobs"":2,""objective"":""reg:squarederror"",""random_state"":1234,""reg_alpha"":0.0,""reg_lambda"":1.0,""subsample"":1.0,""tree_method"":""hist""}","{""constant_std_replacement"":1.0,""constant_std_threshold"":1e-06,""mean"":[1.8442423990017938,3.206048842711911,2.8272617630538734,3.130550522582487,0.2686760083966731,1.840774090191576,3.4965075614664873],""scale_after_constant_guard"":[0.3542091213440956,1.3898179060106024,1.1512633053819954,1.52699490606831,0.5009508160308971,0.40545456473390906,1.0],""std_before_constant_guard"":[0.3542091213440956,1.3898179060106024,1.1512633053819954,1.52699490606831,0.5009508160308971,0.40545456473390906,7.105427357601002e-15],""target"":""log1p_seconds_with_expm1_inverse_and_lower_clip_zero"",""transform"":""log1p_nonnegative_globals_then_outer_train_standard_scaler""}",,single,True
cudaq_dense_statevector_fp32,fp32,xgboost,1,1dab21c93a580f711efff03a0f4a1d82985cf201219e886ab246e03a9011735c,True,ok,0.00023607199545949697,0.0002720657334211684,ok,,122,28,cbcda551bbf3cd0422bcbd7461c386da0c2ae2890823e3d9250747fc84f5e931,7e92dce58b8847173c3bbfe7b2dcb300df9ee5d36c09d816e00311a37f1eb548,"{""class"":""xgboost.XGBRegressor"",""colsample_bytree"":1.0,""device"":""cpu"",""learning_rate"":0.05,""max_depth"":3,""n_estimators"":300,""n_jobs"":2,""objective"":""reg:squarederror"",""random_state"":1234,""reg_alpha"":0.0,""reg_lambda"":1.0,""subsample"":1.0,""tree_method"":""hist""}","{""constant_std_replacement"":1.0,""constant_std_threshold"":1e-06,""mean"":[1.8442423990017938,3.206048842711911,2.8272617630538734,3.130550522582487,0.2686760083966731,1.840774090191576,3.4965075614664873],""scale_after_constant_guard"":[0.3542091213440956,1.3898179060106024,1.1512633053819954,1.52699490606831,0.5009508160308971,0.40545456473390906,1.0],""std_before_constant_guard"":[0.3542091213440956,1.3898179060106024,1.1512633053819954,1.52699490606831,0.5009508160308971,0.40545456473390906,7.105427357601002e-15],""target"":""log1p_seconds_with_expm1_inverse_and_lower_clip_zero"",""transform"":""log1p_nonnegative_globals_then_outer_train_standard_scaler""}",,single,True
cudaq_dense_statevector_fp32,fp32,xgboost,1,2372d3228c3e3e38e3351feb553380bce5a543c936f73a400de0e54ab470599a,True,ok,0.0017785709933377802,0.0009114579182638079,ok,,122,28,cbcda551bbf3cd0422bcbd7461c386da0c2ae2890823e3d9250747fc84f5e931,7e92dce58b8847173c3bbfe7b2dcb300df9ee5d36c09d816e00311a37f1eb548,"{""class"":""xgboost.XGBRegressor"",""colsample_bytree"":1.0,""device"":""cpu"",""learning_rate"":0.05,""max_depth"":3,""n_estimators"":300,""n_jobs"":2,""objective"":""reg:squarederror"",""random_state"":1234,""reg_alpha"":0.0,""reg_lambda"":1.0,""subsample"":1.0,""tree_method"":""hist""}","{""constant_std_replacement"":1.0,""constant_std_threshold"":1e-06,""mean"":[1.8442423990017938,3.206048842711911,2.8272617630538734,3.130550522582487,0.2686760083966731,1.840774090191576,3.4965075614664873],""scale_after_constant_guard"":[0.3542091213440956,1.3898179060106024,1.1512633053819954,1.52699490606831,0.5009508160308971,0.40545456473390906,1.0],""std_before_constant_guard"":[0.3542091213440956,1.3898179060106024,1.1512633053819954,1.52699490606831,0.5009508160308971,0.40545456473390906,7.105427357601002e-15],""target"":""log1p_seconds_with_expm1_inverse_and_lower_clip_zero"",""transform"":""log1p_nonnegative_globals_then_outer_train_standard_scaler""}",,single,True
cudaq_dense_statevector_fp32,fp32,xgboost,1,31f7b2533d8a3c05d59b44a9b2d93f44bc48da630d1884cf9df0012199e10a74,True,ok,0.0005404070107033476,0.0005004091236107967,ok,,122,28,cbcda551bbf3cd0422bcbd7461c386da0c2ae2890823e3d9250747fc84f5e931,7e92dce58b8847173c3bbfe7b2dcb300df9ee5d36c09d816e00311a37f1eb548,"{""class"":""xgboost.XGBRegressor"",""colsample_bytree"":1.0,""device"":""cpu"",""learning_rate"":0.05,""max_depth"":3,""n_estimators"":300,""n_jobs"":2,""objective"":""reg:squarederror"",""random_state"":1234,""reg_alpha"":0.0,""reg_lambda"":1.0,""subsample"":1.0,""tree_method"":""hist""}","{""constant_std_replacement"":1.0,""constant_std_threshold"":1e-06,""mean"":[1.8442423990017938,3.206048842711911,2.8272617630538734,3.130550522582487,0.2686760083966731,1.840774090191576,3.4965075614664873],""scale_after_constant_guard"":[0.3542091213440956,1.3898179060106024,1.1512633053819954,1.52699490606831,0.5009508160308971,0.40545456473390906,1.0],""std_before_constant_guard"":[0.3542091213440956,1.3898179060106024,1.1512633053819954,1.52699490606831,0.5009508160308971,0.40545456473390906,7.105427357601002e-15],""target"":""log1p_seconds_with_expm1_inverse_and_lower_clip_zero"",""transform"":""log1p_nonnegative_globals_then_outer_train_standard_scaler""}",,single,True
cudaq_dense_statevector_fp32,fp32,xgboost,1,3d37464cf8c53831d2867c0c111a83e03a820e90fa26f77d01a4a85f4f9d6875,True,ok,0.01015016800374724,0.006167944869061223,ok,,122,28,cbcda551bbf3cd0422bcbd7461c386da0c2ae2890823e3d9250747fc84f5e931,7e92dce58b8847173c3bbfe7b2dcb300df9ee5d36c09d816e00311a37f1eb548,"{""class"":""xgboost.XGBRegressor"",""colsample_bytree"":1.0,""device"":""cpu"",""learning_rate"":0.05,""max_depth"":3,""n_estimators"":300,""n_jobs"":2,""objective"":""reg:squarederror"",""random_state"":1234,""reg_alpha"":0.0,""reg_lambda"":1.0,""subsample"":1.0,""tree_method"":""hist""}","{""constant_std_replacement"":1.0,""constant_std_threshold"":1e-06,""mean"":[1.8442423990017938,3.206048842711911,2.8272617630538734,3.130550522582487,0.2686760083966731,1.840774090191576,3.4965075614664873],""scale_after_constant_guard"":[0.3542091213440956,1.3898179060106024,1.1512633053819954,1.52699490606831,0.5009508160308971,0.40545456473390906,1.0],""std_before_constant_guard"":[0.3542091213440956,1.3898179060106024,1.1512633053819954,1.52699490606831,0.5009508160308971,0.40545456473390906,7.105427357601002e-15],""target"":""log1p_seconds_with_expm1_inverse_and_lower_clip_zero"",""transform"":""log1p_nonnegative_globals_then_outer_train_standard_scaler""}",,single,True
cudaq_dense_statevector_fp32,fp32,xgboost,1,3e4560adf43b5c5102bf22f235abcb9dd2ed5e34930cdb929a128226f96e4ea5,True,ok,0.00011053800699301064,0.00023395178626166234,ok,,122,28,cbcda551bbf3cd0422bcbd7461c386da0c2ae2890823e3d9250747fc84f5e931,7e92dce58b8847173c3bbfe7b2dcb300df9ee5d36c09d816e00311a37f1eb548,"{""class"":""xgboost.XGBRegressor"",""colsample_bytree"":1.0,""device"":""cpu"",""learning_rate"":0.05,""max_depth"":3,""n_estimators"":300,""n_jobs"":2,""objective"":""reg:squarederror"",""random_state"":1234,""reg_alpha"":0.0,""reg_lambda"":1.0,""subsample"":1.0,""tree_method"":""hist""}","{""constant_std_replacement"":1.0,""constant_std_threshold"":1e-06,""mean"":[1.8442423990017938,3.206048842711911,2.8272617630538734,3.130550522582487,0.2686760083966731,1.840774090191576,3.4965075614664873],""scale_after_constant_guard"":[0.3542091213440956,1.3898179060106024,1.1512633053819954,1.52699490606831,0.5009508160308971,0.40545456473390906,1.0],""std_before_constant_guard"":[0.3542091213440956,1.3898179060106024,1.1512633053819954,1.52699490606831,0.5009508160308971,0.40545456473390906,7.105427357601002e-15],""target"":""log1p_seconds_with_expm1_inverse_and_lower_clip_zero"",""transform"":""log1p_nonnegative_globals_then_outer_train_standard_scaler""}",,single,True
cudaq_dense_statevector_fp32,fp32,xgboost,1,433844fca892218b1218ca028aafb0eddf1929d5ca52fdea53b3cb324e4055bd,True,ok,0.00011989100312348455,0.00023395178626166234,ok,,122,28,cbcda551bbf3cd0422bcbd7461c386da0c2ae2890823e3d9250747fc84f5e931,7e92dce58b8847173c3bbfe7b2dcb300df9ee5d36c09d816e00311a37f1eb548,"{""class"":""xgboost.XGBRegressor"",""colsample_bytree"":1.0,""device"":""cpu"",""learning_rate"":0.05,""max_depth"":3,""n_estimators"":300,""n_jobs"":2,""objective"":""reg:squarederror"",""random_state"":1234,""reg_alpha"":0.0,""reg_lambda"":1.0,""subsample"":1.0,""tree_method"":""hist""}","{""constant_std_replacement"":1.0,""constant_std_threshold"":1e-06,""mean"":[1.8442423990017938,3.206048842711911,2.8272617630538734,3.130550522582487,0.2686760083966731,1.840774090191576,3.4965075614664873],""scale_after_constant_guard"":[0.3542091213440956,1.3898179060106024,1.1512633053819954,1.52699490606831,0.5009508160308971,0.40545456473390906,1.0],""std_before_constant_guard"":[0.3542091213440956,1.3898179060106024,1.1512633053819954,1.52699490606831,0.5009508160308971,0.40545456473390906,7.105427357601002e-15],""target"":""log1p_seconds_with_expm1_inverse_and_lower_clip_zero"",""transform"":""log1p_nonnegative_globals_then_outer_train_standard_scaler""}",,single,True
cudaq_dense_statevector_fp32,fp32,xgboost,1,451bd8177acaca0301a8bb4d61cb192f26dce1f81d8ab04ca0aded562d525c58,True,ok,0.00023886299459263682,0.0003875844157925128,ok,,122,28,cbcda551bbf3cd0422bcbd7461c386da0c2ae2890823e3d9250747fc84f5e931,7e92dce58b8847173c3bbfe7b2dcb300df9ee5d36c09d816e00311a37f1eb548,"{""class"":""xgboost.XGBRegressor"",""colsample_bytree"":1.0,""device"":""cpu"",""learning_rate"":0.05,""max_depth"":3,""n_estimators"":300,""n_jobs"":2,""objective"":""reg:squarederror"",""random_state"":1234,""reg_alpha"":0.0,""reg_lambda"":1.0,""subsample"":1.0,""tree_method"":""hist""}","{""constant_std_replacement"":1.0,""constant_std_threshold"":1e-06,""mean"":[1.8442423990017938,3.206048842711911,2.8272617630538734,3.130550522582487,0.2686760083966731,1.840774090191576,3.4965075614664873],""scale_after_constant_guard"":[0.3542091213440956,1.3898179060106024,1.1512633053819954,1.52699490606831,0.5009508160308971,0.40545456473390906,1.0],""std_before_constant_guard"":[0.3542091213440956,1.3898179060106024,1.1512633053819954,1.52699490606831,0.5009508160308971,0.40545456473390906,7.105427357601002e-15],""target"":""log1p_seconds_with_expm1_inverse_and_lower_clip_zero"",""transform"":""log1p_nonnegative_globals_then_outer_train_standard_scaler""}",,single,True
cudaq_dense_statevector_fp32,fp32,xgboost,1,47e6743e95c380a13dc5947d9e9b3db26e541efabd4a27134ff26aa14c00ba7d,True,ok,0.00017217299318872392,0.00025283624004973664,ok,,122,28,cbcda551bbf3cd0422bcbd7461c386da0c2ae2890823e3d9250747fc84f5e931,7e92dce58b8847173c3bbfe7b2dcb300df9ee5d36c09d816e00311a37f1eb548,"{""class"":""xgboost.XGBRegressor"",""colsample_bytree"":1.0,""device"":""cpu"",""learning_rate"":0.05,""max_depth"":3,""n_estimators"":300,""n_jobs"":2,""objective"":""reg:squarederror"",""random_state"":1234,""reg_alpha"":0.0,""reg_lambda"":1.0,""subsample"":1.0,""tree_method"":""hist""}","{""constant_std_replacement"":1.0,""constant_std_threshold"":1e-06,""mean"":[1.8442423990017938,3.206048842711911,2.8272617630538734,3.130550522582487,0.2686760083966731,1.840774090191576,3.4965075614664873],""scale_after_constant_guard"":[0.3542091213440956,1.3898179060106024,1.1512633053819954,1.52699490606831,0.5009508160308971,0.40545456473390906,1.0],""std_before_constant_guard"":[0.3542091213440956,1.3898179060106024,1.1512633053819954,1.52699490606831,0.5009508160308971,0.40545456473390906,7.105427357601002e-15],""target"":""log1p_seconds_with_expm1_inverse_and_lower_clip_zero"",""transform"":""log1p_nonnegative_globals_then_outer_train_standard_scaler""}",,single,True
cudaq_dense_statevector_fp32,fp32,xgboost,1,4df5b36e58378649053c461bf5ee1478fa114ac65c0c14551536b820ce8eafc7,True,ok,0.0017379179917043075,0.0014239060488663725,ok,,122,28,cbcda551bbf3cd0422bcbd7461c386da0c2ae2890823e3d9250747fc84f5e931,7e92dce58b8847173c3bbfe7b2dcb300df9ee5d36c09d816e00311a37f1eb548,"{""class"":""xgboost.XGBRegressor"",""colsample_bytree"":1.0,""device"":""cpu"",""learning_rate"":0.05,""max_depth"":3,""n_estimators"":300,""n_jobs"":2,""objective"":""reg:squarederror"",""random_state"":1234,""reg_alpha"":0.0,""reg_lambda"":1.0,""subsample"":1.0,""tree_method"":""hist""}","{""constant_std_replacement"":1.0,""constant_std_threshold"":1e-06,""mean"":[1.8442423990017938,3.206048842711911,2.8272617630538734,3.130550522582487,0.2686760083966731,1.840774090191576,3.4965075614664873],""scale_after_constant_guard"":[0.3542091213440956,1.3898179060106024,1.1512633053819954,1.52699490606831,0.5009508160308971,0.40545456473390906,1.0],""std_before_constant_guard"":[0.3542091213440956,1.3898179060106024,1.1512633053819954,1.52699490606831,0.5009508160308971,0.40545456473390906,7.105427357601002e-15],""target"":""log1p_seconds_with_expm1_inverse_and_lower_clip_zero"",""transform"":""log1p_nonnegative_globals_then_outer_train_standard_scaler""}",,single,True
cudaq_dense_statevector_fp32,fp32,xgboost,1,551dfe6ad672d4157a761610fc4c1061ea844868f2106407374764552251d63a,True,ok,0.00016222300473600626,0.00025283624004973664,ok,,122,28,cbcda551bbf3cd0422bcbd7461c386da0c2ae2890823e3d9250747fc84f5e931,7e92dce58b8847173c3bbfe7b2dcb300df9ee5d36c09d816e00311a37f1eb548,"{""class"":""xgboost.XGBRegressor"",""colsample_bytree"":1.0,""device"":""cpu"",""learning_rate"":0.05,""max_depth"":3,""n_estimators"":300,""n_jobs"":2,""objective"":""reg:squarederror"",""random_state"":1234,""reg_alpha"":0.0,""reg_lambda"":1.0,""subsample"":1.0,""tree_method"":""hist""}","{""constant_std_replacement"":1.0,""constant_std_threshold"":1e-06,""mean"":[1.8442423990017938,3.206048842711911,2.8272617630538734,3.130550522582487,0.2686760083966731,1.840774090191576,3.4965075614664873],""scale_after_constant_guard"":[0.3542091213440956,1.3898179060106024,1.1512633053819954,1.52699490606831,0.5009508160308971,0.40545456473390906,1.0],""std_before_constant_guard"":[0.3542091213440956,1.3898179060106024,1.1512633053819954,1.52699490606831,0.5009508160308971,0.40545456473390906,7.105427357601002e-15],""target"":""log1p_seconds_with_expm1_inverse_and_lower_clip_zero"",""transform"":""log1p_nonnegative_globals_then_outer_train_standard_scaler""}",,single,True
cudaq_dense_statevector_fp32,fp32,xgboost,1,55746e6a2fd8d9c4b8c813443f2db46b072f75db1632dd252298c735fbc72bf0,True,ok,7.282200385816395e-05,0.00023395178626166234,ok,,122,28,cbcda551bbf3cd0422bcbd7461c386da0c2ae2890823e3d9250747fc84f5e931,7e92dce58b8847173c3bbfe7b2dcb300df9ee5d36c09d816e00311a37f1eb548,"{""class"":""xgboost.XGBRegressor"",""colsample_bytree"":1.0,""device"":""cpu"",""learning_rate"":0.05,""max_depth"":3,""n_estimators"":300,""n_jobs"":2,""objective"":""reg:squarederror"",""random_state"":1234,""reg_alpha"":0.0,""reg_lambda"":1.0,""subsample"":1.0,""tree_method"":""hist""}","{""constant_std_replacement"":1.0,""constant_std_threshold"":1e-06,""mean"":[1.8442423990017938,3.206048842711911,2.8272617630538734,3.130550522582487,0.2686760083966731,1.840774090191576,3.4965075614664873],""scale_after_constant_guard"":[0.3542091213440956,1.3898179060106024,1.1512633053819954,1.52699490606831,0.5009508160308971,0.40545456473390906,1.0],""std_before_constant_guard"":[0.3542091213440956,1.3898179060106024,1.1512633053819954,1.52699490606831,0.5009508160308971,0.40545456473390906,7.105427357601002e-15],""target"":""log1p_seconds_with_expm1_inverse_and_lower_clip_zero"",""transform"":""log1p_nonnegative_globals_then_outer_train_standard_scaler""}",,single,True
cudaq_dense_statevector_fp32,fp32,xgboost,1,6a475a20ac3d09839e2b43104ca187037db5ff813b811e0d7356adac93d25244,True,ok,0.00035622899304144084,0.0002720657334211684,ok,,122,28,cbcda551bbf3cd0422bcbd7461c386da0c2ae2890823e3d9250747fc84f5e931,7e92dce58b8847173c3bbfe7b2dcb300df9ee5d36c09d816e00311a37f1eb548,"{""class"":""xgboost.XGBRegressor"",""colsample_bytree"":1.0,""device"":""cpu"",""learning_rate"":0.05,""max_depth"":3,""n_estimators"":300,""n_jobs"":2,""objective"":""reg:squarederror"",""random_state"":1234,""reg_alpha"":0.0,""reg_lambda"":1.0,""subsample"":1.0,""tree_method"":""hist""}","{""constant_std_replacement"":1.0,""constant_std_threshold"":1e-06,""mean"":[1.8442423990017938,3.206048842711911,2.8272617630538734,3.130550522582487,0.2686760083966731,1.840774090191576,3.4965075614664873],""scale_after_constant_guard"":[0.3542091213440956,1.3898179060106024,1.1512633053819954,1.52699490606831,0.5009508160308971,0.40545456473390906,1.0],""std_before_constant_guard"":[0.3542091213440956,1.3898179060106024,1.1512633053819954,1.52699490606831,0.5009508160308971,0.40545456473390906,7.105427357601002e-15],""target"":""log1p_seconds_with_expm1_inverse_and_lower_clip_zero"",""transform"":""log1p_nonnegative_globals_then_outer_train_standard_scaler""}",,single,True
cudaq_dense_statevector_fp32,fp32,xgboost,1,6cf91acdbcfc0321d1ffcee7c2197fec29f2b9dd83e7c3b56dbe8d583332ccdb,True,ok,0.000997391005512327,0.0009114579182638079,ok,,122,28,cbcda551bbf3cd0422bcbd7461c386da0c2ae2890823e3d9250747fc84f5e931,7e92dce58b8847173c3bbfe7b2dcb300df9ee5d36c09d816e00311a37f1eb548,"{""class"":""xgboost.XGBRegressor"",""colsample_bytree"":1.0,""device"":""cpu"",""learning_rate"":0.05,""max_depth"":3,""n_estimators"":300,""n_jobs"":2,""objective"":""reg:squarederror"",""random_state"":1234,""reg_alpha"":0.0,""reg_lambda"":1.0,""subsample"":1.0,""tree_method"":""hist""}","{""constant_std_replacement"":1.0,""constant_std_threshold"":1e-06,""mean"":[1.8442423990017938,3.206048842711911,2.8272617630538734,3.130550522582487,0.2686760083966731,1.840774090191576,3.4965075614664873],""scale_after_constant_guard"":[0.3542091213440956,1.3898179060106024,1.1512633053819954,1.52699490606831,0.5009508160308971,0.40545456473390906,1.0],""std_before_constant_guard"":[0.3542091213440956,1.3898179060106024,1.1512633053819954,1.52699490606831,0.5009508160308971,0.40545456473390906,7.105427357601002e-15],""target"":""log1p_seconds_with_expm1_inverse_and_lower_clip_zero"",""transform"":""log1p_nonnegative_globals_then_outer_train_standard_scaler""}",,single,True
cudaq_dense_statevector_fp32,fp32,xgboost,1,720a3cec5f9b39a53aa0d59f0ecc24f42f2948fbe56164a033262c628e2ba875,True,ok,0.0006673260068055242,0.0009114579182638079,ok,,122,28,cbcda551bbf3cd0422bcbd7461c386da0c2ae2890823e3d9250747fc84f5e931,7e92dce58b8847173c3bbfe7b2dcb300df9ee5d36c09d816e00311a37f1eb548,"{""class"":""xgboost.XGBRegressor"",""colsample_bytree"":1.0,""device"":""cpu"",""learning_rate"":0.05,""max_depth"":3,""n_estimators"":300,""n_jobs"":2,""objective"":""reg:squarederror"",""random_state"":1234,""reg_alpha"":0.0,""reg_lambda"":1.0,""subsample"":1.0,""tree_method"":""hist""}","{""constant_std_replacement"":1.0,""constant_std_threshold"":1e-06,""mean"":[1.8442423990017938,3.206048842711911,2.8272617630538734,3.130550522582487,0.2686760083966731,1.840774090191576,3.4965075614664873],""scale_after_constant_guard"":[0.3542091213440956,1.3898179060106024,1.1512633053819954,1.52699490606831,0.5009508160308971,0.40545456473390906,1.0],""std_before_constant_guard"":[0.3542091213440956,1.3898179060106024,1.1512633053819954,1.52699490606831,0.5009508160308971,0.40545456473390906,7.105427357601002e-15],""target"":""log1p_seconds_with_expm1_inverse_and_lower_clip_zero"",""transform"":""log1p_nonnegative_globals_then_outer_train_standard_scaler""}",,single,True
cudaq_dense_statevector_fp32,fp32,xgboost,1,75b1db396e34d1f1b234ea8dcdc253203a770cecce7f48bb8a126860723c43df,True,ok,7.975599146448076e-05,0.00023395178626166234,ok,,122,28,cbcda551bbf3cd0422bcbd7461c386da0c2ae2890823e3d9250747fc84f5e931,7e92dce58b8847173c3bbfe7b2dcb300df9ee5d36c09d816e00311a37f1eb548,"{""class"":""xgboost.XGBRegressor"",""colsample_bytree"":1.0,""device"":""cpu"",""learning_rate"":0.05,""max_depth"":3,""n_estimators"":300,""n_jobs"":2,""objective"":""reg:squarederror"",""random_state"":1234,""reg_alpha"":0.0,""reg_lambda"":1.0,""subsample"":1.0,""tree_method"":""hist""}","{""constant_std_replacement"":1.0,""constant_std_threshold"":1e-06,""mean"":[1.8442423990017938,3.206048842711911,2.8272617630538734,3.130550522582487,0.2686760083966731,1.840774090191576,3.4965075614664873],""scale_after_constant_guard"":[0.3542091213440956,1.3898179060106024,1.1512633053819954,1.52699490606831,0.5009508160308971,0.40545456473390906,1.0],""std_before_constant_guard"":[0.3542091213440956,1.3898179060106024,1.1512633053819954,1.52699490606831,0.5009508160308971,0.40545456473390906,7.105427357601002e-15],""target"":""log1p_seconds_with_expm1_inverse_and_lower_clip_zero"",""transform"":""log1p_nonnegative_globals_then_outer_train_standard_scaler""}",,single,True
cudaq_dense_statevector_fp32,fp32,xgboost,1,7b944ad7e38d98fae66177b6c014ae2878d62bcd1765103c19941653817e7996,True,ok,0.00017108500469475985,0.00025283624004973664,ok,,122,28,cbcda551bbf3cd0422bcbd7461c386da0c2ae2890823e3d9250747fc84f5e931,7e92dce58b8847173c3bbfe7b2dcb300df9ee5d36c09d816e00311a37f1eb548,"{""class"":""xgboost.XGBRegressor"",""colsample_bytree"":1.0,""device"":""cpu"",""learning_rate"":0.05,""max_depth"":3,""n_estimators"":300,""n_jobs"":2,""objective"":""reg:squarederror"",""random_state"":1234,""reg_alpha"":0.0,""reg_lambda"":1.0,""subsample"":1.0,""tree_method"":""hist""}","{""constant_std_replacement"":1.0,""constant_std_threshold"":1e-06,""mean"":[1.8442423990017938,3.206048842711911,2.8272617630538734,3.130550522582487,0.2686760083966731,1.840774090191576,3.4965075614664873],""scale_after_constant_guard"":[0.3542091213440956,1.3898179060106024,1.1512633053819954,1.52699490606831,0.5009508160308971,0.40545456473390906,1.0],""std_before_constant_guard"":[0.3542091213440956,1.3898179060106024,1.1512633053819954,1.52699490606831,0.5009508160308971,0.40545456473390906,7.105427357601002e-15],""target"":""log1p_seconds_with_expm1_inverse_and_lower_clip_zero"",""transform"":""log1p_nonnegative_globals_then_outer_train_standard_scaler""}",,single,True
cudaq_dense_statevector_fp32,fp32,xgboost,1,806f1844d225682cd7d5d0b276b5567caa23697f73064d8a20347024bb03fe40,True,ok,9.64279897743836e-05,0.00023395178626166234,ok,,122,28,cbcda551bbf3cd0422bcbd7461c386da0c2ae2890823e3d9250747fc84f5e931,7e92dce58b8847173c3bbfe7b2dcb300df9ee5d36c09d816e00311a37f1eb548,"{""class"":""xgboost.XGBRegressor"",""colsample_bytree"":1.0,""device"":""cpu"",""learning_rate"":0.05,""max_depth"":3,""n_estimators"":300,""n_jobs"":2,""objective"":""reg:squarederror"",""random_state"":1234,""reg_alpha"":0.0,""reg_lambda"":1.0,""subsample"":1.0,""tree_method"":""hist""}","{""constant_std_replacement"":1.0,""constant_std_threshold"":1e-06,""mean"":[1.8442423990017938,3.206048842711911,2.8272617630538734,3.130550522582487,0.2686760083966731,1.840774090191576,3.4965075614664873],""scale_after_constant_guard"":[0.3542091213440956,1.3898179060106024,1.1512633053819954,1.52699490606831,0.5009508160308971,0.40545456473390906,1.0],""std_before_constant_guard"":[0.3542091213440956,1.3898179060106024,1.1512633053819954,1.52699490606831,0.5009508160308971,0.40545456473390906,7.105427357601002e-15],""target"":""log1p_seconds_with_expm1_inverse_and_lower_clip_zero"",""transform"":""log1p_nonnegative_globals_then_outer_train_standard_scaler""}",,single,True
cudaq_dense_statevector_fp32,fp32,xgboost,1,8e4821df72704634cb81ea4d738477a8d596a49cba641e6198fdc9970e1d5d2f,True,ok,0.00026484699628781527,0.00026433248930175795,ok,,122,28,cbcda551bbf3cd0422bcbd7461c386da0c2ae2890823e3d9250747fc84f5e931,7e92dce58b8847173c3bbfe7b2dcb300df9ee5d36c09d816e00311a37f1eb548,"{""class"":""xgboost.XGBRegressor"",""colsample_bytree"":1.0,""device"":""cpu"",""learning_rate"":0.05,""max_depth"":3,""n_estimators"":300,""n_jobs"":2,""objective"":""reg:squarederror"",""random_state"":1234,""reg_alpha"":0.0,""reg_lambda"":1.0,""subsample"":1.0,""tree_method"":""hist""}","{""constant_std_replacement"":1.0,""constant_std_threshold"":1e-06,""mean"":[1.8442423990017938,3.206048842711911,2.8272617630538734,3.130550522582487,0.2686760083966731,1.840774090191576,3.4965075614664873],""scale_after_constant_guard"":[0.3542091213440956,1.3898179060106024,1.1512633053819954,1.52699490606831,0.5009508160308971,0.40545456473390906,1.0],""std_before_constant_guard"":[0.3542091213440956,1.3898179060106024,1.1512633053819954,1.52699490606831,0.5009508160308971,0.40545456473390906,7.105427357601002e-15],""target"":""log1p_seconds_with_expm1_inverse_and_lower_clip_zero"",""transform"":""log1p_nonnegative_globals_then_outer_train_standard_scaler""}",,single,True
cudaq_dense_statevector_fp32,fp32,xgboost,1,8f11cd416ae9672f06a39e5ee3a27a70bcbf31d7177cb47270c0cd8512c95381,True,ok,0.0004046039975946769,0.0003141865170378275,ok,,122,28,cbcda551bbf3cd0422bcbd7461c386da0c2ae2890823e3d9250747fc84f5e931,7e92dce58b8847173c3bbfe7b2dcb300df9ee5d36c09d816e00311a37f1eb548,"{""class"":""xgboost.XGBRegressor"",""colsample_bytree"":1.0,""device"":""cpu"",""learning_rate"":0.05,""max_depth"":3,""n_estimators"":300,""n_jobs"":2,""objective"":""reg:squarederror"",""random_state"":1234,""reg_alpha"":0.0,""reg_lambda"":1.0,""subsample"":1.0,""tree_method"":""hist""}","{""constant_std_replacement"":1.0,""constant_std_threshold"":1e-06,""mean"":[1.8442423990017938,3.206048842711911,2.8272617630538734,3.130550522582487,0.2686760083966731,1.840774090191576,3.4965075614664873],""scale_after_constant_guard"":[0.3542091213440956,1.3898179060106024,1.1512633053819954,1.52699490606831,0.5009508160308971,0.40545456473390906,1.0],""std_before_constant_guard"":[0.3542091213440956,1.3898179060106024,1.1512633053819954,1.52699490606831,0.5009508160308971,0.40545456473390906,7.105427357601002e-15],""target"":""log1p_seconds_with_expm1_inverse_and_lower_clip_zero"",""transform"":""log1p_nonnegative_globals_then_outer_train_standard_scaler""}",,single,True
cudaq_dense_statevector_fp32,fp32,xgboost,1,93eff191c23e0c3d13a127f38595909e7092290f5119c9be24a1ccc61fff5767,True,ok,0.0012989209935767576,0.0009114579182638079,ok,,122,28,cbcda551bbf3cd0422bcbd7461c386da0c2ae2890823e3d9250747fc84f5e931,7e92dce58b8847173c3bbfe7b2dcb300df9ee5d36c09d816e00311a37f1eb548,"{""class"":""xgboost.XGBRegressor"",""colsample_bytree"":1.0,""device"":""cpu"",""learning_rate"":0.05,""max_depth"":3,""n_estimators"":300,""n_jobs"":2,""objective"":""reg:squarederror"",""random_state"":1234,""reg_alpha"":0.0,""reg_lambda"":1.0,""subsample"":1.0,""tree_method"":""hist""}","{""constant_std_replacement"":1.0,""constant_std_threshold"":1e-06,""mean"":[1.8442423990017938,3.206048842711911,2.8272617630538734,3.130550522582487,0.2686760083966731,1.840774090191576,3.4965075614664873],""scale_after_constant_guard"":[0.3542091213440956,1.3898179060106024,1.1512633053819954,1.52699490606831,0.5009508160308971,0.40545456473390906,1.0],""std_before_constant_guard"":[0.3542091213440956,1.3898179060106024,1.1512633053819954,1.52699490606831,0.5009508160308971,0.40545456473390906,7.105427357601002e-15],""target"":""log1p_seconds_with_expm1_inverse_and_lower_clip_zero"",""transform"":""log1p_nonnegative_globals_then_outer_train_standard_scaler""}",,single,True
cudaq_dense_statevector_fp32,fp32,xgboost,1,9649572da691c86252b1620cba73350902b9ba3cf4dbdb3fb2e3531588da98c4,True,ok,0.00016993199824355543,0.00023395178626166234,ok,,122,28,cbcda551bbf3cd0422bcbd7461c386da0c2ae2890823e3d9250747fc84f5e931,7e92dce58b8847173c3bbfe7b2dcb300df9ee5d36c09d816e00311a37f1eb548,"{""class"":""xgboost.XGBRegressor"",""colsample_bytree"":1.0,""device"":""cpu"",""learning_rate"":0.05,""max_depth"":3,""n_estimators"":300,""n_jobs"":2,""objective"":""reg:squarederror"",""random_state"":1234,""reg_alpha"":0.0,""reg_lambda"":1.0,""subsample"":1.0,""tree_method"":""hist""}","{""constant_std_replacement"":1.0,""constant_std_threshold"":1e-06,""mean"":[1.8442423990017938,3.206048842711911,2.8272617630538734,3.130550522582487,0.2686760083966731,1.840774090191576,3.4965075614664873],""scale_after_constant_guard"":[0.3542091213440956,1.3898179060106024,1.1512633053819954,1.52699490606831,0.5009508160308971,0.40545456473390906,1.0],""std_before_constant_guard"":[0.3542091213440956,1.3898179060106024,1.1512633053819954,1.52699490606831,0.5009508160308971,0.40545456473390906,7.105427357601002e-15],""target"":""log1p_seconds_with_expm1_inverse_and_lower_clip_zero"",""transform"":""log1p_nonnegative_globals_then_outer_train_standard_scaler""}",,single,True
cudaq_dense_statevector_fp32,fp32,xgboost,1,a4a7b8b8d556570de9ea2db286aaa4245fa50f4619f25f0f7414b16d503458d8,True,ok,0.0005027639999752864,0.0002931529925772168,ok,,122,28,cbcda551bbf3cd0422bcbd7461c386da0c2ae2890823e3d9250747fc84f5e931,7e92dce58b8847173c3bbfe7b2dcb300df9ee5d36c09d816e00311a37f1eb548,"{""class"":""xgboost.XGBRegressor"",""colsample_bytree"":1.0,""device"":""cpu"",""learning_rate"":0.05,""max_depth"":3,""n_estimators"":300,""n_jobs"":2,""objective"":""reg:squarederror"",""random_state"":1234,""reg_alpha"":0.0,""reg_lambda"":1.0,""subsample"":1.0,""tree_method"":""hist""}","{""constant_std_replacement"":1.0,""constant_std_threshold"":1e-06,""mean"":[1.8442423990017938,3.206048842711911,2.8272617630538734,3.130550522582487,0.2686760083966731,1.840774090191576,3.4965075614664873],""scale_after_constant_guard"":[0.3542091213440956,1.3898179060106024,1.1512633053819954,1.52699490606831,0.5009508160308971,0.40545456473390906,1.0],""std_before_constant_guard"":[0.3542091213440956,1.3898179060106024,1.1512633053819954,1.52699490606831,0.5009508160308971,0.40545456473390906,7.105427357601002e-15],""target"":""log1p_seconds_with_expm1_inverse_and_lower_clip_zero"",""transform"":""log1p_nonnegative_globals_then_outer_train_standard_scaler""}",,single,True
cudaq_dense_statevector_fp32,fp32,xgboost,1,acacd76111e7f23e4224342ca0ab5340b1bdaad3b6eba8893e4036ba14896362,True,ok,7.470499258488417e-05,0.00023395178626166234,ok,,122,28,cbcda551bbf3cd0422bcbd7461c386da0c2ae2890823e3d9250747fc84f5e931,7e92dce58b8847173c3bbfe7b2dcb300df9ee5d36c09d816e00311a37f1eb548,"{""class"":""xgboost.XGBRegressor"",""colsample_bytree"":1.0,""device"":""cpu"",""learning_rate"":0.05,""max_depth"":3,""n_estimators"":300,""n_jobs"":2,""objective"":""reg:squarederror"",""random_state"":1234,""reg_alpha"":0.0,""reg_lambda"":1.0,""subsample"":1.0,""tree_method"":""hist""}","{""constant_std_replacement"":1.0,""constant_std_threshold"":1e-06,""mean"":[1.8442423990017938,3.206048842711911,2.8272617630538734,3.130550522582487,0.2686760083966731,1.840774090191576,3.4965075614664873],""scale_after_constant_guard"":[0.3542091213440956,1.3898179060106024,1.1512633053819954,1.52699490606831,0.5009508160308971,0.40545456473390906,1.0],""std_before_constant_guard"":[0.3542091213440956,1.3898179060106024,1.1512633053819954,1.52699490606831,0.5009508160308971,0.40545456473390906,7.105427357601002e-15],""target"":""log1p_seconds_with_expm1_inverse_and_lower_clip_zero"",""transform"":""log1p_nonnegative_globals_then_outer_train_standard_scaler""}",,single,True
cudaq_dense_statevector_fp32,fp32,xgboost,1,bc8cb33a3a242fb3ab35191a36313674faaca8fe1839cfa05d79788052424d1d,True,ok,9.00390004971996e-05,0.00023395178626166234,ok,,122,28,cbcda551bbf3cd0422bcbd7461c386da0c2ae2890823e3d9250747fc84f5e931,7e92dce58b8847173c3bbfe7b2dcb300df9ee5d36c09d816e00311a37f1eb548,"{""class"":""xgboost.XGBRegressor"",""colsample_bytree"":1.0,""device"":""cpu"",""learning_rate"":0.05,""max_depth"":3,""n_estimators"":300,""n_jobs"":2,""objective"":""reg:squarederror"",""random_state"":1234,""reg_alpha"":0.0,""reg_lambda"":1.0,""subsample"":1.0,""tree_method"":""hist""}","{""constant_std_replacement"":1.0,""constant_std_threshold"":1e-06,""mean"":[1.8442423990017938,3.206048842711911,2.8272617630538734,3.130550522582487,0.2686760083966731,1.840774090191576,3.4965075614664873],""scale_after_constant_guard"":[0.3542091213440956,1.3898179060106024,1.1512633053819954,1.52699490606831,0.5009508160308971,0.40545456473390906,1.0],""std_before_constant_guard"":[0.3542091213440956,1.3898179060106024,1.1512633053819954,1.52699490606831,0.5009508160308971,0.40545456473390906,7.105427357601002e-15],""target"":""log1p_seconds_with_expm1_inverse_and_lower_clip_zero"",""transform"":""log1p_nonnegative_globals_then_outer_train_standard_scaler""}",,single,True
cudaq_dense_statevector_fp32,fp32,xgboost,1,cbe1ca5505b485bd87b2e68f2b38ecae377e29f823c30e4c44d3f5f87d4266f7,True,ok,0.00030054400849621743,0.0002832174875665495,ok,,122,28,cbcda551bbf3cd0422bcbd7461c386da0c2ae2890823e3d9250747fc84f5e931,7e92dce58b8847173c3bbfe7b2dcb300df9ee5d36c09d816e00311a37f1eb548,"{""class"":""xgboost.XGBRegressor"",""colsample_bytree"":1.0,""device"":""cpu"",""learning_rate"":0.05,""max_depth"":3,""n_estimators"":300,""n_jobs"":2,""objective"":""reg:squarederror"",""random_state"":1234,""reg_alpha"":0.0,""reg_lambda"":1.0,""subsample"":1.0,""tree_method"":""hist""}","{""constant_std_replacement"":1.0,""constant_std_threshold"":1e-06,""mean"":[1.8442423990017938,3.206048842711911,2.8272617630538734,3.130550522582487,0.2686760083966731,1.840774090191576,3.4965075614664873],""scale_after_constant_guard"":[0.3542091213440956,1.3898179060106024,1.1512633053819954,1.52699490606831,0.5009508160308971,0.40545456473390906,1.0],""std_before_constant_guard"":[0.3542091213440956,1.3898179060106024,1.1512633053819954,1.52699490606831,0.5009508160308971,0.40545456473390906,7.105427357601002e-15],""target"":""log1p_seconds_with_expm1_inverse_and_lower_clip_zero"",""transform"":""log1p_nonnegative_globals_then_outer_train_standard_scaler""}",,single,True
cudaq_dense_statevector_fp32,fp32,xgboost,1,dc97062e3adcbcaf813cae5e970c8a0357a239b8d4a09e77a4e3e4625532d209,True,ok,0.00017126901366282254,0.00023395178626166234,ok,,122,28,cbcda551bbf3cd0422bcbd7461c386da0c2ae2890823e3d9250747fc84f5e931,7e92dce58b8847173c3bbfe7b2dcb300df9ee5d36c09d816e00311a37f1eb548,"{""class"":""xgboost.XGBRegressor"",""colsample_bytree"":1.0,""device"":""cpu"",""learning_rate"":0.05,""max_depth"":3,""n_estimators"":300,""n_jobs"":2,""objective"":""reg:squarederror"",""random_state"":1234,""reg_alpha"":0.0,""reg_lambda"":1.0,""subsample"":1.0,""tree_method"":""hist""}","{""constant_std_replacement"":1.0,""constant_std_threshold"":1e-06,""mean"":[1.8442423990017938,3.206048842711911,2.8272617630538734,3.130550522582487,0.2686760083966731,1.840774090191576,3.4965075614664873],""scale_after_constant_guard"":[0.3542091213440956,1.3898179060106024,1.1512633053819954,1.52699490606831,0.5009508160308971,0.40545456473390906,1.0],""std_before_constant_guard"":[0.3542091213440956,1.3898179060106024,1.1512633053819954,1.52699490606831,0.5009508160308971,0.40545456473390906,7.105427357601002e-15],""target"":""log1p_seconds_with_expm1_inverse_and_lower_clip_zero"",""transform"":""log1p_nonnegative_globals_then_outer_train_standard_scaler""}",,single,True
cudaq_dense_statevector_fp32,fp32,xgboost,1,f37f599f25c5024b4069e866a31563a6daf0b1495d17d25343f7b3cfac1169ee,True,ok,0.0002347469999222085,0.00025318094569760555,ok,,122,28,cbcda551bbf3cd0422bcbd7461c386da0c2ae2890823e3d9250747fc84f5e931,7e92dce58b8847173c3bbfe7b2dcb300df9ee5d36c09d816e00311a37f1eb548,"{""class"":""xgboost.XGBRegressor"",""colsample_bytree"":1.0,""device"":""cpu"",""learning_rate"":0.05,""max_depth"":3,""n_estimators"":300,""n_jobs"":2,""objective"":""reg:squarederror"",""random_state"":1234,""reg_alpha"":0.0,""reg_lambda"":1.0,""subsample"":1.0,""tree_method"":""hist""}","{""constant_std_replacement"":1.0,""constant_std_threshold"":1e-06,""mean"":[1.8442423990017938,3.206048842711911,2.8272617630538734,3.130550522582487,0.2686760083966731,1.840774090191576,3.4965075614664873],""scale_after_constant_guard"":[0.3542091213440956,1.3898179060106024,1.1512633053819954,1.52699490606831,0.5009508160308971,0.40545456473390906,1.0],""std_before_constant_guard"":[0.3542091213440956,1.3898179060106024,1.1512633053819954,1.52699490606831,0.5009508160308971,0.40545456473390906,7.105427357601002e-15],""target"":""log1p_seconds_with_expm1_inverse_and_lower_clip_zero"",""transform"":""log1p_nonnegative_globals_then_outer_train_standard_scaler""}",,single,True
cudaq_dense_statevector_fp32,fp32,work_scaled_ridge,1,01de4bb89da48a3fc09c31d41d509c1446c6a4a3b329612c5baf0d39c56a922e,True,ok,0.0003509270027279854,0.0003490460731753412,ok,,122,28,cbcda551bbf3cd0422bcbd7461c386da0c2ae2890823e3d9250747fc84f5e931,7e92dce58b8847173c3bbfe7b2dcb300df9ee5d36c09d816e00311a37f1eb548,"{""alpha"":1.0,""class"":""sklearn.linear_model.Ridge"",""fit_intercept"":true}","{""constant_std_replacement"":1.0,""constant_std_threshold"":1e-06,""feature_order"":[""2^n"",""2^n*one_qubit_count"",""2^n*two_qubit_count"",""2^n*work_scaled_multiqubit_count"",""shots""],""mean"":[132.2622950819672,7260.819672131148,46824.32786885246,182.88524590163934,32.0],""n_definition"":""active_width"",""scale_after_constant_guard"":[163.8365740748038,24922.09509356562,289325.88009817066,1164.2217424185249,1.0],""std_before_constant_guard"":[163.8365740748038,24922.09509356562,289325.88009817066,1164.2217424185249,0.0],""target"":""raw_seconds"",""transform"":""outer_train_standard_scaler_on_raw_work_features""}",,single,True
cudaq_dense_statevector_fp32,fp32,work_scaled_ridge,1,1dab21c93a580f711efff03a0f4a1d82985cf201219e886ab246e03a9011735c,True,ok,0.00023607199545949697,0.0003948199315774385,ok,,122,28,cbcda551bbf3cd0422bcbd7461c386da0c2ae2890823e3d9250747fc84f5e931,7e92dce58b8847173c3bbfe7b2dcb300df9ee5d36c09d816e00311a37f1eb548,"{""alpha"":1.0,""class"":""sklearn.linear_model.Ridge"",""fit_intercept"":true}","{""constant_std_replacement"":1.0,""constant_std_threshold"":1e-06,""feature_order"":[""2^n"",""2^n*one_qubit_count"",""2^n*two_qubit_count"",""2^n*work_scaled_multiqubit_count"",""shots""],""mean"":[132.2622950819672,7260.819672131148,46824.32786885246,182.88524590163934,32.0],""n_definition"":""active_width"",""scale_after_constant_guard"":[163.8365740748038,24922.09509356562,289325.88009817066,1164.2217424185249,1.0],""std_before_constant_guard"":[163.8365740748038,24922.09509356562,289325.88009817066,1164.2217424185249,0.0],""target"":""raw_seconds"",""transform"":""outer_train_standard_scaler_on_raw_work_features""}",,single,True
cudaq_dense_statevector_fp32,fp32,work_scaled_ridge,1,2372d3228c3e3e38e3351feb553380bce5a543c936f73a400de0e54ab470599a,True,ok,0.0017785709933377802,0.001414929976751566,ok,,122,28,cbcda551bbf3cd0422bcbd7461c386da0c2ae2890823e3d9250747fc84f5e931,7e92dce58b8847173c3bbfe7b2dcb300df9ee5d36c09d816e00311a37f1eb548,"{""alpha"":1.0,""class"":""sklearn.linear_model.Ridge"",""fit_intercept"":true}","{""constant_std_replacement"":1.0,""constant_std_threshold"":1e-06,""feature_order"":[""2^n"",""2^n*one_qubit_count"",""2^n*two_qubit_count"",""2^n*work_scaled_multiqubit_count"",""shots""],""mean"":[132.2622950819672,7260.819672131148,46824.32786885246,182.88524590163934,32.0],""n_definition"":""active_width"",""scale_after_constant_guard"":[163.8365740748038,24922.09509356562,289325.88009817066,1164.2217424185249,1.0],""std_before_constant_guard"":[163.8365740748038,24922.09509356562,289325.88009817066,1164.2217424185249,0.0],""target"":""raw_seconds"",""transform"":""outer_train_standard_scaler_on_raw_work_features""}",,single,True
cudaq_dense_statevector_fp32,fp32,work_scaled_ridge,1,31f7b2533d8a3c05d59b44a9b2d93f44bc48da630d1884cf9df0012199e10a74,True,ok,0.0005404070107033476,0.0005508348909715739,ok,,122,28,cbcda551bbf3cd0422bcbd7461c386da0c2ae2890823e3d9250747fc84f5e931,7e92dce58b8847173c3bbfe7b2dcb300df9ee5d36c09d816e00311a37f1eb548,"{""alpha"":1.0,""class"":""sklearn.linear_model.Ridge"",""fit_intercept"":true}","{""constant_std_replacement"":1.0,""constant_std_threshold"":1e-06,""feature_order"":[""2^n"",""2^n*one_qubit_count"",""2^n*two_qubit_count"",""2^n*work_scaled_multiqubit_count"",""shots""],""mean"":[132.2622950819672,7260.819672131148,46824.32786885246,182.88524590163934,32.0],""n_definition"":""active_width"",""scale_after_constant_guard"":[163.8365740748038,24922.09509356562,289325.88009817066,1164.2217424185249,1.0],""std_before_constant_guard"":[163.8365740748038,24922.09509356562,289325.88009817066,1164.2217424185249,0.0],""target"":""raw_seconds"",""transform"":""outer_train_standard_scaler_on_raw_work_features""}",,single,True
cudaq_dense_statevector_fp32,fp32,work_scaled_ridge,1,3d37464cf8c53831d2867c0c111a83e03a820e90fa26f77d01a4a85f4f9d6875,True,ok,0.01015016800374724,0.0252957168059815,ok,,122,28,cbcda551bbf3cd0422bcbd7461c386da0c2ae2890823e3d9250747fc84f5e931,7e92dce58b8847173c3bbfe7b2dcb300df9ee5d36c09d816e00311a37f1eb548,"{""alpha"":1.0,""class"":""sklearn.linear_model.Ridge"",""fit_intercept"":true}","{""constant_std_replacement"":1.0,""constant_std_threshold"":1e-06,""feature_order"":[""2^n"",""2^n*one_qubit_count"",""2^n*two_qubit_count"",""2^n*work_scaled_multiqubit_count"",""shots""],""mean"":[132.2622950819672,7260.819672131148,46824.32786885246,182.88524590163934,32.0],""n_definition"":""active_width"",""scale_after_constant_guard"":[163.8365740748038,24922.09509356562,289325.88009817066,1164.2217424185249,1.0],""std_before_constant_guard"":[163.8365740748038,24922.09509356562,289325.88009817066,1164.2217424185249,0.0],""target"":""raw_seconds"",""transform"":""outer_train_standard_scaler_on_raw_work_features""}",,single,True
cudaq_dense_statevector_fp32,fp32,work_scaled_ridge,1,3e4560adf43b5c5102bf22f235abcb9dd2ed5e34930cdb929a128226f96e4ea5,True,ok,0.00011053800699301064,0.0005376629874724885,ok,,122,28,cbcda551bbf3cd0422bcbd7461c386da0c2ae2890823e3d9250747fc84f5e931,7e92dce58b8847173c3bbfe7b2dcb300df9ee5d36c09d816e00311a37f1eb548,"{""alpha"":1.0,""class"":""sklearn.linear_model.Ridge"",""fit_intercept"":true}","{""constant_std_replacement"":1.0,""constant_std_threshold"":1e-06,""feature_order"":[""2^n"",""2^n*one_qubit_count"",""2^n*two_qubit_count"",""2^n*work_scaled_multiqubit_count"",""shots""],""mean"":[132.2622950819672,7260.819672131148,46824.32786885246,182.88524590163934,32.0],""n_definition"":""active_width"",""scale_after_constant_guard"":[163.8365740748038,24922.09509356562,289325.88009817066,1164.2217424185249,1.0],""std_before_constant_guard"":[163.8365740748038,24922.09509356562,289325.88009817066,1164.2217424185249,0.0],""target"":""raw_seconds"",""transform"":""outer_train_standard_scaler_on_raw_work_features""}",,single,True
cudaq_dense_statevector_fp32,fp32,work_scaled_ridge,1,433844fca892218b1218ca028aafb0eddf1929d5ca52fdea53b3cb324e4055bd,True,ok,0.00011989100312348455,0.0005694534125878954,ok,,122,28,cbcda551bbf3cd0422bcbd7461c386da0c2ae2890823e3d9250747fc84f5e931,7e92dce58b8847173c3bbfe7b2dcb300df9ee5d36c09d816e00311a37f1eb548,"{""alpha"":1.0,""class"":""sklearn.linear_model.Ridge"",""fit_intercept"":true}","{""constant_std_replacement"":1.0,""constant_std_threshold"":1e-06,""feature_order"":[""2^n"",""2^n*one_qubit_count"",""2^n*two_qubit_count"",""2^n*work_scaled_multiqubit_count"",""shots""],""mean"":[132.2622950819672,7260.819672131148,46824.32786885246,182.88524590163934,32.0],""n_definition"":""active_width"",""scale_after_constant_guard"":[163.8365740748038,24922.09509356562,289325.88009817066,1164.2217424185249,1.0],""std_before_constant_guard"":[163.8365740748038,24922.09509356562,289325.88009817066,1164.2217424185249,0.0],""target"":""raw_seconds"",""transform"":""outer_train_standard_scaler_on_raw_work_features""}",,single,True
cudaq_dense_statevector_fp32,fp32,work_scaled_ridge,1,451bd8177acaca0301a8bb4d61cb192f26dce1f81d8ab04ca0aded562d525c58,True,ok,0.00023886299459263682,0.0005919055366452818,ok,,122,28,cbcda551bbf3cd0422bcbd7461c386da0c2ae2890823e3d9250747fc84f5e931,7e92dce58b8847173c3bbfe7b2dcb300df9ee5d36c09d816e00311a37f1eb548,"{""alpha"":1.0,""class"":""sklearn.linear_model.Ridge"",""fit_intercept"":true}","{""constant_std_replacement"":1.0,""constant_std_threshold"":1e-06,""feature_order"":[""2^n"",""2^n*one_qubit_count"",""2^n*two_qubit_count"",""2^n*work_scaled_multiqubit_count"",""shots""],""mean"":[132.2622950819672,7260.819672131148,46824.32786885246,182.88524590163934,32.0],""n_definition"":""active_width"",""scale_after_constant_guard"":[163.8365740748038,24922.09509356562,289325.88009817066,1164.2217424185249,1.0],""std_before_constant_guard"":[163.8365740748038,24922.09509356562,289325.88009817066,1164.2217424185249,0.0],""target"":""raw_seconds"",""transform"":""outer_train_standard_scaler_on_raw_work_features""}",,single,True
cudaq_dense_statevector_fp32,fp32,work_scaled_ridge,1,47e6743e95c380a13dc5947d9e9b3db26e541efabd4a27134ff26aa14c00ba7d,True,ok,0.00017217299318872392,0.0005638883114912523,ok,,122,28,cbcda551bbf3cd0422bcbd7461c386da0c2ae2890823e3d9250747fc84f5e931,7e92dce58b8847173c3bbfe7b2dcb300df9ee5d36c09d816e00311a37f1eb548,"{""alpha"":1.0,""class"":""sklearn.linear_model.Ridge"",""fit_intercept"":true}","{""constant_std_replacement"":1.0,""constant_std_threshold"":1e-06,""feature_order"":[""2^n"",""2^n*one_qubit_count"",""2^n*two_qubit_count"",""2^n*work_scaled_multiqubit_count"",""shots""],""mean"":[132.2622950819672,7260.819672131148,46824.32786885246,182.88524590163934,32.0],""n_definition"":""active_width"",""scale_after_constant_guard"":[163.8365740748038,24922.09509356562,289325.88009817066,1164.2217424185249,1.0],""std_before_constant_guard"":[163.8365740748038,24922.09509356562,289325.88009817066,1164.2217424185249,0.0],""target"":""raw_seconds"",""transform"":""outer_train_standard_scaler_on_raw_work_features""}",,single,True
cudaq_dense_statevector_fp32,fp32,work_scaled_ridge,1,4df5b36e58378649053c461bf5ee1478fa114ac65c0c14551536b820ce8eafc7,True,ok,0.0017379179917043075,0.008221776679342863,ok,,122,28,cbcda551bbf3cd0422bcbd7461c386da0c2ae2890823e3d9250747fc84f5e931,7e92dce58b8847173c3bbfe7b2dcb300df9ee5d36c09d816e00311a37f1eb548,"{""alpha"":1.0,""class"":""sklearn.linear_model.Ridge"",""fit_intercept"":true}","{""constant_std_replacement"":1.0,""constant_std_threshold"":1e-06,""feature_order"":[""2^n"",""2^n*one_qubit_count"",""2^n*two_qubit_count"",""2^n*work_scaled_multiqubit_count"",""shots""],""mean"":[132.2622950819672,7260.819672131148,46824.32786885246,182.88524590163934,32.0],""n_definition"":""active_width"",""scale_after_constant_guard"":[163.8365740748038,24922.09509356562,289325.88009817066,1164.2217424185249,1.0],""std_before_constant_guard"":[163.8365740748038,24922.09509356562,289325.88009817066,1164.2217424185249,0.0],""target"":""raw_seconds"",""transform"":""outer_train_standard_scaler_on_raw_work_features""}",,single,True
cudaq_dense_statevector_fp32,fp32,work_scaled_ridge,1,551dfe6ad672d4157a761610fc4c1061ea844868f2106407374764552251d63a,True,ok,0.00016222300473600626,0.0002785393744999605,ok,,122,28,cbcda551bbf3cd0422bcbd7461c386da0c2ae2890823e3d9250747fc84f5e931,7e92dce58b8847173c3bbfe7b2dcb300df9ee5d36c09d816e00311a37f1eb548,"{""alpha"":1.0,""class"":""sklearn.linear_model.Ridge"",""fit_intercept"":true}","{""constant_std_replacement"":1.0,""constant_std_threshold"":1e-06,""feature_order"":[""2^n"",""2^n*one_qubit_count"",""2^n*two_qubit_count"",""2^n*work_scaled_multiqubit_count"",""shots""],""mean"":[132.2622950819672,7260.819672131148,46824.32786885246,182.88524590163934,32.0],""n_definition"":""active_width"",""scale_after_constant_guard"":[163.8365740748038,24922.09509356562,289325.88009817066,1164.2217424185249,1.0],""std_before_constant_guard"":[163.8365740748038,24922.09509356562,289325.88009817066,1164.2217424185249,0.0],""target"":""raw_seconds"",""transform"":""outer_train_standard_scaler_on_raw_work_features""}",,single,True
cudaq_dense_statevector_fp32,fp32,work_scaled_ridge,1,55746e6a2fd8d9c4b8c813443f2db46b072f75db1632dd252298c735fbc72bf0,True,ok,7.282200385816395e-05,0.0005643267812298308,ok,,122,28,cbcda551bbf3cd0422bcbd7461c386da0c2ae2890823e3d9250747fc84f5e931,7e92dce58b8847173c3bbfe7b2dcb300df9ee5d36c09d816e00311a37f1eb548,"{""alpha"":1.0,""class"":""sklearn.linear_model.Ridge"",""fit_intercept"":true}","{""constant_std_replacement"":1.0,""constant_std_threshold"":1e-06,""feature_order"":[""2^n"",""2^n*one_qubit_count"",""2^n*two_qubit_count"",""2^n*work_scaled_multiqubit_count"",""shots""],""mean"":[132.2622950819672,7260.819672131148,46824.32786885246,182.88524590163934,32.0],""n_definition"":""active_width"",""scale_after_constant_guard"":[163.8365740748038,24922.09509356562,289325.88009817066,1164.2217424185249,1.0],""std_before_constant_guard"":[163.8365740748038,24922.09509356562,289325.88009817066,1164.2217424185249,0.0],""target"":""raw_seconds"",""transform"":""outer_train_standard_scaler_on_raw_work_features""}",,single,True
cudaq_dense_statevector_fp32,fp32,work_scaled_ridge,1,6a475a20ac3d09839e2b43104ca187037db5ff813b811e0d7356adac93d25244,True,ok,0.00035622899304144084,0.0005257449808725224,ok,,122,28,cbcda551bbf3cd0422bcbd7461c386da0c2ae2890823e3d9250747fc84f5e931,7e92dce58b8847173c3bbfe7b2dcb300df9ee5d36c09d816e00311a37f1eb548,"{""alpha"":1.0,""class"":""sklearn.linear_model.Ridge"",""fit_intercept"":true}","{""constant_std_replacement"":1.0,""constant_std_threshold"":1e-06,""feature_order"":[""2^n"",""2^n*one_qubit_count"",""2^n*two_qubit_count"",""2^n*work_scaled_multiqubit_count"",""shots""],""mean"":[132.2622950819672,7260.819672131148,46824.32786885246,182.88524590163934,32.0],""n_definition"":""active_width"",""scale_after_constant_guard"":[163.8365740748038,24922.09509356562,289325.88009817066,1164.2217424185249,1.0],""std_before_constant_guard"":[163.8365740748038,24922.09509356562,289325.88009817066,1164.2217424185249,0.0],""target"":""raw_seconds"",""transform"":""outer_train_standard_scaler_on_raw_work_features""}",,single,True
cudaq_dense_statevector_fp32,fp32,work_scaled_ridge,1,6cf91acdbcfc0321d1ffcee7c2197fec29f2b9dd83e7c3b56dbe8d583332ccdb,True,ok,0.000997391005512327,0.0016259825361428358,ok,,122,28,cbcda551bbf3cd0422bcbd7461c386da0c2ae2890823e3d9250747fc84f5e931,7e92dce58b8847173c3bbfe7b2dcb300df9ee5d36c09d816e00311a37f1eb548,"{""alpha"":1.0,""class"":""sklearn.linear_model.Ridge"",""fit_intercept"":true}","{""constant_std_replacement"":1.0,""constant_std_threshold"":1e-06,""feature_order"":[""2^n"",""2^n*one_qubit_count"",""2^n*two_qubit_count"",""2^n*work_scaled_multiqubit_count"",""shots""],""mean"":[132.2622950819672,7260.819672131148,46824.32786885246,182.88524590163934,32.0],""n_definition"":""active_width"",""scale_after_constant_guard"":[163.8365740748038,24922.09509356562,289325.88009817066,1164.2217424185249,1.0],""std_before_constant_guard"":[163.8365740748038,24922.09509356562,289325.88009817066,1164.2217424185249,0.0],""target"":""raw_seconds"",""transform"":""outer_train_standard_scaler_on_raw_work_features""}",,single,True
cudaq_dense_statevector_fp32,fp32,work_scaled_ridge,1,720a3cec5f9b39a53aa0d59f0ecc24f42f2948fbe56164a033262c628e2ba875,True,ok,0.0006673260068055242,0.000922282360032419,ok,,122,28,cbcda551bbf3cd0422bcbd7461c386da0c2ae2890823e3d9250747fc84f5e931,7e92dce58b8847173c3bbfe7b2dcb300df9ee5d36c09d816e00311a37f1eb548,"{""alpha"":1.0,""class"":""sklearn.linear_model.Ridge"",""fit_intercept"":true}","{""constant_std_replacement"":1.0,""constant_std_threshold"":1e-06,""feature_order"":[""2^n"",""2^n*one_qubit_count"",""2^n*two_qubit_count"",""2^n*work_scaled_multiqubit_count"",""shots""],""mean"":[132.2622950819672,7260.819672131148,46824.32786885246,182.88524590163934,32.0],""n_definition"":""active_width"",""scale_after_constant_guard"":[163.8365740748038,24922.09509356562,289325.88009817066,1164.2217424185249,1.0],""std_before_constant_guard"":[163.8365740748038,24922.09509356562,289325.88009817066,1164.2217424185249,0.0],""target"":""raw_seconds"",""transform"":""outer_train_standard_scaler_on_raw_work_features""}",,single,True
cudaq_dense_statevector_fp32,fp32,work_scaled_ridge,1,75b1db396e34d1f1b234ea8dcdc253203a770cecce7f48bb8a126860723c43df,True,ok,7.975599146448076e-05,0.0005650836183502489,ok,,122,28,cbcda551bbf3cd0422bcbd7461c386da0c2ae2890823e3d9250747fc84f5e931,7e92dce58b8847173c3bbfe7b2dcb300df9ee5d36c09d816e00311a37f1eb548,"{""alpha"":1.0,""class"":""sklearn.linear_model.Ridge"",""fit_intercept"":true}","{""constant_std_replacement"":1.0,""constant_std_threshold"":1e-06,""feature_order"":[""2^n"",""2^n*one_qubit_count"",""2^n*two_qubit_count"",""2^n*work_scaled_multiqubit_count"",""shots""],""mean"":[132.2622950819672,7260.819672131148,46824.32786885246,182.88524590163934,32.0],""n_definition"":""active_width"",""scale_after_constant_guard"":[163.8365740748038,24922.09509356562,289325.88009817066,1164.2217424185249,1.0],""std_before_constant_guard"":[163.8365740748038,24922.09509356562,289325.88009817066,1164.2217424185249,0.0],""target"":""raw_seconds"",""transform"":""outer_train_standard_scaler_on_raw_work_features""}",,single,True
cudaq_dense_statevector_fp32,fp32,work_scaled_ridge,1,7b944ad7e38d98fae66177b6c014ae2878d62bcd1765103c19941653817e7996,True,ok,0.00017108500469475985,0.0004177593295215602,ok,,122,28,cbcda551bbf3cd0422bcbd7461c386da0c2ae2890823e3d9250747fc84f5e931,7e92dce58b8847173c3bbfe7b2dcb300df9ee5d36c09d816e00311a37f1eb548,"{""alpha"":1.0,""class"":""sklearn.linear_model.Ridge"",""fit_intercept"":true}","{""constant_std_replacement"":1.0,""constant_std_threshold"":1e-06,""feature_order"":[""2^n"",""2^n*one_qubit_count"",""2^n*two_qubit_count"",""2^n*work_scaled_multiqubit_count"",""shots""],""mean"":[132.2622950819672,7260.819672131148,46824.32786885246,182.88524590163934,32.0],""n_definition"":""active_width"",""scale_after_constant_guard"":[163.8365740748038,24922.09509356562,289325.88009817066,1164.2217424185249,1.0],""std_before_constant_guard"":[163.8365740748038,24922.09509356562,289325.88009817066,1164.2217424185249,0.0],""target"":""raw_seconds"",""transform"":""outer_train_standard_scaler_on_raw_work_features""}",,single,True
cudaq_dense_statevector_fp32,fp32,work_scaled_ridge,1,806f1844d225682cd7d5d0b276b5567caa23697f73064d8a20347024bb03fe40,True,ok,9.64279897743836e-05,0.0005677013328345484,ok,,122,28,cbcda551bbf3cd0422bcbd7461c386da0c2ae2890823e3d9250747fc84f5e931,7e92dce58b8847173c3bbfe7b2dcb300df9ee5d36c09d816e00311a37f1eb548,"{""alpha"":1.0,""class"":""sklearn.linear_model.Ridge"",""fit_intercept"":true}","{""constant_std_replacement"":1.0,""constant_std_threshold"":1e-06,""feature_order"":[""2^n"",""2^n*one_qubit_count"",""2^n*two_qubit_count"",""2^n*work_scaled_multiqubit_count"",""shots""],""mean"":[132.2622950819672,7260.819672131148,46824.32786885246,182.88524590163934,32.0],""n_definition"":""active_width"",""scale_after_constant_guard"":[163.8365740748038,24922.09509356562,289325.88009817066,1164.2217424185249,1.0],""std_before_constant_guard"":[163.8365740748038,24922.09509356562,289325.88009817066,1164.2217424185249,0.0],""target"":""raw_seconds"",""transform"":""outer_train_standard_scaler_on_raw_work_features""}",,single,True
cudaq_dense_statevector_fp32,fp32,work_scaled_ridge,1,8e4821df72704634cb81ea4d738477a8d596a49cba641e6198fdc9970e1d5d2f,True,ok,0.00026484699628781527,0.000549490556102815,ok,,122,28,cbcda551bbf3cd0422bcbd7461c386da0c2ae2890823e3d9250747fc84f5e931,7e92dce58b8847173c3bbfe7b2dcb300df9ee5d36c09d816e00311a37f1eb548,"{""alpha"":1.0,""class"":""sklearn.linear_model.Ridge"",""fit_intercept"":true}","{""constant_std_replacement"":1.0,""constant_std_threshold"":1e-06,""feature_order"":[""2^n"",""2^n*one_qubit_count"",""2^n*two_qubit_count"",""2^n*work_scaled_multiqubit_count"",""shots""],""mean"":[132.2622950819672,7260.819672131148,46824.32786885246,182.88524590163934,32.0],""n_definition"":""active_width"",""scale_after_constant_guard"":[163.8365740748038,24922.09509356562,289325.88009817066,1164.2217424185249,1.0],""std_before_constant_guard"":[163.8365740748038,24922.09509356562,289325.88009817066,1164.2217424185249,0.0],""target"":""raw_seconds"",""transform"":""outer_train_standard_scaler_on_raw_work_features""}",,single,True
cudaq_dense_statevector_fp32,fp32,work_scaled_ridge,1,8f11cd416ae9672f06a39e5ee3a27a70bcbf31d7177cb47270c0cd8512c95381,True,ok,0.0004046039975946769,0.0005423506649772892,ok,,122,28,cbcda551bbf3cd0422bcbd7461c386da0c2ae2890823e3d9250747fc84f5e931,7e92dce58b8847173c3bbfe7b2dcb300df9ee5d36c09d816e00311a37f1eb548,"{""alpha"":1.0,""class"":""sklearn.linear_model.Ridge"",""fit_intercept"":true}","{""constant_std_replacement"":1.0,""constant_std_threshold"":1e-06,""feature_order"":[""2^n"",""2^n*one_qubit_count"",""2^n*two_qubit_count"",""2^n*work_scaled_multiqubit_count"",""shots""],""mean"":[132.2622950819672,7260.819672131148,46824.32786885246,182.88524590163934,32.0],""n_definition"":""active_width"",""scale_after_constant_guard"":[163.8365740748038,24922.09509356562,289325.88009817066,1164.2217424185249,1.0],""std_before_constant_guard"":[163.8365740748038,24922.09509356562,289325.88009817066,1164.2217424185249,0.0],""target"":""raw_seconds"",""transform"":""outer_train_standard_scaler_on_raw_work_features""}",,single,True
cudaq_dense_statevector_fp32,fp32,work_scaled_ridge,1,93eff191c23e0c3d13a127f38595909e7092290f5119c9be24a1ccc61fff5767,True,ok,0.0012989209935767576,0.002149501877771516,ok,,122,28,cbcda551bbf3cd0422bcbd7461c386da0c2ae2890823e3d9250747fc84f5e931,7e92dce58b8847173c3bbfe7b2dcb300df9ee5d36c09d816e00311a37f1eb548,"{""alpha"":1.0,""class"":""sklearn.linear_model.Ridge"",""fit_intercept"":true}","{""constant_std_replacement"":1.0,""constant_std_threshold"":1e-06,""feature_order"":[""2^n"",""2^n*one_qubit_count"",""2^n*two_qubit_count"",""2^n*work_scaled_multiqubit_count"",""shots""],""mean"":[132.2622950819672,7260.819672131148,46824.32786885246,182.88524590163934,32.0],""n_definition"":""active_width"",""scale_after_constant_guard"":[163.8365740748038,24922.09509356562,289325.88009817066,1164.2217424185249,1.0],""std_before_constant_guard"":[163.8365740748038,24922.09509356562,289325.88009817066,1164.2217424185249,0.0],""target"":""raw_seconds"",""transform"":""outer_train_standard_scaler_on_raw_work_features""}",,single,True
cudaq_dense_statevector_fp32,fp32,work_scaled_ridge,1,9649572da691c86252b1620cba73350902b9ba3cf4dbdb3fb2e3531588da98c4,True,ok,0.00016993199824355543,0.0005502075718413148,ok,,122,28,cbcda551bbf3cd0422bcbd7461c386da0c2ae2890823e3d9250747fc84f5e931,7e92dce58b8847173c3bbfe7b2dcb300df9ee5d36c09d816e00311a37f1eb548,"{""alpha"":1.0,""class"":""sklearn.linear_model.Ridge"",""fit_intercept"":true}","{""constant_std_replacement"":1.0,""constant_std_threshold"":1e-06,""feature_order"":[""2^n"",""2^n*one_qubit_count"",""2^n*two_qubit_count"",""2^n*work_scaled_multiqubit_count"",""shots""],""mean"":[132.2622950819672,7260.819672131148,46824.32786885246,182.88524590163934,32.0],""n_definition"":""active_width"",""scale_after_constant_guard"":[163.8365740748038,24922.09509356562,289325.88009817066,1164.2217424185249,1.0],""std_before_constant_guard"":[163.8365740748038,24922.09509356562,289325.88009817066,1164.2217424185249,0.0],""target"":""raw_seconds"",""transform"":""outer_train_standard_scaler_on_raw_work_features""}",,single,True
cudaq_dense_statevector_fp32,fp32,work_scaled_ridge,1,a4a7b8b8d556570de9ea2db286aaa4245fa50f4619f25f0f7414b16d503458d8,True,ok,0.0005027639999752864,0.0008394041355325238,ok,,122,28,cbcda551bbf3cd0422bcbd7461c386da0c2ae2890823e3d9250747fc84f5e931,7e92dce58b8847173c3bbfe7b2dcb300df9ee5d36c09d816e00311a37f1eb548,"{""alpha"":1.0,""class"":""sklearn.linear_model.Ridge"",""fit_intercept"":true}","{""constant_std_replacement"":1.0,""constant_std_threshold"":1e-06,""feature_order"":[""2^n"",""2^n*one_qubit_count"",""2^n*two_qubit_count"",""2^n*work_scaled_multiqubit_count"",""shots""],""mean"":[132.2622950819672,7260.819672131148,46824.32786885246,182.88524590163934,32.0],""n_definition"":""active_width"",""scale_after_constant_guard"":[163.8365740748038,24922.09509356562,289325.88009817066,1164.2217424185249,1.0],""std_before_constant_guard"":[163.8365740748038,24922.09509356562,289325.88009817066,1164.2217424185249,0.0],""target"":""raw_seconds"",""transform"":""outer_train_standard_scaler_on_raw_work_features""}",,single,True
cudaq_dense_statevector_fp32,fp32,work_scaled_ridge,1,acacd76111e7f23e4224342ca0ab5340b1bdaad3b6eba8893e4036ba14896362,True,ok,7.470499258488417e-05,0.0005649540104482721,ok,,122,28,cbcda551bbf3cd0422bcbd7461c386da0c2ae2890823e3d9250747fc84f5e931,7e92dce58b8847173c3bbfe7b2dcb300df9ee5d36c09d816e00311a37f1eb548,"{""alpha"":1.0,""class"":""sklearn.linear_model.Ridge"",""fit_intercept"":true}","{""constant_std_replacement"":1.0,""constant_std_threshold"":1e-06,""feature_order"":[""2^n"",""2^n*one_qubit_count"",""2^n*two_qubit_count"",""2^n*work_scaled_multiqubit_count"",""shots""],""mean"":[132.2622950819672,7260.819672131148,46824.32786885246,182.88524590163934,32.0],""n_definition"":""active_width"",""scale_after_constant_guard"":[163.8365740748038,24922.09509356562,289325.88009817066,1164.2217424185249,1.0],""std_before_constant_guard"":[163.8365740748038,24922.09509356562,289325.88009817066,1164.2217424185249,0.0],""target"":""raw_seconds"",""transform"":""outer_train_standard_scaler_on_raw_work_features""}",,single,True
cudaq_dense_statevector_fp32,fp32,work_scaled_ridge,1,bc8cb33a3a242fb3ab35191a36313674faaca8fe1839cfa05d79788052424d1d,True,ok,9.00390004971996e-05,0.0005551071024330735,ok,,122,28,cbcda551bbf3cd0422bcbd7461c386da0c2ae2890823e3d9250747fc84f5e931,7e92dce58b8847173c3bbfe7b2dcb300df9ee5d36c09d816e00311a37f1eb548,"{""alpha"":1.0,""class"":""sklearn.linear_model.Ridge"",""fit_intercept"":true}","{""constant_std_replacement"":1.0,""constant_std_threshold"":1e-06,""feature_order"":[""2^n"",""2^n*one_qubit_count"",""2^n*two_qubit_count"",""2^n*work_scaled_multiqubit_count"",""shots""],""mean"":[132.2622950819672,7260.819672131148,46824.32786885246,182.88524590163934,32.0],""n_definition"":""active_width"",""scale_after_constant_guard"":[163.8365740748038,24922.09509356562,289325.88009817066,1164.2217424185249,1.0],""std_before_constant_guard"":[163.8365740748038,24922.09509356562,289325.88009817066,1164.2217424185249,0.0],""target"":""raw_seconds"",""transform"":""outer_train_standard_scaler_on_raw_work_features""}",,single,True
cudaq_dense_statevector_fp32,fp32,work_scaled_ridge,1,cbe1ca5505b485bd87b2e68f2b38ecae377e29f823c30e4c44d3f5f87d4266f7,True,ok,0.00030054400849621743,0.0004426440467011064,ok,,122,28,cbcda551bbf3cd0422bcbd7461c386da0c2ae2890823e3d9250747fc84f5e931,7e92dce58b8847173c3bbfe7b2dcb300df9ee5d36c09d816e00311a37f1eb548,"{""alpha"":1.0,""class"":""sklearn.linear_model.Ridge"",""fit_intercept"":true}","{""constant_std_replacement"":1.0,""constant_std_threshold"":1e-06,""feature_order"":[""2^n"",""2^n*one_qubit_count"",""2^n*two_qubit_count"",""2^n*work_scaled_multiqubit_count"",""shots""],""mean"":[132.2622950819672,7260.819672131148,46824.32786885246,182.88524590163934,32.0],""n_definition"":""active_width"",""scale_after_constant_guard"":[163.8365740748038,24922.09509356562,289325.88009817066,1164.2217424185249,1.0],""std_before_constant_guard"":[163.8365740748038,24922.09509356562,289325.88009817066,1164.2217424185249,0.0],""target"":""raw_seconds"",""transform"":""outer_train_standard_scaler_on_raw_work_features""}",,single,True
cudaq_dense_statevector_fp32,fp32,work_scaled_ridge,1,dc97062e3adcbcaf813cae5e970c8a0357a239b8d4a09e77a4e3e4625532d209,True,ok,0.00017126901366282254,0.0005114216125541987,ok,,122,28,cbcda551bbf3cd0422bcbd7461c386da0c2ae2890823e3d9250747fc84f5e931,7e92dce58b8847173c3bbfe7b2dcb300df9ee5d36c09d816e00311a37f1eb548,"{""alpha"":1.0,""class"":""sklearn.linear_model.Ridge"",""fit_intercept"":true}","{""constant_std_replacement"":1.0,""constant_std_threshold"":1e-06,""feature_order"":[""2^n"",""2^n*one_qubit_count"",""2^n*two_qubit_count"",""2^n*work_scaled_multiqubit_count"",""shots""],""mean"":[132.2622950819672,7260.819672131148,46824.32786885246,182.88524590163934,32.0],""n_definition"":""active_width"",""scale_after_constant_guard"":[163.8365740748038,24922.09509356562,289325.88009817066,1164.2217424185249,1.0],""std_before_constant_guard"":[163.8365740748038,24922.09509356562,289325.88009817066,1164.2217424185249,0.0],""target"":""raw_seconds"",""transform"":""outer_train_standard_scaler_on_raw_work_features""}",,single,True
cudaq_dense_statevector_fp32,fp32,work_scaled_ridge,1,f37f599f25c5024b4069e866a31563a6daf0b1495d17d25343f7b3cfac1169ee,True,ok,0.0002347469999222085,0.0005155690654174564,ok,,122,28,cbcda551bbf3cd0422bcbd7461c386da0c2ae2890823e3d9250747fc84f5e931,7e92dce58b8847173c3bbfe7b2dcb300df9ee5d36c09d816e00311a37f1eb548,"{""alpha"":1.0,""class"":""sklearn.linear_model.Ridge"",""fit_intercept"":true}","{""constant_std_replacement"":1.0,""constant_std_threshold"":1e-06,""feature_order"":[""2^n"",""2^n*one_qubit_count"",""2^n*two_qubit_count"",""2^n*work_scaled_multiqubit_count"",""shots""],""mean"":[132.2622950819672,7260.819672131148,46824.32786885246,182.88524590163934,32.0],""n_definition"":""active_width"",""scale_after_constant_guard"":[163.8365740748038,24922.09509356562,289325.88009817066,1164.2217424185249,1.0],""std_before_constant_guard"":[163.8365740748038,24922.09509356562,289325.88009817066,1164.2217424185249,0.0],""target"":""raw_seconds"",""transform"":""outer_train_standard_scaler_on_raw_work_features""}",,single,True
