path,action,reason,required_by,sha256,bytes,rights_status,delivery
.gitattributes,include,Preserve exact artifact and CSV-part bytes without Git LFS,Lossless CSV transport and immutable source-file hashes,60eeb70cdb8a023acc6acce62aefff1addee2d9aaefbd73374d56efe784c5afa,634,review-branch publication requested by author 2026-10-02; no new license grant; complete external source archives excluded,Git on benchmark-review; no Git LFS; not a tagged final release
.gitignore,include,Inherited from baseline Git revision 39991eb; retained historical capsule/support file,Baseline repository contents; not all historical experiments are part of the current scorecard replay,e42e0bb74c80bf294b986fa7c94c28a7eb9c9ee00753d1ea1666c798d1689488,1657,review-branch publication requested by author 2026-10-02; no new license grant; complete external source archives excluded,Git on benchmark-review; no Git LFS; not a tagged final release
HANDOFF.md,include,Inherited from baseline Git revision 39991eb; retained historical capsule/support file,Baseline repository contents; not all historical experiments are part of the current scorecard replay,7e692b8af2730515162bf93eb1535fee7afbf72258892602a90ff6e05866cf9e,3651,review-branch publication requested by author 2026-10-02; no new license grant; complete external source archives excluded,Git on benchmark-review; no Git LFS; not a tagged final release
README.md,include,Current benchmark overview and navigation; historical findings remain linked,Current two-domain reader path and internal candidate clean-clone reproduction,3d3c8e931fdba3e41c8777c62a86d7dd2077a819cdf23f2598d3f5c8884a0313,4198,review-branch publication requested by author 2026-10-02; no new license grant; complete external source archives excluded,Git on benchmark-review; no Git LFS; not a tagged final release
REPRODUCTION.md,include,Inherited from baseline Git revision 39991eb; retained historical capsule/support file,Baseline repository contents; not all historical experiments are part of the current scorecard replay,de0c283e4081f0914ef0b5b0b4d4088e1efd6e75b853987980ec85d7b493c05c,21598,review-branch publication requested by author 2026-10-02; no new license grant; complete external source archives excluded,Git on benchmark-review; no Git LFS; not a tagged final release
RESULTS.md,include,Inherited from baseline Git revision 39991eb; retained historical capsule/support file,Baseline repository contents; not all historical experiments are part of the current scorecard replay,d3e98bdf7ca20a8011fdd3ea9aac9e116c65f6478066d0c571a294c9d421a530,51281,review-branch publication requested by author 2026-10-02; no new license grant; complete external source archives excluded,Git on benchmark-review; no Git LFS; not a tagged final release
artifacts/azizov_independent/FEASIBLE_Q9_REPORT.md,include,Inherited from baseline Git revision 39991eb; retained historical capsule/support file,Baseline repository contents; not all historical experiments are part of the current scorecard replay,b05b6be6af926d3988116fa181bcc1d27da24ce9f2b6274b28194876e900fa71,1451,review-branch publication requested by author 2026-10-02; no new license grant; complete external source archives excluded,Git on benchmark-review; no Git LFS; not a tagged final release
artifacts/azizov_independent/FEASIBLE_Q9_SPLIT_EVALUATION.json,include,Inherited from baseline Git revision 39991eb; retained historical capsule/support file,Baseline repository contents; not all historical experiments are part of the current scorecard replay,cadf641c4407c21244af78439f3f25d6d27c527c697b2a253655fe95f9ba9d51,19014,review-branch publication requested by author 2026-10-02; no new license grant; complete external source archives excluded,Git on benchmark-review; no Git LFS; not a tagged final release
artifacts/azizov_independent/FEASIBLE_Q9_SPLIT_EVALUATION.md,include,Inherited from baseline Git revision 39991eb; retained historical capsule/support file,Baseline repository contents; not all historical experiments are part of the current scorecard replay,ac1313c684539e9920e1225769858112f2ef64738d7fc02b1d59eabf29c09b4a,2031,review-branch publication requested by author 2026-10-02; no new license grant; complete external source archives excluded,Git on benchmark-review; no Git LFS; not a tagged final release
artifacts/azizov_independent/P0_REPORT.md,include,Inherited from baseline Git revision 39991eb; retained historical capsule/support file,Baseline repository contents; not all historical experiments are part of the current scorecard replay,33835ef00246a127e8f7afa0c007f791cf652e5dd975e2f7a9f5d38b6477c48b,2849,review-branch publication requested by author 2026-10-02; no new license grant; complete external source archives excluded,Git on benchmark-review; no Git LFS; not a tagged final release
artifacts/azizov_independent/P1_Q16_STRATIFIED3_REPORT.md,include,Inherited from baseline Git revision 39991eb; retained historical capsule/support file,Baseline repository contents; not all historical experiments are part of the current scorecard replay,7475aa6eb42f488f252e47e9e6d52344ea49a9f409c0833f195a5cc3fff4b79a,1563,review-branch publication requested by author 2026-10-02; no new license grant; complete external source archives excluded,Git on benchmark-review; no Git LFS; not a tagged final release
artifacts/azizov_independent/Q10_Q16_30MIN_INSIGHT_REPORT.md,include,Inherited from baseline Git revision 39991eb; retained historical capsule/support file,Baseline repository contents; not all historical experiments are part of the current scorecard replay,c7fb9ff9911a647e484d07ce8cd96d60c2a5ac3f3ee2f7f4b8b05424a7dd39f3,2771,review-branch publication requested by author 2026-10-02; no new license grant; complete external source archives excluded,Git on benchmark-review; no Git LFS; not a tagged final release
artifacts/azizov_independent/Q10_Q16_HIGHMEM_CHECK_REPORT.md,include,Inherited from baseline Git revision 39991eb; retained historical capsule/support file,Baseline repository contents; not all historical experiments are part of the current scorecard replay,c8f2d2e81419ce61952ebfe2f570acff2462d9b5cf4937e623809ae5feccdb4d,1411,review-branch publication requested by author 2026-10-02; no new license grant; complete external source archives excluded,Git on benchmark-review; no Git LFS; not a tagged final release
artifacts/azizov_independent/Q10_Q16_RESOURCE_CANARY_PARTIAL_REPORT.md,include,Inherited from baseline Git revision 39991eb; retained historical capsule/support file,Baseline repository contents; not all historical experiments are part of the current scorecard replay,fca2416c47c463d110b73a9ffb20b60772421e45a0a7efeafb49679d92c4b9fa,1878,review-branch publication requested by author 2026-10-02; no new license grant; complete external source archives excluded,Git on benchmark-review; no Git LFS; not a tagged final release
artifacts/azizov_independent/feasible_q9.csv,include,Inherited from baseline Git revision 39991eb; retained historical capsule/support file,Baseline repository contents; not all historical experiments are part of the current scorecard replay,c379723d78a3cf9d3e40aecb51ed9e46dfd45b2e553dbba7fb417b3938cad731,27537,review-branch publication requested by author 2026-10-02; no new license grant; complete external source archives excluded,Git on benchmark-review; no Git LFS; not a tagged final release
artifacts/azizov_independent/feasible_q9_baselines.json,include,Inherited from baseline Git revision 39991eb; retained historical capsule/support file,Baseline repository contents; not all historical experiments are part of the current scorecard replay,5faa673723ae23f4f4aee1eb30198dc50d37e0896e6f169e2d63a662bc52b9ae,1163,review-branch publication requested by author 2026-10-02; no new license grant; complete external source archives excluded,Git on benchmark-review; no Git LFS; not a tagged final release
artifacts/azizov_independent/feasible_q9_feature_ablation.json,include,Inherited from baseline Git revision 39991eb; retained historical capsule/support file,Baseline repository contents; not all historical experiments are part of the current scorecard replay,1a604fd2c6feb1c61122a14c1c3d72276c604a970e3a5090b7e7031a1e36c842,3040,review-branch publication requested by author 2026-10-02; no new license grant; complete external source archives excluded,Git on benchmark-review; no Git LFS; not a tagged final release
artifacts/azizov_independent/feasible_q9_runtime.csv,include,Inherited from baseline Git revision 39991eb; retained historical capsule/support file,Baseline repository contents; not all historical experiments are part of the current scorecard replay,d83236f8fe11f37968e276cd852d7e0265f902a598be8a646523bd1007fac9d7,360382,review-branch publication requested by author 2026-10-02; no new license grant; complete external source archives excluded,Git on benchmark-review; no Git LFS; not a tagged final release
artifacts/azizov_independent/feasible_q9_runtime.environment.json,include,Inherited from baseline Git revision 39991eb; retained historical capsule/support file,Baseline repository contents; not all historical experiments are part of the current scorecard replay,07315d9d12b335d6a6d78d85e1002d7b1d8ee743b0a4643fac7df29ba57d8ed0,610,review-branch publication requested by author 2026-10-02; no new license grant; complete external source archives excluded,Git on benchmark-review; no Git LFS; not a tagged final release
artifacts/azizov_independent/p0_baselines.json,include,Inherited from baseline Git revision 39991eb; retained historical capsule/support file,Baseline repository contents; not all historical experiments are part of the current scorecard replay,1414ec25b0665b83a97b4c4af8ec1e1a37c7e4c8575360df9090e07b412df65a,1155,review-branch publication requested by author 2026-10-02; no new license grant; complete external source archives excluded,Git on benchmark-review; no Git LFS; not a tagged final release
artifacts/azizov_independent/p0_feature_ablation.json,include,Inherited from baseline Git revision 39991eb; retained historical capsule/support file,Baseline repository contents; not all historical experiments are part of the current scorecard replay,b343637ca74872cbb670a15f0dd789ca9832b50d46a928795732de22693fb5b3,3033,review-branch publication requested by author 2026-10-02; no new license grant; complete external source archives excluded,Git on benchmark-review; no Git LFS; not a tagged final release
artifacts/azizov_independent/p0_smoke.csv,include,Inherited from baseline Git revision 39991eb; retained historical capsule/support file,Baseline repository contents; not all historical experiments are part of the current scorecard replay,4d3bc8fc92a2d2a41ccec7080bfb0e174aa98a6dd99466c1a0d464e28351f80f,51820,review-branch publication requested by author 2026-10-02; no new license grant; complete external source archives excluded,Git on benchmark-review; no Git LFS; not a tagged final release
artifacts/azizov_independent/p0_smoke.environment.json,include,Inherited from baseline Git revision 39991eb; retained historical capsule/support file,Baseline repository contents; not all historical experiments are part of the current scorecard replay,a698e942deb1a3bc398c8c282d08c8fc8a1dc1805d376af88bd6f0191cdb446c,380,review-branch publication requested by author 2026-10-02; no new license grant; complete external source archives excluded,Git on benchmark-review; no Git LFS; not a tagged final release
artifacts/azizov_independent/p1_q16_stratified3.csv,include,Inherited from baseline Git revision 39991eb; retained historical capsule/support file,Baseline repository contents; not all historical experiments are part of the current scorecard replay,369f304af21fe33652826ec721d1e202fa856a88b679593ae8512befeeb94ff8,152428,review-branch publication requested by author 2026-10-02; no new license grant; complete external source archives excluded,Git on benchmark-review; no Git LFS; not a tagged final release
artifacts/azizov_independent/p1_q16_stratified3.environment.json,include,Inherited from baseline Git revision 39991eb; retained historical capsule/support file,Baseline repository contents; not all historical experiments are part of the current scorecard replay,03b3bab71ac3e244e0bd1ea9b429fc40efdd4054b05904167e61d8f3cbb8d59f,584,review-branch publication requested by author 2026-10-02; no new license grant; complete external source archives excluded,Git on benchmark-review; no Git LFS; not a tagged final release
artifacts/azizov_independent/p1_q16_stratified3_baselines.json,include,Inherited from baseline Git revision 39991eb; retained historical capsule/support file,Baseline repository contents; not all historical experiments are part of the current scorecard replay,165999fcc92752a4fda2f3ab05dfa13be57d5b2c3da1e62780eabe9d4abee075,1165,review-branch publication requested by author 2026-10-02; no new license grant; complete external source archives excluded,Git on benchmark-review; no Git LFS; not a tagged final release
artifacts/azizov_independent/p1_q16_stratified3_feature_ablation.json,include,Inherited from baseline Git revision 39991eb; retained historical capsule/support file,Baseline repository contents; not all historical experiments are part of the current scorecard replay,b479ff45f5e5d3659885e68f73062baaa311a6dd503e0c3deb2789ffdd56d2a9,3055,review-branch publication requested by author 2026-10-02; no new license grant; complete external source archives excluded,Git on benchmark-review; no Git LFS; not a tagged final release
artifacts/azizov_independent/q10_q16_30min_canary.csv,include,Inherited from baseline Git revision 39991eb; retained historical capsule/support file,Baseline repository contents; not all historical experiments are part of the current scorecard replay,f33504a90cc80c139200cd272d1bf3652e25ee9a19673d3614e8cf1c28205379,867,review-branch publication requested by author 2026-10-02; no new license grant; complete external source archives excluded,Git on benchmark-review; no Git LFS; not a tagged final release
artifacts/azizov_independent/q10_q16_highmem_canary.csv,include,Inherited from baseline Git revision 39991eb; retained historical capsule/support file,Baseline repository contents; not all historical experiments are part of the current scorecard replay,aa373489555a89c2dee83fd5a24fa638761c2e573455afb2e01bd1b5598ecb7c,877,review-branch publication requested by author 2026-10-02; no new license grant; complete external source archives excluded,Git on benchmark-review; no Git LFS; not a tagged final release
artifacts/azizov_independent/q10_q16_highmem_canary.environment.json,include,Inherited from baseline Git revision 39991eb; retained historical capsule/support file,Baseline repository contents; not all historical experiments are part of the current scorecard replay,b5c683217fc67084043bbd9717460558b2d1b801bb27511c3de8300634a69917,705,review-branch publication requested by author 2026-10-02; no new license grant; complete external source archives excluded,Git on benchmark-review; no Git LFS; not a tagged final release
artifacts/azizov_independent/q10_q16_resource_canary_partial.csv,include,Inherited from baseline Git revision 39991eb; retained historical capsule/support file,Baseline repository contents; not all historical experiments are part of the current scorecard replay,c18616d65ca1192645e9725636a5667abbd27fca1c9ddc7e8c344407d0f8fc8e,2237,review-branch publication requested by author 2026-10-02; no new license grant; complete external source archives excluded,Git on benchmark-review; no Git LFS; not a tagged final release
artifacts/azizov_independent/q10_q16_resource_canary_partial.environment.json,include,Inherited from baseline Git revision 39991eb; retained historical capsule/support file,Baseline repository contents; not all historical experiments are part of the current scorecard replay,91454fe6decd84bb5d6f7902f8db04bf3edaab081b66a39c0312be134ff28019,883,review-branch publication requested by author 2026-10-02; no new license grant; complete external source archives excluded,Git on benchmark-review; no Git LFS; not a tagged final release
artifacts/azizov_independent/rejected_local_screen.csv,include,Inherited from baseline Git revision 39991eb; retained historical capsule/support file,Baseline repository contents; not all historical experiments are part of the current scorecard replay,6c846fa1da541f181823c6b2c0dda7865b40bee09d5e03006e419fbb52a8421f,248122,review-branch publication requested by author 2026-10-02; no new license grant; complete external source archives excluded,Git on benchmark-review; no Git LFS; not a tagged final release
artifacts/benchmark_v1/aer_mali_graph_adaptation_v1_20261001/core_metrics.csv,include,Pinned input/output dependency (contract_source_pin),locked report build and/or validate source inventory,320cc482d6fdabfc4c214fc01c2d4c5bfcf719b19d175a09f9eaaeb6a3cab074,1028,review-branch publication requested by author 2026-10-02; no new license grant; complete external source archives excluded,Git on benchmark-review; no Git LFS; not a tagged final release
artifacts/benchmark_v1/aer_mali_graph_adaptation_v1_20261001/core_oof_predictions.csv,include,Pinned input/output dependency (contract_source_pin),locked report build and/or validate source inventory,02bacf27c3a7cecde07283eda6518eadb1e1bca79eeb14508e7a69e2bca320a6,54845,review-branch publication requested by author 2026-10-02; no new license grant; complete external source archives excluded,Git on benchmark-review; no Git LFS; not a tagged final release
artifacts/benchmark_v1/aer_mali_graph_adaptation_v1_20261001/overall_qa.json,include,Pinned input/output dependency (contract_source_pin),locked report build and/or validate source inventory,083dc30ae81dddd979b3b09535a36baf4f2ca621ebc4e31b8b66fd44e64b6649,1377,review-branch publication requested by author 2026-10-02; no new license grant; complete external source archives excluded,Git on benchmark-review; no Git LFS; not a tagged final release
artifacts/benchmark_v1/aer_mali_graph_adaptation_v1_20261001/training_manifest.json,include,Pinned input/output dependency (contract_source_pin),locked report build and/or validate source inventory,84de8ebb2a501ba09233261329b708371bf06be59afcda4a23f5231edd3a2082,2090,review-branch publication requested by author 2026-10-02; no new license grant; complete external source archives excluded,Git on benchmark-review; no Git LFS; not a tagged final release
artifacts/benchmark_v1/c18_maestro_selector_matrix_20260926/run_manifest.json,include,Pinned input/output dependency (contract_source_pin),locked report build and/or validate source inventory,0cda08188a87d26b0fd5961cbd33cdb583dd61326d967c08f0895f7a13ee29e0,899,review-branch publication requested by author 2026-10-02; no new license grant; complete external source archives excluded,Git on benchmark-review; no Git LFS; not a tagged final release
artifacts/benchmark_v1/c25_qa_aggregate_v4_after_s39b_20260928/c18_cell_summary.csv,include,Pinned input/output dependency (contract_source_pin),locked report build and/or validate source inventory,e57657445673f42b322607c103f9ac3a7986faffa7556d0b27404dbf5a4a5107,2666,review-branch publication requested by author 2026-10-02; no new license grant; complete external source archives excluded,Git on benchmark-review; no Git LFS; not a tagged final release
artifacts/benchmark_v1/c44_aer_q16_full_panel_evaluation_20260927/aer_q16_reduced_warm.csv,include,Pinned input/output dependency (contract_source_pin),locked report build and/or validate source inventory,a25e2e740fd3058e487f713cd0fc074dd8761120a5aface275a212693ac05437,42878,review-branch publication requested by author 2026-10-02; no new license grant; complete external source archives excluded,Git on benchmark-review; no Git LFS; not a tagged final release
artifacts/benchmark_v1/c44_aer_q16_full_panel_evaluation_20260927/core_metrics.csv,include,Pinned input/output dependency (contract_source_pin),locked report build and/or validate source inventory,1abea135a61328e91ddbf436e7d56e638933bcae9c1068bb0c6d2cafa78a91aa,540,review-branch publication requested by author 2026-10-02; no new license grant; complete external source archives excluded,Git on benchmark-review; no Git LFS; not a tagged final release
artifacts/benchmark_v1/c44_aer_q16_full_panel_evaluation_20260927/core_oof_predictions.csv,include,Pinned input/output dependency (contract_source_pin),locked report build and/or validate source inventory,d2e0b1e3bf8b7a1cd14fd29d6da329a56ceffdd9b9d6e84eb5ec51929a11cab5,54250,review-branch publication requested by author 2026-10-02; no new license grant; complete external source archives excluded,Git on benchmark-review; no Git LFS; not a tagged final release
artifacts/benchmark_v1/c77_v5_comparison_cells_v5_20260929/cells/sim_aer_q2_q9_warm_execution/members/azizov_aer_independent_compiled_gbr.csv,include,Pinned input/output dependency (contract_source_pin),locked report build and/or validate source inventory,293c9cda4cfb03d1eae00d870d021793a74244e62c33b84cbd19dfa71eaa4836,59841,review-branch publication requested by author 2026-10-02; no new license grant; complete external source archives excluded,Git on benchmark-review; no Git LFS; not a tagged final release
artifacts/benchmark_v1/c77_v5_comparison_cells_v5_20260929/cells/sim_aer_q2_q9_warm_execution/members/azizov_aer_independent_logical_ridge.csv,include,Pinned input/output dependency (contract_source_pin),locked report build and/or validate source inventory,4e21e99917b308b47e1b8bbc931ec80fa920932202a77dfaed5ed0120400a248,59841,review-branch publication requested by author 2026-10-02; no new license grant; complete external source archives excluded,Git on benchmark-review; no Git LFS; not a tagged final release
artifacts/benchmark_v1/c86_cutensornet_ratio_diagnostic_v2_20260929/paired_ratio_rows.csv,include,Pinned input/output dependency (contract_source_pin),locked report build and/or validate source inventory,1b8b78138da0e5df263dc2701a9e50752141559e425fcc6186fd0d2372a196ae,244378,review-branch publication requested by author 2026-10-02; no new license grant; complete external source archives excluded,Git on benchmark-review; no Git LFS; not a tagged final release
artifacts/benchmark_v1/canonical_corpus_8767_20260926/canonical_observations.csv,include,Pinned input/output dependency (contract_source_pin),locked report build and/or validate source inventory,920d745e03dd00e8155118d9323baea18ff865e4df2620f3a059bd5503a05ba4,14568518,review-branch publication requested by author 2026-10-02; no new license grant; complete external source archives excluded,Git on benchmark-review; no Git LFS; not a tagged final release
artifacts/benchmark_v1/cudaq_dense_common_q16_bridge_full_v1_20260928/cudaq_dense_common_raw.csv,include,Pinned input/output dependency (contract_source_pin),locked report build and/or validate source inventory,19da3548991404395f05ef57dca4f499426551ab4a7389392df60731dce282ba,3209014,review-branch publication requested by author 2026-10-02; no new license grant; complete external source archives excluded,Git on benchmark-review; no Git LFS; not a tagged final release
artifacts/benchmark_v1/cudaq_dense_common_q16_bridge_qa_v1_20260928/qa.json,include,Pinned input/output dependency (contract_source_pin),locked report build and/or validate source inventory,c426ddc4ef7037022017138fa01b3e908cd321688ce407e3bccff9e3f0ec0f93,1242,review-branch publication requested by author 2026-10-02; no new license grant; complete external source archives excluded,Git on benchmark-review; no Git LFS; not a tagged final release
artifacts/benchmark_v1/cudaq_mps_common_q16_bridge_full_v1_20260928/cudaq_mps_common_raw.csv,include,Pinned input/output dependency (contract_source_pin),locked report build and/or validate source inventory,41aaffa3977eebb7d045555baa43dec9a5ecd81dff51aa23943f8d00f6ccc495,1705815,review-branch publication requested by author 2026-10-02; no new license grant; complete external source archives excluded,Git on benchmark-review; no Git LFS; not a tagged final release
artifacts/benchmark_v1/cudaq_mps_common_q16_bridge_qa_v1_20260928/qa.json,include,Pinned input/output dependency (contract_source_pin),locked report build and/or validate source inventory,89c0d917d6e00f4c9519e89c593940b7c0e80c109acc103b7a561541509c8918,1290,review-branch publication requested by author 2026-10-02; no new license grant; complete external source archives excluded,Git on benchmark-review; no Git LFS; not a tagged final release
artifacts/benchmark_v1/cutensornet_common_q16_full_v1_20260928/MEASUREMENT_INTERFERENCE.json,include,Pinned input/output dependency (contract_source_pin),locked report build and/or validate source inventory,1c1d23dd9106b65c7c139196717094fb863b09ed2da66b6230ba3454e583caed,863,review-branch publication requested by author 2026-10-02; no new license grant; complete external source archives excluded,Git on benchmark-review; no Git LFS; not a tagged final release
artifacts/benchmark_v1/cutensornet_common_q16_full_v1_20260928/cutensornet_scalar_common_raw.csv,include,Pinned input/output dependency (contract_source_pin),locked report build and/or validate source inventory,843a28edae4afc90eec83a491fea21519d67d5f4454093d436200ca65d23535d,1834117,review-branch publication requested by author 2026-10-02; no new license grant; complete external source archives excluded,Git on benchmark-review; no Git LFS; not a tagged final release
artifacts/benchmark_v1/cutensornet_common_q16_qa_v3_20260928/qa.json,include,Pinned input/output dependency (contract_source_pin),locked report build and/or validate source inventory,19097e1f9c604af356457ecd6dbc2dc289830d8490207375bc41a430808d3eb7,1790,review-branch publication requested by author 2026-10-02; no new license grant; complete external source archives excluded,Git on benchmark-review; no Git LFS; not a tagged final release
artifacts/benchmark_v1/pasqal_emu_mps_formula_crossed_pilot_v1r1_20260926/run_manifest.json,include,Pinned input/output dependency (contract_source_pin),locked report build and/or validate source inventory,329f2e42fca14cae9fe8d17da6860724f0517cff1903b514e33dee8fb02fdf9c,7722,review-branch publication requested by author 2026-10-02; no new license grant; complete external source archives excluded,Git on benchmark-review; no Git LFS; not a tagged final release
artifacts/benchmark_v1/qpack_mcp_structural_reconstruction_20260927/REPORT.md,include,Explicitly retained support evidence for a linked claim or reproduction input,"See owning document, report contract, or adjacent manifest",e46f1ba70bd8e812e8caaeba62e8fa57fe9490822ce5721a4355635efb875fbc,597,review-branch publication requested by author 2026-10-02; no new license grant; complete external source archives excluded,Git on benchmark-review; no Git LFS; not a tagged final release
artifacts/benchmark_v1/reproducibility/c4_release_receipt_20260930/receipt.json,include,Pinned input/output dependency (contract_source_pin),locked report build and/or validate source inventory,e6e30da64c71ae79c75d1382779fe4910972992986a57368b49a5c0802c5a059,109137,review-branch publication requested by author 2026-10-02; no new license grant; complete external source archives excluded,Git on benchmark-review; no Git LFS; not a tagged final release
artifacts/benchmark_v1/results/benchmark_summary/reader_table_pack_v1/HOW_TO_READ.md,include,"Historical simulator reader-pack snapshot pinned by current metric validator; retained as a regression dependency, not the current reader entrypoint",benchmark_v1/scripts/validate_simulator_reader_tables_v1.py historical-manifest checks,b25b6e9fe7009fd09eb46dc0505ff158f9417cf1ad26a6e11bf09c34e49f869a,2911,review-branch publication requested by author 2026-10-02; no new license grant; complete external source archives excluded,Git on benchmark-review; no Git LFS; not a tagged final release
artifacts/benchmark_v1/results/benchmark_summary/reader_table_pack_v1/README.md,include,"Historical simulator reader-pack snapshot pinned by current metric validator; retained as a regression dependency, not the current reader entrypoint",benchmark_v1/scripts/validate_simulator_reader_tables_v1.py historical-manifest checks,d18030302ee85912ae3cc8a5594faf0879db2fdbd6d777edbefa33542696261a,594,review-branch publication requested by author 2026-10-02; no new license grant; complete external source archives excluded,Git on benchmark-review; no Git LFS; not a tagged final release
artifacts/benchmark_v1/results/benchmark_summary/reader_table_pack_v1/REPORT.md,include,"Historical simulator reader-pack snapshot pinned by current metric validator; retained as a regression dependency, not the current reader entrypoint",benchmark_v1/scripts/validate_simulator_reader_tables_v1.py historical-manifest checks,d788f3b78b521e56a9b943b3d94805ddda7e25145a6419f8730160305c1249f4,920,review-branch publication requested by author 2026-10-02; no new license grant; complete external source archives excluded,Git on benchmark-review; no Git LFS; not a tagged final release
artifacts/benchmark_v1/results/benchmark_summary/reader_table_pack_v1/appendix_native_sensitivity_simulator.csv,include,"Historical simulator reader-pack snapshot pinned by current metric validator; retained as a regression dependency, not the current reader entrypoint",benchmark_v1/scripts/validate_simulator_reader_tables_v1.py historical-manifest checks,894b8951d2f4b592e5d2870cee0fe1d43e3c06ac9e294d3ba2b88a5c0fd7fbd2,14982,review-branch publication requested by author 2026-10-02; no new license grant; complete external source archives excluded,Git on benchmark-review; no Git LFS; not a tagged final release
artifacts/benchmark_v1/results/benchmark_summary/reader_table_pack_v1/appendix_native_sensitivity_simulator.md,include,"Historical simulator reader-pack snapshot pinned by current metric validator; retained as a regression dependency, not the current reader entrypoint",benchmark_v1/scripts/validate_simulator_reader_tables_v1.py historical-manifest checks,5f12b8b59b92825a3ba35676c8bf790d9835171a766721d598f032dd31a723b2,7807,review-branch publication requested by author 2026-10-02; no new license grant; complete external source archives excluded,Git on benchmark-review; no Git LFS; not a tagged final release
artifacts/benchmark_v1/results/benchmark_summary/reader_table_pack_v1/blocked_unavailable.csv,include,"Historical simulator reader-pack snapshot pinned by current metric validator; retained as a regression dependency, not the current reader entrypoint",benchmark_v1/scripts/validate_simulator_reader_tables_v1.py historical-manifest checks,bb066ee8848fdf362712224ff06a3d6ad2bcd20207c2809ad1d3085c1b2ec5a0,10088,review-branch publication requested by author 2026-10-02; no new license grant; complete external source archives excluded,Git on benchmark-review; no Git LFS; not a tagged final release
artifacts/benchmark_v1/results/benchmark_summary/reader_table_pack_v1/blocked_unavailable.md,include,"Historical simulator reader-pack snapshot pinned by current metric validator; retained as a regression dependency, not the current reader entrypoint",benchmark_v1/scripts/validate_simulator_reader_tables_v1.py historical-manifest checks,ec199d1480bcf52ebde1f4df309296a2ece25ce3773a5d1c268ea5200fa4163d,6091,review-branch publication requested by author 2026-10-02; no new license grant; complete external source archives excluded,Git on benchmark-review; no Git LFS; not a tagged final release
artifacts/benchmark_v1/results/benchmark_summary/reader_table_pack_v1/common_successful_intersection.csv,include,"Historical simulator reader-pack snapshot pinned by current metric validator; retained as a regression dependency, not the current reader entrypoint",benchmark_v1/scripts/validate_simulator_reader_tables_v1.py historical-manifest checks,4ac334f6d79f3c1857c3a6c70a7e58993cd96ee43fd0d2ff0e34547c91228c32,5426,review-branch publication requested by author 2026-10-02; no new license grant; complete external source archives excluded,Git on benchmark-review; no Git LFS; not a tagged final release
artifacts/benchmark_v1/results/benchmark_summary/reader_table_pack_v1/common_successful_intersection.md,include,"Historical simulator reader-pack snapshot pinned by current metric validator; retained as a regression dependency, not the current reader entrypoint",benchmark_v1/scripts/validate_simulator_reader_tables_v1.py historical-manifest checks,aa3e96025b2e8984b762cdaaf0b61059b194b536da4a593a2d3ca1dd4d11ce53,2992,review-branch publication requested by author 2026-10-02; no new license grant; complete external source archives excluded,Git on benchmark-review; no Git LFS; not a tagged final release
artifacts/benchmark_v1/results/benchmark_summary/reader_table_pack_v1/manifest.json,include,"Historical simulator reader-pack snapshot pinned by current metric validator; retained as a regression dependency, not the current reader entrypoint",benchmark_v1/scripts/validate_simulator_reader_tables_v1.py historical-manifest checks,d12314648f576e2b47193246294cc46aba6bf2fe794ebc01453631460d02f62c,5510,review-branch publication requested by author 2026-10-02; no new license grant; complete external source archives excluded,Git on benchmark-review; no Git LFS; not a tagged final release
artifacts/benchmark_v1/results/benchmark_summary/reader_table_pack_v1/source_hashes.json,include,"Historical simulator reader-pack snapshot pinned by current metric validator; retained as a regression dependency, not the current reader entrypoint",benchmark_v1/scripts/validate_simulator_reader_tables_v1.py historical-manifest checks,e73c67134416d857019f1c60d5e8b4add26b86cf1e8e5a75b3c561f96c2d6b22,3068,review-branch publication requested by author 2026-10-02; no new license grant; complete external source archives excluded,Git on benchmark-review; no Git LFS; not a tagged final release
artifacts/benchmark_v1/results/benchmark_summary/reader_table_pack_v1/source_stratified.csv,include,"Historical simulator reader-pack snapshot pinned by current metric validator; retained as a regression dependency, not the current reader entrypoint",benchmark_v1/scripts/validate_simulator_reader_tables_v1.py historical-manifest checks,d974ea68004e0d2c10d52431b54a41b63a5eb60df1b50f2ed620c36df669e81a,32869,review-branch publication requested by author 2026-10-02; no new license grant; complete external source archives excluded,Git on benchmark-review; no Git LFS; not a tagged final release
artifacts/benchmark_v1/results/benchmark_summary/reader_table_pack_v1/source_stratified.md,include,"Historical simulator reader-pack snapshot pinned by current metric validator; retained as a regression dependency, not the current reader entrypoint",benchmark_v1/scripts/validate_simulator_reader_tables_v1.py historical-manifest checks,8ebc1d6b80b1a6481bb4a9d1e068dc644687ff81a923837711032e384433a4e5,17511,review-branch publication requested by author 2026-10-02; no new license grant; complete external source archives excluded,Git on benchmark-review; no Git LFS; not a tagged final release
artifacts/benchmark_v1/results/benchmark_summary/reader_table_pack_v1/unified_envelope.csv,include,"Historical simulator reader-pack snapshot pinned by current metric validator; retained as a regression dependency, not the current reader entrypoint",benchmark_v1/scripts/validate_simulator_reader_tables_v1.py historical-manifest checks,6d0296296fcad12776d6b7849418b9e9d82bc638084a6026ee45d2847a5446bb,8394,review-branch publication requested by author 2026-10-02; no new license grant; complete external source archives excluded,Git on benchmark-review; no Git LFS; not a tagged final release
artifacts/benchmark_v1/results/benchmark_summary/reader_table_pack_v1/unified_envelope.md,include,"Historical simulator reader-pack snapshot pinned by current metric validator; retained as a regression dependency, not the current reader entrypoint",benchmark_v1/scripts/validate_simulator_reader_tables_v1.py historical-manifest checks,a52d0f090ff225fc086c2d26548df371f8ffc1362806b53ca2faa7b04f14351e,4807,review-branch publication requested by author 2026-10-02; no new license grant; complete external source archives excluded,Git on benchmark-review; no Git LFS; not a tagged final release
artifacts/benchmark_v1/results/benchmark_summary/reader_table_pack_v2/HOW_TO_READ.md,include,"Historical simulator reader-pack snapshot pinned by current metric validator; retained as a regression dependency, not the current reader entrypoint",benchmark_v1/scripts/validate_simulator_reader_tables_v1.py historical-manifest checks,04ad2bd58784c4dddab4cdcf070729166ad3d92b7c713f287e06e04968c2714b,3670,review-branch publication requested by author 2026-10-02; no new license grant; complete external source archives excluded,Git on benchmark-review; no Git LFS; not a tagged final release
artifacts/benchmark_v1/results/benchmark_summary/reader_table_pack_v2/README.md,include,"Historical simulator reader-pack snapshot pinned by current metric validator; retained as a regression dependency, not the current reader entrypoint",benchmark_v1/scripts/validate_simulator_reader_tables_v1.py historical-manifest checks,0e199e5ed4c0734ee49bf042fc61473255b8b4e0f3d9fd3157749e7328861cdb,646,review-branch publication requested by author 2026-10-02; no new license grant; complete external source archives excluded,Git on benchmark-review; no Git LFS; not a tagged final release
artifacts/benchmark_v1/results/benchmark_summary/reader_table_pack_v2/REPORT.md,include,"Historical simulator reader-pack snapshot pinned by current metric validator; retained as a regression dependency, not the current reader entrypoint",benchmark_v1/scripts/validate_simulator_reader_tables_v1.py historical-manifest checks,af913c32a11a7a73e6f832da3948115dce4f1cb92eb3ebc33909700059af3a75,969,review-branch publication requested by author 2026-10-02; no new license grant; complete external source archives excluded,Git on benchmark-review; no Git LFS; not a tagged final release
artifacts/benchmark_v1/results/benchmark_summary/reader_table_pack_v2/appendix_native_sensitivity_simulator.csv,include,"Historical simulator reader-pack snapshot pinned by current metric validator; retained as a regression dependency, not the current reader entrypoint",benchmark_v1/scripts/validate_simulator_reader_tables_v1.py historical-manifest checks,2caee3b3664a58f575026fab7b036a4877f797b30bbdd83990597a882be9b6c2,16121,review-branch publication requested by author 2026-10-02; no new license grant; complete external source archives excluded,Git on benchmark-review; no Git LFS; not a tagged final release
artifacts/benchmark_v1/results/benchmark_summary/reader_table_pack_v2/appendix_native_sensitivity_simulator.md,include,"Historical simulator reader-pack snapshot pinned by current metric validator; retained as a regression dependency, not the current reader entrypoint",benchmark_v1/scripts/validate_simulator_reader_tables_v1.py historical-manifest checks,3a03619b604ee37644b547285b2bb9c2c1fe5c25c3b5f47429206c92bce83286,8853,review-branch publication requested by author 2026-10-02; no new license grant; complete external source archives excluded,Git on benchmark-review; no Git LFS; not a tagged final release
artifacts/benchmark_v1/results/benchmark_summary/reader_table_pack_v2/blocked_unavailable.csv,include,"Historical simulator reader-pack snapshot pinned by current metric validator; retained as a regression dependency, not the current reader entrypoint",benchmark_v1/scripts/validate_simulator_reader_tables_v1.py historical-manifest checks,f8309e28061d862035750295f1e466ab7b7218e46279018cca84ffe626c29917,12108,review-branch publication requested by author 2026-10-02; no new license grant; complete external source archives excluded,Git on benchmark-review; no Git LFS; not a tagged final release
artifacts/benchmark_v1/results/benchmark_summary/reader_table_pack_v2/blocked_unavailable.md,include,"Historical simulator reader-pack snapshot pinned by current metric validator; retained as a regression dependency, not the current reader entrypoint",benchmark_v1/scripts/validate_simulator_reader_tables_v1.py historical-manifest checks,a6894e44e13555bdc3f19f0e59798bf82c265abc0cd16fccddb91a43908df57c,7616,review-branch publication requested by author 2026-10-02; no new license grant; complete external source archives excluded,Git on benchmark-review; no Git LFS; not a tagged final release
artifacts/benchmark_v1/results/benchmark_summary/reader_table_pack_v2/common_successful_intersection.csv,include,"Historical simulator reader-pack snapshot pinned by current metric validator; retained as a regression dependency, not the current reader entrypoint",benchmark_v1/scripts/validate_simulator_reader_tables_v1.py historical-manifest checks,1eeff42ada7db07cdd103f66482206975e3b53454e50ebd9acd557c69de6fb8f,45575,review-branch publication requested by author 2026-10-02; no new license grant; complete external source archives excluded,Git on benchmark-review; no Git LFS; not a tagged final release
artifacts/benchmark_v1/results/benchmark_summary/reader_table_pack_v2/common_successful_intersection.md,include,"Historical simulator reader-pack snapshot pinned by current metric validator; retained as a regression dependency, not the current reader entrypoint",benchmark_v1/scripts/validate_simulator_reader_tables_v1.py historical-manifest checks,8bb143b48f364dc737ec859e20aa5dcbcf91415d675b15f4759003e795b9a519,20870,review-branch publication requested by author 2026-10-02; no new license grant; complete external source archives excluded,Git on benchmark-review; no Git LFS; not a tagged final release
artifacts/benchmark_v1/results/benchmark_summary/reader_table_pack_v2/manifest.json,include,"Historical simulator reader-pack snapshot pinned by current metric validator; retained as a regression dependency, not the current reader entrypoint",benchmark_v1/scripts/validate_simulator_reader_tables_v1.py historical-manifest checks,7834d7a1e90e523e65f49c2d856c0480be92f130c6535b6cdefdff726aa2e139,7078,review-branch publication requested by author 2026-10-02; no new license grant; complete external source archives excluded,Git on benchmark-review; no Git LFS; not a tagged final release
artifacts/benchmark_v1/results/benchmark_summary/reader_table_pack_v2/source_hashes.json,include,"Historical simulator reader-pack snapshot pinned by current metric validator; retained as a regression dependency, not the current reader entrypoint",benchmark_v1/scripts/validate_simulator_reader_tables_v1.py historical-manifest checks,745da0a852a93c077e4204bdee882f07609f48b74ad6a842e4338705061e50bd,4578,review-branch publication requested by author 2026-10-02; no new license grant; complete external source archives excluded,Git on benchmark-review; no Git LFS; not a tagged final release
artifacts/benchmark_v1/results/benchmark_summary/reader_table_pack_v2/source_stratified.csv,include,"Historical simulator reader-pack snapshot pinned by current metric validator; retained as a regression dependency, not the current reader entrypoint",benchmark_v1/scripts/validate_simulator_reader_tables_v1.py historical-manifest checks,ff18c2809bf01203ebe602a597b38ca630ae8cfda9c1e6dcfb91a5dc28217e1b,92740,review-branch publication requested by author 2026-10-02; no new license grant; complete external source archives excluded,Git on benchmark-review; no Git LFS; not a tagged final release
artifacts/benchmark_v1/results/benchmark_summary/reader_table_pack_v2/source_stratified.md,include,"Historical simulator reader-pack snapshot pinned by current metric validator; retained as a regression dependency, not the current reader entrypoint",benchmark_v1/scripts/validate_simulator_reader_tables_v1.py historical-manifest checks,39de4df9a94c35083fdc91de60c9ad7fa22d0d0a3116a848cfd951071937843f,45911,review-branch publication requested by author 2026-10-02; no new license grant; complete external source archives excluded,Git on benchmark-review; no Git LFS; not a tagged final release
artifacts/benchmark_v1/results/benchmark_summary/reader_table_pack_v2/unified_envelope.csv,include,"Historical simulator reader-pack snapshot pinned by current metric validator; retained as a regression dependency, not the current reader entrypoint",benchmark_v1/scripts/validate_simulator_reader_tables_v1.py historical-manifest checks,afa77a4df19b318c209320b5ab08fe8b311b4ed68078e33c2e9bed28052afa15,30683,review-branch publication requested by author 2026-10-02; no new license grant; complete external source archives excluded,Git on benchmark-review; no Git LFS; not a tagged final release
artifacts/benchmark_v1/results/benchmark_summary/reader_table_pack_v2/unified_envelope.md,include,"Historical simulator reader-pack snapshot pinned by current metric validator; retained as a regression dependency, not the current reader entrypoint",benchmark_v1/scripts/validate_simulator_reader_tables_v1.py historical-manifest checks,5f5313ddd2f9cc6a70da9d9579516190021fa82439c372840cfa309a892af18e,15819,review-branch publication requested by author 2026-10-02; no new license grant; complete external source archives excluded,Git on benchmark-review; no Git LFS; not a tagged final release
artifacts/benchmark_v1/results/benchmark_summary/reader_table_pack_v3/HOW_TO_READ.md,include,"Historical simulator reader-pack snapshot pinned by current metric validator; retained as a regression dependency, not the current reader entrypoint",benchmark_v1/scripts/validate_simulator_reader_tables_v1.py historical-manifest checks,0aeac863d607da111f2aedf5b265425a7228910e082c66e280faf02717ed8c08,4546,review-branch publication requested by author 2026-10-02; no new license grant; complete external source archives excluded,Git on benchmark-review; no Git LFS; not a tagged final release
artifacts/benchmark_v1/results/benchmark_summary/reader_table_pack_v3/README.md,include,"Historical simulator reader-pack snapshot pinned by current metric validator; retained as a regression dependency, not the current reader entrypoint",benchmark_v1/scripts/validate_simulator_reader_tables_v1.py historical-manifest checks,118f369158cd6f43724c5cd08c9544f869db7b28bd391ea73aaf7fbb03d1a386,752,review-branch publication requested by author 2026-10-02; no new license grant; complete external source archives excluded,Git on benchmark-review; no Git LFS; not a tagged final release
artifacts/benchmark_v1/results/benchmark_summary/reader_table_pack_v3/REPORT.md,include,"Historical simulator reader-pack snapshot pinned by current metric validator; retained as a regression dependency, not the current reader entrypoint",benchmark_v1/scripts/validate_simulator_reader_tables_v1.py historical-manifest checks,531caf2050a324009ddf3fdb9d1afafc7eefe326560460e566de2215eef22394,1136,review-branch publication requested by author 2026-10-02; no new license grant; complete external source archives excluded,Git on benchmark-review; no Git LFS; not a tagged final release
artifacts/benchmark_v1/results/benchmark_summary/reader_table_pack_v3/appendix_native_sensitivity_simulator.csv,include,"Historical simulator reader-pack snapshot pinned by current metric validator; retained as a regression dependency, not the current reader entrypoint",benchmark_v1/scripts/validate_simulator_reader_tables_v1.py historical-manifest checks,7f909e2c91e401f5cbb9f55dafff98e83b1ebacb8e6fabc93007c4be4eeb6ddf,16707,review-branch publication requested by author 2026-10-02; no new license grant; complete external source archives excluded,Git on benchmark-review; no Git LFS; not a tagged final release
artifacts/benchmark_v1/results/benchmark_summary/reader_table_pack_v3/appendix_native_sensitivity_simulator.md,include,"Historical simulator reader-pack snapshot pinned by current metric validator; retained as a regression dependency, not the current reader entrypoint",benchmark_v1/scripts/validate_simulator_reader_tables_v1.py historical-manifest checks,3a03619b604ee37644b547285b2bb9c2c1fe5c25c3b5f47429206c92bce83286,8853,review-branch publication requested by author 2026-10-02; no new license grant; complete external source archives excluded,Git on benchmark-review; no Git LFS; not a tagged final release
artifacts/benchmark_v1/results/benchmark_summary/reader_table_pack_v3/blocked_unavailable.csv,include,"Historical simulator reader-pack snapshot pinned by current metric validator; retained as a regression dependency, not the current reader entrypoint",benchmark_v1/scripts/validate_simulator_reader_tables_v1.py historical-manifest checks,86486cd48f6ffe7c39edadcde0f6f7d5622842e694ae8820c138a59852b05863,10497,review-branch publication requested by author 2026-10-02; no new license grant; complete external source archives excluded,Git on benchmark-review; no Git LFS; not a tagged final release
artifacts/benchmark_v1/results/benchmark_summary/reader_table_pack_v3/blocked_unavailable.md,include,"Historical simulator reader-pack snapshot pinned by current metric validator; retained as a regression dependency, not the current reader entrypoint",benchmark_v1/scripts/validate_simulator_reader_tables_v1.py historical-manifest checks,0c0d60ad9db255c867af42860c34749e8063b22432025201ac08ff845f03f7f5,6587,review-branch publication requested by author 2026-10-02; no new license grant; complete external source archives excluded,Git on benchmark-review; no Git LFS; not a tagged final release
artifacts/benchmark_v1/results/benchmark_summary/reader_table_pack_v3/common_successful_intersection.csv,include,"Historical simulator reader-pack snapshot pinned by current metric validator; retained as a regression dependency, not the current reader entrypoint",benchmark_v1/scripts/validate_simulator_reader_tables_v1.py historical-manifest checks,ec1722855075841dda26a09f1131b1975a0d8b8204f663b38b9db5f6a5796dd2,47473,review-branch publication requested by author 2026-10-02; no new license grant; complete external source archives excluded,Git on benchmark-review; no Git LFS; not a tagged final release
artifacts/benchmark_v1/results/benchmark_summary/reader_table_pack_v3/common_successful_intersection.md,include,"Historical simulator reader-pack snapshot pinned by current metric validator; retained as a regression dependency, not the current reader entrypoint",benchmark_v1/scripts/validate_simulator_reader_tables_v1.py historical-manifest checks,8bb143b48f364dc737ec859e20aa5dcbcf91415d675b15f4759003e795b9a519,20870,review-branch publication requested by author 2026-10-02; no new license grant; complete external source archives excluded,Git on benchmark-review; no Git LFS; not a tagged final release
artifacts/benchmark_v1/results/benchmark_summary/reader_table_pack_v3/manifest.json,include,"Historical simulator reader-pack snapshot pinned by current metric validator; retained as a regression dependency, not the current reader entrypoint",benchmark_v1/scripts/validate_simulator_reader_tables_v1.py historical-manifest checks,247d5d21e632058c1dc44f2a6e7e64465b86625d04f186358192eca3a7d35602,7457,review-branch publication requested by author 2026-10-02; no new license grant; complete external source archives excluded,Git on benchmark-review; no Git LFS; not a tagged final release
artifacts/benchmark_v1/results/benchmark_summary/reader_table_pack_v3/source_hashes.json,include,"Historical simulator reader-pack snapshot pinned by current metric validator; retained as a regression dependency, not the current reader entrypoint",benchmark_v1/scripts/validate_simulator_reader_tables_v1.py historical-manifest checks,745da0a852a93c077e4204bdee882f07609f48b74ad6a842e4338705061e50bd,4578,review-branch publication requested by author 2026-10-02; no new license grant; complete external source archives excluded,Git on benchmark-review; no Git LFS; not a tagged final release
artifacts/benchmark_v1/results/benchmark_summary/reader_table_pack_v3/source_stratified.csv,include,"Historical simulator reader-pack snapshot pinned by current metric validator; retained as a regression dependency, not the current reader entrypoint",benchmark_v1/scripts/validate_simulator_reader_tables_v1.py historical-manifest checks,d0623f9326fb9716707f6553e7861deafff8b40beaff3c3547d20139ca0fe089,95975,review-branch publication requested by author 2026-10-02; no new license grant; complete external source archives excluded,Git on benchmark-review; no Git LFS; not a tagged final release
artifacts/benchmark_v1/results/benchmark_summary/reader_table_pack_v3/source_stratified.md,include,"Historical simulator reader-pack snapshot pinned by current metric validator; retained as a regression dependency, not the current reader entrypoint",benchmark_v1/scripts/validate_simulator_reader_tables_v1.py historical-manifest checks,39de4df9a94c35083fdc91de60c9ad7fa22d0d0a3116a848cfd951071937843f,45911,review-branch publication requested by author 2026-10-02; no new license grant; complete external source archives excluded,Git on benchmark-review; no Git LFS; not a tagged final release
artifacts/benchmark_v1/results/benchmark_summary/reader_table_pack_v3/supersession_records.csv,include,"Historical simulator reader-pack snapshot pinned by current metric validator; retained as a regression dependency, not the current reader entrypoint",benchmark_v1/scripts/validate_simulator_reader_tables_v1.py historical-manifest checks,56667a0adfbb3660f70a866c45bec70d729e66c7da6914c89b92dd437f06f6f0,1280,review-branch publication requested by author 2026-10-02; no new license grant; complete external source archives excluded,Git on benchmark-review; no Git LFS; not a tagged final release
artifacts/benchmark_v1/results/benchmark_summary/reader_table_pack_v3/unified_envelope.csv,include,"Historical simulator reader-pack snapshot pinned by current metric validator; retained as a regression dependency, not the current reader entrypoint",benchmark_v1/scripts/validate_simulator_reader_tables_v1.py historical-manifest checks,24422c2401352a09a7fc6b72d5571fa7ea76112e995f9c26395caa6e21a320c4,29788,review-branch publication requested by author 2026-10-02; no new license grant; complete external source archives excluded,Git on benchmark-review; no Git LFS; not a tagged final release
artifacts/benchmark_v1/results/benchmark_summary/reader_table_pack_v3/unified_envelope.md,include,"Historical simulator reader-pack snapshot pinned by current metric validator; retained as a regression dependency, not the current reader entrypoint",benchmark_v1/scripts/validate_simulator_reader_tables_v1.py historical-manifest checks,752bdfd33c3e27996744cec0f60306b2f9c4bd52f4834fb83278d43c8d00b0cb,14790,review-branch publication requested by author 2026-10-02; no new license grant; complete external source archives excluded,Git on benchmark-review; no Git LFS; not a tagged final release
artifacts/benchmark_v1/results/benchmark_summary/reader_table_pack_v4/appendix_native_sensitivity_simulator.csv,include,Pinned input/output dependency (contract_source_pin),locked report build and/or validate source inventory,16baac5d739ec5bd962b99e857062d910844d3de7399ca6ebb0704be848460b4,17179,review-branch publication requested by author 2026-10-02; no new license grant; complete external source archives excluded,Git on benchmark-review; no Git LFS; not a tagged final release
artifacts/benchmark_v1/results/benchmark_summary/two_domain_scorecard_v2/README.md,include,Pinned input/output dependency (historical_v2_regression_output),test_report_finalization.py historical-v2 regression,42852ddc1e9086186570b62183cdef31eca3d7bef7f13edf6fada0aaff0360c9,372,review-branch publication requested by author 2026-10-02; no new license grant; complete external source archives excluded,Git on benchmark-review; no Git LFS; not a tagged final release
artifacts/benchmark_v1/results/benchmark_summary/two_domain_scorecard_v2/REPORT.md,include,Pinned input/output dependency (historical_v2_regression_output),test_report_finalization.py historical-v2 regression,f2744f0104e85d84c32a787c7968c0e1316d4154e9280c421fa0b1465d5432c1,2047,review-branch publication requested by author 2026-10-02; no new license grant; complete external source archives excluded,Git on benchmark-review; no Git LFS; not a tagged final release
artifacts/benchmark_v1/results/benchmark_summary/two_domain_scorecard_v2/manifest.json,include,Pinned input/output dependency (contract_source_pin),locked report build and/or validate source inventory,ac20ef18530f9971a3caea0877aaf8c6a4e99d67368fbe5df714be7b12fab45c,7150,review-branch publication requested by author 2026-10-02; no new license grant; complete external source archives excluded,Git on benchmark-review; no Git LFS; not a tagged final release
artifacts/benchmark_v1/results/benchmark_summary/two_domain_scorecard_v2/qpu/archived_method_coverage.csv,include,Pinned input/output dependency (historical_v2_regression_output),test_report_finalization.py historical-v2 regression,ee408a85b5fef378103a2ada6709c791f9e66a8db192e15445bdd6e9803aa915,19559,review-branch publication requested by author 2026-10-02; no new license grant; complete external source archives excluded,Git on benchmark-review; no Git LFS; not a tagged final release
artifacts/benchmark_v1/results/benchmark_summary/two_domain_scorecard_v2/qpu/archived_method_pairwise_comparisons.csv,include,Pinned input/output dependency (historical_v2_regression_output),test_report_finalization.py historical-v2 regression,46feff9632a48b7c852a938c0e5a153209d700e0574a5d8cd685c609ab5b1313,121064,review-branch publication requested by author 2026-10-02; no new license grant; complete external source archives excluded,Git on benchmark-review; no Git LFS; not a tagged final release
artifacts/benchmark_v1/results/benchmark_summary/two_domain_scorecard_v2/qpu/archived_method_source_metrics.csv,include,Pinned input/output dependency (historical_v2_regression_output),test_report_finalization.py historical-v2 regression,b2f2e992325cebb70f5340780872cd36300643d07f57a3fb3b443ae128fe9369,75956,review-branch publication requested by author 2026-10-02; no new license grant; complete external source archives excluded,Git on benchmark-review; no Git LFS; not a tagged final release
artifacts/benchmark_v1/results/benchmark_summary/two_domain_scorecard_v2/qpu/unified_learned_bootstrap.csv,include,Pinned input/output dependency (historical_v2_regression_output),test_report_finalization.py historical-v2 regression,4610c76e4bc90adce98b3daebc66c6aba37c9b6508c58688a8c66a2d797df104,991,review-branch publication requested by author 2026-10-02; no new license grant; complete external source archives excluded,Git on benchmark-review; no Git LFS; not a tagged final release
artifacts/benchmark_v1/results/benchmark_summary/two_domain_scorecard_v2/qpu/unified_learned_metrics.csv,include,Pinned input/output dependency (historical_v2_regression_output),test_report_finalization.py historical-v2 regression,53afc0d7e1bb264eb413d12e17b651b7a4d1ab712e43a940d541a31aef5fc6e6,4969,review-branch publication requested by author 2026-10-02; no new license grant; complete external source archives excluded,Git on benchmark-review; no Git LFS; not a tagged final release
artifacts/benchmark_v1/results/benchmark_summary/two_domain_scorecard_v2/qpu/unified_learned_pairs.csv,include,Pinned input/output dependency (historical_v2_regression_output),test_report_finalization.py historical-v2 regression,21e75390b4d9598189e95f4996f0eb19c60c76812f1a1a02baa37120ca7b4624,2125,review-branch publication requested by author 2026-10-02; no new license grant; complete external source archives excluded,Git on benchmark-review; no Git LFS; not a tagged final release
artifacts/benchmark_v1/results/benchmark_summary/two_domain_scorecard_v2/simulator/aer_mali_graph_c3a_by_fold.csv,include,Pinned input/output dependency (historical_v2_regression_output),test_report_finalization.py historical-v2 regression,db40bd07977822a97d169dfc85dfd907ef2f53876fdec960e003250280e4eae0,852,review-branch publication requested by author 2026-10-02; no new license grant; complete external source archives excluded,Git on benchmark-review; no Git LFS; not a tagged final release
artifacts/benchmark_v1/results/benchmark_summary/two_domain_scorecard_v2/simulator/aer_mali_graph_c3a_diagnostic.csv,include,Pinned input/output dependency (historical_v2_regression_output),test_report_finalization.py historical-v2 regression,2805b4328a935ca7092333882362d3c42d9c54e8b1169f4c9cc6296dbd54f77e,1279,review-branch publication requested by author 2026-10-02; no new license grant; complete external source archives excluded,Git on benchmark-review; no Git LFS; not a tagged final release
artifacts/benchmark_v1/results/benchmark_summary/two_domain_scorecard_v2/simulator/availability_matrix.csv,include,Pinned input/output dependency (historical_v2_regression_output),test_report_finalization.py historical-v2 regression,f3b48ecc2967d5bf8d2ce3b0368dc5e1c8523ceda5626070cde3979df1880458,6295,review-branch publication requested by author 2026-10-02; no new license grant; complete external source archives excluded,Git on benchmark-review; no Git LFS; not a tagged final release
artifacts/benchmark_v1/results/benchmark_summary/two_domain_scorecard_v2/simulator/blocked_unavailable.csv,include,Pinned input/output dependency (historical_v2_regression_output),test_report_finalization.py historical-v2 regression,962b79a8eb9ca25f6aba025d4d6e2dfe528c0f606a6fa132f470d002a81e4813,3603,review-branch publication requested by author 2026-10-02; no new license grant; complete external source archives excluded,Git on benchmark-review; no Git LFS; not a tagged final release
artifacts/benchmark_v1/results/benchmark_summary/two_domain_scorecard_v2/simulator/common_exact_qasm_panel.csv,include,Pinned input/output dependency (historical_v2_regression_output),test_report_finalization.py historical-v2 regression,76a12307c91a173fe31fac1e4bae637085ce031dcf9e19ad9740e0316230b82f,77125,review-branch publication requested by author 2026-10-02; no new license grant; complete external source archives excluded,Git on benchmark-review; no Git LFS; not a tagged final release
artifacts/benchmark_v1/results/benchmark_summary/two_domain_scorecard_v2/simulator/native_method_appendix.csv,include,Pinned input/output dependency (historical_v2_regression_output),test_report_finalization.py historical-v2 regression,91f6c7801411dd5208135093f1ecf9bf083cf27434d75c7eb4196ea3312e312a,3656,review-branch publication requested by author 2026-10-02; no new license grant; complete external source archives excluded,Git on benchmark-review; no Git LFS; not a tagged final release
artifacts/benchmark_v1/results/benchmark_summary/two_domain_scorecard_v2/simulator/per_configuration_metrics.csv,include,Pinned input/output dependency (historical_v2_regression_output),test_report_finalization.py historical-v2 regression,f8628e32fb0a0cecc8f06eb76a77b9e14e25b4ba8c288b2e72b8227d117d757a,12709,review-branch publication requested by author 2026-10-02; no new license grant; complete external source archives excluded,Git on benchmark-review; no Git LFS; not a tagged final release
artifacts/benchmark_v1/results/benchmark_summary/two_domain_scorecard_v3/README.md,include,Pinned input/output dependency (canonical_c1_output),staged canonical validator input,883f208395712c67874be63b349fd0f687c9ef35fd9f02c9692235ee307fe771,412,review-branch publication requested by author 2026-10-02; no new license grant; complete external source archives excluded,Git on benchmark-review; no Git LFS; not a tagged final release
artifacts/benchmark_v1/results/benchmark_summary/two_domain_scorecard_v3/REPORT.md,include,Pinned input/output dependency (canonical_c1_output),staged canonical validator input,b8bd4768e3c4a7e4014aabdf09d35be69eeaa4f03139f61766d24e75d21a7f82,3786,review-branch publication requested by author 2026-10-02; no new license grant; complete external source archives excluded,Git on benchmark-review; no Git LFS; not a tagged final release
artifacts/benchmark_v1/results/benchmark_summary/two_domain_scorecard_v3/manifest.json,include,Pinned input/output dependency (canonical_c1_output),staged canonical validator input,b39d2ca7c52e51b8486330d87700950c469e894d5b8dd6148efe52dea319a81c,24339,review-branch publication requested by author 2026-10-02; no new license grant; complete external source archives excluded,Git on benchmark-review; no Git LFS; not a tagged final release
artifacts/benchmark_v1/results/benchmark_summary/two_domain_scorecard_v3/method_scope.csv,include,Pinned input/output dependency (canonical_c1_output),staged canonical validator input,c434c23908ad7b3f041cb5f7fce7c79064597301d2d6c046fbb9be14aacc7aa5,5428,review-branch publication requested by author 2026-10-02; no new license grant; complete external source archives excluded,Git on benchmark-review; no Git LFS; not a tagged final release
artifacts/benchmark_v1/results/benchmark_summary/two_domain_scorecard_v3/qpu/archived_method_coverage.csv,include,Pinned input/output dependency (canonical_c1_output),staged canonical validator input,ee408a85b5fef378103a2ada6709c791f9e66a8db192e15445bdd6e9803aa915,19559,review-branch publication requested by author 2026-10-02; no new license grant; complete external source archives excluded,Git on benchmark-review; no Git LFS; not a tagged final release
artifacts/benchmark_v1/results/benchmark_summary/two_domain_scorecard_v3/qpu/archived_method_pairwise_comparisons.csv,include,Pinned input/output dependency (canonical_c1_output),staged canonical validator input,46feff9632a48b7c852a938c0e5a153209d700e0574a5d8cd685c609ab5b1313,121064,review-branch publication requested by author 2026-10-02; no new license grant; complete external source archives excluded,Git on benchmark-review; no Git LFS; not a tagged final release
artifacts/benchmark_v1/results/benchmark_summary/two_domain_scorecard_v3/qpu/archived_method_source_metrics.csv,include,Pinned input/output dependency (canonical_c1_output),staged canonical validator input,b2f2e992325cebb70f5340780872cd36300643d07f57a3fb3b443ae128fe9369,75956,review-branch publication requested by author 2026-10-02; no new license grant; complete external source archives excluded,Git on benchmark-review; no Git LFS; not a tagged final release
artifacts/benchmark_v1/results/benchmark_summary/two_domain_scorecard_v3/qpu/source_native_scope.csv,include,Pinned input/output dependency (canonical_c1_output),staged canonical validator input,0a7c42a34024b2bd278dc79e28c450a6434ab966db72e351eef3685a8ecd7bbb,855,review-branch publication requested by author 2026-10-02; no new license grant; complete external source archives excluded,Git on benchmark-review; no Git LFS; not a tagged final release
artifacts/benchmark_v1/results/benchmark_summary/two_domain_scorecard_v3/qpu/unified_learned_bootstrap.csv,include,Pinned input/output dependency (canonical_c1_output),staged canonical validator input,4610c76e4bc90adce98b3daebc66c6aba37c9b6508c58688a8c66a2d797df104,991,review-branch publication requested by author 2026-10-02; no new license grant; complete external source archives excluded,Git on benchmark-review; no Git LFS; not a tagged final release
artifacts/benchmark_v1/results/benchmark_summary/two_domain_scorecard_v3/qpu/unified_learned_coverage.csv,include,Pinned input/output dependency (canonical_c1_output),staged canonical validator input,90751ffe807c4be9f80443d3e0bd6d71718dddcfc96e3b54f2fa0971594e91df,583,review-branch publication requested by author 2026-10-02; no new license grant; complete external source archives excluded,Git on benchmark-review; no Git LFS; not a tagged final release
artifacts/benchmark_v1/results/benchmark_summary/two_domain_scorecard_v3/qpu/unified_learned_metrics.csv,include,Pinned input/output dependency (canonical_c1_output),staged canonical validator input,53afc0d7e1bb264eb413d12e17b651b7a4d1ab712e43a940d541a31aef5fc6e6,4969,review-branch publication requested by author 2026-10-02; no new license grant; complete external source archives excluded,Git on benchmark-review; no Git LFS; not a tagged final release
artifacts/benchmark_v1/results/benchmark_summary/two_domain_scorecard_v3/qpu/unified_learned_pairs.csv,include,Pinned input/output dependency (canonical_c1_output),staged canonical validator input,21e75390b4d9598189e95f4996f0eb19c60c76812f1a1a02baa37120ca7b4624,2125,review-branch publication requested by author 2026-10-02; no new license grant; complete external source archives excluded,Git on benchmark-review; no Git LFS; not a tagged final release
artifacts/benchmark_v1/results/benchmark_summary/two_domain_scorecard_v3/qpu/unified_learned_source_metrics.csv,include,Pinned input/output dependency (canonical_c1_output),staged canonical validator input,1dc76f3b2ac0b670ba8116fa25304c5a115eee6b52f36ac6cc049f35b20fe0c5,5645,review-branch publication requested by author 2026-10-02; no new license grant; complete external source archives excluded,Git on benchmark-review; no Git LFS; not a tagged final release
artifacts/benchmark_v1/results/benchmark_summary/two_domain_scorecard_v3/qpu/unified_learned_tail_diagnostics.csv,include,Pinned input/output dependency (canonical_c1_output),staged canonical validator input,734ae9346834c6a76ffcc5ce41b33811cd47ee83e76ceed8445ccc308e6a421e,1021,review-branch publication requested by author 2026-10-02; no new license grant; complete external source archives excluded,Git on benchmark-review; no Git LFS; not a tagged final release
artifacts/benchmark_v1/results/benchmark_summary/two_domain_scorecard_v3/qpu/unified_learned_unavailable.csv,include,Pinned input/output dependency (canonical_c1_output),staged canonical validator input,a5478dc172de33797197e42e06df6fe99d88d078f270e9c1cc3c4c6f5c5d9090,1293,review-branch publication requested by author 2026-10-02; no new license grant; complete external source archives excluded,Git on benchmark-review; no Git LFS; not a tagged final release
artifacts/benchmark_v1/results/benchmark_summary/two_domain_scorecard_v3/simulator/aer_mali_graph_c3a_by_fold.csv,include,Pinned input/output dependency (canonical_c1_output),staged canonical validator input,f86af048535387506965d754164eb5791683bd8eef5c1da2bd28af01ad1b887d,852,review-branch publication requested by author 2026-10-02; no new license grant; complete external source archives excluded,Git on benchmark-review; no Git LFS; not a tagged final release
artifacts/benchmark_v1/results/benchmark_summary/two_domain_scorecard_v3/simulator/aer_mali_graph_c3a_diagnostic.csv,include,Pinned input/output dependency (canonical_c1_output),staged canonical validator input,8958048fb8d6fc0ea0f000c02098767e16f582cb4f27dcbf83e7ba1a30c2bae3,1279,review-branch publication requested by author 2026-10-02; no new license grant; complete external source archives excluded,Git on benchmark-review; no Git LFS; not a tagged final release
artifacts/benchmark_v1/results/benchmark_summary/two_domain_scorecard_v3/simulator/availability_matrix.csv,include,Pinned input/output dependency (canonical_c1_output),staged canonical validator input,f3b48ecc2967d5bf8d2ce3b0368dc5e1c8523ceda5626070cde3979df1880458,6295,review-branch publication requested by author 2026-10-02; no new license grant; complete external source archives excluded,Git on benchmark-review; no Git LFS; not a tagged final release
artifacts/benchmark_v1/results/benchmark_summary/two_domain_scorecard_v3/simulator/blocked_unavailable.csv,include,Pinned input/output dependency (canonical_c1_output),staged canonical validator input,962b79a8eb9ca25f6aba025d4d6e2dfe528c0f606a6fa132f470d002a81e4813,3603,review-branch publication requested by author 2026-10-02; no new license grant; complete external source archives excluded,Git on benchmark-review; no Git LFS; not a tagged final release
artifacts/benchmark_v1/results/benchmark_summary/two_domain_scorecard_v3/simulator/common_exact_qasm_panel.csv,include,Pinned input/output dependency (canonical_c1_output),staged canonical validator input,76a12307c91a173fe31fac1e4bae637085ce031dcf9e19ad9740e0316230b82f,77125,review-branch publication requested by author 2026-10-02; no new license grant; complete external source archives excluded,Git on benchmark-review; no Git LFS; not a tagged final release
artifacts/benchmark_v1/results/benchmark_summary/two_domain_scorecard_v3/simulator/maestro_pilot_summary.csv,include,Pinned input/output dependency (canonical_c1_output),staged canonical validator input,d6107c87721695537cee9c67f3e7c51ab916f620a665b532487d1374e7d02ad5,3426,review-branch publication requested by author 2026-10-02; no new license grant; complete external source archives excluded,Git on benchmark-review; no Git LFS; not a tagged final release
artifacts/benchmark_v1/results/benchmark_summary/two_domain_scorecard_v3/simulator/native_method_appendix.csv,include,Pinned input/output dependency (canonical_c1_output),staged canonical validator input,91f6c7801411dd5208135093f1ecf9bf083cf27434d75c7eb4196ea3312e312a,3656,review-branch publication requested by author 2026-10-02; no new license grant; complete external source archives excluded,Git on benchmark-review; no Git LFS; not a tagged final release
artifacts/benchmark_v1/results/benchmark_summary/two_domain_scorecard_v3/simulator/per_configuration_metrics.csv,include,Pinned input/output dependency (canonical_c1_output),staged canonical validator input,f8628e32fb0a0cecc8f06eb76a77b9e14e25b4ba8c288b2e72b8227d117d757a,12709,review-branch publication requested by author 2026-10-02; no new license grant; complete external source archives excluded,Git on benchmark-review; no Git LFS; not a tagged final release
artifacts/benchmark_v1/sim_common_q16_manifest_20260927/manifest.json,include,Explicitly retained support evidence for a linked claim or reproduction input,"See owning document, report contract, or adjacent manifest",d94323c12d68f1c27e314774205a30823194ad4efbb9e54c7799fd9a6a42d5a9,1707,review-branch publication requested by author 2026-10-02; no new license grant; complete external source archives excluded,Git on benchmark-review; no Git LFS; not a tagged final release
artifacts/benchmark_v1/sim_common_q16_manifest_20260927/sim_common_q16_manifest.csv,include,Pinned input/output dependency (contract_source_pin),locked report build and/or validate source inventory,9b33added9a2d94f9f621021cec16362561fe58454e233c495e25568a666fb8e,96002,review-branch publication requested by author 2026-10-02; no new license grant; complete external source archives excluded,Git on benchmark-review; no Git LFS; not a tagged final release
artifacts/benchmark_v2/real_qpu/split_manifest_v2.json,include,Pinned input/output dependency (contract_source_pin),locked report build and/or validate source inventory,83e3cbd828589edd69aa056b446c23b81898303337f3ba6a5b9e565b3467b8f4,1295,review-branch publication requested by author 2026-10-02; no new license grant; complete external source archives excluded,Git on benchmark-review; no Git LFS; not a tagged final release
artifacts/benchmark_v2/real_qpu/unified_inner_split_v2.csv,include,Pinned input/output dependency (contract_source_pin),locked report build and/or validate source inventory,aaff2b0950379ac7ad8992698bc140687a4cd1b6696b8abeff7cb96270af3cab,20555171,review-branch publication requested by author 2026-10-02; no new license grant; complete external source archives excluded,Git on benchmark-review; no Git LFS; not a tagged final release
artifacts/benchmark_v2/real_qpu/unified_outer_split_v2.csv,include,Pinned input/output dependency (contract_source_pin),locked report build and/or validate source inventory,d72b7ba6f90d5bf6ed2f3b602196a05bee11a0f441ee4e5caaca6978b6b0e25a,2909316,review-branch publication requested by author 2026-10-02; no new license grant; complete external source archives excluded,Git on benchmark-review; no Git LFS; not a tagged final release
artifacts/benchmark_v2/results/real_qpu/c122_qonductor_oof/evaluation_manifest.json,include,Pinned input/output dependency (contract_source_pin),locked report build and/or validate source inventory,ab71aef134d5e9f6f30c2c6675d4e61afbf53a0befd09e2363908c2b793d8e9b,2529,review-branch publication requested by author 2026-10-02; no new license grant; complete external source archives excluded,Git on benchmark-review; no Git LFS; not a tagged final release
artifacts/benchmark_v3/real_qpu/archived_analytical_wave_v3_20260930/attempts.csv,materialize,Original frozen file retained byte-for-byte after joining tracked row parts,required by frozen QPU aggregator for historical analytical method inventory,25db03449d2068197900d3b6a7c069121c0e4d437f87b2618a2ce1b15b479f77,86984276,review-branch publication requested by author 2026-10-02; no new license grant; complete external source archives excluded,python3 scripts/materialize_csv_parts.py; original is ignored and not tracked
artifacts/benchmark_v3/real_qpu/archived_analytical_wave_v3_20260930/result_manifest.json,include,Pinned input/output dependency (supplemental_rebuild_provenance),provenance for supplemental QPU aggregator input,44fdebb5088de9091d21b2e298c2a91ec75845329eff8652232ae4fdc2924694,22126,review-branch publication requested by author 2026-10-02; no new license grant; complete external source archives excluded,Git on benchmark-review; no Git LFS; not a tagged final release
artifacts/benchmark_v3/real_qpu/hyb_hanas_bounded_repair_v1_20261001/hyb_repair_manifest.json,include,Pinned input/output dependency (contract_source_pin),locked report build and/or validate source inventory,b313fb2e977990963dd2c70ad8a873b0fe355ba18725934b6a2c0a493efae380,11550,review-branch publication requested by author 2026-10-02; no new license grant; complete external source archives excluded,Git on benchmark-review; no Git LFS; not a tagged final release
artifacts/benchmark_v3/real_qpu/hyb_hanas_bounded_repair_v1_20261001/hyb_source_metrics.csv,include,Explicitly retained support evidence for a linked claim or reproduction input,"See owning document, report contract, or adjacent manifest",4d8536c6de403b9a3a89517bf9f6118c69493df9430f13209b9c55ad412e4549,4199,review-branch publication requested by author 2026-10-02; no new license grant; complete external source archives excluded,Git on benchmark-review; no Git LFS; not a tagged final release
artifacts/benchmark_v3/real_qpu/hyb_hanas_bounded_repair_v1_20261001/merged_analytical_attempts_for_c4.csv,materialize,Original frozen file retained byte-for-byte after joining tracked row parts,locked report build and/or validate source inventory,df64d21c8a4953a2a700ec9b47315848fc8fc4a30df2f1a8495495e5811fde9a,104070710,review-branch publication requested by author 2026-10-02; no new license grant; complete external source archives excluded,python3 scripts/materialize_csv_parts.py; original is ignored and not tracked
artifacts/benchmark_v3/real_qpu/unified_graph_v3_large_oof_20260930/method_attempts.csv,include,Pinned input/output dependency (contract_source_pin),locked report build and/or validate source inventory,7d7e7370e7b8edc1c324215b81c5c8de8e79ddaded1edf17a9a50600846e0d29,1296789,review-branch publication requested by author 2026-10-02; no new license grant; complete external source archives excluded,Git on benchmark-review; no Git LFS; not a tagged final release
artifacts/benchmark_v3/real_qpu/unified_graph_v3_large_oof_20260930/predictions.csv,include,Pinned input/output dependency (contract_source_pin),locked report build and/or validate source inventory,3c179ae464fc25167ae0f1aca028cf5ff1117409dce9d15f6945e4f621420d2c,1200156,review-branch publication requested by author 2026-10-02; no new license grant; complete external source archives excluded,Git on benchmark-review; no Git LFS; not a tagged final release
artifacts/benchmark_v3/real_qpu/unified_learned_derived_comparisons_v1/REPORT.md,include,Pinned input/output dependency (contract_source_pin),locked report build and/or validate source inventory,ff2f92c3cf85106b18cb984f654237dec77a86fd477f9ef1c0cb3c59c2bbc67b,1221,review-branch publication requested by author 2026-10-02; no new license grant; complete external source archives excluded,Git on benchmark-review; no Git LFS; not a tagged final release
artifacts/benchmark_v3/real_qpu/unified_learned_derived_comparisons_v1/bootstrap.csv,include,Pinned input/output dependency (contract_source_pin),locked report build and/or validate source inventory,4610c76e4bc90adce98b3daebc66c6aba37c9b6508c58688a8c66a2d797df104,991,review-branch publication requested by author 2026-10-02; no new license grant; complete external source archives excluded,Git on benchmark-review; no Git LFS; not a tagged final release
artifacts/benchmark_v3/real_qpu/unified_learned_derived_comparisons_v1/coverage.csv,include,Pinned input/output dependency (contract_source_pin),locked report build and/or validate source inventory,90751ffe807c4be9f80443d3e0bd6d71718dddcfc96e3b54f2fa0971594e91df,583,review-branch publication requested by author 2026-10-02; no new license grant; complete external source archives excluded,Git on benchmark-review; no Git LFS; not a tagged final release
artifacts/benchmark_v3/real_qpu/unified_learned_derived_comparisons_v1/manifest.json,include,Pinned input/output dependency (contract_source_pin),locked report build and/or validate source inventory,60d18c8cc5fe8f3e31a2ae04fd1d88e76bb581ad337d6003bc52a51f7e2eee13,7171,review-branch publication requested by author 2026-10-02; no new license grant; complete external source archives excluded,Git on benchmark-review; no Git LFS; not a tagged final release
artifacts/benchmark_v3/real_qpu/unified_learned_derived_comparisons_v1/own_success_metrics.csv,include,Pinned input/output dependency (contract_source_pin),locked report build and/or validate source inventory,53afc0d7e1bb264eb413d12e17b651b7a4d1ab712e43a940d541a31aef5fc6e6,4969,review-branch publication requested by author 2026-10-02; no new license grant; complete external source archives excluded,Git on benchmark-review; no Git LFS; not a tagged final release
artifacts/benchmark_v3/real_qpu/unified_learned_derived_comparisons_v1/pair_metrics.csv,include,Pinned input/output dependency (contract_source_pin),locked report build and/or validate source inventory,21e75390b4d9598189e95f4996f0eb19c60c76812f1a1a02baa37120ca7b4624,2125,review-branch publication requested by author 2026-10-02; no new license grant; complete external source archives excluded,Git on benchmark-review; no Git LFS; not a tagged final release
artifacts/benchmark_v3/real_qpu/unified_learned_derived_comparisons_v1/paired_deltas.csv,include,Pinned input/output dependency (contract_source_pin),locked report build and/or validate source inventory,1e064eeb1b13071da509395a0b607a54d0306b5acfbc8981a237a4e1c9a94172,6381435,review-branch publication requested by author 2026-10-02; no new license grant; complete external source archives excluded,Git on benchmark-review; no Git LFS; not a tagged final release
artifacts/benchmark_v3/real_qpu/unified_learned_derived_comparisons_v1/report.json,include,Pinned input/output dependency (contract_source_pin),locked report build and/or validate source inventory,61dca595209f7c916d511160bd159c045265803fc41dfffcaa06e2d0ee6c5f43,3042,review-branch publication requested by author 2026-10-02; no new license grant; complete external source archives excluded,Git on benchmark-review; no Git LFS; not a tagged final release
artifacts/benchmark_v3/real_qpu/unified_learned_derived_comparisons_v1/source_hashes.json,include,Pinned input/output dependency (contract_source_pin),locked report build and/or validate source inventory,707388183eff9b172fe3dfac6fff04e0ec3e69bc476d0515248731dc26869b05,3127,review-branch publication requested by author 2026-10-02; no new license grant; complete external source archives excluded,Git on benchmark-review; no Git LFS; not a tagged final release
artifacts/benchmark_v3/real_qpu/unified_learned_derived_comparisons_v1/source_stratified.csv,include,Pinned input/output dependency (contract_source_pin),locked report build and/or validate source inventory,1dc76f3b2ac0b670ba8116fa25304c5a115eee6b52f36ac6cc049f35b20fe0c5,5645,review-branch publication requested by author 2026-10-02; no new license grant; complete external source archives excluded,Git on benchmark-review; no Git LFS; not a tagged final release
artifacts/benchmark_v3/real_qpu/unified_learned_derived_comparisons_v1/tail_diagnostics.csv,include,Pinned input/output dependency (contract_source_pin),locked report build and/or validate source inventory,734ae9346834c6a76ffcc5ce41b33811cd47ee83e76ceed8445ccc308e6a421e,1021,review-branch publication requested by author 2026-10-02; no new license grant; complete external source archives excluded,Git on benchmark-review; no Git LFS; not a tagged final release
artifacts/benchmark_v3/real_qpu/unified_learned_derived_comparisons_v1/unavailable.csv,include,Pinned input/output dependency (contract_source_pin),locked report build and/or validate source inventory,a5478dc172de33797197e42e06df6fe99d88d078f270e9c1cc3c4c6f5c5d9090,1293,review-branch publication requested by author 2026-10-02; no new license grant; complete external source archives excluded,Git on benchmark-review; no Git LFS; not a tagged final release
artifacts/benchmark_v3/real_qpu/unified_learned_methods_oof_v4r2/method_attempts.csv,include,Pinned input/output dependency (contract_source_pin),locked report build and/or validate source inventory,0e097c6b6e5998bab7ee629764afd0388566850c8e71cb59c57432a3213bb108,5001584,review-branch publication requested by author 2026-10-02; no new license grant; complete external source archives excluded,Git on benchmark-review; no Git LFS; not a tagged final release
artifacts/benchmark_v3/real_qpu/unified_learned_methods_oof_v4r2/report.json,include,Pinned input/output dependency (contract_source_pin),locked report build and/or validate source inventory,44379c070d25de588e39b5e5bd78e0ab77a9dc2ba64107aabe542b409c342c22,26528,review-branch publication requested by author 2026-10-02; no new license grant; complete external source archives excluded,Git on benchmark-review; no Git LFS; not a tagged final release
artifacts/benchmark_v3/real_qpu/unified_method_comparisons_v2/attempts.csv,materialize,Original frozen file retained byte-for-byte after joining tracked row parts,locked report build and/or validate source inventory,4c0d684ea7b1571325fe42c93d630e5897b7b4dbb34a8d3df8fb1c652a8aa5ab,166737757,review-branch publication requested by author 2026-10-02; no new license grant; complete external source archives excluded,python3 scripts/materialize_csv_parts.py; original is ignored and not tracked
artifacts/benchmark_v3/real_qpu/unified_method_comparisons_v2/manifest.json,include,Pinned input/output dependency (contract_source_pin),locked report build and/or validate source inventory,91449edbe653017b9dd54f79d465ec136f3495c9306fa42a49c3a64e9d8d4d83,2931,review-branch publication requested by author 2026-10-02; no new license grant; complete external source archives excluded,Git on benchmark-review; no Git LFS; not a tagged final release
artifacts/benchmark_v3/real_qpu/unified_method_comparisons_v2/method_metrics.csv,include,Pinned input/output dependency (contract_source_pin),locked report build and/or validate source inventory,ee408a85b5fef378103a2ada6709c791f9e66a8db192e15445bdd6e9803aa915,19559,review-branch publication requested by author 2026-10-02; no new license grant; complete external source archives excluded,Git on benchmark-review; no Git LFS; not a tagged final release
artifacts/benchmark_v3/real_qpu/unified_method_comparisons_v2/pairwise_comparisons.csv,include,Pinned input/output dependency (contract_source_pin),locked report build and/or validate source inventory,46feff9632a48b7c852a938c0e5a153209d700e0574a5d8cd685c609ab5b1313,121064,review-branch publication requested by author 2026-10-02; no new license grant; complete external source archives excluded,Git on benchmark-review; no Git LFS; not a tagged final release
artifacts/benchmark_v3/real_qpu/unified_method_comparisons_v2/source_metrics.csv,include,Pinned input/output dependency (contract_source_pin),locked report build and/or validate source inventory,b2f2e992325cebb70f5340780872cd36300643d07f57a3fb3b443ae128fe9369,75956,review-branch publication requested by author 2026-10-02; no new license grant; complete external source archives excluded,Git on benchmark-review; no Git LFS; not a tagged final release
artifacts/benchmark_v3/s70_qonductor_unified_fold1_v2_20260929/predictions.csv,include,Pinned input/output dependency (contract_source_pin),locked report build and/or validate source inventory,ea606c4187b6878bc16bbe55baedf06964cd224e889c5abefb9129d5cce5e9d5,243214,review-branch publication requested by author 2026-10-02; no new license grant; complete external source archives excluded,Git on benchmark-review; no Git LFS; not a tagged final release
artifacts/benchmark_v3/s70_qonductor_unified_fold2_v2_20260929/predictions.csv,include,Pinned input/output dependency (contract_source_pin),locked report build and/or validate source inventory,902e947acfa5ddb55d5bd2d0329a4fe826d625f85914a677906c0a9bb4ccc905,177130,review-branch publication requested by author 2026-10-02; no new license grant; complete external source archives excluded,Git on benchmark-review; no Git LFS; not a tagged final release
artifacts/benchmark_v3/s70_qonductor_unified_fold3_v2_20260929/predictions.csv,include,Pinned input/output dependency (contract_source_pin),locked report build and/or validate source inventory,8cd65ce8ccd8bebb500c0b70bfb3b3ffa157e766a77de0502dcb2b99ec36b69f,167687,review-branch publication requested by author 2026-10-02; no new license grant; complete external source archives excluded,Git on benchmark-review; no Git LFS; not a tagged final release
artifacts/benchmark_v3/s70_qonductor_unified_fold4_v2_20260929/predictions.csv,include,Pinned input/output dependency (contract_source_pin),locked report build and/or validate source inventory,064c45b4a2ed3219df27f5dd8ff054f6396e347895c5c78a35d71b2ea3e77daa,196234,review-branch publication requested by author 2026-10-02; no new license grant; complete external source archives excluded,Git on benchmark-review; no Git LFS; not a tagged final release
artifacts/benchmark_v3/s70_qonductor_unified_poly_fold0_20260929/predictions.csv,include,Pinned input/output dependency (contract_source_pin),locked report build and/or validate source inventory,7710b1582b727debab372815e0df983491dc74d48a488d647eea023a9c88132a,196938,review-branch publication requested by author 2026-10-02; no new license grant; complete external source archives excluded,Git on benchmark-review; no Git LFS; not a tagged final release
artifacts/benchmark_v3/s71_graph_fold0_full_v2_20260929/predictions.csv,include,Pinned input/output dependency (contract_source_pin),locked report build and/or validate source inventory,cb719f1080a335d765b004574063a6e255fe1922fc2fdf4155a3f79e76b953d0,282790,review-branch publication requested by author 2026-10-02; no new license grant; complete external source archives excluded,Git on benchmark-review; no Git LFS; not a tagged final release
artifacts/benchmark_v3/s71_graph_fold1_full_v3_20260930/predictions.csv,include,Pinned input/output dependency (contract_source_pin),locked report build and/or validate source inventory,a1d7d4393dcbce3a67eea22b889e0f7a0586b4bcbfa4704b23420cdf85083938,349100,review-branch publication requested by author 2026-10-02; no new license grant; complete external source archives excluded,Git on benchmark-review; no Git LFS; not a tagged final release
artifacts/benchmark_v3/s71_graph_fold2_full_v3_20260930/predictions.csv,include,Pinned input/output dependency (contract_source_pin),locked report build and/or validate source inventory,c33f3846ffc9962dd257f24a7a165a955d904e6a5abb8a9870b7013081793a7f,252488,review-branch publication requested by author 2026-10-02; no new license grant; complete external source archives excluded,Git on benchmark-review; no Git LFS; not a tagged final release
artifacts/benchmark_v3/s71_graph_fold3_full_v3_20260930/predictions.csv,include,Pinned input/output dependency (contract_source_pin),locked report build and/or validate source inventory,0a23bdbab7dc934fb2c25950df13f963e2a76366ce6a30805362f2f3d17b970e,238761,review-branch publication requested by author 2026-10-02; no new license grant; complete external source archives excluded,Git on benchmark-review; no Git LFS; not a tagged final release
artifacts/benchmark_v3/s71_graph_fold4_full_v3_20260930/predictions.csv,include,Pinned input/output dependency (contract_source_pin),locked report build and/or validate source inventory,1757d7b92e7d05d1bcfedd33796af1f8a0bc58965eec725bea94db49f2378311,280987,review-branch publication requested by author 2026-10-02; no new license grant; complete external source archives excluded,Git on benchmark-review; no Git LFS; not a tagged final release
artifacts/benchmark_v3/simulator/maestro_candidate_runtime_resume/calibration/acceptance.json,include,Pinned input/output dependency (contract_source_pin),locked report build and/or validate source inventory,90bbc6b6f819d316e7fd4b40c77668856337de31d05a7d97eb4c4d8371019b44,139687,review-branch publication requested by author 2026-10-02; no new license grant; complete external source archives excluded,Git on benchmark-review; no Git LFS; not a tagged final release
artifacts/benchmark_v3/simulator/maestro_candidate_runtime_resume/calibration/checkpoint.jsonl,include,Pinned input/output dependency (contract_source_pin),locked report build and/or validate source inventory,6b76633bf31081cd04ee07959188c5653700d88babe7a1ae6b18e2b039627f21,18879471,review-branch publication requested by author 2026-10-02; no new license grant; complete external source archives excluded,Git on benchmark-review; no Git LFS; not a tagged final release
artifacts/benchmark_v3/simulator/maestro_candidate_runtime_resume/calibration/fitted_calibration.json,include,Pinned input/output dependency (contract_source_pin),locked report build and/or validate source inventory,e9d70ca3ea7218adf407e13eb2631bbe6b1e6fd486339c73c373fa3c11b95765,787203,review-branch publication requested by author 2026-10-02; no new license grant; complete external source archives excluded,Git on benchmark-review; no Git LFS; not a tagged final release
artifacts/benchmark_v3/simulator/maestro_candidate_runtime_resume/calibration/preflight_manifest.json,include,Pinned input/output dependency (contract_source_pin),locked report build and/or validate source inventory,f8a797d24d4fa4ff4e05ca6089c7470ded9528f6c7f9ea773fa749c57588d243,526970,review-branch publication requested by author 2026-10-02; no new license grant; complete external source archives excluded,Git on benchmark-review; no Git LFS; not a tagged final release
artifacts/benchmark_v3/simulator/maestro_candidate_runtime_resume/calibration/raw_records.csv,include,Pinned input/output dependency (contract_source_pin),locked report build and/or validate source inventory,9122f3b28047e52f33654eb7f83296255ff13b1f2ab285d44d1970cb27610709,321597,review-branch publication requested by author 2026-10-02; no new license grant; complete external source archives excluded,Git on benchmark-review; no Git LFS; not a tagged final release
artifacts/benchmark_v3/simulator/maestro_candidate_runtime_resume/calibration/run_manifest.json,include,Pinned input/output dependency (contract_source_pin),locked report build and/or validate source inventory,8989735f4291621b2ee18c04ae7c326dd029183661bb510d1f0acc74147d92c2,1347709,review-branch publication requested by author 2026-10-02; no new license grant; complete external source archives excluded,Git on benchmark-review; no Git LFS; not a tagged final release
artifacts/benchmark_v3/simulator/maestro_candidate_runtime_v3/calibration/run_manifest.json,include,Pinned input/output dependency (contract_source_pin),locked report build and/or validate source inventory,9e60bb86d08c0db51f76d1b50cc03bde68f6b69d1a7aa0e5f34ec2089c9a30c6,1053,review-branch publication requested by author 2026-10-02; no new license grant; complete external source archives excluded,Git on benchmark-review; no Git LFS; not a tagged final release
artifacts/benchmark_v3/simulator/reader_tables_v1/REPORT.md,include,Pinned input/output dependency (contract_source_pin),locked report build and/or validate source inventory,aa8a2e48a8df434381d04eec6745ca5bf44ddff01f9d4003736f41e5c101a284,1462,review-branch publication requested by author 2026-10-02; no new license grant; complete external source archives excluded,Git on benchmark-review; no Git LFS; not a tagged final release
artifacts/benchmark_v3/simulator/reader_tables_v1/availability_matrix.csv,include,Pinned input/output dependency (contract_source_pin),locked report build and/or validate source inventory,cd8f2acb61ca189ba23041655fcae09f64996841e65597c35900c90fc94a9876,5108,review-branch publication requested by author 2026-10-02; no new license grant; complete external source archives excluded,Git on benchmark-review; no Git LFS; not a tagged final release
artifacts/benchmark_v3/simulator/reader_tables_v1/blocked_unavailable.csv,include,Pinned input/output dependency (contract_source_pin),locked report build and/or validate source inventory,62334ea8d403c18692fdb87873ccba157a5effb3080bf89136ea89639c31996f,3376,review-branch publication requested by author 2026-10-02; no new license grant; complete external source archives excluded,Git on benchmark-review; no Git LFS; not a tagged final release
artifacts/benchmark_v3/simulator/reader_tables_v1/common_exact_qasm_panel.csv,include,Pinned input/output dependency (contract_source_pin),locked report build and/or validate source inventory,76a12307c91a173fe31fac1e4bae637085ce031dcf9e19ad9740e0316230b82f,77125,review-branch publication requested by author 2026-10-02; no new license grant; complete external source archives excluded,Git on benchmark-review; no Git LFS; not a tagged final release
artifacts/benchmark_v3/simulator/reader_tables_v1/manifest.json,include,Pinned input/output dependency (contract_source_pin),locked report build and/or validate source inventory,50d2dc1922a8a479b0f50b90b6920c61c91aa0668487af451864195f4af2d7f2,1503,review-branch publication requested by author 2026-10-02; no new license grant; complete external source archives excluded,Git on benchmark-review; no Git LFS; not a tagged final release
artifacts/benchmark_v3/simulator/reader_tables_v1/native_method_appendix.csv,include,Pinned input/output dependency (contract_source_pin),locked report build and/or validate source inventory,4eb8dca6ccf62e942d96ec64ee41fa5e5ebb835736101b62c324baf9dbb54490,2875,review-branch publication requested by author 2026-10-02; no new license grant; complete external source archives excluded,Git on benchmark-review; no Git LFS; not a tagged final release
artifacts/benchmark_v3/simulator/reader_tables_v1/per_configuration_metrics.csv,include,Pinned input/output dependency (contract_source_pin),locked report build and/or validate source inventory,01a170ab6def228fb5b2d0b8a1825e383da8e33faa496f03289162713e4233a6,12161,review-branch publication requested by author 2026-10-02; no new license grant; complete external source archives excluded,Git on benchmark-review; no Git LFS; not a tagged final release
artifacts/benchmark_v3/simulator/reader_tables_v1/source_hashes.json,include,Pinned input/output dependency (contract_source_pin),locked report build and/or validate source inventory,bebfe67495f2f505d69b162d7fc0a74cd0bddd442c4261c4d381cd6254048464,3377,review-branch publication requested by author 2026-10-02; no new license grant; complete external source archives excluded,Git on benchmark-review; no Git LFS; not a tagged final release
artifacts/benchmark_v3/simulator/simulator_reader_pack_v1/HOW_TO_READ.md,include,Pinned input/output dependency (contract_source_pin),locked report build and/or validate source inventory,cf5078d94168ca864796ec562191b6cd68c88567b2ddec354b0abd57ad29bcc5,1858,review-branch publication requested by author 2026-10-02; no new license grant; complete external source archives excluded,Git on benchmark-review; no Git LFS; not a tagged final release
artifacts/benchmark_v3/simulator/simulator_reader_pack_v1/README.md,include,Pinned input/output dependency (contract_source_pin),locked report build and/or validate source inventory,5a11333fa6e372fa6a0dd3f7132090bb3d131a8583fb7b0d3c3dd478b09e78cd,514,review-branch publication requested by author 2026-10-02; no new license grant; complete external source archives excluded,Git on benchmark-review; no Git LFS; not a tagged final release
artifacts/benchmark_v3/simulator/simulator_reader_pack_v1/REPORT.md,include,Pinned input/output dependency (contract_source_pin),locked report build and/or validate source inventory,4a81663b74d0f5bc1d64d263cccd62945be47e2dfba23e5b38a5bb73ef6524e5,926,review-branch publication requested by author 2026-10-02; no new license grant; complete external source archives excluded,Git on benchmark-review; no Git LFS; not a tagged final release
artifacts/benchmark_v3/simulator/simulator_reader_pack_v1/availability_matrix.csv,include,Pinned input/output dependency (contract_source_pin),locked report build and/or validate source inventory,f3b48ecc2967d5bf8d2ce3b0368dc5e1c8523ceda5626070cde3979df1880458,6295,review-branch publication requested by author 2026-10-02; no new license grant; complete external source archives excluded,Git on benchmark-review; no Git LFS; not a tagged final release
artifacts/benchmark_v3/simulator/simulator_reader_pack_v1/blocked_unavailable.csv,include,Pinned input/output dependency (contract_source_pin),locked report build and/or validate source inventory,962b79a8eb9ca25f6aba025d4d6e2dfe528c0f606a6fa132f470d002a81e4813,3603,review-branch publication requested by author 2026-10-02; no new license grant; complete external source archives excluded,Git on benchmark-review; no Git LFS; not a tagged final release
artifacts/benchmark_v3/simulator/simulator_reader_pack_v1/common_exact_qasm_panel.csv,include,Pinned input/output dependency (contract_source_pin),locked report build and/or validate source inventory,76a12307c91a173fe31fac1e4bae637085ce031dcf9e19ad9740e0316230b82f,77125,review-branch publication requested by author 2026-10-02; no new license grant; complete external source archives excluded,Git on benchmark-review; no Git LFS; not a tagged final release
artifacts/benchmark_v3/simulator/simulator_reader_pack_v1/manifest.json,include,Pinned input/output dependency (contract_source_pin),locked report build and/or validate source inventory,07b59ac1dc7ffa16e37ae4f638f93c4331df8318a0d2277e9ba7649db4e54d91,2776,review-branch publication requested by author 2026-10-02; no new license grant; complete external source archives excluded,Git on benchmark-review; no Git LFS; not a tagged final release
artifacts/benchmark_v3/simulator/simulator_reader_pack_v1/native_method_appendix.csv,include,Pinned input/output dependency (contract_source_pin),locked report build and/or validate source inventory,91f6c7801411dd5208135093f1ecf9bf083cf27434d75c7eb4196ea3312e312a,3656,review-branch publication requested by author 2026-10-02; no new license grant; complete external source archives excluded,Git on benchmark-review; no Git LFS; not a tagged final release
artifacts/benchmark_v3/simulator/simulator_reader_pack_v1/per_configuration_metrics.csv,include,Pinned input/output dependency (contract_source_pin),locked report build and/or validate source inventory,f8628e32fb0a0cecc8f06eb76a77b9e14e25b4ba8c288b2e72b8227d117d757a,12709,review-branch publication requested by author 2026-10-02; no new license grant; complete external source archives excluded,Git on benchmark-review; no Git LFS; not a tagged final release
artifacts/benchmark_v3/simulator/simulator_reader_pack_v1/source_hashes.json,include,Pinned input/output dependency (contract_source_pin),locked report build and/or validate source inventory,9e592a96ca4339444bcdb8c1281e7535ea1dfab551c6fb3741edfecad11445a2,4785,review-branch publication requested by author 2026-10-02; no new license grant; complete external source archives excluded,Git on benchmark-review; no Git LFS; not a tagged final release
artifacts/cdaa_qcre/REPLICATION_REPORT.md,include,Inherited from baseline Git revision 39991eb; retained historical capsule/support file,Baseline repository contents; not all historical experiments are part of the current scorecard replay,694d82ea069265420e71c497d35c8e5e82fca3757be3e88f9af27a45d9a145fa,11767,review-branch publication requested by author 2026-10-02; no new license grant; complete external source archives excluded,Git on benchmark-review; no Git LFS; not a tagged final release
artifacts/cdaa_qcre/independent_all_metrics.csv,include,Inherited from baseline Git revision 39991eb; retained historical capsule/support file,Baseline repository contents; not all historical experiments are part of the current scorecard replay,5aba19b05764d66932c5b8c81c1cb9b1387ee23a768979601218125ad1c314e4,24844,review-branch publication requested by author 2026-10-02; no new license grant; complete external source archives excluded,Git on benchmark-review; no Git LFS; not a tagged final release
artifacts/cdaa_qcre/independent_native_metrics.csv,include,Inherited from baseline Git revision 39991eb; retained historical capsule/support file,Baseline repository contents; not all historical experiments are part of the current scorecard replay,595b1d5a80bafc6eee3c7d89c36c4a5723f7cc284c9757d122a0d6cbb5697c4a,13927,review-branch publication requested by author 2026-10-02; no new license grant; complete external source archives excluded,Git on benchmark-review; no Git LFS; not a tagged final release
artifacts/cudaq_runtime/cudaq_matrix_20260921/REPORT.md,include,Inherited from baseline Git revision 39991eb; retained historical capsule/support file,Baseline repository contents; not all historical experiments are part of the current scorecard replay,adb268edb6ad1c9aaeb122a499394cabc5dc79897a106a12a5c81f0f9d71cd06,4841,review-branch publication requested by author 2026-10-02; no new license grant; complete external source archives excluded,Git on benchmark-review; no Git LFS; not a tagged final release
artifacts/cudaq_runtime/cudaq_matrix_20260921/cpu_matrix.csv,include,Inherited from baseline Git revision 39991eb; retained historical capsule/support file,Baseline repository contents; not all historical experiments are part of the current scorecard replay,30a464bb8e4a18e50d305e6723784a1c8fced827fadd78626b9bf5f1c40a7a23,3638,review-branch publication requested by author 2026-10-02; no new license grant; complete external source archives excluded,Git on benchmark-review; no Git LFS; not a tagged final release
artifacts/cudaq_runtime/cudaq_matrix_20260921/cpu_matrix.environment.json,include,Inherited from baseline Git revision 39991eb; retained historical capsule/support file,Baseline repository contents; not all historical experiments are part of the current scorecard replay,b743b136eabb504a6a7e27fc7684cfa222528bcaf6eb900f7c54ab9df8a05f34,1204,review-branch publication requested by author 2026-10-02; no new license grant; complete external source archives excluded,Git on benchmark-review; no Git LFS; not a tagged final release
artifacts/cudaq_runtime/cudaq_matrix_20260921/cudaq_matrix.csv,include,Inherited from baseline Git revision 39991eb; retained historical capsule/support file,Baseline repository contents; not all historical experiments are part of the current scorecard replay,7f7a66fd2eb5381bbbc14bdc5aa0ad11a84ddefe883c87f20d0d60d8bc233ea5,13056,review-branch publication requested by author 2026-10-02; no new license grant; complete external source archives excluded,Git on benchmark-review; no Git LFS; not a tagged final release
artifacts/cudaq_runtime/cudaq_matrix_20260921/cudaq_matrix.environment.json,include,Inherited from baseline Git revision 39991eb; retained historical capsule/support file,Baseline repository contents; not all historical experiments are part of the current scorecard replay,585123f218e8e1341000c5ab1592dd8260293ed78ae300e75ba535ccb847c6bb,1119,review-branch publication requested by author 2026-10-02; no new license grant; complete external source archives excluded,Git on benchmark-review; no Git LFS; not a tagged final release
artifacts/cudaq_runtime/cudaq_matrix_20260921/evaluation/evaluation_first_sample_s.json,include,Inherited from baseline Git revision 39991eb; retained historical capsule/support file,Baseline repository contents; not all historical experiments are part of the current scorecard replay,cc8a42bbe2b871bbd002b971c34569995c7862dd15b0b95fa737d7e9f1bd1ac9,576,review-branch publication requested by author 2026-10-02; no new license grant; complete external source archives excluded,Git on benchmark-review; no Git LFS; not a tagged final release
artifacts/cudaq_runtime/cudaq_matrix_20260921/evaluation/evaluation_warm_sample_median_s.json,include,Inherited from baseline Git revision 39991eb; retained historical capsule/support file,Baseline repository contents; not all historical experiments are part of the current scorecard replay,36e61e3c0b13177da47391599988bdfbd25616cf84e32c056fede95d7cce1fb5,582,review-branch publication requested by author 2026-10-02; no new license grant; complete external source archives excluded,Git on benchmark-review; no Git LFS; not a tagged final release
artifacts/cudaq_runtime/cudaq_matrix_20260921/evaluation/metrics_first_sample_s.csv,include,Inherited from baseline Git revision 39991eb; retained historical capsule/support file,Baseline repository contents; not all historical experiments are part of the current scorecard replay,757165b9636d2490278ebe25d5485e8519657a86566dd5f3e81347d8baf4f90a,17863,review-branch publication requested by author 2026-10-02; no new license grant; complete external source archives excluded,Git on benchmark-review; no Git LFS; not a tagged final release
artifacts/cudaq_runtime/cudaq_matrix_20260921/evaluation/metrics_warm_sample_median_s.csv,include,Inherited from baseline Git revision 39991eb; retained historical capsule/support file,Baseline repository contents; not all historical experiments are part of the current scorecard replay,fbdd8748a222a99d7869363503e1035a2c1d2dddb3733877a4eb8cb44b49b97e,17888,review-branch publication requested by author 2026-10-02; no new license grant; complete external source archives excluded,Git on benchmark-review; no Git LFS; not a tagged final release
artifacts/cudaq_runtime/cudaq_matrix_20260921/evaluation/summary_first_sample_s.csv,include,Inherited from baseline Git revision 39991eb; retained historical capsule/support file,Baseline repository contents; not all historical experiments are part of the current scorecard replay,ecb2c16b7bef97644e494bb12488128f6e7a34237a32af45050465bee82759b6,4141,review-branch publication requested by author 2026-10-02; no new license grant; complete external source archives excluded,Git on benchmark-review; no Git LFS; not a tagged final release
artifacts/cudaq_runtime/cudaq_matrix_20260921/evaluation/summary_warm_sample_median_s.csv,include,Inherited from baseline Git revision 39991eb; retained historical capsule/support file,Baseline repository contents; not all historical experiments are part of the current scorecard replay,4d8dcb9f9721ded10b9882470fbe41da5fe526eb27da3caa16a89578d1577db3,4143,review-branch publication requested by author 2026-10-02; no new license grant; complete external source archives excluded,Git on benchmark-review; no Git LFS; not a tagged final release
artifacts/cudaq_runtime/cudaq_matrix_20260921/gpu_matrix.csv,include,Inherited from baseline Git revision 39991eb; retained historical capsule/support file,Baseline repository contents; not all historical experiments are part of the current scorecard replay,38a350004321e2a95663f47dd1bdae33c3c0cf0d54616563888c62715a0b8285,9679,review-branch publication requested by author 2026-10-02; no new license grant; complete external source archives excluded,Git on benchmark-review; no Git LFS; not a tagged final release
artifacts/cudaq_runtime/cudaq_matrix_20260921/gpu_matrix.environment.json,include,Inherited from baseline Git revision 39991eb; retained historical capsule/support file,Baseline repository contents; not all historical experiments are part of the current scorecard replay,1f3dcdb33f5f7337712ed3aa6255d0d25a7cc46b857e4bffe473abd17fb15568,1229,review-branch publication requested by author 2026-10-02; no new license grant; complete external source archives excluded,Git on benchmark-review; no Git LFS; not a tagged final release
artifacts/cudaq_runtime/cudaq_mps_20260921/REPORT.md,include,Inherited from baseline Git revision 39991eb; retained historical capsule/support file,Baseline repository contents; not all historical experiments are part of the current scorecard replay,f3f76213e947de88b4218fea894f0896b2b57e0f21626de0bdbdd6b8856476e5,4694,review-branch publication requested by author 2026-10-02; no new license grant; complete external source archives excluded,Git on benchmark-review; no Git LFS; not a tagged final release
artifacts/cudaq_runtime/cudaq_mps_20260921/evaluation/mps_runtime_evaluation.json,include,Inherited from baseline Git revision 39991eb; retained historical capsule/support file,Baseline repository contents; not all historical experiments are part of the current scorecard replay,a70c845063af2f939349b6f67f43a9666057a6f63e43606cff3cb5a0e76439d1,669,review-branch publication requested by author 2026-10-02; no new license grant; complete external source archives excluded,Git on benchmark-review; no Git LFS; not a tagged final release
artifacts/cudaq_runtime/cudaq_mps_20260921/evaluation/mps_runtime_metrics.csv,include,Inherited from baseline Git revision 39991eb; retained historical capsule/support file,Baseline repository contents; not all historical experiments are part of the current scorecard replay,9ea1b0f97c8f591e327b649a23afd570955716f04c02164f59f48a742bc3e128,16468,review-branch publication requested by author 2026-10-02; no new license grant; complete external source archives excluded,Git on benchmark-review; no Git LFS; not a tagged final release
artifacts/cudaq_runtime/cudaq_mps_20260921/evaluation/mps_runtime_summary.csv,include,Inherited from baseline Git revision 39991eb; retained historical capsule/support file,Baseline repository contents; not all historical experiments are part of the current scorecard replay,75559edef87b7a539a6e68e369a5b399743b87c845c776a0a6a91e8f723d2079,4021,review-branch publication requested by author 2026-10-02; no new license grant; complete external source archives excluded,Git on benchmark-review; no Git LFS; not a tagged final release
artifacts/cudaq_runtime/cudaq_mps_20260921/mps_cap16.csv,include,Inherited from baseline Git revision 39991eb; retained historical capsule/support file,Baseline repository contents; not all historical experiments are part of the current scorecard replay,1c94add40c71000de37ec5c513067c938f1d2cd95386149aa6bfffbf01adf959,4884,review-branch publication requested by author 2026-10-02; no new license grant; complete external source archives excluded,Git on benchmark-review; no Git LFS; not a tagged final release
artifacts/cudaq_runtime/cudaq_mps_20260921/mps_cap16.environment.json,include,Inherited from baseline Git revision 39991eb; retained historical capsule/support file,Baseline repository contents; not all historical experiments are part of the current scorecard replay,232dc6ae4f91afe9760b09a86fee09cc3924d69e9893e9fe33425ca11d5461a2,1250,review-branch publication requested by author 2026-10-02; no new license grant; complete external source archives excluded,Git on benchmark-review; no Git LFS; not a tagged final release
artifacts/cudaq_runtime/cudaq_mps_20260921/mps_cap2.csv,include,Inherited from baseline Git revision 39991eb; retained historical capsule/support file,Baseline repository contents; not all historical experiments are part of the current scorecard replay,fc94c20e9c865cce036f185c30886349b279eb6175f372c5ffb4b3d0df252bee,4874,review-branch publication requested by author 2026-10-02; no new license grant; complete external source archives excluded,Git on benchmark-review; no Git LFS; not a tagged final release
artifacts/cudaq_runtime/cudaq_mps_20260921/mps_cap2.environment.json,include,Inherited from baseline Git revision 39991eb; retained historical capsule/support file,Baseline repository contents; not all historical experiments are part of the current scorecard replay,c51aff2f876f8a42fa295ea5977ea240573b571692bd54fb143a35b366f327d5,1248,review-branch publication requested by author 2026-10-02; no new license grant; complete external source archives excluded,Git on benchmark-review; no Git LFS; not a tagged final release
artifacts/cudaq_runtime/cudaq_mps_20260921/mps_cap4.csv,include,Inherited from baseline Git revision 39991eb; retained historical capsule/support file,Baseline repository contents; not all historical experiments are part of the current scorecard replay,7ab7f76cb8c262c8f64671d94df788958d2fe17598aeec53e61f7b3655397f9a,4877,review-branch publication requested by author 2026-10-02; no new license grant; complete external source archives excluded,Git on benchmark-review; no Git LFS; not a tagged final release
artifacts/cudaq_runtime/cudaq_mps_20260921/mps_cap4.environment.json,include,Inherited from baseline Git revision 39991eb; retained historical capsule/support file,Baseline repository contents; not all historical experiments are part of the current scorecard replay,c525e755340d17c4e150b628b7ed5fe71a507e76aae4f160d725441d696b121e,1248,review-branch publication requested by author 2026-10-02; no new license grant; complete external source archives excluded,Git on benchmark-review; no Git LFS; not a tagged final release
artifacts/cudaq_runtime/cudaq_mps_20260921/mps_cap8.csv,include,Inherited from baseline Git revision 39991eb; retained historical capsule/support file,Baseline repository contents; not all historical experiments are part of the current scorecard replay,f0d2db0790ca8ea0fdae0eac7ba905d3efd1077fc6f4d4b22f1b86b59677890f,4865,review-branch publication requested by author 2026-10-02; no new license grant; complete external source archives excluded,Git on benchmark-review; no Git LFS; not a tagged final release
artifacts/cudaq_runtime/cudaq_mps_20260921/mps_cap8.environment.json,include,Inherited from baseline Git revision 39991eb; retained historical capsule/support file,Baseline repository contents; not all historical experiments are part of the current scorecard replay,3b0231175d4e164954d3883fb47831785adb9d21319a4307573f4800bc9024a1,1248,review-branch publication requested by author 2026-10-02; no new license grant; complete external source archives excluded,Git on benchmark-review; no Git LFS; not a tagged final release
artifacts/cudaq_runtime/cudaq_mps_20260921/mps_matrix.csv,include,Inherited from baseline Git revision 39991eb; retained historical capsule/support file,Baseline repository contents; not all historical experiments are part of the current scorecard replay,d6bb62014fd9e2979c25eb57c81ba4dba43b000a62e01c94e777c14b16a84fb7,18249,review-branch publication requested by author 2026-10-02; no new license grant; complete external source archives excluded,Git on benchmark-review; no Git LFS; not a tagged final release
artifacts/cudaq_runtime/cudaq_mps_20260921/mps_matrix.environment.json,include,Inherited from baseline Git revision 39991eb; retained historical capsule/support file,Baseline repository contents; not all historical experiments are part of the current scorecard replay,d8d0d9b281070107086488b0a048c27a1e0f43ed56b4dbf4186d1fe0fad3735e,1138,review-branch publication requested by author 2026-10-02; no new license grant; complete external source archives excluded,Git on benchmark-review; no Git LFS; not a tagged final release
artifacts/cutensornet/CUTENSORNET_RUNTIME_ESTIMATOR_INITIAL_RESULTS.md,include,Inherited from baseline Git revision 39991eb; retained historical capsule/support file,Baseline repository contents; not all historical experiments are part of the current scorecard replay,57a9883e1bf6ecee6b37d149edf4ef816a1d1ee6b8e95c2a743d98019732fc61,4479,review-branch publication requested by author 2026-10-02; no new license grant; complete external source archives excluded,Git on benchmark-review; no Git LFS; not a tagged final release
artifacts/cutensornet/CUTENSORNET_TARGET_EVALUATION_V1.md,include,Inherited from baseline Git revision 39991eb; retained historical capsule/support file,Baseline repository contents; not all historical experiments are part of the current scorecard replay,5b3624322b0d309d715642883264cb8a8cdc488556f4c37d13895fe0b517c07a,2570,review-branch publication requested by author 2026-10-02; no new license grant; complete external source archives excluded,Git on benchmark-review; no Git LFS; not a tagged final release
artifacts/cutensornet/cutensornet_runtime_benchmark.csv,include,Inherited from baseline Git revision 39991eb; retained historical capsule/support file,Baseline repository contents; not all historical experiments are part of the current scorecard replay,eed485efa05a503dece1ee4c76df8d55cd766787e2303a2b1deb2f2e000d3054,12712,review-branch publication requested by author 2026-10-02; no new license grant; complete external source archives excluded,Git on benchmark-review; no Git LFS; not a tagged final release
artifacts/cutensornet/feasibility_frontier_v1/CUTENSORNET_B1_CALIBRATION_RESULTS.md,include,Inherited from baseline Git revision 39991eb; retained historical capsule/support file,Baseline repository contents; not all historical experiments are part of the current scorecard replay,34a2d4482b8001822029b25c4384655bccd0e326e74660371e960a3358329e73,4209,review-branch publication requested by author 2026-10-02; no new license grant; complete external source archives excluded,Git on benchmark-review; no Git LFS; not a tagged final release
artifacts/cutensornet/feasibility_frontier_v1/CUTENSORNET_TARGET_EVALUATION_V1.md,include,Inherited from baseline Git revision 39991eb; retained historical capsule/support file,Baseline repository contents; not all historical experiments are part of the current scorecard replay,1c2a8191b2a545edb23b7aec1215bd1faa8855bc482e4feb2b67cb9c55cde273,2548,review-branch publication requested by author 2026-10-02; no new license grant; complete external source archives excluded,Git on benchmark-review; no Git LFS; not a tagged final release
artifacts/cutensornet/feasibility_frontier_v1/cells/ghz__q16__x1/cutensornet_runtime_benchmark.csv,include,Inherited from baseline Git revision 39991eb; retained historical capsule/support file,Baseline repository contents; not all historical experiments are part of the current scorecard replay,286d4a2c5696430089e85db7bf393e8bcfd61c5cee4959e0373c052af15b00b9,1153,review-branch publication requested by author 2026-10-02; no new license grant; complete external source archives excluded,Git on benchmark-review; no Git LFS; not a tagged final release
artifacts/cutensornet/feasibility_frontier_v1/cells/ghz__q20__x1/cutensornet_runtime_benchmark.csv,include,Inherited from baseline Git revision 39991eb; retained historical capsule/support file,Baseline repository contents; not all historical experiments are part of the current scorecard replay,b2835f8eb7d5b913b8a3be2c03862af2884bdc1cfb58514c617cd3e468f89517,1155,review-branch publication requested by author 2026-10-02; no new license grant; complete external source archives excluded,Git on benchmark-review; no Git LFS; not a tagged final release
artifacts/cutensornet/feasibility_frontier_v1/cells/ghz__q24__x1/cutensornet_runtime_benchmark.csv,include,Inherited from baseline Git revision 39991eb; retained historical capsule/support file,Baseline repository contents; not all historical experiments are part of the current scorecard replay,25960e54b85216773c5d06b43245bad6023cfcb1d96f3b73724680589aeaaf8e,1154,review-branch publication requested by author 2026-10-02; no new license grant; complete external source archives excluded,Git on benchmark-review; no Git LFS; not a tagged final release
artifacts/cutensornet/feasibility_frontier_v1/cells/ghz__q28__x1/cutensornet_runtime_benchmark.csv,include,Inherited from baseline Git revision 39991eb; retained historical capsule/support file,Baseline repository contents; not all historical experiments are part of the current scorecard replay,053e238ead82944dbd7800b9dbad8763d0882cc8bb5ca7e81e6f95e55c6c43d3,1156,review-branch publication requested by author 2026-10-02; no new license grant; complete external source archives excluded,Git on benchmark-review; no Git LFS; not a tagged final release
artifacts/cutensornet/feasibility_frontier_v1/cells/ghz__q30__x1/cutensornet_runtime_benchmark.csv,include,Inherited from baseline Git revision 39991eb; retained historical capsule/support file,Baseline repository contents; not all historical experiments are part of the current scorecard replay,feba74b7b32915a36971fcb6c4974a99b3c3375e56fe81d3f22ed379c6bb9065,1154,review-branch publication requested by author 2026-10-02; no new license grant; complete external source archives excluded,Git on benchmark-review; no Git LFS; not a tagged final release
artifacts/cutensornet/feasibility_frontier_v1/cells/hea__q16__x0p5/cutensornet_runtime_benchmark.csv,include,Inherited from baseline Git revision 39991eb; retained historical capsule/support file,Baseline repository contents; not all historical experiments are part of the current scorecard replay,d590edf4f42f1a21889de20545e6f8e3183f67f275c8bc04fd8a5b6b7c8f6f14,1161,review-branch publication requested by author 2026-10-02; no new license grant; complete external source archives excluded,Git on benchmark-review; no Git LFS; not a tagged final release
artifacts/cutensornet/feasibility_frontier_v1/cells/hea__q16__x1/cutensornet_runtime_benchmark.csv,include,Inherited from baseline Git revision 39991eb; retained historical capsule/support file,Baseline repository contents; not all historical experiments are part of the current scorecard replay,688f4d90bf2fa559f8b4e89283a5438b7658dc7b1ce9c6b56bcfacaa9ea081d6,1163,review-branch publication requested by author 2026-10-02; no new license grant; complete external source archives excluded,Git on benchmark-review; no Git LFS; not a tagged final release
artifacts/cutensornet/feasibility_frontier_v1/cells/hea__q16__x2/cutensornet_runtime_benchmark.csv,include,Inherited from baseline Git revision 39991eb; retained historical capsule/support file,Baseline repository contents; not all historical experiments are part of the current scorecard replay,31674af6c78ac3067e8ee7c9617323702f79283c9b1c3aff9fe7c32fb1117db8,1161,review-branch publication requested by author 2026-10-02; no new license grant; complete external source archives excluded,Git on benchmark-review; no Git LFS; not a tagged final release
artifacts/cutensornet/feasibility_frontier_v1/cells/hea__q20__x0p5/cutensornet_runtime_benchmark.csv,include,Inherited from baseline Git revision 39991eb; retained historical capsule/support file,Baseline repository contents; not all historical experiments are part of the current scorecard replay,4a4009a2d507c9cf6e2ebd4735280d2beaa6996ea7c5d4e2c4b5b565953ec5de,1160,review-branch publication requested by author 2026-10-02; no new license grant; complete external source archives excluded,Git on benchmark-review; no Git LFS; not a tagged final release
artifacts/cutensornet/feasibility_frontier_v1/cells/hea__q20__x1/cutensornet_runtime_benchmark.csv,include,Inherited from baseline Git revision 39991eb; retained historical capsule/support file,Baseline repository contents; not all historical experiments are part of the current scorecard replay,8717b4f89673908e566112c2040823feca6ca5af9a6dd060aee76b186e29abbe,1161,review-branch publication requested by author 2026-10-02; no new license grant; complete external source archives excluded,Git on benchmark-review; no Git LFS; not a tagged final release
artifacts/cutensornet/feasibility_frontier_v1/cells/hea__q20__x2/cutensornet_runtime_benchmark.csv,include,Inherited from baseline Git revision 39991eb; retained historical capsule/support file,Baseline repository contents; not all historical experiments are part of the current scorecard replay,79d0c65be677156189505713ae13b99fa25d818b2dc21cfb90091f798be52cf9,1163,review-branch publication requested by author 2026-10-02; no new license grant; complete external source archives excluded,Git on benchmark-review; no Git LFS; not a tagged final release
artifacts/cutensornet/feasibility_frontier_v1/cells/hea__q24__x0p5/cutensornet_runtime_benchmark.csv,include,Inherited from baseline Git revision 39991eb; retained historical capsule/support file,Baseline repository contents; not all historical experiments are part of the current scorecard replay,db0d2bd7cf5656081be1d6223170c9cbe22eb13c717cc86205fc75176a60656b,1160,review-branch publication requested by author 2026-10-02; no new license grant; complete external source archives excluded,Git on benchmark-review; no Git LFS; not a tagged final release
artifacts/cutensornet/feasibility_frontier_v1/cells/hea__q24__x1/cutensornet_runtime_benchmark.csv,include,Inherited from baseline Git revision 39991eb; retained historical capsule/support file,Baseline repository contents; not all historical experiments are part of the current scorecard replay,398fbbf146f03def8ab96e4c8d53b203e82067d73a3daa884b22ec8ad9694495,1160,review-branch publication requested by author 2026-10-02; no new license grant; complete external source archives excluded,Git on benchmark-review; no Git LFS; not a tagged final release
artifacts/cutensornet/feasibility_frontier_v1/cells/hea__q24__x2/cutensornet_runtime_benchmark.csv,include,Inherited from baseline Git revision 39991eb; retained historical capsule/support file,Baseline repository contents; not all historical experiments are part of the current scorecard replay,c4707e41f12aa9ebeaac4c3e00fda91e5f75977862c2d3cc602e07941b4d8a78,1163,review-branch publication requested by author 2026-10-02; no new license grant; complete external source archives excluded,Git on benchmark-review; no Git LFS; not a tagged final release
artifacts/cutensornet/feasibility_frontier_v1/cells/hea__q28__x0p5/cutensornet_runtime_benchmark.csv,include,Inherited from baseline Git revision 39991eb; retained historical capsule/support file,Baseline repository contents; not all historical experiments are part of the current scorecard replay,824abc52ad8ce151c2cbc802fc388c6807855605a442e7d0d52079587f0117a3,1162,review-branch publication requested by author 2026-10-02; no new license grant; complete external source archives excluded,Git on benchmark-review; no Git LFS; not a tagged final release
artifacts/cutensornet/feasibility_frontier_v1/cells/hea__q28__x1/cutensornet_runtime_benchmark.csv,include,Inherited from baseline Git revision 39991eb; retained historical capsule/support file,Baseline repository contents; not all historical experiments are part of the current scorecard replay,c01ae1cdbbd30cbd305482d8a1e7518b230cda172cc34ea1901b2a73daed83c7,1162,review-branch publication requested by author 2026-10-02; no new license grant; complete external source archives excluded,Git on benchmark-review; no Git LFS; not a tagged final release
artifacts/cutensornet/feasibility_frontier_v1/cells/hea__q28__x2/cutensornet_runtime_benchmark.csv,include,Inherited from baseline Git revision 39991eb; retained historical capsule/support file,Baseline repository contents; not all historical experiments are part of the current scorecard replay,c32124a4e7731e1ca546998ee5f2059e81e45fb29f6a5c6c9387c4bc8354707f,1162,review-branch publication requested by author 2026-10-02; no new license grant; complete external source archives excluded,Git on benchmark-review; no Git LFS; not a tagged final release
artifacts/cutensornet/feasibility_frontier_v1/cells/hea__q30__x0p5/cutensornet_runtime_benchmark.csv,include,Inherited from baseline Git revision 39991eb; retained historical capsule/support file,Baseline repository contents; not all historical experiments are part of the current scorecard replay,6a5c2bdc9711fc976703c5ccec03079a3228b3f24bf08d4fb50e83facf3ef7d4,1162,review-branch publication requested by author 2026-10-02; no new license grant; complete external source archives excluded,Git on benchmark-review; no Git LFS; not a tagged final release
artifacts/cutensornet/feasibility_frontier_v1/cells/hea__q30__x1/cutensornet_runtime_benchmark.csv,include,Inherited from baseline Git revision 39991eb; retained historical capsule/support file,Baseline repository contents; not all historical experiments are part of the current scorecard replay,7e22e61d0fc4cefacd6b510e95a3286a2cbb1b37e0edb194d10e19ee6cf36ec5,1159,review-branch publication requested by author 2026-10-02; no new license grant; complete external source archives excluded,Git on benchmark-review; no Git LFS; not a tagged final release
artifacts/cutensornet/feasibility_frontier_v1/cells/hea__q30__x2/cutensornet_runtime_benchmark.csv,include,Inherited from baseline Git revision 39991eb; retained historical capsule/support file,Baseline repository contents; not all historical experiments are part of the current scorecard replay,21297f120bf4b407bf5ae0cf319d332d951a9d43045ed872c771d2dcc1768c04,1164,review-branch publication requested by author 2026-10-02; no new license grant; complete external source archives excluded,Git on benchmark-review; no Git LFS; not a tagged final release
artifacts/cutensornet/feasibility_frontier_v1/cells/qaoa_cycle__q16__x0p5/cutensornet_runtime_benchmark.csv,include,Inherited from baseline Git revision 39991eb; retained historical capsule/support file,Baseline repository contents; not all historical experiments are part of the current scorecard replay,f77a009ce9d2e7443657fc18a5fea937bcc9956a8f46ad539c33cb1e2c1a1a3d,1166,review-branch publication requested by author 2026-10-02; no new license grant; complete external source archives excluded,Git on benchmark-review; no Git LFS; not a tagged final release
artifacts/cutensornet/feasibility_frontier_v1/cells/qaoa_cycle__q16__x1/cutensornet_runtime_benchmark.csv,include,Inherited from baseline Git revision 39991eb; retained historical capsule/support file,Baseline repository contents; not all historical experiments are part of the current scorecard replay,37c7b92dac254022947508ad1911ee946c61e71c86a47816322a36e46a58c8be,1165,review-branch publication requested by author 2026-10-02; no new license grant; complete external source archives excluded,Git on benchmark-review; no Git LFS; not a tagged final release
artifacts/cutensornet/feasibility_frontier_v1/cells/qaoa_cycle__q16__x2/cutensornet_runtime_benchmark.csv,include,Inherited from baseline Git revision 39991eb; retained historical capsule/support file,Baseline repository contents; not all historical experiments are part of the current scorecard replay,8b43e7e404b173eeaa19cf87151d2dec95179fcc7e69f31c1a65d168d20e74e4,1166,review-branch publication requested by author 2026-10-02; no new license grant; complete external source archives excluded,Git on benchmark-review; no Git LFS; not a tagged final release
artifacts/cutensornet/feasibility_frontier_v1/cells/qaoa_cycle__q20__x0p5/cutensornet_runtime_benchmark.csv,include,Inherited from baseline Git revision 39991eb; retained historical capsule/support file,Baseline repository contents; not all historical experiments are part of the current scorecard replay,e05254a47f08c0d363be43f3013b1018c7d9bc8aa9821ebd40cbad9dbb678791,1163,review-branch publication requested by author 2026-10-02; no new license grant; complete external source archives excluded,Git on benchmark-review; no Git LFS; not a tagged final release
artifacts/cutensornet/feasibility_frontier_v1/cells/qaoa_cycle__q20__x1/cutensornet_runtime_benchmark.csv,include,Inherited from baseline Git revision 39991eb; retained historical capsule/support file,Baseline repository contents; not all historical experiments are part of the current scorecard replay,109b5b8b471e4d35711eaa904d7756c5a9a739d398e3754b183b5404dd4f7fd8,1164,review-branch publication requested by author 2026-10-02; no new license grant; complete external source archives excluded,Git on benchmark-review; no Git LFS; not a tagged final release
artifacts/cutensornet/feasibility_frontier_v1/cells/qaoa_cycle__q20__x2/cutensornet_runtime_benchmark.csv,include,Inherited from baseline Git revision 39991eb; retained historical capsule/support file,Baseline repository contents; not all historical experiments are part of the current scorecard replay,8eee066bbcf086f6af034d33eb79278987e080a1194837b3ebec43966dc521cf,1167,review-branch publication requested by author 2026-10-02; no new license grant; complete external source archives excluded,Git on benchmark-review; no Git LFS; not a tagged final release
artifacts/cutensornet/feasibility_frontier_v1/cells/qaoa_cycle__q24__x0p5/cutensornet_runtime_benchmark.csv,include,Inherited from baseline Git revision 39991eb; retained historical capsule/support file,Baseline repository contents; not all historical experiments are part of the current scorecard replay,7b1c320d1f0643cf14d9037574b363582759615b5e6d7642dc061c6aaf8c3db5,1165,review-branch publication requested by author 2026-10-02; no new license grant; complete external source archives excluded,Git on benchmark-review; no Git LFS; not a tagged final release
artifacts/cutensornet/feasibility_frontier_v1/cells/qaoa_cycle__q24__x1/cutensornet_runtime_benchmark.csv,include,Inherited from baseline Git revision 39991eb; retained historical capsule/support file,Baseline repository contents; not all historical experiments are part of the current scorecard replay,8fc6e1b9c7d6056b950eeb4b60de01c36320c5b88fe46baa288f7eae07154dc7,1159,review-branch publication requested by author 2026-10-02; no new license grant; complete external source archives excluded,Git on benchmark-review; no Git LFS; not a tagged final release
artifacts/cutensornet/feasibility_frontier_v1/cells/qaoa_cycle__q24__x2/cutensornet_runtime_benchmark.csv,include,Inherited from baseline Git revision 39991eb; retained historical capsule/support file,Baseline repository contents; not all historical experiments are part of the current scorecard replay,15e75997895208bb18d0895173ff605e8f742bd3b5b95ae3dee735abb4d85977,1166,review-branch publication requested by author 2026-10-02; no new license grant; complete external source archives excluded,Git on benchmark-review; no Git LFS; not a tagged final release
artifacts/cutensornet/feasibility_frontier_v1/cells/qaoa_cycle__q28__x0p5/cutensornet_runtime_benchmark.csv,include,Inherited from baseline Git revision 39991eb; retained historical capsule/support file,Baseline repository contents; not all historical experiments are part of the current scorecard replay,e9d712472fc605937ca047c7cae8e165933ac5188fed41ec9e9c3f86a7f8ae9b,1168,review-branch publication requested by author 2026-10-02; no new license grant; complete external source archives excluded,Git on benchmark-review; no Git LFS; not a tagged final release
artifacts/cutensornet/feasibility_frontier_v1/cells/qaoa_cycle__q28__x1/cutensornet_runtime_benchmark.csv,include,Inherited from baseline Git revision 39991eb; retained historical capsule/support file,Baseline repository contents; not all historical experiments are part of the current scorecard replay,86b6571cf8e41fc2f0eccc457f80dfa37cc1d9cceb6d27d8b0659e8bc8be0398,1162,review-branch publication requested by author 2026-10-02; no new license grant; complete external source archives excluded,Git on benchmark-review; no Git LFS; not a tagged final release
artifacts/cutensornet/feasibility_frontier_v1/cells/qaoa_cycle__q28__x2/cutensornet_runtime_benchmark.csv,include,Inherited from baseline Git revision 39991eb; retained historical capsule/support file,Baseline repository contents; not all historical experiments are part of the current scorecard replay,6c256b127f9fbab91eb9c18d25ab752eae73e05f1ba6f81b09e523fab8a63595,1164,review-branch publication requested by author 2026-10-02; no new license grant; complete external source archives excluded,Git on benchmark-review; no Git LFS; not a tagged final release
artifacts/cutensornet/feasibility_frontier_v1/cells/qaoa_cycle__q30__x0p5/cutensornet_runtime_benchmark.csv,include,Inherited from baseline Git revision 39991eb; retained historical capsule/support file,Baseline repository contents; not all historical experiments are part of the current scorecard replay,8ba38c151d9b2bc0bb1e968540f433820367eb5270bdab3bc01d4889f0432285,1160,review-branch publication requested by author 2026-10-02; no new license grant; complete external source archives excluded,Git on benchmark-review; no Git LFS; not a tagged final release
artifacts/cutensornet/feasibility_frontier_v1/cells/qaoa_cycle__q30__x1/cutensornet_runtime_benchmark.csv,include,Inherited from baseline Git revision 39991eb; retained historical capsule/support file,Baseline repository contents; not all historical experiments are part of the current scorecard replay,05a8907cdd0a962b61e2abe43d0ff169ee03a25154e318361d0b3f62758ddcfd,1162,review-branch publication requested by author 2026-10-02; no new license grant; complete external source archives excluded,Git on benchmark-review; no Git LFS; not a tagged final release
artifacts/cutensornet/feasibility_frontier_v1/cells/qaoa_cycle__q30__x2/cutensornet_runtime_benchmark.csv,include,Inherited from baseline Git revision 39991eb; retained historical capsule/support file,Baseline repository contents; not all historical experiments are part of the current scorecard replay,df51d8717ddc7306a481681b4aac808621f334b1d0fbefe93f9b8962c2023fc7,1166,review-branch publication requested by author 2026-10-02; no new license grant; complete external source archives excluded,Git on benchmark-review; no Git LFS; not a tagged final release
artifacts/cutensornet/feasibility_frontier_v1/cells/qft__q16__x1/cutensornet_runtime_benchmark.csv,include,Inherited from baseline Git revision 39991eb; retained historical capsule/support file,Baseline repository contents; not all historical experiments are part of the current scorecard replay,eea7096e166f1c914a88667b7bcdf6ade7366ab813f88d00486978a88b7cb841,1160,review-branch publication requested by author 2026-10-02; no new license grant; complete external source archives excluded,Git on benchmark-review; no Git LFS; not a tagged final release
artifacts/cutensornet/feasibility_frontier_v1/cells/qft__q20__x1/cutensornet_runtime_benchmark.csv,include,Inherited from baseline Git revision 39991eb; retained historical capsule/support file,Baseline repository contents; not all historical experiments are part of the current scorecard replay,a918273fe5e9f359e8ecba1edc61bbabc42d8d852fed0d86c489061e5e1861e9,1161,review-branch publication requested by author 2026-10-02; no new license grant; complete external source archives excluded,Git on benchmark-review; no Git LFS; not a tagged final release
artifacts/cutensornet/feasibility_frontier_v1/cells/qft__q24__x1/cutensornet_runtime_benchmark.csv,include,Inherited from baseline Git revision 39991eb; retained historical capsule/support file,Baseline repository contents; not all historical experiments are part of the current scorecard replay,f3380f5435b5b3ceecabef06d2ddf06d96310272d43c52b6d279f88f4f153d37,1169,review-branch publication requested by author 2026-10-02; no new license grant; complete external source archives excluded,Git on benchmark-review; no Git LFS; not a tagged final release
artifacts/cutensornet/feasibility_frontier_v1/cells/qft__q28__x1/cutensornet_runtime_benchmark.csv,include,Inherited from baseline Git revision 39991eb; retained historical capsule/support file,Baseline repository contents; not all historical experiments are part of the current scorecard replay,a60e2edada3916a6730873f03d0df6a7abce0fd63996fc59d5a9ac4dd6ab5721,1170,review-branch publication requested by author 2026-10-02; no new license grant; complete external source archives excluded,Git on benchmark-review; no Git LFS; not a tagged final release
artifacts/cutensornet/feasibility_frontier_v1/cells/qft__q30__x1/cutensornet_runtime_benchmark.csv,include,Inherited from baseline Git revision 39991eb; retained historical capsule/support file,Baseline repository contents; not all historical experiments are part of the current scorecard replay,45c009989b09bf969b1875017f8346b90afdf69903e626e48903f846a7dfe271,1165,review-branch publication requested by author 2026-10-02; no new license grant; complete external source archives excluded,Git on benchmark-review; no Git LFS; not a tagged final release
artifacts/cutensornet/feasibility_frontier_v1/cells/random_brickwork__q16__x0p5/cutensornet_runtime_benchmark.csv,include,Inherited from baseline Git revision 39991eb; retained historical capsule/support file,Baseline repository contents; not all historical experiments are part of the current scorecard replay,e566e1e3867441ca554676c46c39afb9f6ac316d1789a4e11434cf4d3c92f3c4,1172,review-branch publication requested by author 2026-10-02; no new license grant; complete external source archives excluded,Git on benchmark-review; no Git LFS; not a tagged final release
artifacts/cutensornet/feasibility_frontier_v1/cells/random_brickwork__q16__x1/cutensornet_runtime_benchmark.csv,include,Inherited from baseline Git revision 39991eb; retained historical capsule/support file,Baseline repository contents; not all historical experiments are part of the current scorecard replay,09af110f7682f3e687a63632dfbd17c4fd5b807baacbec1be22335ca68d901f0,1173,review-branch publication requested by author 2026-10-02; no new license grant; complete external source archives excluded,Git on benchmark-review; no Git LFS; not a tagged final release
artifacts/cutensornet/feasibility_frontier_v1/cells/random_brickwork__q16__x2/cutensornet_runtime_benchmark.csv,include,Inherited from baseline Git revision 39991eb; retained historical capsule/support file,Baseline repository contents; not all historical experiments are part of the current scorecard replay,90d373337f557a7de64b642f6d8ffc1c668e414dfbca4ec2e951c6c9bf3b559a,1182,review-branch publication requested by author 2026-10-02; no new license grant; complete external source archives excluded,Git on benchmark-review; no Git LFS; not a tagged final release
artifacts/cutensornet/feasibility_frontier_v1/cells/random_brickwork__q20__x0p5/cutensornet_runtime_benchmark.csv,include,Inherited from baseline Git revision 39991eb; retained historical capsule/support file,Baseline repository contents; not all historical experiments are part of the current scorecard replay,c603e71196fb85feceb2a0fc4d9f4a6a766c5d4993be390a2dd2bae0b7392d40,1174,review-branch publication requested by author 2026-10-02; no new license grant; complete external source archives excluded,Git on benchmark-review; no Git LFS; not a tagged final release
artifacts/cutensornet/feasibility_frontier_v1/cells/random_brickwork__q20__x1/cutensornet_runtime_benchmark.csv,include,Inherited from baseline Git revision 39991eb; retained historical capsule/support file,Baseline repository contents; not all historical experiments are part of the current scorecard replay,6f72961fa581be3e3a300bff87a2ab838a69d04d0b51246f5b3035abc0d8b31c,1176,review-branch publication requested by author 2026-10-02; no new license grant; complete external source archives excluded,Git on benchmark-review; no Git LFS; not a tagged final release
artifacts/cutensornet/feasibility_frontier_v1/cells/random_brickwork__q20__x2/cutensornet_runtime_benchmark.csv,include,Inherited from baseline Git revision 39991eb; retained historical capsule/support file,Baseline repository contents; not all historical experiments are part of the current scorecard replay,67abdda110cdb0555ce3b67bdb220b2b13e28709842f0abb5a5488bee6130a94,1189,review-branch publication requested by author 2026-10-02; no new license grant; complete external source archives excluded,Git on benchmark-review; no Git LFS; not a tagged final release
artifacts/cutensornet/feasibility_frontier_v1/cells/random_brickwork__q24__x0p5/cutensornet_runtime_benchmark.csv,include,Inherited from baseline Git revision 39991eb; retained historical capsule/support file,Baseline repository contents; not all historical experiments are part of the current scorecard replay,8522b1234149719924d4b065197691c833c845aa22bf7371a903a15c07984e52,1174,review-branch publication requested by author 2026-10-02; no new license grant; complete external source archives excluded,Git on benchmark-review; no Git LFS; not a tagged final release
artifacts/cutensornet/feasibility_frontier_v1/cells/random_brickwork__q24__x1/cutensornet_runtime_benchmark.csv,include,Inherited from baseline Git revision 39991eb; retained historical capsule/support file,Baseline repository contents; not all historical experiments are part of the current scorecard replay,55bc3653e4d20cdc54aae6fc9fde2ffaa21d48cc517f71dacb9043bc06f59d37,1175,review-branch publication requested by author 2026-10-02; no new license grant; complete external source archives excluded,Git on benchmark-review; no Git LFS; not a tagged final release
artifacts/cutensornet/feasibility_frontier_v1/cells/random_brickwork__q24__x2/cutensornet_runtime_benchmark.csv,include,Inherited from baseline Git revision 39991eb; retained historical capsule/support file,Baseline repository contents; not all historical experiments are part of the current scorecard replay,4e9bf569f0d33c4c3afd552ec27750ae56238fca51256f60b6c9c1ad0084d6c2,1191,review-branch publication requested by author 2026-10-02; no new license grant; complete external source archives excluded,Git on benchmark-review; no Git LFS; not a tagged final release
artifacts/cutensornet/feasibility_frontier_v1/cells/random_brickwork__q28__x0p5/cutensornet_runtime_benchmark.csv,include,Inherited from baseline Git revision 39991eb; retained historical capsule/support file,Baseline repository contents; not all historical experiments are part of the current scorecard replay,757253674549bf5e339738c5a6edc7a8c793749e56c07aae21eedf93192ed3c9,1174,review-branch publication requested by author 2026-10-02; no new license grant; complete external source archives excluded,Git on benchmark-review; no Git LFS; not a tagged final release
artifacts/cutensornet/feasibility_frontier_v1/cells/random_brickwork__q28__x1/cutensornet_runtime_benchmark.csv,include,Inherited from baseline Git revision 39991eb; retained historical capsule/support file,Baseline repository contents; not all historical experiments are part of the current scorecard replay,f43a3671afcd55088c36c45ae77d4d6b5725726bb3dcfaf7a397b7126fcf6972,1174,review-branch publication requested by author 2026-10-02; no new license grant; complete external source archives excluded,Git on benchmark-review; no Git LFS; not a tagged final release
artifacts/cutensornet/feasibility_frontier_v1/cells/random_brickwork__q28__x2/cutensornet_runtime_benchmark.csv,include,Inherited from baseline Git revision 39991eb; retained historical capsule/support file,Baseline repository contents; not all historical experiments are part of the current scorecard replay,24ab5c5369aea66a0984c97944435e4a52ffde82266e0629051595d5d3c94cc8,1184,review-branch publication requested by author 2026-10-02; no new license grant; complete external source archives excluded,Git on benchmark-review; no Git LFS; not a tagged final release
artifacts/cutensornet/feasibility_frontier_v1/cells/random_brickwork__q30__x0p5/cutensornet_runtime_benchmark.csv,include,Inherited from baseline Git revision 39991eb; retained historical capsule/support file,Baseline repository contents; not all historical experiments are part of the current scorecard replay,aa4ec6c6bc444d46ebe8ae58da2d94bdd88c74026a9b7b640894581be28d7a3a,1173,review-branch publication requested by author 2026-10-02; no new license grant; complete external source archives excluded,Git on benchmark-review; no Git LFS; not a tagged final release
artifacts/cutensornet/feasibility_frontier_v1/cells/random_brickwork__q30__x1/cutensornet_runtime_benchmark.csv,include,Inherited from baseline Git revision 39991eb; retained historical capsule/support file,Baseline repository contents; not all historical experiments are part of the current scorecard replay,5a0583d39e28917fd30f66bce21d7d4891e74df0a7f3a3510a9afaacbdd8bed6,1175,review-branch publication requested by author 2026-10-02; no new license grant; complete external source archives excluded,Git on benchmark-review; no Git LFS; not a tagged final release
artifacts/cutensornet/feasibility_frontier_v1/cells/random_brickwork__q30__x2/cutensornet_runtime_benchmark.csv,include,Inherited from baseline Git revision 39991eb; retained historical capsule/support file,Baseline repository contents; not all historical experiments are part of the current scorecard replay,13931bffedd6a4c000640e5e73cfe7044a2339b6ca360400d29c21ed4693300c,1189,review-branch publication requested by author 2026-10-02; no new license grant; complete external source archives excluded,Git on benchmark-review; no Git LFS; not a tagged final release
artifacts/cutensornet/feasibility_frontier_v1/cutensornet_b1_evaluation_metrics.csv,include,Inherited from baseline Git revision 39991eb; retained historical capsule/support file,Baseline repository contents; not all historical experiments are part of the current scorecard replay,352ff9d02bba0f8c0cb674b29f4b66267190de0cfd965d979bb3d4702aa68422,3341,review-branch publication requested by author 2026-10-02; no new license grant; complete external source archives excluded,Git on benchmark-review; no Git LFS; not a tagged final release
artifacts/cutensornet/feasibility_frontier_v1/cutensornet_b1_oof_predictions.csv,include,Inherited from baseline Git revision 39991eb; retained historical capsule/support file,Baseline repository contents; not all historical experiments are part of the current scorecard replay,e1471681ae9b65a3c2135e76ee631b9cb859a96fba728a0c0ecaae9be0defa78,159074,review-branch publication requested by author 2026-10-02; no new license grant; complete external source archives excluded,Git on benchmark-review; no Git LFS; not a tagged final release
artifacts/cutensornet/feasibility_frontier_v1/cutensornet_feasibility_frontier.csv,include,Inherited from baseline Git revision 39991eb; retained historical capsule/support file,Baseline repository contents; not all historical experiments are part of the current scorecard replay,063129f7ac9605f677a939cd07041bd26bea1820469458096ffd8a42e82c2e24,28506,review-branch publication requested by author 2026-10-02; no new license grant; complete external source archives excluded,Git on benchmark-review; no Git LFS; not a tagged final release
artifacts/cutensornet/feasibility_frontier_v1/run_manifest.json,include,Inherited from baseline Git revision 39991eb; retained historical capsule/support file,Baseline repository contents; not all historical experiments are part of the current scorecard replay,40e84a69a67bf2f4c79293e84f600b8b38508e3271e604d83a97fb187d179d11,449,review-branch publication requested by author 2026-10-02; no new license grant; complete external source archives excluded,Git on benchmark-review; no Git LFS; not a tagged final release
artifacts/cutensornet/mali_qasm_qle10_v1_20260923/REPORT.md,include,Inherited from baseline Git revision 39991eb; retained historical capsule/support file,Baseline repository contents; not all historical experiments are part of the current scorecard replay,50639ca65891370bbff488ca3a0438f1c3d5614409af88709b42c1b6ff3724be,11082,review-branch publication requested by author 2026-10-02; no new license grant; complete external source archives excluded,Git on benchmark-review; no Git LFS; not a tagged final release
artifacts/cutensornet/mali_qasm_qle10_v1_20260923/cutensornet_mali_qasm.csv,include,Inherited from baseline Git revision 39991eb; retained historical capsule/support file,Baseline repository contents; not all historical experiments are part of the current scorecard replay,1ecbe17c559b37c8264fa55a51f9f7448d02c8bcd1ad55d45c6c7b3e35f8833e,126788,review-branch publication requested by author 2026-10-02; no new license grant; complete external source archives excluded,Git on benchmark-review; no Git LFS; not a tagged final release
artifacts/cutensornet/mali_qasm_qle10_v1_20260923/family_summary.csv,include,Inherited from baseline Git revision 39991eb; retained historical capsule/support file,Baseline repository contents; not all historical experiments are part of the current scorecard replay,90b945202c4d100458a6028d3851a68f507c13e41d3572b86b59aa55ac93ced7,3105,review-branch publication requested by author 2026-10-02; no new license grant; complete external source archives excluded,Git on benchmark-review; no Git LFS; not a tagged final release
artifacts/cutensornet/mali_qasm_qle10_v1_20260923/headline.json,include,Inherited from baseline Git revision 39991eb; retained historical capsule/support file,Baseline repository contents; not all historical experiments are part of the current scorecard replay,41ab61288b372aad890b2bf62c65495264e3fe5024cf9d1b5b916cc2a0d2a509,1211,review-branch publication requested by author 2026-10-02; no new license grant; complete external source archives excluded,Git on benchmark-review; no Git LFS; not a tagged final release
artifacts/cutensornet/mali_qasm_qle10_v1_20260923/run.log,include,Inherited from baseline Git revision 39991eb; retained historical capsule/support file,Baseline repository contents; not all historical experiments are part of the current scorecard replay,4e0ce4037fe0424f187871d5835afd130a594e6e494214c7aad65bbf2b2e700a,22024,review-branch publication requested by author 2026-10-02; no new license grant; complete external source archives excluded,Git on benchmark-review; no Git LFS; not a tagged final release
artifacts/cutensornet/mali_qasm_qle10_v1_20260923/run_summary.json,include,Inherited from baseline Git revision 39991eb; retained historical capsule/support file,Baseline repository contents; not all historical experiments are part of the current scorecard replay,868215418481bcc8c9670854ccbd7d3e5f6f2dd7ffdbe9c6a6c6bbc163e05f2b,258,review-branch publication requested by author 2026-10-02; no new license grant; complete external source archives excluded,Git on benchmark-review; no Git LFS; not a tagged final release
artifacts/cutensornet/mali_qasm_qle10_v1_20260923/selection.json,include,Inherited from baseline Git revision 39991eb; retained historical capsule/support file,Baseline repository contents; not all historical experiments are part of the current scorecard replay,cc1578ad0179543c293bf46c4e2a8dba65e23b1de0f45a8b1df595f7bede5802,816,review-branch publication requested by author 2026-10-02; no new license grant; complete external source archives excluded,Git on benchmark-review; no Git LFS; not a tagged final release
artifacts/cutensornet/mali_qasm_qle10_v1_20260923/skipped.csv,include,Inherited from baseline Git revision 39991eb; retained historical capsule/support file,Baseline repository contents; not all historical experiments are part of the current scorecard replay,509256642f2da472fb188412f3ff7c0965019683b0b3a844d64082d6ac470e13,114879,review-branch publication requested by author 2026-10-02; no new license grant; complete external source archives excluded,Git on benchmark-review; no Git LFS; not a tagged final release
artifacts/cutensornet/qft_width_probe_44/cutensornet_runtime_benchmark.csv,include,Inherited from baseline Git revision 39991eb; retained historical capsule/support file,Baseline repository contents; not all historical experiments are part of the current scorecard replay,ac484997669378ade32df5e382efbb731f51fac7500aa8ccf10d83ca259cff53,1049,review-branch publication requested by author 2026-10-02; no new license grant; complete external source archives excluded,Git on benchmark-review; no Git LFS; not a tagged final release
artifacts/cutensornet/runtime_est_workspace90_frontier_v1_20260923/REPORT.md,include,Inherited from baseline Git revision 39991eb; retained historical capsule/support file,Baseline repository contents; not all historical experiments are part of the current scorecard replay,cfb559ee2d9260c07185c8cbf9e7f1b3ee11510848a7abe17f4acf56d38fe51a,9222,review-branch publication requested by author 2026-10-02; no new license grant; complete external source archives excluded,Git on benchmark-review; no Git LFS; not a tagged final release
artifacts/cutensornet/runtime_est_workspace90_frontier_v1_20260923/plan_probe/cutensornet_plan_metrics.csv,include,Inherited from baseline Git revision 39991eb; retained historical capsule/support file,Baseline repository contents; not all historical experiments are part of the current scorecard replay,99698fb3f687b6ae1c593fad01f1acaf4908be752878e508879069815d324384,2022,review-branch publication requested by author 2026-10-02; no new license grant; complete external source archives excluded,Git on benchmark-review; no Git LFS; not a tagged final release
artifacts/cutensornet/runtime_est_workspace90_frontier_v1_20260923/plan_repeat_q40/cutensornet_plan_metrics.csv,include,Inherited from baseline Git revision 39991eb; retained historical capsule/support file,Baseline repository contents; not all historical experiments are part of the current scorecard replay,35cee897303cc4dbf584463a4dbe9083380cdf5a0211d77ee01956891632fc1b,1238,review-branch publication requested by author 2026-10-02; no new license grant; complete external source archives excluded,Git on benchmark-review; no Git LFS; not a tagged final release
artifacts/cutensornet/runtime_est_workspace90_frontier_v1_20260923/stage_a/cutensornet_runtime_benchmark.csv,include,Inherited from baseline Git revision 39991eb; retained historical capsule/support file,Baseline repository contents; not all historical experiments are part of the current scorecard replay,f346aad0e2255c53a88973fa4b6d3f0e5deaeabbde2aa0d62c04dec76d178909,2774,review-branch publication requested by author 2026-10-02; no new license grant; complete external source archives excluded,Git on benchmark-review; no Git LFS; not a tagged final release
artifacts/cutensornet/runtime_est_workspace90_frontier_v1_20260923/stage_b_q42/cutensornet_runtime_benchmark.csv,include,Inherited from baseline Git revision 39991eb; retained historical capsule/support file,Baseline repository contents; not all historical experiments are part of the current scorecard replay,b7272cf9fd6aafdf93812aa42341c95c8bef1a32e50a4b981c652eea42cc7877,1231,review-branch publication requested by author 2026-10-02; no new license grant; complete external source archives excluded,Git on benchmark-review; no Git LFS; not a tagged final release
artifacts/cutensornet/runtime_est_workspace90_frontier_v1_20260923/stage_c_q44/cutensornet_runtime_benchmark.csv,include,Inherited from baseline Git revision 39991eb; retained historical capsule/support file,Baseline repository contents; not all historical experiments are part of the current scorecard replay,820f2ee5e549907b18dadad423d401dc47d4dc16a983fdb9cdef1a82c68264c9,1232,review-branch publication requested by author 2026-10-02; no new license grant; complete external source archives excluded,Git on benchmark-review; no Git LFS; not a tagged final release
artifacts/mali/MA_LI_QWALK_AND_QCRE_INTERPRETATION.md,include,Inherited from baseline Git revision 39991eb; retained historical capsule/support file,Baseline repository contents; not all historical experiments are part of the current scorecard replay,e041a905f0bfbc0868050443a21c0b645bdab49573f4bb9a64778cb133a80683,11389,review-branch publication requested by author 2026-10-02; no new license grant; complete external source archives excluded,Git on benchmark-review; no Git LFS; not a tagged final release
artifacts/mali/MA_LI_REPLICATION_REPORT.md,include,Inherited from baseline Git revision 39991eb; retained historical capsule/support file,Baseline repository contents; not all historical experiments are part of the current scorecard replay,056d39541b58b550d866bbe90730fbc42602188b7e4c24f1536011cb60bc5680,12043,review-branch publication requested by author 2026-10-02; no new license grant; complete external source archives excluded,Git on benchmark-review; no Git LFS; not a tagged final release
artifacts/mali/MA_LI_TRANSFER_BASELINE_COMPARISON.md,include,Inherited from baseline Git revision 39991eb; retained historical capsule/support file,Baseline repository contents; not all historical experiments are part of the current scorecard replay,eb1855c3e03576cc664c5ee6598e9596f0017967ea6771dab5fe39e2dd2f84b0,7933,review-branch publication requested by author 2026-10-02; no new license grant; complete external source archives excluded,Git on benchmark-review; no Git LFS; not a tagged final release
artifacts/mali/fake_pretrained_result.json,include,Inherited from baseline Git revision 39991eb; retained historical capsule/support file,Baseline repository contents; not all historical experiments are part of the current scorecard replay,4c9ff24d1ebfbad8194991ebabe852472ed4d5c16f39a6cb17b8a1be725b0c6d,2250799,review-branch publication requested by author 2026-10-02; no new license grant; complete external source archives excluded,Git on benchmark-review; no Git LFS; not a tagged final release
artifacts/mali/fake_random_result.json,include,Inherited from baseline Git revision 39991eb; retained historical capsule/support file,Baseline repository contents; not all historical experiments are part of the current scorecard replay,e60083cd746b44b1d6e13f9ae387851a38d3884c569d96f104b36e928b56e98d,2251787,review-branch publication requested by author 2026-10-02; no new license grant; complete external source archives excluded,Git on benchmark-review; no Git LFS; not a tagged final release
artifacts/mali/fold10_qwalk_outlier.json,include,Inherited from baseline Git revision 39991eb; retained historical capsule/support file,Baseline repository contents; not all historical experiments are part of the current scorecard replay,18b59fb7140f55ac010f9d591d3efe51c42103a05e1fc816f0fc89657c6aca8a,1358,review-branch publication requested by author 2026-10-02; no new license grant; complete external source archives excluded,Git on benchmark-review; no Git LFS; not a tagged final release
artifacts/mali/full_result.json,include,Inherited from baseline Git revision 39991eb; retained historical capsule/support file,Baseline repository contents; not all historical experiments are part of the current scorecard replay,43b6871491627f9b6a0980940c57d8117f1a793c865c041ea61b6d45bf5e26eb,203944,review-branch publication requested by author 2026-10-02; no new license grant; complete external source archives excluded,Git on benchmark-review; no Git LFS; not a tagged final release
artifacts/mali/graph_intervention_audit_20260921/REPORT.md,include,Inherited from baseline Git revision 39991eb; retained historical capsule/support file,Baseline repository contents; not all historical experiments are part of the current scorecard replay,698d3aea70f6a910ccb28ac0169ecda36d8e718934ca7c6f9a5938cd9ade6bdf,13595,review-branch publication requested by author 2026-10-02; no new license grant; complete external source archives excluded,Git on benchmark-review; no Git LFS; not a tagged final release
artifacts/mali/graph_intervention_audit_20260921/metadata_and_metrics.json,include,Inherited from baseline Git revision 39991eb; retained historical capsule/support file,Baseline repository contents; not all historical experiments are part of the current scorecard replay,dc2b5b7c4d6f798981cfcf902fcac9802455c5500a86391c973300c6c3b6bb6b,6560,review-branch publication requested by author 2026-10-02; no new license grant; complete external source archives excluded,Git on benchmark-review; no Git LFS; not a tagged final release
artifacts/mali/graph_intervention_audit_20260921/oof_intervention_metrics.csv,include,Inherited from baseline Git revision 39991eb; retained historical capsule/support file,Baseline repository contents; not all historical experiments are part of the current scorecard replay,5c4364a5eba3b48c9354eb3fdf1b299421e665b96ed3595167f8037d97f5db14,2345,review-branch publication requested by author 2026-10-02; no new license grant; complete external source archives excluded,Git on benchmark-review; no Git LFS; not a tagged final release
artifacts/mali/graph_intervention_audit_20260921/oof_intervention_predictions.csv,include,Inherited from baseline Git revision 39991eb; retained historical capsule/support file,Baseline repository contents; not all historical experiments are part of the current scorecard replay,21b626a9bc877d7bd88f50d37b5940fc003fcd2820deafa4a9cb74e18e78b9c5,627512,review-branch publication requested by author 2026-10-02; no new license grant; complete external source archives excluded,Git on benchmark-review; no Git LFS; not a tagged final release
artifacts/manifest.json,include,Inherited from baseline Git revision 39991eb; retained historical capsule/support file,Baseline repository contents; not all historical experiments are part of the current scorecard replay,3578d2520daaddb22dfff4874f107a3d002b27f2cda114915e3f5dfbd353b397,20928,review-branch publication requested by author 2026-10-02; no new license grant; complete external source archives excluded,Git on benchmark-review; no Git LFS; not a tagged final release
artifacts/pasqal_emu_mps/formula_fit.csv,include,Inherited from baseline Git revision 39991eb; retained historical capsule/support file,Baseline repository contents; not all historical experiments are part of the current scorecard replay,81ef629c01a0fb3745792081e86437f3b151b03eec49c86d56f517147837cd53,929,review-branch publication requested by author 2026-10-02; no new license grant; complete external source archives excluded,Git on benchmark-review; no Git LFS; not a tagged final release
artifacts/pasqal_emu_mps/formula_fit.json,include,Inherited from baseline Git revision 39991eb; retained historical capsule/support file,Baseline repository contents; not all historical experiments are part of the current scorecard replay,470f4a6551341c8d943e323565a3b8d5b26f5001d9cc372fde73a65ec3007205,267,review-branch publication requested by author 2026-10-02; no new license grant; complete external source archives excluded,Git on benchmark-review; no Git LFS; not a tagged final release
artifacts/pasqal_emu_mps/formula_fit.md,include,Inherited from baseline Git revision 39991eb; retained historical capsule/support file,Baseline repository contents; not all historical experiments are part of the current scorecard replay,2aa763d91c56e6245d3ac1d8e6d5b2dcd985c05a39508b29b047357b90b02327,920,review-branch publication requested by author 2026-10-02; no new license grant; complete external source archives excluded,Git on benchmark-review; no Git LFS; not a tagged final release
artifacts/pasqal_emu_mps/gpu_frontier.csv,include,Inherited from baseline Git revision 39991eb; retained historical capsule/support file,Baseline repository contents; not all historical experiments are part of the current scorecard replay,03a8f529cde3723440b1a6fce949e5c7be1460d298308e3cfb6d7daa4c53e5b9,673,review-branch publication requested by author 2026-10-02; no new license grant; complete external source archives excluded,Git on benchmark-review; no Git LFS; not a tagged final release
artifacts/pasqal_emu_mps/gpu_frontier.environment.json,include,Inherited from baseline Git revision 39991eb; retained historical capsule/support file,Baseline repository contents; not all historical experiments are part of the current scorecard replay,23088215e72a9f88237b9e0355ddbcd41073f6d7af4e74b6fa60b115a51099f3,334,review-branch publication requested by author 2026-10-02; no new license grant; complete external source archives excluded,Git on benchmark-review; no Git LFS; not a tagged final release
artifacts/pasqal_emu_mps/threshold_predictor.csv,include,Inherited from baseline Git revision 39991eb; retained historical capsule/support file,Baseline repository contents; not all historical experiments are part of the current scorecard replay,cb08233a17dd2156f436d3eb7776c5788d20c91ed56f5eae0720ebcf5daee45a,891,review-branch publication requested by author 2026-10-02; no new license grant; complete external source archives excluded,Git on benchmark-review; no Git LFS; not a tagged final release
artifacts/pasqal_emu_mps/threshold_predictor.json,include,Inherited from baseline Git revision 39991eb; retained historical capsule/support file,Baseline repository contents; not all historical experiments are part of the current scorecard replay,9f59788b4fcc11a6ca2c88e77cc2de330d40ae61238e06f1c75af4f0916ab9c8,606,review-branch publication requested by author 2026-10-02; no new license grant; complete external source archives excluded,Git on benchmark-review; no Git LFS; not a tagged final release
artifacts/pasqal_emu_mps/threshold_predictor.md,include,Inherited from baseline Git revision 39991eb; retained historical capsule/support file,Baseline repository contents; not all historical experiments are part of the current scorecard replay,19161807fb8cb7328914261b55983abeb91ed6375d5f9f7d07a3dda53068e8b8,827,review-branch publication requested by author 2026-10-02; no new license grant; complete external source archives excluded,Git on benchmark-review; no Git LFS; not a tagged final release
artifacts/pasqal_emu_mps/threshold_sweep.csv,include,Inherited from baseline Git revision 39991eb; retained historical capsule/support file,Baseline repository contents; not all historical experiments are part of the current scorecard replay,e1e59304982b6919aeb00bb9adc2efa177b6484f7908ecafc5c471697b6bcd6c,8446,review-branch publication requested by author 2026-10-02; no new license grant; complete external source archives excluded,Git on benchmark-review; no Git LFS; not a tagged final release
artifacts/pasqal_emu_mps/threshold_sweep.environment.json,include,Inherited from baseline Git revision 39991eb; retained historical capsule/support file,Baseline repository contents; not all historical experiments are part of the current scorecard replay,a148922c3bcb9f8d560034ef19649136429646b8e6584d009574116b77c3e324,419,review-branch publication requested by author 2026-10-02; no new license grant; complete external source archives excluded,Git on benchmark-review; no Git LFS; not a tagged final release
artifacts/pasqal_emu_mps/threshold_sweep_labels.csv,include,Inherited from baseline Git revision 39991eb; retained historical capsule/support file,Baseline repository contents; not all historical experiments are part of the current scorecard replay,89af23484fb5472d608a728ad099f2ba7b47f78da816aaacd9c8c978123ee584,1714,review-branch publication requested by author 2026-10-02; no new license grant; complete external source archives excluded,Git on benchmark-review; no Git LFS; not a tagged final release
artifacts/qonductor/REPLICATION_REPORT.md,include,Inherited from baseline Git revision 39991eb; retained historical capsule/support file,Baseline repository contents; not all historical experiments are part of the current scorecard replay,c0085d97f03b7821a11aa9d2374e3b368e32be43a3c0ffcbb9248145eacaa4cb,7265,review-branch publication requested by author 2026-10-02; no new license grant; complete external source archives excluded,Git on benchmark-review; no Git LFS; not a tagged final release
artifacts/qonductor/fake_scheduler_smoke.json,include,Inherited from baseline Git revision 39991eb; retained historical capsule/support file,Baseline repository contents; not all historical experiments are part of the current scorecard replay,2457855f4b001ec436262195bd3e7fa6f7fc059085c886a50eb0acbc03479705,428,review-branch publication requested by author 2026-10-02; no new license grant; complete external source archives excluded,Git on benchmark-review; no Git LFS; not a tagged final release
artifacts/qonductor/reproduction_metrics.json,include,Inherited from baseline Git revision 39991eb; retained historical capsule/support file,Baseline repository contents; not all historical experiments are part of the current scorecard replay,27925c4a86fd6005cc13d6c514e791a4af7abadb9b72139e5ffa0ce5667ba69e,2341,review-branch publication requested by author 2026-10-02; no new license grant; complete external source archives excluded,Git on benchmark-review; no Git LFS; not a tagged final release
artifacts/qonductor/requirements-reproduction.txt,include,Inherited from baseline Git revision 39991eb; retained historical capsule/support file,Baseline repository contents; not all historical experiments are part of the current scorecard replay,634b781fd68b10446c583e2fcd317ec2c937b6a1560e15535ff641ee8fa64f94,318,review-branch publication requested by author 2026-10-02; no new license grant; complete external source archives excluded,Git on benchmark-review; no Git LFS; not a tagged final release
artifacts/quantum_rings/REPORT.md,include,Inherited from baseline Git revision 39991eb; retained historical capsule/support file,Baseline repository contents; not all historical experiments are part of the current scorecard replay,5f0fcf84d523bb475628ce3850acd126a7a011938663be17d5ac54e3f9e47318,11940,review-branch publication requested by author 2026-10-02; no new license grant; complete external source archives excluded,Git on benchmark-review; no Git LFS; not a tagged final release
artifacts/quantum_rings/community_softlocked_evaluation.json,include,Inherited from baseline Git revision 39991eb; retained historical capsule/support file,Baseline repository contents; not all historical experiments are part of the current scorecard replay,2beb003c6950477382de63c7ac3f208cc9ea0b36cebb027cc77cb74170e89bed,53561,review-branch publication requested by author 2026-10-02; no new license grant; complete external source archives excluded,Git on benchmark-review; no Git LFS; not a tagged final release
artifacts/quantum_rings/community_softlocked_training_table_cv.json,include,Inherited from baseline Git revision 39991eb; retained historical capsule/support file,Baseline repository contents; not all historical experiments are part of the current scorecard replay,4b4e5b41c3699ac7ad476ede9edb60e35430e269642710782e3aee5b89b8a948,77807,review-branch publication requested by author 2026-10-02; no new license grant; complete external source archives excluded,Git on benchmark-review; no Git LFS; not a tagged final release
artifacts/quantum_rings/community_spirit_sprinters_evaluation.json,include,Inherited from baseline Git revision 39991eb; retained historical capsule/support file,Baseline repository contents; not all historical experiments are part of the current scorecard replay,46a9370bf98a13c9d0308204511f2d629b28956f59322366a9f85bd1106cb445,54829,review-branch publication requested by author 2026-10-02; no new license grant; complete external source archives excluded,Git on benchmark-review; no Git LFS; not a tagged final release
artifacts/quantum_rings/family_aware_paper/MQT_FAMILY_PRETRAINING_REPORT.md,include,Inherited from baseline Git revision 39991eb; retained historical capsule/support file,Baseline repository contents; not all historical experiments are part of the current scorecard replay,deb039d1e776217c050c3c05c8b133e94b9ef75b9f4e80d9c2fdd5f01b027de2,4029,review-branch publication requested by author 2026-10-02; no new license grant; complete external source archives excluded,Git on benchmark-review; no Git LFS; not a tagged final release
artifacts/quantum_rings/family_aware_paper/PROTOCOL_AUDIT_REPORT.md,include,Inherited from baseline Git revision 39991eb; retained historical capsule/support file,Baseline repository contents; not all historical experiments are part of the current scorecard replay,c5ceff55899d1140b1b87627fd369886659cd1035ec64d7030b6c6d7c882753d,4804,review-branch publication requested by author 2026-10-02; no new license grant; complete external source archives excluded,Git on benchmark-review; no Git LFS; not a tagged final release
artifacts/quantum_rings/family_aware_paper/README.md,include,Inherited from baseline Git revision 39991eb; retained historical capsule/support file,Baseline repository contents; not all historical experiments are part of the current scorecard replay,1bc737ca86a6bcfd2388d355590eb1398b98e03fd12452274d423806c06863d8,2760,review-branch publication requested by author 2026-10-02; no new license grant; complete external source archives excluded,Git on benchmark-review; no Git LFS; not a tagged final release
artifacts/quantum_rings/family_aware_paper/REPLICATION_REPORT.md,include,Inherited from baseline Git revision 39991eb; retained historical capsule/support file,Baseline repository contents; not all historical experiments are part of the current scorecard replay,714d1c803fba5ee442aae2ed2e2fcc003e04a8eb9627a42229e7348fcfcb83af,15657,review-branch publication requested by author 2026-10-02; no new license grant; complete external source archives excluded,Git on benchmark-review; no Git LFS; not a tagged final release
artifacts/quantum_rings/family_aware_paper/REPLICATION_SUMMARY_REPORT.md,include,Inherited from baseline Git revision 39991eb; retained historical capsule/support file,Baseline repository contents; not all historical experiments are part of the current scorecard replay,91138592edb4c7d44062dfb4dfce31a49294dd5317a7540cdb4d21d6fde9bb3f,14117,review-branch publication requested by author 2026-10-02; no new license grant; complete external source archives excluded,Git on benchmark-review; no Git LFS; not a tagged final release
artifacts/quantum_rings/family_aware_paper/mqt_family_classifier/heldout_predictions.csv,include,Inherited from baseline Git revision 39991eb; retained historical capsule/support file,Baseline repository contents; not all historical experiments are part of the current scorecard replay,9733372107eda3def316d5d56637b21d3b80d5395645a414dd7849f90db33a88,1989,review-branch publication requested by author 2026-10-02; no new license grant; complete external source archives excluded,Git on benchmark-review; no Git LFS; not a tagged final release
artifacts/quantum_rings/family_aware_paper/mqt_family_classifier/mqt_family_classifier.joblib,include,Inherited from baseline Git revision 39991eb; retained historical capsule/support file,Baseline repository contents; not all historical experiments are part of the current scorecard replay,abb0404ce1f1f48aeaa82491f3e6e4ee7bb5daf8294d07d699e223d910dd6dce,313905,review-branch publication requested by author 2026-10-02; no new license grant; complete external source archives excluded,Git on benchmark-review; no Git LFS; not a tagged final release
artifacts/quantum_rings/family_aware_paper/mqt_family_classifier/mqt_family_classifier.json,include,Inherited from baseline Git revision 39991eb; retained historical capsule/support file,Baseline repository contents; not all historical experiments are part of the current scorecard replay,cf7067c8a88c5ab595d2dc3b31b0665a4164fb4868e9780f729a775aca9b4f4b,2017,review-branch publication requested by author 2026-10-02; no new license grant; complete external source archives excluded,Git on benchmark-review; no Git LFS; not a tagged final release
artifacts/quantum_rings/family_aware_paper/mqt_pretrained_family_replication.json,include,Inherited from baseline Git revision 39991eb; retained historical capsule/support file,Baseline repository contents; not all historical experiments are part of the current scorecard replay,87cce89ea912b5bf80f283a2a17fb473be0c9767e82ab72e5c75be3e3550e244,2950,review-branch publication requested by author 2026-10-02; no new license grant; complete external source archives excluded,Git on benchmark-review; no Git LFS; not a tagged final release
artifacts/quantum_rings/family_aware_paper/paper_replication.json,include,Inherited from baseline Git revision 39991eb; retained historical capsule/support file,Baseline repository contents; not all historical experiments are part of the current scorecard replay,b9bd992b734158aae22cc732e4eccb081348303df0ca35cb3d6b9d6f36c72525,5535,review-branch publication requested by author 2026-10-02; no new license grant; complete external source archives excluded,Git on benchmark-review; no Git LFS; not a tagged final release
artifacts/quantum_rings/family_aware_paper/paper_replication_challenge.json,include,Inherited from baseline Git revision 39991eb; retained historical capsule/support file,Baseline repository contents; not all historical experiments are part of the current scorecard replay,876f1b30c6bfcc4e7cf0fb54fa6ae418ca92b2ee2faecd6cefd278a10dc7b072,2822,review-branch publication requested by author 2026-10-02; no new license grant; complete external source archives excluded,Git on benchmark-review; no Git LFS; not a tagged final release
artifacts/quantum_rings/family_aware_paper/paper_replication_paper.json,include,Inherited from baseline Git revision 39991eb; retained historical capsule/support file,Baseline repository contents; not all historical experiments are part of the current scorecard replay,20d5c12ff6c735ebce88e615e114bb1f2023843cef8cc92161e501297517ef05,2869,review-branch publication requested by author 2026-10-02; no new license grant; complete external source archives excluded,Git on benchmark-review; no Git LFS; not a tagged final release
artifacts/quantum_rings/family_aware_paper/protocol_audit.json,include,Inherited from baseline Git revision 39991eb; retained historical capsule/support file,Baseline repository contents; not all historical experiments are part of the current scorecard replay,c8b81dc0fa6c1386704113de5ef9912bdc5f9b4a7f031817069b5a706592585a,31538,review-branch publication requested by author 2026-10-02; no new license grant; complete external source archives excluded,Git on benchmark-review; no Git LFS; not a tagged final release
artifacts/quantum_rings/summary.json,include,Inherited from baseline Git revision 39991eb; retained historical capsule/support file,Baseline repository contents; not all historical experiments are part of the current scorecard replay,727097f464b98bbcf3b413dd78ff31d7d3c581fb4aedcca009394f8de10337cb,4840,review-branch publication requested by author 2026-10-02; no new license grant; complete external source archives excluded,Git on benchmark-review; no Git LFS; not a tagged final release
artifacts/simulator_papers/DEEP_ANALYSIS_2026-09-20.json,include,Inherited from baseline Git revision 39991eb; retained historical capsule/support file,Baseline repository contents; not all historical experiments are part of the current scorecard replay,047b9296c97857664ebde595f2d7ea8dee0d9e76796b967e5132eb8fabfd3174,12480,review-branch publication requested by author 2026-10-02; no new license grant; complete external source archives excluded,Git on benchmark-review; no Git LFS; not a tagged final release
artifacts/simulator_papers/DEEP_ANALYSIS_2026-09-20.md,include,Inherited from baseline Git revision 39991eb; retained historical capsule/support file,Baseline repository contents; not all historical experiments are part of the current scorecard replay,5e78186ea9b06957f34851667bc64c1cebe0ddf59ed957833a3a2389440beedd,6438,review-branch publication requested by author 2026-10-02; no new license grant; complete external source archives excluded,Git on benchmark-review; no Git LFS; not a tagged final release
artifacts/simulator_papers/INITIAL_LOCAL_REPRODUCTION_REPORT_2026-09-20.md,include,Inherited from baseline Git revision 39991eb; retained historical capsule/support file,Baseline repository contents; not all historical experiments are part of the current scorecard replay,9d0616ccb499a4f831d7620971ca05916b8a74dd5d2160988bfca669f85ade44,8484,review-branch publication requested by author 2026-10-02; no new license grant; complete external source archives excluded,Git on benchmark-review; no Git LFS; not a tagged final release
artifacts/simulator_papers/SIMULATOR_ESTIMATOR_VALIDATION_REPORT_2026-09-20.md,include,Inherited from baseline Git revision 39991eb; retained historical capsule/support file,Baseline repository contents; not all historical experiments are part of the current scorecard replay,659742ec05457867fcde4272b9d11c4c5cfc060179da1c5d27c8b073fbd0dad8,12426,review-branch publication requested by author 2026-10-02; no new license grant; complete external source archives excluded,Git on benchmark-review; no Git LFS; not a tagged final release
artifacts/simulator_papers/SP4_SP6_INDEPENDENT_PROBES_2026-09-20.md,include,Inherited from baseline Git revision 39991eb; retained historical capsule/support file,Baseline repository contents; not all historical experiments are part of the current scorecard replay,8089b874ad48f865490f6980630b3d108f772e6043e28f1b330b644d7781c208,3050,review-branch publication requested by author 2026-10-02; no new license grant; complete external source archives excluded,Git on benchmark-review; no Git LFS; not a tagged final release
artifacts/simulator_papers/aer_interval_validation_20260920/evaluation.json,include,Inherited from baseline Git revision 39991eb; retained historical capsule/support file,Baseline repository contents; not all historical experiments are part of the current scorecard replay,cd0ecb120e35e4c803b6f44bfd1ec5dee2bd008d2386ea8a5aaa2b3a072ff78d,1550,review-branch publication requested by author 2026-10-02; no new license grant; complete external source archives excluded,Git on benchmark-review; no Git LFS; not a tagged final release
artifacts/simulator_papers/aer_interval_validation_20260920/evaluation.md,include,Inherited from baseline Git revision 39991eb; retained historical capsule/support file,Baseline repository contents; not all historical experiments are part of the current scorecard replay,e658836dc9716dd72c57c092d244dcf80f601d855f41a4e8f3b8104af74c8157,723,review-branch publication requested by author 2026-10-02; no new license grant; complete external source archives excluded,Git on benchmark-review; no Git LFS; not a tagged final release
artifacts/simulator_papers/aer_interval_validation_20260920/evaluation_metrics.csv,include,Inherited from baseline Git revision 39991eb; retained historical capsule/support file,Baseline repository contents; not all historical experiments are part of the current scorecard replay,2c24848356838bb5db258918a1b0458c04179e3456c5153571fe7a1ecd23e231,498,review-branch publication requested by author 2026-10-02; no new license grant; complete external source archives excluded,Git on benchmark-review; no Git LFS; not a tagged final release
artifacts/simulator_papers/aer_interval_validation_20260920/evaluation_oof_predictions.csv,include,Inherited from baseline Git revision 39991eb; retained historical capsule/support file,Baseline repository contents; not all historical experiments are part of the current scorecard replay,d5ce964d1f9371ce6479fed45df034420fc75f5acdb82e9ab3eff648b5c61050,627902,review-branch publication requested by author 2026-10-02; no new license grant; complete external source archives excluded,Git on benchmark-review; no Git LFS; not a tagged final release
artifacts/simulator_papers/emu_mps_threshold_extension_20260920/threshold_definition.json,include,Inherited from baseline Git revision 39991eb; retained historical capsule/support file,Baseline repository contents; not all historical experiments are part of the current scorecard replay,25c772941d8f699991c9d70e4b83b41c31c98e5169a9210c04cb811020f89543,884,review-branch publication requested by author 2026-10-02; no new license grant; complete external source archives excluded,Git on benchmark-review; no Git LFS; not a tagged final release
artifacts/simulator_papers/emu_mps_threshold_extension_20260920/threshold_environment.json,include,Inherited from baseline Git revision 39991eb; retained historical capsule/support file,Baseline repository contents; not all historical experiments are part of the current scorecard replay,a3cb8cf4af6be16988309f2a06d2aaeae983c71efd6660ef40dc06589b8e4329,223,review-branch publication requested by author 2026-10-02; no new license grant; complete external source archives excluded,Git on benchmark-review; no Git LFS; not a tagged final release
artifacts/simulator_papers/emu_mps_threshold_extension_20260920/threshold_labels.csv,include,Inherited from baseline Git revision 39991eb; retained historical capsule/support file,Baseline repository contents; not all historical experiments are part of the current scorecard replay,4702d2ebb83d0f2cc542c444173e886ad27f32d062b963848a43ff9d6c03d5fd,1976,review-branch publication requested by author 2026-10-02; no new license grant; complete external source archives excluded,Git on benchmark-review; no Git LFS; not a tagged final release
artifacts/simulator_papers/emu_mps_threshold_extension_20260920/threshold_labels.jsonl,include,Inherited from baseline Git revision 39991eb; retained historical capsule/support file,Baseline repository contents; not all historical experiments are part of the current scorecard replay,f9097e656c3ece27f496086f94f5ef30845234add4f3feabc0decd26faf18917,6142,review-branch publication requested by author 2026-10-02; no new license grant; complete external source archives excluded,Git on benchmark-review; no Git LFS; not a tagged final release
artifacts/simulator_papers/emu_mps_threshold_extension_20260920/threshold_sweep.jsonl,include,Inherited from baseline Git revision 39991eb; retained historical capsule/support file,Baseline repository contents; not all historical experiments are part of the current scorecard replay,af378cd7dc908c1065cad62ddbd4a8c8476fda724c4028625f63c179c3d03084,33115,review-branch publication requested by author 2026-10-02; no new license grant; complete external source archives excluded,Git on benchmark-review; no Git LFS; not a tagged final release
artifacts/simulator_papers/explicit_plan_ranking_expanded_20260920/candidates_connected.csv,include,Inherited from baseline Git revision 39991eb; retained historical capsule/support file,Baseline repository contents; not all historical experiments are part of the current scorecard replay,72074bfee05b9aa9b37eeacca20d4a03ad370011544142d38e5197770b1d1fbc,45676,review-branch publication requested by author 2026-10-02; no new license grant; complete external source archives excluded,Git on benchmark-review; no Git LFS; not a tagged final release
artifacts/simulator_papers/explicit_plan_ranking_expanded_20260920/candidates_connected.environment.json,include,Inherited from baseline Git revision 39991eb; retained historical capsule/support file,Baseline repository contents; not all historical experiments are part of the current scorecard replay,f05ad8f9cadc339d4e957754d4b21e1aca74496008efd92c01bfd4c19a875dc4,468,review-branch publication requested by author 2026-10-02; no new license grant; complete external source archives excluded,Git on benchmark-review; no Git LFS; not a tagged final release
artifacts/simulator_papers/explicit_plan_ranking_expanded_20260920/candidates_connected.failures.json,include,Inherited from baseline Git revision 39991eb; retained historical capsule/support file,Baseline repository contents; not all historical experiments are part of the current scorecard replay,a50b8b48492d232cba0d8555b2bc28c54983daed027a21a72cd30d621fadd76b,1799,review-branch publication requested by author 2026-10-02; no new license grant; complete external source archives excluded,Git on benchmark-review; no Git LFS; not a tagged final release
artifacts/simulator_papers/explicit_plan_ranking_expanded_20260920/evaluation_connected.csv,include,Inherited from baseline Git revision 39991eb; retained historical capsule/support file,Baseline repository contents; not all historical experiments are part of the current scorecard replay,3c4899effbfe95a54c036d3284109d0436518593a82e39dc3e05980acee61112,2666,review-branch publication requested by author 2026-10-02; no new license grant; complete external source archives excluded,Git on benchmark-review; no Git LFS; not a tagged final release
artifacts/simulator_papers/explicit_plan_ranking_expanded_20260920/evaluation_connected.json,include,Inherited from baseline Git revision 39991eb; retained historical capsule/support file,Baseline repository contents; not all historical experiments are part of the current scorecard replay,c9e68413b3a1f4a14c97c741a748a7eab703dfae85f50f7167a1a40ef8eb5579,581,review-branch publication requested by author 2026-10-02; no new license grant; complete external source archives excluded,Git on benchmark-review; no Git LFS; not a tagged final release
artifacts/simulator_papers/explicit_plan_ranking_expanded_20260920/evaluation_connected.md,include,Inherited from baseline Git revision 39991eb; retained historical capsule/support file,Baseline repository contents; not all historical experiments are part of the current scorecard replay,580a970f219a1018012387cd238d49883c3b423642c6154927bd7c723c4381d4,758,review-branch publication requested by author 2026-10-02; no new license grant; complete external source archives excluded,Git on benchmark-review; no Git LFS; not a tagged final release
artifacts/simulator_papers/explicit_plan_ranking_proxy_20260920/candidates.csv,include,Inherited from baseline Git revision 39991eb; retained historical capsule/support file,Baseline repository contents; not all historical experiments are part of the current scorecard replay,df0f4156240e4620012d3506970a65506dc009f8b3518a741b30400b1df2f94b,21174,review-branch publication requested by author 2026-10-02; no new license grant; complete external source archives excluded,Git on benchmark-review; no Git LFS; not a tagged final release
artifacts/simulator_papers/explicit_plan_ranking_proxy_20260920/candidates.environment.json,include,Inherited from baseline Git revision 39991eb; retained historical capsule/support file,Baseline repository contents; not all historical experiments are part of the current scorecard replay,ca4bbafb49e47084bb2740dea903df6ae094c7abfaafadf58f3c6da1c9c48c2e,384,review-branch publication requested by author 2026-10-02; no new license grant; complete external source archives excluded,Git on benchmark-review; no Git LFS; not a tagged final release
artifacts/simulator_papers/explicit_plan_ranking_proxy_20260920/candidates.failures.json,include,Inherited from baseline Git revision 39991eb; retained historical capsule/support file,Baseline repository contents; not all historical experiments are part of the current scorecard replay,37517e5f3dc66819f61f5a7bb8ace1921282415f10551d2defa5c3eb0985b570,3,review-branch publication requested by author 2026-10-02; no new license grant; complete external source archives excluded,Git on benchmark-review; no Git LFS; not a tagged final release
artifacts/simulator_papers/explicit_plan_ranking_proxy_20260920/evaluation.csv,include,Inherited from baseline Git revision 39991eb; retained historical capsule/support file,Baseline repository contents; not all historical experiments are part of the current scorecard replay,ceff7aaee34e52fb9c90dbbda54cb5c737b2d74d2fc7816efefb1c91418e5f2c,2597,review-branch publication requested by author 2026-10-02; no new license grant; complete external source archives excluded,Git on benchmark-review; no Git LFS; not a tagged final release
artifacts/simulator_papers/explicit_plan_ranking_proxy_20260920/evaluation.json,include,Inherited from baseline Git revision 39991eb; retained historical capsule/support file,Baseline repository contents; not all historical experiments are part of the current scorecard replay,95878be2123c4cba0d3614b5385e7ac75ee51980a4533f18688b81fba5bfbea0,602,review-branch publication requested by author 2026-10-02; no new license grant; complete external source archives excluded,Git on benchmark-review; no Git LFS; not a tagged final release
artifacts/simulator_papers/explicit_plan_ranking_proxy_20260920/evaluation.md,include,Inherited from baseline Git revision 39991eb; retained historical capsule/support file,Baseline repository contents; not all historical experiments are part of the current scorecard replay,6e013240c5489ba9f0d8f60a505185e1d032ac0c97da7468599f43a8e95c5b88,709,review-branch publication requested by author 2026-10-02; no new license grant; complete external source archives excluded,Git on benchmark-review; no Git LFS; not a tagged final release
artifacts/simulator_papers/family_aware_emu_mps_expanded_20260920/evaluation.csv,include,Inherited from baseline Git revision 39991eb; retained historical capsule/support file,Baseline repository contents; not all historical experiments are part of the current scorecard replay,0d69a91cdc6380922c1d02b0ca91dc402414aedaa3d3b9432a86f0703f907eda,4549,review-branch publication requested by author 2026-10-02; no new license grant; complete external source archives excluded,Git on benchmark-review; no Git LFS; not a tagged final release
artifacts/simulator_papers/family_aware_emu_mps_expanded_20260920/evaluation.json,include,Inherited from baseline Git revision 39991eb; retained historical capsule/support file,Baseline repository contents; not all historical experiments are part of the current scorecard replay,09c61bbd057821c514dfdf61c5cbd5e440c69ba5b36da92810c8dd104eef497c,1183,review-branch publication requested by author 2026-10-02; no new license grant; complete external source archives excluded,Git on benchmark-review; no Git LFS; not a tagged final release
artifacts/simulator_papers/family_aware_emu_mps_expanded_20260920/evaluation.md,include,Inherited from baseline Git revision 39991eb; retained historical capsule/support file,Baseline repository contents; not all historical experiments are part of the current scorecard replay,5260685cdc37d8ec9cdd6a2d759c5ccb2b58d48d184586d2fa879386943bb34d,1276,review-branch publication requested by author 2026-10-02; no new license grant; complete external source archives excluded,Git on benchmark-review; no Git LFS; not a tagged final release
artifacts/simulator_papers/family_aware_emu_mps_proxy_20260920/evaluation.csv,include,Inherited from baseline Git revision 39991eb; retained historical capsule/support file,Baseline repository contents; not all historical experiments are part of the current scorecard replay,556b3c0345d6452002dc99a5dde05970c10afde107f4e39c2b52a331404de89d,2229,review-branch publication requested by author 2026-10-02; no new license grant; complete external source archives excluded,Git on benchmark-review; no Git LFS; not a tagged final release
artifacts/simulator_papers/family_aware_emu_mps_proxy_20260920/evaluation.json,include,Inherited from baseline Git revision 39991eb; retained historical capsule/support file,Baseline repository contents; not all historical experiments are part of the current scorecard replay,c917d2af0320bd7636929086420c4e0b60af4c8308519627575157428a56e95a,1217,review-branch publication requested by author 2026-10-02; no new license grant; complete external source archives excluded,Git on benchmark-review; no Git LFS; not a tagged final release
artifacts/simulator_papers/family_aware_emu_mps_proxy_20260920/evaluation.md,include,Inherited from baseline Git revision 39991eb; retained historical capsule/support file,Baseline repository contents; not all historical experiments are part of the current scorecard replay,6b2b254f4377cb29f26afa2b465137d909e7352ac21a7004fa77e86c75a10946,1264,review-branch publication requested by author 2026-10-02; no new license grant; complete external source archives excluded,Git on benchmark-review; no Git LFS; not a tagged final release
artifacts/simulator_papers/precision_selection_expanded_20260920/evaluation.csv,include,Inherited from baseline Git revision 39991eb; retained historical capsule/support file,Baseline repository contents; not all historical experiments are part of the current scorecard replay,289c5f6629359b6be9f6c88c31f18830a99ea25780ad6c8b64c21cd81f4a494e,7138,review-branch publication requested by author 2026-10-02; no new license grant; complete external source archives excluded,Git on benchmark-review; no Git LFS; not a tagged final release
artifacts/simulator_papers/precision_selection_expanded_20260920/evaluation.json,include,Inherited from baseline Git revision 39991eb; retained historical capsule/support file,Baseline repository contents; not all historical experiments are part of the current scorecard replay,0762daf9adca1e5800afe3c3f81f9cee1b4bac6910fd1b3b8eb2b600c6cb13fb,655,review-branch publication requested by author 2026-10-02; no new license grant; complete external source archives excluded,Git on benchmark-review; no Git LFS; not a tagged final release
artifacts/simulator_papers/precision_selection_expanded_20260920/evaluation.md,include,Inherited from baseline Git revision 39991eb; retained historical capsule/support file,Baseline repository contents; not all historical experiments are part of the current scorecard replay,49726ed4c75bbb1f0d5ca7a0d146c0a930d4cb31adbcf49a8aed8db9800e830b,668,review-branch publication requested by author 2026-10-02; no new license grant; complete external source archives excluded,Git on benchmark-review; no Git LFS; not a tagged final release
artifacts/simulator_papers/precision_selection_expanded_20260920/policy.json,include,Inherited from baseline Git revision 39991eb; retained historical capsule/support file,Baseline repository contents; not all historical experiments are part of the current scorecard replay,8a246af273ce5151792ed92d57f3da2c4116dd4921037630a3908181e5866b17,2348,review-branch publication requested by author 2026-10-02; no new license grant; complete external source archives excluded,Git on benchmark-review; no Git LFS; not a tagged final release
artifacts/simulator_papers/precision_selection_expanded_20260920/policy.md,include,Inherited from baseline Git revision 39991eb; retained historical capsule/support file,Baseline repository contents; not all historical experiments are part of the current scorecard replay,9e1f3e7c1d8587d587ad9da43e0d2fae252617563ff59f8d93a403d7c6dc3d81,728,review-branch publication requested by author 2026-10-02; no new license grant; complete external source archives excluded,Git on benchmark-review; no Git LFS; not a tagged final release
artifacts/simulator_papers/precision_selection_expanded_20260920/policy_canonical_pairs.csv,include,Inherited from baseline Git revision 39991eb; retained historical capsule/support file,Baseline repository contents; not all historical experiments are part of the current scorecard replay,d751822015540b2b865d359d9f4bedc8aa9d51dafe8e75db9d590d70d3c1ba78,7471,review-branch publication requested by author 2026-10-02; no new license grant; complete external source archives excluded,Git on benchmark-review; no Git LFS; not a tagged final release
artifacts/simulator_papers/precision_selection_expanded_20260920/policy_metrics.csv,include,Inherited from baseline Git revision 39991eb; retained historical capsule/support file,Baseline repository contents; not all historical experiments are part of the current scorecard replay,a0cd7498b198b2618f2b55f23e630675ec27f82f720a8b63f54b073e1cfca298,859,review-branch publication requested by author 2026-10-02; no new license grant; complete external source archives excluded,Git on benchmark-review; no Git LFS; not a tagged final release
artifacts/simulator_papers/precision_selection_expanded_20260920/policy_oof_decisions.csv,include,Inherited from baseline Git revision 39991eb; retained historical capsule/support file,Baseline repository contents; not all historical experiments are part of the current scorecard replay,bd9962c110ef2cb5c697aa92331e56b12e63145a74742db990d7e27b64677115,26977,review-branch publication requested by author 2026-10-02; no new license grant; complete external source archives excluded,Git on benchmark-review; no Git LFS; not a tagged final release
artifacts/simulator_papers/precision_selection_expanded_20260920/records.csv,include,Inherited from baseline Git revision 39991eb; retained historical capsule/support file,Baseline repository contents; not all historical experiments are part of the current scorecard replay,944fa1e5fd245b04dfabaf70c2e3707d34eb1415aca7011c256f28ff934cd1ae,28313,review-branch publication requested by author 2026-10-02; no new license grant; complete external source archives excluded,Git on benchmark-review; no Git LFS; not a tagged final release
artifacts/simulator_papers/precision_selection_expanded_20260920/records.environment.json,include,Inherited from baseline Git revision 39991eb; retained historical capsule/support file,Baseline repository contents; not all historical experiments are part of the current scorecard replay,72ceeece3d356642711ee195c488c402ad4ad8f6bfd0537da35fa73bfd559b60,404,review-branch publication requested by author 2026-10-02; no new license grant; complete external source archives excluded,Git on benchmark-review; no Git LFS; not a tagged final release
artifacts/simulator_papers/precision_selection_expanded_20260920/records.failures.json,include,Inherited from baseline Git revision 39991eb; retained historical capsule/support file,Baseline repository contents; not all historical experiments are part of the current scorecard replay,37517e5f3dc66819f61f5a7bb8ace1921282415f10551d2defa5c3eb0985b570,3,review-branch publication requested by author 2026-10-02; no new license grant; complete external source archives excluded,Git on benchmark-review; no Git LFS; not a tagged final release
artifacts/simulator_papers/precision_selection_proxy_20260920/evaluation.csv,include,Inherited from baseline Git revision 39991eb; retained historical capsule/support file,Baseline repository contents; not all historical experiments are part of the current scorecard replay,72889afa15364fc42082b5bac1f6a00b2c5456d6742ee43400fc3051eae48ddd,2746,review-branch publication requested by author 2026-10-02; no new license grant; complete external source archives excluded,Git on benchmark-review; no Git LFS; not a tagged final release
artifacts/simulator_papers/precision_selection_proxy_20260920/evaluation.json,include,Inherited from baseline Git revision 39991eb; retained historical capsule/support file,Baseline repository contents; not all historical experiments are part of the current scorecard replay,ec39f80f3c2919d72703adddb4787654227a6cd34ce9d53f6615c40e4e62ed07,658,review-branch publication requested by author 2026-10-02; no new license grant; complete external source archives excluded,Git on benchmark-review; no Git LFS; not a tagged final release
artifacts/simulator_papers/precision_selection_proxy_20260920/evaluation.md,include,Inherited from baseline Git revision 39991eb; retained historical capsule/support file,Baseline repository contents; not all historical experiments are part of the current scorecard replay,8f86841a8ed0c816de0cd7d7540d1d3c0415b7c326da6c27694ab2702d092f89,668,review-branch publication requested by author 2026-10-02; no new license grant; complete external source archives excluded,Git on benchmark-review; no Git LFS; not a tagged final release
artifacts/simulator_papers/precision_selection_proxy_20260920/pairs.csv,include,Inherited from baseline Git revision 39991eb; retained historical capsule/support file,Baseline repository contents; not all historical experiments are part of the current scorecard replay,42311c5c51324ae2b44d01898a24180230d843718166c84f424e71a5b73e124d,17337,review-branch publication requested by author 2026-10-02; no new license grant; complete external source archives excluded,Git on benchmark-review; no Git LFS; not a tagged final release
artifacts/simulator_papers/precision_selection_proxy_20260920/pairs.environment.json,include,Inherited from baseline Git revision 39991eb; retained historical capsule/support file,Baseline repository contents; not all historical experiments are part of the current scorecard replay,0af340b3bce0f0be5102467068cc3ed147c9560d77308bf7c3c38d362d2c28dd,357,review-branch publication requested by author 2026-10-02; no new license grant; complete external source archives excluded,Git on benchmark-review; no Git LFS; not a tagged final release
artifacts/simulator_papers/precision_selection_proxy_20260920/pairs.failures.json,include,Inherited from baseline Git revision 39991eb; retained historical capsule/support file,Baseline repository contents; not all historical experiments are part of the current scorecard replay,37517e5f3dc66819f61f5a7bb8ace1921282415f10551d2defa5c3eb0985b570,3,review-branch publication requested by author 2026-10-02; no new license grant; complete external source archives excluded,Git on benchmark-review; no Git LFS; not a tagged final release
artifacts/simulator_papers/vqcsim_estimator_base_mirror_20260920/evaluation.json,include,Inherited from baseline Git revision 39991eb; retained historical capsule/support file,Baseline repository contents; not all historical experiments are part of the current scorecard replay,e9072e14c6e8bb7860a7333c07c846ee50e5873ca4b2c7ea95568c4068322715,520,review-branch publication requested by author 2026-10-02; no new license grant; complete external source archives excluded,Git on benchmark-review; no Git LFS; not a tagged final release
artifacts/simulator_papers/vqcsim_estimator_base_mirror_20260920/evaluation.md,include,Inherited from baseline Git revision 39991eb; retained historical capsule/support file,Baseline repository contents; not all historical experiments are part of the current scorecard replay,23c9f17d5189ff06d46e7118543945369fc5b1860d972f94c6f3ec6cfff4968e,1738,review-branch publication requested by author 2026-10-02; no new license grant; complete external source archives excluded,Git on benchmark-review; no Git LFS; not a tagged final release
artifacts/simulator_papers/vqcsim_estimator_base_mirror_20260920/evaluation_canonical_rows.csv,include,Inherited from baseline Git revision 39991eb; retained historical capsule/support file,Baseline repository contents; not all historical experiments are part of the current scorecard replay,d8dabea942e8bb8d26388179f99fbcb659597da5bb69ba16e2491c5c072fe6dc,187195,review-branch publication requested by author 2026-10-02; no new license grant; complete external source archives excluded,Git on benchmark-review; no Git LFS; not a tagged final release
artifacts/simulator_papers/vqcsim_estimator_base_mirror_20260920/evaluation_metrics.csv,include,Inherited from baseline Git revision 39991eb; retained historical capsule/support file,Baseline repository contents; not all historical experiments are part of the current scorecard replay,d566224754a6b8f38f1863d7d90f1679cc0136abcbf6157f8139d996b42fb37f,2475,review-branch publication requested by author 2026-10-02; no new license grant; complete external source archives excluded,Git on benchmark-review; no Git LFS; not a tagged final release
artifacts/simulator_papers/vqcsim_estimator_base_mirror_20260920/evaluation_oof_predictions.csv,include,Inherited from baseline Git revision 39991eb; retained historical capsule/support file,Baseline repository contents; not all historical experiments are part of the current scorecard replay,25f20e87d21d757c4737861a5fd661425b9328598e956be37c422e0684ca21b5,187134,review-branch publication requested by author 2026-10-02; no new license grant; complete external source archives excluded,Git on benchmark-review; no Git LFS; not a tagged final release
artifacts/simulator_papers/vqcsim_rq2_gpu_fp32_16_24_20260920/circuits/qaoa/qaoa_alg_size_16.bound.qasm3,include,Inherited from baseline Git revision 39991eb; retained historical capsule/support file,Baseline repository contents; not all historical experiments are part of the current scorecard replay,2c43af8d467e6ba5b26dd08565455165ee53fb38b667fdd37b57b25708bb2594,3781,review-branch publication requested by author 2026-10-02; no new license grant; complete external source archives excluded,Git on benchmark-review; no Git LFS; not a tagged final release
artifacts/simulator_papers/vqcsim_rq2_gpu_fp32_16_24_20260920/circuits/qaoa/qaoa_alg_size_16.metadata.json,include,Inherited from baseline Git revision 39991eb; retained historical capsule/support file,Baseline repository contents; not all historical experiments are part of the current scorecard replay,85b61b9c4fcbc7d09ef7c87015c7b5fc04dc374d8042a0d81b9cee777baef03d,1644,review-branch publication requested by author 2026-10-02; no new license grant; complete external source archives excluded,Git on benchmark-review; no Git LFS; not a tagged final release
artifacts/simulator_papers/vqcsim_rq2_gpu_fp32_16_24_20260920/circuits/qaoa/qaoa_alg_size_16.normalized.bound.qasm,include,Inherited from baseline Git revision 39991eb; retained historical capsule/support file,Baseline repository contents; not all historical experiments are part of the current scorecard replay,1f82215e5ed8ffdb3758774e8167e63de7c88da5db87c7d9b472038ae2c79c87,7045,review-branch publication requested by author 2026-10-02; no new license grant; complete external source archives excluded,Git on benchmark-review; no Git LFS; not a tagged final release
artifacts/simulator_papers/vqcsim_rq2_gpu_fp32_16_24_20260920/circuits/qaoa/qaoa_alg_size_16.normalized.qasm,include,Inherited from baseline Git revision 39991eb; retained historical capsule/support file,Baseline repository contents; not all historical experiments are part of the current scorecard replay,faad6dd5a1a511f86607fb105220a9d418f1dd557645d75763e8c4575f535497,8780,review-branch publication requested by author 2026-10-02; no new license grant; complete external source archives excluded,Git on benchmark-review; no Git LFS; not a tagged final release
artifacts/simulator_papers/vqcsim_rq2_gpu_fp32_16_24_20260920/circuits/qaoa/qaoa_alg_size_16.qasm3,include,Inherited from baseline Git revision 39991eb; retained historical capsule/support file,Baseline repository contents; not all historical experiments are part of the current scorecard replay,5d03d51bfe60b296384ee57d3b87f2a94f3156bf5ae13d84f67e0732b5f3bd34,3905,review-branch publication requested by author 2026-10-02; no new license grant; complete external source archives excluded,Git on benchmark-review; no Git LFS; not a tagged final release
artifacts/simulator_papers/vqcsim_rq2_gpu_fp32_16_24_20260920/circuits/qaoa/qaoa_alg_size_17.bound.qasm3,include,Inherited from baseline Git revision 39991eb; retained historical capsule/support file,Baseline repository contents; not all historical experiments are part of the current scorecard replay,ee16b949b31eeaa1a5859993ad113c508a4aa13f0f051a8eb1674386b6a7bb23,4672,review-branch publication requested by author 2026-10-02; no new license grant; complete external source archives excluded,Git on benchmark-review; no Git LFS; not a tagged final release
artifacts/simulator_papers/vqcsim_rq2_gpu_fp32_16_24_20260920/circuits/qaoa/qaoa_alg_size_17.metadata.json,include,Inherited from baseline Git revision 39991eb; retained historical capsule/support file,Baseline repository contents; not all historical experiments are part of the current scorecard replay,cfb551ae366ef3b1370fa5607dc6bef79b9f2a295f72cd210b3a3b3c1275edc7,1623,review-branch publication requested by author 2026-10-02; no new license grant; complete external source archives excluded,Git on benchmark-review; no Git LFS; not a tagged final release
artifacts/simulator_papers/vqcsim_rq2_gpu_fp32_16_24_20260920/circuits/qaoa/qaoa_alg_size_17.normalized.bound.qasm,include,Inherited from baseline Git revision 39991eb; retained historical capsule/support file,Baseline repository contents; not all historical experiments are part of the current scorecard replay,bdf954c347c3bf415ff601e95ddbea66628bd2196d06bb81b5d84f3693e5f336,8809,review-branch publication requested by author 2026-10-02; no new license grant; complete external source archives excluded,Git on benchmark-review; no Git LFS; not a tagged final release
artifacts/simulator_papers/vqcsim_rq2_gpu_fp32_16_24_20260920/circuits/qaoa/qaoa_alg_size_17.normalized.qasm,include,Inherited from baseline Git revision 39991eb; retained historical capsule/support file,Baseline repository contents; not all historical experiments are part of the current scorecard replay,972fbf39337d1d994c949e7091cf0b1422f40ea0729188e04b50e659b7d6ab2b,10727,review-branch publication requested by author 2026-10-02; no new license grant; complete external source archives excluded,Git on benchmark-review; no Git LFS; not a tagged final release
artifacts/simulator_papers/vqcsim_rq2_gpu_fp32_16_24_20260920/circuits/qaoa/qaoa_alg_size_17.qasm3,include,Inherited from baseline Git revision 39991eb; retained historical capsule/support file,Baseline repository contents; not all historical experiments are part of the current scorecard replay,6331b49caf9f8d030ef11513ab157ce27cd8bbcb64fb766d45a08941419a4337,4798,review-branch publication requested by author 2026-10-02; no new license grant; complete external source archives excluded,Git on benchmark-review; no Git LFS; not a tagged final release
artifacts/simulator_papers/vqcsim_rq2_gpu_fp32_16_24_20260920/circuits/qaoa/qaoa_alg_size_18.bound.qasm3,include,Inherited from baseline Git revision 39991eb; retained historical capsule/support file,Baseline repository contents; not all historical experiments are part of the current scorecard replay,e7f1ccbb677a34213b7bda55eb0dcfb050b4380c8748f82d833e703005832fdb,4711,review-branch publication requested by author 2026-10-02; no new license grant; complete external source archives excluded,Git on benchmark-review; no Git LFS; not a tagged final release
artifacts/simulator_papers/vqcsim_rq2_gpu_fp32_16_24_20260920/circuits/qaoa/qaoa_alg_size_18.metadata.json,include,Inherited from baseline Git revision 39991eb; retained historical capsule/support file,Baseline repository contents; not all historical experiments are part of the current scorecard replay,a1b1b5b44c2776dfa408f94c52f9b97759c5b2a26141c833fc43d3c6eb61392c,1645,review-branch publication requested by author 2026-10-02; no new license grant; complete external source archives excluded,Git on benchmark-review; no Git LFS; not a tagged final release
artifacts/simulator_papers/vqcsim_rq2_gpu_fp32_16_24_20260920/circuits/qaoa/qaoa_alg_size_18.normalized.bound.qasm,include,Inherited from baseline Git revision 39991eb; retained historical capsule/support file,Baseline repository contents; not all historical experiments are part of the current scorecard replay,7d5b7fcba04e8dbb1c0b56f137adafbb9c11587c658212ea997f7d999d821d3a,8869,review-branch publication requested by author 2026-10-02; no new license grant; complete external source archives excluded,Git on benchmark-review; no Git LFS; not a tagged final release
artifacts/simulator_papers/vqcsim_rq2_gpu_fp32_16_24_20260920/circuits/qaoa/qaoa_alg_size_18.normalized.qasm,include,Inherited from baseline Git revision 39991eb; retained historical capsule/support file,Baseline repository contents; not all historical experiments are part of the current scorecard replay,62f09b0bcdb7ba426a6be18e2902105215906af97870e326f595d81127c3c677,10874,review-branch publication requested by author 2026-10-02; no new license grant; complete external source archives excluded,Git on benchmark-review; no Git LFS; not a tagged final release
artifacts/simulator_papers/vqcsim_rq2_gpu_fp32_16_24_20260920/circuits/qaoa/qaoa_alg_size_18.qasm3,include,Inherited from baseline Git revision 39991eb; retained historical capsule/support file,Baseline repository contents; not all historical experiments are part of the current scorecard replay,44da1e39641398b29f1cb3c14532a5a9dd9aab1554bb631307a0b5f8cfc55510,4839,review-branch publication requested by author 2026-10-02; no new license grant; complete external source archives excluded,Git on benchmark-review; no Git LFS; not a tagged final release
artifacts/simulator_papers/vqcsim_rq2_gpu_fp32_16_24_20260920/circuits/qaoa/qaoa_alg_size_19.bound.qasm3,include,Inherited from baseline Git revision 39991eb; retained historical capsule/support file,Baseline repository contents; not all historical experiments are part of the current scorecard replay,cc2cb56e2bf365a0a45f01f74b19f0f4aa4ca53ea7ac14253ac2838a4db156e7,5558,review-branch publication requested by author 2026-10-02; no new license grant; complete external source archives excluded,Git on benchmark-review; no Git LFS; not a tagged final release
artifacts/simulator_papers/vqcsim_rq2_gpu_fp32_16_24_20260920/circuits/qaoa/qaoa_alg_size_19.metadata.json,include,Inherited from baseline Git revision 39991eb; retained historical capsule/support file,Baseline repository contents; not all historical experiments are part of the current scorecard replay,b90f4fb57cc5d40b3d736b80f791d730ed3be370a0cdbbcddfb67680c224e0de,1623,review-branch publication requested by author 2026-10-02; no new license grant; complete external source archives excluded,Git on benchmark-review; no Git LFS; not a tagged final release
artifacts/simulator_papers/vqcsim_rq2_gpu_fp32_16_24_20260920/circuits/qaoa/qaoa_alg_size_19.normalized.bound.qasm,include,Inherited from baseline Git revision 39991eb; retained historical capsule/support file,Baseline repository contents; not all historical experiments are part of the current scorecard replay,e76f9a512f5aeaf19ececbdaea1fc29d332b628719be65f41290ff69ca97159e,10555,review-branch publication requested by author 2026-10-02; no new license grant; complete external source archives excluded,Git on benchmark-review; no Git LFS; not a tagged final release
artifacts/simulator_papers/vqcsim_rq2_gpu_fp32_16_24_20260920/circuits/qaoa/qaoa_alg_size_19.normalized.qasm,include,Inherited from baseline Git revision 39991eb; retained historical capsule/support file,Baseline repository contents; not all historical experiments are part of the current scorecard replay,cd7afe21398f51325a9137293de10a3b49447f44e0e863640bfea2291c02c68b,12737,review-branch publication requested by author 2026-10-02; no new license grant; complete external source archives excluded,Git on benchmark-review; no Git LFS; not a tagged final release
artifacts/simulator_papers/vqcsim_rq2_gpu_fp32_16_24_20260920/circuits/qaoa/qaoa_alg_size_19.qasm3,include,Inherited from baseline Git revision 39991eb; retained historical capsule/support file,Baseline repository contents; not all historical experiments are part of the current scorecard replay,7f8c1f08c5bed9460037e721544984763d4e7a1f62c191327cf896738e64702c,5688,review-branch publication requested by author 2026-10-02; no new license grant; complete external source archives excluded,Git on benchmark-review; no Git LFS; not a tagged final release
artifacts/simulator_papers/vqcsim_rq2_gpu_fp32_16_24_20260920/circuits/qaoa/qaoa_alg_size_20.bound.qasm3,include,Inherited from baseline Git revision 39991eb; retained historical capsule/support file,Baseline repository contents; not all historical experiments are part of the current scorecard replay,caa0a8259f7da0fa25d7c1d104c686ba1270d33c52bd83f6fe0546636302a41c,5799,review-branch publication requested by author 2026-10-02; no new license grant; complete external source archives excluded,Git on benchmark-review; no Git LFS; not a tagged final release
artifacts/simulator_papers/vqcsim_rq2_gpu_fp32_16_24_20260920/circuits/qaoa/qaoa_alg_size_20.metadata.json,include,Inherited from baseline Git revision 39991eb; retained historical capsule/support file,Baseline repository contents; not all historical experiments are part of the current scorecard replay,f19ac3985324784646033e849d64747b989e78398820ec0dd91ce7d1dc24b978,1645,review-branch publication requested by author 2026-10-02; no new license grant; complete external source archives excluded,Git on benchmark-review; no Git LFS; not a tagged final release
artifacts/simulator_papers/vqcsim_rq2_gpu_fp32_16_24_20260920/circuits/qaoa/qaoa_alg_size_20.normalized.bound.qasm,include,Inherited from baseline Git revision 39991eb; retained historical capsule/support file,Baseline repository contents; not all historical experiments are part of the current scorecard replay,e74459f85bb2f32af3d39c420cd6a8813bdb8c21157e234d07d4ab93733eeb6b,11011,review-branch publication requested by author 2026-10-02; no new license grant; complete external source archives excluded,Git on benchmark-review; no Git LFS; not a tagged final release
artifacts/simulator_papers/vqcsim_rq2_gpu_fp32_16_24_20260920/circuits/qaoa/qaoa_alg_size_20.normalized.qasm,include,Inherited from baseline Git revision 39991eb; retained historical capsule/support file,Baseline repository contents; not all historical experiments are part of the current scorecard replay,ff40d182e1e2e104e1e97c2eea8ed29a074fdcc0ff647f81fe47b6281fd6794d,13304,review-branch publication requested by author 2026-10-02; no new license grant; complete external source archives excluded,Git on benchmark-review; no Git LFS; not a tagged final release
artifacts/simulator_papers/vqcsim_rq2_gpu_fp32_16_24_20260920/circuits/qaoa/qaoa_alg_size_20.qasm3,include,Inherited from baseline Git revision 39991eb; retained historical capsule/support file,Baseline repository contents; not all historical experiments are part of the current scorecard replay,5c9eb4ffda772fa16acfef793cea72cb7075f94d4d16c12f5922bec14fb972da,5931,review-branch publication requested by author 2026-10-02; no new license grant; complete external source archives excluded,Git on benchmark-review; no Git LFS; not a tagged final release
artifacts/simulator_papers/vqcsim_rq2_gpu_fp32_16_24_20260920/circuits/qaoa/qaoa_alg_size_21.bound.qasm3,include,Inherited from baseline Git revision 39991eb; retained historical capsule/support file,Baseline repository contents; not all historical experiments are part of the current scorecard replay,cc8a80bfc8242ab13f076d55442d1e17aa73ba316eaff1c29f4f008a9729f82c,6284,review-branch publication requested by author 2026-10-02; no new license grant; complete external source archives excluded,Git on benchmark-review; no Git LFS; not a tagged final release
artifacts/simulator_papers/vqcsim_rq2_gpu_fp32_16_24_20260920/circuits/qaoa/qaoa_alg_size_21.metadata.json,include,Inherited from baseline Git revision 39991eb; retained historical capsule/support file,Baseline repository contents; not all historical experiments are part of the current scorecard replay,404e6bf6a4b5da8ad40538bd1c68d743381a10a801084fcabbaf98f11ec9ea41,1645,review-branch publication requested by author 2026-10-02; no new license grant; complete external source archives excluded,Git on benchmark-review; no Git LFS; not a tagged final release
artifacts/simulator_papers/vqcsim_rq2_gpu_fp32_16_24_20260920/circuits/qaoa/qaoa_alg_size_21.normalized.bound.qasm,include,Inherited from baseline Git revision 39991eb; retained historical capsule/support file,Baseline repository contents; not all historical experiments are part of the current scorecard replay,831b7def83d1ae0fe4b594e6ec9a79c01858e60d8be853286f0b91d39a856594,11983,review-branch publication requested by author 2026-10-02; no new license grant; complete external source archives excluded,Git on benchmark-review; no Git LFS; not a tagged final release
artifacts/simulator_papers/vqcsim_rq2_gpu_fp32_16_24_20260920/circuits/qaoa/qaoa_alg_size_21.normalized.qasm,include,Inherited from baseline Git revision 39991eb; retained historical capsule/support file,Baseline repository contents; not all historical experiments are part of the current scorecard replay,7850ed709b22b32e1812f461dfc3b70f2dac70fd809290b62cc14cb8946d8213,14411,review-branch publication requested by author 2026-10-02; no new license grant; complete external source archives excluded,Git on benchmark-review; no Git LFS; not a tagged final release
artifacts/simulator_papers/vqcsim_rq2_gpu_fp32_16_24_20260920/circuits/qaoa/qaoa_alg_size_21.qasm3,include,Inherited from baseline Git revision 39991eb; retained historical capsule/support file,Baseline repository contents; not all historical experiments are part of the current scorecard replay,cfd3a2c0198decd773b195e4a1e53af11a32544542296a8c3badf22b3074a97a,6418,review-branch publication requested by author 2026-10-02; no new license grant; complete external source archives excluded,Git on benchmark-review; no Git LFS; not a tagged final release
artifacts/simulator_papers/vqcsim_rq2_gpu_fp32_16_24_20260920/circuits/qaoa/qaoa_alg_size_22.bound.qasm3,include,Inherited from baseline Git revision 39991eb; retained historical capsule/support file,Baseline repository contents; not all historical experiments are part of the current scorecard replay,3b2db6c2f6309e989c97c327ec003f0665c5dc717c96f1d0f5322e256ac59a86,7755,review-branch publication requested by author 2026-10-02; no new license grant; complete external source archives excluded,Git on benchmark-review; no Git LFS; not a tagged final release
artifacts/simulator_papers/vqcsim_rq2_gpu_fp32_16_24_20260920/circuits/qaoa/qaoa_alg_size_22.metadata.json,include,Inherited from baseline Git revision 39991eb; retained historical capsule/support file,Baseline repository contents; not all historical experiments are part of the current scorecard replay,5b06d1458e043e69844a215e8d21dfef469522c82c665898fbf4c45a65856c8c,1623,review-branch publication requested by author 2026-10-02; no new license grant; complete external source archives excluded,Git on benchmark-review; no Git LFS; not a tagged final release
artifacts/simulator_papers/vqcsim_rq2_gpu_fp32_16_24_20260920/circuits/qaoa/qaoa_alg_size_22.normalized.bound.qasm,include,Inherited from baseline Git revision 39991eb; retained historical capsule/support file,Baseline repository contents; not all historical experiments are part of the current scorecard replay,973d5bb08fddabde486e6c2382322b30d24ec5f5deff588505f798d80eb7f6c5,14901,review-branch publication requested by author 2026-10-02; no new license grant; complete external source archives excluded,Git on benchmark-review; no Git LFS; not a tagged final release
artifacts/simulator_papers/vqcsim_rq2_gpu_fp32_16_24_20260920/circuits/qaoa/qaoa_alg_size_22.normalized.qasm,include,Inherited from baseline Git revision 39991eb; retained historical capsule/support file,Baseline repository contents; not all historical experiments are part of the current scorecard replay,c25c94620fb9705c06a4e65e60e7b774242a07b04b6671b9f225962cc88b52c1,17578,review-branch publication requested by author 2026-10-02; no new license grant; complete external source archives excluded,Git on benchmark-review; no Git LFS; not a tagged final release
artifacts/simulator_papers/vqcsim_rq2_gpu_fp32_16_24_20260920/circuits/qaoa/qaoa_alg_size_22.qasm3,include,Inherited from baseline Git revision 39991eb; retained historical capsule/support file,Baseline repository contents; not all historical experiments are part of the current scorecard replay,6e6dfcd16d8aa394f248e9dbe25bd89b17e550e95505cad9df914710ce9cb262,7891,review-branch publication requested by author 2026-10-02; no new license grant; complete external source archives excluded,Git on benchmark-review; no Git LFS; not a tagged final release
artifacts/simulator_papers/vqcsim_rq2_gpu_fp32_16_24_20260920/circuits/qaoa/qaoa_alg_size_23.bound.qasm3,include,Inherited from baseline Git revision 39991eb; retained historical capsule/support file,Baseline repository contents; not all historical experiments are part of the current scorecard replay,ba65dd20b2c3f8685f1889e6cecdc1d91e7530c0dd97faf36c2ec7fe9df266f9,7368,review-branch publication requested by author 2026-10-02; no new license grant; complete external source archives excluded,Git on benchmark-review; no Git LFS; not a tagged final release
artifacts/simulator_papers/vqcsim_rq2_gpu_fp32_16_24_20260920/circuits/qaoa/qaoa_alg_size_23.metadata.json,include,Inherited from baseline Git revision 39991eb; retained historical capsule/support file,Baseline repository contents; not all historical experiments are part of the current scorecard replay,541c31a2430debdfeb06fc50abf9bfad73d1023be6804f1117378d3b73e10d63,1645,review-branch publication requested by author 2026-10-02; no new license grant; complete external source archives excluded,Git on benchmark-review; no Git LFS; not a tagged final release
artifacts/simulator_papers/vqcsim_rq2_gpu_fp32_16_24_20260920/circuits/qaoa/qaoa_alg_size_23.normalized.bound.qasm,include,Inherited from baseline Git revision 39991eb; retained historical capsule/support file,Baseline repository contents; not all historical experiments are part of the current scorecard replay,bc068c7733b88e35d922603426df00d49af899e326cd6c374639024d8aef1eb6,14111,review-branch publication requested by author 2026-10-02; no new license grant; complete external source archives excluded,Git on benchmark-review; no Git LFS; not a tagged final release
artifacts/simulator_papers/vqcsim_rq2_gpu_fp32_16_24_20260920/circuits/qaoa/qaoa_alg_size_23.normalized.qasm,include,Inherited from baseline Git revision 39991eb; retained historical capsule/support file,Baseline repository contents; not all historical experiments are part of the current scorecard replay,2d0cf08a7e15a6d153cade401fbd53cced68a26c02d299332b1a205b497d1768,16827,review-branch publication requested by author 2026-10-02; no new license grant; complete external source archives excluded,Git on benchmark-review; no Git LFS; not a tagged final release
artifacts/simulator_papers/vqcsim_rq2_gpu_fp32_16_24_20260920/circuits/qaoa/qaoa_alg_size_23.qasm3,include,Inherited from baseline Git revision 39991eb; retained historical capsule/support file,Baseline repository contents; not all historical experiments are part of the current scorecard replay,d82f6a0ee6ca0db19939ae4917f1777086c4d675e240453350d19bd4b883ba13,7506,review-branch publication requested by author 2026-10-02; no new license grant; complete external source archives excluded,Git on benchmark-review; no Git LFS; not a tagged final release
artifacts/simulator_papers/vqcsim_rq2_gpu_fp32_16_24_20260920/circuits/qaoa/qaoa_alg_size_24.bound.qasm3,include,Inherited from baseline Git revision 39991eb; retained historical capsule/support file,Baseline repository contents; not all historical experiments are part of the current scorecard replay,3e1aa636a36256011453ab59e70aa6e2251525dfbf19bebbf2602724898a6da6,8165,review-branch publication requested by author 2026-10-02; no new license grant; complete external source archives excluded,Git on benchmark-review; no Git LFS; not a tagged final release
artifacts/simulator_papers/vqcsim_rq2_gpu_fp32_16_24_20260920/circuits/qaoa/qaoa_alg_size_24.metadata.json,include,Inherited from baseline Git revision 39991eb; retained historical capsule/support file,Baseline repository contents; not all historical experiments are part of the current scorecard replay,615bcbdfc3779057ffb127c39e5f492afc00f9ec00d1df30c4507db9863fd0a0,1645,review-branch publication requested by author 2026-10-02; no new license grant; complete external source archives excluded,Git on benchmark-review; no Git LFS; not a tagged final release
artifacts/simulator_papers/vqcsim_rq2_gpu_fp32_16_24_20260920/circuits/qaoa/qaoa_alg_size_24.normalized.bound.qasm,include,Inherited from baseline Git revision 39991eb; retained historical capsule/support file,Baseline repository contents; not all historical experiments are part of the current scorecard replay,f93d40de999a73b8746a2d5f3ebe474838150b2e774d2898dea1f0f7f05641d2,15691,review-branch publication requested by author 2026-10-02; no new license grant; complete external source archives excluded,Git on benchmark-review; no Git LFS; not a tagged final release
artifacts/simulator_papers/vqcsim_rq2_gpu_fp32_16_24_20260920/circuits/qaoa/qaoa_alg_size_24.normalized.qasm,include,Inherited from baseline Git revision 39991eb; retained historical capsule/support file,Baseline repository contents; not all historical experiments are part of the current scorecard replay,8aa15f53bad801e3ff2e29764fc9a0d3b5eff8bc6591da894f0dcdd12c07c1e1,18578,review-branch publication requested by author 2026-10-02; no new license grant; complete external source archives excluded,Git on benchmark-review; no Git LFS; not a tagged final release
artifacts/simulator_papers/vqcsim_rq2_gpu_fp32_16_24_20260920/circuits/qaoa/qaoa_alg_size_24.qasm3,include,Inherited from baseline Git revision 39991eb; retained historical capsule/support file,Baseline repository contents; not all historical experiments are part of the current scorecard replay,314f4bc0a402483f3ac0cd7faf94122db47f1def9a90ffa0baa5f85249fdb8a5,8305,review-branch publication requested by author 2026-10-02; no new license grant; complete external source archives excluded,Git on benchmark-review; no Git LFS; not a tagged final release
artifacts/simulator_papers/vqcsim_rq2_gpu_fp32_16_24_20260920/circuits/qnn/qnn_alg_size_16.bound.qasm3,include,Inherited from baseline Git revision 39991eb; retained historical capsule/support file,Baseline repository contents; not all historical experiments are part of the current scorecard replay,f7278b1d42b33156857a3ab1da24d8c2e6bfb47ae625019b55c32fc7e2b819b2,2793,review-branch publication requested by author 2026-10-02; no new license grant; complete external source archives excluded,Git on benchmark-review; no Git LFS; not a tagged final release
artifacts/simulator_papers/vqcsim_rq2_gpu_fp32_16_24_20260920/circuits/qnn/qnn_alg_size_16.metadata.json,include,Inherited from baseline Git revision 39991eb; retained historical capsule/support file,Baseline repository contents; not all historical experiments are part of the current scorecard replay,b433d5b10f94a664ee4d34b3d052d70f90ca159a0ef8d0a4d1faeb05484c62bf,3906,review-branch publication requested by author 2026-10-02; no new license grant; complete external source archives excluded,Git on benchmark-review; no Git LFS; not a tagged final release
artifacts/simulator_papers/vqcsim_rq2_gpu_fp32_16_24_20260920/circuits/qnn/qnn_alg_size_16.normalized.bound.qasm,include,Inherited from baseline Git revision 39991eb; retained historical capsule/support file,Baseline repository contents; not all historical experiments are part of the current scorecard replay,eb9253713f20f03ab190363d14f62d39b63fe90f50fd10f09a15b2affc873bc0,3352,review-branch publication requested by author 2026-10-02; no new license grant; complete external source archives excluded,Git on benchmark-review; no Git LFS; not a tagged final release
artifacts/simulator_papers/vqcsim_rq2_gpu_fp32_16_24_20260920/circuits/qnn/qnn_alg_size_16.normalized.qasm,include,Inherited from baseline Git revision 39991eb; retained historical capsule/support file,Baseline repository contents; not all historical experiments are part of the current scorecard replay,438d68d693abb8fa1eb3b63fe190e8711d2baf0acce61bc9a80edf54a4405378,3851,review-branch publication requested by author 2026-10-02; no new license grant; complete external source archives excluded,Git on benchmark-review; no Git LFS; not a tagged final release
artifacts/simulator_papers/vqcsim_rq2_gpu_fp32_16_24_20260920/circuits/qnn/qnn_alg_size_16.qasm3,include,Inherited from baseline Git revision 39991eb; retained historical capsule/support file,Baseline repository contents; not all historical experiments are part of the current scorecard replay,06c677e4bb23fbe16e6ac17bf987376f2bc71115540c40ee71097e88c0f28ec8,3385,review-branch publication requested by author 2026-10-02; no new license grant; complete external source archives excluded,Git on benchmark-review; no Git LFS; not a tagged final release
artifacts/simulator_papers/vqcsim_rq2_gpu_fp32_16_24_20260920/circuits/qnn/qnn_alg_size_17.bound.qasm3,include,Inherited from baseline Git revision 39991eb; retained historical capsule/support file,Baseline repository contents; not all historical experiments are part of the current scorecard replay,ef6a45344d5a6a358a4a7002f140516345f4f4c258539892052fb532e5deca67,2638,review-branch publication requested by author 2026-10-02; no new license grant; complete external source archives excluded,Git on benchmark-review; no Git LFS; not a tagged final release
artifacts/simulator_papers/vqcsim_rq2_gpu_fp32_16_24_20260920/circuits/qnn/qnn_alg_size_17.metadata.json,include,Inherited from baseline Git revision 39991eb; retained historical capsule/support file,Baseline repository contents; not all historical experiments are part of the current scorecard replay,604b7724ff0aff6d5199043dd38cd0d03f1fc71ab022af96e85e06b874f7b538,4068,review-branch publication requested by author 2026-10-02; no new license grant; complete external source archives excluded,Git on benchmark-review; no Git LFS; not a tagged final release
artifacts/simulator_papers/vqcsim_rq2_gpu_fp32_16_24_20260920/circuits/qnn/qnn_alg_size_17.normalized.bound.qasm,include,Inherited from baseline Git revision 39991eb; retained historical capsule/support file,Baseline repository contents; not all historical experiments are part of the current scorecard replay,49a2f036f7138b88687331487bf024a2800dd68216ca0729a349fdeef6a72d25,3232,review-branch publication requested by author 2026-10-02; no new license grant; complete external source archives excluded,Git on benchmark-review; no Git LFS; not a tagged final release
artifacts/simulator_papers/vqcsim_rq2_gpu_fp32_16_24_20260920/circuits/qnn/qnn_alg_size_17.normalized.qasm,include,Inherited from baseline Git revision 39991eb; retained historical capsule/support file,Baseline repository contents; not all historical experiments are part of the current scorecard replay,91a68479d837f829f5765d706d3571272d4f15ac86e7c88d0e1de0650fdcb0a3,4097,review-branch publication requested by author 2026-10-02; no new license grant; complete external source archives excluded,Git on benchmark-review; no Git LFS; not a tagged final release
artifacts/simulator_papers/vqcsim_rq2_gpu_fp32_16_24_20260920/circuits/qnn/qnn_alg_size_17.qasm3,include,Inherited from baseline Git revision 39991eb; retained historical capsule/support file,Baseline repository contents; not all historical experiments are part of the current scorecard replay,103f04a0f0d18bded17566f6f6d8e782bbe69a09e01599930724d8b564a4e65e,3603,review-branch publication requested by author 2026-10-02; no new license grant; complete external source archives excluded,Git on benchmark-review; no Git LFS; not a tagged final release
artifacts/simulator_papers/vqcsim_rq2_gpu_fp32_16_24_20260920/circuits/qnn/qnn_alg_size_18.bound.qasm3,include,Inherited from baseline Git revision 39991eb; retained historical capsule/support file,Baseline repository contents; not all historical experiments are part of the current scorecard replay,74826f3ea8cf5beef1c6436af39c05ee68916f08abe2ee178f4e47c3705a286c,3093,review-branch publication requested by author 2026-10-02; no new license grant; complete external source archives excluded,Git on benchmark-review; no Git LFS; not a tagged final release
artifacts/simulator_papers/vqcsim_rq2_gpu_fp32_16_24_20260920/circuits/qnn/qnn_alg_size_18.metadata.json,include,Inherited from baseline Git revision 39991eb; retained historical capsule/support file,Baseline repository contents; not all historical experiments are part of the current scorecard replay,52988ca23b5ccaa1e5c2a99e2f544d21f70586674fa3717ecea6d1a604afc50f,4210,review-branch publication requested by author 2026-10-02; no new license grant; complete external source archives excluded,Git on benchmark-review; no Git LFS; not a tagged final release
artifacts/simulator_papers/vqcsim_rq2_gpu_fp32_16_24_20260920/circuits/qnn/qnn_alg_size_18.normalized.bound.qasm,include,Inherited from baseline Git revision 39991eb; retained historical capsule/support file,Baseline repository contents; not all historical experiments are part of the current scorecard replay,715bb6f124689b49ff1f32d73a1536600fab6769c0caf3263919119525867561,3722,review-branch publication requested by author 2026-10-02; no new license grant; complete external source archives excluded,Git on benchmark-review; no Git LFS; not a tagged final release
artifacts/simulator_papers/vqcsim_rq2_gpu_fp32_16_24_20260920/circuits/qnn/qnn_alg_size_18.normalized.qasm,include,Inherited from baseline Git revision 39991eb; retained historical capsule/support file,Baseline repository contents; not all historical experiments are part of the current scorecard replay,a57a773ec1a378ef86b791935b01e7886bcc6d43d712e6e254e3382334b8a4e8,4343,review-branch publication requested by author 2026-10-02; no new license grant; complete external source archives excluded,Git on benchmark-review; no Git LFS; not a tagged final release
artifacts/simulator_papers/vqcsim_rq2_gpu_fp32_16_24_20260920/circuits/qnn/qnn_alg_size_18.qasm3,include,Inherited from baseline Git revision 39991eb; retained historical capsule/support file,Baseline repository contents; not all historical experiments are part of the current scorecard replay,e09636681158d2d30260ec743407ace992a9c06ecedec9da757c11d8e34b2cfa,3821,review-branch publication requested by author 2026-10-02; no new license grant; complete external source archives excluded,Git on benchmark-review; no Git LFS; not a tagged final release
artifacts/simulator_papers/vqcsim_rq2_gpu_fp32_16_24_20260920/circuits/qnn/qnn_alg_size_19.bound.qasm3,include,Inherited from baseline Git revision 39991eb; retained historical capsule/support file,Baseline repository contents; not all historical experiments are part of the current scorecard replay,e6a8b575f414f73b261eaae9f6ef23317326fae163d1f666782618234608a7ba,3436,review-branch publication requested by author 2026-10-02; no new license grant; complete external source archives excluded,Git on benchmark-review; no Git LFS; not a tagged final release
artifacts/simulator_papers/vqcsim_rq2_gpu_fp32_16_24_20260920/circuits/qnn/qnn_alg_size_19.metadata.json,include,Inherited from baseline Git revision 39991eb; retained historical capsule/support file,Baseline repository contents; not all historical experiments are part of the current scorecard replay,0a23ecd9ce13635ab327bb0f6b0f61ce49ac38f7325e0ab699fc7390b9be83a4,4384,review-branch publication requested by author 2026-10-02; no new license grant; complete external source archives excluded,Git on benchmark-review; no Git LFS; not a tagged final release
artifacts/simulator_papers/vqcsim_rq2_gpu_fp32_16_24_20260920/circuits/qnn/qnn_alg_size_19.normalized.bound.qasm,include,Inherited from baseline Git revision 39991eb; retained historical capsule/support file,Baseline repository contents; not all historical experiments are part of the current scorecard replay,b7f486f717f94df3a7518d3f16dfaa64f0d392d80f0f3fbe08bbdb598641d2d8,4100,review-branch publication requested by author 2026-10-02; no new license grant; complete external source archives excluded,Git on benchmark-review; no Git LFS; not a tagged final release
artifacts/simulator_papers/vqcsim_rq2_gpu_fp32_16_24_20260920/circuits/qnn/qnn_alg_size_19.normalized.qasm,include,Inherited from baseline Git revision 39991eb; retained historical capsule/support file,Baseline repository contents; not all historical experiments are part of the current scorecard replay,9054504660a575ba1582c84bc800833b454ddf0fe729411b290e15a25bd7e2fa,4589,review-branch publication requested by author 2026-10-02; no new license grant; complete external source archives excluded,Git on benchmark-review; no Git LFS; not a tagged final release
artifacts/simulator_papers/vqcsim_rq2_gpu_fp32_16_24_20260920/circuits/qnn/qnn_alg_size_19.qasm3,include,Inherited from baseline Git revision 39991eb; retained historical capsule/support file,Baseline repository contents; not all historical experiments are part of the current scorecard replay,540bcf11723b352cb789cd0bf77f67897998e766c2edcd4fcbeb813073c43128,4039,review-branch publication requested by author 2026-10-02; no new license grant; complete external source archives excluded,Git on benchmark-review; no Git LFS; not a tagged final release
artifacts/simulator_papers/vqcsim_rq2_gpu_fp32_16_24_20260920/circuits/qnn/qnn_alg_size_20.bound.qasm3,include,Inherited from baseline Git revision 39991eb; retained historical capsule/support file,Baseline repository contents; not all historical experiments are part of the current scorecard replay,b300fe4fec6049fa14234ef154ba24db1527f75b5007113f26b0d90a051ceb79,3621,review-branch publication requested by author 2026-10-02; no new license grant; complete external source archives excluded,Git on benchmark-review; no Git LFS; not a tagged final release
artifacts/simulator_papers/vqcsim_rq2_gpu_fp32_16_24_20260920/circuits/qnn/qnn_alg_size_20.metadata.json,include,Inherited from baseline Git revision 39991eb; retained historical capsule/support file,Baseline repository contents; not all historical experiments are part of the current scorecard replay,0ebdffde302e24a8886aa5955ad28cbf1e2ba236c4bfb376a5c1d176de85639f,4535,review-branch publication requested by author 2026-10-02; no new license grant; complete external source archives excluded,Git on benchmark-review; no Git LFS; not a tagged final release
artifacts/simulator_papers/vqcsim_rq2_gpu_fp32_16_24_20260920/circuits/qnn/qnn_alg_size_20.normalized.bound.qasm,include,Inherited from baseline Git revision 39991eb; retained historical capsule/support file,Baseline repository contents; not all historical experiments are part of the current scorecard replay,bddec0b43158e1c624aec98746f79bd5675518c2f91194e58332dea235fd55ac,4320,review-branch publication requested by author 2026-10-02; no new license grant; complete external source archives excluded,Git on benchmark-review; no Git LFS; not a tagged final release
artifacts/simulator_papers/vqcsim_rq2_gpu_fp32_16_24_20260920/circuits/qnn/qnn_alg_size_20.normalized.qasm,include,Inherited from baseline Git revision 39991eb; retained historical capsule/support file,Baseline repository contents; not all historical experiments are part of the current scorecard replay,ef64dbc8d6c04d7dd39584fde941f4227398e2288241dd891ac60bc73d227faf,4835,review-branch publication requested by author 2026-10-02; no new license grant; complete external source archives excluded,Git on benchmark-review; no Git LFS; not a tagged final release
artifacts/simulator_papers/vqcsim_rq2_gpu_fp32_16_24_20260920/circuits/qnn/qnn_alg_size_20.qasm3,include,Inherited from baseline Git revision 39991eb; retained historical capsule/support file,Baseline repository contents; not all historical experiments are part of the current scorecard replay,2e3f2eec06f4bf581cd8f4ca219587abc5e9491e8c30f09437ea6ba900ca7b26,4257,review-branch publication requested by author 2026-10-02; no new license grant; complete external source archives excluded,Git on benchmark-review; no Git LFS; not a tagged final release
artifacts/simulator_papers/vqcsim_rq2_gpu_fp32_16_24_20260920/circuits/qnn/qnn_alg_size_21.bound.qasm3,include,Inherited from baseline Git revision 39991eb; retained historical capsule/support file,Baseline repository contents; not all historical experiments are part of the current scorecard replay,36734fb34eecbfb83e1d6d06201c29ffbf32084cf58230e2a989f32e26bfe810,3237,review-branch publication requested by author 2026-10-02; no new license grant; complete external source archives excluded,Git on benchmark-review; no Git LFS; not a tagged final release
artifacts/simulator_papers/vqcsim_rq2_gpu_fp32_16_24_20260920/circuits/qnn/qnn_alg_size_21.metadata.json,include,Inherited from baseline Git revision 39991eb; retained historical capsule/support file,Baseline repository contents; not all historical experiments are part of the current scorecard replay,47afba1c9dfc5c38314094709d7b540f8e52ab1cea801ac8665c5703b52077ce,4687,review-branch publication requested by author 2026-10-02; no new license grant; complete external source archives excluded,Git on benchmark-review; no Git LFS; not a tagged final release
artifacts/simulator_papers/vqcsim_rq2_gpu_fp32_16_24_20260920/circuits/qnn/qnn_alg_size_21.normalized.bound.qasm,include,Inherited from baseline Git revision 39991eb; retained historical capsule/support file,Baseline repository contents; not all historical experiments are part of the current scorecard replay,1983f43a91da22b07290dcb555de96c5340c9106c5c9847cccfb71eca74acb49,3971,review-branch publication requested by author 2026-10-02; no new license grant; complete external source archives excluded,Git on benchmark-review; no Git LFS; not a tagged final release
artifacts/simulator_papers/vqcsim_rq2_gpu_fp32_16_24_20260920/circuits/qnn/qnn_alg_size_21.normalized.qasm,include,Inherited from baseline Git revision 39991eb; retained historical capsule/support file,Baseline repository contents; not all historical experiments are part of the current scorecard replay,9cf0e169eb5bdb62724ac2c58cd67ca606189a818c37a64511c9ef09b75dfea0,5081,review-branch publication requested by author 2026-10-02; no new license grant; complete external source archives excluded,Git on benchmark-review; no Git LFS; not a tagged final release
artifacts/simulator_papers/vqcsim_rq2_gpu_fp32_16_24_20260920/circuits/qnn/qnn_alg_size_21.qasm3,include,Inherited from baseline Git revision 39991eb; retained historical capsule/support file,Baseline repository contents; not all historical experiments are part of the current scorecard replay,38a727c3dbc3fec56497f56090df345aeeb31b422e5c1fbe0e058f2192b6fbdc,4475,review-branch publication requested by author 2026-10-02; no new license grant; complete external source archives excluded,Git on benchmark-review; no Git LFS; not a tagged final release
artifacts/simulator_papers/vqcsim_rq2_gpu_fp32_16_24_20260920/circuits/qnn/qnn_alg_size_22.bound.qasm3,include,Inherited from baseline Git revision 39991eb; retained historical capsule/support file,Baseline repository contents; not all historical experiments are part of the current scorecard replay,6a3af1b11dcfd61868cf5f13fddf3134f5d46c6fd5dbfac9ab973115ca587900,3989,review-branch publication requested by author 2026-10-02; no new license grant; complete external source archives excluded,Git on benchmark-review; no Git LFS; not a tagged final release
artifacts/simulator_papers/vqcsim_rq2_gpu_fp32_16_24_20260920/circuits/qnn/qnn_alg_size_22.metadata.json,include,Inherited from baseline Git revision 39991eb; retained historical capsule/support file,Baseline repository contents; not all historical experiments are part of the current scorecard replay,810f16251e8984e924e50dc4fa3e177ff1a56b88a688c36bb567e608d2d09c15,4848,review-branch publication requested by author 2026-10-02; no new license grant; complete external source archives excluded,Git on benchmark-review; no Git LFS; not a tagged final release
artifacts/simulator_papers/vqcsim_rq2_gpu_fp32_16_24_20260920/circuits/qnn/qnn_alg_size_22.normalized.bound.qasm,include,Inherited from baseline Git revision 39991eb; retained historical capsule/support file,Baseline repository contents; not all historical experiments are part of the current scorecard replay,79f4b67fa87ecc186c77f061965644d3a338b3fb6c166419829b4119db1e64d0,4758,review-branch publication requested by author 2026-10-02; no new license grant; complete external source archives excluded,Git on benchmark-review; no Git LFS; not a tagged final release
artifacts/simulator_papers/vqcsim_rq2_gpu_fp32_16_24_20260920/circuits/qnn/qnn_alg_size_22.normalized.qasm,include,Inherited from baseline Git revision 39991eb; retained historical capsule/support file,Baseline repository contents; not all historical experiments are part of the current scorecard replay,723c7007643554e5e2d1ea964ef48084b99f48503b0d155ddd0ba777fce4a307,5327,review-branch publication requested by author 2026-10-02; no new license grant; complete external source archives excluded,Git on benchmark-review; no Git LFS; not a tagged final release
artifacts/simulator_papers/vqcsim_rq2_gpu_fp32_16_24_20260920/circuits/qnn/qnn_alg_size_22.qasm3,include,Inherited from baseline Git revision 39991eb; retained historical capsule/support file,Baseline repository contents; not all historical experiments are part of the current scorecard replay,f4500ac1ec6aaa783485c41f0b804d7f7b5f221a8acf421fb31fbb3a41471927,4693,review-branch publication requested by author 2026-10-02; no new license grant; complete external source archives excluded,Git on benchmark-review; no Git LFS; not a tagged final release
artifacts/simulator_papers/vqcsim_rq2_gpu_fp32_16_24_20260920/circuits/qnn/qnn_alg_size_23.bound.qasm3,include,Inherited from baseline Git revision 39991eb; retained historical capsule/support file,Baseline repository contents; not all historical experiments are part of the current scorecard replay,d29babe82052978bb003a31ec653350bb9569a32d1499120f09577deacf3bf19,3865,review-branch publication requested by author 2026-10-02; no new license grant; complete external source archives excluded,Git on benchmark-review; no Git LFS; not a tagged final release
artifacts/simulator_papers/vqcsim_rq2_gpu_fp32_16_24_20260920/circuits/qnn/qnn_alg_size_23.metadata.json,include,Inherited from baseline Git revision 39991eb; retained historical capsule/support file,Baseline repository contents; not all historical experiments are part of the current scorecard replay,81a2b28b92cee309c370fb8a54fcb8023f5ae3838ddc0823133a6a413cac84c9,4995,review-branch publication requested by author 2026-10-02; no new license grant; complete external source archives excluded,Git on benchmark-review; no Git LFS; not a tagged final release
artifacts/simulator_papers/vqcsim_rq2_gpu_fp32_16_24_20260920/circuits/qnn/qnn_alg_size_23.normalized.bound.qasm,include,Inherited from baseline Git revision 39991eb; retained historical capsule/support file,Baseline repository contents; not all historical experiments are part of the current scorecard replay,89ac45c89fd9e790dfb150b36a68ea6b402b0784f617087dd65da699544d8f8c,4669,review-branch publication requested by author 2026-10-02; no new license grant; complete external source archives excluded,Git on benchmark-review; no Git LFS; not a tagged final release
artifacts/simulator_papers/vqcsim_rq2_gpu_fp32_16_24_20260920/circuits/qnn/qnn_alg_size_23.normalized.qasm,include,Inherited from baseline Git revision 39991eb; retained historical capsule/support file,Baseline repository contents; not all historical experiments are part of the current scorecard replay,a553432ea273b36e3668b735abef3f575eb46aa5538323d15191de5a7c066032,5573,review-branch publication requested by author 2026-10-02; no new license grant; complete external source archives excluded,Git on benchmark-review; no Git LFS; not a tagged final release
artifacts/simulator_papers/vqcsim_rq2_gpu_fp32_16_24_20260920/circuits/qnn/qnn_alg_size_23.qasm3,include,Inherited from baseline Git revision 39991eb; retained historical capsule/support file,Baseline repository contents; not all historical experiments are part of the current scorecard replay,04d26b355fb036fa696f8980c2acda964c05536dc73f9bdd9e47efe9a89a6a05,4911,review-branch publication requested by author 2026-10-02; no new license grant; complete external source archives excluded,Git on benchmark-review; no Git LFS; not a tagged final release
artifacts/simulator_papers/vqcsim_rq2_gpu_fp32_16_24_20260920/circuits/qnn/qnn_alg_size_24.bound.qasm3,include,Inherited from baseline Git revision 39991eb; retained historical capsule/support file,Baseline repository contents; not all historical experiments are part of the current scorecard replay,87be1b0332cba19f82c4bb0bc60249c1a364b154c1a9d3825661f1fc569b7675,4356,review-branch publication requested by author 2026-10-02; no new license grant; complete external source archives excluded,Git on benchmark-review; no Git LFS; not a tagged final release
artifacts/simulator_papers/vqcsim_rq2_gpu_fp32_16_24_20260920/circuits/qnn/qnn_alg_size_24.metadata.json,include,Inherited from baseline Git revision 39991eb; retained historical capsule/support file,Baseline repository contents; not all historical experiments are part of the current scorecard replay,317ceea1cb59b9d72b3e6bf2eefff658b544484d96b8567172adef255b364a16,5160,review-branch publication requested by author 2026-10-02; no new license grant; complete external source archives excluded,Git on benchmark-review; no Git LFS; not a tagged final release
artifacts/simulator_papers/vqcsim_rq2_gpu_fp32_16_24_20260920/circuits/qnn/qnn_alg_size_24.normalized.bound.qasm,include,Inherited from baseline Git revision 39991eb; retained historical capsule/support file,Baseline repository contents; not all historical experiments are part of the current scorecard replay,aa98f1edef4a84fb35c36663cf7c175fb0d9104e9c51df8452cdbd4f62dd2f78,5195,review-branch publication requested by author 2026-10-02; no new license grant; complete external source archives excluded,Git on benchmark-review; no Git LFS; not a tagged final release
artifacts/simulator_papers/vqcsim_rq2_gpu_fp32_16_24_20260920/circuits/qnn/qnn_alg_size_24.normalized.qasm,include,Inherited from baseline Git revision 39991eb; retained historical capsule/support file,Baseline repository contents; not all historical experiments are part of the current scorecard replay,cd17dffde1bc160b2cef866ef3221babdb88580f66a2bf3f7d7ddd70aab234a8,5819,review-branch publication requested by author 2026-10-02; no new license grant; complete external source archives excluded,Git on benchmark-review; no Git LFS; not a tagged final release
artifacts/simulator_papers/vqcsim_rq2_gpu_fp32_16_24_20260920/circuits/qnn/qnn_alg_size_24.qasm3,include,Inherited from baseline Git revision 39991eb; retained historical capsule/support file,Baseline repository contents; not all historical experiments are part of the current scorecard replay,5300ff31b79cff16a714e44c416f5e7e95bc53bfccb51f3d7dd94511f682ef8b,5129,review-branch publication requested by author 2026-10-02; no new license grant; complete external source archives excluded,Git on benchmark-review; no Git LFS; not a tagged final release
artifacts/simulator_papers/vqcsim_rq2_gpu_fp32_16_24_20260920/circuits/vqe_real_amp/vqe_real_amp_alg_size_16.bound.qasm3,include,Inherited from baseline Git revision 39991eb; retained historical capsule/support file,Baseline repository contents; not all historical experiments are part of the current scorecard replay,eb36ccc230d8041a6d9fe7c31f498c91fcc0097ce71a900b9a0aaf795e9df7ac,2998,review-branch publication requested by author 2026-10-02; no new license grant; complete external source archives excluded,Git on benchmark-review; no Git LFS; not a tagged final release
artifacts/simulator_papers/vqcsim_rq2_gpu_fp32_16_24_20260920/circuits/vqe_real_amp/vqe_real_amp_alg_size_16.metadata.json,include,Inherited from baseline Git revision 39991eb; retained historical capsule/support file,Baseline repository contents; not all historical experiments are part of the current scorecard replay,1e4304ea2b8303d6b6466bc0110df9a9eaf42a1293db4e14d69b1b8f00684c84,5054,review-branch publication requested by author 2026-10-02; no new license grant; complete external source archives excluded,Git on benchmark-review; no Git LFS; not a tagged final release
artifacts/simulator_papers/vqcsim_rq2_gpu_fp32_16_24_20260920/circuits/vqe_real_amp/vqe_real_amp_alg_size_16.normalized.bound.qasm,include,Inherited from baseline Git revision 39991eb; retained historical capsule/support file,Baseline repository contents; not all historical experiments are part of the current scorecard replay,f9e3a928ab3165da1bb7b3c38c956896773c9c64bb7bfc22fb1f5dabab11a411,3143,review-branch publication requested by author 2026-10-02; no new license grant; complete external source archives excluded,Git on benchmark-review; no Git LFS; not a tagged final release
artifacts/simulator_papers/vqcsim_rq2_gpu_fp32_16_24_20260920/circuits/vqe_real_amp/vqe_real_amp_alg_size_16.normalized.qasm,include,Inherited from baseline Git revision 39991eb; retained historical capsule/support file,Baseline repository contents; not all historical experiments are part of the current scorecard replay,6b4a5d04a14b20539f40a206652292f2e8ad718f77310685fdb7dcd60c4d78f3,2701,review-branch publication requested by author 2026-10-02; no new license grant; complete external source archives excluded,Git on benchmark-review; no Git LFS; not a tagged final release
artifacts/simulator_papers/vqcsim_rq2_gpu_fp32_16_24_20260920/circuits/vqe_real_amp/vqe_real_amp_alg_size_16.qasm3,include,Inherited from baseline Git revision 39991eb; retained historical capsule/support file,Baseline repository contents; not all historical experiments are part of the current scorecard replay,7db46c191bcfbb0dd4da35502ad244b8a7e1dc369781c1c39f25b1043ce88326,4035,review-branch publication requested by author 2026-10-02; no new license grant; complete external source archives excluded,Git on benchmark-review; no Git LFS; not a tagged final release
artifacts/simulator_papers/vqcsim_rq2_gpu_fp32_16_24_20260920/circuits/vqe_real_amp/vqe_real_amp_alg_size_17.bound.qasm3,include,Inherited from baseline Git revision 39991eb; retained historical capsule/support file,Baseline repository contents; not all historical experiments are part of the current scorecard replay,5fb7645a77ba03bbd84a59b157e049295353211376b762b41ee1e1122cd403fb,3301,review-branch publication requested by author 2026-10-02; no new license grant; complete external source archives excluded,Git on benchmark-review; no Git LFS; not a tagged final release
artifacts/simulator_papers/vqcsim_rq2_gpu_fp32_16_24_20260920/circuits/vqe_real_amp/vqe_real_amp_alg_size_17.metadata.json,include,Inherited from baseline Git revision 39991eb; retained historical capsule/support file,Baseline repository contents; not all historical experiments are part of the current scorecard replay,2eb4de03b4201db4b964f1bd877531a37f2ce1ca0291a5318a2ba904663a31af,5277,review-branch publication requested by author 2026-10-02; no new license grant; complete external source archives excluded,Git on benchmark-review; no Git LFS; not a tagged final release
artifacts/simulator_papers/vqcsim_rq2_gpu_fp32_16_24_20260920/circuits/vqe_real_amp/vqe_real_amp_alg_size_17.normalized.bound.qasm,include,Inherited from baseline Git revision 39991eb; retained historical capsule/support file,Baseline repository contents; not all historical experiments are part of the current scorecard replay,2de8efe9aeccca8d7487b7185581ff2e5b10603867ea737b00630cdb71bbf7a2,3455,review-branch publication requested by author 2026-10-02; no new license grant; complete external source archives excluded,Git on benchmark-review; no Git LFS; not a tagged final release
artifacts/simulator_papers/vqcsim_rq2_gpu_fp32_16_24_20260920/circuits/vqe_real_amp/vqe_real_amp_alg_size_17.normalized.qasm,include,Inherited from baseline Git revision 39991eb; retained historical capsule/support file,Baseline repository contents; not all historical experiments are part of the current scorecard replay,a7c2af4179e143a3b90e1431d1a84254d003b7343d2b1f250d8ba92def9de0c7,2877,review-branch publication requested by author 2026-10-02; no new license grant; complete external source archives excluded,Git on benchmark-review; no Git LFS; not a tagged final release
artifacts/simulator_papers/vqcsim_rq2_gpu_fp32_16_24_20260920/circuits/vqe_real_amp/vqe_real_amp_alg_size_17.qasm3,include,Inherited from baseline Git revision 39991eb; retained historical capsule/support file,Baseline repository contents; not all historical experiments are part of the current scorecard replay,5928648eadd96a59ddd2e6333cae11a812c7b4ecd8d74d9c3952e18df89cd278,4295,review-branch publication requested by author 2026-10-02; no new license grant; complete external source archives excluded,Git on benchmark-review; no Git LFS; not a tagged final release
artifacts/simulator_papers/vqcsim_rq2_gpu_fp32_16_24_20260920/circuits/vqe_real_amp/vqe_real_amp_alg_size_18.bound.qasm3,include,Inherited from baseline Git revision 39991eb; retained historical capsule/support file,Baseline repository contents; not all historical experiments are part of the current scorecard replay,547b86d31a308158d7c4772d2552fe9290665340ee8eec2081d1bcd4a444e3c9,3529,review-branch publication requested by author 2026-10-02; no new license grant; complete external source archives excluded,Git on benchmark-review; no Git LFS; not a tagged final release
artifacts/simulator_papers/vqcsim_rq2_gpu_fp32_16_24_20260920/circuits/vqe_real_amp/vqe_real_amp_alg_size_18.metadata.json,include,Inherited from baseline Git revision 39991eb; retained historical capsule/support file,Baseline repository contents; not all historical experiments are part of the current scorecard replay,afaec4b36c172a1cbc4a8662503bfa6f25da9e45d980a764af4f210d41f6299f,5500,review-branch publication requested by author 2026-10-02; no new license grant; complete external source archives excluded,Git on benchmark-review; no Git LFS; not a tagged final release
artifacts/simulator_papers/vqcsim_rq2_gpu_fp32_16_24_20260920/circuits/vqe_real_amp/vqe_real_amp_alg_size_18.normalized.bound.qasm,include,Inherited from baseline Git revision 39991eb; retained historical capsule/support file,Baseline repository contents; not all historical experiments are part of the current scorecard replay,a58ff440111ca05cc08215ab6fcfaddf62174cfb983d6e4282b026a0156f81ad,3692,review-branch publication requested by author 2026-10-02; no new license grant; complete external source archives excluded,Git on benchmark-review; no Git LFS; not a tagged final release
artifacts/simulator_papers/vqcsim_rq2_gpu_fp32_16_24_20260920/circuits/vqe_real_amp/vqe_real_amp_alg_size_18.normalized.qasm,include,Inherited from baseline Git revision 39991eb; retained historical capsule/support file,Baseline repository contents; not all historical experiments are part of the current scorecard replay,63d6597b9f441e41fa0e92667b8e146281e41db0399d2922816c94dc010c069f,3053,review-branch publication requested by author 2026-10-02; no new license grant; complete external source archives excluded,Git on benchmark-review; no Git LFS; not a tagged final release
artifacts/simulator_papers/vqcsim_rq2_gpu_fp32_16_24_20260920/circuits/vqe_real_amp/vqe_real_amp_alg_size_18.qasm3,include,Inherited from baseline Git revision 39991eb; retained historical capsule/support file,Baseline repository contents; not all historical experiments are part of the current scorecard replay,80083fea9c61ef304b8162ff4284803e283428d594b938b2e9b90eb3f70dfc0b,4555,review-branch publication requested by author 2026-10-02; no new license grant; complete external source archives excluded,Git on benchmark-review; no Git LFS; not a tagged final release
artifacts/simulator_papers/vqcsim_rq2_gpu_fp32_16_24_20260920/circuits/vqe_real_amp/vqe_real_amp_alg_size_19.bound.qasm3,include,Inherited from baseline Git revision 39991eb; retained historical capsule/support file,Baseline repository contents; not all historical experiments are part of the current scorecard replay,f41c03b29a6710cf319a86274f8a0a61d632c69bbba8136714d350ab3ccf4534,3586,review-branch publication requested by author 2026-10-02; no new license grant; complete external source archives excluded,Git on benchmark-review; no Git LFS; not a tagged final release
artifacts/simulator_papers/vqcsim_rq2_gpu_fp32_16_24_20260920/circuits/vqe_real_amp/vqe_real_amp_alg_size_19.metadata.json,include,Inherited from baseline Git revision 39991eb; retained historical capsule/support file,Baseline repository contents; not all historical experiments are part of the current scorecard replay,88ff61ae6338757bae5b4d6ff8b0a216ee746982287cace1889899554fae0434,5722,review-branch publication requested by author 2026-10-02; no new license grant; complete external source archives excluded,Git on benchmark-review; no Git LFS; not a tagged final release
artifacts/simulator_papers/vqcsim_rq2_gpu_fp32_16_24_20260920/circuits/vqe_real_amp/vqe_real_amp_alg_size_19.normalized.bound.qasm,include,Inherited from baseline Git revision 39991eb; retained historical capsule/support file,Baseline repository contents; not all historical experiments are part of the current scorecard replay,096998393e3667cec4ea799aac60c09a05f3b93d81372710166013a33b395bc1,3758,review-branch publication requested by author 2026-10-02; no new license grant; complete external source archives excluded,Git on benchmark-review; no Git LFS; not a tagged final release
artifacts/simulator_papers/vqcsim_rq2_gpu_fp32_16_24_20260920/circuits/vqe_real_amp/vqe_real_amp_alg_size_19.normalized.qasm,include,Inherited from baseline Git revision 39991eb; retained historical capsule/support file,Baseline repository contents; not all historical experiments are part of the current scorecard replay,4cb58242919af93a69bf7d7c109a41dc0c9d0c3baebffa7ffc42f185aa11351e,3229,review-branch publication requested by author 2026-10-02; no new license grant; complete external source archives excluded,Git on benchmark-review; no Git LFS; not a tagged final release
artifacts/simulator_papers/vqcsim_rq2_gpu_fp32_16_24_20260920/circuits/vqe_real_amp/vqe_real_amp_alg_size_19.qasm3,include,Inherited from baseline Git revision 39991eb; retained historical capsule/support file,Baseline repository contents; not all historical experiments are part of the current scorecard replay,c5636ab789e659830491f2c358a4347eb77e81038265357c662d0a20889fa9f8,4815,review-branch publication requested by author 2026-10-02; no new license grant; complete external source archives excluded,Git on benchmark-review; no Git LFS; not a tagged final release
artifacts/simulator_papers/vqcsim_rq2_gpu_fp32_16_24_20260920/circuits/vqe_real_amp/vqe_real_amp_alg_size_20.bound.qasm3,include,Inherited from baseline Git revision 39991eb; retained historical capsule/support file,Baseline repository contents; not all historical experiments are part of the current scorecard replay,3c54a543238f9f7f2ca0306fbe078218e8bf5ee6a42d4fd2edd2de190433c7ff,3840,review-branch publication requested by author 2026-10-02; no new license grant; complete external source archives excluded,Git on benchmark-review; no Git LFS; not a tagged final release
artifacts/simulator_papers/vqcsim_rq2_gpu_fp32_16_24_20260920/circuits/vqe_real_amp/vqe_real_amp_alg_size_20.metadata.json,include,Inherited from baseline Git revision 39991eb; retained historical capsule/support file,Baseline repository contents; not all historical experiments are part of the current scorecard replay,fdadf788fafeed580a7dbaec309a0ae959e675e613c6fe385d7c960aed20afca,5941,review-branch publication requested by author 2026-10-02; no new license grant; complete external source archives excluded,Git on benchmark-review; no Git LFS; not a tagged final release
artifacts/simulator_papers/vqcsim_rq2_gpu_fp32_16_24_20260920/circuits/vqe_real_amp/vqe_real_amp_alg_size_20.normalized.bound.qasm,include,Inherited from baseline Git revision 39991eb; retained historical capsule/support file,Baseline repository contents; not all historical experiments are part of the current scorecard replay,6f4e6de6d2394d749efb30e549615d25ae5769ffdad942164ad5d7b82ce6f0ec,4021,review-branch publication requested by author 2026-10-02; no new license grant; complete external source archives excluded,Git on benchmark-review; no Git LFS; not a tagged final release
artifacts/simulator_papers/vqcsim_rq2_gpu_fp32_16_24_20260920/circuits/vqe_real_amp/vqe_real_amp_alg_size_20.normalized.qasm,include,Inherited from baseline Git revision 39991eb; retained historical capsule/support file,Baseline repository contents; not all historical experiments are part of the current scorecard replay,f052c771e07aa7e0d68cd1952bf3ac65929031a6bdb6ca28478bf11e6c3e2361,3405,review-branch publication requested by author 2026-10-02; no new license grant; complete external source archives excluded,Git on benchmark-review; no Git LFS; not a tagged final release
artifacts/simulator_papers/vqcsim_rq2_gpu_fp32_16_24_20260920/circuits/vqe_real_amp/vqe_real_amp_alg_size_20.qasm3,include,Inherited from baseline Git revision 39991eb; retained historical capsule/support file,Baseline repository contents; not all historical experiments are part of the current scorecard replay,b0407153ddcd2bfceb2335210d97ad8c18453e08545818fbcc5b5c77afebfaab,5075,review-branch publication requested by author 2026-10-02; no new license grant; complete external source archives excluded,Git on benchmark-review; no Git LFS; not a tagged final release
artifacts/simulator_papers/vqcsim_rq2_gpu_fp32_16_24_20260920/circuits/vqe_real_amp/vqe_real_amp_alg_size_21.bound.qasm3,include,Inherited from baseline Git revision 39991eb; retained historical capsule/support file,Baseline repository contents; not all historical experiments are part of the current scorecard replay,5813b331d731055addc2dc404f61be92b2f53c091f9d0136d2434b878a12d4d2,4087,review-branch publication requested by author 2026-10-02; no new license grant; complete external source archives excluded,Git on benchmark-review; no Git LFS; not a tagged final release
artifacts/simulator_papers/vqcsim_rq2_gpu_fp32_16_24_20260920/circuits/vqe_real_amp/vqe_real_amp_alg_size_21.metadata.json,include,Inherited from baseline Git revision 39991eb; retained historical capsule/support file,Baseline repository contents; not all historical experiments are part of the current scorecard replay,9760cc90b8a3e607e8b322b1a22e5ca57ededae84138cf0ae78e069de5f5098d,6165,review-branch publication requested by author 2026-10-02; no new license grant; complete external source archives excluded,Git on benchmark-review; no Git LFS; not a tagged final release
artifacts/simulator_papers/vqcsim_rq2_gpu_fp32_16_24_20260920/circuits/vqe_real_amp/vqe_real_amp_alg_size_21.normalized.bound.qasm,include,Inherited from baseline Git revision 39991eb; retained historical capsule/support file,Baseline repository contents; not all historical experiments are part of the current scorecard replay,aecbe7fe0a53b2620049b05f345dbed5b7b37ddb72d7b73d369557935cf28e65,4277,review-branch publication requested by author 2026-10-02; no new license grant; complete external source archives excluded,Git on benchmark-review; no Git LFS; not a tagged final release
artifacts/simulator_papers/vqcsim_rq2_gpu_fp32_16_24_20260920/circuits/vqe_real_amp/vqe_real_amp_alg_size_21.normalized.qasm,include,Inherited from baseline Git revision 39991eb; retained historical capsule/support file,Baseline repository contents; not all historical experiments are part of the current scorecard replay,45c4e32845c9659ae5e1e1702f1d2c892d219daae4718e0e5b20d1991e516d75,3581,review-branch publication requested by author 2026-10-02; no new license grant; complete external source archives excluded,Git on benchmark-review; no Git LFS; not a tagged final release
artifacts/simulator_papers/vqcsim_rq2_gpu_fp32_16_24_20260920/circuits/vqe_real_amp/vqe_real_amp_alg_size_21.qasm3,include,Inherited from baseline Git revision 39991eb; retained historical capsule/support file,Baseline repository contents; not all historical experiments are part of the current scorecard replay,49cf0b0990072dff1f2e64875a3238aba507d937abee71b7c94408ec90142d1d,5335,review-branch publication requested by author 2026-10-02; no new license grant; complete external source archives excluded,Git on benchmark-review; no Git LFS; not a tagged final release
artifacts/simulator_papers/vqcsim_rq2_gpu_fp32_16_24_20260920/circuits/vqe_real_amp/vqe_real_amp_alg_size_22.bound.qasm3,include,Inherited from baseline Git revision 39991eb; retained historical capsule/support file,Baseline repository contents; not all historical experiments are part of the current scorecard replay,ceb7bf1ab838b464c632355a3df266f5323856c36424f2958392ca8c4b0f4602,4344,review-branch publication requested by author 2026-10-02; no new license grant; complete external source archives excluded,Git on benchmark-review; no Git LFS; not a tagged final release
artifacts/simulator_papers/vqcsim_rq2_gpu_fp32_16_24_20260920/circuits/vqe_real_amp/vqe_real_amp_alg_size_22.metadata.json,include,Inherited from baseline Git revision 39991eb; retained historical capsule/support file,Baseline repository contents; not all historical experiments are part of the current scorecard replay,301cf3f1e136edd77083378dd8014a9ac907035c50d5827f376f585cd3a10052,6396,review-branch publication requested by author 2026-10-02; no new license grant; complete external source archives excluded,Git on benchmark-review; no Git LFS; not a tagged final release
artifacts/simulator_papers/vqcsim_rq2_gpu_fp32_16_24_20260920/circuits/vqe_real_amp/vqe_real_amp_alg_size_22.normalized.bound.qasm,include,Inherited from baseline Git revision 39991eb; retained historical capsule/support file,Baseline repository contents; not all historical experiments are part of the current scorecard replay,a376d16652e48b882cdd77ca6f0577893ab8058364b5e8c2886e9008bcb35ad0,4543,review-branch publication requested by author 2026-10-02; no new license grant; complete external source archives excluded,Git on benchmark-review; no Git LFS; not a tagged final release
artifacts/simulator_papers/vqcsim_rq2_gpu_fp32_16_24_20260920/circuits/vqe_real_amp/vqe_real_amp_alg_size_22.normalized.qasm,include,Inherited from baseline Git revision 39991eb; retained historical capsule/support file,Baseline repository contents; not all historical experiments are part of the current scorecard replay,e962f66c193c5f9541c27f273d5258a5f4e2f46a6c0147d9d67edff933492134,3757,review-branch publication requested by author 2026-10-02; no new license grant; complete external source archives excluded,Git on benchmark-review; no Git LFS; not a tagged final release
artifacts/simulator_papers/vqcsim_rq2_gpu_fp32_16_24_20260920/circuits/vqe_real_amp/vqe_real_amp_alg_size_22.qasm3,include,Inherited from baseline Git revision 39991eb; retained historical capsule/support file,Baseline repository contents; not all historical experiments are part of the current scorecard replay,89144bff9da270d1762df3c71d10e6d623c52bd21152d5900499f3da60c7bc4a,5595,review-branch publication requested by author 2026-10-02; no new license grant; complete external source archives excluded,Git on benchmark-review; no Git LFS; not a tagged final release
artifacts/simulator_papers/vqcsim_rq2_gpu_fp32_16_24_20260920/circuits/vqe_real_amp/vqe_real_amp_alg_size_23.bound.qasm3,include,Inherited from baseline Git revision 39991eb; retained historical capsule/support file,Baseline repository contents; not all historical experiments are part of the current scorecard replay,0d7a32dd09593289fac08a7c8145db91b6164a71f156032b332ed5886571e2a9,4522,review-branch publication requested by author 2026-10-02; no new license grant; complete external source archives excluded,Git on benchmark-review; no Git LFS; not a tagged final release
artifacts/simulator_papers/vqcsim_rq2_gpu_fp32_16_24_20260920/circuits/vqe_real_amp/vqe_real_amp_alg_size_23.metadata.json,include,Inherited from baseline Git revision 39991eb; retained historical capsule/support file,Baseline repository contents; not all historical experiments are part of the current scorecard replay,0cfa5f7bffaf0ea11e39e755d2b380d7f662ab7405f998fd8aec992ce3a29068,6617,review-branch publication requested by author 2026-10-02; no new license grant; complete external source archives excluded,Git on benchmark-review; no Git LFS; not a tagged final release
artifacts/simulator_papers/vqcsim_rq2_gpu_fp32_16_24_20260920/circuits/vqe_real_amp/vqe_real_amp_alg_size_23.normalized.bound.qasm,include,Inherited from baseline Git revision 39991eb; retained historical capsule/support file,Baseline repository contents; not all historical experiments are part of the current scorecard replay,c17c18a5bfa8add4056f221fbe16e6cd237ee5a1f497149cde84b94db836d9b9,4730,review-branch publication requested by author 2026-10-02; no new license grant; complete external source archives excluded,Git on benchmark-review; no Git LFS; not a tagged final release
artifacts/simulator_papers/vqcsim_rq2_gpu_fp32_16_24_20260920/circuits/vqe_real_amp/vqe_real_amp_alg_size_23.normalized.qasm,include,Inherited from baseline Git revision 39991eb; retained historical capsule/support file,Baseline repository contents; not all historical experiments are part of the current scorecard replay,ade7e29fa572ff449e59afd50d396317ffe651d714648e753a86b054c682e493,3933,review-branch publication requested by author 2026-10-02; no new license grant; complete external source archives excluded,Git on benchmark-review; no Git LFS; not a tagged final release
artifacts/simulator_papers/vqcsim_rq2_gpu_fp32_16_24_20260920/circuits/vqe_real_amp/vqe_real_amp_alg_size_23.qasm3,include,Inherited from baseline Git revision 39991eb; retained historical capsule/support file,Baseline repository contents; not all historical experiments are part of the current scorecard replay,04bb007077c31976c482059e059e285322ef2a722734bf5a7dee322a10bf891c,5855,review-branch publication requested by author 2026-10-02; no new license grant; complete external source archives excluded,Git on benchmark-review; no Git LFS; not a tagged final release
artifacts/simulator_papers/vqcsim_rq2_gpu_fp32_16_24_20260920/circuits/vqe_real_amp/vqe_real_amp_alg_size_24.bound.qasm3,include,Inherited from baseline Git revision 39991eb; retained historical capsule/support file,Baseline repository contents; not all historical experiments are part of the current scorecard replay,acf23bd9013427cc24f4a3bc74f8a72f54225505ac365dae411e7093ae3da2f8,4752,review-branch publication requested by author 2026-10-02; no new license grant; complete external source archives excluded,Git on benchmark-review; no Git LFS; not a tagged final release
artifacts/simulator_papers/vqcsim_rq2_gpu_fp32_16_24_20260920/circuits/vqe_real_amp/vqe_real_amp_alg_size_24.metadata.json,include,Inherited from baseline Git revision 39991eb; retained historical capsule/support file,Baseline repository contents; not all historical experiments are part of the current scorecard replay,f3a9ecd52fa8ae002241b00920eb2928253751f544c29862848ce17f9c050103,6844,review-branch publication requested by author 2026-10-02; no new license grant; complete external source archives excluded,Git on benchmark-review; no Git LFS; not a tagged final release
artifacts/simulator_papers/vqcsim_rq2_gpu_fp32_16_24_20260920/circuits/vqe_real_amp/vqe_real_amp_alg_size_24.normalized.bound.qasm,include,Inherited from baseline Git revision 39991eb; retained historical capsule/support file,Baseline repository contents; not all historical experiments are part of the current scorecard replay,9ba2df0f93c35038ee83cf24d25977da6a73182aacce016ac7b918454434eea3,4969,review-branch publication requested by author 2026-10-02; no new license grant; complete external source archives excluded,Git on benchmark-review; no Git LFS; not a tagged final release
artifacts/simulator_papers/vqcsim_rq2_gpu_fp32_16_24_20260920/circuits/vqe_real_amp/vqe_real_amp_alg_size_24.normalized.qasm,include,Inherited from baseline Git revision 39991eb; retained historical capsule/support file,Baseline repository contents; not all historical experiments are part of the current scorecard replay,e78301fae41f7e71091e32fa314e8c25e3b21c0051c04904ea75025b1307679c,4109,review-branch publication requested by author 2026-10-02; no new license grant; complete external source archives excluded,Git on benchmark-review; no Git LFS; not a tagged final release
artifacts/simulator_papers/vqcsim_rq2_gpu_fp32_16_24_20260920/circuits/vqe_real_amp/vqe_real_amp_alg_size_24.qasm3,include,Inherited from baseline Git revision 39991eb; retained historical capsule/support file,Baseline repository contents; not all historical experiments are part of the current scorecard replay,b9f6c3897866a65043d20277feb0bbea098000f634acc0e9edb0c286b6335969,6115,review-branch publication requested by author 2026-10-02; no new license grant; complete external source archives excluded,Git on benchmark-review; no Git LFS; not a tagged final release
artifacts/simulator_papers/vqcsim_rq2_gpu_fp32_16_24_20260920/circuits/vqe_su2/vqe_su2_alg_size_16.bound.qasm3,include,Inherited from baseline Git revision 39991eb; retained historical capsule/support file,Baseline repository contents; not all historical experiments are part of the current scorecard replay,0a4733f11464c24cfd153855f72550d7d106d1112a7aa30d9896baa992ff8157,4966,review-branch publication requested by author 2026-10-02; no new license grant; complete external source archives excluded,Git on benchmark-review; no Git LFS; not a tagged final release
artifacts/simulator_papers/vqcsim_rq2_gpu_fp32_16_24_20260920/circuits/vqe_su2/vqe_su2_alg_size_16.metadata.json,include,Inherited from baseline Git revision 39991eb; retained historical capsule/support file,Baseline repository contents; not all historical experiments are part of the current scorecard replay,384c0c3e6302273ee75bfd76f19b160b7ddf5a07e26f4c8ff0242fab35034dde,8639,review-branch publication requested by author 2026-10-02; no new license grant; complete external source archives excluded,Git on benchmark-review; no Git LFS; not a tagged final release
artifacts/simulator_papers/vqcsim_rq2_gpu_fp32_16_24_20260920/circuits/vqe_su2/vqe_su2_alg_size_16.normalized.bound.qasm,include,Inherited from baseline Git revision 39991eb; retained historical capsule/support file,Baseline repository contents; not all historical experiments are part of the current scorecard replay,c886cc27af88f2c8a5ae776019bdf6054a4bf61fb2c3732d243ecf85f0937e10,5303,review-branch publication requested by author 2026-10-02; no new license grant; complete external source archives excluded,Git on benchmark-review; no Git LFS; not a tagged final release
artifacts/simulator_papers/vqcsim_rq2_gpu_fp32_16_24_20260920/circuits/vqe_su2/vqe_su2_alg_size_16.normalized.qasm,include,Inherited from baseline Git revision 39991eb; retained historical capsule/support file,Baseline repository contents; not all historical experiments are part of the current scorecard replay,15f6a5431ed12a4c2fab770f13b732da5934e43cf26608d9aaf6c153082a28d5,4289,review-branch publication requested by author 2026-10-02; no new license grant; complete external source archives excluded,Git on benchmark-review; no Git LFS; not a tagged final release
artifacts/simulator_papers/vqcsim_rq2_gpu_fp32_16_24_20260920/circuits/vqe_su2/vqe_su2_alg_size_16.qasm3,include,Inherited from baseline Git revision 39991eb; retained historical capsule/support file,Baseline repository contents; not all historical experiments are part of the current scorecard replay,445bb52f31615c5e9812b6573c6115cc19889a9bca00111bc4082ef1a8a1db3b,6867,review-branch publication requested by author 2026-10-02; no new license grant; complete external source archives excluded,Git on benchmark-review; no Git LFS; not a tagged final release
artifacts/simulator_papers/vqcsim_rq2_gpu_fp32_16_24_20260920/circuits/vqe_su2/vqe_su2_alg_size_17.bound.qasm3,include,Inherited from baseline Git revision 39991eb; retained historical capsule/support file,Baseline repository contents; not all historical experiments are part of the current scorecard replay,2cc18f5bc51b39d1bde45b7d1c46117d03302dd3e06646a886601f7cb2ded0da,5292,review-branch publication requested by author 2026-10-02; no new license grant; complete external source archives excluded,Git on benchmark-review; no Git LFS; not a tagged final release
artifacts/simulator_papers/vqcsim_rq2_gpu_fp32_16_24_20260920/circuits/vqe_su2/vqe_su2_alg_size_17.metadata.json,include,Inherited from baseline Git revision 39991eb; retained historical capsule/support file,Baseline repository contents; not all historical experiments are part of the current scorecard replay,038270513ebe889b15fe0d6d43916a6662a3ad9e2b4682fc9b03a7a1f5936e60,9080,review-branch publication requested by author 2026-10-02; no new license grant; complete external source archives excluded,Git on benchmark-review; no Git LFS; not a tagged final release
artifacts/simulator_papers/vqcsim_rq2_gpu_fp32_16_24_20260920/circuits/vqe_su2/vqe_su2_alg_size_17.normalized.bound.qasm,include,Inherited from baseline Git revision 39991eb; retained historical capsule/support file,Baseline repository contents; not all historical experiments are part of the current scorecard replay,97fe0450cc41ea62eeb6a97d0ef56d96a3be6946544d41c4d8de2b1f3856537c,5650,review-branch publication requested by author 2026-10-02; no new license grant; complete external source archives excluded,Git on benchmark-review; no Git LFS; not a tagged final release
artifacts/simulator_papers/vqcsim_rq2_gpu_fp32_16_24_20260920/circuits/vqe_su2/vqe_su2_alg_size_17.normalized.qasm,include,Inherited from baseline Git revision 39991eb; retained historical capsule/support file,Baseline repository contents; not all historical experiments are part of the current scorecard replay,0b540fe995797d741e3de00d2922bc5320110970c2279616a3923d6ecd28975e,4573,review-branch publication requested by author 2026-10-02; no new license grant; complete external source archives excluded,Git on benchmark-review; no Git LFS; not a tagged final release
artifacts/simulator_papers/vqcsim_rq2_gpu_fp32_16_24_20260920/circuits/vqe_su2/vqe_su2_alg_size_17.qasm3,include,Inherited from baseline Git revision 39991eb; retained historical capsule/support file,Baseline repository contents; not all historical experiments are part of the current scorecard replay,f9819b75b0b64517c5b8758d5d6a6a37ed486842688d03658de9319882a95125,7319,review-branch publication requested by author 2026-10-02; no new license grant; complete external source archives excluded,Git on benchmark-review; no Git LFS; not a tagged final release
artifacts/simulator_papers/vqcsim_rq2_gpu_fp32_16_24_20260920/circuits/vqe_su2/vqe_su2_alg_size_18.bound.qasm3,include,Inherited from baseline Git revision 39991eb; retained historical capsule/support file,Baseline repository contents; not all historical experiments are part of the current scorecard replay,730f13609dd0c3fb89bc75d5810b4704259e4871e2d001703aebb854590675fa,5575,review-branch publication requested by author 2026-10-02; no new license grant; complete external source archives excluded,Git on benchmark-review; no Git LFS; not a tagged final release
artifacts/simulator_papers/vqcsim_rq2_gpu_fp32_16_24_20260920/circuits/vqe_su2/vqe_su2_alg_size_18.metadata.json,include,Inherited from baseline Git revision 39991eb; retained historical capsule/support file,Baseline repository contents; not all historical experiments are part of the current scorecard replay,18bda50a0af57c3a23f61a1e258394b4df7898352e4473b1b74b827b22529b4c,9551,review-branch publication requested by author 2026-10-02; no new license grant; complete external source archives excluded,Git on benchmark-review; no Git LFS; not a tagged final release
artifacts/simulator_papers/vqcsim_rq2_gpu_fp32_16_24_20260920/circuits/vqe_su2/vqe_su2_alg_size_18.normalized.bound.qasm,include,Inherited from baseline Git revision 39991eb; retained historical capsule/support file,Baseline repository contents; not all historical experiments are part of the current scorecard replay,57ca954a42f55a321e1bbb600bfad141bd2ad1bcbcf5dc7704d32e31efce14c8,5954,review-branch publication requested by author 2026-10-02; no new license grant; complete external source archives excluded,Git on benchmark-review; no Git LFS; not a tagged final release
artifacts/simulator_papers/vqcsim_rq2_gpu_fp32_16_24_20260920/circuits/vqe_su2/vqe_su2_alg_size_18.normalized.qasm,include,Inherited from baseline Git revision 39991eb; retained historical capsule/support file,Baseline repository contents; not all historical experiments are part of the current scorecard replay,da0d7d1453a1547d3bcd49ffbb2c63b6aba42481cb06c048eb6acef56dd33c84,4857,review-branch publication requested by author 2026-10-02; no new license grant; complete external source archives excluded,Git on benchmark-review; no Git LFS; not a tagged final release
artifacts/simulator_papers/vqcsim_rq2_gpu_fp32_16_24_20260920/circuits/vqe_su2/vqe_su2_alg_size_18.qasm3,include,Inherited from baseline Git revision 39991eb; retained historical capsule/support file,Baseline repository contents; not all historical experiments are part of the current scorecard replay,07b646c0165639669a3f2bbfa018bb4607bcc002bced5dff2b982f52f49c120a,7771,review-branch publication requested by author 2026-10-02; no new license grant; complete external source archives excluded,Git on benchmark-review; no Git LFS; not a tagged final release
artifacts/simulator_papers/vqcsim_rq2_gpu_fp32_16_24_20260920/circuits/vqe_su2/vqe_su2_alg_size_19.bound.qasm3,include,Inherited from baseline Git revision 39991eb; retained historical capsule/support file,Baseline repository contents; not all historical experiments are part of the current scorecard replay,92bc2ec38fb4756386889d70243e15c6b4f713d1fa736d8423693bc023eaee38,5845,review-branch publication requested by author 2026-10-02; no new license grant; complete external source archives excluded,Git on benchmark-review; no Git LFS; not a tagged final release
artifacts/simulator_papers/vqcsim_rq2_gpu_fp32_16_24_20260920/circuits/vqe_su2/vqe_su2_alg_size_19.metadata.json,include,Inherited from baseline Git revision 39991eb; retained historical capsule/support file,Baseline repository contents; not all historical experiments are part of the current scorecard replay,a06c68c5c4b564867f212c8ab411d91b55eda28880c2074f1fab509bebdd25ca,10003,review-branch publication requested by author 2026-10-02; no new license grant; complete external source archives excluded,Git on benchmark-review; no Git LFS; not a tagged final release
artifacts/simulator_papers/vqcsim_rq2_gpu_fp32_16_24_20260920/circuits/vqe_su2/vqe_su2_alg_size_19.normalized.bound.qasm,include,Inherited from baseline Git revision 39991eb; retained historical capsule/support file,Baseline repository contents; not all historical experiments are part of the current scorecard replay,d2bc990eeef2f0afac514195d1be70130a6c59d5950bf85077c2f44249f40be3,6245,review-branch publication requested by author 2026-10-02; no new license grant; complete external source archives excluded,Git on benchmark-review; no Git LFS; not a tagged final release
artifacts/simulator_papers/vqcsim_rq2_gpu_fp32_16_24_20260920/circuits/vqe_su2/vqe_su2_alg_size_19.normalized.qasm,include,Inherited from baseline Git revision 39991eb; retained historical capsule/support file,Baseline repository contents; not all historical experiments are part of the current scorecard replay,57aa15e3f1a5e7a09db30a3eba7feedabf457288863726e6a2a20b121ab64bb3,5141,review-branch publication requested by author 2026-10-02; no new license grant; complete external source archives excluded,Git on benchmark-review; no Git LFS; not a tagged final release
artifacts/simulator_papers/vqcsim_rq2_gpu_fp32_16_24_20260920/circuits/vqe_su2/vqe_su2_alg_size_19.qasm3,include,Inherited from baseline Git revision 39991eb; retained historical capsule/support file,Baseline repository contents; not all historical experiments are part of the current scorecard replay,91051053aeadf93b1e2debbe9204ec29dc81a346f561e4a5deb81909058da709,8223,review-branch publication requested by author 2026-10-02; no new license grant; complete external source archives excluded,Git on benchmark-review; no Git LFS; not a tagged final release
artifacts/simulator_papers/vqcsim_rq2_gpu_fp32_16_24_20260920/circuits/vqe_su2/vqe_su2_alg_size_20.bound.qasm3,include,Inherited from baseline Git revision 39991eb; retained historical capsule/support file,Baseline repository contents; not all historical experiments are part of the current scorecard replay,d2b45cd683acea5a20c69bed692f11bc52f54d89d8d8214ebad025fd694b973f,6175,review-branch publication requested by author 2026-10-02; no new license grant; complete external source archives excluded,Git on benchmark-review; no Git LFS; not a tagged final release
artifacts/simulator_papers/vqcsim_rq2_gpu_fp32_16_24_20260920/circuits/vqe_su2/vqe_su2_alg_size_20.metadata.json,include,Inherited from baseline Git revision 39991eb; retained historical capsule/support file,Baseline repository contents; not all historical experiments are part of the current scorecard replay,47e81b31e41d756f5f44e6fc8119ef1f9ba3cfb7d88b2005971fad496d7aa7c4,10451,review-branch publication requested by author 2026-10-02; no new license grant; complete external source archives excluded,Git on benchmark-review; no Git LFS; not a tagged final release
artifacts/simulator_papers/vqcsim_rq2_gpu_fp32_16_24_20260920/circuits/vqe_su2/vqe_su2_alg_size_20.normalized.bound.qasm,include,Inherited from baseline Git revision 39991eb; retained historical capsule/support file,Baseline repository contents; not all historical experiments are part of the current scorecard replay,f8964308c770bffb0eab40e68794fc6d1809e354a0949d52291e6dfc25c7de12,6596,review-branch publication requested by author 2026-10-02; no new license grant; complete external source archives excluded,Git on benchmark-review; no Git LFS; not a tagged final release
artifacts/simulator_papers/vqcsim_rq2_gpu_fp32_16_24_20260920/circuits/vqe_su2/vqe_su2_alg_size_20.normalized.qasm,include,Inherited from baseline Git revision 39991eb; retained historical capsule/support file,Baseline repository contents; not all historical experiments are part of the current scorecard replay,2f1e20ed4129b3a5fa42ce3397eba9e45ec42369741d4e1d767b717778569365,5425,review-branch publication requested by author 2026-10-02; no new license grant; complete external source archives excluded,Git on benchmark-review; no Git LFS; not a tagged final release
artifacts/simulator_papers/vqcsim_rq2_gpu_fp32_16_24_20260920/circuits/vqe_su2/vqe_su2_alg_size_20.qasm3,include,Inherited from baseline Git revision 39991eb; retained historical capsule/support file,Baseline repository contents; not all historical experiments are part of the current scorecard replay,deba7c3d4e3426de68b4254907dd32d3c13ba645fd56b423fcefefa4b8135b2a,8675,review-branch publication requested by author 2026-10-02; no new license grant; complete external source archives excluded,Git on benchmark-review; no Git LFS; not a tagged final release
artifacts/simulator_papers/vqcsim_rq2_gpu_fp32_16_24_20260920/circuits/vqe_su2/vqe_su2_alg_size_21.bound.qasm3,include,Inherited from baseline Git revision 39991eb; retained historical capsule/support file,Baseline repository contents; not all historical experiments are part of the current scorecard replay,defcd113d7f39b54885b39520277466ee0d66312131fb8f7adeb5c4facbc80f3,6503,review-branch publication requested by author 2026-10-02; no new license grant; complete external source archives excluded,Git on benchmark-review; no Git LFS; not a tagged final release
artifacts/simulator_papers/vqcsim_rq2_gpu_fp32_16_24_20260920/circuits/vqe_su2/vqe_su2_alg_size_21.metadata.json,include,Inherited from baseline Git revision 39991eb; retained historical capsule/support file,Baseline repository contents; not all historical experiments are part of the current scorecard replay,2b6cac43f33d39dd7fad0bb45c87a756b286ccd79a149cc328c1302e0d413f45,10931,review-branch publication requested by author 2026-10-02; no new license grant; complete external source archives excluded,Git on benchmark-review; no Git LFS; not a tagged final release
artifacts/simulator_papers/vqcsim_rq2_gpu_fp32_16_24_20260920/circuits/vqe_su2/vqe_su2_alg_size_21.normalized.bound.qasm,include,Inherited from baseline Git revision 39991eb; retained historical capsule/support file,Baseline repository contents; not all historical experiments are part of the current scorecard replay,07ce534c93aa9f38c8c3eda098cf8c5db088640c448b751810b2d741071fc89f,6945,review-branch publication requested by author 2026-10-02; no new license grant; complete external source archives excluded,Git on benchmark-review; no Git LFS; not a tagged final release
artifacts/simulator_papers/vqcsim_rq2_gpu_fp32_16_24_20260920/circuits/vqe_su2/vqe_su2_alg_size_21.normalized.qasm,include,Inherited from baseline Git revision 39991eb; retained historical capsule/support file,Baseline repository contents; not all historical experiments are part of the current scorecard replay,549816fdd07276a81bfe53d094727e166ed03d241a7ef81fd32bdf988fd58f58,5709,review-branch publication requested by author 2026-10-02; no new license grant; complete external source archives excluded,Git on benchmark-review; no Git LFS; not a tagged final release
artifacts/simulator_papers/vqcsim_rq2_gpu_fp32_16_24_20260920/circuits/vqe_su2/vqe_su2_alg_size_21.qasm3,include,Inherited from baseline Git revision 39991eb; retained historical capsule/support file,Baseline repository contents; not all historical experiments are part of the current scorecard replay,688a5e7898f6c6566b593f0340ae229bd8af3064142ba35ace39ef77c4707561,9127,review-branch publication requested by author 2026-10-02; no new license grant; complete external source archives excluded,Git on benchmark-review; no Git LFS; not a tagged final release
artifacts/simulator_papers/vqcsim_rq2_gpu_fp32_16_24_20260920/circuits/vqe_su2/vqe_su2_alg_size_22.bound.qasm3,include,Inherited from baseline Git revision 39991eb; retained historical capsule/support file,Baseline repository contents; not all historical experiments are part of the current scorecard replay,88d65773ed89c34cf44abe37db57f595bf0ebbc833fa43f600e4fbed671472ba,6860,review-branch publication requested by author 2026-10-02; no new license grant; complete external source archives excluded,Git on benchmark-review; no Git LFS; not a tagged final release
artifacts/simulator_papers/vqcsim_rq2_gpu_fp32_16_24_20260920/circuits/vqe_su2/vqe_su2_alg_size_22.metadata.json,include,Inherited from baseline Git revision 39991eb; retained historical capsule/support file,Baseline repository contents; not all historical experiments are part of the current scorecard replay,63a98020ad5b45f130f2ee6001e144f11369706a17deba8c334759708a5d52be,11373,review-branch publication requested by author 2026-10-02; no new license grant; complete external source archives excluded,Git on benchmark-review; no Git LFS; not a tagged final release
artifacts/simulator_papers/vqcsim_rq2_gpu_fp32_16_24_20260920/circuits/vqe_su2/vqe_su2_alg_size_22.normalized.bound.qasm,include,Inherited from baseline Git revision 39991eb; retained historical capsule/support file,Baseline repository contents; not all historical experiments are part of the current scorecard replay,e4c0600f7a634793c24f932839f52069aaf579d30038d2f907b9e7484a3b8eb4,7323,review-branch publication requested by author 2026-10-02; no new license grant; complete external source archives excluded,Git on benchmark-review; no Git LFS; not a tagged final release
artifacts/simulator_papers/vqcsim_rq2_gpu_fp32_16_24_20260920/circuits/vqe_su2/vqe_su2_alg_size_22.normalized.qasm,include,Inherited from baseline Git revision 39991eb; retained historical capsule/support file,Baseline repository contents; not all historical experiments are part of the current scorecard replay,7a769b01ed9ee6ea1d335865b96c94e2166519202130bcbd04d7129fa21da73a,5993,review-branch publication requested by author 2026-10-02; no new license grant; complete external source archives excluded,Git on benchmark-review; no Git LFS; not a tagged final release
artifacts/simulator_papers/vqcsim_rq2_gpu_fp32_16_24_20260920/circuits/vqe_su2/vqe_su2_alg_size_22.qasm3,include,Inherited from baseline Git revision 39991eb; retained historical capsule/support file,Baseline repository contents; not all historical experiments are part of the current scorecard replay,0a40f9f9227bb05ddf2ebd25af55c75fcf6c79ec73d0c7957cb269795d33577f,9579,review-branch publication requested by author 2026-10-02; no new license grant; complete external source archives excluded,Git on benchmark-review; no Git LFS; not a tagged final release
artifacts/simulator_papers/vqcsim_rq2_gpu_fp32_16_24_20260920/circuits/vqe_su2/vqe_su2_alg_size_23.bound.qasm3,include,Inherited from baseline Git revision 39991eb; retained historical capsule/support file,Baseline repository contents; not all historical experiments are part of the current scorecard replay,88449c55dc21eb8c48017524d0ede985a2cd3116f34c7009d841a5bf9b9b0ee3,7164,review-branch publication requested by author 2026-10-02; no new license grant; complete external source archives excluded,Git on benchmark-review; no Git LFS; not a tagged final release
artifacts/simulator_papers/vqcsim_rq2_gpu_fp32_16_24_20260920/circuits/vqe_su2/vqe_su2_alg_size_23.metadata.json,include,Inherited from baseline Git revision 39991eb; retained historical capsule/support file,Baseline repository contents; not all historical experiments are part of the current scorecard replay,66406d591b0a5f72edd794a55e2d90c540a9edccf1f9c63c582dbaa201a7f40e,11826,review-branch publication requested by author 2026-10-02; no new license grant; complete external source archives excluded,Git on benchmark-review; no Git LFS; not a tagged final release
artifacts/simulator_papers/vqcsim_rq2_gpu_fp32_16_24_20260920/circuits/vqe_su2/vqe_su2_alg_size_23.normalized.bound.qasm,include,Inherited from baseline Git revision 39991eb; retained historical capsule/support file,Baseline repository contents; not all historical experiments are part of the current scorecard replay,b5344d21424197471fa34deb67774704be01411e971eec5fc7cf438180a55054,7648,review-branch publication requested by author 2026-10-02; no new license grant; complete external source archives excluded,Git on benchmark-review; no Git LFS; not a tagged final release
artifacts/simulator_papers/vqcsim_rq2_gpu_fp32_16_24_20260920/circuits/vqe_su2/vqe_su2_alg_size_23.normalized.qasm,include,Inherited from baseline Git revision 39991eb; retained historical capsule/support file,Baseline repository contents; not all historical experiments are part of the current scorecard replay,51e97cd09b74e689a7406692f316690a1197a8687fced284e6f3140378a71aa6,6277,review-branch publication requested by author 2026-10-02; no new license grant; complete external source archives excluded,Git on benchmark-review; no Git LFS; not a tagged final release
artifacts/simulator_papers/vqcsim_rq2_gpu_fp32_16_24_20260920/circuits/vqe_su2/vqe_su2_alg_size_23.qasm3,include,Inherited from baseline Git revision 39991eb; retained historical capsule/support file,Baseline repository contents; not all historical experiments are part of the current scorecard replay,88e231610c62752c8b85c212303083ceb86cad74c4f8756fe7549000f17bdc1d,10031,review-branch publication requested by author 2026-10-02; no new license grant; complete external source archives excluded,Git on benchmark-review; no Git LFS; not a tagged final release
artifacts/simulator_papers/vqcsim_rq2_gpu_fp32_16_24_20260920/circuits/vqe_su2/vqe_su2_alg_size_24.bound.qasm3,include,Inherited from baseline Git revision 39991eb; retained historical capsule/support file,Baseline repository contents; not all historical experiments are part of the current scorecard replay,1697ed036f2e443862c66156c0b0add91aec5ddb0d8d95487199769d09b0a8dc,7524,review-branch publication requested by author 2026-10-02; no new license grant; complete external source archives excluded,Git on benchmark-review; no Git LFS; not a tagged final release
artifacts/simulator_papers/vqcsim_rq2_gpu_fp32_16_24_20260920/circuits/vqe_su2/vqe_su2_alg_size_24.metadata.json,include,Inherited from baseline Git revision 39991eb; retained historical capsule/support file,Baseline repository contents; not all historical experiments are part of the current scorecard replay,9529c57c8e0fc6758d0be2ae8b05dacf402f812f64bca42a87314e0acebdcead,12293,review-branch publication requested by author 2026-10-02; no new license grant; complete external source archives excluded,Git on benchmark-review; no Git LFS; not a tagged final release
artifacts/simulator_papers/vqcsim_rq2_gpu_fp32_16_24_20260920/circuits/vqe_su2/vqe_su2_alg_size_24.normalized.bound.qasm,include,Inherited from baseline Git revision 39991eb; retained historical capsule/support file,Baseline repository contents; not all historical experiments are part of the current scorecard replay,38126dcd3f0853709f335db655c6082afe94bb1563880b8fdcddce7cf7fab7bc,8029,review-branch publication requested by author 2026-10-02; no new license grant; complete external source archives excluded,Git on benchmark-review; no Git LFS; not a tagged final release
artifacts/simulator_papers/vqcsim_rq2_gpu_fp32_16_24_20260920/circuits/vqe_su2/vqe_su2_alg_size_24.normalized.qasm,include,Inherited from baseline Git revision 39991eb; retained historical capsule/support file,Baseline repository contents; not all historical experiments are part of the current scorecard replay,4b59f693d15290fbdad1557a82670b546d7ed50ccaf47f74a874a4936919eb87,6561,review-branch publication requested by author 2026-10-02; no new license grant; complete external source archives excluded,Git on benchmark-review; no Git LFS; not a tagged final release
artifacts/simulator_papers/vqcsim_rq2_gpu_fp32_16_24_20260920/circuits/vqe_su2/vqe_su2_alg_size_24.qasm3,include,Inherited from baseline Git revision 39991eb; retained historical capsule/support file,Baseline repository contents; not all historical experiments are part of the current scorecard replay,2a4da336de1aba940c85be3d06f0d2a0a50bd41c45774a4cc12f78eb83eff916,10483,review-branch publication requested by author 2026-10-02; no new license grant; complete external source archives excluded,Git on benchmark-review; no Git LFS; not a tagged final release
artifacts/simulator_papers/vqcsim_rq2_gpu_fp32_16_24_20260920/circuits/vqe_two_local/vqe_two_local_alg_size_16.bound.qasm3,include,Inherited from baseline Git revision 39991eb; retained historical capsule/support file,Baseline repository contents; not all historical experiments are part of the current scorecard replay,d9422f07dfc77b6e41cbea51d39072c8f076f209d2eb3842bf176c233a368869,7960,review-branch publication requested by author 2026-10-02; no new license grant; complete external source archives excluded,Git on benchmark-review; no Git LFS; not a tagged final release
artifacts/simulator_papers/vqcsim_rq2_gpu_fp32_16_24_20260920/circuits/vqe_two_local/vqe_two_local_alg_size_16.metadata.json,include,Inherited from baseline Git revision 39991eb; retained historical capsule/support file,Baseline repository contents; not all historical experiments are part of the current scorecard replay,7cecba0fbc99231b316752cf268dbbe4cd3d51fff9de9486e31f06288575f0db,5056,review-branch publication requested by author 2026-10-02; no new license grant; complete external source archives excluded,Git on benchmark-review; no Git LFS; not a tagged final release
artifacts/simulator_papers/vqcsim_rq2_gpu_fp32_16_24_20260920/circuits/vqe_two_local/vqe_two_local_alg_size_16.normalized.bound.qasm,include,Inherited from baseline Git revision 39991eb; retained historical capsule/support file,Baseline repository contents; not all historical experiments are part of the current scorecard replay,dc9ffec82c448331a528198541233b7634d5e0da7e018a6a5cb5872cf3f8649d,7790,review-branch publication requested by author 2026-10-02; no new license grant; complete external source archives excluded,Git on benchmark-review; no Git LFS; not a tagged final release
artifacts/simulator_papers/vqcsim_rq2_gpu_fp32_16_24_20260920/circuits/vqe_two_local/vqe_two_local_alg_size_16.normalized.qasm,include,Inherited from baseline Git revision 39991eb; retained historical capsule/support file,Baseline repository contents; not all historical experiments are part of the current scorecard replay,c0a1ef24012584ad5c9d6cbc5ae414c30aa5af1308d9d47c3c4949049e2d8fb3,7348,review-branch publication requested by author 2026-10-02; no new license grant; complete external source archives excluded,Git on benchmark-review; no Git LFS; not a tagged final release
artifacts/simulator_papers/vqcsim_rq2_gpu_fp32_16_24_20260920/circuits/vqe_two_local/vqe_two_local_alg_size_16.qasm3,include,Inherited from baseline Git revision 39991eb; retained historical capsule/support file,Baseline repository contents; not all historical experiments are part of the current scorecard replay,7f49af19c6caacfaab10ee986e9ef5c23c1de1987f771f97db01fd445e132afd,8997,review-branch publication requested by author 2026-10-02; no new license grant; complete external source archives excluded,Git on benchmark-review; no Git LFS; not a tagged final release
artifacts/simulator_papers/vqcsim_rq2_gpu_fp32_16_24_20260920/circuits/vqe_two_local/vqe_two_local_alg_size_17.bound.qasm3,include,Inherited from baseline Git revision 39991eb; retained historical capsule/support file,Baseline repository contents; not all historical experiments are part of the current scorecard replay,66c26907954a220ada3af5c213819de3d266713f58e7ebbf52c03f4a1bf55baf,8998,review-branch publication requested by author 2026-10-02; no new license grant; complete external source archives excluded,Git on benchmark-review; no Git LFS; not a tagged final release
artifacts/simulator_papers/vqcsim_rq2_gpu_fp32_16_24_20260920/circuits/vqe_two_local/vqe_two_local_alg_size_17.metadata.json,include,Inherited from baseline Git revision 39991eb; retained historical capsule/support file,Baseline repository contents; not all historical experiments are part of the current scorecard replay,b6aa45c0b7de9d2454b496ae803b9fcefb36af9d8b73520b9e42ead57c653271,5279,review-branch publication requested by author 2026-10-02; no new license grant; complete external source archives excluded,Git on benchmark-review; no Git LFS; not a tagged final release
artifacts/simulator_papers/vqcsim_rq2_gpu_fp32_16_24_20260920/circuits/vqe_two_local/vqe_two_local_alg_size_17.normalized.bound.qasm,include,Inherited from baseline Git revision 39991eb; retained historical capsule/support file,Baseline repository contents; not all historical experiments are part of the current scorecard replay,0fc6fcf61829ce033875f4ee4274252d8958f0c26235ab1458476227d6a4c2bd,8792,review-branch publication requested by author 2026-10-02; no new license grant; complete external source archives excluded,Git on benchmark-review; no Git LFS; not a tagged final release
artifacts/simulator_papers/vqcsim_rq2_gpu_fp32_16_24_20260920/circuits/vqe_two_local/vqe_two_local_alg_size_17.normalized.qasm,include,Inherited from baseline Git revision 39991eb; retained historical capsule/support file,Baseline repository contents; not all historical experiments are part of the current scorecard replay,cac25e45f58e8f648be690347f9b16f9cf39022d13c13de3209e0de2a43b971b,8214,review-branch publication requested by author 2026-10-02; no new license grant; complete external source archives excluded,Git on benchmark-review; no Git LFS; not a tagged final release
artifacts/simulator_papers/vqcsim_rq2_gpu_fp32_16_24_20260920/circuits/vqe_two_local/vqe_two_local_alg_size_17.qasm3,include,Inherited from baseline Git revision 39991eb; retained historical capsule/support file,Baseline repository contents; not all historical experiments are part of the current scorecard replay,3966fae0d0a40edfe47a1dcde543cf78a616b5ef7fd6a3d532073112cedb03a6,9992,review-branch publication requested by author 2026-10-02; no new license grant; complete external source archives excluded,Git on benchmark-review; no Git LFS; not a tagged final release
artifacts/simulator_papers/vqcsim_rq2_gpu_fp32_16_24_20260920/circuits/vqe_two_local/vqe_two_local_alg_size_18.bound.qasm3,include,Inherited from baseline Git revision 39991eb; retained historical capsule/support file,Baseline repository contents; not all historical experiments are part of the current scorecard replay,552701c1b3abc23283c84a4976488c4b95f6de5020f4294c8389b7e7594b856e,10012,review-branch publication requested by author 2026-10-02; no new license grant; complete external source archives excluded,Git on benchmark-review; no Git LFS; not a tagged final release
artifacts/simulator_papers/vqcsim_rq2_gpu_fp32_16_24_20260920/circuits/vqe_two_local/vqe_two_local_alg_size_18.metadata.json,include,Inherited from baseline Git revision 39991eb; retained historical capsule/support file,Baseline repository contents; not all historical experiments are part of the current scorecard replay,d233fb0e1872c7bdd5ebcaa2cbf71857c9f9fc58ef392c1dba5dc502b08ccd22,5502,review-branch publication requested by author 2026-10-02; no new license grant; complete external source archives excluded,Git on benchmark-review; no Git LFS; not a tagged final release
artifacts/simulator_papers/vqcsim_rq2_gpu_fp32_16_24_20260920/circuits/vqe_two_local/vqe_two_local_alg_size_18.normalized.bound.qasm,include,Inherited from baseline Git revision 39991eb; retained historical capsule/support file,Baseline repository contents; not all historical experiments are part of the current scorecard replay,a8fc21ac2a3da6a70d711c8f16fa55a8dfec98eac8fddef92754c159d6e06849,9767,review-branch publication requested by author 2026-10-02; no new license grant; complete external source archives excluded,Git on benchmark-review; no Git LFS; not a tagged final release
artifacts/simulator_papers/vqcsim_rq2_gpu_fp32_16_24_20260920/circuits/vqe_two_local/vqe_two_local_alg_size_18.normalized.qasm,include,Inherited from baseline Git revision 39991eb; retained historical capsule/support file,Baseline repository contents; not all historical experiments are part of the current scorecard replay,ccdd7f9637fef4ae686cbc29463819b6e6ddaf4bb2ac8f97db4caaaa8d688536,9128,review-branch publication requested by author 2026-10-02; no new license grant; complete external source archives excluded,Git on benchmark-review; no Git LFS; not a tagged final release
artifacts/simulator_papers/vqcsim_rq2_gpu_fp32_16_24_20260920/circuits/vqe_two_local/vqe_two_local_alg_size_18.qasm3,include,Inherited from baseline Git revision 39991eb; retained historical capsule/support file,Baseline repository contents; not all historical experiments are part of the current scorecard replay,680cd080b6ee4068bc3744f14300aa0c5049de5121bc8c50877837c703290950,11038,review-branch publication requested by author 2026-10-02; no new license grant; complete external source archives excluded,Git on benchmark-review; no Git LFS; not a tagged final release
artifacts/simulator_papers/vqcsim_rq2_gpu_fp32_16_24_20260920/circuits/vqe_two_local/vqe_two_local_alg_size_19.bound.qasm3,include,Inherited from baseline Git revision 39991eb; retained historical capsule/support file,Baseline repository contents; not all historical experiments are part of the current scorecard replay,0875361552c5dc90369826b0e7ccca275a574d116cb946586f969ffc46621eee,10906,review-branch publication requested by author 2026-10-02; no new license grant; complete external source archives excluded,Git on benchmark-review; no Git LFS; not a tagged final release
artifacts/simulator_papers/vqcsim_rq2_gpu_fp32_16_24_20260920/circuits/vqe_two_local/vqe_two_local_alg_size_19.metadata.json,include,Inherited from baseline Git revision 39991eb; retained historical capsule/support file,Baseline repository contents; not all historical experiments are part of the current scorecard replay,039a0acf80db8fcb2e374571ce03f1ae4d24df319017102bf2ce776ecef0dc12,5725,review-branch publication requested by author 2026-10-02; no new license grant; complete external source archives excluded,Git on benchmark-review; no Git LFS; not a tagged final release
artifacts/simulator_papers/vqcsim_rq2_gpu_fp32_16_24_20260920/circuits/vqe_two_local/vqe_two_local_alg_size_19.normalized.bound.qasm,include,Inherited from baseline Git revision 39991eb; retained historical capsule/support file,Baseline repository contents; not all historical experiments are part of the current scorecard replay,05b5ff5894008078bde028d808aac800ba829fd44444817da0b5a095265ba1d3,10619,review-branch publication requested by author 2026-10-02; no new license grant; complete external source archives excluded,Git on benchmark-review; no Git LFS; not a tagged final release
artifacts/simulator_papers/vqcsim_rq2_gpu_fp32_16_24_20260920/circuits/vqe_two_local/vqe_two_local_alg_size_19.normalized.qasm,include,Inherited from baseline Git revision 39991eb; retained historical capsule/support file,Baseline repository contents; not all historical experiments are part of the current scorecard replay,adc66f72a99526d5d384c4100f744901ef853936cb3ad782aadcaa2a1bab788e,10090,review-branch publication requested by author 2026-10-02; no new license grant; complete external source archives excluded,Git on benchmark-review; no Git LFS; not a tagged final release
artifacts/simulator_papers/vqcsim_rq2_gpu_fp32_16_24_20260920/circuits/vqe_two_local/vqe_two_local_alg_size_19.qasm3,include,Inherited from baseline Git revision 39991eb; retained historical capsule/support file,Baseline repository contents; not all historical experiments are part of the current scorecard replay,ae1339d14c52de5b15479d73e42a3de2b9f82962fcd204a6ad136418d1e3f3cb,12135,review-branch publication requested by author 2026-10-02; no new license grant; complete external source archives excluded,Git on benchmark-review; no Git LFS; not a tagged final release
artifacts/simulator_papers/vqcsim_rq2_gpu_fp32_16_24_20260920/circuits/vqe_two_local/vqe_two_local_alg_size_20.bound.qasm3,include,Inherited from baseline Git revision 39991eb; retained historical capsule/support file,Baseline repository contents; not all historical experiments are part of the current scorecard replay,48639e5e0f2d9ccd3a326d182407c120fe7afba018f34c573e3ab328c952e260,12048,review-branch publication requested by author 2026-10-02; no new license grant; complete external source archives excluded,Git on benchmark-review; no Git LFS; not a tagged final release
artifacts/simulator_papers/vqcsim_rq2_gpu_fp32_16_24_20260920/circuits/vqe_two_local/vqe_two_local_alg_size_20.metadata.json,include,Inherited from baseline Git revision 39991eb; retained historical capsule/support file,Baseline repository contents; not all historical experiments are part of the current scorecard replay,55a2b0a682549cc670331ab4e983441d58a7d3f03d5c5db43419c43f9bd6316d,5943,review-branch publication requested by author 2026-10-02; no new license grant; complete external source archives excluded,Git on benchmark-review; no Git LFS; not a tagged final release
artifacts/simulator_papers/vqcsim_rq2_gpu_fp32_16_24_20260920/circuits/vqe_two_local/vqe_two_local_alg_size_20.normalized.bound.qasm,include,Inherited from baseline Git revision 39991eb; retained historical capsule/support file,Baseline repository contents; not all historical experiments are part of the current scorecard replay,03ce9b95d3113cd24cc02a7bd13bfc5df8691afc7cd4fdcf96a3eab75354f031,11716,review-branch publication requested by author 2026-10-02; no new license grant; complete external source archives excluded,Git on benchmark-review; no Git LFS; not a tagged final release
artifacts/simulator_papers/vqcsim_rq2_gpu_fp32_16_24_20260920/circuits/vqe_two_local/vqe_two_local_alg_size_20.normalized.qasm,include,Inherited from baseline Git revision 39991eb; retained historical capsule/support file,Baseline repository contents; not all historical experiments are part of the current scorecard replay,7878403084b86a9098616b912eff2e78f057281e221001fd0ed9d83f7748138e,11100,review-branch publication requested by author 2026-10-02; no new license grant; complete external source archives excluded,Git on benchmark-review; no Git LFS; not a tagged final release
artifacts/simulator_papers/vqcsim_rq2_gpu_fp32_16_24_20260920/circuits/vqe_two_local/vqe_two_local_alg_size_20.qasm3,include,Inherited from baseline Git revision 39991eb; retained historical capsule/support file,Baseline repository contents; not all historical experiments are part of the current scorecard replay,47b02b89a45bc00b56603c21f400153e91e46cfab4fada4a4f794bc35d02f802,13283,review-branch publication requested by author 2026-10-02; no new license grant; complete external source archives excluded,Git on benchmark-review; no Git LFS; not a tagged final release
artifacts/simulator_papers/vqcsim_rq2_gpu_fp32_16_24_20260920/circuits/vqe_two_local/vqe_two_local_alg_size_21.bound.qasm3,include,Inherited from baseline Git revision 39991eb; retained historical capsule/support file,Baseline repository contents; not all historical experiments are part of the current scorecard replay,849b530c56af8cdcb02246c147b1a569330f1932b974de82d70b44685b91580f,13234,review-branch publication requested by author 2026-10-02; no new license grant; complete external source archives excluded,Git on benchmark-review; no Git LFS; not a tagged final release
artifacts/simulator_papers/vqcsim_rq2_gpu_fp32_16_24_20260920/circuits/vqe_two_local/vqe_two_local_alg_size_21.metadata.json,include,Inherited from baseline Git revision 39991eb; retained historical capsule/support file,Baseline repository contents; not all historical experiments are part of the current scorecard replay,e1086a12606fb0174488609c84eef5899c18ababe3087f9c45c29007383ade8e,6168,review-branch publication requested by author 2026-10-02; no new license grant; complete external source archives excluded,Git on benchmark-review; no Git LFS; not a tagged final release
artifacts/simulator_papers/vqcsim_rq2_gpu_fp32_16_24_20260920/circuits/vqe_two_local/vqe_two_local_alg_size_21.normalized.bound.qasm,include,Inherited from baseline Git revision 39991eb; retained historical capsule/support file,Baseline repository contents; not all historical experiments are part of the current scorecard replay,ec98ebf3eaa78cb00941029052841d9bea668d51683bdea28f2a96cc1f942524,12854,review-branch publication requested by author 2026-10-02; no new license grant; complete external source archives excluded,Git on benchmark-review; no Git LFS; not a tagged final release
artifacts/simulator_papers/vqcsim_rq2_gpu_fp32_16_24_20260920/circuits/vqe_two_local/vqe_two_local_alg_size_21.normalized.qasm,include,Inherited from baseline Git revision 39991eb; retained historical capsule/support file,Baseline repository contents; not all historical experiments are part of the current scorecard replay,a7dfc20679fed62902df36cf4cd15d539d64c6e4443762ab8d9ec9ef50c29eac,12158,review-branch publication requested by author 2026-10-02; no new license grant; complete external source archives excluded,Git on benchmark-review; no Git LFS; not a tagged final release
artifacts/simulator_papers/vqcsim_rq2_gpu_fp32_16_24_20260920/circuits/vqe_two_local/vqe_two_local_alg_size_21.qasm3,include,Inherited from baseline Git revision 39991eb; retained historical capsule/support file,Baseline repository contents; not all historical experiments are part of the current scorecard replay,b5f522e4b8f31943e408c8b98372083f9012aa1482c9b807bcfe489c010ae2cf,14482,review-branch publication requested by author 2026-10-02; no new license grant; complete external source archives excluded,Git on benchmark-review; no Git LFS; not a tagged final release
artifacts/simulator_papers/vqcsim_rq2_gpu_fp32_16_24_20260920/circuits/vqe_two_local/vqe_two_local_alg_size_22.bound.qasm3,include,Inherited from baseline Git revision 39991eb; retained historical capsule/support file,Baseline repository contents; not all historical experiments are part of the current scorecard replay,f549225d3736fcb1f6e20aa6b842ff78f11c45b60cb8d8a03fc42954b4c295c3,14481,review-branch publication requested by author 2026-10-02; no new license grant; complete external source archives excluded,Git on benchmark-review; no Git LFS; not a tagged final release
artifacts/simulator_papers/vqcsim_rq2_gpu_fp32_16_24_20260920/circuits/vqe_two_local/vqe_two_local_alg_size_22.metadata.json,include,Inherited from baseline Git revision 39991eb; retained historical capsule/support file,Baseline repository contents; not all historical experiments are part of the current scorecard replay,95c85a8c7aa8893201184f061f7f601805e4a9aacfb976716bbc76e1479ae6bf,6398,review-branch publication requested by author 2026-10-02; no new license grant; complete external source archives excluded,Git on benchmark-review; no Git LFS; not a tagged final release
artifacts/simulator_papers/vqcsim_rq2_gpu_fp32_16_24_20260920/circuits/vqe_two_local/vqe_two_local_alg_size_22.normalized.bound.qasm,include,Inherited from baseline Git revision 39991eb; retained historical capsule/support file,Baseline repository contents; not all historical experiments are part of the current scorecard replay,ce6b4efbc54e2651516d720557238259c53b5e8703f090bcec77313ece6eb24d,14050,review-branch publication requested by author 2026-10-02; no new license grant; complete external source archives excluded,Git on benchmark-review; no Git LFS; not a tagged final release
artifacts/simulator_papers/vqcsim_rq2_gpu_fp32_16_24_20260920/circuits/vqe_two_local/vqe_two_local_alg_size_22.normalized.qasm,include,Inherited from baseline Git revision 39991eb; retained historical capsule/support file,Baseline repository contents; not all historical experiments are part of the current scorecard replay,b24c02afdbe4c724cdeca431b0b9fcfbc34ea56e3788a854350261a1e2ab9e65,13264,review-branch publication requested by author 2026-10-02; no new license grant; complete external source archives excluded,Git on benchmark-review; no Git LFS; not a tagged final release
artifacts/simulator_papers/vqcsim_rq2_gpu_fp32_16_24_20260920/circuits/vqe_two_local/vqe_two_local_alg_size_22.qasm3,include,Inherited from baseline Git revision 39991eb; retained historical capsule/support file,Baseline repository contents; not all historical experiments are part of the current scorecard replay,81d74da3b179e70091084076ca446ba0a248d302c36c5714a4d67d57f2982c41,15732,review-branch publication requested by author 2026-10-02; no new license grant; complete external source archives excluded,Git on benchmark-review; no Git LFS; not a tagged final release
artifacts/simulator_papers/vqcsim_rq2_gpu_fp32_16_24_20260920/circuits/vqe_two_local/vqe_two_local_alg_size_23.bound.qasm3,include,Inherited from baseline Git revision 39991eb; retained historical capsule/support file,Baseline repository contents; not all historical experiments are part of the current scorecard replay,72ebb527824e2076ce77c7643ee241544faafbb29854ae6cebccfa6c475292cf,15700,review-branch publication requested by author 2026-10-02; no new license grant; complete external source archives excluded,Git on benchmark-review; no Git LFS; not a tagged final release
artifacts/simulator_papers/vqcsim_rq2_gpu_fp32_16_24_20260920/circuits/vqe_two_local/vqe_two_local_alg_size_23.metadata.json,include,Inherited from baseline Git revision 39991eb; retained historical capsule/support file,Baseline repository contents; not all historical experiments are part of the current scorecard replay,174d6da8d2804cdadbaa0175ec685e86a0fcf9e983ea94522e513c2c601a5a76,6620,review-branch publication requested by author 2026-10-02; no new license grant; complete external source archives excluded,Git on benchmark-review; no Git LFS; not a tagged final release
artifacts/simulator_papers/vqcsim_rq2_gpu_fp32_16_24_20260920/circuits/vqe_two_local/vqe_two_local_alg_size_23.normalized.bound.qasm,include,Inherited from baseline Git revision 39991eb; retained historical capsule/support file,Baseline repository contents; not all historical experiments are part of the current scorecard replay,6077d3ef0360331b367fa8d37f6515e0e0703a6737e599bf27ec2da7fbc6db9e,15215,review-branch publication requested by author 2026-10-02; no new license grant; complete external source archives excluded,Git on benchmark-review; no Git LFS; not a tagged final release
artifacts/simulator_papers/vqcsim_rq2_gpu_fp32_16_24_20260920/circuits/vqe_two_local/vqe_two_local_alg_size_23.normalized.qasm,include,Inherited from baseline Git revision 39991eb; retained historical capsule/support file,Baseline repository contents; not all historical experiments are part of the current scorecard replay,78e666dfd23c87d83d2ebe4990662d393e32921a0cf28ac42f3ba3672b7a0e83,14418,review-branch publication requested by author 2026-10-02; no new license grant; complete external source archives excluded,Git on benchmark-review; no Git LFS; not a tagged final release
artifacts/simulator_papers/vqcsim_rq2_gpu_fp32_16_24_20260920/circuits/vqe_two_local/vqe_two_local_alg_size_23.qasm3,include,Inherited from baseline Git revision 39991eb; retained historical capsule/support file,Baseline repository contents; not all historical experiments are part of the current scorecard replay,500f0a16572fd8fa4ea85bda24e2363ad2acf2f0388a68d41bbe718e6e741a32,17033,review-branch publication requested by author 2026-10-02; no new license grant; complete external source archives excluded,Git on benchmark-review; no Git LFS; not a tagged final release
artifacts/simulator_papers/vqcsim_rq2_gpu_fp32_16_24_20260920/circuits/vqe_two_local/vqe_two_local_alg_size_24.bound.qasm3,include,Inherited from baseline Git revision 39991eb; retained historical capsule/support file,Baseline repository contents; not all historical experiments are part of the current scorecard replay,c422d33f6af691d6911d7ff9102efc7d26004a32f8fe2896e5ad3c29ef051c66,17022,review-branch publication requested by author 2026-10-02; no new license grant; complete external source archives excluded,Git on benchmark-review; no Git LFS; not a tagged final release
artifacts/simulator_papers/vqcsim_rq2_gpu_fp32_16_24_20260920/circuits/vqe_two_local/vqe_two_local_alg_size_24.metadata.json,include,Inherited from baseline Git revision 39991eb; retained historical capsule/support file,Baseline repository contents; not all historical experiments are part of the current scorecard replay,654896cd59c512ec756fbb086e4badbc18096366696519f5d1332cb2749a4908,6846,review-branch publication requested by author 2026-10-02; no new license grant; complete external source archives excluded,Git on benchmark-review; no Git LFS; not a tagged final release
artifacts/simulator_papers/vqcsim_rq2_gpu_fp32_16_24_20260920/circuits/vqe_two_local/vqe_two_local_alg_size_24.normalized.bound.qasm,include,Inherited from baseline Git revision 39991eb; retained historical capsule/support file,Baseline repository contents; not all historical experiments are part of the current scorecard replay,b0774f317b909f985af4225886db4881acecc4ab24f9c84b62c0a77046cce0eb,16480,review-branch publication requested by author 2026-10-02; no new license grant; complete external source archives excluded,Git on benchmark-review; no Git LFS; not a tagged final release
artifacts/simulator_papers/vqcsim_rq2_gpu_fp32_16_24_20260920/circuits/vqe_two_local/vqe_two_local_alg_size_24.normalized.qasm,include,Inherited from baseline Git revision 39991eb; retained historical capsule/support file,Baseline repository contents; not all historical experiments are part of the current scorecard replay,b135431c1fbc7513c8ed9003090978327057bb35a2db54213a77aa706c86a5f8,15620,review-branch publication requested by author 2026-10-02; no new license grant; complete external source archives excluded,Git on benchmark-review; no Git LFS; not a tagged final release
artifacts/simulator_papers/vqcsim_rq2_gpu_fp32_16_24_20260920/circuits/vqe_two_local/vqe_two_local_alg_size_24.qasm3,include,Inherited from baseline Git revision 39991eb; retained historical capsule/support file,Baseline repository contents; not all historical experiments are part of the current scorecard replay,897413031e0b044166fcfa0274be8e271f93cf621d415311f08c5557bbf468cc,18385,review-branch publication requested by author 2026-10-02; no new license grant; complete external source archives excluded,Git on benchmark-review; no Git LFS; not a tagged final release
artifacts/simulator_papers/vqcsim_rq2_gpu_fp32_16_24_20260920/manifest.json,include,Inherited from baseline Git revision 39991eb; retained historical capsule/support file,Baseline repository contents; not all historical experiments are part of the current scorecard replay,9c582a3700b45e81a8a3cda396c76d84e3b59637b72c30661014b93ad6b3eb87,4298,review-branch publication requested by author 2026-10-02; no new license grant; complete external source archives excluded,Git on benchmark-review; no Git LFS; not a tagged final release
artifacts/simulator_papers/vqcsim_rq2_gpu_fp32_16_24_20260920/progress.json,include,Inherited from baseline Git revision 39991eb; retained historical capsule/support file,Baseline repository contents; not all historical experiments are part of the current scorecard replay,f01975678245391ec15e96ecdefc9ab460ab686937eba1fd070a015afec5507e,353,review-branch publication requested by author 2026-10-02; no new license grant; complete external source archives excluded,Git on benchmark-review; no Git LFS; not a tagged final release
artifacts/simulator_papers/vqcsim_rq2_gpu_fp32_16_24_20260920/records.csv,include,Inherited from baseline Git revision 39991eb; retained historical capsule/support file,Baseline repository contents; not all historical experiments are part of the current scorecard replay,53786261a7172d8d03ee8a52e49e28365ac19fb76717a33655f767461aa83deb,76586,review-branch publication requested by author 2026-10-02; no new license grant; complete external source archives excluded,Git on benchmark-review; no Git LFS; not a tagged final release
artifacts/simulator_papers/vqcsim_rq2_gpu_fp32_16_24_20260920/records.json,include,Inherited from baseline Git revision 39991eb; retained historical capsule/support file,Baseline repository contents; not all historical experiments are part of the current scorecard replay,13a040235275c17decfa3caed8e347e763e1fd4a7b590913220d209be4b6e550,160329,review-branch publication requested by author 2026-10-02; no new license grant; complete external source archives excluded,Git on benchmark-review; no Git LFS; not a tagged final release
artifacts/simulator_papers/vqcsim_rq2_gpu_fp32_16_24_20260920/run_summary.json,include,Inherited from baseline Git revision 39991eb; retained historical capsule/support file,Baseline repository contents; not all historical experiments are part of the current scorecard replay,20446d9cd132137264b76de77ea8b23863e3aa6db728fe988f97ee8d803f0924,4192,review-branch publication requested by author 2026-10-02; no new license grant; complete external source archives excluded,Git on benchmark-review; no Git LFS; not a tagged final release
artifacts/simulator_papers/vqcsim_rq2_gpu_fp32_16_24_20260920/tables/crossover_points.csv,include,Inherited from baseline Git revision 39991eb; retained historical capsule/support file,Baseline repository contents; not all historical experiments are part of the current scorecard replay,e3b0c44298fc1c149afbf4c8996fb92427ae41e4649b934ca495991b7852b855,0,review-branch publication requested by author 2026-10-02; no new license grant; complete external source archives excluded,Git on benchmark-review; no Git LFS; not a tagged final release
artifacts/simulator_papers/vqcsim_rq2_gpu_fp32_16_24_20260920/tables/crossover_points.json,include,Inherited from baseline Git revision 39991eb; retained historical capsule/support file,Baseline repository contents; not all historical experiments are part of the current scorecard replay,4f53cda18c2baa0c0354bb5f9a3ecbe5ed12ab4d8e11ba873c2f11161202b945,2,review-branch publication requested by author 2026-10-02; no new license grant; complete external source archives excluded,Git on benchmark-review; no Git LFS; not a tagged final release
artifacts/simulator_papers/vqcsim_rq2_gpu_fp32_16_24_20260920/tables/crossover_summary.csv,include,Inherited from baseline Git revision 39991eb; retained historical capsule/support file,Baseline repository contents; not all historical experiments are part of the current scorecard replay,e3b0c44298fc1c149afbf4c8996fb92427ae41e4649b934ca495991b7852b855,0,review-branch publication requested by author 2026-10-02; no new license grant; complete external source archives excluded,Git on benchmark-review; no Git LFS; not a tagged final release
artifacts/simulator_papers/vqcsim_rq2_gpu_fp32_16_24_20260920/tables/crossover_summary.json,include,Inherited from baseline Git revision 39991eb; retained historical capsule/support file,Baseline repository contents; not all historical experiments are part of the current scorecard replay,4f53cda18c2baa0c0354bb5f9a3ecbe5ed12ab4d8e11ba873c2f11161202b945,2,review-branch publication requested by author 2026-10-02; no new license grant; complete external source archives excluded,Git on benchmark-review; no Git LFS; not a tagged final release
artifacts/simulator_papers/vqcsim_rq2_gpu_fp32_16_24_20260920/tables/failure_boundaries.csv,include,Inherited from baseline Git revision 39991eb; retained historical capsule/support file,Baseline repository contents; not all historical experiments are part of the current scorecard replay,e3b0c44298fc1c149afbf4c8996fb92427ae41e4649b934ca495991b7852b855,0,review-branch publication requested by author 2026-10-02; no new license grant; complete external source archives excluded,Git on benchmark-review; no Git LFS; not a tagged final release
artifacts/simulator_papers/vqcsim_rq2_gpu_fp32_16_24_20260920/tables/failure_boundaries.json,include,Inherited from baseline Git revision 39991eb; retained historical capsule/support file,Baseline repository contents; not all historical experiments are part of the current scorecard replay,4f53cda18c2baa0c0354bb5f9a3ecbe5ed12ab4d8e11ba873c2f11161202b945,2,review-branch publication requested by author 2026-10-02; no new license grant; complete external source archives excluded,Git on benchmark-review; no Git LFS; not a tagged final release
artifacts/simulator_papers/vqcsim_rq2_gpu_fp32_16_24_20260920/tables/framework_mode_batch_summary.csv,include,Inherited from baseline Git revision 39991eb; retained historical capsule/support file,Baseline repository contents; not all historical experiments are part of the current scorecard replay,cf6b6595c4282cf4c933ad380ee1d7271d2e5961b77fb9d5b84d441efad3232b,171,review-branch publication requested by author 2026-10-02; no new license grant; complete external source archives excluded,Git on benchmark-review; no Git LFS; not a tagged final release
artifacts/simulator_papers/vqcsim_rq2_gpu_fp32_16_24_20260920/tables/framework_mode_batch_summary.json,include,Inherited from baseline Git revision 39991eb; retained historical capsule/support file,Baseline repository contents; not all historical experiments are part of the current scorecard replay,81606603de87ce0678c2cfb1428c4d68195ac79ff2c1dce2b32cf82f94ae258a,265,review-branch publication requested by author 2026-10-02; no new license grant; complete external source archives excluded,Git on benchmark-review; no Git LFS; not a tagged final release
artifacts/simulator_papers/vqcsim_rq2_gpu_fp32_16_24_20260920/tables/scaling_points.csv,include,Inherited from baseline Git revision 39991eb; retained historical capsule/support file,Baseline repository contents; not all historical experiments are part of the current scorecard replay,a260f8e415aa12ebc249cf14847745681bb2e57d3d8a1595725ad509e66ae9d8,3844,review-branch publication requested by author 2026-10-02; no new license grant; complete external source archives excluded,Git on benchmark-review; no Git LFS; not a tagged final release
artifacts/simulator_papers/vqcsim_rq2_gpu_fp32_16_24_20260920/tables/scaling_points.json,include,Inherited from baseline Git revision 39991eb; retained historical capsule/support file,Baseline repository contents; not all historical experiments are part of the current scorecard replay,faf4f3e8ced103aff2ff00d59c747dc0def9a542f28cdcf4de5cf438e70e21ce,13716,review-branch publication requested by author 2026-10-02; no new license grant; complete external source archives excluded,Git on benchmark-review; no Git LFS; not a tagged final release
artifacts/simulator_papers/vqcsim_rq2_gpu_fp32_16_24_20260920/tables/statistical_pairing_flow.csv,include,Inherited from baseline Git revision 39991eb; retained historical capsule/support file,Baseline repository contents; not all historical experiments are part of the current scorecard replay,e3b0c44298fc1c149afbf4c8996fb92427ae41e4649b934ca495991b7852b855,0,review-branch publication requested by author 2026-10-02; no new license grant; complete external source archives excluded,Git on benchmark-review; no Git LFS; not a tagged final release
artifacts/simulator_papers/vqcsim_rq2_gpu_fp32_16_24_20260920/tables/statistical_pairing_flow.json,include,Inherited from baseline Git revision 39991eb; retained historical capsule/support file,Baseline repository contents; not all historical experiments are part of the current scorecard replay,4f53cda18c2baa0c0354bb5f9a3ecbe5ed12ab4d8e11ba873c2f11161202b945,2,review-branch publication requested by author 2026-10-02; no new license grant; complete external source archives excluded,Git on benchmark-review; no Git LFS; not a tagged final release
artifacts/simulator_papers/vqcsim_rq2_gpu_fp32_16_24_20260920/tables/statistical_pairing_flow_by_family.csv,include,Inherited from baseline Git revision 39991eb; retained historical capsule/support file,Baseline repository contents; not all historical experiments are part of the current scorecard replay,e3b0c44298fc1c149afbf4c8996fb92427ae41e4649b934ca495991b7852b855,0,review-branch publication requested by author 2026-10-02; no new license grant; complete external source archives excluded,Git on benchmark-review; no Git LFS; not a tagged final release
artifacts/simulator_papers/vqcsim_rq2_gpu_fp32_16_24_20260920/tables/statistical_pairing_flow_by_family.json,include,Inherited from baseline Git revision 39991eb; retained historical capsule/support file,Baseline repository contents; not all historical experiments are part of the current scorecard replay,4f53cda18c2baa0c0354bb5f9a3ecbe5ed12ab4d8e11ba873c2f11161202b945,2,review-branch publication requested by author 2026-10-02; no new license grant; complete external source archives excluded,Git on benchmark-review; no Git LFS; not a tagged final release
artifacts/simulator_papers/vqcsim_rq2_gpu_fp32_16_24_20260920/tables/statistical_robustness_points.csv,include,Inherited from baseline Git revision 39991eb; retained historical capsule/support file,Baseline repository contents; not all historical experiments are part of the current scorecard replay,e3b0c44298fc1c149afbf4c8996fb92427ae41e4649b934ca495991b7852b855,0,review-branch publication requested by author 2026-10-02; no new license grant; complete external source archives excluded,Git on benchmark-review; no Git LFS; not a tagged final release
artifacts/simulator_papers/vqcsim_rq2_gpu_fp32_16_24_20260920/tables/statistical_robustness_points.json,include,Inherited from baseline Git revision 39991eb; retained historical capsule/support file,Baseline repository contents; not all historical experiments are part of the current scorecard replay,4f53cda18c2baa0c0354bb5f9a3ecbe5ed12ab4d8e11ba873c2f11161202b945,2,review-branch publication requested by author 2026-10-02; no new license grant; complete external source archives excluded,Git on benchmark-review; no Git LFS; not a tagged final release
artifacts/simulator_papers/vqcsim_rq2_gpu_fp32_16_24_20260920/tables/statistical_robustness_summary.csv,include,Inherited from baseline Git revision 39991eb; retained historical capsule/support file,Baseline repository contents; not all historical experiments are part of the current scorecard replay,e3b0c44298fc1c149afbf4c8996fb92427ae41e4649b934ca495991b7852b855,0,review-branch publication requested by author 2026-10-02; no new license grant; complete external source archives excluded,Git on benchmark-review; no Git LFS; not a tagged final release
artifacts/simulator_papers/vqcsim_rq2_gpu_fp32_16_24_20260920/tables/statistical_robustness_summary.json,include,Inherited from baseline Git revision 39991eb; retained historical capsule/support file,Baseline repository contents; not all historical experiments are part of the current scorecard replay,4f53cda18c2baa0c0354bb5f9a3ecbe5ed12ab4d8e11ba873c2f11161202b945,2,review-branch publication requested by author 2026-10-02; no new license grant; complete external source archives excluded,Git on benchmark-review; no Git LFS; not a tagged final release
artifacts/simulator_papers/vqcsim_rq2_gpu_fp32_16_24_20260920/tables/statistical_robustness_summary_by_family.csv,include,Inherited from baseline Git revision 39991eb; retained historical capsule/support file,Baseline repository contents; not all historical experiments are part of the current scorecard replay,e3b0c44298fc1c149afbf4c8996fb92427ae41e4649b934ca495991b7852b855,0,review-branch publication requested by author 2026-10-02; no new license grant; complete external source archives excluded,Git on benchmark-review; no Git LFS; not a tagged final release
artifacts/simulator_papers/vqcsim_rq2_gpu_fp32_16_24_20260920/tables/statistical_robustness_summary_by_family.json,include,Inherited from baseline Git revision 39991eb; retained historical capsule/support file,Baseline repository contents; not all historical experiments are part of the current scorecard replay,4f53cda18c2baa0c0354bb5f9a3ecbe5ed12ab4d8e11ba873c2f11161202b945,2,review-branch publication requested by author 2026-10-02; no new license grant; complete external source archives excluded,Git on benchmark-review; no Git LFS; not a tagged final release
artifacts/simulator_papers/vqcsim_rq2_gpu_fp32_16_24_20260920/tables/terminal_status_histogram.csv,include,Inherited from baseline Git revision 39991eb; retained historical capsule/support file,Baseline repository contents; not all historical experiments are part of the current scorecard replay,8e7172562b5f766c8baf719403b153349052f4cda9c420c209d35d1e2c812237,28,review-branch publication requested by author 2026-10-02; no new license grant; complete external source archives excluded,Git on benchmark-review; no Git LFS; not a tagged final release
artifacts/simulator_papers/vqcsim_rq2_gpu_fp32_16_24_20260920/tables/terminal_status_histogram.json,include,Inherited from baseline Git revision 39991eb; retained historical capsule/support file,Baseline repository contents; not all historical experiments are part of the current scorecard replay,6c9e697ed831ff04710fb72c16ae682922aa273c4fcd62940b24fefa7fcb6674,56,review-branch publication requested by author 2026-10-02; no new license grant; complete external source archives excluded,Git on benchmark-review; no Git LFS; not a tagged final release
artifacts/simulator_papers/vqcsim_rq2_gpu_fp32_16_24_20260920/tables/training_gradient_inventory.csv,include,Inherited from baseline Git revision 39991eb; retained historical capsule/support file,Baseline repository contents; not all historical experiments are part of the current scorecard replay,e3b0c44298fc1c149afbf4c8996fb92427ae41e4649b934ca495991b7852b855,0,review-branch publication requested by author 2026-10-02; no new license grant; complete external source archives excluded,Git on benchmark-review; no Git LFS; not a tagged final release
artifacts/simulator_papers/vqcsim_rq2_gpu_fp32_16_24_20260920/tables/training_gradient_inventory.json,include,Inherited from baseline Git revision 39991eb; retained historical capsule/support file,Baseline repository contents; not all historical experiments are part of the current scorecard replay,4f53cda18c2baa0c0354bb5f9a3ecbe5ed12ab4d8e11ba873c2f11161202b945,2,review-branch publication requested by author 2026-10-02; no new license grant; complete external source archives excluded,Git on benchmark-review; no Git LFS; not a tagged final release
artifacts/simulator_papers/vqcsim_rq2_gpu_fp32_16_24_20260920/tables/training_speedup_fairness_points.csv,include,Inherited from baseline Git revision 39991eb; retained historical capsule/support file,Baseline repository contents; not all historical experiments are part of the current scorecard replay,e3b0c44298fc1c149afbf4c8996fb92427ae41e4649b934ca495991b7852b855,0,review-branch publication requested by author 2026-10-02; no new license grant; complete external source archives excluded,Git on benchmark-review; no Git LFS; not a tagged final release
artifacts/simulator_papers/vqcsim_rq2_gpu_fp32_16_24_20260920/tables/training_speedup_fairness_points.json,include,Inherited from baseline Git revision 39991eb; retained historical capsule/support file,Baseline repository contents; not all historical experiments are part of the current scorecard replay,4f53cda18c2baa0c0354bb5f9a3ecbe5ed12ab4d8e11ba873c2f11161202b945,2,review-branch publication requested by author 2026-10-02; no new license grant; complete external source archives excluded,Git on benchmark-review; no Git LFS; not a tagged final release
artifacts/simulator_papers/vqcsim_rq2_gpu_fp32_16_24_20260920/tables/training_speedup_fairness_summary.csv,include,Inherited from baseline Git revision 39991eb; retained historical capsule/support file,Baseline repository contents; not all historical experiments are part of the current scorecard replay,e3b0c44298fc1c149afbf4c8996fb92427ae41e4649b934ca495991b7852b855,0,review-branch publication requested by author 2026-10-02; no new license grant; complete external source archives excluded,Git on benchmark-review; no Git LFS; not a tagged final release
artifacts/simulator_papers/vqcsim_rq2_gpu_fp32_16_24_20260920/tables/training_speedup_fairness_summary.json,include,Inherited from baseline Git revision 39991eb; retained historical capsule/support file,Baseline repository contents; not all historical experiments are part of the current scorecard replay,4f53cda18c2baa0c0354bb5f9a3ecbe5ed12ab4d8e11ba873c2f11161202b945,2,review-branch publication requested by author 2026-10-02; no new license grant; complete external source archives excluded,Git on benchmark-review; no Git LFS; not a tagged final release
artifacts/simulator_papers/vqcsim_rq2_gpu_fp32_16_24_20260920/tables/vqcsim_ablation_points.csv,include,Inherited from baseline Git revision 39991eb; retained historical capsule/support file,Baseline repository contents; not all historical experiments are part of the current scorecard replay,e3b0c44298fc1c149afbf4c8996fb92427ae41e4649b934ca495991b7852b855,0,review-branch publication requested by author 2026-10-02; no new license grant; complete external source archives excluded,Git on benchmark-review; no Git LFS; not a tagged final release
artifacts/simulator_papers/vqcsim_rq2_gpu_fp32_16_24_20260920/tables/vqcsim_ablation_points.json,include,Inherited from baseline Git revision 39991eb; retained historical capsule/support file,Baseline repository contents; not all historical experiments are part of the current scorecard replay,4f53cda18c2baa0c0354bb5f9a3ecbe5ed12ab4d8e11ba873c2f11161202b945,2,review-branch publication requested by author 2026-10-02; no new license grant; complete external source archives excluded,Git on benchmark-review; no Git LFS; not a tagged final release
artifacts/simulator_papers/vqcsim_rq2_gpu_fp32_16_24_20260920/tables/vqcsim_ablation_summary.csv,include,Inherited from baseline Git revision 39991eb; retained historical capsule/support file,Baseline repository contents; not all historical experiments are part of the current scorecard replay,e3b0c44298fc1c149afbf4c8996fb92427ae41e4649b934ca495991b7852b855,0,review-branch publication requested by author 2026-10-02; no new license grant; complete external source archives excluded,Git on benchmark-review; no Git LFS; not a tagged final release
artifacts/simulator_papers/vqcsim_rq2_gpu_fp32_16_24_20260920/tables/vqcsim_ablation_summary.json,include,Inherited from baseline Git revision 39991eb; retained historical capsule/support file,Baseline repository contents; not all historical experiments are part of the current scorecard replay,4f53cda18c2baa0c0354bb5f9a3ecbe5ed12ab4d8e11ba873c2f11161202b945,2,review-branch publication requested by author 2026-10-02; no new license grant; complete external source archives excluded,Git on benchmark-review; no Git LFS; not a tagged final release
artifacts/simulator_papers/vqcsim_rq2_gpu_fp32_16_24_20260920/tables/vqcsim_policy_inventory.csv,include,Inherited from baseline Git revision 39991eb; retained historical capsule/support file,Baseline repository contents; not all historical experiments are part of the current scorecard replay,c86f71d913e2f2eb507a7a1acb6919feaf4993ae92e58b3d9ec3cba9e37ca8ba,198,review-branch publication requested by author 2026-10-02; no new license grant; complete external source archives excluded,Git on benchmark-review; no Git LFS; not a tagged final release
artifacts/simulator_papers/vqcsim_rq2_gpu_fp32_16_24_20260920/tables/vqcsim_policy_inventory.json,include,Inherited from baseline Git revision 39991eb; retained historical capsule/support file,Baseline repository contents; not all historical experiments are part of the current scorecard replay,a3041d7ffc0b559ccd2b65bc5b442033bb373871e2d836bb2be61220bb32cef2,282,review-branch publication requested by author 2026-10-02; no new license grant; complete external source archives excluded,Git on benchmark-review; no Git LFS; not a tagged final release
artifacts/simulator_papers/vqcsim_rq2_gpu_fp32_mirror_16_24_20260920/circuits/qaoa/qaoa_alg_size_16.bound.qasm3,include,Inherited from baseline Git revision 39991eb; retained historical capsule/support file,Baseline repository contents; not all historical experiments are part of the current scorecard replay,2c43af8d467e6ba5b26dd08565455165ee53fb38b667fdd37b57b25708bb2594,3781,review-branch publication requested by author 2026-10-02; no new license grant; complete external source archives excluded,Git on benchmark-review; no Git LFS; not a tagged final release
artifacts/simulator_papers/vqcsim_rq2_gpu_fp32_mirror_16_24_20260920/circuits/qaoa/qaoa_alg_size_16.metadata.json,include,Inherited from baseline Git revision 39991eb; retained historical capsule/support file,Baseline repository contents; not all historical experiments are part of the current scorecard replay,bb79617e9cd0f42811af41af0b41fd910ac9b1c8f1fb9ace0afc7043daf50f13,1672,review-branch publication requested by author 2026-10-02; no new license grant; complete external source archives excluded,Git on benchmark-review; no Git LFS; not a tagged final release
artifacts/simulator_papers/vqcsim_rq2_gpu_fp32_mirror_16_24_20260920/circuits/qaoa/qaoa_alg_size_16.normalized.bound.qasm,include,Inherited from baseline Git revision 39991eb; retained historical capsule/support file,Baseline repository contents; not all historical experiments are part of the current scorecard replay,1f82215e5ed8ffdb3758774e8167e63de7c88da5db87c7d9b472038ae2c79c87,7045,review-branch publication requested by author 2026-10-02; no new license grant; complete external source archives excluded,Git on benchmark-review; no Git LFS; not a tagged final release
artifacts/simulator_papers/vqcsim_rq2_gpu_fp32_mirror_16_24_20260920/circuits/qaoa/qaoa_alg_size_16.normalized.qasm,include,Inherited from baseline Git revision 39991eb; retained historical capsule/support file,Baseline repository contents; not all historical experiments are part of the current scorecard replay,faad6dd5a1a511f86607fb105220a9d418f1dd557645d75763e8c4575f535497,8780,review-branch publication requested by author 2026-10-02; no new license grant; complete external source archives excluded,Git on benchmark-review; no Git LFS; not a tagged final release
artifacts/simulator_papers/vqcsim_rq2_gpu_fp32_mirror_16_24_20260920/circuits/qaoa/qaoa_alg_size_16.qasm3,include,Inherited from baseline Git revision 39991eb; retained historical capsule/support file,Baseline repository contents; not all historical experiments are part of the current scorecard replay,5d03d51bfe60b296384ee57d3b87f2a94f3156bf5ae13d84f67e0732b5f3bd34,3905,review-branch publication requested by author 2026-10-02; no new license grant; complete external source archives excluded,Git on benchmark-review; no Git LFS; not a tagged final release
artifacts/simulator_papers/vqcsim_rq2_gpu_fp32_mirror_16_24_20260920/circuits/qaoa/qaoa_alg_size_17.bound.qasm3,include,Inherited from baseline Git revision 39991eb; retained historical capsule/support file,Baseline repository contents; not all historical experiments are part of the current scorecard replay,ee16b949b31eeaa1a5859993ad113c508a4aa13f0f051a8eb1674386b6a7bb23,4672,review-branch publication requested by author 2026-10-02; no new license grant; complete external source archives excluded,Git on benchmark-review; no Git LFS; not a tagged final release
artifacts/simulator_papers/vqcsim_rq2_gpu_fp32_mirror_16_24_20260920/circuits/qaoa/qaoa_alg_size_17.metadata.json,include,Inherited from baseline Git revision 39991eb; retained historical capsule/support file,Baseline repository contents; not all historical experiments are part of the current scorecard replay,4eefa9f2c31d71cb735ccfe176f41def04df8aaab5c147c489f81d6cf9af8cd4,1651,review-branch publication requested by author 2026-10-02; no new license grant; complete external source archives excluded,Git on benchmark-review; no Git LFS; not a tagged final release
artifacts/simulator_papers/vqcsim_rq2_gpu_fp32_mirror_16_24_20260920/circuits/qaoa/qaoa_alg_size_17.normalized.bound.qasm,include,Inherited from baseline Git revision 39991eb; retained historical capsule/support file,Baseline repository contents; not all historical experiments are part of the current scorecard replay,bdf954c347c3bf415ff601e95ddbea66628bd2196d06bb81b5d84f3693e5f336,8809,review-branch publication requested by author 2026-10-02; no new license grant; complete external source archives excluded,Git on benchmark-review; no Git LFS; not a tagged final release
artifacts/simulator_papers/vqcsim_rq2_gpu_fp32_mirror_16_24_20260920/circuits/qaoa/qaoa_alg_size_17.normalized.qasm,include,Inherited from baseline Git revision 39991eb; retained historical capsule/support file,Baseline repository contents; not all historical experiments are part of the current scorecard replay,972fbf39337d1d994c949e7091cf0b1422f40ea0729188e04b50e659b7d6ab2b,10727,review-branch publication requested by author 2026-10-02; no new license grant; complete external source archives excluded,Git on benchmark-review; no Git LFS; not a tagged final release
artifacts/simulator_papers/vqcsim_rq2_gpu_fp32_mirror_16_24_20260920/circuits/qaoa/qaoa_alg_size_17.qasm3,include,Inherited from baseline Git revision 39991eb; retained historical capsule/support file,Baseline repository contents; not all historical experiments are part of the current scorecard replay,6331b49caf9f8d030ef11513ab157ce27cd8bbcb64fb766d45a08941419a4337,4798,review-branch publication requested by author 2026-10-02; no new license grant; complete external source archives excluded,Git on benchmark-review; no Git LFS; not a tagged final release
artifacts/simulator_papers/vqcsim_rq2_gpu_fp32_mirror_16_24_20260920/circuits/qaoa/qaoa_alg_size_18.bound.qasm3,include,Inherited from baseline Git revision 39991eb; retained historical capsule/support file,Baseline repository contents; not all historical experiments are part of the current scorecard replay,e7f1ccbb677a34213b7bda55eb0dcfb050b4380c8748f82d833e703005832fdb,4711,review-branch publication requested by author 2026-10-02; no new license grant; complete external source archives excluded,Git on benchmark-review; no Git LFS; not a tagged final release
artifacts/simulator_papers/vqcsim_rq2_gpu_fp32_mirror_16_24_20260920/circuits/qaoa/qaoa_alg_size_18.metadata.json,include,Inherited from baseline Git revision 39991eb; retained historical capsule/support file,Baseline repository contents; not all historical experiments are part of the current scorecard replay,61943eba5a1bafbcb5cc1f1f4324e011b80fa7a1108a54f0901efae81eb12398,1673,review-branch publication requested by author 2026-10-02; no new license grant; complete external source archives excluded,Git on benchmark-review; no Git LFS; not a tagged final release
artifacts/simulator_papers/vqcsim_rq2_gpu_fp32_mirror_16_24_20260920/circuits/qaoa/qaoa_alg_size_18.normalized.bound.qasm,include,Inherited from baseline Git revision 39991eb; retained historical capsule/support file,Baseline repository contents; not all historical experiments are part of the current scorecard replay,7d5b7fcba04e8dbb1c0b56f137adafbb9c11587c658212ea997f7d999d821d3a,8869,review-branch publication requested by author 2026-10-02; no new license grant; complete external source archives excluded,Git on benchmark-review; no Git LFS; not a tagged final release
artifacts/simulator_papers/vqcsim_rq2_gpu_fp32_mirror_16_24_20260920/circuits/qaoa/qaoa_alg_size_18.normalized.qasm,include,Inherited from baseline Git revision 39991eb; retained historical capsule/support file,Baseline repository contents; not all historical experiments are part of the current scorecard replay,62f09b0bcdb7ba426a6be18e2902105215906af97870e326f595d81127c3c677,10874,review-branch publication requested by author 2026-10-02; no new license grant; complete external source archives excluded,Git on benchmark-review; no Git LFS; not a tagged final release
artifacts/simulator_papers/vqcsim_rq2_gpu_fp32_mirror_16_24_20260920/circuits/qaoa/qaoa_alg_size_18.qasm3,include,Inherited from baseline Git revision 39991eb; retained historical capsule/support file,Baseline repository contents; not all historical experiments are part of the current scorecard replay,44da1e39641398b29f1cb3c14532a5a9dd9aab1554bb631307a0b5f8cfc55510,4839,review-branch publication requested by author 2026-10-02; no new license grant; complete external source archives excluded,Git on benchmark-review; no Git LFS; not a tagged final release
artifacts/simulator_papers/vqcsim_rq2_gpu_fp32_mirror_16_24_20260920/circuits/qaoa/qaoa_alg_size_19.bound.qasm3,include,Inherited from baseline Git revision 39991eb; retained historical capsule/support file,Baseline repository contents; not all historical experiments are part of the current scorecard replay,cc2cb56e2bf365a0a45f01f74b19f0f4aa4ca53ea7ac14253ac2838a4db156e7,5558,review-branch publication requested by author 2026-10-02; no new license grant; complete external source archives excluded,Git on benchmark-review; no Git LFS; not a tagged final release
artifacts/simulator_papers/vqcsim_rq2_gpu_fp32_mirror_16_24_20260920/circuits/qaoa/qaoa_alg_size_19.metadata.json,include,Inherited from baseline Git revision 39991eb; retained historical capsule/support file,Baseline repository contents; not all historical experiments are part of the current scorecard replay,d4ce02cc4a4c467e98518e69e8523a0595609471534c0f4e0a0ce35c358df3bf,1651,review-branch publication requested by author 2026-10-02; no new license grant; complete external source archives excluded,Git on benchmark-review; no Git LFS; not a tagged final release
artifacts/simulator_papers/vqcsim_rq2_gpu_fp32_mirror_16_24_20260920/circuits/qaoa/qaoa_alg_size_19.normalized.bound.qasm,include,Inherited from baseline Git revision 39991eb; retained historical capsule/support file,Baseline repository contents; not all historical experiments are part of the current scorecard replay,e76f9a512f5aeaf19ececbdaea1fc29d332b628719be65f41290ff69ca97159e,10555,review-branch publication requested by author 2026-10-02; no new license grant; complete external source archives excluded,Git on benchmark-review; no Git LFS; not a tagged final release
artifacts/simulator_papers/vqcsim_rq2_gpu_fp32_mirror_16_24_20260920/circuits/qaoa/qaoa_alg_size_19.normalized.qasm,include,Inherited from baseline Git revision 39991eb; retained historical capsule/support file,Baseline repository contents; not all historical experiments are part of the current scorecard replay,cd7afe21398f51325a9137293de10a3b49447f44e0e863640bfea2291c02c68b,12737,review-branch publication requested by author 2026-10-02; no new license grant; complete external source archives excluded,Git on benchmark-review; no Git LFS; not a tagged final release
artifacts/simulator_papers/vqcsim_rq2_gpu_fp32_mirror_16_24_20260920/circuits/qaoa/qaoa_alg_size_19.qasm3,include,Inherited from baseline Git revision 39991eb; retained historical capsule/support file,Baseline repository contents; not all historical experiments are part of the current scorecard replay,7f8c1f08c5bed9460037e721544984763d4e7a1f62c191327cf896738e64702c,5688,review-branch publication requested by author 2026-10-02; no new license grant; complete external source archives excluded,Git on benchmark-review; no Git LFS; not a tagged final release
artifacts/simulator_papers/vqcsim_rq2_gpu_fp32_mirror_16_24_20260920/circuits/qaoa/qaoa_alg_size_20.bound.qasm3,include,Inherited from baseline Git revision 39991eb; retained historical capsule/support file,Baseline repository contents; not all historical experiments are part of the current scorecard replay,caa0a8259f7da0fa25d7c1d104c686ba1270d33c52bd83f6fe0546636302a41c,5799,review-branch publication requested by author 2026-10-02; no new license grant; complete external source archives excluded,Git on benchmark-review; no Git LFS; not a tagged final release
artifacts/simulator_papers/vqcsim_rq2_gpu_fp32_mirror_16_24_20260920/circuits/qaoa/qaoa_alg_size_20.metadata.json,include,Inherited from baseline Git revision 39991eb; retained historical capsule/support file,Baseline repository contents; not all historical experiments are part of the current scorecard replay,076c73e1ed0f4ebdcc97f7fcdcdca8774a760c8c67141ccb9bed1c2e75dae16d,1673,review-branch publication requested by author 2026-10-02; no new license grant; complete external source archives excluded,Git on benchmark-review; no Git LFS; not a tagged final release
artifacts/simulator_papers/vqcsim_rq2_gpu_fp32_mirror_16_24_20260920/circuits/qaoa/qaoa_alg_size_20.normalized.bound.qasm,include,Inherited from baseline Git revision 39991eb; retained historical capsule/support file,Baseline repository contents; not all historical experiments are part of the current scorecard replay,e74459f85bb2f32af3d39c420cd6a8813bdb8c21157e234d07d4ab93733eeb6b,11011,review-branch publication requested by author 2026-10-02; no new license grant; complete external source archives excluded,Git on benchmark-review; no Git LFS; not a tagged final release
artifacts/simulator_papers/vqcsim_rq2_gpu_fp32_mirror_16_24_20260920/circuits/qaoa/qaoa_alg_size_20.normalized.qasm,include,Inherited from baseline Git revision 39991eb; retained historical capsule/support file,Baseline repository contents; not all historical experiments are part of the current scorecard replay,ff40d182e1e2e104e1e97c2eea8ed29a074fdcc0ff647f81fe47b6281fd6794d,13304,review-branch publication requested by author 2026-10-02; no new license grant; complete external source archives excluded,Git on benchmark-review; no Git LFS; not a tagged final release
artifacts/simulator_papers/vqcsim_rq2_gpu_fp32_mirror_16_24_20260920/circuits/qaoa/qaoa_alg_size_20.qasm3,include,Inherited from baseline Git revision 39991eb; retained historical capsule/support file,Baseline repository contents; not all historical experiments are part of the current scorecard replay,5c9eb4ffda772fa16acfef793cea72cb7075f94d4d16c12f5922bec14fb972da,5931,review-branch publication requested by author 2026-10-02; no new license grant; complete external source archives excluded,Git on benchmark-review; no Git LFS; not a tagged final release
artifacts/simulator_papers/vqcsim_rq2_gpu_fp32_mirror_16_24_20260920/circuits/qaoa/qaoa_alg_size_21.bound.qasm3,include,Inherited from baseline Git revision 39991eb; retained historical capsule/support file,Baseline repository contents; not all historical experiments are part of the current scorecard replay,cc8a80bfc8242ab13f076d55442d1e17aa73ba316eaff1c29f4f008a9729f82c,6284,review-branch publication requested by author 2026-10-02; no new license grant; complete external source archives excluded,Git on benchmark-review; no Git LFS; not a tagged final release
artifacts/simulator_papers/vqcsim_rq2_gpu_fp32_mirror_16_24_20260920/circuits/qaoa/qaoa_alg_size_21.metadata.json,include,Inherited from baseline Git revision 39991eb; retained historical capsule/support file,Baseline repository contents; not all historical experiments are part of the current scorecard replay,8f268c36595a9a9679428bd4918f6c08c6bf4613583295e9e0d9f35ed586ef97,1673,review-branch publication requested by author 2026-10-02; no new license grant; complete external source archives excluded,Git on benchmark-review; no Git LFS; not a tagged final release
artifacts/simulator_papers/vqcsim_rq2_gpu_fp32_mirror_16_24_20260920/circuits/qaoa/qaoa_alg_size_21.normalized.bound.qasm,include,Inherited from baseline Git revision 39991eb; retained historical capsule/support file,Baseline repository contents; not all historical experiments are part of the current scorecard replay,831b7def83d1ae0fe4b594e6ec9a79c01858e60d8be853286f0b91d39a856594,11983,review-branch publication requested by author 2026-10-02; no new license grant; complete external source archives excluded,Git on benchmark-review; no Git LFS; not a tagged final release
artifacts/simulator_papers/vqcsim_rq2_gpu_fp32_mirror_16_24_20260920/circuits/qaoa/qaoa_alg_size_21.normalized.qasm,include,Inherited from baseline Git revision 39991eb; retained historical capsule/support file,Baseline repository contents; not all historical experiments are part of the current scorecard replay,7850ed709b22b32e1812f461dfc3b70f2dac70fd809290b62cc14cb8946d8213,14411,review-branch publication requested by author 2026-10-02; no new license grant; complete external source archives excluded,Git on benchmark-review; no Git LFS; not a tagged final release
artifacts/simulator_papers/vqcsim_rq2_gpu_fp32_mirror_16_24_20260920/circuits/qaoa/qaoa_alg_size_21.qasm3,include,Inherited from baseline Git revision 39991eb; retained historical capsule/support file,Baseline repository contents; not all historical experiments are part of the current scorecard replay,cfd3a2c0198decd773b195e4a1e53af11a32544542296a8c3badf22b3074a97a,6418,review-branch publication requested by author 2026-10-02; no new license grant; complete external source archives excluded,Git on benchmark-review; no Git LFS; not a tagged final release
artifacts/simulator_papers/vqcsim_rq2_gpu_fp32_mirror_16_24_20260920/circuits/qaoa/qaoa_alg_size_22.bound.qasm3,include,Inherited from baseline Git revision 39991eb; retained historical capsule/support file,Baseline repository contents; not all historical experiments are part of the current scorecard replay,3b2db6c2f6309e989c97c327ec003f0665c5dc717c96f1d0f5322e256ac59a86,7755,review-branch publication requested by author 2026-10-02; no new license grant; complete external source archives excluded,Git on benchmark-review; no Git LFS; not a tagged final release
artifacts/simulator_papers/vqcsim_rq2_gpu_fp32_mirror_16_24_20260920/circuits/qaoa/qaoa_alg_size_22.metadata.json,include,Inherited from baseline Git revision 39991eb; retained historical capsule/support file,Baseline repository contents; not all historical experiments are part of the current scorecard replay,48b847495548e917b22ab989397f804b67bdb6073e0d8507fdfdf6f6fe9360d4,1651,review-branch publication requested by author 2026-10-02; no new license grant; complete external source archives excluded,Git on benchmark-review; no Git LFS; not a tagged final release
artifacts/simulator_papers/vqcsim_rq2_gpu_fp32_mirror_16_24_20260920/circuits/qaoa/qaoa_alg_size_22.normalized.bound.qasm,include,Inherited from baseline Git revision 39991eb; retained historical capsule/support file,Baseline repository contents; not all historical experiments are part of the current scorecard replay,973d5bb08fddabde486e6c2382322b30d24ec5f5deff588505f798d80eb7f6c5,14901,review-branch publication requested by author 2026-10-02; no new license grant; complete external source archives excluded,Git on benchmark-review; no Git LFS; not a tagged final release
artifacts/simulator_papers/vqcsim_rq2_gpu_fp32_mirror_16_24_20260920/circuits/qaoa/qaoa_alg_size_22.normalized.qasm,include,Inherited from baseline Git revision 39991eb; retained historical capsule/support file,Baseline repository contents; not all historical experiments are part of the current scorecard replay,c25c94620fb9705c06a4e65e60e7b774242a07b04b6671b9f225962cc88b52c1,17578,review-branch publication requested by author 2026-10-02; no new license grant; complete external source archives excluded,Git on benchmark-review; no Git LFS; not a tagged final release
artifacts/simulator_papers/vqcsim_rq2_gpu_fp32_mirror_16_24_20260920/circuits/qaoa/qaoa_alg_size_22.qasm3,include,Inherited from baseline Git revision 39991eb; retained historical capsule/support file,Baseline repository contents; not all historical experiments are part of the current scorecard replay,6e6dfcd16d8aa394f248e9dbe25bd89b17e550e95505cad9df914710ce9cb262,7891,review-branch publication requested by author 2026-10-02; no new license grant; complete external source archives excluded,Git on benchmark-review; no Git LFS; not a tagged final release
artifacts/simulator_papers/vqcsim_rq2_gpu_fp32_mirror_16_24_20260920/circuits/qaoa/qaoa_alg_size_23.bound.qasm3,include,Inherited from baseline Git revision 39991eb; retained historical capsule/support file,Baseline repository contents; not all historical experiments are part of the current scorecard replay,ba65dd20b2c3f8685f1889e6cecdc1d91e7530c0dd97faf36c2ec7fe9df266f9,7368,review-branch publication requested by author 2026-10-02; no new license grant; complete external source archives excluded,Git on benchmark-review; no Git LFS; not a tagged final release
artifacts/simulator_papers/vqcsim_rq2_gpu_fp32_mirror_16_24_20260920/circuits/qaoa/qaoa_alg_size_23.metadata.json,include,Inherited from baseline Git revision 39991eb; retained historical capsule/support file,Baseline repository contents; not all historical experiments are part of the current scorecard replay,77741703ea5c9ad0175f38ad24a54365638eeacc11b1ca04d74e50df3b3725b2,1673,review-branch publication requested by author 2026-10-02; no new license grant; complete external source archives excluded,Git on benchmark-review; no Git LFS; not a tagged final release
artifacts/simulator_papers/vqcsim_rq2_gpu_fp32_mirror_16_24_20260920/circuits/qaoa/qaoa_alg_size_23.normalized.bound.qasm,include,Inherited from baseline Git revision 39991eb; retained historical capsule/support file,Baseline repository contents; not all historical experiments are part of the current scorecard replay,bc068c7733b88e35d922603426df00d49af899e326cd6c374639024d8aef1eb6,14111,review-branch publication requested by author 2026-10-02; no new license grant; complete external source archives excluded,Git on benchmark-review; no Git LFS; not a tagged final release
artifacts/simulator_papers/vqcsim_rq2_gpu_fp32_mirror_16_24_20260920/circuits/qaoa/qaoa_alg_size_23.normalized.qasm,include,Inherited from baseline Git revision 39991eb; retained historical capsule/support file,Baseline repository contents; not all historical experiments are part of the current scorecard replay,2d0cf08a7e15a6d153cade401fbd53cced68a26c02d299332b1a205b497d1768,16827,review-branch publication requested by author 2026-10-02; no new license grant; complete external source archives excluded,Git on benchmark-review; no Git LFS; not a tagged final release
artifacts/simulator_papers/vqcsim_rq2_gpu_fp32_mirror_16_24_20260920/circuits/qaoa/qaoa_alg_size_23.qasm3,include,Inherited from baseline Git revision 39991eb; retained historical capsule/support file,Baseline repository contents; not all historical experiments are part of the current scorecard replay,d82f6a0ee6ca0db19939ae4917f1777086c4d675e240453350d19bd4b883ba13,7506,review-branch publication requested by author 2026-10-02; no new license grant; complete external source archives excluded,Git on benchmark-review; no Git LFS; not a tagged final release
artifacts/simulator_papers/vqcsim_rq2_gpu_fp32_mirror_16_24_20260920/circuits/qaoa/qaoa_alg_size_24.bound.qasm3,include,Inherited from baseline Git revision 39991eb; retained historical capsule/support file,Baseline repository contents; not all historical experiments are part of the current scorecard replay,3e1aa636a36256011453ab59e70aa6e2251525dfbf19bebbf2602724898a6da6,8165,review-branch publication requested by author 2026-10-02; no new license grant; complete external source archives excluded,Git on benchmark-review; no Git LFS; not a tagged final release
artifacts/simulator_papers/vqcsim_rq2_gpu_fp32_mirror_16_24_20260920/circuits/qaoa/qaoa_alg_size_24.metadata.json,include,Inherited from baseline Git revision 39991eb; retained historical capsule/support file,Baseline repository contents; not all historical experiments are part of the current scorecard replay,0d9052f63b79e8b5734d0d9183fbe5386653c6a9d26c9bf1146218ea0adbefbe,1673,review-branch publication requested by author 2026-10-02; no new license grant; complete external source archives excluded,Git on benchmark-review; no Git LFS; not a tagged final release
artifacts/simulator_papers/vqcsim_rq2_gpu_fp32_mirror_16_24_20260920/circuits/qaoa/qaoa_alg_size_24.normalized.bound.qasm,include,Inherited from baseline Git revision 39991eb; retained historical capsule/support file,Baseline repository contents; not all historical experiments are part of the current scorecard replay,f93d40de999a73b8746a2d5f3ebe474838150b2e774d2898dea1f0f7f05641d2,15691,review-branch publication requested by author 2026-10-02; no new license grant; complete external source archives excluded,Git on benchmark-review; no Git LFS; not a tagged final release
artifacts/simulator_papers/vqcsim_rq2_gpu_fp32_mirror_16_24_20260920/circuits/qaoa/qaoa_alg_size_24.normalized.qasm,include,Inherited from baseline Git revision 39991eb; retained historical capsule/support file,Baseline repository contents; not all historical experiments are part of the current scorecard replay,8aa15f53bad801e3ff2e29764fc9a0d3b5eff8bc6591da894f0dcdd12c07c1e1,18578,review-branch publication requested by author 2026-10-02; no new license grant; complete external source archives excluded,Git on benchmark-review; no Git LFS; not a tagged final release
artifacts/simulator_papers/vqcsim_rq2_gpu_fp32_mirror_16_24_20260920/circuits/qaoa/qaoa_alg_size_24.qasm3,include,Inherited from baseline Git revision 39991eb; retained historical capsule/support file,Baseline repository contents; not all historical experiments are part of the current scorecard replay,314f4bc0a402483f3ac0cd7faf94122db47f1def9a90ffa0baa5f85249fdb8a5,8305,review-branch publication requested by author 2026-10-02; no new license grant; complete external source archives excluded,Git on benchmark-review; no Git LFS; not a tagged final release
artifacts/simulator_papers/vqcsim_rq2_gpu_fp32_mirror_16_24_20260920/circuits/qnn/qnn_alg_size_16.bound.qasm3,include,Inherited from baseline Git revision 39991eb; retained historical capsule/support file,Baseline repository contents; not all historical experiments are part of the current scorecard replay,f7278b1d42b33156857a3ab1da24d8c2e6bfb47ae625019b55c32fc7e2b819b2,2793,review-branch publication requested by author 2026-10-02; no new license grant; complete external source archives excluded,Git on benchmark-review; no Git LFS; not a tagged final release
artifacts/simulator_papers/vqcsim_rq2_gpu_fp32_mirror_16_24_20260920/circuits/qnn/qnn_alg_size_16.metadata.json,include,Inherited from baseline Git revision 39991eb; retained historical capsule/support file,Baseline repository contents; not all historical experiments are part of the current scorecard replay,019a9541b959fc43b9d241db3acc3afee5421ec81c6807b916a4ee8cc4c42416,3934,review-branch publication requested by author 2026-10-02; no new license grant; complete external source archives excluded,Git on benchmark-review; no Git LFS; not a tagged final release
artifacts/simulator_papers/vqcsim_rq2_gpu_fp32_mirror_16_24_20260920/circuits/qnn/qnn_alg_size_16.normalized.bound.qasm,include,Inherited from baseline Git revision 39991eb; retained historical capsule/support file,Baseline repository contents; not all historical experiments are part of the current scorecard replay,eb9253713f20f03ab190363d14f62d39b63fe90f50fd10f09a15b2affc873bc0,3352,review-branch publication requested by author 2026-10-02; no new license grant; complete external source archives excluded,Git on benchmark-review; no Git LFS; not a tagged final release
artifacts/simulator_papers/vqcsim_rq2_gpu_fp32_mirror_16_24_20260920/circuits/qnn/qnn_alg_size_16.normalized.qasm,include,Inherited from baseline Git revision 39991eb; retained historical capsule/support file,Baseline repository contents; not all historical experiments are part of the current scorecard replay,438d68d693abb8fa1eb3b63fe190e8711d2baf0acce61bc9a80edf54a4405378,3851,review-branch publication requested by author 2026-10-02; no new license grant; complete external source archives excluded,Git on benchmark-review; no Git LFS; not a tagged final release
artifacts/simulator_papers/vqcsim_rq2_gpu_fp32_mirror_16_24_20260920/circuits/qnn/qnn_alg_size_16.qasm3,include,Inherited from baseline Git revision 39991eb; retained historical capsule/support file,Baseline repository contents; not all historical experiments are part of the current scorecard replay,06c677e4bb23fbe16e6ac17bf987376f2bc71115540c40ee71097e88c0f28ec8,3385,review-branch publication requested by author 2026-10-02; no new license grant; complete external source archives excluded,Git on benchmark-review; no Git LFS; not a tagged final release
artifacts/simulator_papers/vqcsim_rq2_gpu_fp32_mirror_16_24_20260920/circuits/qnn/qnn_alg_size_17.bound.qasm3,include,Inherited from baseline Git revision 39991eb; retained historical capsule/support file,Baseline repository contents; not all historical experiments are part of the current scorecard replay,ef6a45344d5a6a358a4a7002f140516345f4f4c258539892052fb532e5deca67,2638,review-branch publication requested by author 2026-10-02; no new license grant; complete external source archives excluded,Git on benchmark-review; no Git LFS; not a tagged final release
artifacts/simulator_papers/vqcsim_rq2_gpu_fp32_mirror_16_24_20260920/circuits/qnn/qnn_alg_size_17.metadata.json,include,Inherited from baseline Git revision 39991eb; retained historical capsule/support file,Baseline repository contents; not all historical experiments are part of the current scorecard replay,566d580e93ddc6cecc31d3de7dbfe051a669f47799353670c2c88d723fa1e9bb,4096,review-branch publication requested by author 2026-10-02; no new license grant; complete external source archives excluded,Git on benchmark-review; no Git LFS; not a tagged final release
artifacts/simulator_papers/vqcsim_rq2_gpu_fp32_mirror_16_24_20260920/circuits/qnn/qnn_alg_size_17.normalized.bound.qasm,include,Inherited from baseline Git revision 39991eb; retained historical capsule/support file,Baseline repository contents; not all historical experiments are part of the current scorecard replay,49a2f036f7138b88687331487bf024a2800dd68216ca0729a349fdeef6a72d25,3232,review-branch publication requested by author 2026-10-02; no new license grant; complete external source archives excluded,Git on benchmark-review; no Git LFS; not a tagged final release
artifacts/simulator_papers/vqcsim_rq2_gpu_fp32_mirror_16_24_20260920/circuits/qnn/qnn_alg_size_17.normalized.qasm,include,Inherited from baseline Git revision 39991eb; retained historical capsule/support file,Baseline repository contents; not all historical experiments are part of the current scorecard replay,91a68479d837f829f5765d706d3571272d4f15ac86e7c88d0e1de0650fdcb0a3,4097,review-branch publication requested by author 2026-10-02; no new license grant; complete external source archives excluded,Git on benchmark-review; no Git LFS; not a tagged final release
artifacts/simulator_papers/vqcsim_rq2_gpu_fp32_mirror_16_24_20260920/circuits/qnn/qnn_alg_size_17.qasm3,include,Inherited from baseline Git revision 39991eb; retained historical capsule/support file,Baseline repository contents; not all historical experiments are part of the current scorecard replay,103f04a0f0d18bded17566f6f6d8e782bbe69a09e01599930724d8b564a4e65e,3603,review-branch publication requested by author 2026-10-02; no new license grant; complete external source archives excluded,Git on benchmark-review; no Git LFS; not a tagged final release
artifacts/simulator_papers/vqcsim_rq2_gpu_fp32_mirror_16_24_20260920/circuits/qnn/qnn_alg_size_18.bound.qasm3,include,Inherited from baseline Git revision 39991eb; retained historical capsule/support file,Baseline repository contents; not all historical experiments are part of the current scorecard replay,74826f3ea8cf5beef1c6436af39c05ee68916f08abe2ee178f4e47c3705a286c,3093,review-branch publication requested by author 2026-10-02; no new license grant; complete external source archives excluded,Git on benchmark-review; no Git LFS; not a tagged final release
artifacts/simulator_papers/vqcsim_rq2_gpu_fp32_mirror_16_24_20260920/circuits/qnn/qnn_alg_size_18.metadata.json,include,Inherited from baseline Git revision 39991eb; retained historical capsule/support file,Baseline repository contents; not all historical experiments are part of the current scorecard replay,837acbf338dddc4050ca06ebf7becf5b464dd9aa6e0efa00fa8b7a1102548341,4238,review-branch publication requested by author 2026-10-02; no new license grant; complete external source archives excluded,Git on benchmark-review; no Git LFS; not a tagged final release
artifacts/simulator_papers/vqcsim_rq2_gpu_fp32_mirror_16_24_20260920/circuits/qnn/qnn_alg_size_18.normalized.bound.qasm,include,Inherited from baseline Git revision 39991eb; retained historical capsule/support file,Baseline repository contents; not all historical experiments are part of the current scorecard replay,715bb6f124689b49ff1f32d73a1536600fab6769c0caf3263919119525867561,3722,review-branch publication requested by author 2026-10-02; no new license grant; complete external source archives excluded,Git on benchmark-review; no Git LFS; not a tagged final release
artifacts/simulator_papers/vqcsim_rq2_gpu_fp32_mirror_16_24_20260920/circuits/qnn/qnn_alg_size_18.normalized.qasm,include,Inherited from baseline Git revision 39991eb; retained historical capsule/support file,Baseline repository contents; not all historical experiments are part of the current scorecard replay,a57a773ec1a378ef86b791935b01e7886bcc6d43d712e6e254e3382334b8a4e8,4343,review-branch publication requested by author 2026-10-02; no new license grant; complete external source archives excluded,Git on benchmark-review; no Git LFS; not a tagged final release
artifacts/simulator_papers/vqcsim_rq2_gpu_fp32_mirror_16_24_20260920/circuits/qnn/qnn_alg_size_18.qasm3,include,Inherited from baseline Git revision 39991eb; retained historical capsule/support file,Baseline repository contents; not all historical experiments are part of the current scorecard replay,e09636681158d2d30260ec743407ace992a9c06ecedec9da757c11d8e34b2cfa,3821,review-branch publication requested by author 2026-10-02; no new license grant; complete external source archives excluded,Git on benchmark-review; no Git LFS; not a tagged final release
artifacts/simulator_papers/vqcsim_rq2_gpu_fp32_mirror_16_24_20260920/circuits/qnn/qnn_alg_size_19.bound.qasm3,include,Inherited from baseline Git revision 39991eb; retained historical capsule/support file,Baseline repository contents; not all historical experiments are part of the current scorecard replay,e6a8b575f414f73b261eaae9f6ef23317326fae163d1f666782618234608a7ba,3436,review-branch publication requested by author 2026-10-02; no new license grant; complete external source archives excluded,Git on benchmark-review; no Git LFS; not a tagged final release
artifacts/simulator_papers/vqcsim_rq2_gpu_fp32_mirror_16_24_20260920/circuits/qnn/qnn_alg_size_19.metadata.json,include,Inherited from baseline Git revision 39991eb; retained historical capsule/support file,Baseline repository contents; not all historical experiments are part of the current scorecard replay,c54c2a4527efdbeff9ef46937f0d7970ce183f42d7b2d92e8398a7cffc060565,4412,review-branch publication requested by author 2026-10-02; no new license grant; complete external source archives excluded,Git on benchmark-review; no Git LFS; not a tagged final release
artifacts/simulator_papers/vqcsim_rq2_gpu_fp32_mirror_16_24_20260920/circuits/qnn/qnn_alg_size_19.normalized.bound.qasm,include,Inherited from baseline Git revision 39991eb; retained historical capsule/support file,Baseline repository contents; not all historical experiments are part of the current scorecard replay,b7f486f717f94df3a7518d3f16dfaa64f0d392d80f0f3fbe08bbdb598641d2d8,4100,review-branch publication requested by author 2026-10-02; no new license grant; complete external source archives excluded,Git on benchmark-review; no Git LFS; not a tagged final release
artifacts/simulator_papers/vqcsim_rq2_gpu_fp32_mirror_16_24_20260920/circuits/qnn/qnn_alg_size_19.normalized.qasm,include,Inherited from baseline Git revision 39991eb; retained historical capsule/support file,Baseline repository contents; not all historical experiments are part of the current scorecard replay,9054504660a575ba1582c84bc800833b454ddf0fe729411b290e15a25bd7e2fa,4589,review-branch publication requested by author 2026-10-02; no new license grant; complete external source archives excluded,Git on benchmark-review; no Git LFS; not a tagged final release
artifacts/simulator_papers/vqcsim_rq2_gpu_fp32_mirror_16_24_20260920/circuits/qnn/qnn_alg_size_19.qasm3,include,Inherited from baseline Git revision 39991eb; retained historical capsule/support file,Baseline repository contents; not all historical experiments are part of the current scorecard replay,540bcf11723b352cb789cd0bf77f67897998e766c2edcd4fcbeb813073c43128,4039,review-branch publication requested by author 2026-10-02; no new license grant; complete external source archives excluded,Git on benchmark-review; no Git LFS; not a tagged final release
artifacts/simulator_papers/vqcsim_rq2_gpu_fp32_mirror_16_24_20260920/circuits/qnn/qnn_alg_size_20.bound.qasm3,include,Inherited from baseline Git revision 39991eb; retained historical capsule/support file,Baseline repository contents; not all historical experiments are part of the current scorecard replay,b300fe4fec6049fa14234ef154ba24db1527f75b5007113f26b0d90a051ceb79,3621,review-branch publication requested by author 2026-10-02; no new license grant; complete external source archives excluded,Git on benchmark-review; no Git LFS; not a tagged final release
artifacts/simulator_papers/vqcsim_rq2_gpu_fp32_mirror_16_24_20260920/circuits/qnn/qnn_alg_size_20.metadata.json,include,Inherited from baseline Git revision 39991eb; retained historical capsule/support file,Baseline repository contents; not all historical experiments are part of the current scorecard replay,bebf6e9111a6078bad30059465d76f212ab749ea72cdc4d60d5d1e3c889bdf12,4563,review-branch publication requested by author 2026-10-02; no new license grant; complete external source archives excluded,Git on benchmark-review; no Git LFS; not a tagged final release
artifacts/simulator_papers/vqcsim_rq2_gpu_fp32_mirror_16_24_20260920/circuits/qnn/qnn_alg_size_20.normalized.bound.qasm,include,Inherited from baseline Git revision 39991eb; retained historical capsule/support file,Baseline repository contents; not all historical experiments are part of the current scorecard replay,bddec0b43158e1c624aec98746f79bd5675518c2f91194e58332dea235fd55ac,4320,review-branch publication requested by author 2026-10-02; no new license grant; complete external source archives excluded,Git on benchmark-review; no Git LFS; not a tagged final release
artifacts/simulator_papers/vqcsim_rq2_gpu_fp32_mirror_16_24_20260920/circuits/qnn/qnn_alg_size_20.normalized.qasm,include,Inherited from baseline Git revision 39991eb; retained historical capsule/support file,Baseline repository contents; not all historical experiments are part of the current scorecard replay,ef64dbc8d6c04d7dd39584fde941f4227398e2288241dd891ac60bc73d227faf,4835,review-branch publication requested by author 2026-10-02; no new license grant; complete external source archives excluded,Git on benchmark-review; no Git LFS; not a tagged final release
artifacts/simulator_papers/vqcsim_rq2_gpu_fp32_mirror_16_24_20260920/circuits/qnn/qnn_alg_size_20.qasm3,include,Inherited from baseline Git revision 39991eb; retained historical capsule/support file,Baseline repository contents; not all historical experiments are part of the current scorecard replay,2e3f2eec06f4bf581cd8f4ca219587abc5e9491e8c30f09437ea6ba900ca7b26,4257,review-branch publication requested by author 2026-10-02; no new license grant; complete external source archives excluded,Git on benchmark-review; no Git LFS; not a tagged final release
artifacts/simulator_papers/vqcsim_rq2_gpu_fp32_mirror_16_24_20260920/circuits/qnn/qnn_alg_size_21.bound.qasm3,include,Inherited from baseline Git revision 39991eb; retained historical capsule/support file,Baseline repository contents; not all historical experiments are part of the current scorecard replay,36734fb34eecbfb83e1d6d06201c29ffbf32084cf58230e2a989f32e26bfe810,3237,review-branch publication requested by author 2026-10-02; no new license grant; complete external source archives excluded,Git on benchmark-review; no Git LFS; not a tagged final release
artifacts/simulator_papers/vqcsim_rq2_gpu_fp32_mirror_16_24_20260920/circuits/qnn/qnn_alg_size_21.metadata.json,include,Inherited from baseline Git revision 39991eb; retained historical capsule/support file,Baseline repository contents; not all historical experiments are part of the current scorecard replay,4a7054f3447fada56a05f6e7be4dee45cf1b5638447138df7c01bf6df0a793ba,4715,review-branch publication requested by author 2026-10-02; no new license grant; complete external source archives excluded,Git on benchmark-review; no Git LFS; not a tagged final release
artifacts/simulator_papers/vqcsim_rq2_gpu_fp32_mirror_16_24_20260920/circuits/qnn/qnn_alg_size_21.normalized.bound.qasm,include,Inherited from baseline Git revision 39991eb; retained historical capsule/support file,Baseline repository contents; not all historical experiments are part of the current scorecard replay,1983f43a91da22b07290dcb555de96c5340c9106c5c9847cccfb71eca74acb49,3971,review-branch publication requested by author 2026-10-02; no new license grant; complete external source archives excluded,Git on benchmark-review; no Git LFS; not a tagged final release
artifacts/simulator_papers/vqcsim_rq2_gpu_fp32_mirror_16_24_20260920/circuits/qnn/qnn_alg_size_21.normalized.qasm,include,Inherited from baseline Git revision 39991eb; retained historical capsule/support file,Baseline repository contents; not all historical experiments are part of the current scorecard replay,9cf0e169eb5bdb62724ac2c58cd67ca606189a818c37a64511c9ef09b75dfea0,5081,review-branch publication requested by author 2026-10-02; no new license grant; complete external source archives excluded,Git on benchmark-review; no Git LFS; not a tagged final release
artifacts/simulator_papers/vqcsim_rq2_gpu_fp32_mirror_16_24_20260920/circuits/qnn/qnn_alg_size_21.qasm3,include,Inherited from baseline Git revision 39991eb; retained historical capsule/support file,Baseline repository contents; not all historical experiments are part of the current scorecard replay,38a727c3dbc3fec56497f56090df345aeeb31b422e5c1fbe0e058f2192b6fbdc,4475,review-branch publication requested by author 2026-10-02; no new license grant; complete external source archives excluded,Git on benchmark-review; no Git LFS; not a tagged final release
artifacts/simulator_papers/vqcsim_rq2_gpu_fp32_mirror_16_24_20260920/circuits/qnn/qnn_alg_size_22.bound.qasm3,include,Inherited from baseline Git revision 39991eb; retained historical capsule/support file,Baseline repository contents; not all historical experiments are part of the current scorecard replay,6a3af1b11dcfd61868cf5f13fddf3134f5d46c6fd5dbfac9ab973115ca587900,3989,review-branch publication requested by author 2026-10-02; no new license grant; complete external source archives excluded,Git on benchmark-review; no Git LFS; not a tagged final release
artifacts/simulator_papers/vqcsim_rq2_gpu_fp32_mirror_16_24_20260920/circuits/qnn/qnn_alg_size_22.metadata.json,include,Inherited from baseline Git revision 39991eb; retained historical capsule/support file,Baseline repository contents; not all historical experiments are part of the current scorecard replay,72371fd976de9a14c6cc5fe3ac15a5fccca560279372ac07f8fd82978fce5374,4876,review-branch publication requested by author 2026-10-02; no new license grant; complete external source archives excluded,Git on benchmark-review; no Git LFS; not a tagged final release
artifacts/simulator_papers/vqcsim_rq2_gpu_fp32_mirror_16_24_20260920/circuits/qnn/qnn_alg_size_22.normalized.bound.qasm,include,Inherited from baseline Git revision 39991eb; retained historical capsule/support file,Baseline repository contents; not all historical experiments are part of the current scorecard replay,79f4b67fa87ecc186c77f061965644d3a338b3fb6c166419829b4119db1e64d0,4758,review-branch publication requested by author 2026-10-02; no new license grant; complete external source archives excluded,Git on benchmark-review; no Git LFS; not a tagged final release
artifacts/simulator_papers/vqcsim_rq2_gpu_fp32_mirror_16_24_20260920/circuits/qnn/qnn_alg_size_22.normalized.qasm,include,Inherited from baseline Git revision 39991eb; retained historical capsule/support file,Baseline repository contents; not all historical experiments are part of the current scorecard replay,723c7007643554e5e2d1ea964ef48084b99f48503b0d155ddd0ba777fce4a307,5327,review-branch publication requested by author 2026-10-02; no new license grant; complete external source archives excluded,Git on benchmark-review; no Git LFS; not a tagged final release
artifacts/simulator_papers/vqcsim_rq2_gpu_fp32_mirror_16_24_20260920/circuits/qnn/qnn_alg_size_22.qasm3,include,Inherited from baseline Git revision 39991eb; retained historical capsule/support file,Baseline repository contents; not all historical experiments are part of the current scorecard replay,f4500ac1ec6aaa783485c41f0b804d7f7b5f221a8acf421fb31fbb3a41471927,4693,review-branch publication requested by author 2026-10-02; no new license grant; complete external source archives excluded,Git on benchmark-review; no Git LFS; not a tagged final release
artifacts/simulator_papers/vqcsim_rq2_gpu_fp32_mirror_16_24_20260920/circuits/qnn/qnn_alg_size_23.bound.qasm3,include,Inherited from baseline Git revision 39991eb; retained historical capsule/support file,Baseline repository contents; not all historical experiments are part of the current scorecard replay,d29babe82052978bb003a31ec653350bb9569a32d1499120f09577deacf3bf19,3865,review-branch publication requested by author 2026-10-02; no new license grant; complete external source archives excluded,Git on benchmark-review; no Git LFS; not a tagged final release
artifacts/simulator_papers/vqcsim_rq2_gpu_fp32_mirror_16_24_20260920/circuits/qnn/qnn_alg_size_23.metadata.json,include,Inherited from baseline Git revision 39991eb; retained historical capsule/support file,Baseline repository contents; not all historical experiments are part of the current scorecard replay,1e0d6d87a3f9ae0f65207c72e90f96870a371e564d732c37da84e7110c3add4d,5023,review-branch publication requested by author 2026-10-02; no new license grant; complete external source archives excluded,Git on benchmark-review; no Git LFS; not a tagged final release
artifacts/simulator_papers/vqcsim_rq2_gpu_fp32_mirror_16_24_20260920/circuits/qnn/qnn_alg_size_23.normalized.bound.qasm,include,Inherited from baseline Git revision 39991eb; retained historical capsule/support file,Baseline repository contents; not all historical experiments are part of the current scorecard replay,89ac45c89fd9e790dfb150b36a68ea6b402b0784f617087dd65da699544d8f8c,4669,review-branch publication requested by author 2026-10-02; no new license grant; complete external source archives excluded,Git on benchmark-review; no Git LFS; not a tagged final release
artifacts/simulator_papers/vqcsim_rq2_gpu_fp32_mirror_16_24_20260920/circuits/qnn/qnn_alg_size_23.normalized.qasm,include,Inherited from baseline Git revision 39991eb; retained historical capsule/support file,Baseline repository contents; not all historical experiments are part of the current scorecard replay,a553432ea273b36e3668b735abef3f575eb46aa5538323d15191de5a7c066032,5573,review-branch publication requested by author 2026-10-02; no new license grant; complete external source archives excluded,Git on benchmark-review; no Git LFS; not a tagged final release
artifacts/simulator_papers/vqcsim_rq2_gpu_fp32_mirror_16_24_20260920/circuits/qnn/qnn_alg_size_23.qasm3,include,Inherited from baseline Git revision 39991eb; retained historical capsule/support file,Baseline repository contents; not all historical experiments are part of the current scorecard replay,04d26b355fb036fa696f8980c2acda964c05536dc73f9bdd9e47efe9a89a6a05,4911,review-branch publication requested by author 2026-10-02; no new license grant; complete external source archives excluded,Git on benchmark-review; no Git LFS; not a tagged final release
artifacts/simulator_papers/vqcsim_rq2_gpu_fp32_mirror_16_24_20260920/circuits/qnn/qnn_alg_size_24.bound.qasm3,include,Inherited from baseline Git revision 39991eb; retained historical capsule/support file,Baseline repository contents; not all historical experiments are part of the current scorecard replay,87be1b0332cba19f82c4bb0bc60249c1a364b154c1a9d3825661f1fc569b7675,4356,review-branch publication requested by author 2026-10-02; no new license grant; complete external source archives excluded,Git on benchmark-review; no Git LFS; not a tagged final release
artifacts/simulator_papers/vqcsim_rq2_gpu_fp32_mirror_16_24_20260920/circuits/qnn/qnn_alg_size_24.metadata.json,include,Inherited from baseline Git revision 39991eb; retained historical capsule/support file,Baseline repository contents; not all historical experiments are part of the current scorecard replay,f85215bf45dadb868e00726cd4276c8640f9be028aadcc811e30c72ba5d54371,5188,review-branch publication requested by author 2026-10-02; no new license grant; complete external source archives excluded,Git on benchmark-review; no Git LFS; not a tagged final release
artifacts/simulator_papers/vqcsim_rq2_gpu_fp32_mirror_16_24_20260920/circuits/qnn/qnn_alg_size_24.normalized.bound.qasm,include,Inherited from baseline Git revision 39991eb; retained historical capsule/support file,Baseline repository contents; not all historical experiments are part of the current scorecard replay,aa98f1edef4a84fb35c36663cf7c175fb0d9104e9c51df8452cdbd4f62dd2f78,5195,review-branch publication requested by author 2026-10-02; no new license grant; complete external source archives excluded,Git on benchmark-review; no Git LFS; not a tagged final release
artifacts/simulator_papers/vqcsim_rq2_gpu_fp32_mirror_16_24_20260920/circuits/qnn/qnn_alg_size_24.normalized.qasm,include,Inherited from baseline Git revision 39991eb; retained historical capsule/support file,Baseline repository contents; not all historical experiments are part of the current scorecard replay,cd17dffde1bc160b2cef866ef3221babdb88580f66a2bf3f7d7ddd70aab234a8,5819,review-branch publication requested by author 2026-10-02; no new license grant; complete external source archives excluded,Git on benchmark-review; no Git LFS; not a tagged final release
artifacts/simulator_papers/vqcsim_rq2_gpu_fp32_mirror_16_24_20260920/circuits/qnn/qnn_alg_size_24.qasm3,include,Inherited from baseline Git revision 39991eb; retained historical capsule/support file,Baseline repository contents; not all historical experiments are part of the current scorecard replay,5300ff31b79cff16a714e44c416f5e7e95bc53bfccb51f3d7dd94511f682ef8b,5129,review-branch publication requested by author 2026-10-02; no new license grant; complete external source archives excluded,Git on benchmark-review; no Git LFS; not a tagged final release
artifacts/simulator_papers/vqcsim_rq2_gpu_fp32_mirror_16_24_20260920/circuits/vqe_real_amp/vqe_real_amp_alg_size_16.bound.qasm3,include,Inherited from baseline Git revision 39991eb; retained historical capsule/support file,Baseline repository contents; not all historical experiments are part of the current scorecard replay,eb36ccc230d8041a6d9fe7c31f498c91fcc0097ce71a900b9a0aaf795e9df7ac,2998,review-branch publication requested by author 2026-10-02; no new license grant; complete external source archives excluded,Git on benchmark-review; no Git LFS; not a tagged final release
artifacts/simulator_papers/vqcsim_rq2_gpu_fp32_mirror_16_24_20260920/circuits/vqe_real_amp/vqe_real_amp_alg_size_16.metadata.json,include,Inherited from baseline Git revision 39991eb; retained historical capsule/support file,Baseline repository contents; not all historical experiments are part of the current scorecard replay,20b41eef8cc9ed3ccbdcff0144b8e44400d466aabc29247a8856007871b56a64,5082,review-branch publication requested by author 2026-10-02; no new license grant; complete external source archives excluded,Git on benchmark-review; no Git LFS; not a tagged final release
artifacts/simulator_papers/vqcsim_rq2_gpu_fp32_mirror_16_24_20260920/circuits/vqe_real_amp/vqe_real_amp_alg_size_16.normalized.bound.qasm,include,Inherited from baseline Git revision 39991eb; retained historical capsule/support file,Baseline repository contents; not all historical experiments are part of the current scorecard replay,f9e3a928ab3165da1bb7b3c38c956896773c9c64bb7bfc22fb1f5dabab11a411,3143,review-branch publication requested by author 2026-10-02; no new license grant; complete external source archives excluded,Git on benchmark-review; no Git LFS; not a tagged final release
artifacts/simulator_papers/vqcsim_rq2_gpu_fp32_mirror_16_24_20260920/circuits/vqe_real_amp/vqe_real_amp_alg_size_16.normalized.qasm,include,Inherited from baseline Git revision 39991eb; retained historical capsule/support file,Baseline repository contents; not all historical experiments are part of the current scorecard replay,6b4a5d04a14b20539f40a206652292f2e8ad718f77310685fdb7dcd60c4d78f3,2701,review-branch publication requested by author 2026-10-02; no new license grant; complete external source archives excluded,Git on benchmark-review; no Git LFS; not a tagged final release
artifacts/simulator_papers/vqcsim_rq2_gpu_fp32_mirror_16_24_20260920/circuits/vqe_real_amp/vqe_real_amp_alg_size_16.qasm3,include,Inherited from baseline Git revision 39991eb; retained historical capsule/support file,Baseline repository contents; not all historical experiments are part of the current scorecard replay,7db46c191bcfbb0dd4da35502ad244b8a7e1dc369781c1c39f25b1043ce88326,4035,review-branch publication requested by author 2026-10-02; no new license grant; complete external source archives excluded,Git on benchmark-review; no Git LFS; not a tagged final release
artifacts/simulator_papers/vqcsim_rq2_gpu_fp32_mirror_16_24_20260920/circuits/vqe_real_amp/vqe_real_amp_alg_size_17.bound.qasm3,include,Inherited from baseline Git revision 39991eb; retained historical capsule/support file,Baseline repository contents; not all historical experiments are part of the current scorecard replay,5fb7645a77ba03bbd84a59b157e049295353211376b762b41ee1e1122cd403fb,3301,review-branch publication requested by author 2026-10-02; no new license grant; complete external source archives excluded,Git on benchmark-review; no Git LFS; not a tagged final release
artifacts/simulator_papers/vqcsim_rq2_gpu_fp32_mirror_16_24_20260920/circuits/vqe_real_amp/vqe_real_amp_alg_size_17.metadata.json,include,Inherited from baseline Git revision 39991eb; retained historical capsule/support file,Baseline repository contents; not all historical experiments are part of the current scorecard replay,47482c848ef362923628c2611afcf513722a831167465c9a9992641061c8a25d,5305,review-branch publication requested by author 2026-10-02; no new license grant; complete external source archives excluded,Git on benchmark-review; no Git LFS; not a tagged final release
artifacts/simulator_papers/vqcsim_rq2_gpu_fp32_mirror_16_24_20260920/circuits/vqe_real_amp/vqe_real_amp_alg_size_17.normalized.bound.qasm,include,Inherited from baseline Git revision 39991eb; retained historical capsule/support file,Baseline repository contents; not all historical experiments are part of the current scorecard replay,2de8efe9aeccca8d7487b7185581ff2e5b10603867ea737b00630cdb71bbf7a2,3455,review-branch publication requested by author 2026-10-02; no new license grant; complete external source archives excluded,Git on benchmark-review; no Git LFS; not a tagged final release
artifacts/simulator_papers/vqcsim_rq2_gpu_fp32_mirror_16_24_20260920/circuits/vqe_real_amp/vqe_real_amp_alg_size_17.normalized.qasm,include,Inherited from baseline Git revision 39991eb; retained historical capsule/support file,Baseline repository contents; not all historical experiments are part of the current scorecard replay,a7c2af4179e143a3b90e1431d1a84254d003b7343d2b1f250d8ba92def9de0c7,2877,review-branch publication requested by author 2026-10-02; no new license grant; complete external source archives excluded,Git on benchmark-review; no Git LFS; not a tagged final release
artifacts/simulator_papers/vqcsim_rq2_gpu_fp32_mirror_16_24_20260920/circuits/vqe_real_amp/vqe_real_amp_alg_size_17.qasm3,include,Inherited from baseline Git revision 39991eb; retained historical capsule/support file,Baseline repository contents; not all historical experiments are part of the current scorecard replay,5928648eadd96a59ddd2e6333cae11a812c7b4ecd8d74d9c3952e18df89cd278,4295,review-branch publication requested by author 2026-10-02; no new license grant; complete external source archives excluded,Git on benchmark-review; no Git LFS; not a tagged final release
artifacts/simulator_papers/vqcsim_rq2_gpu_fp32_mirror_16_24_20260920/circuits/vqe_real_amp/vqe_real_amp_alg_size_18.bound.qasm3,include,Inherited from baseline Git revision 39991eb; retained historical capsule/support file,Baseline repository contents; not all historical experiments are part of the current scorecard replay,547b86d31a308158d7c4772d2552fe9290665340ee8eec2081d1bcd4a444e3c9,3529,review-branch publication requested by author 2026-10-02; no new license grant; complete external source archives excluded,Git on benchmark-review; no Git LFS; not a tagged final release
artifacts/simulator_papers/vqcsim_rq2_gpu_fp32_mirror_16_24_20260920/circuits/vqe_real_amp/vqe_real_amp_alg_size_18.metadata.json,include,Inherited from baseline Git revision 39991eb; retained historical capsule/support file,Baseline repository contents; not all historical experiments are part of the current scorecard replay,b86f6d228b67a93804422320ec34191405dcb2a729acbb66e0357be04aecd9f4,5528,review-branch publication requested by author 2026-10-02; no new license grant; complete external source archives excluded,Git on benchmark-review; no Git LFS; not a tagged final release
artifacts/simulator_papers/vqcsim_rq2_gpu_fp32_mirror_16_24_20260920/circuits/vqe_real_amp/vqe_real_amp_alg_size_18.normalized.bound.qasm,include,Inherited from baseline Git revision 39991eb; retained historical capsule/support file,Baseline repository contents; not all historical experiments are part of the current scorecard replay,a58ff440111ca05cc08215ab6fcfaddf62174cfb983d6e4282b026a0156f81ad,3692,review-branch publication requested by author 2026-10-02; no new license grant; complete external source archives excluded,Git on benchmark-review; no Git LFS; not a tagged final release
artifacts/simulator_papers/vqcsim_rq2_gpu_fp32_mirror_16_24_20260920/circuits/vqe_real_amp/vqe_real_amp_alg_size_18.normalized.qasm,include,Inherited from baseline Git revision 39991eb; retained historical capsule/support file,Baseline repository contents; not all historical experiments are part of the current scorecard replay,63d6597b9f441e41fa0e92667b8e146281e41db0399d2922816c94dc010c069f,3053,review-branch publication requested by author 2026-10-02; no new license grant; complete external source archives excluded,Git on benchmark-review; no Git LFS; not a tagged final release
artifacts/simulator_papers/vqcsim_rq2_gpu_fp32_mirror_16_24_20260920/circuits/vqe_real_amp/vqe_real_amp_alg_size_18.qasm3,include,Inherited from baseline Git revision 39991eb; retained historical capsule/support file,Baseline repository contents; not all historical experiments are part of the current scorecard replay,80083fea9c61ef304b8162ff4284803e283428d594b938b2e9b90eb3f70dfc0b,4555,review-branch publication requested by author 2026-10-02; no new license grant; complete external source archives excluded,Git on benchmark-review; no Git LFS; not a tagged final release
artifacts/simulator_papers/vqcsim_rq2_gpu_fp32_mirror_16_24_20260920/circuits/vqe_real_amp/vqe_real_amp_alg_size_19.bound.qasm3,include,Inherited from baseline Git revision 39991eb; retained historical capsule/support file,Baseline repository contents; not all historical experiments are part of the current scorecard replay,f41c03b29a6710cf319a86274f8a0a61d632c69bbba8136714d350ab3ccf4534,3586,review-branch publication requested by author 2026-10-02; no new license grant; complete external source archives excluded,Git on benchmark-review; no Git LFS; not a tagged final release
artifacts/simulator_papers/vqcsim_rq2_gpu_fp32_mirror_16_24_20260920/circuits/vqe_real_amp/vqe_real_amp_alg_size_19.metadata.json,include,Inherited from baseline Git revision 39991eb; retained historical capsule/support file,Baseline repository contents; not all historical experiments are part of the current scorecard replay,bc7e7e3521da85ca5c6b2df25efa6f45c267700c36de6cd3347e698bee0c046c,5750,review-branch publication requested by author 2026-10-02; no new license grant; complete external source archives excluded,Git on benchmark-review; no Git LFS; not a tagged final release
artifacts/simulator_papers/vqcsim_rq2_gpu_fp32_mirror_16_24_20260920/circuits/vqe_real_amp/vqe_real_amp_alg_size_19.normalized.bound.qasm,include,Inherited from baseline Git revision 39991eb; retained historical capsule/support file,Baseline repository contents; not all historical experiments are part of the current scorecard replay,096998393e3667cec4ea799aac60c09a05f3b93d81372710166013a33b395bc1,3758,review-branch publication requested by author 2026-10-02; no new license grant; complete external source archives excluded,Git on benchmark-review; no Git LFS; not a tagged final release
artifacts/simulator_papers/vqcsim_rq2_gpu_fp32_mirror_16_24_20260920/circuits/vqe_real_amp/vqe_real_amp_alg_size_19.normalized.qasm,include,Inherited from baseline Git revision 39991eb; retained historical capsule/support file,Baseline repository contents; not all historical experiments are part of the current scorecard replay,4cb58242919af93a69bf7d7c109a41dc0c9d0c3baebffa7ffc42f185aa11351e,3229,review-branch publication requested by author 2026-10-02; no new license grant; complete external source archives excluded,Git on benchmark-review; no Git LFS; not a tagged final release
artifacts/simulator_papers/vqcsim_rq2_gpu_fp32_mirror_16_24_20260920/circuits/vqe_real_amp/vqe_real_amp_alg_size_19.qasm3,include,Inherited from baseline Git revision 39991eb; retained historical capsule/support file,Baseline repository contents; not all historical experiments are part of the current scorecard replay,c5636ab789e659830491f2c358a4347eb77e81038265357c662d0a20889fa9f8,4815,review-branch publication requested by author 2026-10-02; no new license grant; complete external source archives excluded,Git on benchmark-review; no Git LFS; not a tagged final release
artifacts/simulator_papers/vqcsim_rq2_gpu_fp32_mirror_16_24_20260920/circuits/vqe_real_amp/vqe_real_amp_alg_size_20.bound.qasm3,include,Inherited from baseline Git revision 39991eb; retained historical capsule/support file,Baseline repository contents; not all historical experiments are part of the current scorecard replay,3c54a543238f9f7f2ca0306fbe078218e8bf5ee6a42d4fd2edd2de190433c7ff,3840,review-branch publication requested by author 2026-10-02; no new license grant; complete external source archives excluded,Git on benchmark-review; no Git LFS; not a tagged final release
artifacts/simulator_papers/vqcsim_rq2_gpu_fp32_mirror_16_24_20260920/circuits/vqe_real_amp/vqe_real_amp_alg_size_20.metadata.json,include,Inherited from baseline Git revision 39991eb; retained historical capsule/support file,Baseline repository contents; not all historical experiments are part of the current scorecard replay,127239ed258f3e882ff274cd02acd14540c5bccf054b5dd99eb559a93cd723e2,5969,review-branch publication requested by author 2026-10-02; no new license grant; complete external source archives excluded,Git on benchmark-review; no Git LFS; not a tagged final release
artifacts/simulator_papers/vqcsim_rq2_gpu_fp32_mirror_16_24_20260920/circuits/vqe_real_amp/vqe_real_amp_alg_size_20.normalized.bound.qasm,include,Inherited from baseline Git revision 39991eb; retained historical capsule/support file,Baseline repository contents; not all historical experiments are part of the current scorecard replay,6f4e6de6d2394d749efb30e549615d25ae5769ffdad942164ad5d7b82ce6f0ec,4021,review-branch publication requested by author 2026-10-02; no new license grant; complete external source archives excluded,Git on benchmark-review; no Git LFS; not a tagged final release
artifacts/simulator_papers/vqcsim_rq2_gpu_fp32_mirror_16_24_20260920/circuits/vqe_real_amp/vqe_real_amp_alg_size_20.normalized.qasm,include,Inherited from baseline Git revision 39991eb; retained historical capsule/support file,Baseline repository contents; not all historical experiments are part of the current scorecard replay,f052c771e07aa7e0d68cd1952bf3ac65929031a6bdb6ca28478bf11e6c3e2361,3405,review-branch publication requested by author 2026-10-02; no new license grant; complete external source archives excluded,Git on benchmark-review; no Git LFS; not a tagged final release
artifacts/simulator_papers/vqcsim_rq2_gpu_fp32_mirror_16_24_20260920/circuits/vqe_real_amp/vqe_real_amp_alg_size_20.qasm3,include,Inherited from baseline Git revision 39991eb; retained historical capsule/support file,Baseline repository contents; not all historical experiments are part of the current scorecard replay,b0407153ddcd2bfceb2335210d97ad8c18453e08545818fbcc5b5c77afebfaab,5075,review-branch publication requested by author 2026-10-02; no new license grant; complete external source archives excluded,Git on benchmark-review; no Git LFS; not a tagged final release
artifacts/simulator_papers/vqcsim_rq2_gpu_fp32_mirror_16_24_20260920/circuits/vqe_real_amp/vqe_real_amp_alg_size_21.bound.qasm3,include,Inherited from baseline Git revision 39991eb; retained historical capsule/support file,Baseline repository contents; not all historical experiments are part of the current scorecard replay,5813b331d731055addc2dc404f61be92b2f53c091f9d0136d2434b878a12d4d2,4087,review-branch publication requested by author 2026-10-02; no new license grant; complete external source archives excluded,Git on benchmark-review; no Git LFS; not a tagged final release
artifacts/simulator_papers/vqcsim_rq2_gpu_fp32_mirror_16_24_20260920/circuits/vqe_real_amp/vqe_real_amp_alg_size_21.metadata.json,include,Inherited from baseline Git revision 39991eb; retained historical capsule/support file,Baseline repository contents; not all historical experiments are part of the current scorecard replay,1ff0b7d14775cd0c98ef5f5236be056cff266505307addda5563c57e3b78199b,6193,review-branch publication requested by author 2026-10-02; no new license grant; complete external source archives excluded,Git on benchmark-review; no Git LFS; not a tagged final release
artifacts/simulator_papers/vqcsim_rq2_gpu_fp32_mirror_16_24_20260920/circuits/vqe_real_amp/vqe_real_amp_alg_size_21.normalized.bound.qasm,include,Inherited from baseline Git revision 39991eb; retained historical capsule/support file,Baseline repository contents; not all historical experiments are part of the current scorecard replay,aecbe7fe0a53b2620049b05f345dbed5b7b37ddb72d7b73d369557935cf28e65,4277,review-branch publication requested by author 2026-10-02; no new license grant; complete external source archives excluded,Git on benchmark-review; no Git LFS; not a tagged final release
artifacts/simulator_papers/vqcsim_rq2_gpu_fp32_mirror_16_24_20260920/circuits/vqe_real_amp/vqe_real_amp_alg_size_21.normalized.qasm,include,Inherited from baseline Git revision 39991eb; retained historical capsule/support file,Baseline repository contents; not all historical experiments are part of the current scorecard replay,45c4e32845c9659ae5e1e1702f1d2c892d219daae4718e0e5b20d1991e516d75,3581,review-branch publication requested by author 2026-10-02; no new license grant; complete external source archives excluded,Git on benchmark-review; no Git LFS; not a tagged final release
artifacts/simulator_papers/vqcsim_rq2_gpu_fp32_mirror_16_24_20260920/circuits/vqe_real_amp/vqe_real_amp_alg_size_21.qasm3,include,Inherited from baseline Git revision 39991eb; retained historical capsule/support file,Baseline repository contents; not all historical experiments are part of the current scorecard replay,49cf0b0990072dff1f2e64875a3238aba507d937abee71b7c94408ec90142d1d,5335,review-branch publication requested by author 2026-10-02; no new license grant; complete external source archives excluded,Git on benchmark-review; no Git LFS; not a tagged final release
artifacts/simulator_papers/vqcsim_rq2_gpu_fp32_mirror_16_24_20260920/circuits/vqe_real_amp/vqe_real_amp_alg_size_22.bound.qasm3,include,Inherited from baseline Git revision 39991eb; retained historical capsule/support file,Baseline repository contents; not all historical experiments are part of the current scorecard replay,ceb7bf1ab838b464c632355a3df266f5323856c36424f2958392ca8c4b0f4602,4344,review-branch publication requested by author 2026-10-02; no new license grant; complete external source archives excluded,Git on benchmark-review; no Git LFS; not a tagged final release
artifacts/simulator_papers/vqcsim_rq2_gpu_fp32_mirror_16_24_20260920/circuits/vqe_real_amp/vqe_real_amp_alg_size_22.metadata.json,include,Inherited from baseline Git revision 39991eb; retained historical capsule/support file,Baseline repository contents; not all historical experiments are part of the current scorecard replay,9f1cfce16a6f1ce508980dbf0f65d6aabefe349eb23276d08518499e7972994b,6424,review-branch publication requested by author 2026-10-02; no new license grant; complete external source archives excluded,Git on benchmark-review; no Git LFS; not a tagged final release
artifacts/simulator_papers/vqcsim_rq2_gpu_fp32_mirror_16_24_20260920/circuits/vqe_real_amp/vqe_real_amp_alg_size_22.normalized.bound.qasm,include,Inherited from baseline Git revision 39991eb; retained historical capsule/support file,Baseline repository contents; not all historical experiments are part of the current scorecard replay,a376d16652e48b882cdd77ca6f0577893ab8058364b5e8c2886e9008bcb35ad0,4543,review-branch publication requested by author 2026-10-02; no new license grant; complete external source archives excluded,Git on benchmark-review; no Git LFS; not a tagged final release
artifacts/simulator_papers/vqcsim_rq2_gpu_fp32_mirror_16_24_20260920/circuits/vqe_real_amp/vqe_real_amp_alg_size_22.normalized.qasm,include,Inherited from baseline Git revision 39991eb; retained historical capsule/support file,Baseline repository contents; not all historical experiments are part of the current scorecard replay,e962f66c193c5f9541c27f273d5258a5f4e2f46a6c0147d9d67edff933492134,3757,review-branch publication requested by author 2026-10-02; no new license grant; complete external source archives excluded,Git on benchmark-review; no Git LFS; not a tagged final release
artifacts/simulator_papers/vqcsim_rq2_gpu_fp32_mirror_16_24_20260920/circuits/vqe_real_amp/vqe_real_amp_alg_size_22.qasm3,include,Inherited from baseline Git revision 39991eb; retained historical capsule/support file,Baseline repository contents; not all historical experiments are part of the current scorecard replay,89144bff9da270d1762df3c71d10e6d623c52bd21152d5900499f3da60c7bc4a,5595,review-branch publication requested by author 2026-10-02; no new license grant; complete external source archives excluded,Git on benchmark-review; no Git LFS; not a tagged final release
artifacts/simulator_papers/vqcsim_rq2_gpu_fp32_mirror_16_24_20260920/circuits/vqe_real_amp/vqe_real_amp_alg_size_23.bound.qasm3,include,Inherited from baseline Git revision 39991eb; retained historical capsule/support file,Baseline repository contents; not all historical experiments are part of the current scorecard replay,0d7a32dd09593289fac08a7c8145db91b6164a71f156032b332ed5886571e2a9,4522,review-branch publication requested by author 2026-10-02; no new license grant; complete external source archives excluded,Git on benchmark-review; no Git LFS; not a tagged final release
artifacts/simulator_papers/vqcsim_rq2_gpu_fp32_mirror_16_24_20260920/circuits/vqe_real_amp/vqe_real_amp_alg_size_23.metadata.json,include,Inherited from baseline Git revision 39991eb; retained historical capsule/support file,Baseline repository contents; not all historical experiments are part of the current scorecard replay,a417e87e9998a72b47613c628f3a82d6d0f4a0a4f74a01e1a3ae0cea2ac51c34,6645,review-branch publication requested by author 2026-10-02; no new license grant; complete external source archives excluded,Git on benchmark-review; no Git LFS; not a tagged final release
artifacts/simulator_papers/vqcsim_rq2_gpu_fp32_mirror_16_24_20260920/circuits/vqe_real_amp/vqe_real_amp_alg_size_23.normalized.bound.qasm,include,Inherited from baseline Git revision 39991eb; retained historical capsule/support file,Baseline repository contents; not all historical experiments are part of the current scorecard replay,c17c18a5bfa8add4056f221fbe16e6cd237ee5a1f497149cde84b94db836d9b9,4730,review-branch publication requested by author 2026-10-02; no new license grant; complete external source archives excluded,Git on benchmark-review; no Git LFS; not a tagged final release
artifacts/simulator_papers/vqcsim_rq2_gpu_fp32_mirror_16_24_20260920/circuits/vqe_real_amp/vqe_real_amp_alg_size_23.normalized.qasm,include,Inherited from baseline Git revision 39991eb; retained historical capsule/support file,Baseline repository contents; not all historical experiments are part of the current scorecard replay,ade7e29fa572ff449e59afd50d396317ffe651d714648e753a86b054c682e493,3933,review-branch publication requested by author 2026-10-02; no new license grant; complete external source archives excluded,Git on benchmark-review; no Git LFS; not a tagged final release
artifacts/simulator_papers/vqcsim_rq2_gpu_fp32_mirror_16_24_20260920/circuits/vqe_real_amp/vqe_real_amp_alg_size_23.qasm3,include,Inherited from baseline Git revision 39991eb; retained historical capsule/support file,Baseline repository contents; not all historical experiments are part of the current scorecard replay,04bb007077c31976c482059e059e285322ef2a722734bf5a7dee322a10bf891c,5855,review-branch publication requested by author 2026-10-02; no new license grant; complete external source archives excluded,Git on benchmark-review; no Git LFS; not a tagged final release
artifacts/simulator_papers/vqcsim_rq2_gpu_fp32_mirror_16_24_20260920/circuits/vqe_real_amp/vqe_real_amp_alg_size_24.bound.qasm3,include,Inherited from baseline Git revision 39991eb; retained historical capsule/support file,Baseline repository contents; not all historical experiments are part of the current scorecard replay,acf23bd9013427cc24f4a3bc74f8a72f54225505ac365dae411e7093ae3da2f8,4752,review-branch publication requested by author 2026-10-02; no new license grant; complete external source archives excluded,Git on benchmark-review; no Git LFS; not a tagged final release
artifacts/simulator_papers/vqcsim_rq2_gpu_fp32_mirror_16_24_20260920/circuits/vqe_real_amp/vqe_real_amp_alg_size_24.metadata.json,include,Inherited from baseline Git revision 39991eb; retained historical capsule/support file,Baseline repository contents; not all historical experiments are part of the current scorecard replay,76be965ae1b51835db57a1310c43bfe7e7ffa1d5d558b855fb99b204e62aac46,6872,review-branch publication requested by author 2026-10-02; no new license grant; complete external source archives excluded,Git on benchmark-review; no Git LFS; not a tagged final release
artifacts/simulator_papers/vqcsim_rq2_gpu_fp32_mirror_16_24_20260920/circuits/vqe_real_amp/vqe_real_amp_alg_size_24.normalized.bound.qasm,include,Inherited from baseline Git revision 39991eb; retained historical capsule/support file,Baseline repository contents; not all historical experiments are part of the current scorecard replay,9ba2df0f93c35038ee83cf24d25977da6a73182aacce016ac7b918454434eea3,4969,review-branch publication requested by author 2026-10-02; no new license grant; complete external source archives excluded,Git on benchmark-review; no Git LFS; not a tagged final release
artifacts/simulator_papers/vqcsim_rq2_gpu_fp32_mirror_16_24_20260920/circuits/vqe_real_amp/vqe_real_amp_alg_size_24.normalized.qasm,include,Inherited from baseline Git revision 39991eb; retained historical capsule/support file,Baseline repository contents; not all historical experiments are part of the current scorecard replay,e78301fae41f7e71091e32fa314e8c25e3b21c0051c04904ea75025b1307679c,4109,review-branch publication requested by author 2026-10-02; no new license grant; complete external source archives excluded,Git on benchmark-review; no Git LFS; not a tagged final release
artifacts/simulator_papers/vqcsim_rq2_gpu_fp32_mirror_16_24_20260920/circuits/vqe_real_amp/vqe_real_amp_alg_size_24.qasm3,include,Inherited from baseline Git revision 39991eb; retained historical capsule/support file,Baseline repository contents; not all historical experiments are part of the current scorecard replay,b9f6c3897866a65043d20277feb0bbea098000f634acc0e9edb0c286b6335969,6115,review-branch publication requested by author 2026-10-02; no new license grant; complete external source archives excluded,Git on benchmark-review; no Git LFS; not a tagged final release
artifacts/simulator_papers/vqcsim_rq2_gpu_fp32_mirror_16_24_20260920/circuits/vqe_su2/vqe_su2_alg_size_16.bound.qasm3,include,Inherited from baseline Git revision 39991eb; retained historical capsule/support file,Baseline repository contents; not all historical experiments are part of the current scorecard replay,0a4733f11464c24cfd153855f72550d7d106d1112a7aa30d9896baa992ff8157,4966,review-branch publication requested by author 2026-10-02; no new license grant; complete external source archives excluded,Git on benchmark-review; no Git LFS; not a tagged final release
artifacts/simulator_papers/vqcsim_rq2_gpu_fp32_mirror_16_24_20260920/circuits/vqe_su2/vqe_su2_alg_size_16.metadata.json,include,Inherited from baseline Git revision 39991eb; retained historical capsule/support file,Baseline repository contents; not all historical experiments are part of the current scorecard replay,faf83aef88993cacc2bb56e414c3cab9b77d782e680fc704b0b9cc5a2149a6d9,8667,review-branch publication requested by author 2026-10-02; no new license grant; complete external source archives excluded,Git on benchmark-review; no Git LFS; not a tagged final release
artifacts/simulator_papers/vqcsim_rq2_gpu_fp32_mirror_16_24_20260920/circuits/vqe_su2/vqe_su2_alg_size_16.normalized.bound.qasm,include,Inherited from baseline Git revision 39991eb; retained historical capsule/support file,Baseline repository contents; not all historical experiments are part of the current scorecard replay,c886cc27af88f2c8a5ae776019bdf6054a4bf61fb2c3732d243ecf85f0937e10,5303,review-branch publication requested by author 2026-10-02; no new license grant; complete external source archives excluded,Git on benchmark-review; no Git LFS; not a tagged final release
artifacts/simulator_papers/vqcsim_rq2_gpu_fp32_mirror_16_24_20260920/circuits/vqe_su2/vqe_su2_alg_size_16.normalized.qasm,include,Inherited from baseline Git revision 39991eb; retained historical capsule/support file,Baseline repository contents; not all historical experiments are part of the current scorecard replay,15f6a5431ed12a4c2fab770f13b732da5934e43cf26608d9aaf6c153082a28d5,4289,review-branch publication requested by author 2026-10-02; no new license grant; complete external source archives excluded,Git on benchmark-review; no Git LFS; not a tagged final release
artifacts/simulator_papers/vqcsim_rq2_gpu_fp32_mirror_16_24_20260920/circuits/vqe_su2/vqe_su2_alg_size_16.qasm3,include,Inherited from baseline Git revision 39991eb; retained historical capsule/support file,Baseline repository contents; not all historical experiments are part of the current scorecard replay,445bb52f31615c5e9812b6573c6115cc19889a9bca00111bc4082ef1a8a1db3b,6867,review-branch publication requested by author 2026-10-02; no new license grant; complete external source archives excluded,Git on benchmark-review; no Git LFS; not a tagged final release
artifacts/simulator_papers/vqcsim_rq2_gpu_fp32_mirror_16_24_20260920/circuits/vqe_su2/vqe_su2_alg_size_17.bound.qasm3,include,Inherited from baseline Git revision 39991eb; retained historical capsule/support file,Baseline repository contents; not all historical experiments are part of the current scorecard replay,2cc18f5bc51b39d1bde45b7d1c46117d03302dd3e06646a886601f7cb2ded0da,5292,review-branch publication requested by author 2026-10-02; no new license grant; complete external source archives excluded,Git on benchmark-review; no Git LFS; not a tagged final release
artifacts/simulator_papers/vqcsim_rq2_gpu_fp32_mirror_16_24_20260920/circuits/vqe_su2/vqe_su2_alg_size_17.metadata.json,include,Inherited from baseline Git revision 39991eb; retained historical capsule/support file,Baseline repository contents; not all historical experiments are part of the current scorecard replay,63769fd13f4def944d49b72ab5895e1779e817bd85c554ab820880323fb3b20f,9108,review-branch publication requested by author 2026-10-02; no new license grant; complete external source archives excluded,Git on benchmark-review; no Git LFS; not a tagged final release
artifacts/simulator_papers/vqcsim_rq2_gpu_fp32_mirror_16_24_20260920/circuits/vqe_su2/vqe_su2_alg_size_17.normalized.bound.qasm,include,Inherited from baseline Git revision 39991eb; retained historical capsule/support file,Baseline repository contents; not all historical experiments are part of the current scorecard replay,97fe0450cc41ea62eeb6a97d0ef56d96a3be6946544d41c4d8de2b1f3856537c,5650,review-branch publication requested by author 2026-10-02; no new license grant; complete external source archives excluded,Git on benchmark-review; no Git LFS; not a tagged final release
artifacts/simulator_papers/vqcsim_rq2_gpu_fp32_mirror_16_24_20260920/circuits/vqe_su2/vqe_su2_alg_size_17.normalized.qasm,include,Inherited from baseline Git revision 39991eb; retained historical capsule/support file,Baseline repository contents; not all historical experiments are part of the current scorecard replay,0b540fe995797d741e3de00d2922bc5320110970c2279616a3923d6ecd28975e,4573,review-branch publication requested by author 2026-10-02; no new license grant; complete external source archives excluded,Git on benchmark-review; no Git LFS; not a tagged final release
artifacts/simulator_papers/vqcsim_rq2_gpu_fp32_mirror_16_24_20260920/circuits/vqe_su2/vqe_su2_alg_size_17.qasm3,include,Inherited from baseline Git revision 39991eb; retained historical capsule/support file,Baseline repository contents; not all historical experiments are part of the current scorecard replay,f9819b75b0b64517c5b8758d5d6a6a37ed486842688d03658de9319882a95125,7319,review-branch publication requested by author 2026-10-02; no new license grant; complete external source archives excluded,Git on benchmark-review; no Git LFS; not a tagged final release
artifacts/simulator_papers/vqcsim_rq2_gpu_fp32_mirror_16_24_20260920/circuits/vqe_su2/vqe_su2_alg_size_18.bound.qasm3,include,Inherited from baseline Git revision 39991eb; retained historical capsule/support file,Baseline repository contents; not all historical experiments are part of the current scorecard replay,730f13609dd0c3fb89bc75d5810b4704259e4871e2d001703aebb854590675fa,5575,review-branch publication requested by author 2026-10-02; no new license grant; complete external source archives excluded,Git on benchmark-review; no Git LFS; not a tagged final release
artifacts/simulator_papers/vqcsim_rq2_gpu_fp32_mirror_16_24_20260920/circuits/vqe_su2/vqe_su2_alg_size_18.metadata.json,include,Inherited from baseline Git revision 39991eb; retained historical capsule/support file,Baseline repository contents; not all historical experiments are part of the current scorecard replay,7af23e89797b191677e3dac39e974b18f611ddcee3480a176b64185fd2a1529d,9579,review-branch publication requested by author 2026-10-02; no new license grant; complete external source archives excluded,Git on benchmark-review; no Git LFS; not a tagged final release
artifacts/simulator_papers/vqcsim_rq2_gpu_fp32_mirror_16_24_20260920/circuits/vqe_su2/vqe_su2_alg_size_18.normalized.bound.qasm,include,Inherited from baseline Git revision 39991eb; retained historical capsule/support file,Baseline repository contents; not all historical experiments are part of the current scorecard replay,57ca954a42f55a321e1bbb600bfad141bd2ad1bcbcf5dc7704d32e31efce14c8,5954,review-branch publication requested by author 2026-10-02; no new license grant; complete external source archives excluded,Git on benchmark-review; no Git LFS; not a tagged final release
artifacts/simulator_papers/vqcsim_rq2_gpu_fp32_mirror_16_24_20260920/circuits/vqe_su2/vqe_su2_alg_size_18.normalized.qasm,include,Inherited from baseline Git revision 39991eb; retained historical capsule/support file,Baseline repository contents; not all historical experiments are part of the current scorecard replay,da0d7d1453a1547d3bcd49ffbb2c63b6aba42481cb06c048eb6acef56dd33c84,4857,review-branch publication requested by author 2026-10-02; no new license grant; complete external source archives excluded,Git on benchmark-review; no Git LFS; not a tagged final release
artifacts/simulator_papers/vqcsim_rq2_gpu_fp32_mirror_16_24_20260920/circuits/vqe_su2/vqe_su2_alg_size_18.qasm3,include,Inherited from baseline Git revision 39991eb; retained historical capsule/support file,Baseline repository contents; not all historical experiments are part of the current scorecard replay,07b646c0165639669a3f2bbfa018bb4607bcc002bced5dff2b982f52f49c120a,7771,review-branch publication requested by author 2026-10-02; no new license grant; complete external source archives excluded,Git on benchmark-review; no Git LFS; not a tagged final release
artifacts/simulator_papers/vqcsim_rq2_gpu_fp32_mirror_16_24_20260920/circuits/vqe_su2/vqe_su2_alg_size_19.bound.qasm3,include,Inherited from baseline Git revision 39991eb; retained historical capsule/support file,Baseline repository contents; not all historical experiments are part of the current scorecard replay,92bc2ec38fb4756386889d70243e15c6b4f713d1fa736d8423693bc023eaee38,5845,review-branch publication requested by author 2026-10-02; no new license grant; complete external source archives excluded,Git on benchmark-review; no Git LFS; not a tagged final release
artifacts/simulator_papers/vqcsim_rq2_gpu_fp32_mirror_16_24_20260920/circuits/vqe_su2/vqe_su2_alg_size_19.metadata.json,include,Inherited from baseline Git revision 39991eb; retained historical capsule/support file,Baseline repository contents; not all historical experiments are part of the current scorecard replay,76fc7a50701c5fcde20ddda79f20f8c141800daf8376acf8ba687fc7f8c0ad74,10031,review-branch publication requested by author 2026-10-02; no new license grant; complete external source archives excluded,Git on benchmark-review; no Git LFS; not a tagged final release
artifacts/simulator_papers/vqcsim_rq2_gpu_fp32_mirror_16_24_20260920/circuits/vqe_su2/vqe_su2_alg_size_19.normalized.bound.qasm,include,Inherited from baseline Git revision 39991eb; retained historical capsule/support file,Baseline repository contents; not all historical experiments are part of the current scorecard replay,d2bc990eeef2f0afac514195d1be70130a6c59d5950bf85077c2f44249f40be3,6245,review-branch publication requested by author 2026-10-02; no new license grant; complete external source archives excluded,Git on benchmark-review; no Git LFS; not a tagged final release
artifacts/simulator_papers/vqcsim_rq2_gpu_fp32_mirror_16_24_20260920/circuits/vqe_su2/vqe_su2_alg_size_19.normalized.qasm,include,Inherited from baseline Git revision 39991eb; retained historical capsule/support file,Baseline repository contents; not all historical experiments are part of the current scorecard replay,57aa15e3f1a5e7a09db30a3eba7feedabf457288863726e6a2a20b121ab64bb3,5141,review-branch publication requested by author 2026-10-02; no new license grant; complete external source archives excluded,Git on benchmark-review; no Git LFS; not a tagged final release
artifacts/simulator_papers/vqcsim_rq2_gpu_fp32_mirror_16_24_20260920/circuits/vqe_su2/vqe_su2_alg_size_19.qasm3,include,Inherited from baseline Git revision 39991eb; retained historical capsule/support file,Baseline repository contents; not all historical experiments are part of the current scorecard replay,91051053aeadf93b1e2debbe9204ec29dc81a346f561e4a5deb81909058da709,8223,review-branch publication requested by author 2026-10-02; no new license grant; complete external source archives excluded,Git on benchmark-review; no Git LFS; not a tagged final release
artifacts/simulator_papers/vqcsim_rq2_gpu_fp32_mirror_16_24_20260920/circuits/vqe_su2/vqe_su2_alg_size_20.bound.qasm3,include,Inherited from baseline Git revision 39991eb; retained historical capsule/support file,Baseline repository contents; not all historical experiments are part of the current scorecard replay,d2b45cd683acea5a20c69bed692f11bc52f54d89d8d8214ebad025fd694b973f,6175,review-branch publication requested by author 2026-10-02; no new license grant; complete external source archives excluded,Git on benchmark-review; no Git LFS; not a tagged final release
artifacts/simulator_papers/vqcsim_rq2_gpu_fp32_mirror_16_24_20260920/circuits/vqe_su2/vqe_su2_alg_size_20.metadata.json,include,Inherited from baseline Git revision 39991eb; retained historical capsule/support file,Baseline repository contents; not all historical experiments are part of the current scorecard replay,f7b850fe8eb833da37e80ff5a25e64022737d4a78b6dc5c75f1222c535c44574,10479,review-branch publication requested by author 2026-10-02; no new license grant; complete external source archives excluded,Git on benchmark-review; no Git LFS; not a tagged final release
artifacts/simulator_papers/vqcsim_rq2_gpu_fp32_mirror_16_24_20260920/circuits/vqe_su2/vqe_su2_alg_size_20.normalized.bound.qasm,include,Inherited from baseline Git revision 39991eb; retained historical capsule/support file,Baseline repository contents; not all historical experiments are part of the current scorecard replay,f8964308c770bffb0eab40e68794fc6d1809e354a0949d52291e6dfc25c7de12,6596,review-branch publication requested by author 2026-10-02; no new license grant; complete external source archives excluded,Git on benchmark-review; no Git LFS; not a tagged final release
artifacts/simulator_papers/vqcsim_rq2_gpu_fp32_mirror_16_24_20260920/circuits/vqe_su2/vqe_su2_alg_size_20.normalized.qasm,include,Inherited from baseline Git revision 39991eb; retained historical capsule/support file,Baseline repository contents; not all historical experiments are part of the current scorecard replay,2f1e20ed4129b3a5fa42ce3397eba9e45ec42369741d4e1d767b717778569365,5425,review-branch publication requested by author 2026-10-02; no new license grant; complete external source archives excluded,Git on benchmark-review; no Git LFS; not a tagged final release
artifacts/simulator_papers/vqcsim_rq2_gpu_fp32_mirror_16_24_20260920/circuits/vqe_su2/vqe_su2_alg_size_20.qasm3,include,Inherited from baseline Git revision 39991eb; retained historical capsule/support file,Baseline repository contents; not all historical experiments are part of the current scorecard replay,deba7c3d4e3426de68b4254907dd32d3c13ba645fd56b423fcefefa4b8135b2a,8675,review-branch publication requested by author 2026-10-02; no new license grant; complete external source archives excluded,Git on benchmark-review; no Git LFS; not a tagged final release
artifacts/simulator_papers/vqcsim_rq2_gpu_fp32_mirror_16_24_20260920/circuits/vqe_su2/vqe_su2_alg_size_21.bound.qasm3,include,Inherited from baseline Git revision 39991eb; retained historical capsule/support file,Baseline repository contents; not all historical experiments are part of the current scorecard replay,defcd113d7f39b54885b39520277466ee0d66312131fb8f7adeb5c4facbc80f3,6503,review-branch publication requested by author 2026-10-02; no new license grant; complete external source archives excluded,Git on benchmark-review; no Git LFS; not a tagged final release
artifacts/simulator_papers/vqcsim_rq2_gpu_fp32_mirror_16_24_20260920/circuits/vqe_su2/vqe_su2_alg_size_21.metadata.json,include,Inherited from baseline Git revision 39991eb; retained historical capsule/support file,Baseline repository contents; not all historical experiments are part of the current scorecard replay,5a1a460d6f5a1b827c879d6e8d4f84b50bb9733a79fa3516bc272d8a840fb4e6,10959,review-branch publication requested by author 2026-10-02; no new license grant; complete external source archives excluded,Git on benchmark-review; no Git LFS; not a tagged final release
artifacts/simulator_papers/vqcsim_rq2_gpu_fp32_mirror_16_24_20260920/circuits/vqe_su2/vqe_su2_alg_size_21.normalized.bound.qasm,include,Inherited from baseline Git revision 39991eb; retained historical capsule/support file,Baseline repository contents; not all historical experiments are part of the current scorecard replay,07ce534c93aa9f38c8c3eda098cf8c5db088640c448b751810b2d741071fc89f,6945,review-branch publication requested by author 2026-10-02; no new license grant; complete external source archives excluded,Git on benchmark-review; no Git LFS; not a tagged final release
artifacts/simulator_papers/vqcsim_rq2_gpu_fp32_mirror_16_24_20260920/circuits/vqe_su2/vqe_su2_alg_size_21.normalized.qasm,include,Inherited from baseline Git revision 39991eb; retained historical capsule/support file,Baseline repository contents; not all historical experiments are part of the current scorecard replay,549816fdd07276a81bfe53d094727e166ed03d241a7ef81fd32bdf988fd58f58,5709,review-branch publication requested by author 2026-10-02; no new license grant; complete external source archives excluded,Git on benchmark-review; no Git LFS; not a tagged final release
artifacts/simulator_papers/vqcsim_rq2_gpu_fp32_mirror_16_24_20260920/circuits/vqe_su2/vqe_su2_alg_size_21.qasm3,include,Inherited from baseline Git revision 39991eb; retained historical capsule/support file,Baseline repository contents; not all historical experiments are part of the current scorecard replay,688a5e7898f6c6566b593f0340ae229bd8af3064142ba35ace39ef77c4707561,9127,review-branch publication requested by author 2026-10-02; no new license grant; complete external source archives excluded,Git on benchmark-review; no Git LFS; not a tagged final release
artifacts/simulator_papers/vqcsim_rq2_gpu_fp32_mirror_16_24_20260920/circuits/vqe_su2/vqe_su2_alg_size_22.bound.qasm3,include,Inherited from baseline Git revision 39991eb; retained historical capsule/support file,Baseline repository contents; not all historical experiments are part of the current scorecard replay,88d65773ed89c34cf44abe37db57f595bf0ebbc833fa43f600e4fbed671472ba,6860,review-branch publication requested by author 2026-10-02; no new license grant; complete external source archives excluded,Git on benchmark-review; no Git LFS; not a tagged final release
artifacts/simulator_papers/vqcsim_rq2_gpu_fp32_mirror_16_24_20260920/circuits/vqe_su2/vqe_su2_alg_size_22.metadata.json,include,Inherited from baseline Git revision 39991eb; retained historical capsule/support file,Baseline repository contents; not all historical experiments are part of the current scorecard replay,80b26432f4a28ada12c0a5911aa6914d73fa2ff9703b1dda1f67f9437d164a16,11401,review-branch publication requested by author 2026-10-02; no new license grant; complete external source archives excluded,Git on benchmark-review; no Git LFS; not a tagged final release
artifacts/simulator_papers/vqcsim_rq2_gpu_fp32_mirror_16_24_20260920/circuits/vqe_su2/vqe_su2_alg_size_22.normalized.bound.qasm,include,Inherited from baseline Git revision 39991eb; retained historical capsule/support file,Baseline repository contents; not all historical experiments are part of the current scorecard replay,e4c0600f7a634793c24f932839f52069aaf579d30038d2f907b9e7484a3b8eb4,7323,review-branch publication requested by author 2026-10-02; no new license grant; complete external source archives excluded,Git on benchmark-review; no Git LFS; not a tagged final release
artifacts/simulator_papers/vqcsim_rq2_gpu_fp32_mirror_16_24_20260920/circuits/vqe_su2/vqe_su2_alg_size_22.normalized.qasm,include,Inherited from baseline Git revision 39991eb; retained historical capsule/support file,Baseline repository contents; not all historical experiments are part of the current scorecard replay,7a769b01ed9ee6ea1d335865b96c94e2166519202130bcbd04d7129fa21da73a,5993,review-branch publication requested by author 2026-10-02; no new license grant; complete external source archives excluded,Git on benchmark-review; no Git LFS; not a tagged final release
artifacts/simulator_papers/vqcsim_rq2_gpu_fp32_mirror_16_24_20260920/circuits/vqe_su2/vqe_su2_alg_size_22.qasm3,include,Inherited from baseline Git revision 39991eb; retained historical capsule/support file,Baseline repository contents; not all historical experiments are part of the current scorecard replay,0a40f9f9227bb05ddf2ebd25af55c75fcf6c79ec73d0c7957cb269795d33577f,9579,review-branch publication requested by author 2026-10-02; no new license grant; complete external source archives excluded,Git on benchmark-review; no Git LFS; not a tagged final release
artifacts/simulator_papers/vqcsim_rq2_gpu_fp32_mirror_16_24_20260920/circuits/vqe_su2/vqe_su2_alg_size_23.bound.qasm3,include,Inherited from baseline Git revision 39991eb; retained historical capsule/support file,Baseline repository contents; not all historical experiments are part of the current scorecard replay,88449c55dc21eb8c48017524d0ede985a2cd3116f34c7009d841a5bf9b9b0ee3,7164,review-branch publication requested by author 2026-10-02; no new license grant; complete external source archives excluded,Git on benchmark-review; no Git LFS; not a tagged final release
artifacts/simulator_papers/vqcsim_rq2_gpu_fp32_mirror_16_24_20260920/circuits/vqe_su2/vqe_su2_alg_size_23.metadata.json,include,Inherited from baseline Git revision 39991eb; retained historical capsule/support file,Baseline repository contents; not all historical experiments are part of the current scorecard replay,2df4bc96e99a79c66246c0f5fd136859e1878bf70f63d4683e1c2c77de84b9e3,11854,review-branch publication requested by author 2026-10-02; no new license grant; complete external source archives excluded,Git on benchmark-review; no Git LFS; not a tagged final release
artifacts/simulator_papers/vqcsim_rq2_gpu_fp32_mirror_16_24_20260920/circuits/vqe_su2/vqe_su2_alg_size_23.normalized.bound.qasm,include,Inherited from baseline Git revision 39991eb; retained historical capsule/support file,Baseline repository contents; not all historical experiments are part of the current scorecard replay,b5344d21424197471fa34deb67774704be01411e971eec5fc7cf438180a55054,7648,review-branch publication requested by author 2026-10-02; no new license grant; complete external source archives excluded,Git on benchmark-review; no Git LFS; not a tagged final release
artifacts/simulator_papers/vqcsim_rq2_gpu_fp32_mirror_16_24_20260920/circuits/vqe_su2/vqe_su2_alg_size_23.normalized.qasm,include,Inherited from baseline Git revision 39991eb; retained historical capsule/support file,Baseline repository contents; not all historical experiments are part of the current scorecard replay,51e97cd09b74e689a7406692f316690a1197a8687fced284e6f3140378a71aa6,6277,review-branch publication requested by author 2026-10-02; no new license grant; complete external source archives excluded,Git on benchmark-review; no Git LFS; not a tagged final release
artifacts/simulator_papers/vqcsim_rq2_gpu_fp32_mirror_16_24_20260920/circuits/vqe_su2/vqe_su2_alg_size_23.qasm3,include,Inherited from baseline Git revision 39991eb; retained historical capsule/support file,Baseline repository contents; not all historical experiments are part of the current scorecard replay,88e231610c62752c8b85c212303083ceb86cad74c4f8756fe7549000f17bdc1d,10031,review-branch publication requested by author 2026-10-02; no new license grant; complete external source archives excluded,Git on benchmark-review; no Git LFS; not a tagged final release
artifacts/simulator_papers/vqcsim_rq2_gpu_fp32_mirror_16_24_20260920/circuits/vqe_su2/vqe_su2_alg_size_24.bound.qasm3,include,Inherited from baseline Git revision 39991eb; retained historical capsule/support file,Baseline repository contents; not all historical experiments are part of the current scorecard replay,1697ed036f2e443862c66156c0b0add91aec5ddb0d8d95487199769d09b0a8dc,7524,review-branch publication requested by author 2026-10-02; no new license grant; complete external source archives excluded,Git on benchmark-review; no Git LFS; not a tagged final release
artifacts/simulator_papers/vqcsim_rq2_gpu_fp32_mirror_16_24_20260920/circuits/vqe_su2/vqe_su2_alg_size_24.metadata.json,include,Inherited from baseline Git revision 39991eb; retained historical capsule/support file,Baseline repository contents; not all historical experiments are part of the current scorecard replay,b36b3d9e201cd48344ff56e51d07f22fb484ea080b0a57a04aded9e4f6792d31,12321,review-branch publication requested by author 2026-10-02; no new license grant; complete external source archives excluded,Git on benchmark-review; no Git LFS; not a tagged final release
artifacts/simulator_papers/vqcsim_rq2_gpu_fp32_mirror_16_24_20260920/circuits/vqe_su2/vqe_su2_alg_size_24.normalized.bound.qasm,include,Inherited from baseline Git revision 39991eb; retained historical capsule/support file,Baseline repository contents; not all historical experiments are part of the current scorecard replay,38126dcd3f0853709f335db655c6082afe94bb1563880b8fdcddce7cf7fab7bc,8029,review-branch publication requested by author 2026-10-02; no new license grant; complete external source archives excluded,Git on benchmark-review; no Git LFS; not a tagged final release
artifacts/simulator_papers/vqcsim_rq2_gpu_fp32_mirror_16_24_20260920/circuits/vqe_su2/vqe_su2_alg_size_24.normalized.qasm,include,Inherited from baseline Git revision 39991eb; retained historical capsule/support file,Baseline repository contents; not all historical experiments are part of the current scorecard replay,4b59f693d15290fbdad1557a82670b546d7ed50ccaf47f74a874a4936919eb87,6561,review-branch publication requested by author 2026-10-02; no new license grant; complete external source archives excluded,Git on benchmark-review; no Git LFS; not a tagged final release
artifacts/simulator_papers/vqcsim_rq2_gpu_fp32_mirror_16_24_20260920/circuits/vqe_su2/vqe_su2_alg_size_24.qasm3,include,Inherited from baseline Git revision 39991eb; retained historical capsule/support file,Baseline repository contents; not all historical experiments are part of the current scorecard replay,2a4da336de1aba940c85be3d06f0d2a0a50bd41c45774a4cc12f78eb83eff916,10483,review-branch publication requested by author 2026-10-02; no new license grant; complete external source archives excluded,Git on benchmark-review; no Git LFS; not a tagged final release
artifacts/simulator_papers/vqcsim_rq2_gpu_fp32_mirror_16_24_20260920/circuits/vqe_two_local/vqe_two_local_alg_size_16.bound.qasm3,include,Inherited from baseline Git revision 39991eb; retained historical capsule/support file,Baseline repository contents; not all historical experiments are part of the current scorecard replay,d9422f07dfc77b6e41cbea51d39072c8f076f209d2eb3842bf176c233a368869,7960,review-branch publication requested by author 2026-10-02; no new license grant; complete external source archives excluded,Git on benchmark-review; no Git LFS; not a tagged final release
artifacts/simulator_papers/vqcsim_rq2_gpu_fp32_mirror_16_24_20260920/circuits/vqe_two_local/vqe_two_local_alg_size_16.metadata.json,include,Inherited from baseline Git revision 39991eb; retained historical capsule/support file,Baseline repository contents; not all historical experiments are part of the current scorecard replay,5c1cbe3fdbb5518326d9f284a40019e6a57f074b4944870ad3389ff7109b1617,5084,review-branch publication requested by author 2026-10-02; no new license grant; complete external source archives excluded,Git on benchmark-review; no Git LFS; not a tagged final release
artifacts/simulator_papers/vqcsim_rq2_gpu_fp32_mirror_16_24_20260920/circuits/vqe_two_local/vqe_two_local_alg_size_16.normalized.bound.qasm,include,Inherited from baseline Git revision 39991eb; retained historical capsule/support file,Baseline repository contents; not all historical experiments are part of the current scorecard replay,dc9ffec82c448331a528198541233b7634d5e0da7e018a6a5cb5872cf3f8649d,7790,review-branch publication requested by author 2026-10-02; no new license grant; complete external source archives excluded,Git on benchmark-review; no Git LFS; not a tagged final release
artifacts/simulator_papers/vqcsim_rq2_gpu_fp32_mirror_16_24_20260920/circuits/vqe_two_local/vqe_two_local_alg_size_16.normalized.qasm,include,Inherited from baseline Git revision 39991eb; retained historical capsule/support file,Baseline repository contents; not all historical experiments are part of the current scorecard replay,c0a1ef24012584ad5c9d6cbc5ae414c30aa5af1308d9d47c3c4949049e2d8fb3,7348,review-branch publication requested by author 2026-10-02; no new license grant; complete external source archives excluded,Git on benchmark-review; no Git LFS; not a tagged final release
artifacts/simulator_papers/vqcsim_rq2_gpu_fp32_mirror_16_24_20260920/circuits/vqe_two_local/vqe_two_local_alg_size_16.qasm3,include,Inherited from baseline Git revision 39991eb; retained historical capsule/support file,Baseline repository contents; not all historical experiments are part of the current scorecard replay,7f49af19c6caacfaab10ee986e9ef5c23c1de1987f771f97db01fd445e132afd,8997,review-branch publication requested by author 2026-10-02; no new license grant; complete external source archives excluded,Git on benchmark-review; no Git LFS; not a tagged final release
artifacts/simulator_papers/vqcsim_rq2_gpu_fp32_mirror_16_24_20260920/circuits/vqe_two_local/vqe_two_local_alg_size_17.bound.qasm3,include,Inherited from baseline Git revision 39991eb; retained historical capsule/support file,Baseline repository contents; not all historical experiments are part of the current scorecard replay,66c26907954a220ada3af5c213819de3d266713f58e7ebbf52c03f4a1bf55baf,8998,review-branch publication requested by author 2026-10-02; no new license grant; complete external source archives excluded,Git on benchmark-review; no Git LFS; not a tagged final release
artifacts/simulator_papers/vqcsim_rq2_gpu_fp32_mirror_16_24_20260920/circuits/vqe_two_local/vqe_two_local_alg_size_17.metadata.json,include,Inherited from baseline Git revision 39991eb; retained historical capsule/support file,Baseline repository contents; not all historical experiments are part of the current scorecard replay,1e7c6919134c16716205442b310904e178af14a7a22ff3c5e8d5f0e8459df4b6,5307,review-branch publication requested by author 2026-10-02; no new license grant; complete external source archives excluded,Git on benchmark-review; no Git LFS; not a tagged final release
artifacts/simulator_papers/vqcsim_rq2_gpu_fp32_mirror_16_24_20260920/circuits/vqe_two_local/vqe_two_local_alg_size_17.normalized.bound.qasm,include,Inherited from baseline Git revision 39991eb; retained historical capsule/support file,Baseline repository contents; not all historical experiments are part of the current scorecard replay,0fc6fcf61829ce033875f4ee4274252d8958f0c26235ab1458476227d6a4c2bd,8792,review-branch publication requested by author 2026-10-02; no new license grant; complete external source archives excluded,Git on benchmark-review; no Git LFS; not a tagged final release
artifacts/simulator_papers/vqcsim_rq2_gpu_fp32_mirror_16_24_20260920/circuits/vqe_two_local/vqe_two_local_alg_size_17.normalized.qasm,include,Inherited from baseline Git revision 39991eb; retained historical capsule/support file,Baseline repository contents; not all historical experiments are part of the current scorecard replay,cac25e45f58e8f648be690347f9b16f9cf39022d13c13de3209e0de2a43b971b,8214,review-branch publication requested by author 2026-10-02; no new license grant; complete external source archives excluded,Git on benchmark-review; no Git LFS; not a tagged final release
artifacts/simulator_papers/vqcsim_rq2_gpu_fp32_mirror_16_24_20260920/circuits/vqe_two_local/vqe_two_local_alg_size_17.qasm3,include,Inherited from baseline Git revision 39991eb; retained historical capsule/support file,Baseline repository contents; not all historical experiments are part of the current scorecard replay,3966fae0d0a40edfe47a1dcde543cf78a616b5ef7fd6a3d532073112cedb03a6,9992,review-branch publication requested by author 2026-10-02; no new license grant; complete external source archives excluded,Git on benchmark-review; no Git LFS; not a tagged final release
artifacts/simulator_papers/vqcsim_rq2_gpu_fp32_mirror_16_24_20260920/circuits/vqe_two_local/vqe_two_local_alg_size_18.bound.qasm3,include,Inherited from baseline Git revision 39991eb; retained historical capsule/support file,Baseline repository contents; not all historical experiments are part of the current scorecard replay,552701c1b3abc23283c84a4976488c4b95f6de5020f4294c8389b7e7594b856e,10012,review-branch publication requested by author 2026-10-02; no new license grant; complete external source archives excluded,Git on benchmark-review; no Git LFS; not a tagged final release
artifacts/simulator_papers/vqcsim_rq2_gpu_fp32_mirror_16_24_20260920/circuits/vqe_two_local/vqe_two_local_alg_size_18.metadata.json,include,Inherited from baseline Git revision 39991eb; retained historical capsule/support file,Baseline repository contents; not all historical experiments are part of the current scorecard replay,68f80c375610bc08ada2eddd909e3bd1893d73e0e4a1f6375ba2e34e5e7e4c1b,5530,review-branch publication requested by author 2026-10-02; no new license grant; complete external source archives excluded,Git on benchmark-review; no Git LFS; not a tagged final release
artifacts/simulator_papers/vqcsim_rq2_gpu_fp32_mirror_16_24_20260920/circuits/vqe_two_local/vqe_two_local_alg_size_18.normalized.bound.qasm,include,Inherited from baseline Git revision 39991eb; retained historical capsule/support file,Baseline repository contents; not all historical experiments are part of the current scorecard replay,a8fc21ac2a3da6a70d711c8f16fa55a8dfec98eac8fddef92754c159d6e06849,9767,review-branch publication requested by author 2026-10-02; no new license grant; complete external source archives excluded,Git on benchmark-review; no Git LFS; not a tagged final release
artifacts/simulator_papers/vqcsim_rq2_gpu_fp32_mirror_16_24_20260920/circuits/vqe_two_local/vqe_two_local_alg_size_18.normalized.qasm,include,Inherited from baseline Git revision 39991eb; retained historical capsule/support file,Baseline repository contents; not all historical experiments are part of the current scorecard replay,ccdd7f9637fef4ae686cbc29463819b6e6ddaf4bb2ac8f97db4caaaa8d688536,9128,review-branch publication requested by author 2026-10-02; no new license grant; complete external source archives excluded,Git on benchmark-review; no Git LFS; not a tagged final release
artifacts/simulator_papers/vqcsim_rq2_gpu_fp32_mirror_16_24_20260920/circuits/vqe_two_local/vqe_two_local_alg_size_18.qasm3,include,Inherited from baseline Git revision 39991eb; retained historical capsule/support file,Baseline repository contents; not all historical experiments are part of the current scorecard replay,680cd080b6ee4068bc3744f14300aa0c5049de5121bc8c50877837c703290950,11038,review-branch publication requested by author 2026-10-02; no new license grant; complete external source archives excluded,Git on benchmark-review; no Git LFS; not a tagged final release
artifacts/simulator_papers/vqcsim_rq2_gpu_fp32_mirror_16_24_20260920/circuits/vqe_two_local/vqe_two_local_alg_size_19.bound.qasm3,include,Inherited from baseline Git revision 39991eb; retained historical capsule/support file,Baseline repository contents; not all historical experiments are part of the current scorecard replay,0875361552c5dc90369826b0e7ccca275a574d116cb946586f969ffc46621eee,10906,review-branch publication requested by author 2026-10-02; no new license grant; complete external source archives excluded,Git on benchmark-review; no Git LFS; not a tagged final release
artifacts/simulator_papers/vqcsim_rq2_gpu_fp32_mirror_16_24_20260920/circuits/vqe_two_local/vqe_two_local_alg_size_19.metadata.json,include,Inherited from baseline Git revision 39991eb; retained historical capsule/support file,Baseline repository contents; not all historical experiments are part of the current scorecard replay,3db266870c1328adb7d189856de8329b88c5ad05054bc439c897bd6868d548ad,5753,review-branch publication requested by author 2026-10-02; no new license grant; complete external source archives excluded,Git on benchmark-review; no Git LFS; not a tagged final release
artifacts/simulator_papers/vqcsim_rq2_gpu_fp32_mirror_16_24_20260920/circuits/vqe_two_local/vqe_two_local_alg_size_19.normalized.bound.qasm,include,Inherited from baseline Git revision 39991eb; retained historical capsule/support file,Baseline repository contents; not all historical experiments are part of the current scorecard replay,05b5ff5894008078bde028d808aac800ba829fd44444817da0b5a095265ba1d3,10619,review-branch publication requested by author 2026-10-02; no new license grant; complete external source archives excluded,Git on benchmark-review; no Git LFS; not a tagged final release
artifacts/simulator_papers/vqcsim_rq2_gpu_fp32_mirror_16_24_20260920/circuits/vqe_two_local/vqe_two_local_alg_size_19.normalized.qasm,include,Inherited from baseline Git revision 39991eb; retained historical capsule/support file,Baseline repository contents; not all historical experiments are part of the current scorecard replay,adc66f72a99526d5d384c4100f744901ef853936cb3ad782aadcaa2a1bab788e,10090,review-branch publication requested by author 2026-10-02; no new license grant; complete external source archives excluded,Git on benchmark-review; no Git LFS; not a tagged final release
artifacts/simulator_papers/vqcsim_rq2_gpu_fp32_mirror_16_24_20260920/circuits/vqe_two_local/vqe_two_local_alg_size_19.qasm3,include,Inherited from baseline Git revision 39991eb; retained historical capsule/support file,Baseline repository contents; not all historical experiments are part of the current scorecard replay,ae1339d14c52de5b15479d73e42a3de2b9f82962fcd204a6ad136418d1e3f3cb,12135,review-branch publication requested by author 2026-10-02; no new license grant; complete external source archives excluded,Git on benchmark-review; no Git LFS; not a tagged final release
artifacts/simulator_papers/vqcsim_rq2_gpu_fp32_mirror_16_24_20260920/circuits/vqe_two_local/vqe_two_local_alg_size_20.bound.qasm3,include,Inherited from baseline Git revision 39991eb; retained historical capsule/support file,Baseline repository contents; not all historical experiments are part of the current scorecard replay,48639e5e0f2d9ccd3a326d182407c120fe7afba018f34c573e3ab328c952e260,12048,review-branch publication requested by author 2026-10-02; no new license grant; complete external source archives excluded,Git on benchmark-review; no Git LFS; not a tagged final release
artifacts/simulator_papers/vqcsim_rq2_gpu_fp32_mirror_16_24_20260920/circuits/vqe_two_local/vqe_two_local_alg_size_20.metadata.json,include,Inherited from baseline Git revision 39991eb; retained historical capsule/support file,Baseline repository contents; not all historical experiments are part of the current scorecard replay,a3a7a46a48c7b886a3015769a30c567a582c7675a225f98b1ff331403ef0dce7,5971,review-branch publication requested by author 2026-10-02; no new license grant; complete external source archives excluded,Git on benchmark-review; no Git LFS; not a tagged final release
artifacts/simulator_papers/vqcsim_rq2_gpu_fp32_mirror_16_24_20260920/circuits/vqe_two_local/vqe_two_local_alg_size_20.normalized.bound.qasm,include,Inherited from baseline Git revision 39991eb; retained historical capsule/support file,Baseline repository contents; not all historical experiments are part of the current scorecard replay,03ce9b95d3113cd24cc02a7bd13bfc5df8691afc7cd4fdcf96a3eab75354f031,11716,review-branch publication requested by author 2026-10-02; no new license grant; complete external source archives excluded,Git on benchmark-review; no Git LFS; not a tagged final release
artifacts/simulator_papers/vqcsim_rq2_gpu_fp32_mirror_16_24_20260920/circuits/vqe_two_local/vqe_two_local_alg_size_20.normalized.qasm,include,Inherited from baseline Git revision 39991eb; retained historical capsule/support file,Baseline repository contents; not all historical experiments are part of the current scorecard replay,7878403084b86a9098616b912eff2e78f057281e221001fd0ed9d83f7748138e,11100,review-branch publication requested by author 2026-10-02; no new license grant; complete external source archives excluded,Git on benchmark-review; no Git LFS; not a tagged final release
artifacts/simulator_papers/vqcsim_rq2_gpu_fp32_mirror_16_24_20260920/circuits/vqe_two_local/vqe_two_local_alg_size_20.qasm3,include,Inherited from baseline Git revision 39991eb; retained historical capsule/support file,Baseline repository contents; not all historical experiments are part of the current scorecard replay,47b02b89a45bc00b56603c21f400153e91e46cfab4fada4a4f794bc35d02f802,13283,review-branch publication requested by author 2026-10-02; no new license grant; complete external source archives excluded,Git on benchmark-review; no Git LFS; not a tagged final release
artifacts/simulator_papers/vqcsim_rq2_gpu_fp32_mirror_16_24_20260920/circuits/vqe_two_local/vqe_two_local_alg_size_21.bound.qasm3,include,Inherited from baseline Git revision 39991eb; retained historical capsule/support file,Baseline repository contents; not all historical experiments are part of the current scorecard replay,849b530c56af8cdcb02246c147b1a569330f1932b974de82d70b44685b91580f,13234,review-branch publication requested by author 2026-10-02; no new license grant; complete external source archives excluded,Git on benchmark-review; no Git LFS; not a tagged final release
artifacts/simulator_papers/vqcsim_rq2_gpu_fp32_mirror_16_24_20260920/circuits/vqe_two_local/vqe_two_local_alg_size_21.metadata.json,include,Inherited from baseline Git revision 39991eb; retained historical capsule/support file,Baseline repository contents; not all historical experiments are part of the current scorecard replay,d8b12a2e70687ebf905cc9ddad1516a11af8c0e5695c410bfc4d2546ded8eaf9,6196,review-branch publication requested by author 2026-10-02; no new license grant; complete external source archives excluded,Git on benchmark-review; no Git LFS; not a tagged final release
artifacts/simulator_papers/vqcsim_rq2_gpu_fp32_mirror_16_24_20260920/circuits/vqe_two_local/vqe_two_local_alg_size_21.normalized.bound.qasm,include,Inherited from baseline Git revision 39991eb; retained historical capsule/support file,Baseline repository contents; not all historical experiments are part of the current scorecard replay,ec98ebf3eaa78cb00941029052841d9bea668d51683bdea28f2a96cc1f942524,12854,review-branch publication requested by author 2026-10-02; no new license grant; complete external source archives excluded,Git on benchmark-review; no Git LFS; not a tagged final release
artifacts/simulator_papers/vqcsim_rq2_gpu_fp32_mirror_16_24_20260920/circuits/vqe_two_local/vqe_two_local_alg_size_21.normalized.qasm,include,Inherited from baseline Git revision 39991eb; retained historical capsule/support file,Baseline repository contents; not all historical experiments are part of the current scorecard replay,a7dfc20679fed62902df36cf4cd15d539d64c6e4443762ab8d9ec9ef50c29eac,12158,review-branch publication requested by author 2026-10-02; no new license grant; complete external source archives excluded,Git on benchmark-review; no Git LFS; not a tagged final release
artifacts/simulator_papers/vqcsim_rq2_gpu_fp32_mirror_16_24_20260920/circuits/vqe_two_local/vqe_two_local_alg_size_21.qasm3,include,Inherited from baseline Git revision 39991eb; retained historical capsule/support file,Baseline repository contents; not all historical experiments are part of the current scorecard replay,b5f522e4b8f31943e408c8b98372083f9012aa1482c9b807bcfe489c010ae2cf,14482,review-branch publication requested by author 2026-10-02; no new license grant; complete external source archives excluded,Git on benchmark-review; no Git LFS; not a tagged final release
artifacts/simulator_papers/vqcsim_rq2_gpu_fp32_mirror_16_24_20260920/circuits/vqe_two_local/vqe_two_local_alg_size_22.bound.qasm3,include,Inherited from baseline Git revision 39991eb; retained historical capsule/support file,Baseline repository contents; not all historical experiments are part of the current scorecard replay,f549225d3736fcb1f6e20aa6b842ff78f11c45b60cb8d8a03fc42954b4c295c3,14481,review-branch publication requested by author 2026-10-02; no new license grant; complete external source archives excluded,Git on benchmark-review; no Git LFS; not a tagged final release
artifacts/simulator_papers/vqcsim_rq2_gpu_fp32_mirror_16_24_20260920/circuits/vqe_two_local/vqe_two_local_alg_size_22.metadata.json,include,Inherited from baseline Git revision 39991eb; retained historical capsule/support file,Baseline repository contents; not all historical experiments are part of the current scorecard replay,6bbbaec50d73cc54d3d40a3ead6193f496abd61f2e29e0025bc1a09e104b66db,6426,review-branch publication requested by author 2026-10-02; no new license grant; complete external source archives excluded,Git on benchmark-review; no Git LFS; not a tagged final release
artifacts/simulator_papers/vqcsim_rq2_gpu_fp32_mirror_16_24_20260920/circuits/vqe_two_local/vqe_two_local_alg_size_22.normalized.bound.qasm,include,Inherited from baseline Git revision 39991eb; retained historical capsule/support file,Baseline repository contents; not all historical experiments are part of the current scorecard replay,ce6b4efbc54e2651516d720557238259c53b5e8703f090bcec77313ece6eb24d,14050,review-branch publication requested by author 2026-10-02; no new license grant; complete external source archives excluded,Git on benchmark-review; no Git LFS; not a tagged final release
artifacts/simulator_papers/vqcsim_rq2_gpu_fp32_mirror_16_24_20260920/circuits/vqe_two_local/vqe_two_local_alg_size_22.normalized.qasm,include,Inherited from baseline Git revision 39991eb; retained historical capsule/support file,Baseline repository contents; not all historical experiments are part of the current scorecard replay,b24c02afdbe4c724cdeca431b0b9fcfbc34ea56e3788a854350261a1e2ab9e65,13264,review-branch publication requested by author 2026-10-02; no new license grant; complete external source archives excluded,Git on benchmark-review; no Git LFS; not a tagged final release
artifacts/simulator_papers/vqcsim_rq2_gpu_fp32_mirror_16_24_20260920/circuits/vqe_two_local/vqe_two_local_alg_size_22.qasm3,include,Inherited from baseline Git revision 39991eb; retained historical capsule/support file,Baseline repository contents; not all historical experiments are part of the current scorecard replay,81d74da3b179e70091084076ca446ba0a248d302c36c5714a4d67d57f2982c41,15732,review-branch publication requested by author 2026-10-02; no new license grant; complete external source archives excluded,Git on benchmark-review; no Git LFS; not a tagged final release
artifacts/simulator_papers/vqcsim_rq2_gpu_fp32_mirror_16_24_20260920/circuits/vqe_two_local/vqe_two_local_alg_size_23.bound.qasm3,include,Inherited from baseline Git revision 39991eb; retained historical capsule/support file,Baseline repository contents; not all historical experiments are part of the current scorecard replay,72ebb527824e2076ce77c7643ee241544faafbb29854ae6cebccfa6c475292cf,15700,review-branch publication requested by author 2026-10-02; no new license grant; complete external source archives excluded,Git on benchmark-review; no Git LFS; not a tagged final release
artifacts/simulator_papers/vqcsim_rq2_gpu_fp32_mirror_16_24_20260920/circuits/vqe_two_local/vqe_two_local_alg_size_23.metadata.json,include,Inherited from baseline Git revision 39991eb; retained historical capsule/support file,Baseline repository contents; not all historical experiments are part of the current scorecard replay,7f6ee6caa0223a6a69b9565547c3c0da398f8ea79e8ede56d0a0a8628f555468,6648,review-branch publication requested by author 2026-10-02; no new license grant; complete external source archives excluded,Git on benchmark-review; no Git LFS; not a tagged final release
artifacts/simulator_papers/vqcsim_rq2_gpu_fp32_mirror_16_24_20260920/circuits/vqe_two_local/vqe_two_local_alg_size_23.normalized.bound.qasm,include,Inherited from baseline Git revision 39991eb; retained historical capsule/support file,Baseline repository contents; not all historical experiments are part of the current scorecard replay,6077d3ef0360331b367fa8d37f6515e0e0703a6737e599bf27ec2da7fbc6db9e,15215,review-branch publication requested by author 2026-10-02; no new license grant; complete external source archives excluded,Git on benchmark-review; no Git LFS; not a tagged final release
artifacts/simulator_papers/vqcsim_rq2_gpu_fp32_mirror_16_24_20260920/circuits/vqe_two_local/vqe_two_local_alg_size_23.normalized.qasm,include,Inherited from baseline Git revision 39991eb; retained historical capsule/support file,Baseline repository contents; not all historical experiments are part of the current scorecard replay,78e666dfd23c87d83d2ebe4990662d393e32921a0cf28ac42f3ba3672b7a0e83,14418,review-branch publication requested by author 2026-10-02; no new license grant; complete external source archives excluded,Git on benchmark-review; no Git LFS; not a tagged final release
artifacts/simulator_papers/vqcsim_rq2_gpu_fp32_mirror_16_24_20260920/circuits/vqe_two_local/vqe_two_local_alg_size_23.qasm3,include,Inherited from baseline Git revision 39991eb; retained historical capsule/support file,Baseline repository contents; not all historical experiments are part of the current scorecard replay,500f0a16572fd8fa4ea85bda24e2363ad2acf2f0388a68d41bbe718e6e741a32,17033,review-branch publication requested by author 2026-10-02; no new license grant; complete external source archives excluded,Git on benchmark-review; no Git LFS; not a tagged final release
artifacts/simulator_papers/vqcsim_rq2_gpu_fp32_mirror_16_24_20260920/circuits/vqe_two_local/vqe_two_local_alg_size_24.bound.qasm3,include,Inherited from baseline Git revision 39991eb; retained historical capsule/support file,Baseline repository contents; not all historical experiments are part of the current scorecard replay,c422d33f6af691d6911d7ff9102efc7d26004a32f8fe2896e5ad3c29ef051c66,17022,review-branch publication requested by author 2026-10-02; no new license grant; complete external source archives excluded,Git on benchmark-review; no Git LFS; not a tagged final release
artifacts/simulator_papers/vqcsim_rq2_gpu_fp32_mirror_16_24_20260920/circuits/vqe_two_local/vqe_two_local_alg_size_24.metadata.json,include,Inherited from baseline Git revision 39991eb; retained historical capsule/support file,Baseline repository contents; not all historical experiments are part of the current scorecard replay,4b6fe4702673fade4082a20b81c764f35ad9af1076159809996de3ef5beeb11c,6874,review-branch publication requested by author 2026-10-02; no new license grant; complete external source archives excluded,Git on benchmark-review; no Git LFS; not a tagged final release
artifacts/simulator_papers/vqcsim_rq2_gpu_fp32_mirror_16_24_20260920/circuits/vqe_two_local/vqe_two_local_alg_size_24.normalized.bound.qasm,include,Inherited from baseline Git revision 39991eb; retained historical capsule/support file,Baseline repository contents; not all historical experiments are part of the current scorecard replay,b0774f317b909f985af4225886db4881acecc4ab24f9c84b62c0a77046cce0eb,16480,review-branch publication requested by author 2026-10-02; no new license grant; complete external source archives excluded,Git on benchmark-review; no Git LFS; not a tagged final release
artifacts/simulator_papers/vqcsim_rq2_gpu_fp32_mirror_16_24_20260920/circuits/vqe_two_local/vqe_two_local_alg_size_24.normalized.qasm,include,Inherited from baseline Git revision 39991eb; retained historical capsule/support file,Baseline repository contents; not all historical experiments are part of the current scorecard replay,b135431c1fbc7513c8ed9003090978327057bb35a2db54213a77aa706c86a5f8,15620,review-branch publication requested by author 2026-10-02; no new license grant; complete external source archives excluded,Git on benchmark-review; no Git LFS; not a tagged final release
artifacts/simulator_papers/vqcsim_rq2_gpu_fp32_mirror_16_24_20260920/circuits/vqe_two_local/vqe_two_local_alg_size_24.qasm3,include,Inherited from baseline Git revision 39991eb; retained historical capsule/support file,Baseline repository contents; not all historical experiments are part of the current scorecard replay,897413031e0b044166fcfa0274be8e271f93cf621d415311f08c5557bbf468cc,18385,review-branch publication requested by author 2026-10-02; no new license grant; complete external source archives excluded,Git on benchmark-review; no Git LFS; not a tagged final release
artifacts/simulator_papers/vqcsim_rq2_gpu_fp32_mirror_16_24_20260920/manifest.json,include,Inherited from baseline Git revision 39991eb; retained historical capsule/support file,Baseline repository contents; not all historical experiments are part of the current scorecard replay,5947585318940a885d4b6df2c0e4332dfe954168191d19d9f91cefe26a3c5c3a,4422,review-branch publication requested by author 2026-10-02; no new license grant; complete external source archives excluded,Git on benchmark-review; no Git LFS; not a tagged final release
artifacts/simulator_papers/vqcsim_rq2_gpu_fp32_mirror_16_24_20260920/progress.json,include,Inherited from baseline Git revision 39991eb; retained historical capsule/support file,Baseline repository contents; not all historical experiments are part of the current scorecard replay,d65d8cdaeaf62e38a50deed84ade3ce48dc667c375a7ccde352f9e969518b233,351,review-branch publication requested by author 2026-10-02; no new license grant; complete external source archives excluded,Git on benchmark-review; no Git LFS; not a tagged final release
artifacts/simulator_papers/vqcsim_rq2_gpu_fp32_mirror_16_24_20260920/records.csv,include,Inherited from baseline Git revision 39991eb; retained historical capsule/support file,Baseline repository contents; not all historical experiments are part of the current scorecard replay,8465421f64957838f25c8949fb0a4dea2411762ce8cffa154a76243a38a23960,100201,review-branch publication requested by author 2026-10-02; no new license grant; complete external source archives excluded,Git on benchmark-review; no Git LFS; not a tagged final release
artifacts/simulator_papers/vqcsim_rq2_gpu_fp32_mirror_16_24_20260920/records.json,include,Inherited from baseline Git revision 39991eb; retained historical capsule/support file,Baseline repository contents; not all historical experiments are part of the current scorecard replay,ff4c4e36c660cd1669cc8644ccdeae41e9c10c190b3b476cd55b1060a596c131,183943,review-branch publication requested by author 2026-10-02; no new license grant; complete external source archives excluded,Git on benchmark-review; no Git LFS; not a tagged final release
artifacts/simulator_papers/vqcsim_rq2_gpu_fp32_mirror_16_24_20260920/run_summary.json,include,Inherited from baseline Git revision 39991eb; retained historical capsule/support file,Baseline repository contents; not all historical experiments are part of the current scorecard replay,a0b8fad3baba9ec5a0e6607f780675998012ddabad34a3a24004f614508eb77c,7073,review-branch publication requested by author 2026-10-02; no new license grant; complete external source archives excluded,Git on benchmark-review; no Git LFS; not a tagged final release
artifacts/simulator_papers/vqcsim_rq2_gpu_fp32_mirror_16_24_20260920/tables/crossover_points.csv,include,Inherited from baseline Git revision 39991eb; retained historical capsule/support file,Baseline repository contents; not all historical experiments are part of the current scorecard replay,e3b0c44298fc1c149afbf4c8996fb92427ae41e4649b934ca495991b7852b855,0,review-branch publication requested by author 2026-10-02; no new license grant; complete external source archives excluded,Git on benchmark-review; no Git LFS; not a tagged final release
artifacts/simulator_papers/vqcsim_rq2_gpu_fp32_mirror_16_24_20260920/tables/crossover_points.json,include,Inherited from baseline Git revision 39991eb; retained historical capsule/support file,Baseline repository contents; not all historical experiments are part of the current scorecard replay,4f53cda18c2baa0c0354bb5f9a3ecbe5ed12ab4d8e11ba873c2f11161202b945,2,review-branch publication requested by author 2026-10-02; no new license grant; complete external source archives excluded,Git on benchmark-review; no Git LFS; not a tagged final release
artifacts/simulator_papers/vqcsim_rq2_gpu_fp32_mirror_16_24_20260920/tables/crossover_summary.csv,include,Inherited from baseline Git revision 39991eb; retained historical capsule/support file,Baseline repository contents; not all historical experiments are part of the current scorecard replay,e3b0c44298fc1c149afbf4c8996fb92427ae41e4649b934ca495991b7852b855,0,review-branch publication requested by author 2026-10-02; no new license grant; complete external source archives excluded,Git on benchmark-review; no Git LFS; not a tagged final release
artifacts/simulator_papers/vqcsim_rq2_gpu_fp32_mirror_16_24_20260920/tables/crossover_summary.json,include,Inherited from baseline Git revision 39991eb; retained historical capsule/support file,Baseline repository contents; not all historical experiments are part of the current scorecard replay,4f53cda18c2baa0c0354bb5f9a3ecbe5ed12ab4d8e11ba873c2f11161202b945,2,review-branch publication requested by author 2026-10-02; no new license grant; complete external source archives excluded,Git on benchmark-review; no Git LFS; not a tagged final release
artifacts/simulator_papers/vqcsim_rq2_gpu_fp32_mirror_16_24_20260920/tables/failure_boundaries.csv,include,Inherited from baseline Git revision 39991eb; retained historical capsule/support file,Baseline repository contents; not all historical experiments are part of the current scorecard replay,e3b0c44298fc1c149afbf4c8996fb92427ae41e4649b934ca495991b7852b855,0,review-branch publication requested by author 2026-10-02; no new license grant; complete external source archives excluded,Git on benchmark-review; no Git LFS; not a tagged final release
artifacts/simulator_papers/vqcsim_rq2_gpu_fp32_mirror_16_24_20260920/tables/failure_boundaries.json,include,Inherited from baseline Git revision 39991eb; retained historical capsule/support file,Baseline repository contents; not all historical experiments are part of the current scorecard replay,4f53cda18c2baa0c0354bb5f9a3ecbe5ed12ab4d8e11ba873c2f11161202b945,2,review-branch publication requested by author 2026-10-02; no new license grant; complete external source archives excluded,Git on benchmark-review; no Git LFS; not a tagged final release
artifacts/simulator_papers/vqcsim_rq2_gpu_fp32_mirror_16_24_20260920/tables/framework_mode_batch_summary.csv,include,Inherited from baseline Git revision 39991eb; retained historical capsule/support file,Baseline repository contents; not all historical experiments are part of the current scorecard replay,7932406663fc2869a047538f0e2225aa6d0fa25b231cd8983883f74d64d2df7c,171,review-branch publication requested by author 2026-10-02; no new license grant; complete external source archives excluded,Git on benchmark-review; no Git LFS; not a tagged final release
artifacts/simulator_papers/vqcsim_rq2_gpu_fp32_mirror_16_24_20260920/tables/framework_mode_batch_summary.json,include,Inherited from baseline Git revision 39991eb; retained historical capsule/support file,Baseline repository contents; not all historical experiments are part of the current scorecard replay,a1d92372b6ad866c04334dd85b29835042319e112bf0f8746b028197e7f5f5fa,265,review-branch publication requested by author 2026-10-02; no new license grant; complete external source archives excluded,Git on benchmark-review; no Git LFS; not a tagged final release
artifacts/simulator_papers/vqcsim_rq2_gpu_fp32_mirror_16_24_20260920/tables/scaling_points.csv,include,Inherited from baseline Git revision 39991eb; retained historical capsule/support file,Baseline repository contents; not all historical experiments are part of the current scorecard replay,83a3386075f6c18f10811cb70be5d345336b8cdd3c283972eaf7e7fe93cc8205,3843,review-branch publication requested by author 2026-10-02; no new license grant; complete external source archives excluded,Git on benchmark-review; no Git LFS; not a tagged final release
artifacts/simulator_papers/vqcsim_rq2_gpu_fp32_mirror_16_24_20260920/tables/scaling_points.json,include,Inherited from baseline Git revision 39991eb; retained historical capsule/support file,Baseline repository contents; not all historical experiments are part of the current scorecard replay,ed2f0e29add24b339db915fee44b4e3f7c01e0a5aeb775afba2eaafc1214e556,13715,review-branch publication requested by author 2026-10-02; no new license grant; complete external source archives excluded,Git on benchmark-review; no Git LFS; not a tagged final release
artifacts/simulator_papers/vqcsim_rq2_gpu_fp32_mirror_16_24_20260920/tables/statistical_pairing_flow.csv,include,Inherited from baseline Git revision 39991eb; retained historical capsule/support file,Baseline repository contents; not all historical experiments are part of the current scorecard replay,e3b0c44298fc1c149afbf4c8996fb92427ae41e4649b934ca495991b7852b855,0,review-branch publication requested by author 2026-10-02; no new license grant; complete external source archives excluded,Git on benchmark-review; no Git LFS; not a tagged final release
artifacts/simulator_papers/vqcsim_rq2_gpu_fp32_mirror_16_24_20260920/tables/statistical_pairing_flow.json,include,Inherited from baseline Git revision 39991eb; retained historical capsule/support file,Baseline repository contents; not all historical experiments are part of the current scorecard replay,4f53cda18c2baa0c0354bb5f9a3ecbe5ed12ab4d8e11ba873c2f11161202b945,2,review-branch publication requested by author 2026-10-02; no new license grant; complete external source archives excluded,Git on benchmark-review; no Git LFS; not a tagged final release
artifacts/simulator_papers/vqcsim_rq2_gpu_fp32_mirror_16_24_20260920/tables/statistical_pairing_flow_by_family.csv,include,Inherited from baseline Git revision 39991eb; retained historical capsule/support file,Baseline repository contents; not all historical experiments are part of the current scorecard replay,e3b0c44298fc1c149afbf4c8996fb92427ae41e4649b934ca495991b7852b855,0,review-branch publication requested by author 2026-10-02; no new license grant; complete external source archives excluded,Git on benchmark-review; no Git LFS; not a tagged final release
artifacts/simulator_papers/vqcsim_rq2_gpu_fp32_mirror_16_24_20260920/tables/statistical_pairing_flow_by_family.json,include,Inherited from baseline Git revision 39991eb; retained historical capsule/support file,Baseline repository contents; not all historical experiments are part of the current scorecard replay,4f53cda18c2baa0c0354bb5f9a3ecbe5ed12ab4d8e11ba873c2f11161202b945,2,review-branch publication requested by author 2026-10-02; no new license grant; complete external source archives excluded,Git on benchmark-review; no Git LFS; not a tagged final release
artifacts/simulator_papers/vqcsim_rq2_gpu_fp32_mirror_16_24_20260920/tables/statistical_robustness_points.csv,include,Inherited from baseline Git revision 39991eb; retained historical capsule/support file,Baseline repository contents; not all historical experiments are part of the current scorecard replay,e3b0c44298fc1c149afbf4c8996fb92427ae41e4649b934ca495991b7852b855,0,review-branch publication requested by author 2026-10-02; no new license grant; complete external source archives excluded,Git on benchmark-review; no Git LFS; not a tagged final release
artifacts/simulator_papers/vqcsim_rq2_gpu_fp32_mirror_16_24_20260920/tables/statistical_robustness_points.json,include,Inherited from baseline Git revision 39991eb; retained historical capsule/support file,Baseline repository contents; not all historical experiments are part of the current scorecard replay,4f53cda18c2baa0c0354bb5f9a3ecbe5ed12ab4d8e11ba873c2f11161202b945,2,review-branch publication requested by author 2026-10-02; no new license grant; complete external source archives excluded,Git on benchmark-review; no Git LFS; not a tagged final release
artifacts/simulator_papers/vqcsim_rq2_gpu_fp32_mirror_16_24_20260920/tables/statistical_robustness_summary.csv,include,Inherited from baseline Git revision 39991eb; retained historical capsule/support file,Baseline repository contents; not all historical experiments are part of the current scorecard replay,e3b0c44298fc1c149afbf4c8996fb92427ae41e4649b934ca495991b7852b855,0,review-branch publication requested by author 2026-10-02; no new license grant; complete external source archives excluded,Git on benchmark-review; no Git LFS; not a tagged final release
artifacts/simulator_papers/vqcsim_rq2_gpu_fp32_mirror_16_24_20260920/tables/statistical_robustness_summary.json,include,Inherited from baseline Git revision 39991eb; retained historical capsule/support file,Baseline repository contents; not all historical experiments are part of the current scorecard replay,4f53cda18c2baa0c0354bb5f9a3ecbe5ed12ab4d8e11ba873c2f11161202b945,2,review-branch publication requested by author 2026-10-02; no new license grant; complete external source archives excluded,Git on benchmark-review; no Git LFS; not a tagged final release
artifacts/simulator_papers/vqcsim_rq2_gpu_fp32_mirror_16_24_20260920/tables/statistical_robustness_summary_by_family.csv,include,Inherited from baseline Git revision 39991eb; retained historical capsule/support file,Baseline repository contents; not all historical experiments are part of the current scorecard replay,e3b0c44298fc1c149afbf4c8996fb92427ae41e4649b934ca495991b7852b855,0,review-branch publication requested by author 2026-10-02; no new license grant; complete external source archives excluded,Git on benchmark-review; no Git LFS; not a tagged final release
artifacts/simulator_papers/vqcsim_rq2_gpu_fp32_mirror_16_24_20260920/tables/statistical_robustness_summary_by_family.json,include,Inherited from baseline Git revision 39991eb; retained historical capsule/support file,Baseline repository contents; not all historical experiments are part of the current scorecard replay,4f53cda18c2baa0c0354bb5f9a3ecbe5ed12ab4d8e11ba873c2f11161202b945,2,review-branch publication requested by author 2026-10-02; no new license grant; complete external source archives excluded,Git on benchmark-review; no Git LFS; not a tagged final release
artifacts/simulator_papers/vqcsim_rq2_gpu_fp32_mirror_16_24_20260920/tables/terminal_status_histogram.csv,include,Inherited from baseline Git revision 39991eb; retained historical capsule/support file,Baseline repository contents; not all historical experiments are part of the current scorecard replay,8e7172562b5f766c8baf719403b153349052f4cda9c420c209d35d1e2c812237,28,review-branch publication requested by author 2026-10-02; no new license grant; complete external source archives excluded,Git on benchmark-review; no Git LFS; not a tagged final release
artifacts/simulator_papers/vqcsim_rq2_gpu_fp32_mirror_16_24_20260920/tables/terminal_status_histogram.json,include,Inherited from baseline Git revision 39991eb; retained historical capsule/support file,Baseline repository contents; not all historical experiments are part of the current scorecard replay,6c9e697ed831ff04710fb72c16ae682922aa273c4fcd62940b24fefa7fcb6674,56,review-branch publication requested by author 2026-10-02; no new license grant; complete external source archives excluded,Git on benchmark-review; no Git LFS; not a tagged final release
artifacts/simulator_papers/vqcsim_rq2_gpu_fp32_mirror_16_24_20260920/tables/training_gradient_inventory.csv,include,Inherited from baseline Git revision 39991eb; retained historical capsule/support file,Baseline repository contents; not all historical experiments are part of the current scorecard replay,e3b0c44298fc1c149afbf4c8996fb92427ae41e4649b934ca495991b7852b855,0,review-branch publication requested by author 2026-10-02; no new license grant; complete external source archives excluded,Git on benchmark-review; no Git LFS; not a tagged final release
artifacts/simulator_papers/vqcsim_rq2_gpu_fp32_mirror_16_24_20260920/tables/training_gradient_inventory.json,include,Inherited from baseline Git revision 39991eb; retained historical capsule/support file,Baseline repository contents; not all historical experiments are part of the current scorecard replay,4f53cda18c2baa0c0354bb5f9a3ecbe5ed12ab4d8e11ba873c2f11161202b945,2,review-branch publication requested by author 2026-10-02; no new license grant; complete external source archives excluded,Git on benchmark-review; no Git LFS; not a tagged final release
artifacts/simulator_papers/vqcsim_rq2_gpu_fp32_mirror_16_24_20260920/tables/training_speedup_fairness_points.csv,include,Inherited from baseline Git revision 39991eb; retained historical capsule/support file,Baseline repository contents; not all historical experiments are part of the current scorecard replay,e3b0c44298fc1c149afbf4c8996fb92427ae41e4649b934ca495991b7852b855,0,review-branch publication requested by author 2026-10-02; no new license grant; complete external source archives excluded,Git on benchmark-review; no Git LFS; not a tagged final release
artifacts/simulator_papers/vqcsim_rq2_gpu_fp32_mirror_16_24_20260920/tables/training_speedup_fairness_points.json,include,Inherited from baseline Git revision 39991eb; retained historical capsule/support file,Baseline repository contents; not all historical experiments are part of the current scorecard replay,4f53cda18c2baa0c0354bb5f9a3ecbe5ed12ab4d8e11ba873c2f11161202b945,2,review-branch publication requested by author 2026-10-02; no new license grant; complete external source archives excluded,Git on benchmark-review; no Git LFS; not a tagged final release
artifacts/simulator_papers/vqcsim_rq2_gpu_fp32_mirror_16_24_20260920/tables/training_speedup_fairness_summary.csv,include,Inherited from baseline Git revision 39991eb; retained historical capsule/support file,Baseline repository contents; not all historical experiments are part of the current scorecard replay,e3b0c44298fc1c149afbf4c8996fb92427ae41e4649b934ca495991b7852b855,0,review-branch publication requested by author 2026-10-02; no new license grant; complete external source archives excluded,Git on benchmark-review; no Git LFS; not a tagged final release
artifacts/simulator_papers/vqcsim_rq2_gpu_fp32_mirror_16_24_20260920/tables/training_speedup_fairness_summary.json,include,Inherited from baseline Git revision 39991eb; retained historical capsule/support file,Baseline repository contents; not all historical experiments are part of the current scorecard replay,4f53cda18c2baa0c0354bb5f9a3ecbe5ed12ab4d8e11ba873c2f11161202b945,2,review-branch publication requested by author 2026-10-02; no new license grant; complete external source archives excluded,Git on benchmark-review; no Git LFS; not a tagged final release
artifacts/simulator_papers/vqcsim_rq2_gpu_fp32_mirror_16_24_20260920/tables/vqcsim_ablation_points.csv,include,Inherited from baseline Git revision 39991eb; retained historical capsule/support file,Baseline repository contents; not all historical experiments are part of the current scorecard replay,e3b0c44298fc1c149afbf4c8996fb92427ae41e4649b934ca495991b7852b855,0,review-branch publication requested by author 2026-10-02; no new license grant; complete external source archives excluded,Git on benchmark-review; no Git LFS; not a tagged final release
artifacts/simulator_papers/vqcsim_rq2_gpu_fp32_mirror_16_24_20260920/tables/vqcsim_ablation_points.json,include,Inherited from baseline Git revision 39991eb; retained historical capsule/support file,Baseline repository contents; not all historical experiments are part of the current scorecard replay,4f53cda18c2baa0c0354bb5f9a3ecbe5ed12ab4d8e11ba873c2f11161202b945,2,review-branch publication requested by author 2026-10-02; no new license grant; complete external source archives excluded,Git on benchmark-review; no Git LFS; not a tagged final release
artifacts/simulator_papers/vqcsim_rq2_gpu_fp32_mirror_16_24_20260920/tables/vqcsim_ablation_summary.csv,include,Inherited from baseline Git revision 39991eb; retained historical capsule/support file,Baseline repository contents; not all historical experiments are part of the current scorecard replay,e3b0c44298fc1c149afbf4c8996fb92427ae41e4649b934ca495991b7852b855,0,review-branch publication requested by author 2026-10-02; no new license grant; complete external source archives excluded,Git on benchmark-review; no Git LFS; not a tagged final release
artifacts/simulator_papers/vqcsim_rq2_gpu_fp32_mirror_16_24_20260920/tables/vqcsim_ablation_summary.json,include,Inherited from baseline Git revision 39991eb; retained historical capsule/support file,Baseline repository contents; not all historical experiments are part of the current scorecard replay,4f53cda18c2baa0c0354bb5f9a3ecbe5ed12ab4d8e11ba873c2f11161202b945,2,review-branch publication requested by author 2026-10-02; no new license grant; complete external source archives excluded,Git on benchmark-review; no Git LFS; not a tagged final release
artifacts/simulator_papers/vqcsim_rq2_gpu_fp32_mirror_16_24_20260920/tables/vqcsim_policy_inventory.csv,include,Inherited from baseline Git revision 39991eb; retained historical capsule/support file,Baseline repository contents; not all historical experiments are part of the current scorecard replay,a81ebf82d29b5e6bc2f2b88673ce2577421301b86683079f59d8ab9f41674c2d,198,review-branch publication requested by author 2026-10-02; no new license grant; complete external source archives excluded,Git on benchmark-review; no Git LFS; not a tagged final release
artifacts/simulator_papers/vqcsim_rq2_gpu_fp32_mirror_16_24_20260920/tables/vqcsim_policy_inventory.json,include,Inherited from baseline Git revision 39991eb; retained historical capsule/support file,Baseline repository contents; not all historical experiments are part of the current scorecard replay,3c8a4771b9f05ed8773f97ab574aade71079871dc068cc4209fa13629fd8d743,282,review-branch publication requested by author 2026-10-02; no new license grant; complete external source archives excluded,Git on benchmark-review; no Git LFS; not a tagged final release
artifacts/simulator_papers/zero_setup_pps_estimator_20260920/evaluation.json,include,Inherited from baseline Git revision 39991eb; retained historical capsule/support file,Baseline repository contents; not all historical experiments are part of the current scorecard replay,6eac5f6ef5f693a6b969d879a23901377d0e8470382271361e41e6adf6b2d2ba,2675,review-branch publication requested by author 2026-10-02; no new license grant; complete external source archives excluded,Git on benchmark-review; no Git LFS; not a tagged final release
artifacts/simulator_papers/zero_setup_pps_estimator_20260920/evaluation.md,include,Inherited from baseline Git revision 39991eb; retained historical capsule/support file,Baseline repository contents; not all historical experiments are part of the current scorecard replay,fc28383893cb016478bfd46314c3eb2aab65cc0a4e2badc27bd6fc8801c4f5e1,1120,review-branch publication requested by author 2026-10-02; no new license grant; complete external source archives excluded,Git on benchmark-review; no Git LFS; not a tagged final release
artifacts/simulator_papers/zero_setup_pps_estimator_20260920/evaluation_canonical_rows.csv,include,Inherited from baseline Git revision 39991eb; retained historical capsule/support file,Baseline repository contents; not all historical experiments are part of the current scorecard replay,dedeb7c75674cd1174308b7366679a16644f3ef7e663cd4e41de884bdc8e2d26,14950,review-branch publication requested by author 2026-10-02; no new license grant; complete external source archives excluded,Git on benchmark-review; no Git LFS; not a tagged final release
artifacts/simulator_papers/zero_setup_pps_estimator_20260920/evaluation_metrics.csv,include,Inherited from baseline Git revision 39991eb; retained historical capsule/support file,Baseline repository contents; not all historical experiments are part of the current scorecard replay,e519f0a2ce43d976137addd22edc6d08ee676592914dd1161a7e9d3fd06134d8,1109,review-branch publication requested by author 2026-10-02; no new license grant; complete external source archives excluded,Git on benchmark-review; no Git LFS; not a tagged final release
artifacts/simulator_papers/zero_setup_pps_estimator_20260920/evaluation_oof_predictions.csv,include,Inherited from baseline Git revision 39991eb; retained historical capsule/support file,Baseline repository contents; not all historical experiments are part of the current scorecard replay,1d257cab7bb91b1f6c1c8a578735a03b9c58c8400e8304cc370d6311ac185d3e,28449,review-branch publication requested by author 2026-10-02; no new license grant; complete external source archives excluded,Git on benchmark-review; no Git LFS; not a tagged final release
artifacts/simulator_papers/zero_setup_pps_grid_20260920.environment.json,include,Inherited from baseline Git revision 39991eb; retained historical capsule/support file,Baseline repository contents; not all historical experiments are part of the current scorecard replay,e2bb5d73fba55f672022f0c2060e9ab7b6011ba7369cd2da57944030e9e17c09,804,review-branch publication requested by author 2026-10-02; no new license grant; complete external source archives excluded,Git on benchmark-review; no Git LFS; not a tagged final release
artifacts/simulator_papers/zero_setup_pps_grid_20260920.jsonl,include,Inherited from baseline Git revision 39991eb; retained historical capsule/support file,Baseline repository contents; not all historical experiments are part of the current scorecard replay,d3dba9b4278d591921227b290dd7ecb0a85fabdfaa714a2d322661a266539175,27070,review-branch publication requested by author 2026-10-02; no new license grant; complete external source archives excluded,Git on benchmark-review; no Git LFS; not a tagged final release
artifacts/simulator_papers/zero_setup_pps_local_canary_20260920.environment.json,include,Inherited from baseline Git revision 39991eb; retained historical capsule/support file,Baseline repository contents; not all historical experiments are part of the current scorecard replay,ffdce8d2e6b516501c0b17e6e0383b89841d9152f6cad79819d7380a30bf316d,574,review-branch publication requested by author 2026-10-02; no new license grant; complete external source archives excluded,Git on benchmark-review; no Git LFS; not a tagged final release
artifacts/simulator_papers/zero_setup_pps_local_canary_20260920.jsonl,include,Inherited from baseline Git revision 39991eb; retained historical capsule/support file,Baseline repository contents; not all historical experiments are part of the current scorecard replay,0d9eb87b8d0bd231af8596c10c230bd258df966c25db82b1ec7b555f521f2827,23108,review-branch publication requested by author 2026-10-02; no new license grant; complete external source archives excluded,Git on benchmark-review; no Git LFS; not a tagged final release
artifacts/simulator_runtime_v1/torch_dense_statevector_v1/REPORT.md,include,Inherited from baseline Git revision 39991eb; retained historical capsule/support file,Baseline repository contents; not all historical experiments are part of the current scorecard replay,3d58787ed38b40134c8e013c7da08253aa288fb1b0d8751fcf10a1773fbd7e86,8110,review-branch publication requested by author 2026-10-02; no new license grant; complete external source archives excluded,Git on benchmark-review; no Git LFS; not a tagged final release
artifacts/simulator_runtime_v1/torch_dense_statevector_v1/evaluation/REPORT.md,include,Inherited from baseline Git revision 39991eb; retained historical capsule/support file,Baseline repository contents; not all historical experiments are part of the current scorecard replay,35a134122f2cf29ed7f1bebd4e9c231afb528c571403edcecec4606f64bb8627,2912,review-branch publication requested by author 2026-10-02; no new license grant; complete external source archives excluded,Git on benchmark-review; no Git LFS; not a tagged final release
artifacts/simulator_runtime_v1/torch_dense_statevector_v1/evaluation/aggregate_metrics.csv,include,Inherited from baseline Git revision 39991eb; retained historical capsule/support file,Baseline repository contents; not all historical experiments are part of the current scorecard replay,4f6bf5f7cf4841d1134b0227738e672b39b98b01ad7db3916e1b5130abe1e662,2259,review-branch publication requested by author 2026-10-02; no new license grant; complete external source archives excluded,Git on benchmark-review; no Git LFS; not a tagged final release
artifacts/simulator_runtime_v1/torch_dense_statevector_v1/evaluation/coverage.csv,include,Inherited from baseline Git revision 39991eb; retained historical capsule/support file,Baseline repository contents; not all historical experiments are part of the current scorecard replay,7dcf9fb18b76572f8398a9529062465d16ddd6ee9e0cff2b9860cc7b085b2df1,1326,review-branch publication requested by author 2026-10-02; no new license grant; complete external source archives excluded,Git on benchmark-review; no Git LFS; not a tagged final release
artifacts/simulator_runtime_v1/torch_dense_statevector_v1/evaluation/oof_predictions.csv,include,Inherited from baseline Git revision 39991eb; retained historical capsule/support file,Baseline repository contents; not all historical experiments are part of the current scorecard replay,cac7fe9e5ffe047a33654229acda08516cfa6ac1d47becff1fc4d0bef9c48fff,313582,review-branch publication requested by author 2026-10-02; no new license grant; complete external source archives excluded,Git on benchmark-review; no Git LFS; not a tagged final release
artifacts/simulator_runtime_v1/torch_dense_statevector_v1/evaluation/per_fold_metrics.csv,include,Inherited from baseline Git revision 39991eb; retained historical capsule/support file,Baseline repository contents; not all historical experiments are part of the current scorecard replay,b4d45a03f30a26922d20c3995d6bd515bc85304e9ce8dba57fb191d438f8caa5,7710,review-branch publication requested by author 2026-10-02; no new license grant; complete external source archives excluded,Git on benchmark-review; no Git LFS; not a tagged final release
artifacts/simulator_runtime_v1/torch_dense_statevector_v1/evaluation/summary.json,include,Inherited from baseline Git revision 39991eb; retained historical capsule/support file,Baseline repository contents; not all historical experiments are part of the current scorecard replay,376c50ee500ccfe48baf4830bf3d274349ed494df3d9c0ca697a9e59c3d75399,5425,review-branch publication requested by author 2026-10-02; no new license grant; complete external source archives excluded,Git on benchmark-review; no Git LFS; not a tagged final release
artifacts/simulator_runtime_v1/torch_dense_statevector_v1/manifest.json,include,Inherited from baseline Git revision 39991eb; retained historical capsule/support file,Baseline repository contents; not all historical experiments are part of the current scorecard replay,86b788bfe1dd822d8fb09f1271e8b2a10e30af50aa5f3fe2bf51771995f7d106,1860,review-branch publication requested by author 2026-10-02; no new license grant; complete external source archives excluded,Git on benchmark-review; no Git LFS; not a tagged final release
artifacts/simulator_runtime_v1/torch_dense_statevector_v1/records.csv,include,Inherited from baseline Git revision 39991eb; retained historical capsule/support file,Baseline repository contents; not all historical experiments are part of the current scorecard replay,70793d40f0a076b9afd3daf41b8a1796f5469248e650b5d1bf36bb2446652085,104329,review-branch publication requested by author 2026-10-02; no new license grant; complete external source archives excluded,Git on benchmark-review; no Git LFS; not a tagged final release
artifacts/simulator_runtime_v1/torch_dense_statevector_v1/records.jsonl,include,Inherited from baseline Git revision 39991eb; retained historical capsule/support file,Baseline repository contents; not all historical experiments are part of the current scorecard replay,0f91c640ac4f50aad76d9c736c0b72ffbb9e1f028584744f813fa6ab04070d60,193066,review-branch publication requested by author 2026-10-02; no new license grant; complete external source archives excluded,Git on benchmark-review; no Git LFS; not a tagged final release
artifacts/simulator_runtime_v1/torch_dense_statevector_v1/results_summary.json,include,Inherited from baseline Git revision 39991eb; retained historical capsule/support file,Baseline repository contents; not all historical experiments are part of the current scorecard replay,22680dd80be52170c3f2ae1639d30e7424e09b884365743fa9d8895dd5830fb6,3446,review-branch publication requested by author 2026-10-02; no new license grant; complete external source archives excluded,Git on benchmark-review; no Git LFS; not a tagged final release
artifacts/simulator_runtime_v2/dense_statevector_structural_v2_20260920/REPORT.md,include,Inherited from baseline Git revision 39991eb; retained historical capsule/support file,Baseline repository contents; not all historical experiments are part of the current scorecard replay,6f21e20a10f4ce6c482c41faa580dee143273fb93904b439a12c28c40656fe9c,10074,review-branch publication requested by author 2026-10-02; no new license grant; complete external source archives excluded,Git on benchmark-review; no Git LFS; not a tagged final release
artifacts/simulator_runtime_v2/dense_statevector_structural_v2_20260920/canonical_corpus.csv,include,Inherited from baseline Git revision 39991eb; retained historical capsule/support file,Baseline repository contents; not all historical experiments are part of the current scorecard replay,34d1c4e3f71cfc2836b85896465ac6638c1f88f8f315df0795d61e0da9a3c632,297222,review-branch publication requested by author 2026-10-02; no new license grant; complete external source archives excluded,Git on benchmark-review; no Git LFS; not a tagged final release
artifacts/simulator_runtime_v2/dense_statevector_structural_v2_20260920/canonical_corpus.summary.json,include,Inherited from baseline Git revision 39991eb; retained historical capsule/support file,Baseline repository contents; not all historical experiments are part of the current scorecard replay,5ecaf2acfff331f153b6fb0e1932a7bded1a98a8eb7efd2dd34a7feee6111afc,559,review-branch publication requested by author 2026-10-02; no new license grant; complete external source archives excluded,Git on benchmark-review; no Git LFS; not a tagged final release
artifacts/simulator_runtime_v2/dense_statevector_structural_v2_20260920/evaluation_final/REPORT.md,include,Inherited from baseline Git revision 39991eb; retained historical capsule/support file,Baseline repository contents; not all historical experiments are part of the current scorecard replay,e565158ecb87e5703fb698af9d7a5e9a26410f99e3e08d1f2462d68e52ccd7c6,12323,review-branch publication requested by author 2026-10-02; no new license grant; complete external source archives excluded,Git on benchmark-review; no Git LFS; not a tagged final release
artifacts/simulator_runtime_v2/dense_statevector_structural_v2_20260920/evaluation_final/aggregate_metrics.csv,include,Inherited from baseline Git revision 39991eb; retained historical capsule/support file,Baseline repository contents; not all historical experiments are part of the current scorecard replay,113319d9cb48605b38b2adf771066fda34d5f3e453b35b15038e3e287f3d2d3f,5412,review-branch publication requested by author 2026-10-02; no new license grant; complete external source archives excluded,Git on benchmark-review; no Git LFS; not a tagged final release
artifacts/simulator_runtime_v2/dense_statevector_structural_v2_20260920/evaluation_final/context_selection_detail.csv,include,Inherited from baseline Git revision 39991eb; retained historical capsule/support file,Baseline repository contents; not all historical experiments are part of the current scorecard replay,3423ec9d9042f80e3b91fae725a82f953111bb76600d1fa4d64d1af94643bed8,42085,review-branch publication requested by author 2026-10-02; no new license grant; complete external source archives excluded,Git on benchmark-review; no Git LFS; not a tagged final release
artifacts/simulator_runtime_v2/dense_statevector_structural_v2_20260920/evaluation_final/context_selection_metrics.csv,include,Inherited from baseline Git revision 39991eb; retained historical capsule/support file,Baseline repository contents; not all historical experiments are part of the current scorecard replay,ba553d1cbbda94c79afa8ea62de59cd3ec03cc08ba66d6c8ec948157f54b44ef,338,review-branch publication requested by author 2026-10-02; no new license grant; complete external source archives excluded,Git on benchmark-review; no Git LFS; not a tagged final release
artifacts/simulator_runtime_v2/dense_statevector_structural_v2_20260920/evaluation_final/context_selection_oracle_distribution.csv,include,Inherited from baseline Git revision 39991eb; retained historical capsule/support file,Baseline repository contents; not all historical experiments are part of the current scorecard replay,cc22ddabbe71b2f95e9ed0669d04a5ce1e16e77617e67651cff3b1360bb80f0b,48,review-branch publication requested by author 2026-10-02; no new license grant; complete external source archives excluded,Git on benchmark-review; no Git LFS; not a tagged final release
artifacts/simulator_runtime_v2/dense_statevector_structural_v2_20260920/evaluation_final/oof_predictions.csv,include,Inherited from baseline Git revision 39991eb; retained historical capsule/support file,Baseline repository contents; not all historical experiments are part of the current scorecard replay,faebe4d8cf518c0361f24c5e2f159ed2f9d91bf818aeb6092cfe9c5ffa5da9bd,1460817,review-branch publication requested by author 2026-10-02; no new license grant; complete external source archives excluded,Git on benchmark-review; no Git LFS; not a tagged final release
artifacts/simulator_runtime_v2/dense_statevector_structural_v2_20260920/evaluation_final/per_fold_metrics.csv,include,Inherited from baseline Git revision 39991eb; retained historical capsule/support file,Baseline repository contents; not all historical experiments are part of the current scorecard replay,feb7997b9049bad52c2d45794d1c53dfd0b6a7d7a7d47fc86c5bf9236a48393e,23076,review-branch publication requested by author 2026-10-02; no new license grant; complete external source archives excluded,Git on benchmark-review; no Git LFS; not a tagged final release
artifacts/simulator_runtime_v2/dense_statevector_structural_v2_20260920/evaluation_final/resource_envelope.csv,include,Inherited from baseline Git revision 39991eb; retained historical capsule/support file,Baseline repository contents; not all historical experiments are part of the current scorecard replay,1be9fa13c396dc30cd1790bdfd17aa40b6feb1237ace4f87a33a6f9c7270ab3e,716,review-branch publication requested by author 2026-10-02; no new license grant; complete external source archives excluded,Git on benchmark-review; no Git LFS; not a tagged final release
artifacts/simulator_runtime_v2/dense_statevector_structural_v2_20260920/evaluation_final/resource_frontier_prediction.csv,include,Inherited from baseline Git revision 39991eb; retained historical capsule/support file,Baseline repository contents; not all historical experiments are part of the current scorecard replay,58a1699bf2a0fa9df3749a776311b98cc269b587c3475cd36776c11478ce7b50,584,review-branch publication requested by author 2026-10-02; no new license grant; complete external source archives excluded,Git on benchmark-review; no Git LFS; not a tagged final release
artifacts/simulator_runtime_v2/dense_statevector_structural_v2_20260920/evaluation_final/summary.json,include,Inherited from baseline Git revision 39991eb; retained historical capsule/support file,Baseline repository contents; not all historical experiments are part of the current scorecard replay,ca693b5e97366e18fd82d3740b74e01cdd951f878ef3a36eff35172feaf125e7,18754,review-branch publication requested by author 2026-10-02; no new license grant; complete external source archives excluded,Git on benchmark-review; no Git LFS; not a tagged final release
artifacts/simulator_runtime_v2/dense_statevector_structural_v2_20260920/manifest.json,include,Inherited from baseline Git revision 39991eb; retained historical capsule/support file,Baseline repository contents; not all historical experiments are part of the current scorecard replay,feba851e3049cd9b48f1f9b63f5acd39b5003179249c77964e6d03f873e6890d,2990,review-branch publication requested by author 2026-10-02; no new license grant; complete external source archives excluded,Git on benchmark-review; no Git LFS; not a tagged final release
artifacts/simulator_runtime_v2/dense_statevector_structural_v2_20260920/records.csv,include,Inherited from baseline Git revision 39991eb; retained historical capsule/support file,Baseline repository contents; not all historical experiments are part of the current scorecard replay,f04cadbd998fbaafe4c907fe0181b054e2b0c3adf9bc1fd64da545ca9b12022d,157159,review-branch publication requested by author 2026-10-02; no new license grant; complete external source archives excluded,Git on benchmark-review; no Git LFS; not a tagged final release
artifacts/simulator_runtime_v2/dense_statevector_structural_v2_20260920/records.jsonl,include,Inherited from baseline Git revision 39991eb; retained historical capsule/support file,Baseline repository contents; not all historical experiments are part of the current scorecard replay,7ebdacefe56d5232e2d3d9d0cffb993151c8bdfc8295c566f3e956d4796cec8d,310017,review-branch publication requested by author 2026-10-02; no new license grant; complete external source archives excluded,Git on benchmark-review; no Git LFS; not a tagged final release
artifacts/simulator_runtime_v2/dense_statevector_structural_v2_20260920/results_summary.json,include,Inherited from baseline Git revision 39991eb; retained historical capsule/support file,Baseline repository contents; not all historical experiments are part of the current scorecard replay,f807fa5f2ef1626349ae2790469c21e4ae33d4b7f53183c6ec6d1518c18b6380,3891,review-branch publication requested by author 2026-10-02; no new license grant; complete external source archives excluded,Git on benchmark-review; no Git LFS; not a tagged final release
artifacts/validation/mali_azizov_compiled_transfer_v1/PROTOCOL.md,include,Inherited from baseline Git revision 39991eb; retained historical capsule/support file,Baseline repository contents; not all historical experiments are part of the current scorecard replay,4104d2c2f80c319c74bbe2b36879b32bdff8c93f8135c3823977d030ef7e705a,1008,review-branch publication requested by author 2026-10-02; no new license grant; complete external source archives excluded,Git on benchmark-review; no Git LFS; not a tagged final release
artifacts/validation/mali_azizov_compiled_transfer_v1/REPORT.md,include,Inherited from baseline Git revision 39991eb; retained historical capsule/support file,Baseline repository contents; not all historical experiments are part of the current scorecard replay,1c14c5292a36979ff3edad5167a7f48291f2a87574067ca8a7a4c8f7b3318bfd,8315,review-branch publication requested by author 2026-10-02; no new license grant; complete external source archives excluded,Git on benchmark-review; no Git LFS; not a tagged final release
artifacts/validation/mali_azizov_compiled_transfer_v1/compile.log,include,Inherited from baseline Git revision 39991eb; retained historical capsule/support file,Baseline repository contents; not all historical experiments are part of the current scorecard replay,99c1d58a83be3fc66ba47d9a0603bb56b23695674cb738ebb20fc54c791a458b,24821,review-branch publication requested by author 2026-10-02; no new license grant; complete external source archives excluded,Git on benchmark-review; no Git LFS; not a tagged final release
artifacts/validation/mali_azizov_compiled_transfer_v1/compile_progress.json,include,Inherited from baseline Git revision 39991eb; retained historical capsule/support file,Baseline repository contents; not all historical experiments are part of the current scorecard replay,213ba393093af8a8d4d2626a511aa96695c2b30b7813d804b47eb7f8cbe97d89,205,review-branch publication requested by author 2026-10-02; no new license grant; complete external source archives excluded,Git on benchmark-review; no Git LFS; not a tagged final release
artifacts/validation/mali_azizov_compiled_transfer_v1/compile_summary.json,include,Inherited from baseline Git revision 39991eb; retained historical capsule/support file,Baseline repository contents; not all historical experiments are part of the current scorecard replay,e428c05387ff5c2f66129e125a5079ad06a30521eadc38825f343d10e73f11be,471,review-branch publication requested by author 2026-10-02; no new license grant; complete external source archives excluded,Git on benchmark-review; no Git LFS; not a tagged final release
artifacts/validation/mali_azizov_compiled_transfer_v1/partial_priority_eval/REPORT.md,include,Inherited from baseline Git revision 39991eb; retained historical capsule/support file,Baseline repository contents; not all historical experiments are part of the current scorecard replay,8d43f4eb676a08bbdb49e790fa2a4cac52903c2f52a6ee626eff78569703bd28,2507,review-branch publication requested by author 2026-10-02; no new license grant; complete external source archives excluded,Git on benchmark-review; no Git LFS; not a tagged final release
artifacts/validation/mali_azizov_compiled_transfer_v1/partial_priority_eval/predictions.csv,include,Inherited from baseline Git revision 39991eb; retained historical capsule/support file,Baseline repository contents; not all historical experiments are part of the current scorecard replay,b0f6e64c4e1423833e7b6339934d0f97a46ca92e371a3c662d804f22e75348e6,1597991,review-branch publication requested by author 2026-10-02; no new license grant; complete external source archives excluded,Git on benchmark-review; no Git LFS; not a tagged final release
artifacts/validation/mali_azizov_compiled_transfer_v1/partial_priority_eval/summary.json,include,Inherited from baseline Git revision 39991eb; retained historical capsule/support file,Baseline repository contents; not all historical experiments are part of the current scorecard replay,8d08a7f2a4eebb07f7df421dcb1df9d6719c9be0fc848871b9b562db7a0554c3,6705,review-branch publication requested by author 2026-10-02; no new license grant; complete external source archives excluded,Git on benchmark-review; no Git LFS; not a tagged final release
artifacts/validation/mali_azizov_compiled_transfer_v1/per_family_metrics.json,include,Inherited from baseline Git revision 39991eb; retained historical capsule/support file,Baseline repository contents; not all historical experiments are part of the current scorecard replay,be4f61938a6508ef7925612a105ca0dc90b7000a7e81a7ba4a99ab336ad3947f,29667,review-branch publication requested by author 2026-10-02; no new license grant; complete external source archives excluded,Git on benchmark-review; no Git LFS; not a tagged final release
artifacts/validation/mali_azizov_compiled_transfer_v1/predictions.csv,include,Inherited from baseline Git revision 39991eb; retained historical capsule/support file,Baseline repository contents; not all historical experiments are part of the current scorecard replay,7b789a5774632b7c92793251acdb1fbd7971b7b6b54ab3a06ea9f58dad2fed81,2668002,review-branch publication requested by author 2026-10-02; no new license grant; complete external source archives excluded,Git on benchmark-review; no Git LFS; not a tagged final release
artifacts/validation/mali_azizov_compiled_transfer_v1/summary.json,include,Inherited from baseline Git revision 39991eb; retained historical capsule/support file,Baseline repository contents; not all historical experiments are part of the current scorecard replay,c410b4aa5910d45aab71016d38679abfce77fe67240960ea49f7f7603b5e24ef,6705,review-branch publication requested by author 2026-10-02; no new license grant; complete external source archives excluded,Git on benchmark-review; no Git LFS; not a tagged final release
artifacts/validation/mali_azizov_compiled_transfer_v1/washington_sherbrooke_compiled_features.csv,include,Inherited from baseline Git revision 39991eb; retained historical capsule/support file,Baseline repository contents; not all historical experiments are part of the current scorecard replay,f174871f38130fc12ff5cd6eca13f42f3b71b935ac55c0943295bc7cf0a00abd,1051440,review-branch publication requested by author 2026-10-02; no new license grant; complete external source archives excluded,Git on benchmark-review; no Git LFS; not a tagged final release
artifacts/validation/mali_azizov_transpiled_dag_v1/PROTOCOL.md,include,Inherited from baseline Git revision 39991eb; retained historical capsule/support file,Baseline repository contents; not all historical experiments are part of the current scorecard replay,bcebd23b3a1b0630e650526ce219d1d1413aa15ecf376e451ea0c78884068e43,1472,review-branch publication requested by author 2026-10-02; no new license grant; complete external source archives excluded,Git on benchmark-review; no Git LFS; not a tagged final release
artifacts/validation/mali_azizov_transpiled_dag_v1/REPORT.md,include,Inherited from baseline Git revision 39991eb; retained historical capsule/support file,Baseline repository contents; not all historical experiments are part of the current scorecard replay,205bdf7735b9425edcc6add570c1723d215f85bb03026284415434c186cb08d8,5221,review-branch publication requested by author 2026-10-02; no new license grant; complete external source archives excluded,Git on benchmark-review; no Git LFS; not a tagged final release
artifacts/validation/mali_azizov_transpiled_dag_v1/build.log,include,Inherited from baseline Git revision 39991eb; retained historical capsule/support file,Baseline repository contents; not all historical experiments are part of the current scorecard replay,65a6fcce276d055f1bf431d30ef48c34165aed7bab8112d85433c415aea05076,21734,review-branch publication requested by author 2026-10-02; no new license grant; complete external source archives excluded,Git on benchmark-review; no Git LFS; not a tagged final release
artifacts/validation/mali_azizov_transpiled_dag_v1/build_progress.json,include,Inherited from baseline Git revision 39991eb; retained historical capsule/support file,Baseline repository contents; not all historical experiments are part of the current scorecard replay,0f575854dfcecd0aea631299bed9e8cfcca4c3728fb5cc82700b58b232c9fa53,221,review-branch publication requested by author 2026-10-02; no new license grant; complete external source archives excluded,Git on benchmark-review; no Git LFS; not a tagged final release
artifacts/validation/mali_azizov_transpiled_dag_v1/eval.log,include,Inherited from baseline Git revision 39991eb; retained historical capsule/support file,Baseline repository contents; not all historical experiments are part of the current scorecard replay,a5495fd528ab49127c1972532df410234b6ffa48091811438925cfc8da3e5c8e,3599,review-branch publication requested by author 2026-10-02; no new license grant; complete external source archives excluded,Git on benchmark-review; no Git LFS; not a tagged final release
artifacts/validation/mali_azizov_transpiled_dag_v1/predictions.csv,include,Inherited from baseline Git revision 39991eb; retained historical capsule/support file,Baseline repository contents; not all historical experiments are part of the current scorecard replay,bde13a863547cd74183ceedb5d47d4ce1e8758a3a4a694bedbe0b6078fa56dfd,769809,review-branch publication requested by author 2026-10-02; no new license grant; complete external source archives excluded,Git on benchmark-review; no Git LFS; not a tagged final release
artifacts/validation/mali_azizov_transpiled_dag_v1/qpu_scratch_pilot.log,include,Inherited from baseline Git revision 39991eb; retained historical capsule/support file,Baseline repository contents; not all historical experiments are part of the current scorecard replay,9f04398350676b3f42511c9ebdc7b251c2e13b842c4808cdf3ab0243ee99bce8,560,review-branch publication requested by author 2026-10-02; no new license grant; complete external source archives excluded,Git on benchmark-review; no Git LFS; not a tagged final release
artifacts/validation/mali_azizov_transpiled_dag_v1/qpu_scratch_pilot/REPORT.md,include,Inherited from baseline Git revision 39991eb; retained historical capsule/support file,Baseline repository contents; not all historical experiments are part of the current scorecard replay,059e32b213563965a47878079b761f15ca631aa40ec424fe71d8aebf169f08b9,591,review-branch publication requested by author 2026-10-02; no new license grant; complete external source archives excluded,Git on benchmark-review; no Git LFS; not a tagged final release
artifacts/validation/mali_azizov_transpiled_dag_v1/qpu_scratch_pilot/predictions.csv,include,Inherited from baseline Git revision 39991eb; retained historical capsule/support file,Baseline repository contents; not all historical experiments are part of the current scorecard replay,d863df6db75339584f6f7acae47a40b7e6f4d3ac440f64f984bf1b811878d466,64057,review-branch publication requested by author 2026-10-02; no new license grant; complete external source archives excluded,Git on benchmark-review; no Git LFS; not a tagged final release
artifacts/validation/mali_azizov_transpiled_dag_v1/qpu_scratch_pilot/summary.json,include,Inherited from baseline Git revision 39991eb; retained historical capsule/support file,Baseline repository contents; not all historical experiments are part of the current scorecard replay,9f04398350676b3f42511c9ebdc7b251c2e13b842c4808cdf3ab0243ee99bce8,560,review-branch publication requested by author 2026-10-02; no new license grant; complete external source archives excluded,Git on benchmark-review; no Git LFS; not a tagged final release
artifacts/validation/mali_azizov_transpiled_dag_v1/summary.json,include,Inherited from baseline Git revision 39991eb; retained historical capsule/support file,Baseline repository contents; not all historical experiments are part of the current scorecard replay,c9c3fd14a0ef45321c001f20c8976626eca50dc3b0c7be8b7604dcbf9dfaf272,1401,review-branch publication requested by author 2026-10-02; no new license grant; complete external source archives excluded,Git on benchmark-review; no Git LFS; not a tagged final release
artifacts/validation/mali_azizov_transpiled_dag_v1/ws_build_summary.json,include,Inherited from baseline Git revision 39991eb; retained historical capsule/support file,Baseline repository contents; not all historical experiments are part of the current scorecard replay,7ad6b0dccfb16c8da79f30964df88d7f0431a2a0de18a36a2d0bb09a5be26704,324,review-branch publication requested by author 2026-10-02; no new license grant; complete external source archives excluded,Git on benchmark-review; no Git LFS; not a tagged final release
artifacts/validation/mali_azizov_transpiled_dag_v1/ws_graph_records.csv,include,Inherited from baseline Git revision 39991eb; retained historical capsule/support file,Baseline repository contents; not all historical experiments are part of the current scorecard replay,624e51fcc057d67132fc377967d8f4a441445b11bc20dbad566996655b6780d2,841825,review-branch publication requested by author 2026-10-02; no new license grant; complete external source archives excluded,Git on benchmark-review; no Git LFS; not a tagged final release
artifacts/validation/mali_deep_protocol_v1/split_audit/REPORT.md,include,Inherited from baseline Git revision 39991eb; retained historical capsule/support file,Baseline repository contents; not all historical experiments are part of the current scorecard replay,cc80c0da58bd500bd436bf9ba93e3b3b367582bda56a48412161cc3fdaca0a22,2536,review-branch publication requested by author 2026-10-02; no new license grant; complete external source archives excluded,Git on benchmark-review; no Git LFS; not a tagged final release
artifacts/validation/mali_deep_protocol_v1/split_audit/row_manifest.csv,include,Inherited from baseline Git revision 39991eb; retained historical capsule/support file,Baseline repository contents; not all historical experiments are part of the current scorecard replay,2eb341bcdb72670626e600cacb38074cc60bb09406195d990564ebe4cb3edbf2,69158,review-branch publication requested by author 2026-10-02; no new license grant; complete external source archives excluded,Git on benchmark-review; no Git LFS; not a tagged final release
artifacts/validation/mali_deep_protocol_v1/split_audit/split_summary.json,include,Inherited from baseline Git revision 39991eb; retained historical capsule/support file,Baseline repository contents; not all historical experiments are part of the current scorecard replay,81e86ab07f5d81412ce60a2b844cca775a4c59cb244b0073f653411bd7c8e816,4356,review-branch publication requested by author 2026-10-02; no new license grant; complete external source archives excluded,Git on benchmark-review; no Git LFS; not a tagged final release
artifacts/validation/mali_direct_estimator/MALI_DIRECT_COMPILED_ESTIMATOR_REPORT.md,include,Inherited from baseline Git revision 39991eb; retained historical capsule/support file,Baseline repository contents; not all historical experiments are part of the current scorecard replay,349ad2f8fca142266f80272c4e642da6eb542620b824c15eba7704f9ce1bbd11,7623,review-branch publication requested by author 2026-10-02; no new license grant; complete external source archives excluded,Git on benchmark-review; no Git LFS; not a tagged final release
artifacts/validation/mali_direct_estimator/mali_direct_estimator_oof_predictions.csv,include,Inherited from baseline Git revision 39991eb; retained historical capsule/support file,Baseline repository contents; not all historical experiments are part of the current scorecard replay,d5aef69a3ca4beff146536a136186be9db341941e025ad4b12d703ed2db5a951,2334842,review-branch publication requested by author 2026-10-02; no new license grant; complete external source archives excluded,Git on benchmark-review; no Git LFS; not a tagged final release
artifacts/validation/mali_direct_estimator/mali_direct_estimator_per_fold.csv,include,Inherited from baseline Git revision 39991eb; retained historical capsule/support file,Baseline repository contents; not all historical experiments are part of the current scorecard replay,1e70b3082571e2ec50fec5ef6609e5715637fdb01763059069c8e527f52a6081,42410,review-branch publication requested by author 2026-10-02; no new license grant; complete external source archives excluded,Git on benchmark-review; no Git LFS; not a tagged final release
artifacts/validation/mali_direct_estimator/mali_direct_estimator_provenance.json,include,Inherited from baseline Git revision 39991eb; retained historical capsule/support file,Baseline repository contents; not all historical experiments are part of the current scorecard replay,9bbdafcda397b0d484427b32cea5f128fb5a7bd0cf6e34610473974bd8af608d,1779,review-branch publication requested by author 2026-10-02; no new license grant; complete external source archives excluded,Git on benchmark-review; no Git LFS; not a tagged final release
artifacts/validation/mali_direct_estimator/mali_direct_estimator_strict_backend_metrics.csv,include,Inherited from baseline Git revision 39991eb; retained historical capsule/support file,Baseline repository contents; not all historical experiments are part of the current scorecard replay,95db203aa47199e7da28357a2a64d596d83e972150a9b1510017f55d48496d5b,2767,review-branch publication requested by author 2026-10-02; no new license grant; complete external source archives excluded,Git on benchmark-review; no Git LFS; not a tagged final release
artifacts/validation/mali_direct_estimator/mali_direct_estimator_summary.csv,include,Inherited from baseline Git revision 39991eb; retained historical capsule/support file,Baseline repository contents; not all historical experiments are part of the current scorecard replay,d42b14637ea06be61b31cea01b391a3803040c8b8fc87ce9376d2aee657dd43c,6141,review-branch publication requested by author 2026-10-02; no new license grant; complete external source archives excluded,Git on benchmark-review; no Git LFS; not a tagged final release
artifacts/validation/mali_family_ood_v1/REPORT.md,include,Inherited from baseline Git revision 39991eb; retained historical capsule/support file,Baseline repository contents; not all historical experiments are part of the current scorecard replay,1cba12ecf2957f2abb01cf1d7cb1dc93b24ba3ec97955c9fbc3c81e7f29d85ab,8277,review-branch publication requested by author 2026-10-02; no new license grant; complete external source archives excluded,Git on benchmark-review; no Git LFS; not a tagged final release
artifacts/validation/mali_family_ood_v1/feature_space_audit/REPORT.md,include,Inherited from baseline Git revision 39991eb; retained historical capsule/support file,Baseline repository contents; not all historical experiments are part of the current scorecard replay,b5e34f0c2c906fcddcf2b015b8c40cecbdbc48a98dfe8f8726e39a08c7322153,7839,review-branch publication requested by author 2026-10-02; no new license grant; complete external source archives excluded,Git on benchmark-review; no Git LFS; not a tagged final release
artifacts/validation/mali_family_ood_v1/feature_space_audit/logical_family_medians.csv,include,Inherited from baseline Git revision 39991eb; retained historical capsule/support file,Baseline repository contents; not all historical experiments are part of the current scorecard replay,7489a2dec40a4e11274d27f6a312203194c95b1415c0e78ac454ae0dc4aeb448,2417,review-branch publication requested by author 2026-10-02; no new license grant; complete external source archives excluded,Git on benchmark-review; no Git LFS; not a tagged final release
artifacts/validation/mali_family_ood_v1/feature_space_audit/logical_feature_comparisons.csv,include,Inherited from baseline Git revision 39991eb; retained historical capsule/support file,Baseline repository contents; not all historical experiments are part of the current scorecard replay,273e5421b5b271ec0e3615d6e27ddc677dd9e298947d92f2ce44927a2e09c5c6,8150,review-branch publication requested by author 2026-10-02; no new license grant; complete external source archives excluded,Git on benchmark-review; no Git LFS; not a tagged final release
artifacts/validation/mali_family_ood_v1/feature_space_audit/logical_features.csv,include,Inherited from baseline Git revision 39991eb; retained historical capsule/support file,Baseline repository contents; not all historical experiments are part of the current scorecard replay,284f105d26e481b18a1c962b2637445ee4d420feea6a046d582fbce90a22c8b7,379567,review-branch publication requested by author 2026-10-02; no new license grant; complete external source archives excluded,Git on benchmark-review; no Git LFS; not a tagged final release
artifacts/validation/mali_family_ood_v1/feature_space_audit/physical_family_medians.csv,include,Inherited from baseline Git revision 39991eb; retained historical capsule/support file,Baseline repository contents; not all historical experiments are part of the current scorecard replay,4fae42ef06c564b0d87844f3cee97aef915caecef4a666967561129c6f99526d,4390,review-branch publication requested by author 2026-10-02; no new license grant; complete external source archives excluded,Git on benchmark-review; no Git LFS; not a tagged final release
artifacts/validation/mali_family_ood_v1/feature_space_audit/physical_feature_comparisons.csv,include,Inherited from baseline Git revision 39991eb; retained historical capsule/support file,Baseline repository contents; not all historical experiments are part of the current scorecard replay,48dca5156f027de57c8b19d7b24478acd6e27b7c2ee02d435b7c5939f3325fe2,14695,review-branch publication requested by author 2026-10-02; no new license grant; complete external source archives excluded,Git on benchmark-review; no Git LFS; not a tagged final release
artifacts/validation/mali_family_ood_v1/feature_space_audit/physical_proxy_features.csv,include,Inherited from baseline Git revision 39991eb; retained historical capsule/support file,Baseline repository contents; not all historical experiments are part of the current scorecard replay,2c154c9b9d7383b122f3020b465ab18ab2862a5efc594bd077688b2bce628376,906777,review-branch publication requested by author 2026-10-02; no new license grant; complete external source archives excluded,Git on benchmark-review; no Git LFS; not a tagged final release
artifacts/validation/mali_family_ood_v1/feature_space_audit/summary.json,include,Inherited from baseline Git revision 39991eb; retained historical capsule/support file,Baseline repository contents; not all historical experiments are part of the current scorecard replay,3246006d049030fce98470e1f57d5bb6b7df133522328334d925b32f077fd462,109815,review-branch publication requested by author 2026-10-02; no new license grant; complete external source archives excluded,Git on benchmark-review; no Git LFS; not a tagged final release
artifacts/validation/mali_family_ood_v1/simulator_assisted_transfer/REPORT.md,include,Inherited from baseline Git revision 39991eb; retained historical capsule/support file,Baseline repository contents; not all historical experiments are part of the current scorecard replay,bc1b4a04f493cbf5daa3a9d841852bd4ca0d071537ba43b57bdb57940a48131e,4887,review-branch publication requested by author 2026-10-02; no new license grant; complete external source archives excluded,Git on benchmark-review; no Git LFS; not a tagged final release
artifacts/validation/mali_family_ood_v1/simulator_assisted_transfer/metrics.csv,include,Inherited from baseline Git revision 39991eb; retained historical capsule/support file,Baseline repository contents; not all historical experiments are part of the current scorecard replay,b8b0272aeb9d3a836358c5cefa41e58081260290eb07cee38a3fe28cf9121d28,19998,review-branch publication requested by author 2026-10-02; no new license grant; complete external source archives excluded,Git on benchmark-review; no Git LFS; not a tagged final release
artifacts/validation/mali_family_ood_v1/simulator_assisted_transfer/oof_predictions.csv,include,Inherited from baseline Git revision 39991eb; retained historical capsule/support file,Baseline repository contents; not all historical experiments are part of the current scorecard replay,e0be63de2f4490cc5835b94cacf88d52f07fabea88da3870f3cb9083608d65a8,619508,review-branch publication requested by author 2026-10-02; no new license grant; complete external source archives excluded,Git on benchmark-review; no Git LFS; not a tagged final release
artifacts/validation/mali_family_ood_v1/simulator_assisted_transfer/scratch_match_to_experiment_c.csv,include,Inherited from baseline Git revision 39991eb; retained historical capsule/support file,Baseline repository contents; not all historical experiments are part of the current scorecard replay,4c625ec67ac488d6c0884187bd80ef07ed6387b0d6118edce7f4031324912f1b,1233,review-branch publication requested by author 2026-10-02; no new license grant; complete external source archives excluded,Git on benchmark-review; no Git LFS; not a tagged final release
artifacts/validation/mali_family_ood_v1/simulator_assisted_transfer/summary.json,include,Inherited from baseline Git revision 39991eb; retained historical capsule/support file,Baseline repository contents; not all historical experiments are part of the current scorecard replay,01a72d4a5e68ce118ebdbf808c7df6171c88ce4026cf091632e61cc1c59dbd89,10195,review-branch publication requested by author 2026-10-02; no new license grant; complete external source archives excluded,Git on benchmark-review; no Git LFS; not a tagged final release
artifacts/validation/mali_family_ood_v1/unseen_family_transfer/REPORT.md,include,Inherited from baseline Git revision 39991eb; retained historical capsule/support file,Baseline repository contents; not all historical experiments are part of the current scorecard replay,7b905d9ffdd04b744e6044ea468fd4448d03bced5d3145aaf787a156bc435bf2,3272,review-branch publication requested by author 2026-10-02; no new license grant; complete external source archives excluded,Git on benchmark-review; no Git LFS; not a tagged final release
artifacts/validation/mali_family_ood_v1/unseen_family_transfer/metrics.csv,include,Inherited from baseline Git revision 39991eb; retained historical capsule/support file,Baseline repository contents; not all historical experiments are part of the current scorecard replay,04291e1acc369d82a31beae0bd532af81b1b02814202c8c2e27a24e598bf0e5c,11658,review-branch publication requested by author 2026-10-02; no new license grant; complete external source archives excluded,Git on benchmark-review; no Git LFS; not a tagged final release
artifacts/validation/mali_family_ood_v1/unseen_family_transfer/oof_predictions.csv,include,Inherited from baseline Git revision 39991eb; retained historical capsule/support file,Baseline repository contents; not all historical experiments are part of the current scorecard replay,d6096a5261057ce5f8be387c186da05e4f84460b2c006cad5fc9d5facff74186,393474,review-branch publication requested by author 2026-10-02; no new license grant; complete external source archives excluded,Git on benchmark-review; no Git LFS; not a tagged final release
artifacts/validation/mali_family_ood_v1/unseen_family_transfer/summary.json,include,Inherited from baseline Git revision 39991eb; retained historical capsule/support file,Baseline repository contents; not all historical experiments are part of the current scorecard replay,92c57528b8a504357e0c3a66891c3d8179edcd0ef92f6feb727945c1beb03d0e,5892,review-branch publication requested by author 2026-10-02; no new license grant; complete external source archives excluded,Git on benchmark-review; no Git LFS; not a tagged final release
artifacts/validation/mali_physical_dag_v1/REPORT.md,include,Inherited from baseline Git revision 39991eb; retained historical capsule/support file,Baseline repository contents; not all historical experiments are part of the current scorecard replay,32bc85a3eb0975c7a067057715d326dec033fdcf48f20e83301c85b02f2139cb,1459,review-branch publication requested by author 2026-10-02; no new license grant; complete external source archives excluded,Git on benchmark-review; no Git LFS; not a tagged final release
artifacts/validation/mali_physical_dag_v1/baseline_evaluation/REPORT.md,include,Inherited from baseline Git revision 39991eb; retained historical capsule/support file,Baseline repository contents; not all historical experiments are part of the current scorecard replay,08a48f0f500ffd4029fe2fb8c17230738b0dc609b80c22f5db281c26c3c630db,10887,review-branch publication requested by author 2026-10-02; no new license grant; complete external source archives excluded,Git on benchmark-review; no Git LFS; not a tagged final release
artifacts/validation/mali_physical_dag_v1/baseline_evaluation/metrics.csv,include,Inherited from baseline Git revision 39991eb; retained historical capsule/support file,Baseline repository contents; not all historical experiments are part of the current scorecard replay,cd35da36094ce2bc6c84ff172170dc868c846885224877dd90bce97d99285595,14669,review-branch publication requested by author 2026-10-02; no new license grant; complete external source archives excluded,Git on benchmark-review; no Git LFS; not a tagged final release
artifacts/validation/mali_physical_dag_v1/baseline_evaluation/oof_predictions.csv,include,Inherited from baseline Git revision 39991eb; retained historical capsule/support file,Baseline repository contents; not all historical experiments are part of the current scorecard replay,66cec30de3a99a43b9cbffae15317c2aa261cc01d438b30f111f8b2d4e5ab2e6,573659,review-branch publication requested by author 2026-10-02; no new license grant; complete external source archives excluded,Git on benchmark-review; no Git LFS; not a tagged final release
artifacts/validation/mali_physical_dag_v1/baseline_evaluation/summary.json,include,Inherited from baseline Git revision 39991eb; retained historical capsule/support file,Baseline repository contents; not all historical experiments are part of the current scorecard replay,0fd9013d12c817b0be875954b9a782e61e4d6646e91098d81a723935ff1b9220,9730,review-branch publication requested by author 2026-10-02; no new license grant; complete external source archives excluded,Git on benchmark-review; no Git LFS; not a tagged final release
artifacts/validation/mali_physical_dag_v1/build_summary.json,include,Inherited from baseline Git revision 39991eb; retained historical capsule/support file,Baseline repository contents; not all historical experiments are part of the current scorecard replay,b170196f43232c85f91568a9a67d0c9a3316f95dd4357e284316f6fac3795cfa,924,review-branch publication requested by author 2026-10-02; no new license grant; complete external source archives excluded,Git on benchmark-review; no Git LFS; not a tagged final release
artifacts/validation/mali_physical_dag_v1/critical_subgraph_evaluation/REPORT.md,include,Inherited from baseline Git revision 39991eb; retained historical capsule/support file,Baseline repository contents; not all historical experiments are part of the current scorecard replay,efd54ce22b574a8cb77f3a967bac81b2ce9579eddbc8ef2dddd986382ddf4bef,955,review-branch publication requested by author 2026-10-02; no new license grant; complete external source archives excluded,Git on benchmark-review; no Git LFS; not a tagged final release
artifacts/validation/mali_physical_dag_v1/critical_subgraph_evaluation/metrics.csv,include,Inherited from baseline Git revision 39991eb; retained historical capsule/support file,Baseline repository contents; not all historical experiments are part of the current scorecard replay,65f168994337e634d70186d711d311e6556b5c30a54b82b657c2a6ca92b2e0d2,7677,review-branch publication requested by author 2026-10-02; no new license grant; complete external source archives excluded,Git on benchmark-review; no Git LFS; not a tagged final release
artifacts/validation/mali_physical_dag_v1/critical_subgraph_evaluation/oof_predictions.csv,include,Inherited from baseline Git revision 39991eb; retained historical capsule/support file,Baseline repository contents; not all historical experiments are part of the current scorecard replay,914198b5f0f0bc870a1eedf6fb2ac51f52238aedd319b2f56e72ea19f537a73f,271003,review-branch publication requested by author 2026-10-02; no new license grant; complete external source archives excluded,Git on benchmark-review; no Git LFS; not a tagged final release
artifacts/validation/mali_physical_dag_v1/critical_subgraph_evaluation/summary.json,include,Inherited from baseline Git revision 39991eb; retained historical capsule/support file,Baseline repository contents; not all historical experiments are part of the current scorecard replay,574c0dbd72ce53160884906666f29d4116da13ea99e030d9fab10e0095a1394e,2765,review-branch publication requested by author 2026-10-02; no new license grant; complete external source archives excluded,Git on benchmark-review; no Git LFS; not a tagged final release
artifacts/validation/mali_physical_dag_v1/critical_subgraph_features.csv,include,Inherited from baseline Git revision 39991eb; retained historical capsule/support file,Baseline repository contents; not all historical experiments are part of the current scorecard replay,3bd9376a7a53f4cfce5060b98d10aa57a016a021eff251830d3c6da855e38a96,182170,review-branch publication requested by author 2026-10-02; no new license grant; complete external source archives excluded,Git on benchmark-review; no Git LFS; not a tagged final release
artifacts/validation/mali_physical_dag_v1/critical_subgraph_features.json,include,Inherited from baseline Git revision 39991eb; retained historical capsule/support file,Baseline repository contents; not all historical experiments are part of the current scorecard replay,416f66d69829c468c781d4650466877310ca93890ea0339b220772aac141f9bf,129,review-branch publication requested by author 2026-10-02; no new license grant; complete external source archives excluded,Git on benchmark-review; no Git LFS; not a tagged final release
artifacts/validation/mali_physical_dag_v1/duplicate_aware_validation/REPORT.md,include,Inherited from baseline Git revision 39991eb; retained historical capsule/support file,Baseline repository contents; not all historical experiments are part of the current scorecard replay,122425c4394b6754c9e0a3e9af77df51d1663491df4e8e804b5e213c4fd001d8,927,review-branch publication requested by author 2026-10-02; no new license grant; complete external source archives excluded,Git on benchmark-review; no Git LFS; not a tagged final release
artifacts/validation/mali_physical_dag_v1/duplicate_aware_validation/oof_predictions.csv,include,Inherited from baseline Git revision 39991eb; retained historical capsule/support file,Baseline repository contents; not all historical experiments are part of the current scorecard replay,4f00d84a1efbb35705a881c12a3392b6989cf72395fd16c6b53d1d755f2e5dcf,335640,review-branch publication requested by author 2026-10-02; no new license grant; complete external source archives excluded,Git on benchmark-review; no Git LFS; not a tagged final release
artifacts/validation/mali_physical_dag_v1/duplicate_aware_validation/summary.json,include,Inherited from baseline Git revision 39991eb; retained historical capsule/support file,Baseline repository contents; not all historical experiments are part of the current scorecard replay,32a3849b6d1ce2dff62afa41b4fa3c2e196b58f8892502c380a681cba778261d,2169,review-branch publication requested by author 2026-10-02; no new license grant; complete external source archives excluded,Git on benchmark-review; no Git LFS; not a tagged final release
artifacts/validation/mali_physical_dag_v1/feature_ablation/REPORT.md,include,Inherited from baseline Git revision 39991eb; retained historical capsule/support file,Baseline repository contents; not all historical experiments are part of the current scorecard replay,a9d8df588b2f29e09886bf2d2426457578c71ceba836774e1a1632a9f3369758,2220,review-branch publication requested by author 2026-10-02; no new license grant; complete external source archives excluded,Git on benchmark-review; no Git LFS; not a tagged final release
artifacts/validation/mali_physical_dag_v1/feature_ablation/metrics.csv,include,Inherited from baseline Git revision 39991eb; retained historical capsule/support file,Baseline repository contents; not all historical experiments are part of the current scorecard replay,51e8749719f2d39d1da43411888806cb75dd968f8f884eaa0d08b4a7d74b6566,28781,review-branch publication requested by author 2026-10-02; no new license grant; complete external source archives excluded,Git on benchmark-review; no Git LFS; not a tagged final release
artifacts/validation/mali_physical_dag_v1/feature_ablation/oof_predictions.csv,include,Inherited from baseline Git revision 39991eb; retained historical capsule/support file,Baseline repository contents; not all historical experiments are part of the current scorecard replay,44c6639c873e9ebaad08c1cc849973d8a2113840dbe09d7800161d522b3e768f,1016854,review-branch publication requested by author 2026-10-02; no new license grant; complete external source archives excluded,Git on benchmark-review; no Git LFS; not a tagged final release
artifacts/validation/mali_physical_dag_v1/feature_ablation/summary.json,include,Inherited from baseline Git revision 39991eb; retained historical capsule/support file,Baseline repository contents; not all historical experiments are part of the current scorecard replay,d097eab638b2682617ee54753939c9c0c96a08f527a3b00737f0239355e0a9ad,10272,review-branch publication requested by author 2026-10-02; no new license grant; complete external source archives excluded,Git on benchmark-review; no Git LFS; not a tagged final release
artifacts/validation/mali_physical_dag_v1/graph_records.csv,include,Inherited from baseline Git revision 39991eb; retained historical capsule/support file,Baseline repository contents; not all historical experiments are part of the current scorecard replay,9712b8a1395219ffe55cf154a8abf1b1cf52ac91a8f88f4ebfcde5a25e8721cf,399280,review-branch publication requested by author 2026-10-02; no new license grant; complete external source archives excluded,Git on benchmark-review; no Git LFS; not a tagged final release
artifacts/validation/mali_physical_dag_v1/graph_summary_features.csv,include,Inherited from baseline Git revision 39991eb; retained historical capsule/support file,Baseline repository contents; not all historical experiments are part of the current scorecard replay,420d1937b4d955b6af91d9a9d6ddffbb377e01b916efbdd485e433ac2c8ecca7,70042,review-branch publication requested by author 2026-10-02; no new license grant; complete external source archives excluded,Git on benchmark-review; no Git LFS; not a tagged final release
artifacts/validation/mali_physical_dag_v1/graph_summary_features.json,include,Inherited from baseline Git revision 39991eb; retained historical capsule/support file,Baseline repository contents; not all historical experiments are part of the current scorecard replay,7fccc863236e0e8ac7736f055a3a49b86496b0c43951cf279a7b733e39800474,129,review-branch publication requested by author 2026-10-02; no new license grant; complete external source archives excluded,Git on benchmark-review; no Git LFS; not a tagged final release
artifacts/validation/mali_physical_dag_v1/layer_dag_rnn/REPORT.md,include,Inherited from baseline Git revision 39991eb; retained historical capsule/support file,Baseline repository contents; not all historical experiments are part of the current scorecard replay,b37701e51d879f6ff7cc305053a72e75e6022609125e5bcfbdd421607d337eca,1720,review-branch publication requested by author 2026-10-02; no new license grant; complete external source archives excluded,Git on benchmark-review; no Git LFS; not a tagged final release
artifacts/validation/mali_physical_dag_v1/layer_dag_rnn/metrics.csv,include,Inherited from baseline Git revision 39991eb; retained historical capsule/support file,Baseline repository contents; not all historical experiments are part of the current scorecard replay,aea3cf80c909086f66f4a4cfeb5a84b798ae560378a5069da4e94e88e7dad112,2318,review-branch publication requested by author 2026-10-02; no new license grant; complete external source archives excluded,Git on benchmark-review; no Git LFS; not a tagged final release
artifacts/validation/mali_physical_dag_v1/layer_dag_rnn/oof_predictions.csv,include,Inherited from baseline Git revision 39991eb; retained historical capsule/support file,Baseline repository contents; not all historical experiments are part of the current scorecard replay,3819b8667439068097fe4bf7a63abf5be8a807e7f5c6be9b43bdc893034e3f52,88296,review-branch publication requested by author 2026-10-02; no new license grant; complete external source archives excluded,Git on benchmark-review; no Git LFS; not a tagged final release
artifacts/validation/mali_physical_dag_v1/layer_dag_rnn/summary.json,include,Inherited from baseline Git revision 39991eb; retained historical capsule/support file,Baseline repository contents; not all historical experiments are part of the current scorecard replay,b1e76242bab3a0e91ffca5e25c6b2cf9361f5b7d863c6bb73b96e813c85afad4,486,review-branch publication requested by author 2026-10-02; no new license grant; complete external source archives excluded,Git on benchmark-review; no Git LFS; not a tagged final release
artifacts/validation/mali_physical_dag_v1/manifest.csv,include,Inherited from baseline Git revision 39991eb; retained historical capsule/support file,Baseline repository contents; not all historical experiments are part of the current scorecard replay,4d1bd0c9e10f439c3964234f048a91e68e98a2e73d838f33f2eff50829ad7113,97489,review-branch publication requested by author 2026-10-02; no new license grant; complete external source archives excluded,Git on benchmark-review; no Git LFS; not a tagged final release
artifacts/validation/mali_physical_dag_v1/ood_uncertainty_validation/REPORT.md,include,Inherited from baseline Git revision 39991eb; retained historical capsule/support file,Baseline repository contents; not all historical experiments are part of the current scorecard replay,103829d9a399244c7989c1273c7212a2b89bf69b5f7d175d52e7e2f60e7687a8,1265,review-branch publication requested by author 2026-10-02; no new license grant; complete external source archives excluded,Git on benchmark-review; no Git LFS; not a tagged final release
artifacts/validation/mali_physical_dag_v1/ood_uncertainty_validation/intervals.csv,include,Inherited from baseline Git revision 39991eb; retained historical capsule/support file,Baseline repository contents; not all historical experiments are part of the current scorecard replay,bd68f6959689efcab536d2af204f8d42b9d1a4293fcfb753c7521887331ec280,602915,review-branch publication requested by author 2026-10-02; no new license grant; complete external source archives excluded,Git on benchmark-review; no Git LFS; not a tagged final release
artifacts/validation/mali_physical_dag_v1/ood_uncertainty_validation/summary.json,include,Inherited from baseline Git revision 39991eb; retained historical capsule/support file,Baseline repository contents; not all historical experiments are part of the current scorecard replay,bf4d06c7e309849719aae6b36f75e164fff0e65c0377a17340924ea181219719,2206,review-branch publication requested by author 2026-10-02; no new license grant; complete external source archives excluded,Git on benchmark-review; no Git LFS; not a tagged final release
artifacts/validation/mali_physical_dag_v1/qwalk_forensics/REPORT.md,include,Inherited from baseline Git revision 39991eb; retained historical capsule/support file,Baseline repository contents; not all historical experiments are part of the current scorecard replay,82506ed0b93c801030f07d4763deffc2fff520361a46882ffea99c7a6e53f673,951,review-branch publication requested by author 2026-10-02; no new license grant; complete external source archives excluded,Git on benchmark-review; no Git LFS; not a tagged final release
artifacts/validation/mali_physical_dag_v1/qwalk_forensics/qwalk_feature_comparison.csv,include,Inherited from baseline Git revision 39991eb; retained historical capsule/support file,Baseline repository contents; not all historical experiments are part of the current scorecard replay,041dae7a49406fe008ead684abd0585f10e5a6a9228c2ac60404e14f5396a8fb,4724,review-branch publication requested by author 2026-10-02; no new license grant; complete external source archives excluded,Git on benchmark-review; no Git LFS; not a tagged final release
artifacts/validation/mali_physical_dag_v1/qwalk_forensics/qwalk_rows.csv,include,Inherited from baseline Git revision 39991eb; retained historical capsule/support file,Baseline repository contents; not all historical experiments are part of the current scorecard replay,ecddb71dd861996a7fef5d8902cc31219c149690d64da538d7dfdc35a6e6cb2a,1699,review-branch publication requested by author 2026-10-02; no new license grant; complete external source archives excluded,Git on benchmark-review; no Git LFS; not a tagged final release
artifacts/validation/mali_physical_dag_v1/qwalk_forensics/summary.json,include,Inherited from baseline Git revision 39991eb; retained historical capsule/support file,Baseline repository contents; not all historical experiments are part of the current scorecard replay,f40650be7b1e9c76d97a0a0584ea361fc843799198fdb9184e7012330536c040,680,review-branch publication requested by author 2026-10-02; no new license grant; complete external source archives excluded,Git on benchmark-review; no Git LFS; not a tagged final release
artifacts/validation/mali_physical_dag_v1/topology_controls_grouped_cpu_screen/REPORT.md,include,Inherited from baseline Git revision 39991eb; retained historical capsule/support file,Baseline repository contents; not all historical experiments are part of the current scorecard replay,38435a9220468dbca5d63d77a5cf676afadeb2b55d00c37dccf01e6e84d812e9,777,review-branch publication requested by author 2026-10-02; no new license grant; complete external source archives excluded,Git on benchmark-review; no Git LFS; not a tagged final release
artifacts/validation/mali_physical_dag_v1/topology_controls_grouped_cpu_screen/metrics.csv,include,Inherited from baseline Git revision 39991eb; retained historical capsule/support file,Baseline repository contents; not all historical experiments are part of the current scorecard replay,35ce4debfe7b48302d752c095e1497a664a03977c122bb82eabbbbdbfe5b83b1,3269,review-branch publication requested by author 2026-10-02; no new license grant; complete external source archives excluded,Git on benchmark-review; no Git LFS; not a tagged final release
artifacts/validation/mali_physical_dag_v1/topology_controls_grouped_cpu_screen/oof_predictions.csv,include,Inherited from baseline Git revision 39991eb; retained historical capsule/support file,Baseline repository contents; not all historical experiments are part of the current scorecard replay,ea8e069543c17bf1acf138c2ba6c03ac59a276ce326847de435b63ddf5ce4213,180328,review-branch publication requested by author 2026-10-02; no new license grant; complete external source archives excluded,Git on benchmark-review; no Git LFS; not a tagged final release
artifacts/validation/mali_physical_dag_v1/topology_controls_grouped_cpu_screen/summary.json,include,Inherited from baseline Git revision 39991eb; retained historical capsule/support file,Baseline repository contents; not all historical experiments are part of the current scorecard replay,7f24504327325cad211ec6f09317be6e882bca205a1a1038319d3d8e7736b1c3,1787,review-branch publication requested by author 2026-10-02; no new license grant; complete external source archives excluded,Git on benchmark-review; no Git LFS; not a tagged final release
artifacts/validation/mali_physical_dag_v1/topology_controls_grouped_cpu_seeds_2025_31415/REPORT.md,include,Inherited from baseline Git revision 39991eb; retained historical capsule/support file,Baseline repository contents; not all historical experiments are part of the current scorecard replay,8cfc61583a66707f5ea357ae195a6a6a683f5188acbb062d1e396d3322da7de7,1046,review-branch publication requested by author 2026-10-02; no new license grant; complete external source archives excluded,Git on benchmark-review; no Git LFS; not a tagged final release
artifacts/validation/mali_physical_dag_v1/topology_controls_grouped_cpu_seeds_2025_31415/metrics.csv,include,Inherited from baseline Git revision 39991eb; retained historical capsule/support file,Baseline repository contents; not all historical experiments are part of the current scorecard replay,254c435bed8e761046a7c74e39ab027567f618855144781add36044ab8a08084,6448,review-branch publication requested by author 2026-10-02; no new license grant; complete external source archives excluded,Git on benchmark-review; no Git LFS; not a tagged final release
artifacts/validation/mali_physical_dag_v1/topology_controls_grouped_cpu_seeds_2025_31415/oof_predictions.csv,include,Inherited from baseline Git revision 39991eb; retained historical capsule/support file,Baseline repository contents; not all historical experiments are part of the current scorecard replay,8689e82b0bb8a1c8941ed2c9666709a55629353b010c9b7365f9dbb0b81e734a,362021,review-branch publication requested by author 2026-10-02; no new license grant; complete external source archives excluded,Git on benchmark-review; no Git LFS; not a tagged final release
artifacts/validation/mali_physical_dag_v1/topology_controls_grouped_cpu_seeds_2025_31415/summary.json,include,Inherited from baseline Git revision 39991eb; retained historical capsule/support file,Baseline repository contents; not all historical experiments are part of the current scorecard replay,cc1590c2909e304e50712a36289e36655c1454e73ade3787499a215c51e59963,3047,review-branch publication requested by author 2026-10-02; no new license grant; complete external source archives excluded,Git on benchmark-review; no Git LFS; not a tagged final release
artifacts/validation/mali_physical_dag_v1/topology_controls_validation/REPORT.md,include,Inherited from baseline Git revision 39991eb; retained historical capsule/support file,Baseline repository contents; not all historical experiments are part of the current scorecard replay,eceb1afe749b28044de36a9e6bfb4d5637cd25d5e868a3954b9658e065088a15,1213,review-branch publication requested by author 2026-10-02; no new license grant; complete external source archives excluded,Git on benchmark-review; no Git LFS; not a tagged final release
artifacts/validation/mali_physical_dag_v1/topology_controls_validation/seed_mean_oof_predictions.csv,include,Inherited from baseline Git revision 39991eb; retained historical capsule/support file,Baseline repository contents; not all historical experiments are part of the current scorecard replay,92d0024790fbd55a2a4e78664ff7fb22043d4cc4d8dfc13609469c4026daf65c,164593,review-branch publication requested by author 2026-10-02; no new license grant; complete external source archives excluded,Git on benchmark-review; no Git LFS; not a tagged final release
artifacts/validation/mali_physical_dag_v1/topology_controls_validation/summary.json,include,Inherited from baseline Git revision 39991eb; retained historical capsule/support file,Baseline repository contents; not all historical experiments are part of the current scorecard replay,d697ddf205b22a0c5faf63ce60f7789c7ee1eeee4f620815022d5b233d062e9f,6686,review-branch publication requested by author 2026-10-02; no new license grant; complete external source archives excluded,Git on benchmark-review; no Git LFS; not a tagged final release
artifacts/validation/mali_physical_dag_v1/uncertainty_calibration/REPORT.md,include,Inherited from baseline Git revision 39991eb; retained historical capsule/support file,Baseline repository contents; not all historical experiments are part of the current scorecard replay,c1145ccfcb384913debcb5b04465ee2cf9fcf399d01b32e30e8b54c933ace57a,1088,review-branch publication requested by author 2026-10-02; no new license grant; complete external source archives excluded,Git on benchmark-review; no Git LFS; not a tagged final release
artifacts/validation/mali_physical_dag_v1/uncertainty_calibration/conformal_intervals.csv,include,Inherited from baseline Git revision 39991eb; retained historical capsule/support file,Baseline repository contents; not all historical experiments are part of the current scorecard replay,4b5e110e250b1882aca7019c2c2dfbd4fd94f4adee0569daa6b69c0e66b116a4,219977,review-branch publication requested by author 2026-10-02; no new license grant; complete external source archives excluded,Git on benchmark-review; no Git LFS; not a tagged final release
artifacts/validation/mali_physical_dag_v1/uncertainty_calibration/duplicate_label_pairs.csv,include,Inherited from baseline Git revision 39991eb; retained historical capsule/support file,Baseline repository contents; not all historical experiments are part of the current scorecard replay,df273824fe4c5de868c3a0f6f3c86c4b66020735cab056da3eb4ac4f64decb93,7552,review-branch publication requested by author 2026-10-02; no new license grant; complete external source archives excluded,Git on benchmark-review; no Git LFS; not a tagged final release
artifacts/validation/mali_physical_dag_v1/uncertainty_calibration/summary.json,include,Inherited from baseline Git revision 39991eb; retained historical capsule/support file,Baseline repository contents; not all historical experiments are part of the current scorecard replay,d2402b08592efb52d064bcf645d49dba4be490abd71303317e5046e20afea64a,1489,review-branch publication requested by author 2026-10-02; no new license grant; complete external source archives excluded,Git on benchmark-review; no Git LFS; not a tagged final release
artifacts/validation/mali_qcre_final/MALI_QCRE_FINAL_VALIDATION_REPORT.md,include,Inherited from baseline Git revision 39991eb; retained historical capsule/support file,Baseline repository contents; not all historical experiments are part of the current scorecard replay,1fdbfb69c049d1400ccd37f3af91151c2901973f06634fd3ce78d500322eb6b7,3285,review-branch publication requested by author 2026-10-02; no new license grant; complete external source archives excluded,Git on benchmark-review; no Git LFS; not a tagged final release
artifacts/validation/mali_qcre_final/mali_qcre_grouped_validation_rows.csv,include,Inherited from baseline Git revision 39991eb; retained historical capsule/support file,Baseline repository contents; not all historical experiments are part of the current scorecard replay,357423e5dbcbd071a1fc96460d4ad12afece5e87e8c093fa40714d59742908b2,235283,review-branch publication requested by author 2026-10-02; no new license grant; complete external source archives excluded,Git on benchmark-review; no Git LFS; not a tagged final release
artifacts/validation/mali_qcre_final/mali_qcre_validation_summary.json,include,Inherited from baseline Git revision 39991eb; retained historical capsule/support file,Baseline repository contents; not all historical experiments are part of the current scorecard replay,d7295d315d60111a2831e442cce03dfc5f657c38aeb4d1c6a0e1a673a4ae55a4,52655,review-branch publication requested by author 2026-10-02; no new license grant; complete external source archives excluded,Git on benchmark-review; no Git LFS; not a tagged final release
artifacts/validation/mali_qcre_proxy/MALI_QCRE_PROXY_REPORT.md,include,Inherited from baseline Git revision 39991eb; retained historical capsule/support file,Baseline repository contents; not all historical experiments are part of the current scorecard replay,e8c4259d7a09f7a5a9b9d1b0da3bb81a1768c5b282c3485554c1af5254e6401b,2700,review-branch publication requested by author 2026-10-02; no new license grant; complete external source archives excluded,Git on benchmark-review; no Git LFS; not a tagged final release
artifacts/validation/mali_qcre_proxy/mali_qcre_proxy_features.csv,include,Inherited from baseline Git revision 39991eb; retained historical capsule/support file,Baseline repository contents; not all historical experiments are part of the current scorecard replay,d4d0557dc9ebc007fc0a53c7b9d5db02f53139520d6e77d0eef84a27bc115a1e,163174,review-branch publication requested by author 2026-10-02; no new license grant; complete external source archives excluded,Git on benchmark-review; no Git LFS; not a tagged final release
artifacts/validation/mali_qcre_proxy/mali_qcre_proxy_summary.json,include,Inherited from baseline Git revision 39991eb; retained historical capsule/support file,Baseline repository contents; not all historical experiments are part of the current scorecard replay,971d9a2ab08e111a8b95938a0a58c8c4929439883c8a6fcf2438d8ac2058fe4a,26215,review-branch publication requested by author 2026-10-02; no new license grant; complete external source archives excluded,Git on benchmark-review; no Git LFS; not a tagged final release
artifacts/validation/mali_qcre_seed_sensitivity/MALI_QCRE_SEED_SENSITIVITY_REPORT.md,include,Inherited from baseline Git revision 39991eb; retained historical capsule/support file,Baseline repository contents; not all historical experiments are part of the current scorecard replay,afbdae614448f7223d58b744891d5557620703bb1aec107ce39ca2eefb79a552,1104,review-branch publication requested by author 2026-10-02; no new license grant; complete external source archives excluded,Git on benchmark-review; no Git LFS; not a tagged final release
artifacts/validation/mali_qcre_seed_sensitivity/mali_qcre_seed_sensitivity_rows.csv,include,Inherited from baseline Git revision 39991eb; retained historical capsule/support file,Baseline repository contents; not all historical experiments are part of the current scorecard replay,daaff5ed4342423ee8adbf5764ea793cb0b4ed6e79509d6d7176e9defe503c52,149307,review-branch publication requested by author 2026-10-02; no new license grant; complete external source archives excluded,Git on benchmark-review; no Git LFS; not a tagged final release
artifacts/validation/mali_qcre_seed_sensitivity/mali_qcre_seed_sensitivity_summary.json,include,Inherited from baseline Git revision 39991eb; retained historical capsule/support file,Baseline repository contents; not all historical experiments are part of the current scorecard replay,40d1c0d3b7fc6f2270a5aa14a84b7baa2da6b2421a0716cac920d3a3345e6a63,49058,review-branch publication requested by author 2026-10-02; no new license grant; complete external source archives excluded,Git on benchmark-review; no Git LFS; not a tagged final release
artifacts/validation/mali_snapshot_variability/DATASET_README.md,include,Inherited from baseline Git revision 39991eb; retained historical capsule/support file,Baseline repository contents; not all historical experiments are part of the current scorecard replay,238fefffb7a220c3e5d8f7fca61f2a8470e4bcc98a2de203be14b1b8ffc44856,2656,review-branch publication requested by author 2026-10-02; no new license grant; complete external source archives excluded,Git on benchmark-review; no Git LFS; not a tagged final release
artifacts/validation/mali_snapshot_variability/SNAPSHOT_VARIABILITY_REPORT.md,include,Inherited from baseline Git revision 39991eb; retained historical capsule/support file,Baseline repository contents; not all historical experiments are part of the current scorecard replay,920f75048a031141c4294136f9cca70f5a7e71b2149a91dc0b01218072c94b45,2475,review-branch publication requested by author 2026-10-02; no new license grant; complete external source archives excluded,Git on benchmark-review; no Git LFS; not a tagged final release
artifacts/validation/mali_snapshot_variability/SOURCE_MANIFEST.json,include,Inherited from baseline Git revision 39991eb; retained historical capsule/support file,Baseline repository contents; not all historical experiments are part of the current scorecard replay,0ab2e4aee6b43a94c65fbf8dc7bad1df8cdc9e5021edada36510e98a2b8badf5,737,review-branch publication requested by author 2026-10-02; no new license grant; complete external source archives excluded,Git on benchmark-review; no Git LFS; not a tagged final release
artifacts/validation/mali_snapshot_variability/drift_characterization.csv,include,Inherited from baseline Git revision 39991eb; retained historical capsule/support file,Baseline repository contents; not all historical experiments are part of the current scorecard replay,dc31d7db266cbad65173e6942de088740d19ed3f0f6e0dadc286d51e8fa042a3,42778,review-branch publication requested by author 2026-10-02; no new license grant; complete external source archives excluded,Git on benchmark-review; no Git LFS; not a tagged final release
artifacts/validation/mali_snapshot_variability/public_timestamp_summary.csv,include,Inherited from baseline Git revision 39991eb; retained historical capsule/support file,Baseline repository contents; not all historical experiments are part of the current scorecard replay,fe3306413b9608e492ad36931407b4122c351e54a4c0af8037e0f921874ff70d,14584,review-branch publication requested by author 2026-10-02; no new license grant; complete external source archives excluded,Git on benchmark-review; no Git LFS; not a tagged final release
artifacts/validation/mali_snapshot_variability/snapshot_variability_summary.json,include,Inherited from baseline Git revision 39991eb; retained historical capsule/support file,Baseline repository contents; not all historical experiments are part of the current scorecard replay,39afc16116d1dd187866a5dbf1aafaa6a71ea37453b01fbb23b8b9b5bb7a2da0,5638,review-branch publication requested by author 2026-10-02; no new license grant; complete external source archives excluded,Git on benchmark-review; no Git LFS; not a tagged final release
artifacts/validation/mali_strict_transfer_logical_v1/REPORT.md,include,Inherited from baseline Git revision 39991eb; retained historical capsule/support file,Baseline repository contents; not all historical experiments are part of the current scorecard replay,e7c27ecb5ae679b3ffd033635cfe07902d38e1ffdc5118dd83822540dd76c9da,1211,review-branch publication requested by author 2026-10-02; no new license grant; complete external source archives excluded,Git on benchmark-review; no Git LFS; not a tagged final release
artifacts/validation/mali_strict_transfer_logical_v1/evaluation/REPORT.md,include,Inherited from baseline Git revision 39991eb; retained historical capsule/support file,Baseline repository contents; not all historical experiments are part of the current scorecard replay,c186ac38ee6445088a9ce99b20490997fefcd583cba4e05046901447fdee9420,973,review-branch publication requested by author 2026-10-02; no new license grant; complete external source archives excluded,Git on benchmark-review; no Git LFS; not a tagged final release
artifacts/validation/mali_strict_transfer_logical_v1/evaluation/seed_mean_oof_predictions.csv,include,Inherited from baseline Git revision 39991eb; retained historical capsule/support file,Baseline repository contents; not all historical experiments are part of the current scorecard replay,99637a3232d989eb1b735bc218e91bdb0e03a6c5718c4c0b91da57ab088b3a36,126919,review-branch publication requested by author 2026-10-02; no new license grant; complete external source archives excluded,Git on benchmark-review; no Git LFS; not a tagged final release
artifacts/validation/mali_strict_transfer_logical_v1/evaluation/summary.json,include,Inherited from baseline Git revision 39991eb; retained historical capsule/support file,Baseline repository contents; not all historical experiments are part of the current scorecard replay,2a3ed034533c310beeb3208c0a44fb2bd822279b1c9eb22269d9e62454e67489,2030,review-branch publication requested by author 2026-10-02; no new license grant; complete external source archives excluded,Git on benchmark-review; no Git LFS; not a tagged final release
artifacts/validation/mali_strict_transfer_logical_v1/real_transfer_metrics.csv,include,Inherited from baseline Git revision 39991eb; retained historical capsule/support file,Baseline repository contents; not all historical experiments are part of the current scorecard replay,25794e70c5afa8bc4f9660349cc10289cce308ef8548c22387eff4e964343e45,6721,review-branch publication requested by author 2026-10-02; no new license grant; complete external source archives excluded,Git on benchmark-review; no Git LFS; not a tagged final release
artifacts/validation/mali_strict_transfer_logical_v1/real_transfer_oof_predictions.csv,include,Inherited from baseline Git revision 39991eb; retained historical capsule/support file,Baseline repository contents; not all historical experiments are part of the current scorecard replay,28e1ca7514d2944ce05418f6e8033684e9f5154b74eb354d70e47d835597690b,479745,review-branch publication requested by author 2026-10-02; no new license grant; complete external source archives excluded,Git on benchmark-review; no Git LFS; not a tagged final release
artifacts/validation/mali_strict_transfer_logical_v1/source_pretraining_metrics.csv,include,Inherited from baseline Git revision 39991eb; retained historical capsule/support file,Baseline repository contents; not all historical experiments are part of the current scorecard replay,3ec6185da0ca9f30392a0dacf8e1af939a0015fa89c0338e65f13a9ca9695e39,516,review-branch publication requested by author 2026-10-02; no new license grant; complete external source archives excluded,Git on benchmark-review; no Git LFS; not a tagged final release
artifacts/validation/mali_strict_transfer_logical_v1/summary.json,include,Inherited from baseline Git revision 39991eb; retained historical capsule/support file,Baseline repository contents; not all historical experiments are part of the current scorecard replay,59baa43863ca33536a179fffbf420304610d72b319c4bf93d261a238648cd17a,3480,review-branch publication requested by author 2026-10-02; no new license grant; complete external source archives excluded,Git on benchmark-review; no Git LFS; not a tagged final release
artifacts/validation/qonductor_mapping/QONDUCTOR_MAPPING_AUDIT.md,include,Inherited from baseline Git revision 39991eb; retained historical capsule/support file,Baseline repository contents; not all historical experiments are part of the current scorecard replay,c0c486de0ac00fa087d2674f143bc649bf29533c4d627b0df9db125743c3bfba,903,review-branch publication requested by author 2026-10-02; no new license grant; complete external source archives excluded,Git on benchmark-review; no Git LFS; not a tagged final release
artifacts/validation/qonductor_mapping/qonductor_mapping_audit.json,include,Inherited from baseline Git revision 39991eb; retained historical capsule/support file,Baseline repository contents; not all historical experiments are part of the current scorecard replay,ca1bb5329d163b458fa9738874f28dc9e0a128ef670f87a4c0f669443cbbec43,1741,review-branch publication requested by author 2026-10-02; no new license grant; complete external source archives excluded,Git on benchmark-review; no Git LFS; not a tagged final release
benchmark_v1/README.md,include,"Current reader navigation, reproduction instructions, environment lock, or scope disclosure",Current two-domain reader path and internal candidate clean-clone reproduction,f3fc9914669b0dc35c5b1d64ed78a2e791db808f54f51db0eeb50e181014b721,2537,review-branch publication requested by author 2026-10-02; no new license grant; complete external source archives excluded,Git on benchmark-review; no Git LFS; not a tagged final release
benchmark_v1/S24_DATASET_SEMANTICS_AND_COMMON_PANEL_DECISION_20260927.md,include,Explicitly retained support evidence for a linked claim or reproduction input,"See owning document, report contract, or adjacent manifest",8a9f578f8009ba7b6f61098ae789265e6b3760f10bbcf29bdf6c157668c3ede5,9790,review-branch publication requested by author 2026-10-02; no new license grant; complete external source archives excluded,Git on benchmark-review; no Git LFS; not a tagged final release
benchmark_v1/S39_QONDUCTOR_ARCHIVE_RECOVERY_ADDENDUM_20260928.md,include,Explicitly retained support evidence for a linked claim or reproduction input,"See owning document, report contract, or adjacent manifest",8d3102da81e6b33ed06c3a04555cd01a72b91eb0fa4f19b6a6feb747ecda3ecf,1872,review-branch publication requested by author 2026-10-02; no new license grant; complete external source archives excluded,Git on benchmark-review; no Git LFS; not a tagged final release
benchmark_v1/S40_S42_SIMULATOR_PROVENANCE_ADJUDICATION_V1_20260928.md,include,Pinned input/output dependency (contract_source_pin),locked report build and/or validate source inventory,19be748e00dfea34fd61868f1f8bf203a6f49f56d7f87339a3a18afb430a4f8b,3885,review-branch publication requested by author 2026-10-02; no new license grant; complete external source archives excluded,Git on benchmark-review; no Git LFS; not a tagged final release
benchmark_v1/S56_WAVE5_RELEASE_LICENSE_AND_PROVENANCE_DECISION_V1.md,include,Explicitly retained support evidence for a linked claim or reproduction input,"See owning document, report contract, or adjacent manifest",c028895dd3346e86c29cad91fee77d9e1065a7364d775cd35a9d163229ae044d,3334,review-branch publication requested by author 2026-10-02; no new license grant; complete external source archives excluded,Git on benchmark-review; no Git LFS; not a tagged final release
benchmark_v1/decisions/S69_QONDUCTOR_FEATURE_AUTHORITY_AND_C122_ADJUDICATION_V1_20260929.md,include,Explicitly retained support evidence for a linked claim or reproduction input,"See owning document, report contract, or adjacent manifest",7780185d2d45b9aba12ca2d165f5b9004eac3514a14ae86a0121f4f21f014e64,7089,review-branch publication requested by author 2026-10-02; no new license grant; complete external source archives excluded,Git on benchmark-review; no Git LFS; not a tagged final release
benchmark_v1/decisions/SIMULATOR_READER_TABLES_AGGREGATION_CONTRACT_V1_20260930.md,include,Pinned input/output dependency (contract_source_pin),locked report build and/or validate source inventory,c983a2eddbe7ca7ef8bb3d74e00f83c3a01b74d2650c88a9224652c025ddb875,3738,review-branch publication requested by author 2026-10-02; no new license grant; complete external source archives excluded,Git on benchmark-review; no Git LFS; not a tagged final release
benchmark_v1/decisions/WAVE2B_SIMULATOR_READER_PACK_V1_20260930.md,include,Pinned input/output dependency (contract_source_pin),locked report build and/or validate source inventory,cbe424198bcef1fb13a60a1557fdf44c76ce2d07c9a47e89adfab7e7d5fb403a,3531,review-branch publication requested by author 2026-10-02; no new license grant; complete external source archives excluded,Git on benchmark-review; no Git LFS; not a tagged final release
benchmark_v1/decisions/circuit_representation_v3.md,include,Pinned input/output dependency (contract_source_pin),locked report build and/or validate source inventory,63aa081e93da348ca49ec9ad65d91ff8ddb777a5c2cc1233b63ff1f4d4c0bf95,3690,review-branch publication requested by author 2026-10-02; no new license grant; complete external source archives excluded,Git on benchmark-review; no Git LFS; not a tagged final release
benchmark_v1/decisions/learned_method_contract_v3.md,include,Pinned input/output dependency (contract_source_pin),locked report build and/or validate source inventory,f5552fadfe2c9b2bf4cf6ea34031c345367f8c2b6f9a58549dfc5fd34b695707,4052,review-branch publication requested by author 2026-10-02; no new license grant; complete external source archives excluded,Git on benchmark-review; no Git LFS; not a tagged final release
benchmark_v1/decisions/snapshot_policy_v3.md,include,Pinned input/output dependency (contract_source_pin),locked report build and/or validate source inventory,11faef4266a4c862314481c7f4a0193ea4fe1121932322769d32cd2f06116056,3811,review-branch publication requested by author 2026-10-02; no new license grant; complete external source archives excluded,Git on benchmark-review; no Git LFS; not a tagged final release
benchmark_v1/execution/manifests/maestro_common_panel_completion_partial.json,include,Pinned input/output dependency (contract_source_pin),locked report build and/or validate source inventory,3675c80f370f36aafec0dda3aa6814d5348e5f942400166f046d74388a256f5b,11371,review-branch publication requested by author 2026-10-02; no new license grant; complete external source archives excluded,Git on benchmark-review; no Git LFS; not a tagged final release
benchmark_v1/execution/manifests/maestro_common_panel_completion_resume.json,include,Pinned input/output dependency (contract_source_pin),locked report build and/or validate source inventory,6c16608fee8ea664be606d8605da13821be2e07bdcc7874dee44d4700d560db4,14720,review-branch publication requested by author 2026-10-02; no new license grant; complete external source archives excluded,Git on benchmark-review; no Git LFS; not a tagged final release
benchmark_v1/execution/manifests/maestro_common_panel_completion_v3.json,include,Pinned input/output dependency (contract_source_pin),locked report build and/or validate source inventory,bc2a3bc150421698ff09e08a2055a40979f96d2965fe2dcb3e20402c1016574d,12994,review-branch publication requested by author 2026-10-02; no new license grant; complete external source archives excluded,Git on benchmark-review; no Git LFS; not a tagged final release
benchmark_v1/execution/manifests/report_finalization.json,include,Pinned input/output dependency (controlling_report_contract),builder and validator command authority,a1c0fad32e4b361b7b86af38da84a6724d328290e3faecdb3acfcf8074660c6c,33390,review-branch publication requested by author 2026-10-02; no new license grant; complete external source archives excluded,Git on benchmark-review; no Git LFS; not a tagged final release
benchmark_v1/protocol/representation_authority_v2.json,include,Explicitly retained support evidence for a linked claim or reproduction input,"See owning document, report contract, or adjacent manifest",b761a2d15f7e7d1882c98b2482dae634b501cc6d1f8d0fc4f76437d794a3ded8,16778,review-branch publication requested by author 2026-10-02; no new license grant; complete external source archives excluded,Git on benchmark-review; no Git LFS; not a tagged final release
benchmark_v1/protocol/simulator_predictor_cells_v2.json,include,Pinned input/output dependency (contract_source_pin),locked report build and/or validate source inventory,31ca1821c609ff86a9585a6321227c40d4bc2b47b76a4c0441943730f8a1fb72,9982,review-branch publication requested by author 2026-10-02; no new license grant; complete external source archives excluded,Git on benchmark-review; no Git LFS; not a tagged final release
benchmark_v1/protocol/unified_split_contract_v2.json,include,Pinned input/output dependency (contract_source_pin),locked report build and/or validate source inventory,de4e94abb507c6723c64198bad9f8b6a1c8486b131fb2ebdcfab4704d4605c9e,17494,review-branch publication requested by author 2026-10-02; no new license grant; complete external source archives excluded,Git on benchmark-review; no Git LFS; not a tagged final release
benchmark_v1/qre_benchmark/maestro_component_predictor.py,include,Pinned input/output dependency (contract_source_pin),locked report build and/or validate source inventory,f6dbad5697ca0cac7b27fe18639e1f586ad6ea056956d183bd4132422130704a,37399,review-branch publication requested by author 2026-10-02; no new license grant; complete external source archives excluded,Git on benchmark-review; no Git LFS; not a tagged final release
benchmark_v1/qre_benchmark/maestro_component_v2.py,include,Pinned input/output dependency (contract_source_pin),locked report build and/or validate source inventory,a4da15050c3d1ac563fdf5fabe5733eb336cb9f9503a84e10489ff96041a98a1,136160,review-branch publication requested by author 2026-10-02; no new license grant; complete external source archives excluded,Git on benchmark-review; no Git LFS; not a tagged final release
benchmark_v1/registry/CURRENT.json,include,Pinned input/output dependency (contract_source_pin),locked report build and/or validate source inventory,8a4ba7288e46324c49e290a1244c518b9f01b73a7f27a9b4a79984a13135c9e3,3297,review-branch publication requested by author 2026-10-02; no new license grant; complete external source archives excluded,Git on benchmark-review; no Git LFS; not a tagged final release
benchmark_v1/registry/archive/CURRENT_pre_wave3_authority_switch_20261001.json,include,Pinned input/output dependency (contract_source_pin),locked report build and/or validate source inventory,fa840866ffa16b58d4fc0aabe2bc8b7a50023d38791a7cc20401989c5faa0680,2099,review-branch publication requested by author 2026-10-02; no new license grant; complete external source archives excluded,Git on benchmark-review; no Git LFS; not a tagged final release
benchmark_v1/registry/method_fidelity_registry_v1.json,include,Pinned input/output dependency (contract_source_pin),locked report build and/or validate source inventory,df2fb465de487ef077b519c9f044241d4c466d69ffde654ae0fd7093f90ffbbe,12729,review-branch publication requested by author 2026-10-02; no new license grant; complete external source archives excluded,Git on benchmark-review; no Git LFS; not a tagged final release
benchmark_v1/registry/method_fidelity_registry_v2.json,include,Pinned input/output dependency (contract_source_pin),locked report build and/or validate source inventory,98f3460c8d9a0cbabb424555dd695cee573409ed65facdb60557d836f1750810,39799,review-branch publication requested by author 2026-10-02; no new license grant; complete external source archives excluded,Git on benchmark-review; no Git LFS; not a tagged final release
benchmark_v1/registry/seed_registry.json,include,Pinned input/output dependency (contract_source_pin),locked report build and/or validate source inventory,ae48f16dac27cdf3c9f42ce89acf4a67cb1b318f9c23f32e88d2c61d4323e864,753,review-branch publication requested by author 2026-10-02; no new license grant; complete external source archives excluded,Git on benchmark-review; no Git LFS; not a tagged final release
benchmark_v1/requirements-verification.txt,include,"Current reader navigation, reproduction instructions, environment lock, or scope disclosure",Current two-domain reader path and internal candidate clean-clone reproduction,1d60d5e3c7b2a7d0d6a197037207294dfad48ee4e63b7c6d604f7eccb6ab2e8c,466,review-branch publication requested by author 2026-10-02; no new license grant; complete external source archives excluded,Git on benchmark-review; no Git LFS; not a tagged final release
benchmark_v1/scripts/aggregate_unified_qpu_method_comparisons_v2.py,include,Pinned input/output dependency (contract_source_pin),locked report build and/or validate source inventory,f40a2347c3f4c03790c59eee002b54b7848ccb9a32a3385fee4d00a40db71662,32749,review-branch publication requested by author 2026-10-02; no new license grant; complete external source archives excluded,Git on benchmark-review; no Git LFS; not a tagged final release
benchmark_v1/scripts/authority_validation_v1.py,include,"Required helper, deterministic table builder, validator, regression tests or candidate payload hash checker",docs/reproduction.md clean-clone verification commands,38e0c9fd3d2b7976263b3340890fcd66bf24b036c1bbe66e30013b5b21b333d1,6593,review-branch publication requested by author 2026-10-02; no new license grant; complete external source archives excluded,Git on benchmark-review; no Git LFS; not a tagged final release
benchmark_v1/scripts/build_simulator_reader_tables_v1.py,include,"Required helper, deterministic table builder, validator, regression tests or candidate payload hash checker",docs/reproduction.md clean-clone verification commands,8e576b6180168e3479572ab2f88fb06a489e3b64919ffca9f383cb9b6a99e181,32250,review-branch publication requested by author 2026-10-02; no new license grant; complete external source archives excluded,Git on benchmark-review; no Git LFS; not a tagged final release
benchmark_v1/scripts/build_two_domain_scorecard_v2.py,include,Pinned input/output dependency (contract_source_pin),locked report build and/or validate source inventory,e0042bc75880c46babc4250ef20b7a4e1829d13c2b9cebe43933fadbc960d227,43220,review-branch publication requested by author 2026-10-02; no new license grant; complete external source archives excluded,Git on benchmark-review; no Git LFS; not a tagged final release
benchmark_v1/scripts/build_unified_learned_derived_comparisons_v1.py,include,Pinned input/output dependency (contract_source_pin),locked report build and/or validate source inventory,6566386c778297fa5406492c636ecb9e2e94b968a761461adbe178a140065630,25657,review-branch publication requested by author 2026-10-02; no new license grant; complete external source archives excluded,Git on benchmark-review; no Git LFS; not a tagged final release
benchmark_v1/scripts/run_maestro_common_panel.py,include,Pinned input/output dependency (contract_source_pin),locked report build and/or validate source inventory,f244035763b87503ae0258c25bdde02ffe41bf9980a23d743781df88508688d9,262626,review-branch publication requested by author 2026-10-02; no new license grant; complete external source archives excluded,Git on benchmark-review; no Git LFS; not a tagged final release
benchmark_v1/scripts/run_maestro_component_calibration.py,include,Pinned input/output dependency (contract_source_pin),locked report build and/or validate source inventory,9f2383b0a83cbcf52b38cbde1c1700902daf443aee12411e2dcc2e95a9c80ccc,155893,review-branch publication requested by author 2026-10-02; no new license grant; complete external source archives excluded,Git on benchmark-review; no Git LFS; not a tagged final release
benchmark_v1/scripts/validate_simulator_reader_tables_v1.py,include,"Required helper, deterministic table builder, validator, regression tests or candidate payload hash checker",docs/reproduction.md clean-clone verification commands,c9b5a9f6a0789fc583b69bcd5cec39391288d0ebfff2bf5b5ff0ec283ff16e49,16344,review-branch publication requested by author 2026-10-02; no new license grant; complete external source archives excluded,Git on benchmark-review; no Git LFS; not a tagged final release
benchmark_v1/scripts/validate_two_domain_scorecard_v2.py,include,Pinned input/output dependency (contract_source_pin),locked report build and/or validate source inventory,ba6f06cb3e6cfee7f123ae32500bc0c7a904bc486f53ee1894e96cdf04c1bdc9,9432,review-branch publication requested by author 2026-10-02; no new license grant; complete external source archives excluded,Git on benchmark-review; no Git LFS; not a tagged final release
benchmark_v1/tests/test_report_finalization.py,include,Pinned input/output dependency (contract_source_pin),locked report build and/or validate source inventory,006b8391480f621e40a6f0f5e43fc64476101a7db9562abb57aa218bf037ac29,7110,review-branch publication requested by author 2026-10-02; no new license grant; complete external source archives excluded,Git on benchmark-review; no Git LFS; not a tagged final release
benchmark_v1/tests/test_simulator_reader_tables_v1.py,include,"Required helper, deterministic table builder, validator, regression tests or candidate payload hash checker",docs/reproduction.md clean-clone verification commands,48b28ec2d2960337d2d9b1ff7c8baa68851d473fa735e87bd9c64ee230269587,12161,review-branch publication requested by author 2026-10-02; no new license grant; complete external source archives excluded,Git on benchmark-review; no Git LFS; not a tagged final release
docs/DAILY_WORK_LOG_2026-09-17_TO_2026-09-22.md,include,Inherited from baseline Git revision 39991eb; retained historical capsule/support file,Baseline repository contents; not all historical experiments are part of the current scorecard replay,e1ed262cb56a5c05463c947e6096a907d426d51b0c21ffa660a4302caab981d8,18992,review-branch publication requested by author 2026-10-02; no new license grant; complete external source archives excluded,Git on benchmark-review; no Git LFS; not a tagged final release
docs/FINDINGS_CLUSTERS.md,include,Inherited from baseline Git revision 39991eb; retained historical capsule/support file,Baseline repository contents; not all historical experiments are part of the current scorecard replay,6f4a443141839d316bf39880ddec52280125b43aba428edd048b276204b8aa01,19483,review-branch publication requested by author 2026-10-02; no new license grant; complete external source archives excluded,Git on benchmark-review; no Git LFS; not a tagged final release
docs/MA_LI_DEEP_RUNTIME_ESTIMATOR_PROTOCOL_2026-09-21.md,include,Inherited from baseline Git revision 39991eb; retained historical capsule/support file,Baseline repository contents; not all historical experiments are part of the current scorecard replay,545be499994ec34a541860e8bf9a3a58c447e9425add715bc5a144769541771d,19154,review-branch publication requested by author 2026-10-02; no new license grant; complete external source archives excluded,Git on benchmark-review; no Git LFS; not a tagged final release
docs/PAPER_REPO_EXPERIMENT_MAP_2026-09-21.md,include,Inherited from baseline Git revision 39991eb; retained historical capsule/support file,Baseline repository contents; not all historical experiments are part of the current scorecard replay,7cbb99552a39122659500ed7be169cfc55d6daeb012d65a2d7ed36dda281d08a,6262,review-branch publication requested by author 2026-10-02; no new license grant; complete external source archives excluded,Git on benchmark-review; no Git LFS; not a tagged final release
docs/PROVENANCE.md,include,Inherited from baseline Git revision 39991eb; retained historical capsule/support file,Baseline repository contents; not all historical experiments are part of the current scorecard replay,bfc883a05c061c24c68867a0c84398af8ed4dabe5716e877954f1c5da6fc36a7,561,review-branch publication requested by author 2026-10-02; no new license grant; complete external source archives excluded,Git on benchmark-review; no Git LFS; not a tagged final release
docs/REMOVED_AND_OUT_OF_SCOPE.md,include,Inherited from baseline Git revision 39991eb; retained historical capsule/support file,Baseline repository contents; not all historical experiments are part of the current scorecard replay,8f1ca83c1b8987534b02d51c74f62a8c0de3dde175b87560dd41052564805bec,959,review-branch publication requested by author 2026-10-02; no new license grant; complete external source archives excluded,Git on benchmark-review; no Git LFS; not a tagged final release
docs/experiment_tracker.csv,include,Inherited from baseline Git revision 39991eb; retained historical capsule/support file,Baseline repository contents; not all historical experiments are part of the current scorecard replay,fd806f8762e160846deeaa6c62d034e770a52d100332161e9a0d21fa6d3f3d64,6409,review-branch publication requested by author 2026-10-02; no new license grant; complete external source archives excluded,Git on benchmark-review; no Git LFS; not a tagged final release
docs/methodology.md,include,"Current reader navigation, reproduction instructions, environment lock, or scope disclosure",Current two-domain reader path and internal candidate clean-clone reproduction,577b236eef44c39326a5df68880fb76353ea0fb1336bf2e5bc53ccd0d7e970bc,19139,review-branch publication requested by author 2026-10-02; no new license grant; complete external source archives excluded,Git on benchmark-review; no Git LFS; not a tagged final release
docs/presentation.md,include,Pinned input/output dependency (contract_source_pin),locked report build and/or validate source inventory,814fbadacd2db4eaf73d8a316ddc557ca0794e54218b6f37d73401c45931acbf,10347,review-branch publication requested by author 2026-10-02; no new license grant; complete external source archives excluded,Git on benchmark-review; no Git LFS; not a tagged final release
docs/release_inventory.csv,include,"File-by-file candidate payload, provenance, delivery and local-workspace exclusion inventory; self-hash intentionally omitted",Candidate Git index and current release-boundary decisions,,,review-branch publication requested by author 2026-10-02; no new license grant; complete external source archives excluded,Git on benchmark-review; no Git LFS; not a tagged final release
docs/reproduction.md,include,"Current reader navigation, reproduction instructions, environment lock, or scope disclosure",Current two-domain reader path and internal candidate clean-clone reproduction,0b995ab4639cb1b813b1152c35bce4fefb273b608461e6c5e311e3a70192edbe,8149,review-branch publication requested by author 2026-10-02; no new license grant; complete external source archives excluded,Git on benchmark-review; no Git LFS; not a tagged final release
docs/reproduction_validation.md,include,Reader-facing record of the internal clean-clone verification actually completed; distinguishes tested aggregate rebuilds from untested training/timing,R3 evidence and reviewer reproduction status,3a26e3c4e8fea1c73c4b4d46beaf20eaf6d0a5dc54c7c8e3034dc00f05eec6a0,3786,review-branch publication requested by author 2026-10-02; no new license grant; complete external source archives excluded,Git on benchmark-review; no Git LFS; not a tagged final release
docs/results.md,include,"Current reader navigation, reproduction instructions, environment lock, or scope disclosure",Current two-domain reader path and internal candidate clean-clone reproduction,620e951dfb1f2d77e9031a424a912119f65e81fcc19a9a471a888f95f5608f6f,14635,review-branch publication requested by author 2026-10-02; no new license grant; complete external source archives excluded,Git on benchmark-review; no Git LFS; not a tagged final release
experiments/README.md,include,Inherited from baseline Git revision 39991eb; retained historical capsule/support file,Baseline repository contents; not all historical experiments are part of the current scorecard replay,446bbe4ef8a145f7dfb79df836e7fffe5ac1bd7791572e7d6fea4c1c6e225ef6,19325,review-branch publication requested by author 2026-10-02; no new license grant; complete external source archives excluded,Git on benchmark-review; no Git LFS; not a tagged final release
experiments/build_mali_critical_subgraph_features.py,include,Inherited from baseline Git revision 39991eb; retained historical capsule/support file,Baseline repository contents; not all historical experiments are part of the current scorecard replay,9a98764133db56de68ad5e7e989dcfb3a87ab1adb8297d5544e5eae7e8cac23b,4850,review-branch publication requested by author 2026-10-02; no new license grant; complete external source archives excluded,Git on benchmark-review; no Git LFS; not a tagged final release
experiments/build_mali_graph_summary_features.py,include,Inherited from baseline Git revision 39991eb; retained historical capsule/support file,Baseline repository contents; not all historical experiments are part of the current scorecard replay,dff198fc4b4fd09185bc8588d50069ad2119cf876b050da71f62b4e815a6c904,4217,review-branch publication requested by author 2026-10-02; no new license grant; complete external source archives excluded,Git on benchmark-review; no Git LFS; not a tagged final release
experiments/build_mali_physical_dag.py,include,Inherited from baseline Git revision 39991eb; retained historical capsule/support file,Baseline repository contents; not all historical experiments are part of the current scorecard replay,d491d9a522246ae3ed9a5696b79d390818ae4822a2961337c93cd689a9fd36d5,22022,review-branch publication requested by author 2026-10-02; no new license grant; complete external source archives excluded,Git on benchmark-review; no Git LFS; not a tagged final release
experiments/build_mali_ws_compiled_features.py,include,Inherited from baseline Git revision 39991eb; retained historical capsule/support file,Baseline repository contents; not all historical experiments are part of the current scorecard replay,430393ed582f6ee6ac86f3b66d751f582a65ab79bcf0916f0ea3ab4ff0b1db76,12105,review-branch publication requested by author 2026-10-02; no new license grant; complete external source archives excluded,Git on benchmark-review; no Git LFS; not a tagged final release
experiments/build_mali_ws_physical_dag.py,include,Inherited from baseline Git revision 39991eb; retained historical capsule/support file,Baseline repository contents; not all historical experiments are part of the current scorecard replay,00671e4cf67da03cd47c115335f8af7198df25b67b1c8fda416126827006c96e,12466,review-branch publication requested by author 2026-10-02; no new license grant; complete external source archives excluded,Git on benchmark-review; no Git LFS; not a tagged final release
experiments/cudaq_runtime/evaluate_cudaq_matrix.py,include,Inherited from baseline Git revision 39991eb; retained historical capsule/support file,Baseline repository contents; not all historical experiments are part of the current scorecard replay,4f8d20cd461dc67100574bc4cadcd1b0629c8925eb5b8870936ed724cf9b8497,6763,review-branch publication requested by author 2026-10-02; no new license grant; complete external source archives excluded,Git on benchmark-review; no Git LFS; not a tagged final release
experiments/cudaq_runtime/evaluate_cudaq_mps_matrix.py,include,Inherited from baseline Git revision 39991eb; retained historical capsule/support file,Baseline repository contents; not all historical experiments are part of the current scorecard replay,670b463dcf084f590b645c471aac261a0d8ac027f939c5379a99c2aa316ebadd,6607,review-branch publication requested by author 2026-10-02; no new license grant; complete external source archives excluded,Git on benchmark-review; no Git LFS; not a tagged final release
experiments/cudaq_runtime/merge_cudaq_matrix.py,include,Inherited from baseline Git revision 39991eb; retained historical capsule/support file,Baseline repository contents; not all historical experiments are part of the current scorecard replay,fe5bbc096dd5e08e152bd7b992a869c0394efe331877569c9699ef06e588cc29,1025,review-branch publication requested by author 2026-10-02; no new license grant; complete external source archives excluded,Git on benchmark-review; no Git LFS; not a tagged final release
experiments/cudaq_runtime/run_cudaq_matrix.py,include,Inherited from baseline Git revision 39991eb; retained historical capsule/support file,Baseline repository contents; not all historical experiments are part of the current scorecard replay,dc0a081d22eeaa56f9d884df227c614418f4954369ed3676b9360c03da4ed82b,10420,review-branch publication requested by author 2026-10-02; no new license grant; complete external source archives excluded,Git on benchmark-review; no Git LFS; not a tagged final release
experiments/cudaq_runtime/run_cudaq_mps_matrix.py,include,Inherited from baseline Git revision 39991eb; retained historical capsule/support file,Baseline repository contents; not all historical experiments are part of the current scorecard replay,3677b755a10727804247b1144548c5bb49070bee46be28339fd3020d1db127ff,11958,review-branch publication requested by author 2026-10-02; no new license grant; complete external source archives excluded,Git on benchmark-review; no Git LFS; not a tagged final release
experiments/evaluate_mali_azizov_compiled_transfer.py,include,Inherited from baseline Git revision 39991eb; retained historical capsule/support file,Baseline repository contents; not all historical experiments are part of the current scorecard replay,4a90b68148e724c4fa863caeabf658f62b964de6f674a87a7dcbf34c56951384,20074,review-branch publication requested by author 2026-10-02; no new license grant; complete external source archives excluded,Git on benchmark-review; no Git LFS; not a tagged final release
experiments/evaluate_mali_azizov_transpiled_dag_transfer.py,include,Inherited from baseline Git revision 39991eb; retained historical capsule/support file,Baseline repository contents; not all historical experiments are part of the current scorecard replay,7b95cddc74eece811666c350f63da065c77c741ebdaf75610d8e308a7456cefd,22317,review-branch publication requested by author 2026-10-02; no new license grant; complete external source archives excluded,Git on benchmark-review; no Git LFS; not a tagged final release
experiments/evaluate_mali_critical_subgraph.py,include,Inherited from baseline Git revision 39991eb; retained historical capsule/support file,Baseline repository contents; not all historical experiments are part of the current scorecard replay,dd54ccd4fa961ec3d424aa10867f8eba2da1def61c0b9860b88096aa938ba59e,5690,review-branch publication requested by author 2026-10-02; no new license grant; complete external source archives excluded,Git on benchmark-review; no Git LFS; not a tagged final release
experiments/evaluate_mali_feature_ablation.py,include,Inherited from baseline Git revision 39991eb; retained historical capsule/support file,Baseline repository contents; not all historical experiments are part of the current scorecard replay,7ccd4761930335eed43d34aa51f81ac3464e5d44431d58177dc21feb60f8c8f7,9393,review-branch publication requested by author 2026-10-02; no new license grant; complete external source archives excluded,Git on benchmark-review; no Git LFS; not a tagged final release
experiments/evaluate_mali_physical_baselines.py,include,Inherited from baseline Git revision 39991eb; retained historical capsule/support file,Baseline repository contents; not all historical experiments are part of the current scorecard replay,23af9450467c1e8f6f45332e435e1804aa64e5101458955cfcfb689bc0ad7637,14475,review-branch publication requested by author 2026-10-02; no new license grant; complete external source archives excluded,Git on benchmark-review; no Git LFS; not a tagged final release
experiments/evaluate_mali_simulator_assisted_family_transfer.py,include,Inherited from baseline Git revision 39991eb; retained historical capsule/support file,Baseline repository contents; not all historical experiments are part of the current scorecard replay,a5cf1b0bd971e04882b517758929aa3d7bfa98d4b3ac88a85eeeff10d8271c80,24605,review-branch publication requested by author 2026-10-02; no new license grant; complete external source archives excluded,Git on benchmark-review; no Git LFS; not a tagged final release
experiments/evaluate_mali_strict_transfer_screen.py,include,Inherited from baseline Git revision 39991eb; retained historical capsule/support file,Baseline repository contents; not all historical experiments are part of the current scorecard replay,4ffe2cc0d2e984f856a65b97fc333a9dbe749fb92ee98d7f2103e09ad53ed7fa,6072,review-branch publication requested by author 2026-10-02; no new license grant; complete external source archives excluded,Git on benchmark-review; no Git LFS; not a tagged final release
experiments/evaluate_mali_topology_controls.py,include,Inherited from baseline Git revision 39991eb; retained historical capsule/support file,Baseline repository contents; not all historical experiments are part of the current scorecard replay,83321e1b23bec52583a60f9533d0b66b6ac35bcd567f6ce5c9a8c16c8b0a404d,8365,review-branch publication requested by author 2026-10-02; no new license grant; complete external source archives excluded,Git on benchmark-review; no Git LFS; not a tagged final release
experiments/evaluate_mali_unseen_family_transfer.py,include,Inherited from baseline Git revision 39991eb; retained historical capsule/support file,Baseline repository contents; not all historical experiments are part of the current scorecard replay,185f3fb67325ce85ee25eb5164461818a8ec7333ec1ff8d8318cf419c305b347,15862,review-branch publication requested by author 2026-10-02; no new license grant; complete external source archives excluded,Git on benchmark-review; no Git LFS; not a tagged final release
experiments/mali_family_feature_space_audit.py,include,Inherited from baseline Git revision 39991eb; retained historical capsule/support file,Baseline repository contents; not all historical experiments are part of the current scorecard replay,cad9672cc4bea4bd72e906d72b32a8e54378d1935e1ae59e76193ae5c7512e4c,29184,review-branch publication requested by author 2026-10-02; no new license grant; complete external source archives excluded,Git on benchmark-review; no Git LFS; not a tagged final release
experiments/mali_family_ood_common.py,include,Inherited from baseline Git revision 39991eb; retained historical capsule/support file,Baseline repository contents; not all historical experiments are part of the current scorecard replay,ea5bfc5d9b824c991e580382a577644f79bb92e74b4a0bb38699a1f8d5e82828,12644,review-branch publication requested by author 2026-10-02; no new license grant; complete external source archives excluded,Git on benchmark-review; no Git LFS; not a tagged final release
experiments/mali_graph_intervention_audit.py,include,Inherited from baseline Git revision 39991eb; retained historical capsule/support file,Baseline repository contents; not all historical experiments are part of the current scorecard replay,3e8c9a4dd6b286d45a3fc88fae322348603d1ef35c715586a04ed04d0180ba3e,10636,review-branch publication requested by author 2026-10-02; no new license grant; complete external source archives excluded,Git on benchmark-review; no Git LFS; not a tagged final release
experiments/mali_ood_and_duplicate_validation.py,include,Inherited from baseline Git revision 39991eb; retained historical capsule/support file,Baseline repository contents; not all historical experiments are part of the current scorecard replay,993eaa58d65ab27711f15e253c273cabf07b6c870ba3c96adb3cecb8a452fa46,14025,review-branch publication requested by author 2026-10-02; no new license grant; complete external source archives excluded,Git on benchmark-review; no Git LFS; not a tagged final release
experiments/mali_qcre_proxy.py,include,Inherited from baseline Git revision 39991eb; retained historical capsule/support file,Baseline repository contents; not all historical experiments are part of the current scorecard replay,cde147ad5d0c6b3048e36d9549d56490f07967b628db8535933f603e12980f22,23222,review-branch publication requested by author 2026-10-02; no new license grant; complete external source archives excluded,Git on benchmark-review; no Git LFS; not a tagged final release
experiments/mali_qcre_seed_sensitivity.py,include,Inherited from baseline Git revision 39991eb; retained historical capsule/support file,Baseline repository contents; not all historical experiments are part of the current scorecard replay,d4fd30aefe6bed1478a255913a93b6b079f7fadd038a6dc268406a4e20644b3a,9574,review-branch publication requested by author 2026-10-02; no new license grant; complete external source archives excluded,Git on benchmark-review; no Git LFS; not a tagged final release
experiments/mali_qcre_validation.py,include,Inherited from baseline Git revision 39991eb; retained historical capsule/support file,Baseline repository contents; not all historical experiments are part of the current scorecard replay,0e82fe77d002075abc074f67fdfac08c5fc7760bff9dbae971e61ce7566ff0d7,20053,review-branch publication requested by author 2026-10-02; no new license grant; complete external source archives excluded,Git on benchmark-review; no Git LFS; not a tagged final release
experiments/mali_qwalk_forensics.py,include,Inherited from baseline Git revision 39991eb; retained historical capsule/support file,Baseline repository contents; not all historical experiments are part of the current scorecard replay,1212c7376558f7244629a51de529d8d1ebc8c65bd5c4f1fa19f5bff384e7a2da,8645,review-branch publication requested by author 2026-10-02; no new license grant; complete external source archives excluded,Git on benchmark-review; no Git LFS; not a tagged final release
experiments/mali_snapshot_variability.py,include,Inherited from baseline Git revision 39991eb; retained historical capsule/support file,Baseline repository contents; not all historical experiments are part of the current scorecard replay,62a9c9827d4b66485b22c8c92ec2fcdcf71d017035527a8384d2cc490e4eea61,11207,review-branch publication requested by author 2026-10-02; no new license grant; complete external source archives excluded,Git on benchmark-review; no Git LFS; not a tagged final release
experiments/mali_split_audit.py,include,Inherited from baseline Git revision 39991eb; retained historical capsule/support file,Baseline repository contents; not all historical experiments are part of the current scorecard replay,165edd9c6489ad331e49355aa5f1415d0c6504939cdbe98572b897bd56c2f0ee,13740,review-branch publication requested by author 2026-10-02; no new license grant; complete external source archives excluded,Git on benchmark-review; no Git LFS; not a tagged final release
experiments/mali_strict_transfer_logical_screen.py,include,Inherited from baseline Git revision 39991eb; retained historical capsule/support file,Baseline repository contents; not all historical experiments are part of the current scorecard replay,7da04c630a26c4723be96293c9c8f1bc82aa6391755480c6413e51a4d862459e,12128,review-branch publication requested by author 2026-10-02; no new license grant; complete external source archives excluded,Git on benchmark-review; no Git LFS; not a tagged final release
experiments/mali_transpiled_dag_common.py,include,Inherited from baseline Git revision 39991eb; retained historical capsule/support file,Baseline repository contents; not all historical experiments are part of the current scorecard replay,59f255753a64b7acb57f430f103b6978256ab6ecb1b350422e01b80d5d0c6475,6062,review-branch publication requested by author 2026-10-02; no new license grant; complete external source archives excluded,Git on benchmark-review; no Git LFS; not a tagged final release
experiments/mali_uncertainty_calibration.py,include,Inherited from baseline Git revision 39991eb; retained historical capsule/support file,Baseline repository contents; not all historical experiments are part of the current scorecard replay,1359dee3b15e0a6d45fb25a1708f804f9e400da707b9a1a3c550f44a54394260,10335,review-branch publication requested by author 2026-10-02; no new license grant; complete external source archives excluded,Git on benchmark-review; no Git LFS; not a tagged final release
experiments/qonductor_mapping_audit.py,include,Inherited from baseline Git revision 39991eb; retained historical capsule/support file,Baseline repository contents; not all historical experiments are part of the current scorecard replay,17663b596c69cedbe84591ac657d180046267ba5f6c5a72afed984a49f090866,5707,review-branch publication requested by author 2026-10-02; no new license grant; complete external source archives excluded,Git on benchmark-review; no Git LFS; not a tagged final release
experiments/requirements-mali-direct-estimator.txt,include,Inherited from baseline Git revision 39991eb; retained historical capsule/support file,Baseline repository contents; not all historical experiments are part of the current scorecard replay,afd6752c3507f8f0092a9d4465e368b429d103309613c7d8637f5501b4ea58ce,312,review-branch publication requested by author 2026-10-02; no new license grant; complete external source archives excluded,Git on benchmark-review; no Git LFS; not a tagged final release
experiments/run_mali_direct_estimator.py,include,Inherited from baseline Git revision 39991eb; retained historical capsule/support file,Baseline repository contents; not all historical experiments are part of the current scorecard replay,874cb3cc17caeae01544e30600a3be6505e476927f92d69f9786dc9d7007af87,26170,review-branch publication requested by author 2026-10-02; no new license grant; complete external source archives excluded,Git on benchmark-review; no Git LFS; not a tagged final release
experiments/simulator_papers/README.md,include,Inherited from baseline Git revision 39991eb; retained historical capsule/support file,Baseline repository contents; not all historical experiments are part of the current scorecard replay,9e17b6ce0372ee2ad59a7474ec23ca38c75c5504f1636ab131d7bed4ceda2510,9744,review-branch publication requested by author 2026-10-02; no new license grant; complete external source archives excluded,Git on benchmark-review; no Git LFS; not a tagged final release
experiments/simulator_papers/analyze_validation_pass.py,include,Inherited from baseline Git revision 39991eb; retained historical capsule/support file,Baseline repository contents; not all historical experiments are part of the current scorecard replay,51b317b5dd4f968180d0061fcb1f7777db7647879848ba9c3ee82e646a299e63,19339,review-branch publication requested by author 2026-10-02; no new license grant; complete external source archives excluded,Git on benchmark-review; no Git LFS; not a tagged final release
experiments/simulator_papers/evaluate_aer_runtime_intervals.py,include,Inherited from baseline Git revision 39991eb; retained historical capsule/support file,Baseline repository contents; not all historical experiments are part of the current scorecard replay,a7c7b1fcffae113ece6d6121923ee99d99df8f9ad88c0f9984d3f4a31ee7c791,7496,review-branch publication requested by author 2026-10-02; no new license grant; complete external source archives excluded,Git on benchmark-review; no Git LFS; not a tagged final release
experiments/simulator_papers/evaluate_explicit_plan_ranking_proxy.py,include,Inherited from baseline Git revision 39991eb; retained historical capsule/support file,Baseline repository contents; not all historical experiments are part of the current scorecard replay,6203f25d8169ce877ab542b0f9a814ef8d0e1624e9705f253e54e2acefe8ad04,5262,review-branch publication requested by author 2026-10-02; no new license grant; complete external source archives excluded,Git on benchmark-review; no Git LFS; not a tagged final release
experiments/simulator_papers/evaluate_family_aware_threshold_proxy.py,include,Inherited from baseline Git revision 39991eb; retained historical capsule/support file,Baseline repository contents; not all historical experiments are part of the current scorecard replay,cf6ce1b23ea9c3437ca86812effeeae83979118290dfbd55c8766d382a23895f,9314,review-branch publication requested by author 2026-10-02; no new license grant; complete external source archives excluded,Git on benchmark-review; no Git LFS; not a tagged final release
experiments/simulator_papers/evaluate_plan_ranking_proxy.py,include,Inherited from baseline Git revision 39991eb; retained historical capsule/support file,Baseline repository contents; not all historical experiments are part of the current scorecard replay,b31e53233b84d6f7b894369e657a137615437f6f0ce3d25ef33d8f5cd7fd07ae,9903,review-branch publication requested by author 2026-10-02; no new license grant; complete external source archives excluded,Git on benchmark-review; no Git LFS; not a tagged final release
experiments/simulator_papers/evaluate_precision_policy.py,include,Inherited from baseline Git revision 39991eb; retained historical capsule/support file,Baseline repository contents; not all historical experiments are part of the current scorecard replay,20529dbadc530d1de17b034604e9efd2ea36238a8acf314eea5e5185fcbf0969,9813,review-branch publication requested by author 2026-10-02; no new license grant; complete external source archives excluded,Git on benchmark-review; no Git LFS; not a tagged final release
experiments/simulator_papers/evaluate_precision_selection_proxy.py,include,Inherited from baseline Git revision 39991eb; retained historical capsule/support file,Baseline repository contents; not all historical experiments are part of the current scorecard replay,287aff7b1b463f2a521ba2114d02feb66eb6b61fc80ff99d1d3e7450e50e5192,5198,review-branch publication requested by author 2026-10-02; no new license grant; complete external source archives excluded,Git on benchmark-review; no Git LFS; not a tagged final release
experiments/simulator_papers/evaluate_vqcsim_runtime_estimator.py,include,Inherited from baseline Git revision 39991eb; retained historical capsule/support file,Baseline repository contents; not all historical experiments are part of the current scorecard replay,2727228e7204db98a9a6bef7c266a2d7cd3d610aadba220b8eef1dcc96f76015,9727,review-branch publication requested by author 2026-10-02; no new license grant; complete external source archives excluded,Git on benchmark-review; no Git LFS; not a tagged final release
experiments/simulator_papers/evaluate_zero_setup_pps_estimator.py,include,Inherited from baseline Git revision 39991eb; retained historical capsule/support file,Baseline repository contents; not all historical experiments are part of the current scorecard replay,d2ee732306610b900ab9026e8492a95c6fe314ba43dc71f5d1c72b220a49228a,6221,review-branch publication requested by author 2026-10-02; no new license grant; complete external source archives excluded,Git on benchmark-review; no Git LFS; not a tagged final release
experiments/simulator_papers/relativize_vqcsim_records.py,include,Inherited from baseline Git revision 39991eb; retained historical capsule/support file,Baseline repository contents; not all historical experiments are part of the current scorecard replay,6e9e21820ef97428d715c5877b28d62e1fbcbc82938bc3fd0c932eedce6bfbcf,2941,review-branch publication requested by author 2026-10-02; no new license grant; complete external source archives excluded,Git on benchmark-review; no Git LFS; not a tagged final release
experiments/simulator_papers/run_explicit_plan_ranking_proxy.py,include,Inherited from baseline Git revision 39991eb; retained historical capsule/support file,Baseline repository contents; not all historical experiments are part of the current scorecard replay,83df84acad806d3966ea6359589f72ba09a554c48a8542f1a4501d1943a8f214,11369,review-branch publication requested by author 2026-10-02; no new license grant; complete external source archives excluded,Git on benchmark-review; no Git LFS; not a tagged final release
experiments/simulator_papers/run_precision_selection_proxy.py,include,Inherited from baseline Git revision 39991eb; retained historical capsule/support file,Baseline repository contents; not all historical experiments are part of the current scorecard replay,751ac0d6c221f9e3848f17bee92cc4f1a7d13c9667acd52b7a6d36666a8832dc,8074,review-branch publication requested by author 2026-10-02; no new license grant; complete external source archives excluded,Git on benchmark-review; no Git LFS; not a tagged final release
experiments/simulator_papers/run_zero_setup_pps_canary.py,include,Inherited from baseline Git revision 39991eb; retained historical capsule/support file,Baseline repository contents; not all historical experiments are part of the current scorecard replay,b7f52f43ee96d51f72f4ca22fa5e0fb4d3176c00fca1c87238655c73d23112c4,9550,review-branch publication requested by author 2026-10-02; no new license grant; complete external source archives excluded,Git on benchmark-review; no Git LFS; not a tagged final release
experiments/simulator_papers/run_zero_setup_pps_grid.py,include,Inherited from baseline Git revision 39991eb; retained historical capsule/support file,Baseline repository contents; not all historical experiments are part of the current scorecard replay,b2f4f9f7b1d21f0e039e46613d79667b178a1f944c50eb9648e25c518c191c6b,7010,review-branch publication requested by author 2026-10-02; no new license grant; complete external source archives excluded,Git on benchmark-review; no Git LFS; not a tagged final release
experiments/simulator_runtime_v1/README.md,include,Inherited from baseline Git revision 39991eb; retained historical capsule/support file,Baseline repository contents; not all historical experiments are part of the current scorecard replay,9b8e96cb2d934067aec385b7f4ba0637364a3d13b62a664a33625e1ed113e3bc,3776,review-branch publication requested by author 2026-10-02; no new license grant; complete external source archives excluded,Git on benchmark-review; no Git LFS; not a tagged final release
experiments/simulator_runtime_v1/evaluate_torch_statevector_matrix.py,include,Inherited from baseline Git revision 39991eb; retained historical capsule/support file,Baseline repository contents; not all historical experiments are part of the current scorecard replay,7e51306a7a651b64d2d8c147dbaf4e3d27884a28365195a96be46a0abb3332fd,10127,review-branch publication requested by author 2026-10-02; no new license grant; complete external source archives excluded,Git on benchmark-review; no Git LFS; not a tagged final release
experiments/simulator_runtime_v1/requirements-evaluation.txt,include,Inherited from baseline Git revision 39991eb; retained historical capsule/support file,Baseline repository contents; not all historical experiments are part of the current scorecard replay,2fc9744580b3b3bda717d25fb3c8ded2cbe7ac6cef0553327924126ae0fc2a71,47,review-branch publication requested by author 2026-10-02; no new license grant; complete external source archives excluded,Git on benchmark-review; no Git LFS; not a tagged final release
experiments/simulator_runtime_v1/run_torch_statevector_matrix.py,include,Inherited from baseline Git revision 39991eb; retained historical capsule/support file,Baseline repository contents; not all historical experiments are part of the current scorecard replay,eb2d526f9fbae66b1fb59a7bbd5652937d868603791990104ef958b5806e8d2e,22329,review-branch publication requested by author 2026-10-02; no new license grant; complete external source archives excluded,Git on benchmark-review; no Git LFS; not a tagged final release
experiments/simulator_runtime_v1/summarize_torch_statevector_matrix.py,include,Inherited from baseline Git revision 39991eb; retained historical capsule/support file,Baseline repository contents; not all historical experiments are part of the current scorecard replay,a334e25188bb7a1cf8b8742856d342400dc72fdd938df12fa9036369e9ed2d23,9626,review-branch publication requested by author 2026-10-02; no new license grant; complete external source archives excluded,Git on benchmark-review; no Git LFS; not a tagged final release
experiments/simulator_runtime_v2/EXPERIMENT_PROTOCOL.md,include,Inherited from baseline Git revision 39991eb; retained historical capsule/support file,Baseline repository contents; not all historical experiments are part of the current scorecard replay,71968d70af369c2664eb23ebac6a208dd58e0d888b5e5a86dc0f4a8a53ab1fca,3899,review-branch publication requested by author 2026-10-02; no new license grant; complete external source archives excluded,Git on benchmark-review; no Git LFS; not a tagged final release
experiments/simulator_runtime_v2/README.md,include,Inherited from baseline Git revision 39991eb; retained historical capsule/support file,Baseline repository contents; not all historical experiments are part of the current scorecard replay,935f46d7f66c096f23b09296ea8026fcf64dc1ea7125ebffb52821898c8c9d0b,5518,review-branch publication requested by author 2026-10-02; no new license grant; complete external source archives excluded,Git on benchmark-review; no Git LFS; not a tagged final release
experiments/simulator_runtime_v2/build_corpus.py,include,Inherited from baseline Git revision 39991eb; retained historical capsule/support file,Baseline repository contents; not all historical experiments are part of the current scorecard replay,61e3fbf84cfff58b605f27f020b41015f2891a56b0454b077f6887fa8e654399,4335,review-branch publication requested by author 2026-10-02; no new license grant; complete external source archives excluded,Git on benchmark-review; no Git LFS; not a tagged final release
experiments/simulator_runtime_v2/evaluate_runtime_v2.py,include,Inherited from baseline Git revision 39991eb; retained historical capsule/support file,Baseline repository contents; not all historical experiments are part of the current scorecard replay,f4ad66c5c3d16e3b5712737d216e28843ca7c2ea0992ed01700f6dc5597845d8,18601,review-branch publication requested by author 2026-10-02; no new license grant; complete external source archives excluded,Git on benchmark-review; no Git LFS; not a tagged final release
experiments/simulator_runtime_v2/features.py,include,Inherited from baseline Git revision 39991eb; retained historical capsule/support file,Baseline repository contents; not all historical experiments are part of the current scorecard replay,3f93d1ec0ee6e3c14396646d6417105d1b3b7f21c3548a6496bff3f7484582eb,2653,review-branch publication requested by author 2026-10-02; no new license grant; complete external source archives excluded,Git on benchmark-review; no Git LFS; not a tagged final release
experiments/simulator_runtime_v2/requirements-evaluation.txt,include,Inherited from baseline Git revision 39991eb; retained historical capsule/support file,Baseline repository contents; not all historical experiments are part of the current scorecard replay,2fc9744580b3b3bda717d25fb3c8ded2cbe7ac6cef0553327924126ae0fc2a71,47,review-branch publication requested by author 2026-10-02; no new license grant; complete external source archives excluded,Git on benchmark-review; no Git LFS; not a tagged final release
experiments/simulator_runtime_v2/run_dense_statevector_v2.py,include,Inherited from baseline Git revision 39991eb; retained historical capsule/support file,Baseline repository contents; not all historical experiments are part of the current scorecard replay,a734dc89218ce3f897226578de7be4bbc4c1feeb3cf11b2c189e2742be69a177,16832,review-branch publication requested by author 2026-10-02; no new license grant; complete external source archives excluded,Git on benchmark-review; no Git LFS; not a tagged final release
experiments/simulator_runtime_v2/summarize_runtime_v2.py,include,Inherited from baseline Git revision 39991eb; retained historical capsule/support file,Baseline repository contents; not all historical experiments are part of the current scorecard replay,ed33b2144a3a2098afa827c08256d3876693dab5af950da2c5fabde8359682ee,10687,review-branch publication requested by author 2026-10-02; no new license grant; complete external source archives excluded,Git on benchmark-review; no Git LFS; not a tagged final release
experiments/train_mali_layer_dag_rnn.py,include,Inherited from baseline Git revision 39991eb; retained historical capsule/support file,Baseline repository contents; not all historical experiments are part of the current scorecard replay,8115d596fdeee4a7bd91f281d74cf080915d2b86dee672df8d3e200d12e7ea3b,14440,review-branch publication requested by author 2026-10-02; no new license grant; complete external source archives excluded,Git on benchmark-review; no Git LFS; not a tagged final release
experiments/train_mali_topology_controls.py,include,Inherited from baseline Git revision 39991eb; retained historical capsule/support file,Baseline repository contents; not all historical experiments are part of the current scorecard replay,afe1e7254297255d4360368ffeb79792adacf8880500aa7f17a84fd2234f5bf4,15322,review-branch publication requested by author 2026-10-02; no new license grant; complete external source archives excluded,Git on benchmark-review; no Git LFS; not a tagged final release
scripts/bootstrap_upstreams.sh,include,Inherited from baseline Git revision 39991eb; retained historical capsule/support file,Baseline repository contents; not all historical experiments are part of the current scorecard replay,f7e9eb88c1df6ed2647b6164c5a77ce27afad054aefb7bbab25b80f4dee5b13d,2312,review-branch publication requested by author 2026-10-02; no new license grant; complete external source archives excluded,Git on benchmark-review; no Git LFS; not a tagged final release
scripts/verify_artifacts.py,include,Inherited from baseline Git revision 39991eb; retained historical capsule/support file,Baseline repository contents; not all historical experiments are part of the current scorecard replay,1363a18cfb378607a9555614599944849311ce0c68ff8fa75a129889a6a2e677,72992,review-branch publication requested by author 2026-10-02; no new license grant; complete external source archives excluded,Git on benchmark-review; no Git LFS; not a tagged final release
scripts/verify_release_inventory.py,include,"Required helper, deterministic table builder, validator, regression tests or candidate payload hash checker",docs/reproduction.md clean-clone verification commands,717326089970bd9c4af17f832e0185dab5275118ee32e7a15cd1f3589d850d31,3355,review-branch publication requested by author 2026-10-02; no new license grant; complete external source archives excluded,Git on benchmark-review; no Git LFS; not a tagged final release
tracks/azizov_independent/README.md,include,Inherited from baseline Git revision 39991eb; retained historical capsule/support file,Baseline repository contents; not all historical experiments are part of the current scorecard replay,8d0b3b40aa89ecbfe6ecd953053220955fb27531f05584bbd3458ef28c29129f,7205,review-branch publication requested by author 2026-10-02; no new license grant; complete external source archives excluded,Git on benchmark-review; no Git LFS; not a tagged final release
tracks/azizov_independent/requirements.txt,include,Inherited from baseline Git revision 39991eb; retained historical capsule/support file,Baseline repository contents; not all historical experiments are part of the current scorecard replay,04210ed0663c77205d09497f45a6fecb7467b33a1fbdf05bb2c067fdeb91c3e9,78,review-branch publication requested by author 2026-10-02; no new license grant; complete external source archives excluded,Git on benchmark-review; no Git LFS; not a tagged final release
tracks/azizov_independent/scripts/build_feasible_subset.py,include,Inherited from baseline Git revision 39991eb; retained historical capsule/support file,Baseline repository contents; not all historical experiments are part of the current scorecard replay,6bdb85dbf1a5f5e1d893ad52f91a017ce07742a09bc2c32225ecaaa087a3a61f,2196,review-branch publication requested by author 2026-10-02; no new license grant; complete external source archives excluded,Git on benchmark-review; no Git LFS; not a tagged final release
tracks/azizov_independent/scripts/build_manifest.py,include,Inherited from baseline Git revision 39991eb; retained historical capsule/support file,Baseline repository contents; not all historical experiments are part of the current scorecard replay,e6005368607db94e4451f7f4cdd549c02fba00b019be90559aeec6f1c1bd6f28,3115,review-branch publication requested by author 2026-10-02; no new license grant; complete external source archives excluded,Git on benchmark-review; no Git LFS; not a tagged final release
tracks/azizov_independent/scripts/compare_feature_blocks.py,include,Inherited from baseline Git revision 39991eb; retained historical capsule/support file,Baseline repository contents; not all historical experiments are part of the current scorecard replay,cd85921a4dfccb2aa23e36c8e84c7fea798438e89ecd8627829a1d896cedaca2,3510,review-branch publication requested by author 2026-10-02; no new license grant; complete external source archives excluded,Git on benchmark-review; no Git LFS; not a tagged final release
tracks/azizov_independent/scripts/evaluate_subset_splits.py,include,Inherited from baseline Git revision 39991eb; retained historical capsule/support file,Baseline repository contents; not all historical experiments are part of the current scorecard replay,3b3c43f748bee57efc48bac31aab837929fb2f5f64cabbcdf3dfdd2ba98e4e34,7045,review-branch publication requested by author 2026-10-02; no new license grant; complete external source archives excluded,Git on benchmark-review; no Git LFS; not a tagged final release
tracks/azizov_independent/scripts/run_matrix.py,include,Inherited from baseline Git revision 39991eb; retained historical capsule/support file,Baseline repository contents; not all historical experiments are part of the current scorecard replay,691c6e3023889be5a50ed9eed14ecdbc8d04c7c3622903e51adc06c43a2809ff,10925,review-branch publication requested by author 2026-10-02; no new license grant; complete external source archives excluded,Git on benchmark-review; no Git LFS; not a tagged final release
tracks/azizov_independent/scripts/run_p0_smoke.py,include,Inherited from baseline Git revision 39991eb; retained historical capsule/support file,Baseline repository contents; not all historical experiments are part of the current scorecard replay,17eb0f53068b7febb86d60f772afbe25617181fa2965fa06fcbe3b05fe302964,7206,review-branch publication requested by author 2026-10-02; no new license grant; complete external source archives excluded,Git on benchmark-review; no Git LFS; not a tagged final release
tracks/azizov_independent/scripts/run_resource_canary.py,include,Inherited from baseline Git revision 39991eb; retained historical capsule/support file,Baseline repository contents; not all historical experiments are part of the current scorecard replay,7ca8fc2c8179f00807e7b5f2ed2c29a1eb211c23d9465670f21ee58f1b993971,10713,review-branch publication requested by author 2026-10-02; no new license grant; complete external source archives excluded,Git on benchmark-review; no Git LFS; not a tagged final release
tracks/azizov_independent/scripts/summarize_matrix.py,include,Inherited from baseline Git revision 39991eb; retained historical capsule/support file,Baseline repository contents; not all historical experiments are part of the current scorecard replay,8677f60ae6c12aa3e2923a1682b730b19a5b710d36dfdf3a2799c3f430e7c80f,3130,review-branch publication requested by author 2026-10-02; no new license grant; complete external source archives excluded,Git on benchmark-review; no Git LFS; not a tagged final release
tracks/azizov_independent/scripts/summarize_p0.py,include,Inherited from baseline Git revision 39991eb; retained historical capsule/support file,Baseline repository contents; not all historical experiments are part of the current scorecard replay,7e500c00bc1cccf66e4a18701e9700d33fea712f06fe217a8c5507f53d633cd5,4613,review-branch publication requested by author 2026-10-02; no new license grant; complete external source archives excluded,Git on benchmark-review; no Git LFS; not a tagged final release
tracks/azizov_independent/scripts/train_p0_baselines.py,include,Inherited from baseline Git revision 39991eb; retained historical capsule/support file,Baseline repository contents; not all historical experiments are part of the current scorecard replay,b27a5accdd1c4174699ea4cf326c84a1314e6bd7d0e23fe06880b493c3383bcf,3602,review-branch publication requested by author 2026-10-02; no new license grant; complete external source archives excluded,Git on benchmark-review; no Git LFS; not a tagged final release
tracks/cdaa_qcre/README.md,include,Inherited from baseline Git revision 39991eb; retained historical capsule/support file,Baseline repository contents; not all historical experiments are part of the current scorecard replay,65f4d9539704381ec5f801d927c677fddda91d4ee564d345209cfa299847f9f3,1228,review-branch publication requested by author 2026-10-02; no new license grant; complete external source archives excluded,Git on benchmark-review; no Git LFS; not a tagged final release
tracks/cdaa_qcre/cdaa_overlay/2_analysis/figs.py,include,Inherited from baseline Git revision 39991eb; retained historical capsule/support file,Baseline repository contents; not all historical experiments are part of the current scorecard replay,6ab1d7f1892ae2cf8564cd8737df609fa567ed5764cd39f3af491ee84b1f8ed6,31003,review-branch publication requested by author 2026-10-02; no new license grant; complete external source archives excluded,Git on benchmark-review; no Git LFS; not a tagged final release
tracks/cdaa_qcre/data/instruction_durations/SNAPSHOT_MANIFEST.csv,include,Inherited from baseline Git revision 39991eb; retained historical capsule/support file,Baseline repository contents; not all historical experiments are part of the current scorecard replay,7f0b4bd215fe0945ebff9c300650f62c54b33e3c8b83741577940090f48ebf67,1150,review-branch publication requested by author 2026-10-02; no new license grant; complete external source archives excluded,Git on benchmark-review; no Git LFS; not a tagged final release
tracks/cdaa_qcre/data/instruction_durations/ibm_aachen_inst_dur.txt,include,Inherited from baseline Git revision 39991eb; retained historical capsule/support file,Baseline repository contents; not all historical experiments are part of the current scorecard replay,0a19073a3c6370a3dcbece1219f4d9235dc9a1b8866947dcf74ecd88c4bd1f8e,26784,review-branch publication requested by author 2026-10-02; no new license grant; complete external source archives excluded,Git on benchmark-review; no Git LFS; not a tagged final release
tracks/cdaa_qcre/data/instruction_durations/ibm_brisbane_inst_dur.txt,include,Inherited from baseline Git revision 39991eb; retained historical capsule/support file,Baseline repository contents; not all historical experiments are part of the current scorecard replay,699462b05c02cded0f4175bb9da53d4dce8001acdfaca0e536c346794a4f7c33,17675,review-branch publication requested by author 2026-10-02; no new license grant; complete external source archives excluded,Git on benchmark-review; no Git LFS; not a tagged final release
tracks/cdaa_qcre/data/instruction_durations/ibm_kingston_inst_dur.txt,include,Inherited from baseline Git revision 39991eb; retained historical capsule/support file,Baseline repository contents; not all historical experiments are part of the current scorecard replay,dfcae527d6cd9b5309f9f162bd6302446b078c5ac4a45c09731ea3142b6baf24,26945,review-branch publication requested by author 2026-10-02; no new license grant; complete external source archives excluded,Git on benchmark-review; no Git LFS; not a tagged final release
tracks/cdaa_qcre/data/instruction_durations/ibm_kyiv_inst_dur.txt,include,Inherited from baseline Git revision 39991eb; retained historical capsule/support file,Baseline repository contents; not all historical experiments are part of the current scorecard replay,35018e49afc5815f894d16f7ed0c3c6c394e7170dc0c84e77d98a595aaf130bc,29470,review-branch publication requested by author 2026-10-02; no new license grant; complete external source archives excluded,Git on benchmark-review; no Git LFS; not a tagged final release
tracks/cdaa_qcre/data/instruction_durations/ibm_marrakesh_inst_dur.txt,include,Inherited from baseline Git revision 39991eb; retained historical capsule/support file,Baseline repository contents; not all historical experiments are part of the current scorecard replay,2156f4cefd3f13d14c9f8c93b25b45a089cc10444cad0c6336364ed96da2aab1,26905,review-branch publication requested by author 2026-10-02; no new license grant; complete external source archives excluded,Git on benchmark-review; no Git LFS; not a tagged final release
tracks/cdaa_qcre/data/instruction_durations/ibm_sherbrooke_inst_dur.txt,include,Inherited from baseline Git revision 39991eb; retained historical capsule/support file,Baseline repository contents; not all historical experiments are part of the current scorecard replay,b7626662c4f8707648ef59eafba7ebfd4990874f0ca84e7eb066b3093eeac535,28053,review-branch publication requested by author 2026-10-02; no new license grant; complete external source archives excluded,Git on benchmark-review; no Git LFS; not a tagged final release
tracks/cdaa_qcre/independent/compile.py,include,Inherited from baseline Git revision 39991eb; retained historical capsule/support file,Baseline repository contents; not all historical experiments are part of the current scorecard replay,4ae99f8f2c1fbc5544abb7f69d38f9595943538794c93ce719211c86495da846,5264,review-branch publication requested by author 2026-10-02; no new license grant; complete external source archives excluded,Git on benchmark-review; no Git LFS; not a tagged final release
tracks/cdaa_qcre/independent/independent_all_metrics.py,include,Inherited from baseline Git revision 39991eb; retained historical capsule/support file,Baseline repository contents; not all historical experiments are part of the current scorecard replay,961632e7c052b10afc28226aa9023d6bec850d818dec078f66996da898c7ebb5,439,review-branch publication requested by author 2026-10-02; no new license grant; complete external source archives excluded,Git on benchmark-review; no Git LFS; not a tagged final release
tracks/cdaa_qcre/independent/independent_metrics.py,include,Inherited from baseline Git revision 39991eb; retained historical capsule/support file,Baseline repository contents; not all historical experiments are part of the current scorecard replay,5f5a6c7c6d4949d22cd0f29d7c857cba073079c86e57660807e64a0b6e4fa130,5151,review-branch publication requested by author 2026-10-02; no new license grant; complete external source archives excluded,Git on benchmark-review; no Git LFS; not a tagged final release
tracks/cdaa_qcre/independent/offline_qiskit_compile.py,include,Inherited from baseline Git revision 39991eb; retained historical capsule/support file,Baseline repository contents; not all historical experiments are part of the current scorecard replay,a9894d0ac88d1e7d2b1910a5629bcd42c438170eef08c0cb5ffd7d34a1d812c7,1947,review-branch publication requested by author 2026-10-02; no new license grant; complete external source archives excluded,Git on benchmark-review; no Git LFS; not a tagged final release
tracks/cdaa_qcre/independent/offline_qiskit_translate.py,include,Inherited from baseline Git revision 39991eb; retained historical capsule/support file,Baseline repository contents; not all historical experiments are part of the current scorecard replay,6057c4e491bdc0fa417688d015911e89be8d9aae50ff6978a84cec980e90c93e,1471,review-branch publication requested by author 2026-10-02; no new license grant; complete external source archives excluded,Git on benchmark-review; no Git LFS; not a tagged final release
tracks/cdaa_qcre/independent/offline_tket_compile.py,include,Inherited from baseline Git revision 39991eb; retained historical capsule/support file,Baseline repository contents; not all historical experiments are part of the current scorecard replay,39a44b51378dd9c6ababa0819428d4c27e39fb55e88d8c17feed698e04653107,2149,review-branch publication requested by author 2026-10-02; no new license grant; complete external source archives excluded,Git on benchmark-review; no Git LFS; not a tagged final release
tracks/cdaa_qcre/independent/offline_tket_translate.py,include,Inherited from baseline Git revision 39991eb; retained historical capsule/support file,Baseline repository contents; not all historical experiments are part of the current scorecard replay,e0f16da029e9fd7bf9866d529832499b093f13d7aa87aa08b72fd11927f5f769,1159,review-branch publication requested by author 2026-10-02; no new license grant; complete external source archives excluded,Git on benchmark-review; no Git LFS; not a tagged final release
tracks/cdaa_qcre/independent/offline_translate.py,include,Inherited from baseline Git revision 39991eb; retained historical capsule/support file,Baseline repository contents; not all historical experiments are part of the current scorecard replay,e8d0371114c637b8435f739e3891203a00c11e7452cb5a58997297f2d0a13a27,3457,review-branch publication requested by author 2026-10-02; no new license grant; complete external source archives excluded,Git on benchmark-review; no Git LFS; not a tagged final release
tracks/cdaa_qcre/independent/sqgm/ag.py,include,Inherited from baseline Git revision 39991eb; retained historical capsule/support file,Baseline repository contents; not all historical experiments are part of the current scorecard replay,88817990298b0f6f63a958c12d83a1f46d16d5d61ba4a25a3a115169c42d3a1a,5750,review-branch publication requested by author 2026-10-02; no new license grant; complete external source archives excluded,Git on benchmark-review; no Git LFS; not a tagged final release
tracks/cdaa_qcre/independent/sqgm/exp-in/exp_eagle.json,include,Inherited from baseline Git revision 39991eb; retained historical capsule/support file,Baseline repository contents; not all historical experiments are part of the current scorecard replay,262f990077ba43b67e5a3c59853f6808fc5d214de141766e41cf08a7da335202,403,review-branch publication requested by author 2026-10-02; no new license grant; complete external source archives excluded,Git on benchmark-review; no Git LFS; not a tagged final release
tracks/cdaa_qcre/independent/sqgm/exp-in/exp_heron.json,include,Inherited from baseline Git revision 39991eb; retained historical capsule/support file,Baseline repository contents; not all historical experiments are part of the current scorecard replay,31bd3173c62acdf68e4de35726b7fc997d8c1699b3c9c4c56905b03822ac1808,403,review-branch publication requested by author 2026-10-02; no new license grant; complete external source archives excluded,Git on benchmark-review; no Git LFS; not a tagged final release
tracks/cdaa_qcre/independent/sqgm/exp-in/exp_template.json,include,Inherited from baseline Git revision 39991eb; retained historical capsule/support file,Baseline repository contents; not all historical experiments are part of the current scorecard replay,30c2f12162e31039cd20f8baaceee6eb65c5fd0582621e32d7282d1ee67cf955,299,review-branch publication requested by author 2026-10-02; no new license grant; complete external source archives excluded,Git on benchmark-review; no Git LFS; not a tagged final release
tracks/cdaa_qcre/independent/sqgm/main.py,include,Inherited from baseline Git revision 39991eb; retained historical capsule/support file,Baseline repository contents; not all historical experiments are part of the current scorecard replay,1bf9d083cb97a570df9af1e3a84d9f41f01d1ad27ae74eda8ce29335e8131df8,27814,review-branch publication requested by author 2026-10-02; no new license grant; complete external source archives excluded,Git on benchmark-review; no Git LFS; not a tagged final release
tracks/cdaa_qcre/independent/sqgm/mapper/sabre0330_layout.py,include,Inherited from baseline Git revision 39991eb; retained historical capsule/support file,Baseline repository contents; not all historical experiments are part of the current scorecard replay,d5731a8fe8fdbe51463cc6c06950719a31618206d2afca4a07eaee0ae482e0e1,6186,review-branch publication requested by author 2026-10-02; no new license grant; complete external source archives excluded,Git on benchmark-review; no Git LFS; not a tagged final release
tracks/cdaa_qcre/independent/sqgm/router/nassc_swap.py,include,Inherited from baseline Git revision 39991eb; retained historical capsule/support file,Baseline repository contents; not all historical experiments are part of the current scorecard replay,632a829bc41c4db225c1dfa19f49e7165dbde9a7e777b1cf5ddb1281a6b09ecc,34122,review-branch publication requested by author 2026-10-02; no new license grant; complete external source archives excluded,Git on benchmark-review; no Git LFS; not a tagged final release
tracks/cdaa_qcre/independent/sqgm/router/sabre0330_swap.py,include,Inherited from baseline Git revision 39991eb; retained historical capsule/support file,Baseline repository contents; not all historical experiments are part of the current scorecard replay,3d7b7d1fb4fe25be4d29d8862e4ece162a8c3c9b7978e45a70efaa086a292a70,17233,review-branch publication requested by author 2026-10-02; no new license grant; complete external source archives excluded,Git on benchmark-review; no Git LFS; not a tagged final release
tracks/cdaa_qcre/independent/sqgm/router/sqgm_swap.py,include,Inherited from baseline Git revision 39991eb; retained historical capsule/support file,Baseline repository contents; not all historical experiments are part of the current scorecard replay,7c13133a4ad8f98e13f8b563358800eddf1c786c3eed84e05208bfb323830dc0,17359,review-branch publication requested by author 2026-10-02; no new license grant; complete external source archives excluded,Git on benchmark-review; no Git LFS; not a tagged final release
tracks/cdaa_qcre/independent/sqgm/util.py,include,Inherited from baseline Git revision 39991eb; retained historical capsule/support file,Baseline repository contents; not all historical experiments are part of the current scorecard replay,5aee09b775e9f867f89b8e59e9e4fc372a449637f4ef20f7d58f8571a3f292e1,859,review-branch publication requested by author 2026-10-02; no new license grant; complete external source archives excluded,Git on benchmark-review; no Git LFS; not a tagged final release
tracks/cdaa_qcre/independent/util.py,include,Inherited from baseline Git revision 39991eb; retained historical capsule/support file,Baseline repository contents; not all historical experiments are part of the current scorecard replay,40848ffdb4fdbcff8516c03fec6d1a8360a57c14f1c722a00a42c4d404520db6,10075,review-branch publication requested by author 2026-10-02; no new license grant; complete external source archives excluded,Git on benchmark-review; no Git LFS; not a tagged final release
tracks/cdaa_qcre/requirements-analysis.txt,include,Inherited from baseline Git revision 39991eb; retained historical capsule/support file,Baseline repository contents; not all historical experiments are part of the current scorecard replay,c6322cefd7980d1fdf846725edea98eee1fda11b2ec3c6d53e2bb69d9c28837d,127,review-branch publication requested by author 2026-10-02; no new license grant; complete external source archives excluded,Git on benchmark-review; no Git LFS; not a tagged final release
tracks/cdaa_qcre/requirements-qcre.txt,include,Inherited from baseline Git revision 39991eb; retained historical capsule/support file,Baseline repository contents; not all historical experiments are part of the current scorecard replay,8be11d8aeb48783737485057ffed23bf31f14f5bce730adbb234c4ee4773abfe,86,review-branch publication requested by author 2026-10-02; no new license grant; complete external source archives excluded,Git on benchmark-review; no Git LFS; not a tagged final release
tracks/cdaa_qcre/requirements-sqgm.txt,include,Inherited from baseline Git revision 39991eb; retained historical capsule/support file,Baseline repository contents; not all historical experiments are part of the current scorecard replay,486c81e36408d8ce1a9db541b8a8e133ad27e239c763bbd956545018d20c321f,76,review-branch publication requested by author 2026-10-02; no new license grant; complete external source archives excluded,Git on benchmark-review; no Git LFS; not a tagged final release
tracks/cutensornet/README.md,include,Inherited from baseline Git revision 39991eb; retained historical capsule/support file,Baseline repository contents; not all historical experiments are part of the current scorecard replay,dfb1959d3c9ad72516a3263584904cc2483bdb2ab12bbabd1596f6d95f6c8b89,1915,review-branch publication requested by author 2026-10-02; no new license grant; complete external source archives excluded,Git on benchmark-review; no Git LFS; not a tagged final release
tracks/cutensornet/code/evaluate_cutensornet_b1.py,include,Inherited from baseline Git revision 39991eb; retained historical capsule/support file,Baseline repository contents; not all historical experiments are part of the current scorecard replay,2ef2518960d58437537caa0922c8a27d6c971868d3c06fd6200e313d219b19c9,12630,review-branch publication requested by author 2026-10-02; no new license grant; complete external source archives excluded,Git on benchmark-review; no Git LFS; not a tagged final release
tracks/cutensornet/code/evaluate_cutensornet_targets.py,include,Inherited from baseline Git revision 39991eb; retained historical capsule/support file,Baseline repository contents; not all historical experiments are part of the current scorecard replay,64f8635de7965fa06361453b5fa37d7c1cdc15c5642be63d087e7aa74f14cb0e,7528,review-branch publication requested by author 2026-10-02; no new license grant; complete external source archives excluded,Git on benchmark-review; no Git LFS; not a tagged final release
tracks/cutensornet/code/probe_cutensornet_plan_metrics.py,include,Inherited from baseline Git revision 39991eb; retained historical capsule/support file,Baseline repository contents; not all historical experiments are part of the current scorecard replay,b45c94aed775dc10b38e6d6e61271d816bfff4389773282dbdf9000c1a697a01,5928,review-branch publication requested by author 2026-10-02; no new license grant; complete external source archives excluded,Git on benchmark-review; no Git LFS; not a tagged final release
tracks/cutensornet/code/run_cutensornet_feasibility_frontier.py,include,Inherited from baseline Git revision 39991eb; retained historical capsule/support file,Baseline repository contents; not all historical experiments are part of the current scorecard replay,fc47b3a8c0b2e9c4596b8b8aa6d277282d4cb898050fd9a3234aa65c60a38234,6159,review-branch publication requested by author 2026-10-02; no new license grant; complete external source archives excluded,Git on benchmark-review; no Git LFS; not a tagged final release
tracks/cutensornet/code/run_cutensornet_mali_qasm.py,include,Inherited from baseline Git revision 39991eb; retained historical capsule/support file,Baseline repository contents; not all historical experiments are part of the current scorecard replay,4d6d8bbeb9179c9d0579d76f9285b2f22ecdcfae0f76c57421ee7111f6dab084,16320,review-branch publication requested by author 2026-10-02; no new license grant; complete external source archives excluded,Git on benchmark-review; no Git LFS; not a tagged final release
tracks/cutensornet/code/run_cutensornet_runtime_benchmark.py,include,Inherited from baseline Git revision 39991eb; retained historical capsule/support file,Baseline repository contents; not all historical experiments are part of the current scorecard replay,c9cf55883406b09b232dde180546645bafe26305564cae40a91e47e56f104ec2,21026,review-branch publication requested by author 2026-10-02; no new license grant; complete external source archives excluded,Git on benchmark-review; no Git LFS; not a tagged final release
tracks/cutensornet/code/run_cutensornet_runtime_benchmark.sh,include,Inherited from baseline Git revision 39991eb; retained historical capsule/support file,Baseline repository contents; not all historical experiments are part of the current scorecard replay,390881808224e8ff183c03811226f69eaba1f135f85b89c2f95f257d038c7632,255,review-branch publication requested by author 2026-10-02; no new license grant; complete external source archives excluded,Git on benchmark-review; no Git LFS; not a tagged final release
tracks/cutensornet/code/with_cutensornet_env.sh,include,Inherited from baseline Git revision 39991eb; retained historical capsule/support file,Baseline repository contents; not all historical experiments are part of the current scorecard replay,6f5669bf3d3df910b595fd0b85ed5f9979ba828a4d29956ace36b42858a8d7d8,962,review-branch publication requested by author 2026-10-02; no new license grant; complete external source archives excluded,Git on benchmark-review; no Git LFS; not a tagged final release
tracks/mali/README.md,include,Inherited from baseline Git revision 39991eb; retained historical capsule/support file,Baseline repository contents; not all historical experiments are part of the current scorecard replay,22d000c292cc91f643a57cbd807e87df683f06934eef8ee58f49561280f3538c,968,review-branch publication requested by author 2026-10-02; no new license grant; complete external source archives excluded,Git on benchmark-review; no Git LFS; not a tagged final release
tracks/mali/overlay/data/fake_backend_properties/kyoto.json,include,Inherited from baseline Git revision 39991eb; retained historical capsule/support file,Baseline repository contents; not all historical experiments are part of the current scorecard replay,8ce1b3e6c892028e71bcc37b71ff8494d3a14ef8012c823c70a78fbcfee0e8d3,514023,review-branch publication requested by author 2026-10-02; no new license grant; complete external source archives excluded,Git on benchmark-review; no Git LFS; not a tagged final release
tracks/mali/overlay/data/fake_backend_properties/osaka.json,include,Inherited from baseline Git revision 39991eb; retained historical capsule/support file,Baseline repository contents; not all historical experiments are part of the current scorecard replay,8a733822dd1551408666a1d29f526d7c09f42af516915402f90c53faf7a09d9b,515370,review-branch publication requested by author 2026-10-02; no new license grant; complete external source archives excluded,Git on benchmark-review; no Git LFS; not a tagged final release
tracks/mali/overlay/data/osaka_kyoto_fake_manifest.csv,include,Inherited from baseline Git revision 39991eb; retained historical capsule/support file,Baseline repository contents; not all historical experiments are part of the current scorecard replay,9363951b35bd840b9a5e2a3ba31bd34346ca2da9e9e826da8aec159e3a89a223,55916,review-branch publication requested by author 2026-10-02; no new license grant; complete external source archives excluded,Git on benchmark-review; no Git LFS; not a tagged final release
tracks/mali/overlay/data/training_data_manifest.csv,include,Inherited from baseline Git revision 39991eb; retained historical capsule/support file,Baseline repository contents; not all historical experiments are part of the current scorecard replay,58ab3bb9003361875349082f221689c04f7cc8f070eecfcc00af0cb6e5822500,506959,review-branch publication requested by author 2026-10-02; no new license grant; complete external source archives excluded,Git on benchmark-review; no Git LFS; not a tagged final release
tracks/mali/overlay/data_preparation/build_training_data_from_logs.py,include,Inherited from baseline Git revision 39991eb; retained historical capsule/support file,Baseline repository contents; not all historical experiments are part of the current scorecard replay,a109bdaae2234795f95e72258a27615bd7d72a674af216f35e6d6fe03d1aa551,13427,review-branch publication requested by author 2026-10-02; no new license grant; complete external source archives excluded,Git on benchmark-review; no Git LFS; not a tagged final release
tracks/mali/overlay/data_preparation/circ_dag_converter.py,include,Inherited from baseline Git revision 39991eb; retained historical capsule/support file,Baseline repository contents; not all historical experiments are part of the current scorecard replay,f66c3e6b40a7082f232f4915485c0071526792e68d10d9cee44af60234d284e1,9795,review-branch publication requested by author 2026-10-02; no new license grant; complete external source archives excluded,Git on benchmark-review; no Git LFS; not a tagged final release
tracks/mali/overlay/data_preparation/helper.py,include,Inherited from baseline Git revision 39991eb; retained historical capsule/support file,Baseline repository contents; not all historical experiments are part of the current scorecard replay,7be692b3dbcd826039f5f966104e64d3ccb158272631d194ae96a8cbdc20ae46,8050,review-branch publication requested by author 2026-10-02; no new license grant; complete external source archives excluded,Git on benchmark-review; no Git LFS; not a tagged final release
tracks/mali/overlay/experiments/adapt_mali_real_qpu.py,include,Inherited from baseline Git revision 39991eb; retained historical capsule/support file,Baseline repository contents; not all historical experiments are part of the current scorecard replay,a05e9ef0a106fdaf0380b8203c41a3b9263685273cc1bcc661aeca2768ecd91b,14008,review-branch publication requested by author 2026-10-02; no new license grant; complete external source archives excluded,Git on benchmark-review; no Git LFS; not a tagged final release
tracks/mali/overlay/experiments/replicate_mali_dag.py,include,Inherited from baseline Git revision 39991eb; retained historical capsule/support file,Baseline repository contents; not all historical experiments are part of the current scorecard replay,746b0ecc4274f1b3f4947f8c56fcd56968f2cf25f4685c773e6197571b5a6dac,10744,review-branch publication requested by author 2026-10-02; no new license grant; complete external source archives excluded,Git on benchmark-review; no Git LFS; not a tagged final release
tracks/pasqal_emu_mps/README.md,include,Inherited from baseline Git revision 39991eb; retained historical capsule/support file,Baseline repository contents; not all historical experiments are part of the current scorecard replay,deb6cba25bd73a4133d808015d9277fe73949a0b76562fa2e8b6138da31da88f,3034,review-branch publication requested by author 2026-10-02; no new license grant; complete external source archives excluded,Git on benchmark-review; no Git LFS; not a tagged final release
tracks/pasqal_emu_mps/scripts/fit_runtime_formula.py,include,Inherited from baseline Git revision 39991eb; retained historical capsule/support file,Baseline repository contents; not all historical experiments are part of the current scorecard replay,30a6f1fffc069bf9a8a09da777e32ca38984cd05a939d7342b8958539502f6ce,4282,review-branch publication requested by author 2026-10-02; no new license grant; complete external source archives excluded,Git on benchmark-review; no Git LFS; not a tagged final release
tracks/pasqal_emu_mps/scripts/fit_threshold_predictor.py,include,Inherited from baseline Git revision 39991eb; retained historical capsule/support file,Baseline repository contents; not all historical experiments are part of the current scorecard replay,f2c0dc49179ce1225ae26178fdc0f170eeaee62ed74c527c2ddadf73c0b15b32,6180,review-branch publication requested by author 2026-10-02; no new license grant; complete external source archives excluded,Git on benchmark-review; no Git LFS; not a tagged final release
tracks/pasqal_emu_mps/scripts/run_gpu_frontier.py,include,Inherited from baseline Git revision 39991eb; retained historical capsule/support file,Baseline repository contents; not all historical experiments are part of the current scorecard replay,5be104d9530cf3bb59c246ed3ee66ca9fec83f0635319230f10740ca22fe224b,4852,review-branch publication requested by author 2026-10-02; no new license grant; complete external source archives excluded,Git on benchmark-review; no Git LFS; not a tagged final release
tracks/pasqal_emu_mps/scripts/run_threshold_extension.py,include,Inherited from baseline Git revision 39991eb; retained historical capsule/support file,Baseline repository contents; not all historical experiments are part of the current scorecard replay,213e46273de3985a8659d6ab2e17e4effcc7806ee1992b7dc7b96d8d96bce258,9227,review-branch publication requested by author 2026-10-02; no new license grant; complete external source archives excluded,Git on benchmark-review; no Git LFS; not a tagged final release
tracks/pasqal_emu_mps/scripts/run_threshold_sweep.py,include,Inherited from baseline Git revision 39991eb; retained historical capsule/support file,Baseline repository contents; not all historical experiments are part of the current scorecard replay,b25a38b83c19ef045aa1da35797d5ca3b3eaf2ff18415d270ee95420454f2bf2,8410,review-branch publication requested by author 2026-10-02; no new license grant; complete external source archives excluded,Git on benchmark-review; no Git LFS; not a tagged final release
tracks/qonductor/README.md,include,Inherited from baseline Git revision 39991eb; retained historical capsule/support file,Baseline repository contents; not all historical experiments are part of the current scorecard replay,bb18abd1ce0ae530bf58bb83ed3ab9dd6f9d1b306f0e6dee65306570861048b1,509,review-branch publication requested by author 2026-10-02; no new license grant; complete external source archives excluded,Git on benchmark-review; no Git LFS; not a tagged final release
tracks/qonductor/qonductor_local_replication.patch,include,Inherited from baseline Git revision 39991eb; retained historical capsule/support file,Baseline repository contents; not all historical experiments are part of the current scorecard replay,1529be2e86debb3f065bb58aafda05007a517a2434790da27134c8f6b560090f,34258,review-branch publication requested by author 2026-10-02; no new license grant; complete external source archives excluded,Git on benchmark-review; no Git LFS; not a tagged final release
tracks/quantum_rings/README.md,include,Inherited from baseline Git revision 39991eb; retained historical capsule/support file,Baseline repository contents; not all historical experiments are part of the current scorecard replay,23ace931fd7a939cb971ef43c1b32e1a7e97263ad1fd70ea1e5044565557444b,3149,review-branch publication requested by author 2026-10-02; no new license grant; complete external source archives excluded,Git on benchmark-review; no Git LFS; not a tagged final release
tracks/quantum_rings/clone_upstreams.sh,include,Inherited from baseline Git revision 39991eb; retained historical capsule/support file,Baseline repository contents; not all historical experiments are part of the current scorecard replay,f765a18afc87b0fcd0676aa1b8eac9acfc327b178ae03cb21f56ec89c92fbf7e,1263,review-branch publication requested by author 2026-10-02; no new license grant; complete external source archives excluded,Git on benchmark-review; no Git LFS; not a tagged final release
tracks/quantum_rings/family_aware_paper/README.md,include,Inherited from baseline Git revision 39991eb; retained historical capsule/support file,Baseline repository contents; not all historical experiments are part of the current scorecard replay,70840972b7f9ea99d9f13590b4b5622bad15915abe3b209e593d40277aa320ca,770,review-branch publication requested by author 2026-10-02; no new license grant; complete external source archives excluded,Git on benchmark-review; no Git LFS; not a tagged final release
tracks/quantum_rings/family_aware_paper/experiments/generate_mqt_family_pretraining.py,include,Inherited from baseline Git revision 39991eb; retained historical capsule/support file,Baseline repository contents; not all historical experiments are part of the current scorecard replay,565dc6c868165786216f66a0ef4f0cd30ac825e23646b7ef72e28cab9749d963,4828,review-branch publication requested by author 2026-10-02; no new license grant; complete external source archives excluded,Git on benchmark-review; no Git LFS; not a tagged final release
tracks/quantum_rings/family_aware_paper/experiments/protocol_audit.py,include,Inherited from baseline Git revision 39991eb; retained historical capsule/support file,Baseline repository contents; not all historical experiments are part of the current scorecard replay,d1cd1c2780798e05ced21a14c7ee0104269ab2df1ab5bfa92158742284060b7c,21249,review-branch publication requested by author 2026-10-02; no new license grant; complete external source archives excluded,Git on benchmark-review; no Git LFS; not a tagged final release
tracks/quantum_rings/family_aware_paper/experiments/replicate_paper.py,include,Inherited from baseline Git revision 39991eb; retained historical capsule/support file,Baseline repository contents; not all historical experiments are part of the current scorecard replay,fe5b7c350200acc5f96e3ff4e3df88d4e0a7ef4cce59c95ca9ed3842947b0579,22864,review-branch publication requested by author 2026-10-02; no new license grant; complete external source archives excluded,Git on benchmark-review; no Git LFS; not a tagged final release
tracks/quantum_rings/family_aware_paper/experiments/replicate_with_mqt_family.py,include,Inherited from baseline Git revision 39991eb; retained historical capsule/support file,Baseline repository contents; not all historical experiments are part of the current scorecard replay,af9b0689bde1c4285cb29313aa921740a46e6e4abaa8c2c0fc7a2012dd4ce81d,9337,review-branch publication requested by author 2026-10-02; no new license grant; complete external source archives excluded,Git on benchmark-review; no Git LFS; not a tagged final release
tracks/quantum_rings/family_aware_paper/experiments/requirements-mqt-pretraining.txt,include,Inherited from baseline Git revision 39991eb; retained historical capsule/support file,Baseline repository contents; not all historical experiments are part of the current scorecard replay,fd95effb27ab0da6c4c6fe60b0fc0b2fff5175f464987c12b2a0d0d0d896920f,121,review-branch publication requested by author 2026-10-02; no new license grant; complete external source archives excluded,Git on benchmark-review; no Git LFS; not a tagged final release
tracks/quantum_rings/family_aware_paper/experiments/requirements-reproduction.txt,include,Inherited from baseline Git revision 39991eb; retained historical capsule/support file,Baseline repository contents; not all historical experiments are part of the current scorecard replay,3bd8c5364245d8e02a1235a2f1e417a8088656e5ede81bd26f5eb28154b2837c,161,review-branch publication requested by author 2026-10-02; no new license grant; complete external source archives excluded,Git on benchmark-review; no Git LFS; not a tagged final release
tracks/quantum_rings/family_aware_paper/experiments/train_mqt_family_classifier.py,include,Inherited from baseline Git revision 39991eb; retained historical capsule/support file,Baseline repository contents; not all historical experiments are part of the current scorecard replay,0beb0adf89ac2716de00b161d1e4680c1b804b031bfdd9cd757d587aed8ffe96,5435,review-branch publication requested by author 2026-10-02; no new license grant; complete external source archives excluded,Git on benchmark-review; no Git LFS; not a tagged final release
upstream/upstream.lock.json,include,Inherited from baseline Git revision 39991eb; retained historical capsule/support file,Baseline repository contents; not all historical experiments are part of the current scorecard replay,1ee1722b0109283874c2c20c431b6536c292873da2ceaf59c4fbde70b68ce976,3260,review-branch publication requested by author 2026-10-02; no new license grant; complete external source archives excluded,Git on benchmark-review; no Git LFS; not a tagged final release
work/repo_finalization/release_candidate/benchmark_v1/scripts/build_two_domain_scorecard_v2.py,include,Pinned historical scorecard generator required to validate the immutable v3 reader manifest; retained at the exact path named by that manifest,artifacts/benchmark_v1/results/benchmark_summary/two_domain_scorecard_v3/manifest.json and benchmark_v1/scripts/validate_two_domain_scorecard_v2.py,8a91eaa9e709d10fe5a17b195cb66ec346a8ea7a95b1bd603b15f11bd6598077,21825,review-branch publication requested by author 2026-10-02; no new license grant; complete external source archives excluded,Git on benchmark-review; no Git LFS; not a tagged final release
external/mali-source-qasm,external,Complete original Ma–Li source logical-QASM corpus is not bundled; local frozen predictions/derived evidence are bundled instead,Independent feature extraction and retraining from original Ma–Li input,,,provenance/license unresolved; see S56 and pinned upstream commit 32c392a6ece276f1ff046d4e30052d0571ff6dc6,optional retrieval from upstream/upstream.lock.json; do not redistribute without clearance
external/qonductor-circuits-and-db,external,Qonductor circuits.zip/database export is not bundled; the candidate includes frozen benchmark rows and verified mapping evidence,Independent QASM materialization and source-native rerun,,,source code is MIT; archive redistribution treatment unresolved per S56; pinned commit 5d1ac8a90cd574a23e7544e1044681641354ff67,optional retrieval from pinned upstream; no archive redistributed in this candidate
external/qpack-original-execution-payload,external,Historical optimized-angle circuit instances and full source execution payload were not recovered; only qualified structural replay evidence is present,Exact-instance replay or independent QPack source-data reconstruction,,,source provenance and redistribution rights not established,no pinned retrieval URL available in this candidate; not reproducible from Git alone
workspace-delta/HANDOFF.md,pending_review,Current source worktree has a modified tracked version; candidate deliberately retains the Git-HEAD version to avoid overwriting unrelated user edits,Human diff review before any source-repository commit,,,not applicable to local source delta; preserved in original worktree,not copied to candidate; original working file left untouched
workspace-delta/artifacts/cutensornet/mali_qasm_qle10_v1_20260923/REPORT.md,pending_review,Current source worktree has a modified tracked version; candidate deliberately retains the Git-HEAD version to avoid overwriting unrelated user edits,Human diff review before any source-repository commit,,,not applicable to local source delta; preserved in original worktree,not copied to candidate; original working file left untouched
workspace-delta/experiments/simulator_runtime_v2/README.md,pending_review,Current source worktree has a modified tracked version; candidate deliberately retains the Git-HEAD version to avoid overwriting unrelated user edits,Human diff review before any source-repository commit,,,not applicable to local source delta; preserved in original worktree,not copied to candidate; original working file left untouched
workspace-delta/experiments/simulator_runtime_v2/evaluate_runtime_v2.py,pending_review,Current source worktree has a modified tracked version; candidate deliberately retains the Git-HEAD version to avoid overwriting unrelated user edits,Human diff review before any source-repository commit,,,not applicable to local source delta; preserved in original worktree,not copied to candidate; original working file left untouched
workspace-delta/tracks/azizov_independent/README.md,pending_review,Current source worktree has a modified tracked version; candidate deliberately retains the Git-HEAD version to avoid overwriting unrelated user edits,Human diff review before any source-repository commit,,,not applicable to local source delta; preserved in original worktree,not copied to candidate; original working file left untouched
workspace-delta/tracks/azizov_independent/scripts/run_matrix.py,pending_review,Current source worktree has a modified tracked version; candidate deliberately retains the Git-HEAD version to avoid overwriting unrelated user edits,Human diff review before any source-repository commit,,,not applicable to local source delta; preserved in original worktree,not copied to candidate; original working file left untouched
workspace-delta/tracks/azizov_independent/scripts/run_p0_smoke.py,pending_review,Current source worktree has a modified tracked version; candidate deliberately retains the Git-HEAD version to avoid overwriting unrelated user edits,Human diff review before any source-repository commit,,,not applicable to local source delta; preserved in original worktree,not copied to candidate; original working file left untouched
workspace-delta/tracks/azizov_independent/scripts/summarize_p0.py,pending_review,Current source worktree has a modified tracked version; candidate deliberately retains the Git-HEAD version to avoid overwriting unrelated user edits,Human diff review before any source-repository commit,,,not applicable to local source delta; preserved in original worktree,not copied to candidate; original working file left untouched
workspace-delta/tracks/cutensornet/code/run_cutensornet_mali_qasm.py,pending_review,Current source worktree has a modified tracked version; candidate deliberately retains the Git-HEAD version to avoid overwriting unrelated user edits,Human diff review before any source-repository commit,,,not applicable to local source delta; preserved in original worktree,not copied to candidate; original working file left untouched
workspace-delta/tracks/cutensornet/code/run_cutensornet_runtime_benchmark.py,pending_review,Current source worktree has a modified tracked version; candidate deliberately retains the Git-HEAD version to avoid overwriting unrelated user edits,Human diff review before any source-repository commit,,,not applicable to local source delta; preserved in original worktree,not copied to candidate; original working file left untouched
workspace-delta/tracks/pasqal_emu_mps/scripts/fit_runtime_formula.py,pending_review,Current source worktree has a modified tracked version; candidate deliberately retains the Git-HEAD version to avoid overwriting unrelated user edits,Human diff review before any source-repository commit,,,not applicable to local source delta; preserved in original worktree,not copied to candidate; original working file left untouched
.venv-qre-verify/,exclude_generated,Fresh verification virtual environment; reproducible from pinned requirements; generated only when running validation and not committed,Clean-clone verification commands only,,,not applicable; local environment or derived output,ignored/local-only; absent from candidate Git commit
work/rebuilds/qpu_method_comparisons/,exclude_generated,QPU comparison rebuild destination used by docs/reproduction.md; generated only when running validation and not committed,Clean-clone verification commands only,,,not applicable; local environment or derived output,ignored/local-only; absent from candidate Git commit
work/rebuilds/simulator_reader_tables/,exclude_generated,Simulator table rebuild destination used by docs/reproduction.md; generated only when running validation and not committed,Clean-clone verification commands only,,,not applicable; local environment or derived output,ignored/local-only; absent from candidate Git commit
work/repo_finalization/rebuilds/,exclude_generated,Scorecard rebuild output written by docs/reproduction.md; created on demand and intentionally not committed,R3 clean-clone verification only,,,not applicable; derived local output,"ignored work directory, not part of candidate Git payload"
work/repo_finalization/rebuilds/two_domain_scorecard/,exclude_generated,Scorecard rebuild destination required by the pinned builder contract; generated only when running validation and not committed,Clean-clone verification commands only,,,not applicable; local environment or derived output,ignored/local-only; absent from candidate Git commit
workspace-only/AGENTS.md,archive_local,1 untracked source-workspace files (6634 bytes) omitted from the focused candidate; retained locally and not deleted,"No dependency found in the documented clean-clone closure; this grouped inventory is for review, not a purge instruction",,6634,not assessed; not copied or redistributed,original source workspace only; omitted from candidate Git
workspace-only/artifacts/benchmark_v1,archive_local,5780 untracked source-workspace files (5824793585 bytes) omitted from the focused candidate; retained locally and not deleted,"No dependency found in the documented clean-clone closure; this grouped inventory is for review, not a purge instruction",,5824793585,not assessed; not copied or redistributed,original source workspace only; omitted from candidate Git
workspace-only/artifacts/benchmark_v2,archive_local,201 untracked source-workspace files (132640358 bytes) omitted from the focused candidate; retained locally and not deleted,"No dependency found in the documented clean-clone closure; this grouped inventory is for review, not a purge instruction",,132640358,not assessed; not copied or redistributed,original source workspace only; omitted from candidate Git
workspace-only/artifacts/benchmark_v3,archive_local,12765 untracked source-workspace files (4296431976 bytes) omitted from the focused candidate; retained locally and not deleted,"No dependency found in the documented clean-clone closure; this grouped inventory is for review, not a purge instruction",,4296431976,not assessed; not copied or redistributed,original source workspace only; omitted from candidate Git
workspace-only/artifacts/cudaq_runtime,archive_local,9 untracked source-workspace files (47202 bytes) omitted from the focused candidate; retained locally and not deleted,"No dependency found in the documented clean-clone closure; this grouped inventory is for review, not a purge instruction",,47202,not assessed; not copied or redistributed,original source workspace only; omitted from candidate Git
workspace-only/artifacts/cutensornet,archive_local,2333 untracked source-workspace files (16313784 bytes) omitted from the focused candidate; retained locally and not deleted,"No dependency found in the documented clean-clone closure; this grouped inventory is for review, not a purge instruction",,16313784,not assessed; not copied or redistributed,original source workspace only; omitted from candidate Git
workspace-only/artifacts/paired_simulator_v1,archive_local,10 untracked source-workspace files (32584 bytes) omitted from the focused candidate; retained locally and not deleted,"No dependency found in the documented clean-clone closure; this grouped inventory is for review, not a purge instruction",,32584,not assessed; not copied or redistributed,original source workspace only; omitted from candidate Git
workspace-only/artifacts/pasqal_emu_mps,archive_local,3 untracked source-workspace files (2737 bytes) omitted from the focused candidate; retained locally and not deleted,"No dependency found in the documented clean-clone closure; this grouped inventory is for review, not a purge instruction",,2737,not assessed; not copied or redistributed,original source workspace only; omitted from candidate Git
workspace-only/artifacts/simulator_runtime_v2,archive_local,11 untracked source-workspace files (506460 bytes) omitted from the focused candidate; retained locally and not deleted,"No dependency found in the documented clean-clone closure; this grouped inventory is for review, not a purge instruction",,506460,not assessed; not copied or redistributed,original source workspace only; omitted from candidate Git
workspace-only/benchmark_v1/ARTIFACT_NAMING_AUDIT_20260928.md,archive_local,1 untracked source-workspace files (3888 bytes) omitted from the focused candidate; retained locally and not deleted,"No dependency found in the documented clean-clone closure; this grouped inventory is for review, not a purge instruction",,3888,not assessed; not copied or redistributed,original source workspace only; omitted from candidate Git
workspace-only/benchmark_v1/ARTIFACT_NAMING_POLICY.md,archive_local,1 untracked source-workspace files (2107 bytes) omitted from the focused candidate; retained locally and not deleted,"No dependency found in the documented clean-clone closure; this grouped inventory is for review, not a purge instruction",,2107,not assessed; not copied or redistributed,original source workspace only; omitted from candidate Git
workspace-only/benchmark_v1/ARTIFACT_ORGANIZATION_DECISIONS_V1.md,archive_local,1 untracked source-workspace files (6474 bytes) omitted from the focused candidate; retained locally and not deleted,"No dependency found in the documented clean-clone closure; this grouped inventory is for review, not a purge instruction",,6474,not assessed; not copied or redistributed,original source workspace only; omitted from candidate Git
workspace-only/benchmark_v1/ARTIFACT_ORGANIZATION_E4_APPROVAL_20260928.md,archive_local,1 untracked source-workspace files (1865 bytes) omitted from the focused candidate; retained locally and not deleted,"No dependency found in the documented clean-clone closure; this grouped inventory is for review, not a purge instruction",,1865,not assessed; not copied or redistributed,original source workspace only; omitted from candidate Git
workspace-only/benchmark_v1/BENCHMARK_ACCEPTANCE_PLAN.md,archive_local,1 untracked source-workspace files (10031 bytes) omitted from the focused candidate; retained locally and not deleted,"No dependency found in the documented clean-clone closure; this grouped inventory is for review, not a purge instruction",,10031,not assessed; not copied or redistributed,original source workspace only; omitted from candidate Git
workspace-only/benchmark_v1/BENCHMARK_METHODOLOGY.md,archive_local,1 untracked source-workspace files (8494 bytes) omitted from the focused candidate; retained locally and not deleted,"No dependency found in the documented clean-clone closure; this grouped inventory is for review, not a purge instruction",,8494,not assessed; not copied or redistributed,original source workspace only; omitted from candidate Git
workspace-only/benchmark_v1/C121_C125_C128_EXECUTION_RELEASE_V2.md,archive_local,1 untracked source-workspace files (3932 bytes) omitted from the focused candidate; retained locally and not deleted,"No dependency found in the documented clean-clone closure; this grouped inventory is for review, not a purge instruction",,3932,not assessed; not copied or redistributed,original source workspace only; omitted from candidate Git
workspace-only/benchmark_v1/C13_C21_STATUS_SNAPSHOT_20260926.md,archive_local,1 untracked source-workspace files (1825 bytes) omitted from the focused candidate; retained locally and not deleted,"No dependency found in the documented clean-clone closure; this grouped inventory is for review, not a purge instruction",,1825,not assessed; not copied or redistributed,original source workspace only; omitted from candidate Git
workspace-only/benchmark_v1/C20_PREVIEW_STATUS_20260926.md,archive_local,1 untracked source-workspace files (710 bytes) omitted from the focused candidate; retained locally and not deleted,"No dependency found in the documented clean-clone closure; this grouped inventory is for review, not a purge instruction",,710,not assessed; not copied or redistributed,original source workspace only; omitted from candidate Git
workspace-only/benchmark_v1/C21_VALIDATION_PRELIM_20260926.md,archive_local,1 untracked source-workspace files (1862 bytes) omitted from the focused candidate; retained locally and not deleted,"No dependency found in the documented clean-clone closure; this grouped inventory is for review, not a purge instruction",,1862,not assessed; not copied or redistributed,original source workspace only; omitted from candidate Git
workspace-only/benchmark_v1/C50_WEAK_AGENT_QA_COMPLETION_20260927.md,archive_local,1 untracked source-workspace files (2220 bytes) omitted from the focused candidate; retained locally and not deleted,"No dependency found in the documented clean-clone closure; this grouped inventory is for review, not a purge instruction",,2220,not assessed; not copied or redistributed,original source workspace only; omitted from candidate Git
workspace-only/benchmark_v1/C51_C61_EXECUTION_STATUS_20260928.md,archive_local,1 untracked source-workspace files (7762 bytes) omitted from the focused candidate; retained locally and not deleted,"No dependency found in the documented clean-clone closure; this grouped inventory is for review, not a purge instruction",,7762,not assessed; not copied or redistributed,original source workspace only; omitted from candidate Git
workspace-only/benchmark_v1/C54_QPACK_PARALLEL_EXECUTION_CONTRACT_20260928.md,archive_local,1 untracked source-workspace files (1634 bytes) omitted from the focused candidate; retained locally and not deleted,"No dependency found in the documented clean-clone closure; this grouped inventory is for review, not a purge instruction",,1634,not assessed; not copied or redistributed,original source workspace only; omitted from candidate Git
workspace-only/benchmark_v1/C55_C57_NEXT_COMMANDS_20260928.md,archive_local,1 untracked source-workspace files (1881 bytes) omitted from the focused candidate; retained locally and not deleted,"No dependency found in the documented clean-clone closure; this grouped inventory is for review, not a purge instruction",,1881,not assessed; not copied or redistributed,original source workspace only; omitted from candidate Git
workspace-only/benchmark_v1/C58_C61_NEXT_COMMANDS_V1_20260928.md,archive_local,1 untracked source-workspace files (3620 bytes) omitted from the focused candidate; retained locally and not deleted,"No dependency found in the documented clean-clone closure; this grouped inventory is for review, not a purge instruction",,3620,not assessed; not copied or redistributed,original source workspace only; omitted from candidate Git
workspace-only/benchmark_v1/C58_TARGET_SERIALIZATION_RECONCILIATION_20260928.md,archive_local,1 untracked source-workspace files (1567 bytes) omitted from the focused candidate; retained locally and not deleted,"No dependency found in the documented clean-clone closure; this grouped inventory is for review, not a purge instruction",,1567,not assessed; not copied or redistributed,original source workspace only; omitted from candidate Git
workspace-only/benchmark_v1/CHEAP_WORKER_TASK_STATUS_20260926.md,archive_local,1 untracked source-workspace files (3448 bytes) omitted from the focused candidate; retained locally and not deleted,"No dependency found in the documented clean-clone closure; this grouped inventory is for review, not a purge instruction",,3448,not assessed; not copied or redistributed,original source workspace only; omitted from candidate Git
workspace-only/benchmark_v1/CODING_AGENT_HANDOFF.md,archive_local,1 untracked source-workspace files (29886 bytes) omitted from the focused candidate; retained locally and not deleted,"No dependency found in the documented clean-clone closure; this grouped inventory is for review, not a purge instruction",,29886,not assessed; not copied or redistributed,original source workspace only; omitted from candidate Git
workspace-only/benchmark_v1/CODING_AGENT_PROMPT.md,archive_local,1 untracked source-workspace files (2714 bytes) omitted from the focused candidate; retained locally and not deleted,"No dependency found in the documented clean-clone closure; this grouped inventory is for review, not a purge instruction",,2714,not assessed; not copied or redistributed,original source workspace only; omitted from candidate Git
workspace-only/benchmark_v1/COMPARABILITY_RELEASE_REVIEW_S8_20260926.md,archive_local,1 untracked source-workspace files (4141 bytes) omitted from the focused candidate; retained locally and not deleted,"No dependency found in the documented clean-clone closure; this grouped inventory is for review, not a purge instruction",,4141,not assessed; not copied or redistributed,original source workspace only; omitted from candidate Git
workspace-only/benchmark_v1/DATASET_AND_TARGET_CARDS.md,archive_local,1 untracked source-workspace files (8807 bytes) omitted from the focused candidate; retained locally and not deleted,"No dependency found in the documented clean-clone closure; this grouped inventory is for review, not a purge instruction",,8807,not assessed; not copied or redistributed,original source workspace only; omitted from candidate Git
workspace-only/benchmark_v1/ENVIRONMENT_SENSITIVITY_DECISION.md,archive_local,1 untracked source-workspace files (2055 bytes) omitted from the focused candidate; retained locally and not deleted,"No dependency found in the documented clean-clone closure; this grouped inventory is for review, not a purge instruction",,2055,not assessed; not copied or redistributed,original source workspace only; omitted from candidate Git
workspace-only/benchmark_v1/EXPERIMENT_SETUP.md,archive_local,1 untracked source-workspace files (10621 bytes) omitted from the focused candidate; retained locally and not deleted,"No dependency found in the documented clean-clone closure; this grouped inventory is for review, not a purge instruction",,10621,not assessed; not copied or redistributed,original source workspace only; omitted from candidate Git
workspace-only/benchmark_v1/EXTERNAL_SOURCE_BOUNDARIES.md,archive_local,1 untracked source-workspace files (1598 bytes) omitted from the focused candidate; retained locally and not deleted,"No dependency found in the documented clean-clone closure; this grouped inventory is for review, not a purge instruction",,1598,not assessed; not copied or redistributed,original source workspace only; omitted from candidate Git
workspace-only/benchmark_v1/MAESTRO_OOF_SELECTOR_PROTOCOL_V3.md,archive_local,1 untracked source-workspace files (2065 bytes) omitted from the focused candidate; retained locally and not deleted,"No dependency found in the documented clean-clone closure; this grouped inventory is for review, not a purge instruction",,2065,not assessed; not copied or redistributed,original source workspace only; omitted from candidate Git
workspace-only/benchmark_v1/MAESTRO_REIMPLEMENTATION_SPEC.md,archive_local,1 untracked source-workspace files (4702 bytes) omitted from the focused candidate; retained locally and not deleted,"No dependency found in the documented clean-clone closure; this grouped inventory is for review, not a purge instruction",,4702,not assessed; not copied or redistributed,original source workspace only; omitted from candidate Git
workspace-only/benchmark_v1/MALI_OOD_EXECUTION_CONTRACT_V1.md,archive_local,1 untracked source-workspace files (2504 bytes) omitted from the focused candidate; retained locally and not deleted,"No dependency found in the documented clean-clone closure; this grouped inventory is for review, not a purge instruction",,2504,not assessed; not copied or redistributed,original source workspace only; omitted from candidate Git
workspace-only/benchmark_v1/MASTER_UNIFIED_BENCHMARK_PLAN_V2.md,archive_local,1 untracked source-workspace files (27399 bytes) omitted from the focused candidate; retained locally and not deleted,"No dependency found in the documented clean-clone closure; this grouped inventory is for review, not a purge instruction",,27399,not assessed; not copied or redistributed,original source workspace only; omitted from candidate Git
workspace-only/benchmark_v1/MASTER_UNIFIED_BENCHMARK_RECOVERY_PLAN_V1.md,archive_local,1 untracked source-workspace files (18547 bytes) omitted from the focused candidate; retained locally and not deleted,"No dependency found in the documented clean-clone closure; this grouped inventory is for review, not a purge instruction",,18547,not assessed; not copied or redistributed,original source workspace only; omitted from candidate Git
workspace-only/benchmark_v1/METHOD_ELIGIBILITY_AUDIT.md,archive_local,1 untracked source-workspace files (3941 bytes) omitted from the focused candidate; retained locally and not deleted,"No dependency found in the documented clean-clone closure; this grouped inventory is for review, not a purge instruction",,3941,not assessed; not copied or redistributed,original source workspace only; omitted from candidate Git
workspace-only/benchmark_v1/METHOD_FIDELITY_MATRIX.md,archive_local,1 untracked source-workspace files (5110 bytes) omitted from the focused candidate; retained locally and not deleted,"No dependency found in the documented clean-clone closure; this grouped inventory is for review, not a purge instruction",,5110,not assessed; not copied or redistributed,original source workspace only; omitted from candidate Git
workspace-only/benchmark_v1/MPS_PROTOCOL_DECISION.md,archive_local,1 untracked source-workspace files (3438 bytes) omitted from the focused candidate; retained locally and not deleted,"No dependency found in the documented clean-clone closure; this grouped inventory is for review, not a purge instruction",,3438,not assessed; not copied or redistributed,original source workspace only; omitted from candidate Git
workspace-only/benchmark_v1/NEXT_STEPS.md,archive_local,1 untracked source-workspace files (5531 bytes) omitted from the focused candidate; retained locally and not deleted,"No dependency found in the documented clean-clone closure; this grouped inventory is for review, not a purge instruction",,5531,not assessed; not copied or redistributed,original source workspace only; omitted from candidate Git
workspace-only/benchmark_v1/PASQAL_S7_DECISION_V1.md,archive_local,1 untracked source-workspace files (1121 bytes) omitted from the focused candidate; retained locally and not deleted,"No dependency found in the documented clean-clone closure; this grouped inventory is for review, not a purge instruction",,1121,not assessed; not copied or redistributed,original source workspace only; omitted from candidate Git
workspace-only/benchmark_v1/POOLED_CORPUS_METHOD_MATRIX_DECISION.md,archive_local,1 untracked source-workspace files (6579 bytes) omitted from the focused candidate; retained locally and not deleted,"No dependency found in the documented clean-clone closure; this grouped inventory is for review, not a purge instruction",,6579,not assessed; not copied or redistributed,original source workspace only; omitted from candidate Git
workspace-only/benchmark_v1/QONDUCTOR_CALIBRATION_SOURCE_AUDIT.md,archive_local,1 untracked source-workspace files (4303 bytes) omitted from the focused candidate; retained locally and not deleted,"No dependency found in the documented clean-clone closure; this grouped inventory is for review, not a purge instruction",,4303,not assessed; not copied or redistributed,original source workspace only; omitted from candidate Git
workspace-only/benchmark_v1/REAL_QPU_BENCHMARK_CONTRACT_V1.md,archive_local,1 untracked source-workspace files (4822 bytes) omitted from the focused candidate; retained locally and not deleted,"No dependency found in the documented clean-clone closure; this grouped inventory is for review, not a purge instruction",,4822,not assessed; not copied or redistributed,original source workspace only; omitted from candidate Git
workspace-only/benchmark_v1/REAL_QPU_BENCHMARK_CONTRACT_V2.md,archive_local,1 untracked source-workspace files (1549 bytes) omitted from the focused candidate; retained locally and not deleted,"No dependency found in the documented clean-clone closure; this grouped inventory is for review, not a purge instruction",,1549,not assessed; not copied or redistributed,original source workspace only; omitted from candidate Git
workspace-only/benchmark_v1/REGISTRY_AUTHORITY.md,archive_local,1 untracked source-workspace files (1967 bytes) omitted from the focused candidate; retained locally and not deleted,"No dependency found in the documented clean-clone closure; this grouped inventory is for review, not a purge instruction",,1967,not assessed; not copied or redistributed,original source workspace only; omitted from candidate Git
workspace-only/benchmark_v1/RELATED_BENCHMARKS.md,archive_local,1 untracked source-workspace files (1873 bytes) omitted from the focused candidate; retained locally and not deleted,"No dependency found in the documented clean-clone closure; this grouped inventory is for review, not a purge instruction",,1873,not assessed; not copied or redistributed,original source workspace only; omitted from candidate Git
workspace-only/benchmark_v1/RELEASE_HYGIENE.md,archive_local,1 untracked source-workspace files (6743 bytes) omitted from the focused candidate; retained locally and not deleted,"No dependency found in the documented clean-clone closure; this grouped inventory is for review, not a purge instruction",,6743,not assessed; not copied or redistributed,original source workspace only; omitted from candidate Git
workspace-only/benchmark_v1/RELEASE_NOTES_V1.md,archive_local,1 untracked source-workspace files (2195 bytes) omitted from the focused candidate; retained locally and not deleted,"No dependency found in the documented clean-clone closure; this grouped inventory is for review, not a purge instruction",,2195,not assessed; not copied or redistributed,original source workspace only; omitted from candidate Git
workspace-only/benchmark_v1/REPO_FINALIZATION_PLAN.md,archive_local,1 untracked source-workspace files (96615 bytes) omitted from the focused candidate; retained locally and not deleted,"No dependency found in the documented clean-clone closure; this grouped inventory is for review, not a purge instruction",,96615,not assessed; not copied or redistributed,original source workspace only; omitted from candidate Git
workspace-only/benchmark_v1/REPRODUCIBILITY.md,archive_local,1 untracked source-workspace files (7574 bytes) omitted from the focused candidate; retained locally and not deleted,"No dependency found in the documented clean-clone closure; this grouped inventory is for review, not a purge instruction",,7574,not assessed; not copied or redistributed,original source workspace only; omitted from candidate Git
workspace-only/benchmark_v1/RESULTS_AND_FINDINGS.md,archive_local,1 untracked source-workspace files (7464 bytes) omitted from the focused candidate; retained locally and not deleted,"No dependency found in the documented clean-clone closure; this grouped inventory is for review, not a purge instruction",,7464,not assessed; not copied or redistributed,original source workspace only; omitted from candidate Git
workspace-only/benchmark_v1/RQPU_UNIFIED_ADAPTATION_EXECUTION_SPEC_V2.md,archive_local,1 untracked source-workspace files (1733 bytes) omitted from the focused candidate; retained locally and not deleted,"No dependency found in the documented clean-clone closure; this grouped inventory is for review, not a purge instruction",,1733,not assessed; not copied or redistributed,original source workspace only; omitted from candidate Git
workspace-only/benchmark_v1/S15_REAL_QPU_METHOD_MATRIX_DECISION_V2.md,archive_local,1 untracked source-workspace files (4352 bytes) omitted from the focused candidate; retained locally and not deleted,"No dependency found in the documented clean-clone closure; this grouped inventory is for review, not a purge instruction",,4352,not assessed; not copied or redistributed,original source workspace only; omitted from candidate Git
workspace-only/benchmark_v1/S16_COMMON_TABULAR_BASELINE_CONTRACT_V1.md,archive_local,1 untracked source-workspace files (3565 bytes) omitted from the focused candidate; retained locally and not deleted,"No dependency found in the documented clean-clone closure; this grouped inventory is for review, not a purge instruction",,3565,not assessed; not copied or redistributed,original source workspace only; omitted from candidate Git
workspace-only/benchmark_v1/S17_MAESTRO_C18_ADJUDICATION_V1.md,archive_local,1 untracked source-workspace files (2563 bytes) omitted from the focused candidate; retained locally and not deleted,"No dependency found in the documented clean-clone closure; this grouped inventory is for review, not a purge instruction",,2563,not assessed; not copied or redistributed,original source workspace only; omitted from candidate Git
workspace-only/benchmark_v1/S18_AGGREGATION_CONTRACT_V2.md,archive_local,1 untracked source-workspace files (4216 bytes) omitted from the focused candidate; retained locally and not deleted,"No dependency found in the documented clean-clone closure; this grouped inventory is for review, not a purge instruction",,4216,not assessed; not copied or redistributed,original source workspace only; omitted from candidate Git
workspace-only/benchmark_v1/S19_FINAL_COMPARABILITY_REVIEW_20260927.md,archive_local,1 untracked source-workspace files (3070 bytes) omitted from the focused candidate; retained locally and not deleted,"No dependency found in the documented clean-clone closure; this grouped inventory is for review, not a purge instruction",,3070,not assessed; not copied or redistributed,original source workspace only; omitted from candidate Git
workspace-only/benchmark_v1/S19_FINAL_COMPARABILITY_REVIEW_V2_20260927.md,archive_local,1 untracked source-workspace files (3301 bytes) omitted from the focused candidate; retained locally and not deleted,"No dependency found in the documented clean-clone closure; this grouped inventory is for review, not a purge instruction",,3301,not assessed; not copied or redistributed,original source workspace only; omitted from candidate Git
workspace-only/benchmark_v1/S20_C17_NUMERIC_FORENSIC_AUDIT_20260927.md,archive_local,1 untracked source-workspace files (2947 bytes) omitted from the focused candidate; retained locally and not deleted,"No dependency found in the documented clean-clone closure; this grouped inventory is for review, not a purge instruction",,2947,not assessed; not copied or redistributed,original source workspace only; omitted from candidate Git
workspace-only/benchmark_v1/S21_FINAL_SCORECARD_SCHEMA_V1.md,archive_local,1 untracked source-workspace files (3582 bytes) omitted from the focused candidate; retained locally and not deleted,"No dependency found in the documented clean-clone closure; this grouped inventory is for review, not a purge instruction",,3582,not assessed; not copied or redistributed,original source workspace only; omitted from candidate Git
workspace-only/benchmark_v1/S22_SIMULATOR_EVIDENCE_ADJUDICATION_20260927.md,archive_local,1 untracked source-workspace files (2308 bytes) omitted from the focused candidate; retained locally and not deleted,"No dependency found in the documented clean-clone closure; this grouped inventory is for review, not a purge instruction",,2308,not assessed; not copied or redistributed,original source workspace only; omitted from candidate Git
workspace-only/benchmark_v1/S23_METHODOLOGY_AUDIT_20260927.md,archive_local,1 untracked source-workspace files (4579 bytes) omitted from the focused candidate; retained locally and not deleted,"No dependency found in the documented clean-clone closure; this grouped inventory is for review, not a purge instruction",,4579,not assessed; not copied or redistributed,original source workspace only; omitted from candidate Git
workspace-only/benchmark_v1/S25_S30_STRONG_AGENT_DECISIONS_20260927.md,archive_local,1 untracked source-workspace files (4435 bytes) omitted from the focused candidate; retained locally and not deleted,"No dependency found in the documented clean-clone closure; this grouped inventory is for review, not a purge instruction",,4435,not assessed; not copied or redistributed,original source workspace only; omitted from candidate Git
workspace-only/benchmark_v1/S30_EXECUTION_COVERAGE_DECISION_V1_20260927.md,archive_local,1 untracked source-workspace files (2893 bytes) omitted from the focused candidate; retained locally and not deleted,"No dependency found in the documented clean-clone closure; this grouped inventory is for review, not a purge instruction",,2893,not assessed; not copied or redistributed,original source workspace only; omitted from candidate Git
workspace-only/benchmark_v1/S31_COMPATIBILITY_SCORECARD_CONTRACT_V2_20260927.md,archive_local,1 untracked source-workspace files (2115 bytes) omitted from the focused candidate; retained locally and not deleted,"No dependency found in the documented clean-clone closure; this grouped inventory is for review, not a purge instruction",,2115,not assessed; not copied or redistributed,original source workspace only; omitted from candidate Git
workspace-only/benchmark_v1/S32_S37_FINAL_BENCHMARK_RELEASE_GATE_V1_20260927.md,archive_local,1 untracked source-workspace files (16192 bytes) omitted from the focused candidate; retained locally and not deleted,"No dependency found in the documented clean-clone closure; this grouped inventory is for review, not a purge instruction",,16192,not assessed; not copied or redistributed,original source workspace only; omitted from candidate Git
workspace-only/benchmark_v1/S38_C61_REMAINING_BENCHMARK_EXECUTION_PLAN_V1_20260928.md,archive_local,1 untracked source-workspace files (11303 bytes) omitted from the focused candidate; retained locally and not deleted,"No dependency found in the documented clean-clone closure; this grouped inventory is for review, not a purge instruction",,11303,not assessed; not copied or redistributed,original source workspace only; omitted from candidate Git
workspace-only/benchmark_v1/S38_SIMULATOR_ENVIRONMENT_AND_SCHEMA_LOCK_V1_20260928.md,archive_local,1 untracked source-workspace files (3261 bytes) omitted from the focused candidate; retained locally and not deleted,"No dependency found in the documented clean-clone closure; this grouped inventory is for review, not a purge instruction",,3261,not assessed; not copied or redistributed,original source workspace only; omitted from candidate Git
workspace-only/benchmark_v1/S39_C54_STRUCTURAL_EXECUTION_ADDENDUM_V1_20260928.md,archive_local,1 untracked source-workspace files (3743 bytes) omitted from the focused candidate; retained locally and not deleted,"No dependency found in the documented clean-clone closure; this grouped inventory is for review, not a purge instruction",,3743,not assessed; not copied or redistributed,original source workspace only; omitted from candidate Git
workspace-only/benchmark_v1/S39_STRUCTURAL_DAG_SCOPE_LOCK_V1_20260928.md,archive_local,1 untracked source-workspace files (3246 bytes) omitted from the focused candidate; retained locally and not deleted,"No dependency found in the documented clean-clone closure; this grouped inventory is for review, not a purge instruction",,3246,not assessed; not copied or redistributed,original source workspace only; omitted from candidate Git
workspace-only/benchmark_v1/S43_S44_FINAL_INGRESS_CONTRACT_V1_20260928.md,archive_local,1 untracked source-workspace files (3369 bytes) omitted from the focused candidate; retained locally and not deleted,"No dependency found in the documented clean-clone closure; this grouped inventory is for review, not a purge instruction",,3369,not assessed; not copied or redistributed,original source workspace only; omitted from candidate Git
workspace-only/benchmark_v1/S45_BENCHMARK_COMPARISON_CONTRACT_V3.md,archive_local,1 untracked source-workspace files (8362 bytes) omitted from the focused candidate; retained locally and not deleted,"No dependency found in the documented clean-clone closure; this grouped inventory is for review, not a purge instruction",,8362,not assessed; not copied or redistributed,original source workspace only; omitted from candidate Git
workspace-only/benchmark_v1/S46_CANONICAL_OBSERVATION_IDENTITY_V1.md,archive_local,1 untracked source-workspace files (3832 bytes) omitted from the focused candidate; retained locally and not deleted,"No dependency found in the documented clean-clone closure; this grouped inventory is for review, not a purge instruction",,3832,not assessed; not copied or redistributed,original source workspace only; omitted from candidate Git
workspace-only/benchmark_v1/S47_REUSE_AND_RERUN_ADJUDICATION_V1.md,archive_local,1 untracked source-workspace files (4954 bytes) omitted from the focused candidate; retained locally and not deleted,"No dependency found in the documented clean-clone closure; this grouped inventory is for review, not a purge instruction",,4954,not assessed; not copied or redistributed,original source workspace only; omitted from candidate Git
workspace-only/benchmark_v1/S48_CANONICAL_METHOD_AND_DOMAIN_ONTOLOGY_V1.md,archive_local,1 untracked source-workspace files (3025 bytes) omitted from the focused candidate; retained locally and not deleted,"No dependency found in the documented clean-clone closure; this grouped inventory is for review, not a purge instruction",,3025,not assessed; not copied or redistributed,original source workspace only; omitted from candidate Git
workspace-only/benchmark_v1/S49_PAIRED_COMPARISON_STATISTICS_CONTRACT_V1.md,archive_local,1 untracked source-workspace files (4470 bytes) omitted from the focused candidate; retained locally and not deleted,"No dependency found in the documented clean-clone closure; this grouped inventory is for review, not a purge instruction",,4470,not assessed; not copied or redistributed,original source workspace only; omitted from candidate Git
workspace-only/benchmark_v1/S50_SIMULATOR_ADJUDICATION_V2.md,archive_local,1 untracked source-workspace files (4475 bytes) omitted from the focused candidate; retained locally and not deleted,"No dependency found in the documented clean-clone closure; this grouped inventory is for review, not a purge instruction",,4475,not assessed; not copied or redistributed,original source workspace only; omitted from candidate Git
workspace-only/benchmark_v1/S51_MALI_OOD_ASSIGNMENT_ADJUDICATION_V1.md,archive_local,1 untracked source-workspace files (1905 bytes) omitted from the focused candidate; retained locally and not deleted,"No dependency found in the documented clean-clone closure; this grouped inventory is for review, not a purge instruction",,1905,not assessed; not copied or redistributed,original source workspace only; omitted from candidate Git
workspace-only/benchmark_v1/S52_V5_SCORECARD_MATERIALIZATION_DECISION_V1.md,archive_local,1 untracked source-workspace files (5779 bytes) omitted from the focused candidate; retained locally and not deleted,"No dependency found in the documented clean-clone closure; this grouped inventory is for review, not a purge instruction",,5779,not assessed; not copied or redistributed,original source workspace only; omitted from candidate Git
workspace-only/benchmark_v1/S53_PHASE3_ARCHIVED_QPU_ADJUDICATION_V1.md,archive_local,1 untracked source-workspace files (4163 bytes) omitted from the focused candidate; retained locally and not deleted,"No dependency found in the documented clean-clone closure; this grouped inventory is for review, not a purge instruction",,4163,not assessed; not copied or redistributed,original source workspace only; omitted from candidate Git
workspace-only/benchmark_v1/S54_V5_COMPLETENESS_AND_REVIEW_AUTHORITY_GATE_V1.md,archive_local,1 untracked source-workspace files (3624 bytes) omitted from the focused candidate; retained locally and not deleted,"No dependency found in the documented clean-clone closure; this grouped inventory is for review, not a purge instruction",,3624,not assessed; not copied or redistributed,original source workspace only; omitted from candidate Git
workspace-only/benchmark_v1/S55_V5_REVIEW_AUTHORITY_DECISION_V1.md,archive_local,1 untracked source-workspace files (3715 bytes) omitted from the focused candidate; retained locally and not deleted,"No dependency found in the documented clean-clone closure; this grouped inventory is for review, not a purge instruction",,3715,not assessed; not copied or redistributed,original source workspace only; omitted from candidate Git
workspace-only/benchmark_v1/S57_PUBLIC_STAGING_TRANSFORMATION_CONTRACT_V1.md,archive_local,1 untracked source-workspace files (1763 bytes) omitted from the focused candidate; retained locally and not deleted,"No dependency found in the documented clean-clone closure; this grouped inventory is for review, not a purge instruction",,1763,not assessed; not copied or redistributed,original source workspace only; omitted from candidate Git
workspace-only/benchmark_v1/S58_REPRESENTATION_AUTHORITY_V2_20260929.md,archive_local,1 untracked source-workspace files (4780 bytes) omitted from the focused candidate; retained locally and not deleted,"No dependency found in the documented clean-clone closure; this grouped inventory is for review, not a purge instruction",,4780,not assessed; not copied or redistributed,original source workspace only; omitted from candidate Git
workspace-only/benchmark_v1/S59_UNIFIED_SPLIT_DECISION_V2_20260929.md,archive_local,1 untracked source-workspace files (4328 bytes) omitted from the focused candidate; retained locally and not deleted,"No dependency found in the documented clean-clone closure; this grouped inventory is for review, not a purge instruction",,4328,not assessed; not copied or redistributed,original source workspace only; omitted from candidate Git
workspace-only/benchmark_v1/S60_ANALYTICAL_METHODS_DECISION_V2.md,archive_local,1 untracked source-workspace files (4067 bytes) omitted from the focused candidate; retained locally and not deleted,"No dependency found in the documented clean-clone closure; this grouped inventory is for review, not a purge instruction",,4067,not assessed; not copied or redistributed,original source workspace only; omitted from candidate Git
workspace-only/benchmark_v1/S61_SIMULATOR_PREDICTOR_CELLS_DECISION_V2.md,archive_local,1 untracked source-workspace files (2742 bytes) omitted from the focused candidate; retained locally and not deleted,"No dependency found in the documented clean-clone closure; this grouped inventory is for review, not a purge instruction",,2742,not assessed; not copied or redistributed,original source workspace only; omitted from candidate Git
workspace-only/benchmark_v1/S62_UNIFIED_METHOD_DATASET_MATRIX_DECISION_V2.md,archive_local,1 untracked source-workspace files (3277 bytes) omitted from the focused candidate; retained locally and not deleted,"No dependency found in the documented clean-clone closure; this grouped inventory is for review, not a purge instruction",,3277,not assessed; not copied or redistributed,original source workspace only; omitted from candidate Git
workspace-only/benchmark_v1/S63_GATE_A_REVIEW_20260929.md,archive_local,1 untracked source-workspace files (2360 bytes) omitted from the focused candidate; retained locally and not deleted,"No dependency found in the documented clean-clone closure; this grouped inventory is for review, not a purge instruction",,2360,not assessed; not copied or redistributed,original source workspace only; omitted from candidate Git
workspace-only/benchmark_v1/SIMULATOR_METHOD_CORRECTIONS.md,archive_local,1 untracked source-workspace files (2675 bytes) omitted from the focused candidate; retained locally and not deleted,"No dependency found in the documented clean-clone closure; this grouped inventory is for review, not a purge instruction",,2675,not assessed; not copied or redistributed,original source workspace only; omitted from candidate Git
workspace-only/benchmark_v1/SIM_COMMON_Q16_EXECUTION_PROTOCOL_V1.md,archive_local,1 untracked source-workspace files (3997 bytes) omitted from the focused candidate; retained locally and not deleted,"No dependency found in the documented clean-clone closure; this grouped inventory is for review, not a purge instruction",,3997,not assessed; not copied or redistributed,original source workspace only; omitted from candidate Git
workspace-only/benchmark_v1/SPLIT_AUDIT.md,archive_local,1 untracked source-workspace files (3429 bytes) omitted from the focused candidate; retained locally and not deleted,"No dependency found in the documented clean-clone closure; this grouped inventory is for review, not a purge instruction",,3429,not assessed; not copied or redistributed,original source workspace only; omitted from candidate Git
workspace-only/benchmark_v1/STRONG_AGENT_S15_S18_COMPLETION_20260926.md,archive_local,1 untracked source-workspace files (1419 bytes) omitted from the focused candidate; retained locally and not deleted,"No dependency found in the documented clean-clone closure; this grouped inventory is for review, not a purge instruction",,1419,not assessed; not copied or redistributed,original source workspace only; omitted from candidate Git
workspace-only/benchmark_v1/STRONG_AGENT_S9_S14_COMPLETION_20260926.md,archive_local,1 untracked source-workspace files (2157 bytes) omitted from the focused candidate; retained locally and not deleted,"No dependency found in the documented clean-clone closure; this grouped inventory is for review, not a purge instruction",,2157,not assessed; not copied or redistributed,original source workspace only; omitted from candidate Git
workspace-only/benchmark_v1/STRONG_TASKS_RELEASE_GATE_V1.md,archive_local,1 untracked source-workspace files (5194 bytes) omitted from the focused candidate; retained locally and not deleted,"No dependency found in the documented clean-clone closure; this grouped inventory is for review, not a purge instruction",,5194,not assessed; not copied or redistributed,original source workspace only; omitted from candidate Git
workspace-only/benchmark_v1/THREATS_TO_VALIDITY.md,archive_local,1 untracked source-workspace files (5348 bytes) omitted from the focused candidate; retained locally and not deleted,"No dependency found in the documented clean-clone closure; this grouped inventory is for review, not a purge instruction",,5348,not assessed; not copied or redistributed,original source workspace only; omitted from candidate Git
workspace-only/benchmark_v1/WAVE4_CONTROL_FLOW_CONTRACT_COMPLETION_20260930.md,archive_local,1 untracked source-workspace files (3895 bytes) omitted from the focused candidate; retained locally and not deleted,"No dependency found in the documented clean-clone closure; this grouped inventory is for review, not a purge instruction",,3895,not assessed; not copied or redistributed,original source workspace only; omitted from candidate Git
workspace-only/benchmark_v1/WAVE5_CHEAP_WORKER_STATUS_20260929.md,archive_local,1 untracked source-workspace files (1196 bytes) omitted from the focused candidate; retained locally and not deleted,"No dependency found in the documented clean-clone closure; this grouped inventory is for review, not a purge instruction",,1196,not assessed; not copied or redistributed,original source workspace only; omitted from candidate Git
workspace-only/benchmark_v1/WAVE_C138_C153_COMPLETION_20260930.md,archive_local,1 untracked source-workspace files (3634 bytes) omitted from the focused candidate; retained locally and not deleted,"No dependency found in the documented clean-clone closure; this grouped inventory is for review, not a purge instruction",,3634,not assessed; not copied or redistributed,original source workspace only; omitted from candidate Git
workspace-only/benchmark_v1/decisions,archive_local,35 untracked source-workspace files (184608 bytes) omitted from the focused candidate; retained locally and not deleted,"No dependency found in the documented clean-clone closure; this grouped inventory is for review, not a purge instruction",,184608,not assessed; not copied or redistributed,original source workspace only; omitted from candidate Git
workspace-only/benchmark_v1/execution,archive_local,42 untracked source-workspace files (158515 bytes) omitted from the focused candidate; retained locally and not deleted,"No dependency found in the documented clean-clone closure; this grouped inventory is for review, not a purge instruction",,158515,not assessed; not copied or redistributed,original source workspace only; omitted from candidate Git
workspace-only/benchmark_v1/fixtures,archive_local,205 untracked source-workspace files (793749 bytes) omitted from the focused candidate; retained locally and not deleted,"No dependency found in the documented clean-clone closure; this grouped inventory is for review, not a purge instruction",,793749,not assessed; not copied or redistributed,original source workspace only; omitted from candidate Git
workspace-only/benchmark_v1/operations,archive_local,1 untracked source-workspace files (1060 bytes) omitted from the focused candidate; retained locally and not deleted,"No dependency found in the documented clean-clone closure; this grouped inventory is for review, not a purge instruction",,1060,not assessed; not copied or redistributed,original source workspace only; omitted from candidate Git
workspace-only/benchmark_v1/protocol,archive_local,56 untracked source-workspace files (169326 bytes) omitted from the focused candidate; retained locally and not deleted,"No dependency found in the documented clean-clone closure; this grouped inventory is for review, not a purge instruction",,169326,not assessed; not copied or redistributed,original source workspace only; omitted from candidate Git
workspace-only/benchmark_v1/qre_benchmark,archive_local,5 untracked source-workspace files (76057 bytes) omitted from the focused candidate; retained locally and not deleted,"No dependency found in the documented clean-clone closure; this grouped inventory is for review, not a purge instruction",,76057,not assessed; not copied or redistributed,original source workspace only; omitted from candidate Git
workspace-only/benchmark_v1/registry,archive_local,15 untracked source-workspace files (69143 bytes) omitted from the focused candidate; retained locally and not deleted,"No dependency found in the documented clean-clone closure; this grouped inventory is for review, not a purge instruction",,69143,not assessed; not copied or redistributed,original source workspace only; omitted from candidate Git
workspace-only/benchmark_v1/requirements-evaluation.txt,archive_local,1 untracked source-workspace files (177 bytes) omitted from the focused candidate; retained locally and not deleted,"No dependency found in the documented clean-clone closure; this grouped inventory is for review, not a purge instruction",,177,not assessed; not copied or redistributed,original source workspace only; omitted from candidate Git
workspace-only/benchmark_v1/schemas,archive_local,4 untracked source-workspace files (6185 bytes) omitted from the focused candidate; retained locally and not deleted,"No dependency found in the documented clean-clone closure; this grouped inventory is for review, not a purge instruction",,6185,not assessed; not copied or redistributed,original source workspace only; omitted from candidate Git
workspace-only/benchmark_v1/scripts,archive_local,230 untracked source-workspace files (2759435 bytes) omitted from the focused candidate; retained locally and not deleted,"No dependency found in the documented clean-clone closure; this grouped inventory is for review, not a purge instruction",,2759435,not assessed; not copied or redistributed,original source workspace only; omitted from candidate Git
workspace-only/benchmark_v1/splits,archive_local,7 untracked source-workspace files (3565251 bytes) omitted from the focused candidate; retained locally and not deleted,"No dependency found in the documented clean-clone closure; this grouped inventory is for review, not a purge instruction",,3565251,not assessed; not copied or redistributed,original source workspace only; omitted from candidate Git
workspace-only/benchmark_v1/tests,archive_local,62 untracked source-workspace files (409200 bytes) omitted from the focused candidate; retained locally and not deleted,"No dependency found in the documented clean-clone closure; this grouped inventory is for review, not a purge instruction",,409200,not assessed; not copied or redistributed,original source workspace only; omitted from candidate Git
workspace-only/docs/REPOSITORY_RELEASE_PLAN.md,archive_local,1 untracked source-workspace files (17513 bytes) omitted from the focused candidate; retained locally and not deleted,"No dependency found in the documented clean-clone closure; this grouped inventory is for review, not a purge instruction",,17513,not assessed; not copied or redistributed,original source workspace only; omitted from candidate Git
workspace-only/experiments/cudaq_runtime,archive_local,2 untracked source-workspace files (21693 bytes) omitted from the focused candidate; retained locally and not deleted,"No dependency found in the documented clean-clone closure; this grouped inventory is for review, not a purge instruction",,21693,not assessed; not copied or redistributed,original source workspace only; omitted from candidate Git
workspace-only/experiments/paired_simulator_v1,archive_local,8 untracked source-workspace files (43889 bytes) omitted from the focused candidate; retained locally and not deleted,"No dependency found in the documented clean-clone closure; this grouped inventory is for review, not a purge instruction",,43889,not assessed; not copied or redistributed,original source workspace only; omitted from candidate Git
workspace-only/scripts/benchmark.py,archive_local,1 untracked source-workspace files (27125 bytes) omitted from the focused candidate; retained locally and not deleted,"No dependency found in the documented clean-clone closure; this grouped inventory is for review, not a purge instruction",,27125,not assessed; not copied or redistributed,original source workspace only; omitted from candidate Git
workspace-only/tracks/cutensornet,archive_local,6 untracked source-workspace files (83780 bytes) omitted from the focused candidate; retained locally and not deleted,"No dependency found in the documented clean-clone closure; this grouped inventory is for review, not a purge instruction",,83780,not assessed; not copied or redistributed,original source workspace only; omitted from candidate Git
workspace-only/tracks/pasqal_emu_mps,archive_local,1 untracked source-workspace files (2561 bytes) omitted from the focused candidate; retained locally and not deleted,"No dependency found in the documented clean-clone closure; this grouped inventory is for review, not a purge instruction",,2561,not assessed; not copied or redistributed,original source workspace only; omitted from candidate Git
workspace-only/work_archived_recheck.pGPWhX/mali_per_fold.csv,archive_local,1 untracked source-workspace files (24187 bytes) omitted from the focused candidate; retained locally and not deleted,"No dependency found in the documented clean-clone closure; this grouped inventory is for review, not a purge instruction",,24187,not assessed; not copied or redistributed,original source workspace only; omitted from candidate Git
workspace-only/work_archived_recheck.pGPWhX/mali_predictions.csv,archive_local,1 untracked source-workspace files (1274236 bytes) omitted from the focused candidate; retained locally and not deleted,"No dependency found in the documented clean-clone closure; this grouped inventory is for review, not a purge instruction",,1274236,not assessed; not copied or redistributed,original source workspace only; omitted from candidate Git
workspace-only/work_archived_recheck.pGPWhX/mali_strict_backend_metrics.csv,archive_local,1 untracked source-workspace files (1589 bytes) omitted from the focused candidate; retained locally and not deleted,"No dependency found in the documented clean-clone closure; this grouped inventory is for review, not a purge instruction",,1589,not assessed; not copied or redistributed,original source workspace only; omitted from candidate Git
workspace-only/work_archived_recheck.pGPWhX/mali_summary.csv,archive_local,1 untracked source-workspace files (4677 bytes) omitted from the focused candidate; retained locally and not deleted,"No dependency found in the documented clean-clone closure; this grouped inventory is for review, not a purge instruction",,4677,not assessed; not copied or redistributed,original source workspace only; omitted from candidate Git
workspace-only/work_archived_recheck.pGPWhX/manifest.stdout.json,archive_local,1 untracked source-workspace files (1839 bytes) omitted from the focused candidate; retained locally and not deleted,"No dependency found in the documented clean-clone closure; this grouped inventory is for review, not a purge instruction",,1839,not assessed; not copied or redistributed,original source workspace only; omitted from candidate Git
workspace-only/work_archived_recheck.pGPWhX/qonductor_predictions.csv,archive_local,1 untracked source-workspace files (3330722 bytes) omitted from the focused candidate; retained locally and not deleted,"No dependency found in the documented clean-clone closure; this grouped inventory is for review, not a purge instruction",,3330722,not assessed; not copied or redistributed,original source workspace only; omitted from candidate Git
workspace-only/work_archived_recheck.pGPWhX/qonductor_summary.csv,archive_local,1 untracked source-workspace files (6445 bytes) omitted from the focused candidate; retained locally and not deleted,"No dependency found in the documented clean-clone closure; this grouped inventory is for review, not a purge instruction",,6445,not assessed; not copied or redistributed,original source workspace only; omitted from candidate Git
workspace-only/work_archived_recheck.pGPWhX/run_manifest.json,archive_local,1 untracked source-workspace files (1839 bytes) omitted from the focused candidate; retained locally and not deleted,"No dependency found in the documented clean-clone closure; this grouped inventory is for review, not a purge instruction",,1839,not assessed; not copied or redistributed,original source workspace only; omitted from candidate Git
scripts/materialize_csv_parts.py,include,Lossless row-aligned CSV transport and restore validation,Fresh Git clone; restore original CSVs before benchmark verification,85b0ba8379604d873f2c3d9378ca7b92d37859d992eef5c49b9cdcf5f75180eb,6558,review-branch publication requested by author 2026-10-02; no new license grant; complete external source archives excluded,Git on benchmark-review; no Git LFS; not a tagged final release
benchmark_v1/tests/test_csv_parts.py,include,Lossless row-aligned CSV transport and restore validation,Fresh Git clone; restore original CSVs before benchmark verification,7d5f95f604fbb12af1e893d71b6cbb2a81824c4a4f99b3162769afe2792577a5,2129,review-branch publication requested by author 2026-10-02; no new license grant; complete external source archives excluded,Git on benchmark-review; no Git LFS; not a tagged final release
artifacts/benchmark_v3/real_qpu/csv_parts_manifest.json,include,Lossless row-aligned CSV transport and restore validation,Fresh Git clone; restore original CSVs before benchmark verification,8c056e8c5aae1590934a31563b80510f17aa5a68427d841de9b94ef11d689c24,3852,review-branch publication requested by author 2026-10-02; no new license grant; complete external source archives excluded,Git on benchmark-review; no Git LFS; not a tagged final release
artifacts/benchmark_v3/real_qpu/unified_method_comparisons_v2/attempts.csv.parts/part-001.csv,include,Lossless row-aligned CSV transport and restore validation,Fresh Git clone; restore original CSVs before benchmark verification,24fc13c4d7225a8bc3128028d18c91ac6388dce8c4f6f0b1d1c0592f49c1bffb,50331316,review-branch publication requested by author 2026-10-02; no new license grant; complete external source archives excluded,Git on benchmark-review; no Git LFS; not a tagged final release
artifacts/benchmark_v3/real_qpu/unified_method_comparisons_v2/attempts.csv.parts/part-002.csv,include,Lossless row-aligned CSV transport and restore validation,Fresh Git clone; restore original CSVs before benchmark verification,e6423b8c82bdf0c4979fb88d20fc4c451a5d1bd802cf83ab8aaf7fe44a076c02,50331015,review-branch publication requested by author 2026-10-02; no new license grant; complete external source archives excluded,Git on benchmark-review; no Git LFS; not a tagged final release
artifacts/benchmark_v3/real_qpu/unified_method_comparisons_v2/attempts.csv.parts/part-003.csv,include,Lossless row-aligned CSV transport and restore validation,Fresh Git clone; restore original CSVs before benchmark verification,9a10177e1dc5167dbce8669cefc3d2702fefb23acd21f035f2842e02afad20d8,50330817,review-branch publication requested by author 2026-10-02; no new license grant; complete external source archives excluded,Git on benchmark-review; no Git LFS; not a tagged final release
artifacts/benchmark_v3/real_qpu/unified_method_comparisons_v2/attempts.csv.parts/part-004.csv,include,Lossless row-aligned CSV transport and restore validation,Fresh Git clone; restore original CSVs before benchmark verification,cdb0e96481f716ab1c877447bf53ee77bbb49b327e05140e1f32eea84767a8fb,15745398,review-branch publication requested by author 2026-10-02; no new license grant; complete external source archives excluded,Git on benchmark-review; no Git LFS; not a tagged final release
artifacts/benchmark_v3/real_qpu/hyb_hanas_bounded_repair_v1_20261001/merged_analytical_attempts_for_c4.csv.parts/part-001.csv,include,Lossless row-aligned CSV transport and restore validation,Fresh Git clone; restore original CSVs before benchmark verification,ca770eb367f0da6750709f4bd0529fd3c48ee4a97244c77a8828473222de4c15,50331427,review-branch publication requested by author 2026-10-02; no new license grant; complete external source archives excluded,Git on benchmark-review; no Git LFS; not a tagged final release
artifacts/benchmark_v3/real_qpu/hyb_hanas_bounded_repair_v1_20261001/merged_analytical_attempts_for_c4.csv.parts/part-002.csv,include,Lossless row-aligned CSV transport and restore validation,Fresh Git clone; restore original CSVs before benchmark verification,0802905918a4082fed6572046b2569b14f9da8a667f4b64e7f3e546476d2bb82,50331584,review-branch publication requested by author 2026-10-02; no new license grant; complete external source archives excluded,Git on benchmark-review; no Git LFS; not a tagged final release
artifacts/benchmark_v3/real_qpu/hyb_hanas_bounded_repair_v1_20261001/merged_analytical_attempts_for_c4.csv.parts/part-003.csv,include,Lossless row-aligned CSV transport and restore validation,Fresh Git clone; restore original CSVs before benchmark verification,795c31a73dc2d7d80bc39c31ab7d9942083733c845fb0ebdd7841d1e65f219b0,3409061,review-branch publication requested by author 2026-10-02; no new license grant; complete external source archives excluded,Git on benchmark-review; no Git LFS; not a tagged final release
artifacts/benchmark_v3/real_qpu/archived_analytical_wave_v3_20260930/attempts.csv.parts/part-001.csv,include,Lossless row-aligned CSV transport and restore validation,Fresh Git clone; restore original CSVs before benchmark verification,f9d9507f7526e431f05f09c4a48637448d1269b80513265c34178f4df8c20c00,50331232,review-branch publication requested by author 2026-10-02; no new license grant; complete external source archives excluded,Git on benchmark-review; no Git LFS; not a tagged final release
artifacts/benchmark_v3/real_qpu/archived_analytical_wave_v3_20260930/attempts.csv.parts/part-002.csv,include,Lossless row-aligned CSV transport and restore validation,Fresh Git clone; restore original CSVs before benchmark verification,3a1aed7573a1724d5fbdf131eef76edb6cd2893aa23eec78b1b8a5adbe1a62ac,36653370,review-branch publication requested by author 2026-10-02; no new license grant; complete external source archives excluded,Git on benchmark-review; no Git LFS; not a tagged final release
